ISO-10303-21;
HEADER;
/* Generated by software containing ST-Developer
 * from STEP Tools, Inc. (www.steptools.com) 
 */
/* OPTION: using custom renumber hook */

FILE_DESCRIPTION(
/* description */ ('STEP AP242',
'CAx-IF Rec.Pracs.---Representation and Presentation of Product Manufa
cturing Information (PMI)---4.0---2014-10-13',
'CAx-IF Rec.Pracs.---3D Tessellated Geometry---0.4---2014-09-14','2;1',
'CAx-IF Rec.Pracs.---User Defined Attributes---1.5---2016-08-15'),
/* implementation_level */ '2;1');

FILE_NAME(
/* name */ '6917d2bab98f94d7576a14fb',
/* time_stamp */ '2025-11-15T01:09:15Z',
/* author */ (''),
/* organization */ (''),
/* preprocessor_version */ 'ST-DEVELOPER v20',
/* originating_system */ 'ONSHAPE BY PTC INC, 1.206',
/* authorisation */ '  ');

FILE_SCHEMA (('AP242_MANAGED_MODEL_BASED_3D_ENGINEERING_MIM_LF { 1 0 10303 442 1 1 4 }'));
ENDSEC;

DATA;
#10=SHAPE_REPRESENTATION_RELATIONSHIP('','',#2701,#11);
#11=ADVANCED_BREP_SHAPE_REPRESENTATION('',(#2699),#4618);
#12=CYLINDRICAL_SURFACE('',#2712,0.00275);
#13=CYLINDRICAL_SURFACE('',#2716,0.00275);
#14=CYLINDRICAL_SURFACE('',#2720,0.00275);
#15=CYLINDRICAL_SURFACE('',#2724,0.00275);
#16=CYLINDRICAL_SURFACE('',#2728,0.00275);
#17=CYLINDRICAL_SURFACE('',#2732,0.00275);
#18=CYLINDRICAL_SURFACE('',#2736,0.00275);
#19=CYLINDRICAL_SURFACE('',#2740,0.00275);
#20=CYLINDRICAL_SURFACE('',#2744,0.00275);
#21=CYLINDRICAL_SURFACE('',#2748,0.00275);
#22=CYLINDRICAL_SURFACE('',#2752,0.00275);
#23=CYLINDRICAL_SURFACE('',#2757,0.00275);
#24=CYLINDRICAL_SURFACE('',#2761,0.00275);
#25=CYLINDRICAL_SURFACE('',#2765,0.00275);
#26=CYLINDRICAL_SURFACE('',#2769,0.00275);
#27=CYLINDRICAL_SURFACE('',#2773,0.00275);
#28=CYLINDRICAL_SURFACE('',#2777,0.00275);
#29=CYLINDRICAL_SURFACE('',#2781,0.00275);
#30=CYLINDRICAL_SURFACE('',#2785,0.00275);
#31=CYLINDRICAL_SURFACE('',#2789,0.00275);
#32=CYLINDRICAL_SURFACE('',#2793,0.00275);
#33=CYLINDRICAL_SURFACE('',#2797,0.00275);
#34=CYLINDRICAL_SURFACE('',#2801,0.0125);
#35=CYLINDRICAL_SURFACE('',#2803,0.0125);
#36=CYLINDRICAL_SURFACE('',#2805,0.0125);
#37=CYLINDRICAL_SURFACE('',#2807,0.02);
#38=CYLINDRICAL_SURFACE('',#2809,0.0125);
#39=CYLINDRICAL_SURFACE('',#2812,0.0125);
#40=CYLINDRICAL_SURFACE('',#2871,0.00275);
#41=CYLINDRICAL_SURFACE('',#2874,0.00275);
#42=CYLINDRICAL_SURFACE('',#2877,0.00275);
#43=CYLINDRICAL_SURFACE('',#2880,0.00275);
#44=CYLINDRICAL_SURFACE('',#2883,0.00275);
#45=CYLINDRICAL_SURFACE('',#2886,0.00275);
#46=CYLINDRICAL_SURFACE('',#2889,0.00275);
#47=CYLINDRICAL_SURFACE('',#2892,0.00275);
#48=CYLINDRICAL_SURFACE('',#2895,0.00275);
#49=CYLINDRICAL_SURFACE('',#2898,0.00275);
#50=CYLINDRICAL_SURFACE('',#2901,0.00275);
#51=CYLINDRICAL_SURFACE('',#2904,0.00275);
#52=CYLINDRICAL_SURFACE('',#2907,0.00275);
#53=CYLINDRICAL_SURFACE('',#2910,0.00275);
#54=CYLINDRICAL_SURFACE('',#2913,0.00275);
#55=CYLINDRICAL_SURFACE('',#2916,0.00275);
#56=CYLINDRICAL_SURFACE('',#2919,0.00275);
#57=CYLINDRICAL_SURFACE('',#2922,0.00275);
#58=CYLINDRICAL_SURFACE('',#2926,0.00275);
#59=CYLINDRICAL_SURFACE('',#2929,0.00275);
#60=CYLINDRICAL_SURFACE('',#2932,0.00275);
#61=CYLINDRICAL_SURFACE('',#2935,0.00275);
#62=CYLINDRICAL_SURFACE('',#2938,0.00275);
#63=CYLINDRICAL_SURFACE('',#2949,0.00275);
#64=CYLINDRICAL_SURFACE('',#2952,0.00275);
#65=CYLINDRICAL_SURFACE('',#2955,0.00275);
#66=CYLINDRICAL_SURFACE('',#2958,0.00275);
#67=CYLINDRICAL_SURFACE('',#2961,0.00275);
#68=CYLINDRICAL_SURFACE('',#2964,0.001625);
#69=CYLINDRICAL_SURFACE('',#2967,0.001625);
#70=CYLINDRICAL_SURFACE('',#2970,0.001625);
#71=CYLINDRICAL_SURFACE('',#2973,0.001625);
#72=CYLINDRICAL_SURFACE('',#2976,0.001625);
#73=CYLINDRICAL_SURFACE('',#3009,0.00275);
#74=CYLINDRICAL_SURFACE('',#3012,0.00275);
#75=CYLINDRICAL_SURFACE('',#3015,0.00275);
#76=CYLINDRICAL_SURFACE('',#3018,0.00275);
#77=CYLINDRICAL_SURFACE('',#3021,0.00275);
#78=CYLINDRICAL_SURFACE('',#3024,0.00275);
#79=CYLINDRICAL_SURFACE('',#3027,0.00275);
#80=CYLINDRICAL_SURFACE('',#3030,0.001625);
#81=CYLINDRICAL_SURFACE('',#3033,0.00275);
#82=CYLINDRICAL_SURFACE('',#3036,0.00275);
#83=CIRCLE('',#2705,0.0125);
#84=CIRCLE('',#2706,0.02);
#85=CIRCLE('',#2707,0.0125);
#86=CIRCLE('',#2708,0.0125);
#87=CIRCLE('',#2709,0.0125);
#88=CIRCLE('',#2710,0.0125);
#89=CIRCLE('',#2713,0.00275);
#90=CIRCLE('',#2714,0.00275);
#91=CIRCLE('',#2717,0.00275);
#92=CIRCLE('',#2718,0.00275);
#93=CIRCLE('',#2721,0.00275);
#94=CIRCLE('',#2722,0.00275);
#95=CIRCLE('',#2725,0.00275);
#96=CIRCLE('',#2726,0.00275);
#97=CIRCLE('',#2729,0.00275);
#98=CIRCLE('',#2730,0.00275);
#99=CIRCLE('',#2733,0.00275);
#100=CIRCLE('',#2734,0.00275);
#101=CIRCLE('',#2737,0.00275);
#102=CIRCLE('',#2738,0.00275);
#103=CIRCLE('',#2741,0.00275);
#104=CIRCLE('',#2742,0.00275);
#105=CIRCLE('',#2745,0.00275);
#106=CIRCLE('',#2746,0.00275);
#107=CIRCLE('',#2749,0.00275);
#108=CIRCLE('',#2750,0.00275);
#109=CIRCLE('',#2753,0.00275);
#110=CIRCLE('',#2754,0.00275);
#111=CIRCLE('',#2758,0.00275);
#112=CIRCLE('',#2759,0.00275);
#113=CIRCLE('',#2762,0.00275);
#114=CIRCLE('',#2763,0.00275);
#115=CIRCLE('',#2766,0.00275);
#116=CIRCLE('',#2767,0.00275);
#117=CIRCLE('',#2770,0.00275);
#118=CIRCLE('',#2771,0.00275);
#119=CIRCLE('',#2774,0.00275);
#120=CIRCLE('',#2775,0.00275);
#121=CIRCLE('',#2778,0.00275);
#122=CIRCLE('',#2779,0.00275);
#123=CIRCLE('',#2782,0.00275);
#124=CIRCLE('',#2783,0.00275);
#125=CIRCLE('',#2786,0.00275);
#126=CIRCLE('',#2787,0.00275);
#127=CIRCLE('',#2790,0.00275);
#128=CIRCLE('',#2791,0.00275);
#129=CIRCLE('',#2794,0.00275);
#130=CIRCLE('',#2795,0.00275);
#131=CIRCLE('',#2798,0.00275);
#132=CIRCLE('',#2799,0.00275);
#133=CIRCLE('',#2802,0.0125);
#134=CIRCLE('',#2804,0.0125);
#135=CIRCLE('',#2806,0.0125);
#136=CIRCLE('',#2808,0.02);
#137=CIRCLE('',#2810,0.0125);
#138=CIRCLE('',#2813,0.0125);
#139=CIRCLE('',#2816,0.00275);
#140=CIRCLE('',#2817,0.00275);
#141=CIRCLE('',#2818,0.00275);
#142=CIRCLE('',#2819,0.00275);
#143=CIRCLE('',#2820,0.00275);
#144=CIRCLE('',#2821,0.00275);
#145=CIRCLE('',#2822,0.00275);
#146=CIRCLE('',#2823,0.00275);
#147=CIRCLE('',#2824,0.00275);
#148=CIRCLE('',#2825,0.00275);
#149=CIRCLE('',#2833,0.001625);
#150=CIRCLE('',#2834,0.001625);
#151=CIRCLE('',#2839,0.001625);
#152=CIRCLE('',#2840,0.001625);
#153=CIRCLE('',#2841,0.001625);
#154=CIRCLE('',#2851,0.00275);
#155=CIRCLE('',#2852,0.00275);
#156=CIRCLE('',#2853,0.00275);
#157=CIRCLE('',#2854,0.00275);
#158=CIRCLE('',#2855,0.00275);
#159=CIRCLE('',#2856,0.00275);
#160=CIRCLE('',#2857,0.00275);
#161=CIRCLE('',#2858,0.00275);
#162=CIRCLE('',#2859,0.00275);
#163=CIRCLE('',#2860,0.00275);
#164=CIRCLE('',#2861,0.00275);
#165=CIRCLE('',#2863,0.00275);
#166=CIRCLE('',#2864,0.00275);
#167=CIRCLE('',#2865,0.00275);
#168=CIRCLE('',#2866,0.00275);
#169=CIRCLE('',#2867,0.00275);
#170=CIRCLE('',#2868,0.00275);
#171=CIRCLE('',#2869,0.00275);
#172=CIRCLE('',#2872,0.00275);
#173=CIRCLE('',#2875,0.00275);
#174=CIRCLE('',#2878,0.00275);
#175=CIRCLE('',#2881,0.00275);
#176=CIRCLE('',#2884,0.00275);
#177=CIRCLE('',#2887,0.00275);
#178=CIRCLE('',#2890,0.00275);
#179=CIRCLE('',#2893,0.00275);
#180=CIRCLE('',#2896,0.00275);
#181=CIRCLE('',#2899,0.00275);
#182=CIRCLE('',#2902,0.00275);
#183=CIRCLE('',#2905,0.00275);
#184=CIRCLE('',#2908,0.00275);
#185=CIRCLE('',#2911,0.00275);
#186=CIRCLE('',#2914,0.00275);
#187=CIRCLE('',#2917,0.00275);
#188=CIRCLE('',#2920,0.00275);
#189=CIRCLE('',#2923,0.00275);
#190=CIRCLE('',#2927,0.00275);
#191=CIRCLE('',#2930,0.00275);
#192=CIRCLE('',#2933,0.00275);
#193=CIRCLE('',#2936,0.00275);
#194=CIRCLE('',#2939,0.00275);
#195=CIRCLE('',#2950,0.00275);
#196=CIRCLE('',#2953,0.00275);
#197=CIRCLE('',#2956,0.00275);
#198=CIRCLE('',#2959,0.00275);
#199=CIRCLE('',#2962,0.00275);
#200=CIRCLE('',#2965,0.001625);
#201=CIRCLE('',#2968,0.001625);
#202=CIRCLE('',#2971,0.001625);
#203=CIRCLE('',#2974,0.001625);
#204=CIRCLE('',#2977,0.001625);
#205=CIRCLE('',#2995,0.00275);
#206=CIRCLE('',#2996,0.00275);
#207=CIRCLE('',#2997,0.001625);
#208=CIRCLE('',#2998,0.00275);
#209=CIRCLE('',#2999,0.00275);
#210=CIRCLE('',#3001,0.00275);
#211=CIRCLE('',#3002,0.00275);
#212=CIRCLE('',#3003,0.00275);
#213=CIRCLE('',#3005,0.00275);
#214=CIRCLE('',#3006,0.00275);
#215=CIRCLE('',#3010,0.00275);
#216=CIRCLE('',#3013,0.00275);
#217=CIRCLE('',#3016,0.00275);
#218=CIRCLE('',#3019,0.00275);
#219=CIRCLE('',#3022,0.00275);
#220=CIRCLE('',#3025,0.00275);
#221=CIRCLE('',#3028,0.00275);
#222=CIRCLE('',#3031,0.001625);
#223=CIRCLE('',#3034,0.00275);
#224=CIRCLE('',#3037,0.00275);
#225=ORIENTED_EDGE('',*,*,#831,.F.);
#226=ORIENTED_EDGE('',*,*,#832,.F.);
#227=ORIENTED_EDGE('',*,*,#833,.T.);
#228=ORIENTED_EDGE('',*,*,#834,.F.);
#229=ORIENTED_EDGE('',*,*,#835,.T.);
#230=ORIENTED_EDGE('',*,*,#836,.F.);
#231=ORIENTED_EDGE('',*,*,#837,.T.);
#232=ORIENTED_EDGE('',*,*,#838,.F.);
#233=ORIENTED_EDGE('',*,*,#839,.F.);
#234=ORIENTED_EDGE('',*,*,#840,.T.);
#235=ORIENTED_EDGE('',*,*,#841,.F.);
#236=ORIENTED_EDGE('',*,*,#842,.T.);
#237=ORIENTED_EDGE('',*,*,#843,.F.);
#238=ORIENTED_EDGE('',*,*,#844,.F.);
#239=ORIENTED_EDGE('',*,*,#845,.F.);
#240=ORIENTED_EDGE('',*,*,#846,.F.);
#241=ORIENTED_EDGE('',*,*,#847,.F.);
#242=ORIENTED_EDGE('',*,*,#848,.F.);
#243=ORIENTED_EDGE('',*,*,#849,.F.);
#244=ORIENTED_EDGE('',*,*,#850,.F.);
#245=ORIENTED_EDGE('',*,*,#851,.F.);
#246=ORIENTED_EDGE('',*,*,#852,.T.);
#247=ORIENTED_EDGE('',*,*,#853,.T.);
#248=ORIENTED_EDGE('',*,*,#854,.F.);
#249=ORIENTED_EDGE('',*,*,#855,.F.);
#250=ORIENTED_EDGE('',*,*,#856,.F.);
#251=ORIENTED_EDGE('',*,*,#857,.T.);
#252=ORIENTED_EDGE('',*,*,#842,.F.);
#253=ORIENTED_EDGE('',*,*,#858,.F.);
#254=ORIENTED_EDGE('',*,*,#859,.T.);
#255=ORIENTED_EDGE('',*,*,#860,.F.);
#256=ORIENTED_EDGE('',*,*,#861,.T.);
#257=ORIENTED_EDGE('',*,*,#862,.T.);
#258=ORIENTED_EDGE('',*,*,#863,.F.);
#259=ORIENTED_EDGE('',*,*,#864,.T.);
#260=ORIENTED_EDGE('',*,*,#865,.T.);
#261=ORIENTED_EDGE('',*,*,#866,.F.);
#262=ORIENTED_EDGE('',*,*,#867,.F.);
#263=ORIENTED_EDGE('',*,*,#868,.T.);
#264=ORIENTED_EDGE('',*,*,#869,.F.);
#265=ORIENTED_EDGE('',*,*,#870,.T.);
#266=ORIENTED_EDGE('',*,*,#871,.T.);
#267=ORIENTED_EDGE('',*,*,#872,.F.);
#268=ORIENTED_EDGE('',*,*,#873,.F.);
#269=ORIENTED_EDGE('',*,*,#874,.F.);
#270=ORIENTED_EDGE('',*,*,#875,.T.);
#271=ORIENTED_EDGE('',*,*,#874,.T.);
#272=ORIENTED_EDGE('',*,*,#876,.F.);
#273=ORIENTED_EDGE('',*,*,#877,.T.);
#274=ORIENTED_EDGE('',*,*,#876,.T.);
#275=ORIENTED_EDGE('',*,*,#878,.F.);
#276=ORIENTED_EDGE('',*,*,#879,.T.);
#277=ORIENTED_EDGE('',*,*,#878,.T.);
#278=ORIENTED_EDGE('',*,*,#880,.F.);
#279=ORIENTED_EDGE('',*,*,#881,.T.);
#280=ORIENTED_EDGE('',*,*,#880,.T.);
#281=ORIENTED_EDGE('',*,*,#882,.F.);
#282=ORIENTED_EDGE('',*,*,#883,.T.);
#283=ORIENTED_EDGE('',*,*,#882,.T.);
#284=ORIENTED_EDGE('',*,*,#884,.F.);
#285=ORIENTED_EDGE('',*,*,#885,.T.);
#286=ORIENTED_EDGE('',*,*,#884,.T.);
#287=ORIENTED_EDGE('',*,*,#886,.F.);
#288=ORIENTED_EDGE('',*,*,#887,.T.);
#289=ORIENTED_EDGE('',*,*,#886,.T.);
#290=ORIENTED_EDGE('',*,*,#888,.F.);
#291=ORIENTED_EDGE('',*,*,#889,.T.);
#292=ORIENTED_EDGE('',*,*,#888,.T.);
#293=ORIENTED_EDGE('',*,*,#890,.F.);
#294=ORIENTED_EDGE('',*,*,#891,.T.);
#295=ORIENTED_EDGE('',*,*,#890,.T.);
#296=ORIENTED_EDGE('',*,*,#892,.F.);
#297=ORIENTED_EDGE('',*,*,#893,.T.);
#298=ORIENTED_EDGE('',*,*,#892,.T.);
#299=ORIENTED_EDGE('',*,*,#894,.F.);
#300=ORIENTED_EDGE('',*,*,#895,.T.);
#301=ORIENTED_EDGE('',*,*,#894,.T.);
#302=ORIENTED_EDGE('',*,*,#896,.F.);
#303=ORIENTED_EDGE('',*,*,#897,.T.);
#304=ORIENTED_EDGE('',*,*,#898,.F.);
#305=ORIENTED_EDGE('',*,*,#899,.F.);
#306=ORIENTED_EDGE('',*,*,#887,.F.);
#307=ORIENTED_EDGE('',*,*,#885,.F.);
#308=ORIENTED_EDGE('',*,*,#895,.F.);
#309=ORIENTED_EDGE('',*,*,#893,.F.);
#310=ORIENTED_EDGE('',*,*,#891,.F.);
#311=ORIENTED_EDGE('',*,*,#889,.F.);
#312=ORIENTED_EDGE('',*,*,#883,.F.);
#313=ORIENTED_EDGE('',*,*,#881,.F.);
#314=ORIENTED_EDGE('',*,*,#879,.F.);
#315=ORIENTED_EDGE('',*,*,#877,.F.);
#316=ORIENTED_EDGE('',*,*,#875,.F.);
#317=ORIENTED_EDGE('',*,*,#900,.T.);
#318=ORIENTED_EDGE('',*,*,#901,.F.);
#319=ORIENTED_EDGE('',*,*,#900,.F.);
#320=ORIENTED_EDGE('',*,*,#902,.T.);
#321=ORIENTED_EDGE('',*,*,#903,.F.);
#322=ORIENTED_EDGE('',*,*,#902,.F.);
#323=ORIENTED_EDGE('',*,*,#904,.T.);
#324=ORIENTED_EDGE('',*,*,#905,.F.);
#325=ORIENTED_EDGE('',*,*,#904,.F.);
#326=ORIENTED_EDGE('',*,*,#906,.T.);
#327=ORIENTED_EDGE('',*,*,#907,.F.);
#328=ORIENTED_EDGE('',*,*,#906,.F.);
#329=ORIENTED_EDGE('',*,*,#908,.T.);
#330=ORIENTED_EDGE('',*,*,#909,.F.);
#331=ORIENTED_EDGE('',*,*,#908,.F.);
#332=ORIENTED_EDGE('',*,*,#910,.T.);
#333=ORIENTED_EDGE('',*,*,#911,.F.);
#334=ORIENTED_EDGE('',*,*,#910,.F.);
#335=ORIENTED_EDGE('',*,*,#912,.T.);
#336=ORIENTED_EDGE('',*,*,#913,.F.);
#337=ORIENTED_EDGE('',*,*,#912,.F.);
#338=ORIENTED_EDGE('',*,*,#914,.T.);
#339=ORIENTED_EDGE('',*,*,#915,.F.);
#340=ORIENTED_EDGE('',*,*,#914,.F.);
#341=ORIENTED_EDGE('',*,*,#916,.T.);
#342=ORIENTED_EDGE('',*,*,#917,.F.);
#343=ORIENTED_EDGE('',*,*,#916,.F.);
#344=ORIENTED_EDGE('',*,*,#918,.T.);
#345=ORIENTED_EDGE('',*,*,#919,.F.);
#346=ORIENTED_EDGE('',*,*,#918,.F.);
#347=ORIENTED_EDGE('',*,*,#920,.T.);
#348=ORIENTED_EDGE('',*,*,#921,.F.);
#349=ORIENTED_EDGE('',*,*,#920,.F.);
#350=ORIENTED_EDGE('',*,*,#850,.T.);
#351=ORIENTED_EDGE('',*,*,#922,.F.);
#352=ORIENTED_EDGE('',*,*,#849,.T.);
#353=ORIENTED_EDGE('',*,*,#923,.F.);
#354=ORIENTED_EDGE('',*,*,#924,.F.);
#355=ORIENTED_EDGE('',*,*,#844,.T.);
#356=ORIENTED_EDGE('',*,*,#925,.F.);
#357=ORIENTED_EDGE('',*,*,#926,.F.);
#358=ORIENTED_EDGE('',*,*,#927,.F.);
#359=ORIENTED_EDGE('',*,*,#846,.T.);
#360=ORIENTED_EDGE('',*,*,#928,.F.);
#361=ORIENTED_EDGE('',*,*,#929,.F.);
#362=ORIENTED_EDGE('',*,*,#930,.F.);
#363=ORIENTED_EDGE('',*,*,#848,.T.);
#364=ORIENTED_EDGE('',*,*,#931,.F.);
#365=ORIENTED_EDGE('',*,*,#932,.F.);
#366=ORIENTED_EDGE('',*,*,#933,.F.);
#367=ORIENTED_EDGE('',*,*,#934,.F.);
#368=ORIENTED_EDGE('',*,*,#935,.F.);
#369=ORIENTED_EDGE('',*,*,#832,.T.);
#370=ORIENTED_EDGE('',*,*,#851,.T.);
#371=ORIENTED_EDGE('',*,*,#936,.F.);
#372=ORIENTED_EDGE('',*,*,#934,.T.);
#373=ORIENTED_EDGE('',*,*,#937,.T.);
#374=ORIENTED_EDGE('',*,*,#932,.T.);
#375=ORIENTED_EDGE('',*,*,#938,.T.);
#376=ORIENTED_EDGE('',*,*,#929,.T.);
#377=ORIENTED_EDGE('',*,*,#939,.T.);
#378=ORIENTED_EDGE('',*,*,#926,.T.);
#379=ORIENTED_EDGE('',*,*,#940,.T.);
#380=ORIENTED_EDGE('',*,*,#941,.F.);
#381=ORIENTED_EDGE('',*,*,#942,.T.);
#382=ORIENTED_EDGE('',*,*,#943,.F.);
#383=ORIENTED_EDGE('',*,*,#944,.F.);
#384=ORIENTED_EDGE('',*,*,#945,.T.);
#385=ORIENTED_EDGE('',*,*,#946,.F.);
#386=ORIENTED_EDGE('',*,*,#923,.T.);
#387=ORIENTED_EDGE('',*,*,#922,.T.);
#388=ORIENTED_EDGE('',*,*,#936,.T.);
#389=ORIENTED_EDGE('',*,*,#947,.F.);
#390=ORIENTED_EDGE('',*,*,#948,.F.);
#391=ORIENTED_EDGE('',*,*,#949,.F.);
#392=ORIENTED_EDGE('',*,*,#950,.F.);
#393=ORIENTED_EDGE('',*,*,#951,.F.);
#394=ORIENTED_EDGE('',*,*,#942,.F.);
#395=ORIENTED_EDGE('',*,*,#952,.F.);
#396=ORIENTED_EDGE('',*,*,#953,.F.);
#397=ORIENTED_EDGE('',*,*,#898,.T.);
#398=ORIENTED_EDGE('',*,*,#954,.F.);
#399=ORIENTED_EDGE('',*,*,#955,.T.);
#400=ORIENTED_EDGE('',*,*,#956,.T.);
#401=ORIENTED_EDGE('',*,*,#957,.F.);
#402=ORIENTED_EDGE('',*,*,#833,.F.);
#403=ORIENTED_EDGE('',*,*,#935,.T.);
#404=ORIENTED_EDGE('',*,*,#946,.T.);
#405=ORIENTED_EDGE('',*,*,#958,.F.);
#406=ORIENTED_EDGE('',*,*,#959,.F.);
#407=ORIENTED_EDGE('',*,*,#960,.T.);
#408=ORIENTED_EDGE('',*,*,#961,.T.);
#409=ORIENTED_EDGE('',*,*,#962,.T.);
#410=ORIENTED_EDGE('',*,*,#963,.T.);
#411=ORIENTED_EDGE('',*,*,#964,.T.);
#412=ORIENTED_EDGE('',*,*,#965,.T.);
#413=ORIENTED_EDGE('',*,*,#966,.F.);
#414=ORIENTED_EDGE('',*,*,#967,.T.);
#415=ORIENTED_EDGE('',*,*,#968,.T.);
#416=ORIENTED_EDGE('',*,*,#969,.F.);
#417=ORIENTED_EDGE('',*,*,#956,.F.);
#418=ORIENTED_EDGE('',*,*,#970,.F.);
#419=ORIENTED_EDGE('',*,*,#971,.T.);
#420=ORIENTED_EDGE('',*,*,#972,.T.);
#421=ORIENTED_EDGE('',*,*,#973,.T.);
#422=ORIENTED_EDGE('',*,*,#974,.F.);
#423=ORIENTED_EDGE('',*,*,#975,.F.);
#424=ORIENTED_EDGE('',*,*,#976,.F.);
#425=ORIENTED_EDGE('',*,*,#977,.T.);
#426=ORIENTED_EDGE('',*,*,#978,.T.);
#427=ORIENTED_EDGE('',*,*,#979,.T.);
#428=ORIENTED_EDGE('',*,*,#858,.T.);
#429=ORIENTED_EDGE('',*,*,#841,.T.);
#430=ORIENTED_EDGE('',*,*,#980,.F.);
#431=ORIENTED_EDGE('',*,*,#980,.T.);
#432=ORIENTED_EDGE('',*,*,#840,.F.);
#433=ORIENTED_EDGE('',*,*,#981,.F.);
#434=ORIENTED_EDGE('',*,*,#859,.F.);
#435=ORIENTED_EDGE('',*,*,#982,.T.);
#436=ORIENTED_EDGE('',*,*,#983,.T.);
#437=ORIENTED_EDGE('',*,*,#984,.T.);
#438=ORIENTED_EDGE('',*,*,#985,.T.);
#439=ORIENTED_EDGE('',*,*,#869,.T.);
#440=ORIENTED_EDGE('',*,*,#986,.T.);
#441=ORIENTED_EDGE('',*,*,#987,.T.);
#442=ORIENTED_EDGE('',*,*,#944,.T.);
#443=ORIENTED_EDGE('',*,*,#988,.F.);
#444=ORIENTED_EDGE('',*,*,#970,.T.);
#445=ORIENTED_EDGE('',*,*,#955,.F.);
#446=ORIENTED_EDGE('',*,*,#989,.T.);
#447=ORIENTED_EDGE('',*,*,#982,.F.);
#448=ORIENTED_EDGE('',*,*,#868,.F.);
#449=ORIENTED_EDGE('',*,*,#990,.T.);
#450=ORIENTED_EDGE('',*,*,#971,.F.);
#451=ORIENTED_EDGE('',*,*,#990,.F.);
#452=ORIENTED_EDGE('',*,*,#867,.T.);
#453=ORIENTED_EDGE('',*,*,#991,.T.);
#454=ORIENTED_EDGE('',*,*,#992,.F.);
#455=ORIENTED_EDGE('',*,*,#993,.F.);
#456=ORIENTED_EDGE('',*,*,#994,.T.);
#457=ORIENTED_EDGE('',*,*,#995,.F.);
#458=ORIENTED_EDGE('',*,*,#996,.F.);
#459=ORIENTED_EDGE('',*,*,#997,.T.);
#460=ORIENTED_EDGE('',*,*,#991,.F.);
#461=ORIENTED_EDGE('',*,*,#866,.T.);
#462=ORIENTED_EDGE('',*,*,#975,.T.);
#463=ORIENTED_EDGE('',*,*,#994,.F.);
#464=ORIENTED_EDGE('',*,*,#865,.F.);
#465=ORIENTED_EDGE('',*,*,#998,.T.);
#466=ORIENTED_EDGE('',*,*,#976,.T.);
#467=ORIENTED_EDGE('',*,*,#998,.F.);
#468=ORIENTED_EDGE('',*,*,#864,.F.);
#469=ORIENTED_EDGE('',*,*,#999,.T.);
#470=ORIENTED_EDGE('',*,*,#977,.F.);
#471=ORIENTED_EDGE('',*,*,#999,.F.);
#472=ORIENTED_EDGE('',*,*,#863,.T.);
#473=ORIENTED_EDGE('',*,*,#1000,.T.);
#474=ORIENTED_EDGE('',*,*,#1001,.F.);
#475=ORIENTED_EDGE('',*,*,#1002,.F.);
#476=ORIENTED_EDGE('',*,*,#1003,.F.);
#477=ORIENTED_EDGE('',*,*,#862,.F.);
#478=ORIENTED_EDGE('',*,*,#1004,.T.);
#479=ORIENTED_EDGE('',*,*,#1005,.T.);
#480=ORIENTED_EDGE('',*,*,#1006,.T.);
#481=ORIENTED_EDGE('',*,*,#1000,.F.);
#482=ORIENTED_EDGE('',*,*,#981,.T.);
#483=ORIENTED_EDGE('',*,*,#839,.T.);
#484=ORIENTED_EDGE('',*,*,#1007,.F.);
#485=ORIENTED_EDGE('',*,*,#860,.T.);
#486=ORIENTED_EDGE('',*,*,#959,.T.);
#487=ORIENTED_EDGE('',*,*,#1008,.F.);
#488=ORIENTED_EDGE('',*,*,#986,.F.);
#489=ORIENTED_EDGE('',*,*,#1009,.T.);
#490=ORIENTED_EDGE('',*,*,#960,.F.);
#491=ORIENTED_EDGE('',*,*,#1009,.F.);
#492=ORIENTED_EDGE('',*,*,#988,.T.);
#493=ORIENTED_EDGE('',*,*,#943,.T.);
#494=ORIENTED_EDGE('',*,*,#958,.T.);
#495=ORIENTED_EDGE('',*,*,#945,.F.);
#496=ORIENTED_EDGE('',*,*,#987,.F.);
#497=ORIENTED_EDGE('',*,*,#1008,.T.);
#498=ORIENTED_EDGE('',*,*,#941,.T.);
#499=ORIENTED_EDGE('',*,*,#1010,.T.);
#500=ORIENTED_EDGE('',*,*,#1011,.F.);
#501=ORIENTED_EDGE('',*,*,#952,.T.);
#502=ORIENTED_EDGE('',*,*,#1012,.F.);
#503=ORIENTED_EDGE('',*,*,#834,.T.);
#504=ORIENTED_EDGE('',*,*,#957,.T.);
#505=ORIENTED_EDGE('',*,*,#969,.T.);
#506=ORIENTED_EDGE('',*,*,#1013,.F.);
#507=ORIENTED_EDGE('',*,*,#1014,.F.);
#508=ORIENTED_EDGE('',*,*,#984,.F.);
#509=ORIENTED_EDGE('',*,*,#1015,.F.);
#510=ORIENTED_EDGE('',*,*,#897,.F.);
#511=ORIENTED_EDGE('',*,*,#1016,.F.);
#512=ORIENTED_EDGE('',*,*,#1017,.T.);
#513=ORIENTED_EDGE('',*,*,#1018,.T.);
#514=ORIENTED_EDGE('',*,*,#1019,.T.);
#515=ORIENTED_EDGE('',*,*,#1011,.T.);
#516=ORIENTED_EDGE('',*,*,#1020,.T.);
#517=ORIENTED_EDGE('',*,*,#1021,.F.);
#518=ORIENTED_EDGE('',*,*,#1022,.F.);
#519=ORIENTED_EDGE('',*,*,#1023,.F.);
#520=ORIENTED_EDGE('',*,*,#1024,.T.);
#521=ORIENTED_EDGE('',*,*,#899,.T.);
#522=ORIENTED_EDGE('',*,*,#953,.T.);
#523=ORIENTED_EDGE('',*,*,#1025,.F.);
#524=ORIENTED_EDGE('',*,*,#1026,.F.);
#525=ORIENTED_EDGE('',*,*,#1027,.F.);
#526=ORIENTED_EDGE('',*,*,#1028,.F.);
#527=ORIENTED_EDGE('',*,*,#1029,.F.);
#528=ORIENTED_EDGE('',*,*,#1030,.F.);
#529=ORIENTED_EDGE('',*,*,#1031,.F.);
#530=ORIENTED_EDGE('',*,*,#1032,.F.);
#531=ORIENTED_EDGE('',*,*,#1033,.F.);
#532=ORIENTED_EDGE('',*,*,#1034,.F.);
#533=ORIENTED_EDGE('',*,*,#1035,.F.);
#534=ORIENTED_EDGE('',*,*,#1021,.T.);
#535=ORIENTED_EDGE('',*,*,#1036,.T.);
#536=ORIENTED_EDGE('',*,*,#1019,.F.);
#537=ORIENTED_EDGE('',*,*,#1037,.T.);
#538=ORIENTED_EDGE('',*,*,#1038,.F.);
#539=ORIENTED_EDGE('',*,*,#1039,.F.);
#540=ORIENTED_EDGE('',*,*,#1040,.F.);
#541=ORIENTED_EDGE('',*,*,#1041,.F.);
#542=ORIENTED_EDGE('',*,*,#1042,.F.);
#543=ORIENTED_EDGE('',*,*,#1043,.F.);
#544=ORIENTED_EDGE('',*,*,#1044,.F.);
#545=ORIENTED_EDGE('',*,*,#1022,.T.);
#546=ORIENTED_EDGE('',*,*,#1037,.F.);
#547=ORIENTED_EDGE('',*,*,#1018,.F.);
#548=ORIENTED_EDGE('',*,*,#1045,.T.);
#549=ORIENTED_EDGE('',*,*,#901,.T.);
#550=ORIENTED_EDGE('',*,*,#903,.T.);
#551=ORIENTED_EDGE('',*,*,#905,.T.);
#552=ORIENTED_EDGE('',*,*,#907,.T.);
#553=ORIENTED_EDGE('',*,*,#909,.T.);
#554=ORIENTED_EDGE('',*,*,#915,.T.);
#555=ORIENTED_EDGE('',*,*,#917,.T.);
#556=ORIENTED_EDGE('',*,*,#919,.T.);
#557=ORIENTED_EDGE('',*,*,#921,.T.);
#558=ORIENTED_EDGE('',*,*,#911,.T.);
#559=ORIENTED_EDGE('',*,*,#913,.T.);
#560=ORIENTED_EDGE('',*,*,#1017,.F.);
#561=ORIENTED_EDGE('',*,*,#1046,.T.);
#562=ORIENTED_EDGE('',*,*,#1023,.T.);
#563=ORIENTED_EDGE('',*,*,#1045,.F.);
#564=ORIENTED_EDGE('',*,*,#1047,.F.);
#565=ORIENTED_EDGE('',*,*,#1044,.T.);
#566=ORIENTED_EDGE('',*,*,#1047,.T.);
#567=ORIENTED_EDGE('',*,*,#1048,.F.);
#568=ORIENTED_EDGE('',*,*,#1043,.T.);
#569=ORIENTED_EDGE('',*,*,#1048,.T.);
#570=ORIENTED_EDGE('',*,*,#1049,.F.);
#571=ORIENTED_EDGE('',*,*,#1042,.T.);
#572=ORIENTED_EDGE('',*,*,#1049,.T.);
#573=ORIENTED_EDGE('',*,*,#1050,.F.);
#574=ORIENTED_EDGE('',*,*,#1041,.T.);
#575=ORIENTED_EDGE('',*,*,#1050,.T.);
#576=ORIENTED_EDGE('',*,*,#1051,.F.);
#577=ORIENTED_EDGE('',*,*,#1040,.T.);
#578=ORIENTED_EDGE('',*,*,#1051,.T.);
#579=ORIENTED_EDGE('',*,*,#1052,.F.);
#580=ORIENTED_EDGE('',*,*,#1039,.T.);
#581=ORIENTED_EDGE('',*,*,#1052,.T.);
#582=ORIENTED_EDGE('',*,*,#1053,.F.);
#583=ORIENTED_EDGE('',*,*,#1038,.T.);
#584=ORIENTED_EDGE('',*,*,#1053,.T.);
#585=ORIENTED_EDGE('',*,*,#1054,.F.);
#586=ORIENTED_EDGE('',*,*,#1035,.T.);
#587=ORIENTED_EDGE('',*,*,#1054,.T.);
#588=ORIENTED_EDGE('',*,*,#1055,.F.);
#589=ORIENTED_EDGE('',*,*,#1034,.T.);
#590=ORIENTED_EDGE('',*,*,#1055,.T.);
#591=ORIENTED_EDGE('',*,*,#1056,.F.);
#592=ORIENTED_EDGE('',*,*,#1033,.T.);
#593=ORIENTED_EDGE('',*,*,#1056,.T.);
#594=ORIENTED_EDGE('',*,*,#1057,.F.);
#595=ORIENTED_EDGE('',*,*,#1032,.T.);
#596=ORIENTED_EDGE('',*,*,#1057,.T.);
#597=ORIENTED_EDGE('',*,*,#1058,.F.);
#598=ORIENTED_EDGE('',*,*,#1031,.T.);
#599=ORIENTED_EDGE('',*,*,#1058,.T.);
#600=ORIENTED_EDGE('',*,*,#1059,.F.);
#601=ORIENTED_EDGE('',*,*,#1030,.T.);
#602=ORIENTED_EDGE('',*,*,#1059,.T.);
#603=ORIENTED_EDGE('',*,*,#1060,.F.);
#604=ORIENTED_EDGE('',*,*,#1029,.T.);
#605=ORIENTED_EDGE('',*,*,#1060,.T.);
#606=ORIENTED_EDGE('',*,*,#1061,.F.);
#607=ORIENTED_EDGE('',*,*,#1028,.T.);
#608=ORIENTED_EDGE('',*,*,#1061,.T.);
#609=ORIENTED_EDGE('',*,*,#1062,.F.);
#610=ORIENTED_EDGE('',*,*,#1027,.T.);
#611=ORIENTED_EDGE('',*,*,#1062,.T.);
#612=ORIENTED_EDGE('',*,*,#1063,.F.);
#613=ORIENTED_EDGE('',*,*,#1026,.T.);
#614=ORIENTED_EDGE('',*,*,#1063,.T.);
#615=ORIENTED_EDGE('',*,*,#1064,.F.);
#616=ORIENTED_EDGE('',*,*,#1025,.T.);
#617=ORIENTED_EDGE('',*,*,#1064,.T.);
#618=ORIENTED_EDGE('',*,*,#983,.F.);
#619=ORIENTED_EDGE('',*,*,#989,.F.);
#620=ORIENTED_EDGE('',*,*,#954,.T.);
#621=ORIENTED_EDGE('',*,*,#1015,.T.);
#622=ORIENTED_EDGE('',*,*,#1065,.T.);
#623=ORIENTED_EDGE('',*,*,#965,.F.);
#624=ORIENTED_EDGE('',*,*,#1065,.F.);
#625=ORIENTED_EDGE('',*,*,#1066,.T.);
#626=ORIENTED_EDGE('',*,*,#964,.F.);
#627=ORIENTED_EDGE('',*,*,#1066,.F.);
#628=ORIENTED_EDGE('',*,*,#1067,.T.);
#629=ORIENTED_EDGE('',*,*,#963,.F.);
#630=ORIENTED_EDGE('',*,*,#1067,.F.);
#631=ORIENTED_EDGE('',*,*,#1068,.T.);
#632=ORIENTED_EDGE('',*,*,#962,.F.);
#633=ORIENTED_EDGE('',*,*,#1068,.F.);
#634=ORIENTED_EDGE('',*,*,#1069,.T.);
#635=ORIENTED_EDGE('',*,*,#961,.F.);
#636=ORIENTED_EDGE('',*,*,#1069,.F.);
#637=ORIENTED_EDGE('',*,*,#1070,.F.);
#638=ORIENTED_EDGE('',*,*,#979,.F.);
#639=ORIENTED_EDGE('',*,*,#1071,.F.);
#640=ORIENTED_EDGE('',*,*,#1072,.T.);
#641=ORIENTED_EDGE('',*,*,#978,.F.);
#642=ORIENTED_EDGE('',*,*,#1006,.F.);
#643=ORIENTED_EDGE('',*,*,#1073,.T.);
#644=ORIENTED_EDGE('',*,*,#1071,.T.);
#645=ORIENTED_EDGE('',*,*,#1074,.F.);
#646=ORIENTED_EDGE('',*,*,#1072,.F.);
#647=ORIENTED_EDGE('',*,*,#1073,.F.);
#648=ORIENTED_EDGE('',*,*,#1005,.F.);
#649=ORIENTED_EDGE('',*,*,#972,.F.);
#650=ORIENTED_EDGE('',*,*,#997,.F.);
#651=ORIENTED_EDGE('',*,*,#1075,.T.);
#652=ORIENTED_EDGE('',*,*,#1076,.T.);
#653=ORIENTED_EDGE('',*,*,#974,.T.);
#654=ORIENTED_EDGE('',*,*,#1077,.F.);
#655=ORIENTED_EDGE('',*,*,#1078,.F.);
#656=ORIENTED_EDGE('',*,*,#995,.T.);
#657=ORIENTED_EDGE('',*,*,#973,.F.);
#658=ORIENTED_EDGE('',*,*,#1076,.F.);
#659=ORIENTED_EDGE('',*,*,#1079,.T.);
#660=ORIENTED_EDGE('',*,*,#1077,.T.);
#661=ORIENTED_EDGE('',*,*,#1075,.F.);
#662=ORIENTED_EDGE('',*,*,#996,.T.);
#663=ORIENTED_EDGE('',*,*,#1078,.T.);
#664=ORIENTED_EDGE('',*,*,#1079,.F.);
#665=ORIENTED_EDGE('',*,*,#1014,.T.);
#666=ORIENTED_EDGE('',*,*,#1080,.T.);
#667=ORIENTED_EDGE('',*,*,#856,.T.);
#668=ORIENTED_EDGE('',*,*,#985,.F.);
#669=ORIENTED_EDGE('',*,*,#1081,.F.);
#670=ORIENTED_EDGE('',*,*,#951,.T.);
#671=ORIENTED_EDGE('',*,*,#1081,.T.);
#672=ORIENTED_EDGE('',*,*,#1082,.F.);
#673=ORIENTED_EDGE('',*,*,#950,.T.);
#674=ORIENTED_EDGE('',*,*,#1082,.T.);
#675=ORIENTED_EDGE('',*,*,#1083,.F.);
#676=ORIENTED_EDGE('',*,*,#949,.T.);
#677=ORIENTED_EDGE('',*,*,#1083,.T.);
#678=ORIENTED_EDGE('',*,*,#1084,.F.);
#679=ORIENTED_EDGE('',*,*,#948,.T.);
#680=ORIENTED_EDGE('',*,*,#1084,.T.);
#681=ORIENTED_EDGE('',*,*,#1085,.F.);
#682=ORIENTED_EDGE('',*,*,#947,.T.);
#683=ORIENTED_EDGE('',*,*,#1085,.T.);
#684=ORIENTED_EDGE('',*,*,#1086,.F.);
#685=ORIENTED_EDGE('',*,*,#1003,.T.);
#686=ORIENTED_EDGE('',*,*,#1086,.T.);
#687=ORIENTED_EDGE('',*,*,#1087,.F.);
#688=ORIENTED_EDGE('',*,*,#1002,.T.);
#689=ORIENTED_EDGE('',*,*,#1087,.T.);
#690=ORIENTED_EDGE('',*,*,#1088,.F.);
#691=ORIENTED_EDGE('',*,*,#1001,.T.);
#692=ORIENTED_EDGE('',*,*,#1088,.T.);
#693=ORIENTED_EDGE('',*,*,#1089,.F.);
#694=ORIENTED_EDGE('',*,*,#993,.T.);
#695=ORIENTED_EDGE('',*,*,#1089,.T.);
#696=ORIENTED_EDGE('',*,*,#1090,.F.);
#697=ORIENTED_EDGE('',*,*,#992,.T.);
#698=ORIENTED_EDGE('',*,*,#1090,.T.);
#699=ORIENTED_EDGE('',*,*,#852,.F.);
#700=ORIENTED_EDGE('',*,*,#1091,.F.);
#701=ORIENTED_EDGE('',*,*,#1092,.T.);
#702=ORIENTED_EDGE('',*,*,#1093,.T.);
#703=ORIENTED_EDGE('',*,*,#855,.T.);
#704=ORIENTED_EDGE('',*,*,#1094,.F.);
#705=ORIENTED_EDGE('',*,*,#1095,.F.);
#706=ORIENTED_EDGE('',*,*,#1091,.T.);
#707=ORIENTED_EDGE('',*,*,#854,.T.);
#708=ORIENTED_EDGE('',*,*,#1096,.F.);
#709=ORIENTED_EDGE('',*,*,#1097,.F.);
#710=ORIENTED_EDGE('',*,*,#1094,.T.);
#711=ORIENTED_EDGE('',*,*,#853,.F.);
#712=ORIENTED_EDGE('',*,*,#1093,.F.);
#713=ORIENTED_EDGE('',*,*,#1098,.T.);
#714=ORIENTED_EDGE('',*,*,#1096,.T.);
#715=ORIENTED_EDGE('',*,*,#1092,.F.);
#716=ORIENTED_EDGE('',*,*,#1095,.T.);
#717=ORIENTED_EDGE('',*,*,#1097,.T.);
#718=ORIENTED_EDGE('',*,*,#1098,.F.);
#719=ORIENTED_EDGE('',*,*,#870,.F.);
#720=ORIENTED_EDGE('',*,*,#1099,.F.);
#721=ORIENTED_EDGE('',*,*,#1100,.T.);
#722=ORIENTED_EDGE('',*,*,#1101,.T.);
#723=ORIENTED_EDGE('',*,*,#873,.T.);
#724=ORIENTED_EDGE('',*,*,#1102,.F.);
#725=ORIENTED_EDGE('',*,*,#1103,.F.);
#726=ORIENTED_EDGE('',*,*,#1099,.T.);
#727=ORIENTED_EDGE('',*,*,#872,.T.);
#728=ORIENTED_EDGE('',*,*,#1104,.F.);
#729=ORIENTED_EDGE('',*,*,#1105,.F.);
#730=ORIENTED_EDGE('',*,*,#1102,.T.);
#731=ORIENTED_EDGE('',*,*,#871,.F.);
#732=ORIENTED_EDGE('',*,*,#1101,.F.);
#733=ORIENTED_EDGE('',*,*,#1106,.T.);
#734=ORIENTED_EDGE('',*,*,#1104,.T.);
#735=ORIENTED_EDGE('',*,*,#1100,.F.);
#736=ORIENTED_EDGE('',*,*,#1103,.T.);
#737=ORIENTED_EDGE('',*,*,#1105,.T.);
#738=ORIENTED_EDGE('',*,*,#1106,.F.);
#739=ORIENTED_EDGE('',*,*,#1012,.T.);
#740=ORIENTED_EDGE('',*,*,#968,.F.);
#741=ORIENTED_EDGE('',*,*,#1107,.F.);
#742=ORIENTED_EDGE('',*,*,#1108,.T.);
#743=ORIENTED_EDGE('',*,*,#1109,.F.);
#744=ORIENTED_EDGE('',*,*,#1107,.T.);
#745=ORIENTED_EDGE('',*,*,#967,.F.);
#746=ORIENTED_EDGE('',*,*,#1110,.F.);
#747=ORIENTED_EDGE('',*,*,#1111,.F.);
#748=ORIENTED_EDGE('',*,*,#836,.T.);
#749=ORIENTED_EDGE('',*,*,#1112,.T.);
#750=ORIENTED_EDGE('',*,*,#1109,.T.);
#751=ORIENTED_EDGE('',*,*,#835,.F.);
#752=ORIENTED_EDGE('',*,*,#1108,.F.);
#753=ORIENTED_EDGE('',*,*,#1112,.F.);
#754=ORIENTED_EDGE('',*,*,#1113,.F.);
#755=ORIENTED_EDGE('',*,*,#837,.F.);
#756=ORIENTED_EDGE('',*,*,#1111,.T.);
#757=ORIENTED_EDGE('',*,*,#1114,.T.);
#758=ORIENTED_EDGE('',*,*,#1115,.T.);
#759=ORIENTED_EDGE('',*,*,#1116,.T.);
#760=ORIENTED_EDGE('',*,*,#1117,.T.);
#761=ORIENTED_EDGE('',*,*,#1118,.T.);
#762=ORIENTED_EDGE('',*,*,#1007,.T.);
#763=ORIENTED_EDGE('',*,*,#838,.T.);
#764=ORIENTED_EDGE('',*,*,#930,.T.);
#765=ORIENTED_EDGE('',*,*,#937,.F.);
#766=ORIENTED_EDGE('',*,*,#933,.T.);
#767=ORIENTED_EDGE('',*,*,#831,.T.);
#768=ORIENTED_EDGE('',*,*,#1113,.T.);
#769=ORIENTED_EDGE('',*,*,#1110,.T.);
#770=ORIENTED_EDGE('',*,*,#966,.T.);
#771=ORIENTED_EDGE('',*,*,#1070,.T.);
#772=ORIENTED_EDGE('',*,*,#1074,.T.);
#773=ORIENTED_EDGE('',*,*,#1004,.F.);
#774=ORIENTED_EDGE('',*,*,#861,.F.);
#775=ORIENTED_EDGE('',*,*,#1119,.T.);
#776=ORIENTED_EDGE('',*,*,#1120,.T.);
#777=ORIENTED_EDGE('',*,*,#1121,.T.);
#778=ORIENTED_EDGE('',*,*,#925,.T.);
#779=ORIENTED_EDGE('',*,*,#843,.T.);
#780=ORIENTED_EDGE('',*,*,#857,.F.);
#781=ORIENTED_EDGE('',*,*,#1080,.F.);
#782=ORIENTED_EDGE('',*,*,#1013,.T.);
#783=ORIENTED_EDGE('',*,*,#1036,.F.);
#784=ORIENTED_EDGE('',*,*,#1020,.F.);
#785=ORIENTED_EDGE('',*,*,#1010,.F.);
#786=ORIENTED_EDGE('',*,*,#940,.F.);
#787=ORIENTED_EDGE('',*,*,#1122,.T.);
#788=ORIENTED_EDGE('',*,*,#1123,.T.);
#789=ORIENTED_EDGE('',*,*,#896,.T.);
#790=ORIENTED_EDGE('',*,*,#1024,.F.);
#791=ORIENTED_EDGE('',*,*,#1046,.F.);
#792=ORIENTED_EDGE('',*,*,#1016,.T.);
#793=ORIENTED_EDGE('',*,*,#845,.T.);
#794=ORIENTED_EDGE('',*,*,#924,.T.);
#795=ORIENTED_EDGE('',*,*,#939,.F.);
#796=ORIENTED_EDGE('',*,*,#928,.T.);
#797=ORIENTED_EDGE('',*,*,#847,.T.);
#798=ORIENTED_EDGE('',*,*,#927,.T.);
#799=ORIENTED_EDGE('',*,*,#938,.F.);
#800=ORIENTED_EDGE('',*,*,#931,.T.);
#801=ORIENTED_EDGE('',*,*,#1124,.T.);
#802=ORIENTED_EDGE('',*,*,#1123,.F.);
#803=ORIENTED_EDGE('',*,*,#1124,.F.);
#804=ORIENTED_EDGE('',*,*,#1125,.T.);
#805=ORIENTED_EDGE('',*,*,#1122,.F.);
#806=ORIENTED_EDGE('',*,*,#1125,.F.);
#807=ORIENTED_EDGE('',*,*,#1126,.T.);
#808=ORIENTED_EDGE('',*,*,#1121,.F.);
#809=ORIENTED_EDGE('',*,*,#1126,.F.);
#810=ORIENTED_EDGE('',*,*,#1127,.T.);
#811=ORIENTED_EDGE('',*,*,#1120,.F.);
#812=ORIENTED_EDGE('',*,*,#1127,.F.);
#813=ORIENTED_EDGE('',*,*,#1128,.T.);
#814=ORIENTED_EDGE('',*,*,#1119,.F.);
#815=ORIENTED_EDGE('',*,*,#1128,.F.);
#816=ORIENTED_EDGE('',*,*,#1129,.T.);
#817=ORIENTED_EDGE('',*,*,#1118,.F.);
#818=ORIENTED_EDGE('',*,*,#1129,.F.);
#819=ORIENTED_EDGE('',*,*,#1130,.T.);
#820=ORIENTED_EDGE('',*,*,#1117,.F.);
#821=ORIENTED_EDGE('',*,*,#1130,.F.);
#822=ORIENTED_EDGE('',*,*,#1131,.T.);
#823=ORIENTED_EDGE('',*,*,#1116,.F.);
#824=ORIENTED_EDGE('',*,*,#1131,.F.);
#825=ORIENTED_EDGE('',*,*,#1132,.T.);
#826=ORIENTED_EDGE('',*,*,#1115,.F.);
#827=ORIENTED_EDGE('',*,*,#1132,.F.);
#828=ORIENTED_EDGE('',*,*,#1133,.T.);
#829=ORIENTED_EDGE('',*,*,#1114,.F.);
#830=ORIENTED_EDGE('',*,*,#1133,.F.);
#831=EDGE_CURVE('',#1134,#1135,#1379,.T.);
#832=EDGE_CURVE('',#1136,#1134,#1380,.T.);
#833=EDGE_CURVE('',#1136,#1137,#1381,.T.);
#834=EDGE_CURVE('',#1138,#1137,#1382,.T.);
#835=EDGE_CURVE('',#1138,#1139,#1383,.T.);
#836=EDGE_CURVE('',#1140,#1139,#1384,.T.);
#837=EDGE_CURVE('',#1140,#1135,#1385,.T.);
#838=EDGE_CURVE('',#1141,#1142,#1386,.T.);
#839=EDGE_CURVE('',#1143,#1141,#1387,.T.);
#840=EDGE_CURVE('',#1143,#1144,#1388,.T.);
#841=EDGE_CURVE('',#1145,#1144,#1389,.T.);
#842=EDGE_CURVE('',#1145,#1146,#1390,.T.);
#843=EDGE_CURVE('',#1147,#1146,#1391,.T.);
#844=EDGE_CURVE('',#1148,#1147,#83,.T.);
#845=EDGE_CURVE('',#1149,#1148,#1392,.T.);
#846=EDGE_CURVE('',#1150,#1149,#84,.T.);
#847=EDGE_CURVE('',#1151,#1150,#1393,.T.);
#848=EDGE_CURVE('',#1142,#1151,#85,.T.);
#849=EDGE_CURVE('',#1152,#1152,#86,.T.);
#850=EDGE_CURVE('',#1153,#1153,#87,.T.);
#851=EDGE_CURVE('',#1154,#1154,#88,.T.);
#852=EDGE_CURVE('',#1155,#1156,#1394,.T.);
#853=EDGE_CURVE('',#1156,#1157,#1395,.T.);
#854=EDGE_CURVE('',#1158,#1157,#1396,.T.);
#855=EDGE_CURVE('',#1155,#1158,#1397,.T.);
#856=EDGE_CURVE('',#1159,#1160,#1398,.T.);
#857=EDGE_CURVE('',#1159,#1146,#1399,.T.);
#858=EDGE_CURVE('',#1161,#1145,#1400,.T.);
#859=EDGE_CURVE('',#1161,#1162,#1401,.T.);
#860=EDGE_CURVE('',#1163,#1162,#1402,.T.);
#861=EDGE_CURVE('',#1163,#1164,#1403,.T.);
#862=EDGE_CURVE('',#1164,#1165,#1404,.T.);
#863=EDGE_CURVE('',#1166,#1165,#1405,.T.);
#864=EDGE_CURVE('',#1166,#1167,#1406,.T.);
#865=EDGE_CURVE('',#1167,#1168,#1407,.T.);
#866=EDGE_CURVE('',#1169,#1168,#1408,.T.);
#867=EDGE_CURVE('',#1170,#1169,#1409,.T.);
#868=EDGE_CURVE('',#1170,#1171,#1410,.T.);
#869=EDGE_CURVE('',#1160,#1171,#1411,.T.);
#870=EDGE_CURVE('',#1172,#1173,#1412,.T.);
#871=EDGE_CURVE('',#1173,#1174,#1413,.T.);
#872=EDGE_CURVE('',#1175,#1174,#1414,.T.);
#873=EDGE_CURVE('',#1172,#1175,#1415,.T.);
#874=EDGE_CURVE('',#1176,#1176,#89,.T.);
#875=EDGE_CURVE('',#1177,#1177,#90,.T.);
#876=EDGE_CURVE('',#1178,#1178,#91,.T.);
#877=EDGE_CURVE('',#1179,#1179,#92,.T.);
#878=EDGE_CURVE('',#1180,#1180,#93,.T.);
#879=EDGE_CURVE('',#1181,#1181,#94,.T.);
#880=EDGE_CURVE('',#1182,#1182,#95,.T.);
#881=EDGE_CURVE('',#1183,#1183,#96,.T.);
#882=EDGE_CURVE('',#1184,#1184,#97,.T.);
#883=EDGE_CURVE('',#1185,#1185,#98,.T.);
#884=EDGE_CURVE('',#1186,#1186,#99,.T.);
#885=EDGE_CURVE('',#1187,#1187,#100,.T.);
#886=EDGE_CURVE('',#1188,#1188,#101,.T.);
#887=EDGE_CURVE('',#1189,#1189,#102,.T.);
#888=EDGE_CURVE('',#1190,#1190,#103,.T.);
#889=EDGE_CURVE('',#1191,#1191,#104,.T.);
#890=EDGE_CURVE('',#1192,#1192,#105,.T.);
#891=EDGE_CURVE('',#1193,#1193,#106,.T.);
#892=EDGE_CURVE('',#1194,#1194,#107,.T.);
#893=EDGE_CURVE('',#1195,#1195,#108,.T.);
#894=EDGE_CURVE('',#1196,#1196,#109,.T.);
#895=EDGE_CURVE('',#1197,#1197,#110,.T.);
#896=EDGE_CURVE('',#1198,#1199,#1416,.T.);
#897=EDGE_CURVE('',#1198,#1200,#1417,.T.);
#898=EDGE_CURVE('',#1201,#1200,#1418,.T.);
#899=EDGE_CURVE('',#1199,#1201,#1419,.T.);
#900=EDGE_CURVE('',#1202,#1202,#111,.T.);
#901=EDGE_CURVE('',#1203,#1203,#112,.T.);
#902=EDGE_CURVE('',#1204,#1204,#113,.T.);
#903=EDGE_CURVE('',#1205,#1205,#114,.T.);
#904=EDGE_CURVE('',#1206,#1206,#115,.T.);
#905=EDGE_CURVE('',#1207,#1207,#116,.T.);
#906=EDGE_CURVE('',#1208,#1208,#117,.T.);
#907=EDGE_CURVE('',#1209,#1209,#118,.T.);
#908=EDGE_CURVE('',#1210,#1210,#119,.T.);
#909=EDGE_CURVE('',#1211,#1211,#120,.T.);
#910=EDGE_CURVE('',#1212,#1212,#121,.T.);
#911=EDGE_CURVE('',#1213,#1213,#122,.T.);
#912=EDGE_CURVE('',#1214,#1214,#123,.T.);
#913=EDGE_CURVE('',#1215,#1215,#124,.T.);
#914=EDGE_CURVE('',#1216,#1216,#125,.T.);
#915=EDGE_CURVE('',#1217,#1217,#126,.T.);
#916=EDGE_CURVE('',#1218,#1218,#127,.T.);
#917=EDGE_CURVE('',#1219,#1219,#128,.T.);
#918=EDGE_CURVE('',#1220,#1220,#129,.T.);
#919=EDGE_CURVE('',#1221,#1221,#130,.T.);
#920=EDGE_CURVE('',#1222,#1222,#131,.T.);
#921=EDGE_CURVE('',#1223,#1223,#132,.T.);
#922=EDGE_CURVE('',#1224,#1224,#133,.T.);
#923=EDGE_CURVE('',#1225,#1225,#134,.T.);
#924=EDGE_CURVE('',#1148,#1226,#1420,.T.);
#925=EDGE_CURVE('',#1227,#1147,#1421,.F.);
#926=EDGE_CURVE('',#1226,#1227,#135,.T.);
#927=EDGE_CURVE('',#1150,#1228,#1422,.T.);
#928=EDGE_CURVE('',#1229,#1149,#1423,.F.);
#929=EDGE_CURVE('',#1228,#1229,#136,.T.);
#930=EDGE_CURVE('',#1142,#1230,#1424,.T.);
#931=EDGE_CURVE('',#1231,#1151,#1425,.F.);
#932=EDGE_CURVE('',#1230,#1231,#137,.T.);
#933=EDGE_CURVE('',#1232,#1134,#1426,.T.);
#934=EDGE_CURVE('',#1233,#1232,#1427,.T.);
#935=EDGE_CURVE('',#1136,#1233,#1428,.T.);
#936=EDGE_CURVE('',#1234,#1234,#138,.T.);
#937=EDGE_CURVE('',#1232,#1230,#1429,.T.);
#938=EDGE_CURVE('',#1231,#1228,#1430,.T.);
#939=EDGE_CURVE('',#1229,#1226,#1431,.T.);
#940=EDGE_CURVE('',#1227,#1235,#1432,.T.);
#941=EDGE_CURVE('',#1236,#1235,#1433,.T.);
#942=EDGE_CURVE('',#1236,#1237,#1434,.T.);
#943=EDGE_CURVE('',#1238,#1237,#1435,.T.);
#944=EDGE_CURVE('',#1239,#1238,#1436,.T.);
#945=EDGE_CURVE('',#1239,#1240,#1437,.T.);
#946=EDGE_CURVE('',#1233,#1240,#1438,.T.);
#947=EDGE_CURVE('',#1241,#1241,#139,.T.);
#948=EDGE_CURVE('',#1242,#1242,#140,.T.);
#949=EDGE_CURVE('',#1243,#1243,#141,.T.);
#950=EDGE_CURVE('',#1244,#1244,#142,.T.);
#951=EDGE_CURVE('',#1245,#1245,#143,.T.);
#952=EDGE_CURVE('',#1246,#1236,#1439,.T.);
#953=EDGE_CURVE('',#1201,#1246,#1440,.T.);
#954=EDGE_CURVE('',#1247,#1200,#1441,.T.);
#955=EDGE_CURVE('',#1247,#1248,#1442,.T.);
#956=EDGE_CURVE('',#1248,#1249,#1443,.T.);
#957=EDGE_CURVE('',#1137,#1249,#1444,.T.);
#958=EDGE_CURVE('',#1250,#1240,#1445,.T.);
#959=EDGE_CURVE('',#1251,#1250,#1446,.T.);
#960=EDGE_CURVE('',#1251,#1237,#1447,.T.);
#961=EDGE_CURVE('',#1252,#1252,#144,.T.);
#962=EDGE_CURVE('',#1253,#1253,#145,.T.);
#963=EDGE_CURVE('',#1254,#1254,#146,.T.);
#964=EDGE_CURVE('',#1255,#1255,#147,.T.);
#965=EDGE_CURVE('',#1256,#1256,#148,.T.);
#966=EDGE_CURVE('',#1257,#1258,#1448,.T.);
#967=EDGE_CURVE('',#1257,#1259,#1449,.T.);
#968=EDGE_CURVE('',#1259,#1260,#1450,.T.);
#969=EDGE_CURVE('',#1249,#1260,#1451,.T.);
#970=EDGE_CURVE('',#1261,#1248,#1452,.T.);
#971=EDGE_CURVE('',#1261,#1262,#1453,.T.);
#972=EDGE_CURVE('',#1262,#1263,#1454,.T.);
#973=EDGE_CURVE('',#1263,#1264,#1455,.T.);
#974=EDGE_CURVE('',#1265,#1264,#1456,.T.);
#975=EDGE_CURVE('',#1266,#1265,#1457,.T.);
#976=EDGE_CURVE('',#1267,#1266,#1458,.T.);
#977=EDGE_CURVE('',#1267,#1268,#1459,.T.);
#978=EDGE_CURVE('',#1268,#1269,#1460,.T.);
#979=EDGE_CURVE('',#1269,#1258,#1461,.T.);
#980=EDGE_CURVE('',#1161,#1144,#1462,.T.);
#981=EDGE_CURVE('',#1162,#1143,#1463,.T.);
#982=EDGE_CURVE('',#1171,#1270,#1464,.T.);
#983=EDGE_CURVE('',#1270,#1271,#1465,.T.);
#984=EDGE_CURVE('',#1271,#1272,#1466,.T.);
#985=EDGE_CURVE('',#1272,#1160,#1467,.T.);
#986=EDGE_CURVE('',#1273,#1274,#1468,.T.);
#987=EDGE_CURVE('',#1274,#1239,#1469,.T.);
#988=EDGE_CURVE('',#1273,#1238,#1470,.T.);
#989=EDGE_CURVE('',#1247,#1270,#1471,.T.);
#990=EDGE_CURVE('',#1170,#1261,#1472,.T.);
#991=EDGE_CURVE('',#1169,#1262,#1473,.T.);
#992=EDGE_CURVE('',#1275,#1275,#149,.T.);
#993=EDGE_CURVE('',#1276,#1276,#150,.T.);
#994=EDGE_CURVE('',#1168,#1265,#1474,.T.);
#995=EDGE_CURVE('',#1277,#1265,#1475,.T.);
#996=EDGE_CURVE('',#1278,#1277,#1476,.T.);
#997=EDGE_CURVE('',#1278,#1262,#1477,.T.);
#998=EDGE_CURVE('',#1167,#1266,#1478,.T.);
#999=EDGE_CURVE('',#1166,#1267,#1479,.T.);
#1000=EDGE_CURVE('',#1165,#1268,#1480,.T.);
#1001=EDGE_CURVE('',#1279,#1279,#151,.T.);
#1002=EDGE_CURVE('',#1280,#1280,#152,.T.);
#1003=EDGE_CURVE('',#1281,#1281,#153,.T.);
#1004=EDGE_CURVE('',#1164,#1282,#1481,.T.);
#1005=EDGE_CURVE('',#1282,#1283,#1482,.T.);
#1006=EDGE_CURVE('',#1283,#1268,#1483,.T.);
#1007=EDGE_CURVE('',#1163,#1141,#1484,.T.);
#1008=EDGE_CURVE('',#1274,#1250,#1485,.T.);
#1009=EDGE_CURVE('',#1273,#1251,#1486,.T.);
#1010=EDGE_CURVE('',#1235,#1284,#1487,.T.);
#1011=EDGE_CURVE('',#1246,#1284,#1488,.T.);
#1012=EDGE_CURVE('',#1138,#1260,#1489,.T.);
#1013=EDGE_CURVE('',#1285,#1286,#1490,.T.);
#1014=EDGE_CURVE('',#1272,#1285,#1491,.T.);
#1015=EDGE_CURVE('',#1200,#1271,#1492,.T.);
#1016=EDGE_CURVE('',#1287,#1198,#1493,.T.);
#1017=EDGE_CURVE('',#1287,#1288,#1494,.T.);
#1018=EDGE_CURVE('',#1288,#1289,#1495,.T.);
#1019=EDGE_CURVE('',#1289,#1286,#1496,.F.);
#1020=EDGE_CURVE('',#1284,#1290,#1497,.T.);
#1021=EDGE_CURVE('',#1291,#1290,#1498,.F.);
#1022=EDGE_CURVE('',#1292,#1291,#1499,.T.);
#1023=EDGE_CURVE('',#1293,#1292,#1500,.T.);
#1024=EDGE_CURVE('',#1293,#1199,#1501,.T.);
#1025=EDGE_CURVE('',#1294,#1294,#154,.T.);
#1026=EDGE_CURVE('',#1295,#1295,#155,.T.);
#1027=EDGE_CURVE('',#1296,#1296,#156,.T.);
#1028=EDGE_CURVE('',#1297,#1297,#157,.T.);
#1029=EDGE_CURVE('',#1298,#1298,#158,.T.);
#1030=EDGE_CURVE('',#1299,#1299,#159,.T.);
#1031=EDGE_CURVE('',#1300,#1300,#160,.T.);
#1032=EDGE_CURVE('',#1301,#1301,#161,.T.);
#1033=EDGE_CURVE('',#1302,#1302,#162,.T.);
#1034=EDGE_CURVE('',#1303,#1303,#163,.T.);
#1035=EDGE_CURVE('',#1304,#1304,#164,.T.);
#1036=EDGE_CURVE('',#1290,#1286,#1502,.T.);
#1037=EDGE_CURVE('',#1289,#1291,#1503,.T.);
#1038=EDGE_CURVE('',#1305,#1305,#165,.T.);
#1039=EDGE_CURVE('',#1306,#1306,#166,.T.);
#1040=EDGE_CURVE('',#1307,#1307,#167,.T.);
#1041=EDGE_CURVE('',#1308,#1308,#168,.T.);
#1042=EDGE_CURVE('',#1309,#1309,#169,.T.);
#1043=EDGE_CURVE('',#1310,#1310,#170,.T.);
#1044=EDGE_CURVE('',#1311,#1311,#171,.T.);
#1045=EDGE_CURVE('',#1288,#1292,#1504,.T.);
#1046=EDGE_CURVE('',#1287,#1293,#1505,.T.);
#1047=EDGE_CURVE('',#1312,#1312,#172,.T.);
#1048=EDGE_CURVE('',#1313,#1313,#173,.T.);
#1049=EDGE_CURVE('',#1314,#1314,#174,.T.);
#1050=EDGE_CURVE('',#1315,#1315,#175,.T.);
#1051=EDGE_CURVE('',#1316,#1316,#176,.T.);
#1052=EDGE_CURVE('',#1317,#1317,#177,.T.);
#1053=EDGE_CURVE('',#1318,#1318,#178,.T.);
#1054=EDGE_CURVE('',#1319,#1319,#179,.T.);
#1055=EDGE_CURVE('',#1320,#1320,#180,.T.);
#1056=EDGE_CURVE('',#1321,#1321,#181,.T.);
#1057=EDGE_CURVE('',#1322,#1322,#182,.T.);
#1058=EDGE_CURVE('',#1323,#1323,#183,.T.);
#1059=EDGE_CURVE('',#1324,#1324,#184,.T.);
#1060=EDGE_CURVE('',#1325,#1325,#185,.T.);
#1061=EDGE_CURVE('',#1326,#1326,#186,.T.);
#1062=EDGE_CURVE('',#1327,#1327,#187,.T.);
#1063=EDGE_CURVE('',#1328,#1328,#188,.T.);
#1064=EDGE_CURVE('',#1329,#1329,#189,.T.);
#1065=EDGE_CURVE('',#1330,#1330,#190,.T.);
#1066=EDGE_CURVE('',#1331,#1331,#191,.T.);
#1067=EDGE_CURVE('',#1332,#1332,#192,.T.);
#1068=EDGE_CURVE('',#1333,#1333,#193,.T.);
#1069=EDGE_CURVE('',#1334,#1334,#194,.T.);
#1070=EDGE_CURVE('',#1258,#1335,#1506,.T.);
#1071=EDGE_CURVE('',#1336,#1269,#1507,.T.);
#1072=EDGE_CURVE('',#1336,#1335,#1508,.T.);
#1073=EDGE_CURVE('',#1283,#1336,#1509,.T.);
#1074=EDGE_CURVE('',#1335,#1282,#1510,.T.);
#1075=EDGE_CURVE('',#1278,#1337,#1511,.T.);
#1076=EDGE_CURVE('',#1337,#1263,#1512,.T.);
#1077=EDGE_CURVE('',#1338,#1264,#1513,.T.);
#1078=EDGE_CURVE('',#1277,#1338,#1514,.T.);
#1079=EDGE_CURVE('',#1337,#1338,#1515,.T.);
#1080=EDGE_CURVE('',#1285,#1159,#1516,.T.);
#1081=EDGE_CURVE('',#1339,#1339,#195,.T.);
#1082=EDGE_CURVE('',#1340,#1340,#196,.T.);
#1083=EDGE_CURVE('',#1341,#1341,#197,.T.);
#1084=EDGE_CURVE('',#1342,#1342,#198,.T.);
#1085=EDGE_CURVE('',#1343,#1343,#199,.T.);
#1086=EDGE_CURVE('',#1344,#1344,#200,.T.);
#1087=EDGE_CURVE('',#1345,#1345,#201,.T.);
#1088=EDGE_CURVE('',#1346,#1346,#202,.T.);
#1089=EDGE_CURVE('',#1347,#1347,#203,.T.);
#1090=EDGE_CURVE('',#1348,#1348,#204,.T.);
#1091=EDGE_CURVE('',#1349,#1155,#1517,.T.);
#1092=EDGE_CURVE('',#1349,#1350,#1518,.T.);
#1093=EDGE_CURVE('',#1350,#1156,#1519,.T.);
#1094=EDGE_CURVE('',#1351,#1158,#1520,.T.);
#1095=EDGE_CURVE('',#1349,#1351,#1521,.T.);
#1096=EDGE_CURVE('',#1352,#1157,#1522,.T.);
#1097=EDGE_CURVE('',#1351,#1352,#1523,.T.);
#1098=EDGE_CURVE('',#1350,#1352,#1524,.T.);
#1099=EDGE_CURVE('',#1353,#1172,#1525,.T.);
#1100=EDGE_CURVE('',#1353,#1354,#1526,.T.);
#1101=EDGE_CURVE('',#1354,#1173,#1527,.T.);
#1102=EDGE_CURVE('',#1355,#1175,#1528,.T.);
#1103=EDGE_CURVE('',#1353,#1355,#1529,.T.);
#1104=EDGE_CURVE('',#1356,#1174,#1530,.T.);
#1105=EDGE_CURVE('',#1355,#1356,#1531,.T.);
#1106=EDGE_CURVE('',#1354,#1356,#1532,.T.);
#1107=EDGE_CURVE('',#1357,#1259,#1533,.T.);
#1108=EDGE_CURVE('',#1357,#1138,#1534,.T.);
#1109=EDGE_CURVE('',#1357,#1358,#1535,.T.);
#1110=EDGE_CURVE('',#1358,#1257,#1536,.T.);
#1111=EDGE_CURVE('',#1140,#1358,#1537,.T.);
#1112=EDGE_CURVE('',#1139,#1357,#1538,.T.);
#1113=EDGE_CURVE('',#1135,#1358,#1539,.T.);
#1114=EDGE_CURVE('',#1359,#1359,#205,.T.);
#1115=EDGE_CURVE('',#1360,#1360,#206,.T.);
#1116=EDGE_CURVE('',#1361,#1361,#207,.T.);
#1117=EDGE_CURVE('',#1362,#1362,#208,.T.);
#1118=EDGE_CURVE('',#1363,#1363,#209,.T.);
#1119=EDGE_CURVE('',#1364,#1364,#210,.T.);
#1120=EDGE_CURVE('',#1365,#1365,#211,.T.);
#1121=EDGE_CURVE('',#1366,#1366,#212,.T.);
#1122=EDGE_CURVE('',#1367,#1367,#213,.T.);
#1123=EDGE_CURVE('',#1368,#1368,#214,.T.);
#1124=EDGE_CURVE('',#1369,#1369,#215,.T.);
#1125=EDGE_CURVE('',#1370,#1370,#216,.T.);
#1126=EDGE_CURVE('',#1371,#1371,#217,.T.);
#1127=EDGE_CURVE('',#1372,#1372,#218,.T.);
#1128=EDGE_CURVE('',#1373,#1373,#219,.T.);
#1129=EDGE_CURVE('',#1374,#1374,#220,.T.);
#1130=EDGE_CURVE('',#1375,#1375,#221,.T.);
#1131=EDGE_CURVE('',#1376,#1376,#222,.T.);
#1132=EDGE_CURVE('',#1377,#1377,#223,.T.);
#1133=EDGE_CURVE('',#1378,#1378,#224,.T.);
#1134=VERTEX_POINT('',#3877);
#1135=VERTEX_POINT('',#3878);
#1136=VERTEX_POINT('',#3880);
#1137=VERTEX_POINT('',#3882);
#1138=VERTEX_POINT('',#3884);
#1139=VERTEX_POINT('',#3886);
#1140=VERTEX_POINT('',#3888);
#1141=VERTEX_POINT('',#3892);
#1142=VERTEX_POINT('',#3893);
#1143=VERTEX_POINT('',#3895);
#1144=VERTEX_POINT('',#3897);
#1145=VERTEX_POINT('',#3899);
#1146=VERTEX_POINT('',#3901);
#1147=VERTEX_POINT('',#3903);
#1148=VERTEX_POINT('',#3905);
#1149=VERTEX_POINT('',#3907);
#1150=VERTEX_POINT('',#3909);
#1151=VERTEX_POINT('',#3911);
#1152=VERTEX_POINT('',#3914);
#1153=VERTEX_POINT('',#3916);
#1154=VERTEX_POINT('',#3918);
#1155=VERTEX_POINT('',#3921);
#1156=VERTEX_POINT('',#3922);
#1157=VERTEX_POINT('',#3924);
#1158=VERTEX_POINT('',#3926);
#1159=VERTEX_POINT('',#3929);
#1160=VERTEX_POINT('',#3930);
#1161=VERTEX_POINT('',#3933);
#1162=VERTEX_POINT('',#3935);
#1163=VERTEX_POINT('',#3937);
#1164=VERTEX_POINT('',#3939);
#1165=VERTEX_POINT('',#3941);
#1166=VERTEX_POINT('',#3943);
#1167=VERTEX_POINT('',#3945);
#1168=VERTEX_POINT('',#3947);
#1169=VERTEX_POINT('',#3949);
#1170=VERTEX_POINT('',#3951);
#1171=VERTEX_POINT('',#3953);
#1172=VERTEX_POINT('',#3956);
#1173=VERTEX_POINT('',#3957);
#1174=VERTEX_POINT('',#3959);
#1175=VERTEX_POINT('',#3961);
#1176=VERTEX_POINT('',#3965);
#1177=VERTEX_POINT('',#3967);
#1178=VERTEX_POINT('',#3971);
#1179=VERTEX_POINT('',#3973);
#1180=VERTEX_POINT('',#3977);
#1181=VERTEX_POINT('',#3979);
#1182=VERTEX_POINT('',#3983);
#1183=VERTEX_POINT('',#3985);
#1184=VERTEX_POINT('',#3989);
#1185=VERTEX_POINT('',#3991);
#1186=VERTEX_POINT('',#3995);
#1187=VERTEX_POINT('',#3997);
#1188=VERTEX_POINT('',#4001);
#1189=VERTEX_POINT('',#4003);
#1190=VERTEX_POINT('',#4007);
#1191=VERTEX_POINT('',#4009);
#1192=VERTEX_POINT('',#4013);
#1193=VERTEX_POINT('',#4015);
#1194=VERTEX_POINT('',#4019);
#1195=VERTEX_POINT('',#4021);
#1196=VERTEX_POINT('',#4025);
#1197=VERTEX_POINT('',#4027);
#1198=VERTEX_POINT('',#4031);
#1199=VERTEX_POINT('',#4032);
#1200=VERTEX_POINT('',#4034);
#1201=VERTEX_POINT('',#4036);
#1202=VERTEX_POINT('',#4040);
#1203=VERTEX_POINT('',#4042);
#1204=VERTEX_POINT('',#4046);
#1205=VERTEX_POINT('',#4048);
#1206=VERTEX_POINT('',#4052);
#1207=VERTEX_POINT('',#4054);
#1208=VERTEX_POINT('',#4058);
#1209=VERTEX_POINT('',#4060);
#1210=VERTEX_POINT('',#4064);
#1211=VERTEX_POINT('',#4066);
#1212=VERTEX_POINT('',#4070);
#1213=VERTEX_POINT('',#4072);
#1214=VERTEX_POINT('',#4076);
#1215=VERTEX_POINT('',#4078);
#1216=VERTEX_POINT('',#4082);
#1217=VERTEX_POINT('',#4084);
#1218=VERTEX_POINT('',#4088);
#1219=VERTEX_POINT('',#4090);
#1220=VERTEX_POINT('',#4094);
#1221=VERTEX_POINT('',#4096);
#1222=VERTEX_POINT('',#4100);
#1223=VERTEX_POINT('',#4102);
#1224=VERTEX_POINT('',#4106);
#1225=VERTEX_POINT('',#4109);
#1226=VERTEX_POINT('',#4112);
#1227=VERTEX_POINT('',#4114);
#1228=VERTEX_POINT('',#4118);
#1229=VERTEX_POINT('',#4120);
#1230=VERTEX_POINT('',#4124);
#1231=VERTEX_POINT('',#4126);
#1232=VERTEX_POINT('',#4130);
#1233=VERTEX_POINT('',#4132);
#1234=VERTEX_POINT('',#4136);
#1235=VERTEX_POINT('',#4142);
#1236=VERTEX_POINT('',#4144);
#1237=VERTEX_POINT('',#4146);
#1238=VERTEX_POINT('',#4148);
#1239=VERTEX_POINT('',#4150);
#1240=VERTEX_POINT('',#4152);
#1241=VERTEX_POINT('',#4156);
#1242=VERTEX_POINT('',#4158);
#1243=VERTEX_POINT('',#4160);
#1244=VERTEX_POINT('',#4162);
#1245=VERTEX_POINT('',#4164);
#1246=VERTEX_POINT('',#4166);
#1247=VERTEX_POINT('',#4169);
#1248=VERTEX_POINT('',#4171);
#1249=VERTEX_POINT('',#4173);
#1250=VERTEX_POINT('',#4176);
#1251=VERTEX_POINT('',#4178);
#1252=VERTEX_POINT('',#4181);
#1253=VERTEX_POINT('',#4183);
#1254=VERTEX_POINT('',#4185);
#1255=VERTEX_POINT('',#4187);
#1256=VERTEX_POINT('',#4189);
#1257=VERTEX_POINT('',#4192);
#1258=VERTEX_POINT('',#4193);
#1259=VERTEX_POINT('',#4195);
#1260=VERTEX_POINT('',#4197);
#1261=VERTEX_POINT('',#4200);
#1262=VERTEX_POINT('',#4202);
#1263=VERTEX_POINT('',#4204);
#1264=VERTEX_POINT('',#4206);
#1265=VERTEX_POINT('',#4208);
#1266=VERTEX_POINT('',#4210);
#1267=VERTEX_POINT('',#4212);
#1268=VERTEX_POINT('',#4214);
#1269=VERTEX_POINT('',#4216);
#1270=VERTEX_POINT('',#4224);
#1271=VERTEX_POINT('',#4226);
#1272=VERTEX_POINT('',#4228);
#1273=VERTEX_POINT('',#4231);
#1274=VERTEX_POINT('',#4232);
#1275=VERTEX_POINT('',#4242);
#1276=VERTEX_POINT('',#4244);
#1277=VERTEX_POINT('',#4247);
#1278=VERTEX_POINT('',#4249);
#1279=VERTEX_POINT('',#4259);
#1280=VERTEX_POINT('',#4261);
#1281=VERTEX_POINT('',#4263);
#1282=VERTEX_POINT('',#4265);
#1283=VERTEX_POINT('',#4267);
#1284=VERTEX_POINT('',#4278);
#1285=VERTEX_POINT('',#4284);
#1286=VERTEX_POINT('',#4285);
#1287=VERTEX_POINT('',#4289);
#1288=VERTEX_POINT('',#4291);
#1289=VERTEX_POINT('',#4293);
#1290=VERTEX_POINT('',#4297);
#1291=VERTEX_POINT('',#4299);
#1292=VERTEX_POINT('',#4301);
#1293=VERTEX_POINT('',#4303);
#1294=VERTEX_POINT('',#4307);
#1295=VERTEX_POINT('',#4309);
#1296=VERTEX_POINT('',#4311);
#1297=VERTEX_POINT('',#4313);
#1298=VERTEX_POINT('',#4315);
#1299=VERTEX_POINT('',#4317);
#1300=VERTEX_POINT('',#4319);
#1301=VERTEX_POINT('',#4321);
#1302=VERTEX_POINT('',#4323);
#1303=VERTEX_POINT('',#4325);
#1304=VERTEX_POINT('',#4327);
#1305=VERTEX_POINT('',#4332);
#1306=VERTEX_POINT('',#4334);
#1307=VERTEX_POINT('',#4336);
#1308=VERTEX_POINT('',#4338);
#1309=VERTEX_POINT('',#4340);
#1310=VERTEX_POINT('',#4342);
#1311=VERTEX_POINT('',#4344);
#1312=VERTEX_POINT('',#4350);
#1313=VERTEX_POINT('',#4354);
#1314=VERTEX_POINT('',#4358);
#1315=VERTEX_POINT('',#4362);
#1316=VERTEX_POINT('',#4366);
#1317=VERTEX_POINT('',#4370);
#1318=VERTEX_POINT('',#4374);
#1319=VERTEX_POINT('',#4378);
#1320=VERTEX_POINT('',#4382);
#1321=VERTEX_POINT('',#4386);
#1322=VERTEX_POINT('',#4390);
#1323=VERTEX_POINT('',#4394);
#1324=VERTEX_POINT('',#4398);
#1325=VERTEX_POINT('',#4402);
#1326=VERTEX_POINT('',#4406);
#1327=VERTEX_POINT('',#4410);
#1328=VERTEX_POINT('',#4414);
#1329=VERTEX_POINT('',#4418);
#1330=VERTEX_POINT('',#4423);
#1331=VERTEX_POINT('',#4427);
#1332=VERTEX_POINT('',#4431);
#1333=VERTEX_POINT('',#4435);
#1334=VERTEX_POINT('',#4439);
#1335=VERTEX_POINT('',#4443);
#1336=VERTEX_POINT('',#4445);
#1337=VERTEX_POINT('',#4453);
#1338=VERTEX_POINT('',#4457);
#1339=VERTEX_POINT('',#4466);
#1340=VERTEX_POINT('',#4470);
#1341=VERTEX_POINT('',#4474);
#1342=VERTEX_POINT('',#4478);
#1343=VERTEX_POINT('',#4482);
#1344=VERTEX_POINT('',#4486);
#1345=VERTEX_POINT('',#4490);
#1346=VERTEX_POINT('',#4494);
#1347=VERTEX_POINT('',#4498);
#1348=VERTEX_POINT('',#4502);
#1349=VERTEX_POINT('',#4506);
#1350=VERTEX_POINT('',#4508);
#1351=VERTEX_POINT('',#4512);
#1352=VERTEX_POINT('',#4516);
#1353=VERTEX_POINT('',#4523);
#1354=VERTEX_POINT('',#4525);
#1355=VERTEX_POINT('',#4529);
#1356=VERTEX_POINT('',#4533);
#1357=VERTEX_POINT('',#4540);
#1358=VERTEX_POINT('',#4544);
#1359=VERTEX_POINT('',#4554);
#1360=VERTEX_POINT('',#4556);
#1361=VERTEX_POINT('',#4558);
#1362=VERTEX_POINT('',#4560);
#1363=VERTEX_POINT('',#4562);
#1364=VERTEX_POINT('',#4565);
#1365=VERTEX_POINT('',#4567);
#1366=VERTEX_POINT('',#4569);
#1367=VERTEX_POINT('',#4572);
#1368=VERTEX_POINT('',#4574);
#1369=VERTEX_POINT('',#4579);
#1370=VERTEX_POINT('',#4583);
#1371=VERTEX_POINT('',#4587);
#1372=VERTEX_POINT('',#4591);
#1373=VERTEX_POINT('',#4595);
#1374=VERTEX_POINT('',#4599);
#1375=VERTEX_POINT('',#4603);
#1376=VERTEX_POINT('',#4607);
#1377=VERTEX_POINT('',#4611);
#1378=VERTEX_POINT('',#4615);
#1379=LINE('',#3876,#1540);
#1380=LINE('',#3879,#1541);
#1381=LINE('',#3881,#1542);
#1382=LINE('',#3883,#1543);
#1383=LINE('',#3885,#1544);
#1384=LINE('',#3887,#1545);
#1385=LINE('',#3889,#1546);
#1386=LINE('',#3891,#1547);
#1387=LINE('',#3894,#1548);
#1388=LINE('',#3896,#1549);
#1389=LINE('',#3898,#1550);
#1390=LINE('',#3900,#1551);
#1391=LINE('',#3902,#1552);
#1392=LINE('',#3906,#1553);
#1393=LINE('',#3910,#1554);
#1394=LINE('',#3920,#1555);
#1395=LINE('',#3923,#1556);
#1396=LINE('',#3925,#1557);
#1397=LINE('',#3927,#1558);
#1398=LINE('',#3928,#1559);
#1399=LINE('',#3931,#1560);
#1400=LINE('',#3932,#1561);
#1401=LINE('',#3934,#1562);
#1402=LINE('',#3936,#1563);
#1403=LINE('',#3938,#1564);
#1404=LINE('',#3940,#1565);
#1405=LINE('',#3942,#1566);
#1406=LINE('',#3944,#1567);
#1407=LINE('',#3946,#1568);
#1408=LINE('',#3948,#1569);
#1409=LINE('',#3950,#1570);
#1410=LINE('',#3952,#1571);
#1411=LINE('',#3954,#1572);
#1412=LINE('',#3955,#1573);
#1413=LINE('',#3958,#1574);
#1414=LINE('',#3960,#1575);
#1415=LINE('',#3962,#1576);
#1416=LINE('',#4030,#1577);
#1417=LINE('',#4033,#1578);
#1418=LINE('',#4035,#1579);
#1419=LINE('',#4037,#1580);
#1420=LINE('',#4111,#1581);
#1421=LINE('',#4113,#1582);
#1422=LINE('',#4117,#1583);
#1423=LINE('',#4119,#1584);
#1424=LINE('',#4123,#1585);
#1425=LINE('',#4125,#1586);
#1426=LINE('',#4129,#1587);
#1427=LINE('',#4131,#1588);
#1428=LINE('',#4133,#1589);
#1429=LINE('',#4138,#1590);
#1430=LINE('',#4139,#1591);
#1431=LINE('',#4140,#1592);
#1432=LINE('',#4141,#1593);
#1433=LINE('',#4143,#1594);
#1434=LINE('',#4145,#1595);
#1435=LINE('',#4147,#1596);
#1436=LINE('',#4149,#1597);
#1437=LINE('',#4151,#1598);
#1438=LINE('',#4153,#1599);
#1439=LINE('',#4165,#1600);
#1440=LINE('',#4167,#1601);
#1441=LINE('',#4168,#1602);
#1442=LINE('',#4170,#1603);
#1443=LINE('',#4172,#1604);
#1444=LINE('',#4174,#1605);
#1445=LINE('',#4175,#1606);
#1446=LINE('',#4177,#1607);
#1447=LINE('',#4179,#1608);
#1448=LINE('',#4191,#1609);
#1449=LINE('',#4194,#1610);
#1450=LINE('',#4196,#1611);
#1451=LINE('',#4198,#1612);
#1452=LINE('',#4199,#1613);
#1453=LINE('',#4201,#1614);
#1454=LINE('',#4203,#1615);
#1455=LINE('',#4205,#1616);
#1456=LINE('',#4207,#1617);
#1457=LINE('',#4209,#1618);
#1458=LINE('',#4211,#1619);
#1459=LINE('',#4213,#1620);
#1460=LINE('',#4215,#1621);
#1461=LINE('',#4217,#1622);
#1462=LINE('',#4219,#1623);
#1463=LINE('',#4221,#1624);
#1464=LINE('',#4223,#1625);
#1465=LINE('',#4225,#1626);
#1466=LINE('',#4227,#1627);
#1467=LINE('',#4229,#1628);
#1468=LINE('',#4230,#1629);
#1469=LINE('',#4233,#1630);
#1470=LINE('',#4234,#1631);
#1471=LINE('',#4236,#1632);
#1472=LINE('',#4237,#1633);
#1473=LINE('',#4239,#1634);
#1474=LINE('',#4245,#1635);
#1475=LINE('',#4246,#1636);
#1476=LINE('',#4248,#1637);
#1477=LINE('',#4250,#1638);
#1478=LINE('',#4252,#1639);
#1479=LINE('',#4254,#1640);
#1480=LINE('',#4256,#1641);
#1481=LINE('',#4264,#1642);
#1482=LINE('',#4266,#1643);
#1483=LINE('',#4268,#1644);
#1484=LINE('',#4270,#1645);
#1485=LINE('',#4272,#1646);
#1486=LINE('',#4273,#1647);
#1487=LINE('',#4277,#1648);
#1488=LINE('',#4279,#1649);
#1489=LINE('',#4281,#1650);
#1490=LINE('',#4283,#1651);
#1491=LINE('',#4286,#1652);
#1492=LINE('',#4287,#1653);
#1493=LINE('',#4288,#1654);
#1494=LINE('',#4290,#1655);
#1495=LINE('',#4292,#1656);
#1496=LINE('',#4294,#1657);
#1497=LINE('',#4296,#1658);
#1498=LINE('',#4298,#1659);
#1499=LINE('',#4300,#1660);
#1500=LINE('',#4302,#1661);
#1501=LINE('',#4304,#1662);
#1502=LINE('',#4328,#1663);
#1503=LINE('',#4329,#1664);
#1504=LINE('',#4345,#1665);
#1505=LINE('',#4347,#1666);
#1506=LINE('',#4442,#1667);
#1507=LINE('',#4444,#1668);
#1508=LINE('',#4446,#1669);
#1509=LINE('',#4448,#1670);
#1510=LINE('',#4450,#1671);
#1511=LINE('',#4452,#1672);
#1512=LINE('',#4454,#1673);
#1513=LINE('',#4456,#1674);
#1514=LINE('',#4458,#1675);
#1515=LINE('',#4460,#1676);
#1516=LINE('',#4463,#1677);
#1517=LINE('',#4505,#1678);
#1518=LINE('',#4507,#1679);
#1519=LINE('',#4509,#1680);
#1520=LINE('',#4511,#1681);
#1521=LINE('',#4513,#1682);
#1522=LINE('',#4515,#1683);
#1523=LINE('',#4517,#1684);
#1524=LINE('',#4519,#1685);
#1525=LINE('',#4522,#1686);
#1526=LINE('',#4524,#1687);
#1527=LINE('',#4526,#1688);
#1528=LINE('',#4528,#1689);
#1529=LINE('',#4530,#1690);
#1530=LINE('',#4532,#1691);
#1531=LINE('',#4534,#1692);
#1532=LINE('',#4536,#1693);
#1533=LINE('',#4539,#1694);
#1534=LINE('',#4541,#1695);
#1535=LINE('',#4543,#1696);
#1536=LINE('',#4545,#1697);
#1537=LINE('',#4547,#1698);
#1538=LINE('',#4548,#1699);
#1539=LINE('',#4551,#1700);
#1540=VECTOR('',#3043,1.);
#1541=VECTOR('',#3044,1.);
#1542=VECTOR('',#3045,1.);
#1543=VECTOR('',#3046,1.);
#1544=VECTOR('',#3047,1.);
#1545=VECTOR('',#3048,1.);
#1546=VECTOR('',#3049,1.);
#1547=VECTOR('',#3052,1.);
#1548=VECTOR('',#3053,1.);
#1549=VECTOR('',#3054,1.);
#1550=VECTOR('',#3055,1.);
#1551=VECTOR('',#3056,1.);
#1552=VECTOR('',#3057,1.);
#1553=VECTOR('',#3060,1.);
#1554=VECTOR('',#3063,1.);
#1555=VECTOR('',#3074,1.);
#1556=VECTOR('',#3075,1.);
#1557=VECTOR('',#3076,1.);
#1558=VECTOR('',#3077,1.);
#1559=VECTOR('',#3078,1.);
#1560=VECTOR('',#3079,1.);
#1561=VECTOR('',#3080,1.);
#1562=VECTOR('',#3081,1.);
#1563=VECTOR('',#3082,1.);
#1564=VECTOR('',#3083,1.);
#1565=VECTOR('',#3084,1.);
#1566=VECTOR('',#3085,1.);
#1567=VECTOR('',#3086,1.);
#1568=VECTOR('',#3087,1.);
#1569=VECTOR('',#3088,1.);
#1570=VECTOR('',#3089,1.);
#1571=VECTOR('',#3090,1.);
#1572=VECTOR('',#3091,1.);
#1573=VECTOR('',#3092,1.);
#1574=VECTOR('',#3093,1.);
#1575=VECTOR('',#3094,1.);
#1576=VECTOR('',#3095,1.);
#1577=VECTOR('',#3186,1.);
#1578=VECTOR('',#3187,1.);
#1579=VECTOR('',#3188,1.);
#1580=VECTOR('',#3189,1.);
#1581=VECTOR('',#3288,1.);
#1582=VECTOR('',#3289,1.);
#1583=VECTOR('',#3294,1.);
#1584=VECTOR('',#3295,1.);
#1585=VECTOR('',#3300,1.);
#1586=VECTOR('',#3301,1.);
#1587=VECTOR('',#3306,1.);
#1588=VECTOR('',#3307,1.);
#1589=VECTOR('',#3308,1.);
#1590=VECTOR('',#3315,1.);
#1591=VECTOR('',#3316,1.);
#1592=VECTOR('',#3317,1.);
#1593=VECTOR('',#3318,1.);
#1594=VECTOR('',#3319,1.);
#1595=VECTOR('',#3320,1.);
#1596=VECTOR('',#3321,1.);
#1597=VECTOR('',#3322,1.);
#1598=VECTOR('',#3323,1.);
#1599=VECTOR('',#3324,1.);
#1600=VECTOR('',#3337,1.);
#1601=VECTOR('',#3338,1.);
#1602=VECTOR('',#3339,1.);
#1603=VECTOR('',#3340,1.);
#1604=VECTOR('',#3341,1.);
#1605=VECTOR('',#3342,1.);
#1606=VECTOR('',#3343,1.);
#1607=VECTOR('',#3344,1.);
#1608=VECTOR('',#3345,1.);
#1609=VECTOR('',#3358,1.);
#1610=VECTOR('',#3359,1.);
#1611=VECTOR('',#3360,1.);
#1612=VECTOR('',#3361,1.);
#1613=VECTOR('',#3362,1.);
#1614=VECTOR('',#3363,1.);
#1615=VECTOR('',#3364,1.);
#1616=VECTOR('',#3365,1.);
#1617=VECTOR('',#3366,1.);
#1618=VECTOR('',#3367,1.);
#1619=VECTOR('',#3368,1.);
#1620=VECTOR('',#3369,1.);
#1621=VECTOR('',#3370,1.);
#1622=VECTOR('',#3371,1.);
#1623=VECTOR('',#3374,1.);
#1624=VECTOR('',#3377,1.);
#1625=VECTOR('',#3380,1.);
#1626=VECTOR('',#3381,1.);
#1627=VECTOR('',#3382,1.);
#1628=VECTOR('',#3383,1.);
#1629=VECTOR('',#3384,1.);
#1630=VECTOR('',#3385,1.);
#1631=VECTOR('',#3386,1.);
#1632=VECTOR('',#3389,1.);
#1633=VECTOR('',#3390,1.);
#1634=VECTOR('',#3393,1.);
#1635=VECTOR('',#3400,1.);
#1636=VECTOR('',#3401,1.);
#1637=VECTOR('',#3402,1.);
#1638=VECTOR('',#3403,1.);
#1639=VECTOR('',#3406,1.);
#1640=VECTOR('',#3409,1.);
#1641=VECTOR('',#3412,1.);
#1642=VECTOR('',#3421,1.);
#1643=VECTOR('',#3422,1.);
#1644=VECTOR('',#3423,1.);
#1645=VECTOR('',#3426,1.);
#1646=VECTOR('',#3429,1.);
#1647=VECTOR('',#3430,1.);
#1648=VECTOR('',#3437,1.);
#1649=VECTOR('',#3438,1.);
#1650=VECTOR('',#3441,1.);
#1651=VECTOR('',#3444,1.);
#1652=VECTOR('',#3445,1.);
#1653=VECTOR('',#3446,1.);
#1654=VECTOR('',#3447,1.);
#1655=VECTOR('',#3448,1.);
#1656=VECTOR('',#3449,1.);
#1657=VECTOR('',#3450,1.);
#1658=VECTOR('',#3453,1.);
#1659=VECTOR('',#3454,1.);
#1660=VECTOR('',#3455,1.);
#1661=VECTOR('',#3456,1.);
#1662=VECTOR('',#3457,1.);
#1663=VECTOR('',#3482,1.);
#1664=VECTOR('',#3483,1.);
#1665=VECTOR('',#3500,1.);
#1666=VECTOR('',#3503,1.);
#1667=VECTOR('',#3646,1.);
#1668=VECTOR('',#3647,1.);
#1669=VECTOR('',#3648,1.);
#1670=VECTOR('',#3651,1.);
#1671=VECTOR('',#3654,1.);
#1672=VECTOR('',#3657,1.);
#1673=VECTOR('',#3658,1.);
#1674=VECTOR('',#3661,1.);
#1675=VECTOR('',#3662,1.);
#1676=VECTOR('',#3665,1.);
#1677=VECTOR('',#3670,1.);
#1678=VECTOR('',#3733,1.);
#1679=VECTOR('',#3734,1.);
#1680=VECTOR('',#3735,1.);
#1681=VECTOR('',#3738,1.);
#1682=VECTOR('',#3739,1.);
#1683=VECTOR('',#3742,1.);
#1684=VECTOR('',#3743,1.);
#1685=VECTOR('',#3746,1.);
#1686=VECTOR('',#3751,1.);
#1687=VECTOR('',#3752,1.);
#1688=VECTOR('',#3753,1.);
#1689=VECTOR('',#3756,1.);
#1690=VECTOR('',#3757,1.);
#1691=VECTOR('',#3760,1.);
#1692=VECTOR('',#3761,1.);
#1693=VECTOR('',#3764,1.);
#1694=VECTOR('',#3769,1.);
#1695=VECTOR('',#3770,1.);
#1696=VECTOR('',#3773,1.);
#1697=VECTOR('',#3774,1.);
#1698=VECTOR('',#3777,1.);
#1699=VECTOR('',#3778,1.);
#1700=VECTOR('',#3783,1.);
#1701=EDGE_LOOP('',(#225,#226,#227,#228,#229,#230,#231));
#1702=EDGE_LOOP('',(#232,#233,#234,#235,#236,#237,#238,#239,#240,#241,#242));
#1703=EDGE_LOOP('',(#243));
#1704=EDGE_LOOP('',(#244));
#1705=EDGE_LOOP('',(#245));
#1706=EDGE_LOOP('',(#246,#247,#248,#249));
#1707=EDGE_LOOP('',(#250,#251,#252,#253,#254,#255,#256,#257,#258,#259,#260,
#261,#262,#263,#264));
#1708=EDGE_LOOP('',(#265,#266,#267,#268));
#1709=EDGE_LOOP('',(#269));
#1710=EDGE_LOOP('',(#270));
#1711=EDGE_LOOP('',(#271));
#1712=EDGE_LOOP('',(#272));
#1713=EDGE_LOOP('',(#273));
#1714=EDGE_LOOP('',(#274));
#1715=EDGE_LOOP('',(#275));
#1716=EDGE_LOOP('',(#276));
#1717=EDGE_LOOP('',(#277));
#1718=EDGE_LOOP('',(#278));
#1719=EDGE_LOOP('',(#279));
#1720=EDGE_LOOP('',(#280));
#1721=EDGE_LOOP('',(#281));
#1722=EDGE_LOOP('',(#282));
#1723=EDGE_LOOP('',(#283));
#1724=EDGE_LOOP('',(#284));
#1725=EDGE_LOOP('',(#285));
#1726=EDGE_LOOP('',(#286));
#1727=EDGE_LOOP('',(#287));
#1728=EDGE_LOOP('',(#288));
#1729=EDGE_LOOP('',(#289));
#1730=EDGE_LOOP('',(#290));
#1731=EDGE_LOOP('',(#291));
#1732=EDGE_LOOP('',(#292));
#1733=EDGE_LOOP('',(#293));
#1734=EDGE_LOOP('',(#294));
#1735=EDGE_LOOP('',(#295));
#1736=EDGE_LOOP('',(#296));
#1737=EDGE_LOOP('',(#297));
#1738=EDGE_LOOP('',(#298));
#1739=EDGE_LOOP('',(#299));
#1740=EDGE_LOOP('',(#300));
#1741=EDGE_LOOP('',(#301));
#1742=EDGE_LOOP('',(#302,#303,#304,#305));
#1743=EDGE_LOOP('',(#306));
#1744=EDGE_LOOP('',(#307));
#1745=EDGE_LOOP('',(#308));
#1746=EDGE_LOOP('',(#309));
#1747=EDGE_LOOP('',(#310));
#1748=EDGE_LOOP('',(#311));
#1749=EDGE_LOOP('',(#312));
#1750=EDGE_LOOP('',(#313));
#1751=EDGE_LOOP('',(#314));
#1752=EDGE_LOOP('',(#315));
#1753=EDGE_LOOP('',(#316));
#1754=EDGE_LOOP('',(#317));
#1755=EDGE_LOOP('',(#318));
#1756=EDGE_LOOP('',(#319));
#1757=EDGE_LOOP('',(#320));
#1758=EDGE_LOOP('',(#321));
#1759=EDGE_LOOP('',(#322));
#1760=EDGE_LOOP('',(#323));
#1761=EDGE_LOOP('',(#324));
#1762=EDGE_LOOP('',(#325));
#1763=EDGE_LOOP('',(#326));
#1764=EDGE_LOOP('',(#327));
#1765=EDGE_LOOP('',(#328));
#1766=EDGE_LOOP('',(#329));
#1767=EDGE_LOOP('',(#330));
#1768=EDGE_LOOP('',(#331));
#1769=EDGE_LOOP('',(#332));
#1770=EDGE_LOOP('',(#333));
#1771=EDGE_LOOP('',(#334));
#1772=EDGE_LOOP('',(#335));
#1773=EDGE_LOOP('',(#336));
#1774=EDGE_LOOP('',(#337));
#1775=EDGE_LOOP('',(#338));
#1776=EDGE_LOOP('',(#339));
#1777=EDGE_LOOP('',(#340));
#1778=EDGE_LOOP('',(#341));
#1779=EDGE_LOOP('',(#342));
#1780=EDGE_LOOP('',(#343));
#1781=EDGE_LOOP('',(#344));
#1782=EDGE_LOOP('',(#345));
#1783=EDGE_LOOP('',(#346));
#1784=EDGE_LOOP('',(#347));
#1785=EDGE_LOOP('',(#348));
#1786=EDGE_LOOP('',(#349));
#1787=EDGE_LOOP('',(#350));
#1788=EDGE_LOOP('',(#351));
#1789=EDGE_LOOP('',(#352));
#1790=EDGE_LOOP('',(#353));
#1791=EDGE_LOOP('',(#354,#355,#356,#357));
#1792=EDGE_LOOP('',(#358,#359,#360,#361));
#1793=EDGE_LOOP('',(#362,#363,#364,#365));
#1794=EDGE_LOOP('',(#366,#367,#368,#369));
#1795=EDGE_LOOP('',(#370));
#1796=EDGE_LOOP('',(#371));
#1797=EDGE_LOOP('',(#372,#373,#374,#375,#376,#377,#378,#379,#380,#381,#382,
#383,#384,#385));
#1798=EDGE_LOOP('',(#386));
#1799=EDGE_LOOP('',(#387));
#1800=EDGE_LOOP('',(#388));
#1801=EDGE_LOOP('',(#389));
#1802=EDGE_LOOP('',(#390));
#1803=EDGE_LOOP('',(#391));
#1804=EDGE_LOOP('',(#392));
#1805=EDGE_LOOP('',(#393));
#1806=EDGE_LOOP('',(#394,#395,#396,#397,#398,#399,#400,#401,#402,#403,#404,
#405,#406,#407));
#1807=EDGE_LOOP('',(#408));
#1808=EDGE_LOOP('',(#409));
#1809=EDGE_LOOP('',(#410));
#1810=EDGE_LOOP('',(#411));
#1811=EDGE_LOOP('',(#412));
#1812=EDGE_LOOP('',(#413,#414,#415,#416,#417,#418,#419,#420,#421,#422,#423,
#424,#425,#426,#427));
#1813=EDGE_LOOP('',(#428,#429,#430));
#1814=EDGE_LOOP('',(#431,#432,#433,#434));
#1815=EDGE_LOOP('',(#435,#436,#437,#438,#439));
#1816=EDGE_LOOP('',(#440,#441,#442,#443));
#1817=EDGE_LOOP('',(#444,#445,#446,#447,#448,#449));
#1818=EDGE_LOOP('',(#450,#451,#452,#453));
#1819=EDGE_LOOP('',(#454));
#1820=EDGE_LOOP('',(#455));
#1821=EDGE_LOOP('',(#456,#457,#458,#459,#460,#461));
#1822=EDGE_LOOP('',(#462,#463,#464,#465));
#1823=EDGE_LOOP('',(#466,#467,#468,#469));
#1824=EDGE_LOOP('',(#470,#471,#472,#473));
#1825=EDGE_LOOP('',(#474));
#1826=EDGE_LOOP('',(#475));
#1827=EDGE_LOOP('',(#476));
#1828=EDGE_LOOP('',(#477,#478,#479,#480,#481));
#1829=EDGE_LOOP('',(#482,#483,#484,#485));
#1830=EDGE_LOOP('',(#486,#487,#488,#489));
#1831=EDGE_LOOP('',(#490,#491,#492,#493));
#1832=EDGE_LOOP('',(#494,#495,#496,#497));
#1833=EDGE_LOOP('',(#498,#499,#500,#501));
#1834=EDGE_LOOP('',(#502,#503,#504,#505));
#1835=EDGE_LOOP('',(#506,#507,#508,#509,#510,#511,#512,#513,#514));
#1836=EDGE_LOOP('',(#515,#516,#517,#518,#519,#520,#521,#522));
#1837=EDGE_LOOP('',(#523));
#1838=EDGE_LOOP('',(#524));
#1839=EDGE_LOOP('',(#525));
#1840=EDGE_LOOP('',(#526));
#1841=EDGE_LOOP('',(#527));
#1842=EDGE_LOOP('',(#528));
#1843=EDGE_LOOP('',(#529));
#1844=EDGE_LOOP('',(#530));
#1845=EDGE_LOOP('',(#531));
#1846=EDGE_LOOP('',(#532));
#1847=EDGE_LOOP('',(#533));
#1848=EDGE_LOOP('',(#534,#535,#536,#537));
#1849=EDGE_LOOP('',(#538));
#1850=EDGE_LOOP('',(#539));
#1851=EDGE_LOOP('',(#540));
#1852=EDGE_LOOP('',(#541));
#1853=EDGE_LOOP('',(#542));
#1854=EDGE_LOOP('',(#543));
#1855=EDGE_LOOP('',(#544));
#1856=EDGE_LOOP('',(#545,#546,#547,#548));
#1857=EDGE_LOOP('',(#549));
#1858=EDGE_LOOP('',(#550));
#1859=EDGE_LOOP('',(#551));
#1860=EDGE_LOOP('',(#552));
#1861=EDGE_LOOP('',(#553));
#1862=EDGE_LOOP('',(#554));
#1863=EDGE_LOOP('',(#555));
#1864=EDGE_LOOP('',(#556));
#1865=EDGE_LOOP('',(#557));
#1866=EDGE_LOOP('',(#558));
#1867=EDGE_LOOP('',(#559));
#1868=EDGE_LOOP('',(#560,#561,#562,#563));
#1869=EDGE_LOOP('',(#564));
#1870=EDGE_LOOP('',(#565));
#1871=EDGE_LOOP('',(#566));
#1872=EDGE_LOOP('',(#567));
#1873=EDGE_LOOP('',(#568));
#1874=EDGE_LOOP('',(#569));
#1875=EDGE_LOOP('',(#570));
#1876=EDGE_LOOP('',(#571));
#1877=EDGE_LOOP('',(#572));
#1878=EDGE_LOOP('',(#573));
#1879=EDGE_LOOP('',(#574));
#1880=EDGE_LOOP('',(#575));
#1881=EDGE_LOOP('',(#576));
#1882=EDGE_LOOP('',(#577));
#1883=EDGE_LOOP('',(#578));
#1884=EDGE_LOOP('',(#579));
#1885=EDGE_LOOP('',(#580));
#1886=EDGE_LOOP('',(#581));
#1887=EDGE_LOOP('',(#582));
#1888=EDGE_LOOP('',(#583));
#1889=EDGE_LOOP('',(#584));
#1890=EDGE_LOOP('',(#585));
#1891=EDGE_LOOP('',(#586));
#1892=EDGE_LOOP('',(#587));
#1893=EDGE_LOOP('',(#588));
#1894=EDGE_LOOP('',(#589));
#1895=EDGE_LOOP('',(#590));
#1896=EDGE_LOOP('',(#591));
#1897=EDGE_LOOP('',(#592));
#1898=EDGE_LOOP('',(#593));
#1899=EDGE_LOOP('',(#594));
#1900=EDGE_LOOP('',(#595));
#1901=EDGE_LOOP('',(#596));
#1902=EDGE_LOOP('',(#597));
#1903=EDGE_LOOP('',(#598));
#1904=EDGE_LOOP('',(#599));
#1905=EDGE_LOOP('',(#600));
#1906=EDGE_LOOP('',(#601));
#1907=EDGE_LOOP('',(#602));
#1908=EDGE_LOOP('',(#603));
#1909=EDGE_LOOP('',(#604));
#1910=EDGE_LOOP('',(#605));
#1911=EDGE_LOOP('',(#606));
#1912=EDGE_LOOP('',(#607));
#1913=EDGE_LOOP('',(#608));
#1914=EDGE_LOOP('',(#609));
#1915=EDGE_LOOP('',(#610));
#1916=EDGE_LOOP('',(#611));
#1917=EDGE_LOOP('',(#612));
#1918=EDGE_LOOP('',(#613));
#1919=EDGE_LOOP('',(#614));
#1920=EDGE_LOOP('',(#615));
#1921=EDGE_LOOP('',(#616));
#1922=EDGE_LOOP('',(#617));
#1923=EDGE_LOOP('',(#618,#619,#620,#621));
#1924=EDGE_LOOP('',(#622));
#1925=EDGE_LOOP('',(#623));
#1926=EDGE_LOOP('',(#624));
#1927=EDGE_LOOP('',(#625));
#1928=EDGE_LOOP('',(#626));
#1929=EDGE_LOOP('',(#627));
#1930=EDGE_LOOP('',(#628));
#1931=EDGE_LOOP('',(#629));
#1932=EDGE_LOOP('',(#630));
#1933=EDGE_LOOP('',(#631));
#1934=EDGE_LOOP('',(#632));
#1935=EDGE_LOOP('',(#633));
#1936=EDGE_LOOP('',(#634));
#1937=EDGE_LOOP('',(#635));
#1938=EDGE_LOOP('',(#636));
#1939=EDGE_LOOP('',(#637,#638,#639,#640));
#1940=EDGE_LOOP('',(#641,#642,#643,#644));
#1941=EDGE_LOOP('',(#645,#646,#647,#648));
#1942=EDGE_LOOP('',(#649,#650,#651,#652));
#1943=EDGE_LOOP('',(#653,#654,#655,#656));
#1944=EDGE_LOOP('',(#657,#658,#659,#660));
#1945=EDGE_LOOP('',(#661,#662,#663,#664));
#1946=EDGE_LOOP('',(#665,#666,#667,#668));
#1947=EDGE_LOOP('',(#669));
#1948=EDGE_LOOP('',(#670));
#1949=EDGE_LOOP('',(#671));
#1950=EDGE_LOOP('',(#672));
#1951=EDGE_LOOP('',(#673));
#1952=EDGE_LOOP('',(#674));
#1953=EDGE_LOOP('',(#675));
#1954=EDGE_LOOP('',(#676));
#1955=EDGE_LOOP('',(#677));
#1956=EDGE_LOOP('',(#678));
#1957=EDGE_LOOP('',(#679));
#1958=EDGE_LOOP('',(#680));
#1959=EDGE_LOOP('',(#681));
#1960=EDGE_LOOP('',(#682));
#1961=EDGE_LOOP('',(#683));
#1962=EDGE_LOOP('',(#684));
#1963=EDGE_LOOP('',(#685));
#1964=EDGE_LOOP('',(#686));
#1965=EDGE_LOOP('',(#687));
#1966=EDGE_LOOP('',(#688));
#1967=EDGE_LOOP('',(#689));
#1968=EDGE_LOOP('',(#690));
#1969=EDGE_LOOP('',(#691));
#1970=EDGE_LOOP('',(#692));
#1971=EDGE_LOOP('',(#693));
#1972=EDGE_LOOP('',(#694));
#1973=EDGE_LOOP('',(#695));
#1974=EDGE_LOOP('',(#696));
#1975=EDGE_LOOP('',(#697));
#1976=EDGE_LOOP('',(#698));
#1977=EDGE_LOOP('',(#699,#700,#701,#702));
#1978=EDGE_LOOP('',(#703,#704,#705,#706));
#1979=EDGE_LOOP('',(#707,#708,#709,#710));
#1980=EDGE_LOOP('',(#711,#712,#713,#714));
#1981=EDGE_LOOP('',(#715,#716,#717,#718));
#1982=EDGE_LOOP('',(#719,#720,#721,#722));
#1983=EDGE_LOOP('',(#723,#724,#725,#726));
#1984=EDGE_LOOP('',(#727,#728,#729,#730));
#1985=EDGE_LOOP('',(#731,#732,#733,#734));
#1986=EDGE_LOOP('',(#735,#736,#737,#738));
#1987=EDGE_LOOP('',(#739,#740,#741,#742));
#1988=EDGE_LOOP('',(#743,#744,#745,#746));
#1989=EDGE_LOOP('',(#747,#748,#749,#750));
#1990=EDGE_LOOP('',(#751,#752,#753));
#1991=EDGE_LOOP('',(#754,#755,#756));
#1992=EDGE_LOOP('',(#757));
#1993=EDGE_LOOP('',(#758));
#1994=EDGE_LOOP('',(#759));
#1995=EDGE_LOOP('',(#760));
#1996=EDGE_LOOP('',(#761));
#1997=EDGE_LOOP('',(#762,#763,#764,#765,#766,#767,#768,#769,#770,#771,#772,
#773,#774));
#1998=EDGE_LOOP('',(#775));
#1999=EDGE_LOOP('',(#776));
#2000=EDGE_LOOP('',(#777));
#2001=EDGE_LOOP('',(#778,#779,#780,#781,#782,#783,#784,#785,#786));
#2002=EDGE_LOOP('',(#787));
#2003=EDGE_LOOP('',(#788));
#2004=EDGE_LOOP('',(#789,#790,#791,#792));
#2005=EDGE_LOOP('',(#793,#794,#795,#796));
#2006=EDGE_LOOP('',(#797,#798,#799,#800));
#2007=EDGE_LOOP('',(#801));
#2008=EDGE_LOOP('',(#802));
#2009=EDGE_LOOP('',(#803));
#2010=EDGE_LOOP('',(#804));
#2011=EDGE_LOOP('',(#805));
#2012=EDGE_LOOP('',(#806));
#2013=EDGE_LOOP('',(#807));
#2014=EDGE_LOOP('',(#808));
#2015=EDGE_LOOP('',(#809));
#2016=EDGE_LOOP('',(#810));
#2017=EDGE_LOOP('',(#811));
#2018=EDGE_LOOP('',(#812));
#2019=EDGE_LOOP('',(#813));
#2020=EDGE_LOOP('',(#814));
#2021=EDGE_LOOP('',(#815));
#2022=EDGE_LOOP('',(#816));
#2023=EDGE_LOOP('',(#817));
#2024=EDGE_LOOP('',(#818));
#2025=EDGE_LOOP('',(#819));
#2026=EDGE_LOOP('',(#820));
#2027=EDGE_LOOP('',(#821));
#2028=EDGE_LOOP('',(#822));
#2029=EDGE_LOOP('',(#823));
#2030=EDGE_LOOP('',(#824));
#2031=EDGE_LOOP('',(#825));
#2032=EDGE_LOOP('',(#826));
#2033=EDGE_LOOP('',(#827));
#2034=EDGE_LOOP('',(#828));
#2035=EDGE_LOOP('',(#829));
#2036=EDGE_LOOP('',(#830));
#2037=FACE_BOUND('',#1701,.T.);
#2038=FACE_BOUND('',#1702,.T.);
#2039=FACE_BOUND('',#1703,.T.);
#2040=FACE_BOUND('',#1704,.T.);
#2041=FACE_BOUND('',#1705,.T.);
#2042=FACE_BOUND('',#1706,.T.);
#2043=FACE_BOUND('',#1707,.T.);
#2044=FACE_BOUND('',#1708,.T.);
#2045=FACE_BOUND('',#1709,.T.);
#2046=FACE_BOUND('',#1710,.T.);
#2047=FACE_BOUND('',#1711,.T.);
#2048=FACE_BOUND('',#1712,.T.);
#2049=FACE_BOUND('',#1713,.T.);
#2050=FACE_BOUND('',#1714,.T.);
#2051=FACE_BOUND('',#1715,.T.);
#2052=FACE_BOUND('',#1716,.T.);
#2053=FACE_BOUND('',#1717,.T.);
#2054=FACE_BOUND('',#1718,.T.);
#2055=FACE_BOUND('',#1719,.T.);
#2056=FACE_BOUND('',#1720,.T.);
#2057=FACE_BOUND('',#1721,.T.);
#2058=FACE_BOUND('',#1722,.T.);
#2059=FACE_BOUND('',#1723,.T.);
#2060=FACE_BOUND('',#1724,.T.);
#2061=FACE_BOUND('',#1725,.T.);
#2062=FACE_BOUND('',#1726,.T.);
#2063=FACE_BOUND('',#1727,.T.);
#2064=FACE_BOUND('',#1728,.T.);
#2065=FACE_BOUND('',#1729,.T.);
#2066=FACE_BOUND('',#1730,.T.);
#2067=FACE_BOUND('',#1731,.T.);
#2068=FACE_BOUND('',#1732,.T.);
#2069=FACE_BOUND('',#1733,.T.);
#2070=FACE_BOUND('',#1734,.T.);
#2071=FACE_BOUND('',#1735,.T.);
#2072=FACE_BOUND('',#1736,.T.);
#2073=FACE_BOUND('',#1737,.T.);
#2074=FACE_BOUND('',#1738,.T.);
#2075=FACE_BOUND('',#1739,.T.);
#2076=FACE_BOUND('',#1740,.T.);
#2077=FACE_BOUND('',#1741,.T.);
#2078=FACE_BOUND('',#1742,.T.);
#2079=FACE_BOUND('',#1743,.T.);
#2080=FACE_BOUND('',#1744,.T.);
#2081=FACE_BOUND('',#1745,.T.);
#2082=FACE_BOUND('',#1746,.T.);
#2083=FACE_BOUND('',#1747,.T.);
#2084=FACE_BOUND('',#1748,.T.);
#2085=FACE_BOUND('',#1749,.T.);
#2086=FACE_BOUND('',#1750,.T.);
#2087=FACE_BOUND('',#1751,.T.);
#2088=FACE_BOUND('',#1752,.T.);
#2089=FACE_BOUND('',#1753,.T.);
#2090=FACE_BOUND('',#1754,.T.);
#2091=FACE_BOUND('',#1755,.T.);
#2092=FACE_BOUND('',#1756,.T.);
#2093=FACE_BOUND('',#1757,.T.);
#2094=FACE_BOUND('',#1758,.T.);
#2095=FACE_BOUND('',#1759,.T.);
#2096=FACE_BOUND('',#1760,.T.);
#2097=FACE_BOUND('',#1761,.T.);
#2098=FACE_BOUND('',#1762,.T.);
#2099=FACE_BOUND('',#1763,.T.);
#2100=FACE_BOUND('',#1764,.T.);
#2101=FACE_BOUND('',#1765,.T.);
#2102=FACE_BOUND('',#1766,.T.);
#2103=FACE_BOUND('',#1767,.T.);
#2104=FACE_BOUND('',#1768,.T.);
#2105=FACE_BOUND('',#1769,.T.);
#2106=FACE_BOUND('',#1770,.T.);
#2107=FACE_BOUND('',#1771,.T.);
#2108=FACE_BOUND('',#1772,.T.);
#2109=FACE_BOUND('',#1773,.T.);
#2110=FACE_BOUND('',#1774,.T.);
#2111=FACE_BOUND('',#1775,.T.);
#2112=FACE_BOUND('',#1776,.T.);
#2113=FACE_BOUND('',#1777,.T.);
#2114=FACE_BOUND('',#1778,.T.);
#2115=FACE_BOUND('',#1779,.T.);
#2116=FACE_BOUND('',#1780,.T.);
#2117=FACE_BOUND('',#1781,.T.);
#2118=FACE_BOUND('',#1782,.T.);
#2119=FACE_BOUND('',#1783,.T.);
#2120=FACE_BOUND('',#1784,.T.);
#2121=FACE_BOUND('',#1785,.T.);
#2122=FACE_BOUND('',#1786,.T.);
#2123=FACE_BOUND('',#1787,.T.);
#2124=FACE_BOUND('',#1788,.T.);
#2125=FACE_BOUND('',#1789,.T.);
#2126=FACE_BOUND('',#1790,.T.);
#2127=FACE_BOUND('',#1791,.T.);
#2128=FACE_BOUND('',#1792,.T.);
#2129=FACE_BOUND('',#1793,.T.);
#2130=FACE_BOUND('',#1794,.T.);
#2131=FACE_BOUND('',#1795,.T.);
#2132=FACE_BOUND('',#1796,.T.);
#2133=FACE_BOUND('',#1797,.T.);
#2134=FACE_BOUND('',#1798,.T.);
#2135=FACE_BOUND('',#1799,.T.);
#2136=FACE_BOUND('',#1800,.T.);
#2137=FACE_BOUND('',#1801,.T.);
#2138=FACE_BOUND('',#1802,.T.);
#2139=FACE_BOUND('',#1803,.T.);
#2140=FACE_BOUND('',#1804,.T.);
#2141=FACE_BOUND('',#1805,.T.);
#2142=FACE_BOUND('',#1806,.T.);
#2143=FACE_BOUND('',#1807,.T.);
#2144=FACE_BOUND('',#1808,.T.);
#2145=FACE_BOUND('',#1809,.T.);
#2146=FACE_BOUND('',#1810,.T.);
#2147=FACE_BOUND('',#1811,.T.);
#2148=FACE_BOUND('',#1812,.T.);
#2149=FACE_BOUND('',#1813,.T.);
#2150=FACE_BOUND('',#1814,.T.);
#2151=FACE_BOUND('',#1815,.T.);
#2152=FACE_BOUND('',#1816,.T.);
#2153=FACE_BOUND('',#1817,.T.);
#2154=FACE_BOUND('',#1818,.T.);
#2155=FACE_BOUND('',#1819,.T.);
#2156=FACE_BOUND('',#1820,.T.);
#2157=FACE_BOUND('',#1821,.T.);
#2158=FACE_BOUND('',#1822,.T.);
#2159=FACE_BOUND('',#1823,.T.);
#2160=FACE_BOUND('',#1824,.T.);
#2161=FACE_BOUND('',#1825,.T.);
#2162=FACE_BOUND('',#1826,.T.);
#2163=FACE_BOUND('',#1827,.T.);
#2164=FACE_BOUND('',#1828,.T.);
#2165=FACE_BOUND('',#1829,.T.);
#2166=FACE_BOUND('',#1830,.T.);
#2167=FACE_BOUND('',#1831,.T.);
#2168=FACE_BOUND('',#1832,.T.);
#2169=FACE_BOUND('',#1833,.T.);
#2170=FACE_BOUND('',#1834,.T.);
#2171=FACE_BOUND('',#1835,.T.);
#2172=FACE_BOUND('',#1836,.T.);
#2173=FACE_BOUND('',#1837,.T.);
#2174=FACE_BOUND('',#1838,.T.);
#2175=FACE_BOUND('',#1839,.T.);
#2176=FACE_BOUND('',#1840,.T.);
#2177=FACE_BOUND('',#1841,.T.);
#2178=FACE_BOUND('',#1842,.T.);
#2179=FACE_BOUND('',#1843,.T.);
#2180=FACE_BOUND('',#1844,.T.);
#2181=FACE_BOUND('',#1845,.T.);
#2182=FACE_BOUND('',#1846,.T.);
#2183=FACE_BOUND('',#1847,.T.);
#2184=FACE_BOUND('',#1848,.T.);
#2185=FACE_BOUND('',#1849,.T.);
#2186=FACE_BOUND('',#1850,.T.);
#2187=FACE_BOUND('',#1851,.T.);
#2188=FACE_BOUND('',#1852,.T.);
#2189=FACE_BOUND('',#1853,.T.);
#2190=FACE_BOUND('',#1854,.T.);
#2191=FACE_BOUND('',#1855,.T.);
#2192=FACE_BOUND('',#1856,.T.);
#2193=FACE_BOUND('',#1857,.T.);
#2194=FACE_BOUND('',#1858,.T.);
#2195=FACE_BOUND('',#1859,.T.);
#2196=FACE_BOUND('',#1860,.T.);
#2197=FACE_BOUND('',#1861,.T.);
#2198=FACE_BOUND('',#1862,.T.);
#2199=FACE_BOUND('',#1863,.T.);
#2200=FACE_BOUND('',#1864,.T.);
#2201=FACE_BOUND('',#1865,.T.);
#2202=FACE_BOUND('',#1866,.T.);
#2203=FACE_BOUND('',#1867,.T.);
#2204=FACE_BOUND('',#1868,.T.);
#2205=FACE_BOUND('',#1869,.T.);
#2206=FACE_BOUND('',#1870,.T.);
#2207=FACE_BOUND('',#1871,.T.);
#2208=FACE_BOUND('',#1872,.T.);
#2209=FACE_BOUND('',#1873,.T.);
#2210=FACE_BOUND('',#1874,.T.);
#2211=FACE_BOUND('',#1875,.T.);
#2212=FACE_BOUND('',#1876,.T.);
#2213=FACE_BOUND('',#1877,.T.);
#2214=FACE_BOUND('',#1878,.T.);
#2215=FACE_BOUND('',#1879,.T.);
#2216=FACE_BOUND('',#1880,.T.);
#2217=FACE_BOUND('',#1881,.T.);
#2218=FACE_BOUND('',#1882,.T.);
#2219=FACE_BOUND('',#1883,.T.);
#2220=FACE_BOUND('',#1884,.T.);
#2221=FACE_BOUND('',#1885,.T.);
#2222=FACE_BOUND('',#1886,.T.);
#2223=FACE_BOUND('',#1887,.T.);
#2224=FACE_BOUND('',#1888,.T.);
#2225=FACE_BOUND('',#1889,.T.);
#2226=FACE_BOUND('',#1890,.T.);
#2227=FACE_BOUND('',#1891,.T.);
#2228=FACE_BOUND('',#1892,.T.);
#2229=FACE_BOUND('',#1893,.T.);
#2230=FACE_BOUND('',#1894,.T.);
#2231=FACE_BOUND('',#1895,.T.);
#2232=FACE_BOUND('',#1896,.T.);
#2233=FACE_BOUND('',#1897,.T.);
#2234=FACE_BOUND('',#1898,.T.);
#2235=FACE_BOUND('',#1899,.T.);
#2236=FACE_BOUND('',#1900,.T.);
#2237=FACE_BOUND('',#1901,.T.);
#2238=FACE_BOUND('',#1902,.T.);
#2239=FACE_BOUND('',#1903,.T.);
#2240=FACE_BOUND('',#1904,.T.);
#2241=FACE_BOUND('',#1905,.T.);
#2242=FACE_BOUND('',#1906,.T.);
#2243=FACE_BOUND('',#1907,.T.);
#2244=FACE_BOUND('',#1908,.T.);
#2245=FACE_BOUND('',#1909,.T.);
#2246=FACE_BOUND('',#1910,.T.);
#2247=FACE_BOUND('',#1911,.T.);
#2248=FACE_BOUND('',#1912,.T.);
#2249=FACE_BOUND('',#1913,.T.);
#2250=FACE_BOUND('',#1914,.T.);
#2251=FACE_BOUND('',#1915,.T.);
#2252=FACE_BOUND('',#1916,.T.);
#2253=FACE_BOUND('',#1917,.T.);
#2254=FACE_BOUND('',#1918,.T.);
#2255=FACE_BOUND('',#1919,.T.);
#2256=FACE_BOUND('',#1920,.T.);
#2257=FACE_BOUND('',#1921,.T.);
#2258=FACE_BOUND('',#1922,.T.);
#2259=FACE_BOUND('',#1923,.T.);
#2260=FACE_BOUND('',#1924,.T.);
#2261=FACE_BOUND('',#1925,.T.);
#2262=FACE_BOUND('',#1926,.T.);
#2263=FACE_BOUND('',#1927,.T.);
#2264=FACE_BOUND('',#1928,.T.);
#2265=FACE_BOUND('',#1929,.T.);
#2266=FACE_BOUND('',#1930,.T.);
#2267=FACE_BOUND('',#1931,.T.);
#2268=FACE_BOUND('',#1932,.T.);
#2269=FACE_BOUND('',#1933,.T.);
#2270=FACE_BOUND('',#1934,.T.);
#2271=FACE_BOUND('',#1935,.T.);
#2272=FACE_BOUND('',#1936,.T.);
#2273=FACE_BOUND('',#1937,.T.);
#2274=FACE_BOUND('',#1938,.T.);
#2275=FACE_BOUND('',#1939,.T.);
#2276=FACE_BOUND('',#1940,.T.);
#2277=FACE_BOUND('',#1941,.T.);
#2278=FACE_BOUND('',#1942,.T.);
#2279=FACE_BOUND('',#1943,.T.);
#2280=FACE_BOUND('',#1944,.T.);
#2281=FACE_BOUND('',#1945,.T.);
#2282=FACE_BOUND('',#1946,.T.);
#2283=FACE_BOUND('',#1947,.T.);
#2284=FACE_BOUND('',#1948,.T.);
#2285=FACE_BOUND('',#1949,.T.);
#2286=FACE_BOUND('',#1950,.T.);
#2287=FACE_BOUND('',#1951,.T.);
#2288=FACE_BOUND('',#1952,.T.);
#2289=FACE_BOUND('',#1953,.T.);
#2290=FACE_BOUND('',#1954,.T.);
#2291=FACE_BOUND('',#1955,.T.);
#2292=FACE_BOUND('',#1956,.T.);
#2293=FACE_BOUND('',#1957,.T.);
#2294=FACE_BOUND('',#1958,.T.);
#2295=FACE_BOUND('',#1959,.T.);
#2296=FACE_BOUND('',#1960,.T.);
#2297=FACE_BOUND('',#1961,.T.);
#2298=FACE_BOUND('',#1962,.T.);
#2299=FACE_BOUND('',#1963,.T.);
#2300=FACE_BOUND('',#1964,.T.);
#2301=FACE_BOUND('',#1965,.T.);
#2302=FACE_BOUND('',#1966,.T.);
#2303=FACE_BOUND('',#1967,.T.);
#2304=FACE_BOUND('',#1968,.T.);
#2305=FACE_BOUND('',#1969,.T.);
#2306=FACE_BOUND('',#1970,.T.);
#2307=FACE_BOUND('',#1971,.T.);
#2308=FACE_BOUND('',#1972,.T.);
#2309=FACE_BOUND('',#1973,.T.);
#2310=FACE_BOUND('',#1974,.T.);
#2311=FACE_BOUND('',#1975,.T.);
#2312=FACE_BOUND('',#1976,.T.);
#2313=FACE_BOUND('',#1977,.T.);
#2314=FACE_BOUND('',#1978,.T.);
#2315=FACE_BOUND('',#1979,.T.);
#2316=FACE_BOUND('',#1980,.T.);
#2317=FACE_BOUND('',#1981,.T.);
#2318=FACE_BOUND('',#1982,.T.);
#2319=FACE_BOUND('',#1983,.T.);
#2320=FACE_BOUND('',#1984,.T.);
#2321=FACE_BOUND('',#1985,.T.);
#2322=FACE_BOUND('',#1986,.T.);
#2323=FACE_BOUND('',#1987,.T.);
#2324=FACE_BOUND('',#1988,.T.);
#2325=FACE_BOUND('',#1989,.T.);
#2326=FACE_BOUND('',#1990,.T.);
#2327=FACE_BOUND('',#1991,.T.);
#2328=FACE_BOUND('',#1992,.T.);
#2329=FACE_BOUND('',#1993,.T.);
#2330=FACE_BOUND('',#1994,.T.);
#2331=FACE_BOUND('',#1995,.T.);
#2332=FACE_BOUND('',#1996,.T.);
#2333=FACE_BOUND('',#1997,.T.);
#2334=FACE_BOUND('',#1998,.T.);
#2335=FACE_BOUND('',#1999,.T.);
#2336=FACE_BOUND('',#2000,.T.);
#2337=FACE_BOUND('',#2001,.T.);
#2338=FACE_BOUND('',#2002,.T.);
#2339=FACE_BOUND('',#2003,.T.);
#2340=FACE_BOUND('',#2004,.T.);
#2341=FACE_BOUND('',#2005,.T.);
#2342=FACE_BOUND('',#2006,.T.);
#2343=FACE_BOUND('',#2007,.T.);
#2344=FACE_BOUND('',#2008,.T.);
#2345=FACE_BOUND('',#2009,.T.);
#2346=FACE_BOUND('',#2010,.T.);
#2347=FACE_BOUND('',#2011,.T.);
#2348=FACE_BOUND('',#2012,.T.);
#2349=FACE_BOUND('',#2013,.T.);
#2350=FACE_BOUND('',#2014,.T.);
#2351=FACE_BOUND('',#2015,.T.);
#2352=FACE_BOUND('',#2016,.T.);
#2353=FACE_BOUND('',#2017,.T.);
#2354=FACE_BOUND('',#2018,.T.);
#2355=FACE_BOUND('',#2019,.T.);
#2356=FACE_BOUND('',#2020,.T.);
#2357=FACE_BOUND('',#2021,.T.);
#2358=FACE_BOUND('',#2022,.T.);
#2359=FACE_BOUND('',#2023,.T.);
#2360=FACE_BOUND('',#2024,.T.);
#2361=FACE_BOUND('',#2025,.T.);
#2362=FACE_BOUND('',#2026,.T.);
#2363=FACE_BOUND('',#2027,.T.);
#2364=FACE_BOUND('',#2028,.T.);
#2365=FACE_BOUND('',#2029,.T.);
#2366=FACE_BOUND('',#2030,.T.);
#2367=FACE_BOUND('',#2031,.T.);
#2368=FACE_BOUND('',#2032,.T.);
#2369=FACE_BOUND('',#2033,.T.);
#2370=FACE_BOUND('',#2034,.T.);
#2371=FACE_BOUND('',#2035,.T.);
#2372=FACE_BOUND('',#2036,.T.);
#2373=PLANE('',#2703);
#2374=PLANE('',#2704);
#2375=PLANE('',#2711);
#2376=PLANE('',#2715);
#2377=PLANE('',#2719);
#2378=PLANE('',#2723);
#2379=PLANE('',#2727);
#2380=PLANE('',#2731);
#2381=PLANE('',#2735);
#2382=PLANE('',#2739);
#2383=PLANE('',#2743);
#2384=PLANE('',#2747);
#2385=PLANE('',#2751);
#2386=PLANE('',#2755);
#2387=PLANE('',#2756);
#2388=PLANE('',#2760);
#2389=PLANE('',#2764);
#2390=PLANE('',#2768);
#2391=PLANE('',#2772);
#2392=PLANE('',#2776);
#2393=PLANE('',#2780);
#2394=PLANE('',#2784);
#2395=PLANE('',#2788);
#2396=PLANE('',#2792);
#2397=PLANE('',#2796);
#2398=PLANE('',#2800);
#2399=PLANE('',#2811);
#2400=PLANE('',#2814);
#2401=PLANE('',#2815);
#2402=PLANE('',#2826);
#2403=PLANE('',#2827);
#2404=PLANE('',#2828);
#2405=PLANE('',#2829);
#2406=PLANE('',#2830);
#2407=PLANE('',#2831);
#2408=PLANE('',#2832);
#2409=PLANE('',#2835);
#2410=PLANE('',#2836);
#2411=PLANE('',#2837);
#2412=PLANE('',#2838);
#2413=PLANE('',#2842);
#2414=PLANE('',#2843);
#2415=PLANE('',#2844);
#2416=PLANE('',#2845);
#2417=PLANE('',#2846);
#2418=PLANE('',#2847);
#2419=PLANE('',#2848);
#2420=PLANE('',#2849);
#2421=PLANE('',#2850);
#2422=PLANE('',#2862);
#2423=PLANE('',#2870);
#2424=PLANE('',#2873);
#2425=PLANE('',#2876);
#2426=PLANE('',#2879);
#2427=PLANE('',#2882);
#2428=PLANE('',#2885);
#2429=PLANE('',#2888);
#2430=PLANE('',#2891);
#2431=PLANE('',#2894);
#2432=PLANE('',#2897);
#2433=PLANE('',#2900);
#2434=PLANE('',#2903);
#2435=PLANE('',#2906);
#2436=PLANE('',#2909);
#2437=PLANE('',#2912);
#2438=PLANE('',#2915);
#2439=PLANE('',#2918);
#2440=PLANE('',#2921);
#2441=PLANE('',#2924);
#2442=PLANE('',#2925);
#2443=PLANE('',#2928);
#2444=PLANE('',#2931);
#2445=PLANE('',#2934);
#2446=PLANE('',#2937);
#2447=PLANE('',#2940);
#2448=PLANE('',#2941);
#2449=PLANE('',#2942);
#2450=PLANE('',#2943);
#2451=PLANE('',#2944);
#2452=PLANE('',#2945);
#2453=PLANE('',#2946);
#2454=PLANE('',#2947);
#2455=PLANE('',#2948);
#2456=PLANE('',#2951);
#2457=PLANE('',#2954);
#2458=PLANE('',#2957);
#2459=PLANE('',#2960);
#2460=PLANE('',#2963);
#2461=PLANE('',#2966);
#2462=PLANE('',#2969);
#2463=PLANE('',#2972);
#2464=PLANE('',#2975);
#2465=PLANE('',#2978);
#2466=PLANE('',#2979);
#2467=PLANE('',#2980);
#2468=PLANE('',#2981);
#2469=PLANE('',#2982);
#2470=PLANE('',#2983);
#2471=PLANE('',#2984);
#2472=PLANE('',#2985);
#2473=PLANE('',#2986);
#2474=PLANE('',#2987);
#2475=PLANE('',#2988);
#2476=PLANE('',#2989);
#2477=PLANE('',#2990);
#2478=PLANE('',#2991);
#2479=PLANE('',#2992);
#2480=PLANE('',#2993);
#2481=PLANE('',#2994);
#2482=PLANE('',#3000);
#2483=PLANE('',#3004);
#2484=PLANE('',#3007);
#2485=PLANE('',#3008);
#2486=PLANE('',#3011);
#2487=PLANE('',#3014);
#2488=PLANE('',#3017);
#2489=PLANE('',#3020);
#2490=PLANE('',#3023);
#2491=PLANE('',#3026);
#2492=PLANE('',#3029);
#2493=PLANE('',#3032);
#2494=PLANE('',#3035);
#2495=PLANE('',#3038);
#2496=ADVANCED_FACE('',(#2037),#2373,.T.);
#2497=ADVANCED_FACE('',(#2038,#2039,#2040,#2041),#2374,.T.);
#2498=ADVANCED_FACE('',(#2042,#2043,#2044),#2375,.F.);
#2499=ADVANCED_FACE('',(#2045,#2046),#12,.F.);
#2500=ADVANCED_FACE('',(#2047),#2376,.T.);
#2501=ADVANCED_FACE('',(#2048,#2049),#13,.F.);
#2502=ADVANCED_FACE('',(#2050),#2377,.T.);
#2503=ADVANCED_FACE('',(#2051,#2052),#14,.F.);
#2504=ADVANCED_FACE('',(#2053),#2378,.T.);
#2505=ADVANCED_FACE('',(#2054,#2055),#15,.F.);
#2506=ADVANCED_FACE('',(#2056),#2379,.T.);
#2507=ADVANCED_FACE('',(#2057,#2058),#16,.F.);
#2508=ADVANCED_FACE('',(#2059),#2380,.T.);
#2509=ADVANCED_FACE('',(#2060,#2061),#17,.F.);
#2510=ADVANCED_FACE('',(#2062),#2381,.T.);
#2511=ADVANCED_FACE('',(#2063,#2064),#18,.F.);
#2512=ADVANCED_FACE('',(#2065),#2382,.T.);
#2513=ADVANCED_FACE('',(#2066,#2067),#19,.F.);
#2514=ADVANCED_FACE('',(#2068),#2383,.T.);
#2515=ADVANCED_FACE('',(#2069,#2070),#20,.F.);
#2516=ADVANCED_FACE('',(#2071),#2384,.T.);
#2517=ADVANCED_FACE('',(#2072,#2073),#21,.F.);
#2518=ADVANCED_FACE('',(#2074),#2385,.T.);
#2519=ADVANCED_FACE('',(#2075,#2076),#22,.F.);
#2520=ADVANCED_FACE('',(#2077),#2386,.T.);
#2521=ADVANCED_FACE('',(#2078,#2079,#2080,#2081,#2082,#2083,#2084,#2085,
#2086,#2087,#2088,#2089),#2387,.T.);
#2522=ADVANCED_FACE('',(#2090,#2091),#23,.F.);
#2523=ADVANCED_FACE('',(#2092),#2388,.T.);
#2524=ADVANCED_FACE('',(#2093,#2094),#24,.F.);
#2525=ADVANCED_FACE('',(#2095),#2389,.T.);
#2526=ADVANCED_FACE('',(#2096,#2097),#25,.F.);
#2527=ADVANCED_FACE('',(#2098),#2390,.T.);
#2528=ADVANCED_FACE('',(#2099,#2100),#26,.F.);
#2529=ADVANCED_FACE('',(#2101),#2391,.T.);
#2530=ADVANCED_FACE('',(#2102,#2103),#27,.F.);
#2531=ADVANCED_FACE('',(#2104),#2392,.T.);
#2532=ADVANCED_FACE('',(#2105,#2106),#28,.F.);
#2533=ADVANCED_FACE('',(#2107),#2393,.T.);
#2534=ADVANCED_FACE('',(#2108,#2109),#29,.F.);
#2535=ADVANCED_FACE('',(#2110),#2394,.T.);
#2536=ADVANCED_FACE('',(#2111,#2112),#30,.F.);
#2537=ADVANCED_FACE('',(#2113),#2395,.T.);
#2538=ADVANCED_FACE('',(#2114,#2115),#31,.F.);
#2539=ADVANCED_FACE('',(#2116),#2396,.T.);
#2540=ADVANCED_FACE('',(#2117,#2118),#32,.F.);
#2541=ADVANCED_FACE('',(#2119),#2397,.T.);
#2542=ADVANCED_FACE('',(#2120,#2121),#33,.F.);
#2543=ADVANCED_FACE('',(#2122),#2398,.T.);
#2544=ADVANCED_FACE('',(#2123,#2124),#34,.F.);
#2545=ADVANCED_FACE('',(#2125,#2126),#35,.F.);
#2546=ADVANCED_FACE('',(#2127),#36,.F.);
#2547=ADVANCED_FACE('',(#2128),#37,.F.);
#2548=ADVANCED_FACE('',(#2129),#38,.F.);
#2549=ADVANCED_FACE('',(#2130),#2399,.T.);
#2550=ADVANCED_FACE('',(#2131,#2132),#39,.F.);
#2551=ADVANCED_FACE('',(#2133,#2134,#2135,#2136),#2400,.F.);
#2552=ADVANCED_FACE('',(#2137,#2138,#2139,#2140,#2141,#2142,#2143,#2144,
#2145,#2146,#2147),#2401,.T.);
#2553=ADVANCED_FACE('',(#2148),#2402,.T.);
#2554=ADVANCED_FACE('',(#2149),#2403,.T.);
#2555=ADVANCED_FACE('',(#2150),#2404,.F.);
#2556=ADVANCED_FACE('',(#2151,#2152),#2405,.T.);
#2557=ADVANCED_FACE('',(#2153),#2406,.F.);
#2558=ADVANCED_FACE('',(#2154),#2407,.T.);
#2559=ADVANCED_FACE('',(#2155,#2156,#2157),#2408,.T.);
#2560=ADVANCED_FACE('',(#2158),#2409,.F.);
#2561=ADVANCED_FACE('',(#2159),#2410,.F.);
#2562=ADVANCED_FACE('',(#2160),#2411,.T.);
#2563=ADVANCED_FACE('',(#2161,#2162,#2163,#2164),#2412,.F.);
#2564=ADVANCED_FACE('',(#2165),#2413,.T.);
#2565=ADVANCED_FACE('',(#2166),#2414,.F.);
#2566=ADVANCED_FACE('',(#2167),#2415,.T.);
#2567=ADVANCED_FACE('',(#2168),#2416,.F.);
#2568=ADVANCED_FACE('',(#2169),#2417,.F.);
#2569=ADVANCED_FACE('',(#2170),#2418,.F.);
#2570=ADVANCED_FACE('',(#2171),#2419,.T.);
#2571=ADVANCED_FACE('',(#2172),#2420,.F.);
#2572=ADVANCED_FACE('',(#2173,#2174,#2175,#2176,#2177,#2178,#2179,#2180,
#2181,#2182,#2183,#2184),#2421,.F.);
#2573=ADVANCED_FACE('',(#2185,#2186,#2187,#2188,#2189,#2190,#2191,#2192),
#2422,.F.);
#2574=ADVANCED_FACE('',(#2193,#2194,#2195,#2196,#2197,#2198,#2199,#2200,
#2201,#2202,#2203,#2204),#2423,.F.);
#2575=ADVANCED_FACE('',(#2205,#2206),#40,.F.);
#2576=ADVANCED_FACE('',(#2207),#2424,.T.);
#2577=ADVANCED_FACE('',(#2208,#2209),#41,.F.);
#2578=ADVANCED_FACE('',(#2210),#2425,.T.);
#2579=ADVANCED_FACE('',(#2211,#2212),#42,.F.);
#2580=ADVANCED_FACE('',(#2213),#2426,.T.);
#2581=ADVANCED_FACE('',(#2214,#2215),#43,.F.);
#2582=ADVANCED_FACE('',(#2216),#2427,.T.);
#2583=ADVANCED_FACE('',(#2217,#2218),#44,.F.);
#2584=ADVANCED_FACE('',(#2219),#2428,.T.);
#2585=ADVANCED_FACE('',(#2220,#2221),#45,.F.);
#2586=ADVANCED_FACE('',(#2222),#2429,.T.);
#2587=ADVANCED_FACE('',(#2223,#2224),#46,.F.);
#2588=ADVANCED_FACE('',(#2225),#2430,.T.);
#2589=ADVANCED_FACE('',(#2226,#2227),#47,.F.);
#2590=ADVANCED_FACE('',(#2228),#2431,.T.);
#2591=ADVANCED_FACE('',(#2229,#2230),#48,.F.);
#2592=ADVANCED_FACE('',(#2231),#2432,.T.);
#2593=ADVANCED_FACE('',(#2232,#2233),#49,.F.);
#2594=ADVANCED_FACE('',(#2234),#2433,.T.);
#2595=ADVANCED_FACE('',(#2235,#2236),#50,.F.);
#2596=ADVANCED_FACE('',(#2237),#2434,.T.);
#2597=ADVANCED_FACE('',(#2238,#2239),#51,.F.);
#2598=ADVANCED_FACE('',(#2240),#2435,.T.);
#2599=ADVANCED_FACE('',(#2241,#2242),#52,.F.);
#2600=ADVANCED_FACE('',(#2243),#2436,.T.);
#2601=ADVANCED_FACE('',(#2244,#2245),#53,.F.);
#2602=ADVANCED_FACE('',(#2246),#2437,.T.);
#2603=ADVANCED_FACE('',(#2247,#2248),#54,.F.);
#2604=ADVANCED_FACE('',(#2249),#2438,.T.);
#2605=ADVANCED_FACE('',(#2250,#2251),#55,.F.);
#2606=ADVANCED_FACE('',(#2252),#2439,.T.);
#2607=ADVANCED_FACE('',(#2253,#2254),#56,.F.);
#2608=ADVANCED_FACE('',(#2255),#2440,.T.);
#2609=ADVANCED_FACE('',(#2256,#2257),#57,.F.);
#2610=ADVANCED_FACE('',(#2258),#2441,.T.);
#2611=ADVANCED_FACE('',(#2259),#2442,.T.);
#2612=ADVANCED_FACE('',(#2260,#2261),#58,.F.);
#2613=ADVANCED_FACE('',(#2262),#2443,.T.);
#2614=ADVANCED_FACE('',(#2263,#2264),#59,.F.);
#2615=ADVANCED_FACE('',(#2265),#2444,.T.);
#2616=ADVANCED_FACE('',(#2266,#2267),#60,.F.);
#2617=ADVANCED_FACE('',(#2268),#2445,.T.);
#2618=ADVANCED_FACE('',(#2269,#2270),#61,.F.);
#2619=ADVANCED_FACE('',(#2271),#2446,.T.);
#2620=ADVANCED_FACE('',(#2272,#2273),#62,.F.);
#2621=ADVANCED_FACE('',(#2274),#2447,.T.);
#2622=ADVANCED_FACE('',(#2275),#2448,.T.);
#2623=ADVANCED_FACE('',(#2276),#2449,.T.);
#2624=ADVANCED_FACE('',(#2277),#2450,.T.);
#2625=ADVANCED_FACE('',(#2278),#2451,.T.);
#2626=ADVANCED_FACE('',(#2279),#2452,.F.);
#2627=ADVANCED_FACE('',(#2280),#2453,.T.);
#2628=ADVANCED_FACE('',(#2281),#2454,.T.);
#2629=ADVANCED_FACE('',(#2282),#2455,.F.);
#2630=ADVANCED_FACE('',(#2283,#2284),#63,.F.);
#2631=ADVANCED_FACE('',(#2285),#2456,.T.);
#2632=ADVANCED_FACE('',(#2286,#2287),#64,.F.);
#2633=ADVANCED_FACE('',(#2288),#2457,.T.);
#2634=ADVANCED_FACE('',(#2289,#2290),#65,.F.);
#2635=ADVANCED_FACE('',(#2291),#2458,.T.);
#2636=ADVANCED_FACE('',(#2292,#2293),#66,.F.);
#2637=ADVANCED_FACE('',(#2294),#2459,.T.);
#2638=ADVANCED_FACE('',(#2295,#2296),#67,.F.);
#2639=ADVANCED_FACE('',(#2297),#2460,.T.);
#2640=ADVANCED_FACE('',(#2298,#2299),#68,.F.);
#2641=ADVANCED_FACE('',(#2300),#2461,.T.);
#2642=ADVANCED_FACE('',(#2301,#2302),#69,.F.);
#2643=ADVANCED_FACE('',(#2303),#2462,.T.);
#2644=ADVANCED_FACE('',(#2304,#2305),#70,.F.);
#2645=ADVANCED_FACE('',(#2306),#2463,.T.);
#2646=ADVANCED_FACE('',(#2307,#2308),#71,.F.);
#2647=ADVANCED_FACE('',(#2309),#2464,.T.);
#2648=ADVANCED_FACE('',(#2310,#2311),#72,.F.);
#2649=ADVANCED_FACE('',(#2312),#2465,.T.);
#2650=ADVANCED_FACE('',(#2313),#2466,.T.);
#2651=ADVANCED_FACE('',(#2314),#2467,.F.);
#2652=ADVANCED_FACE('',(#2315),#2468,.F.);
#2653=ADVANCED_FACE('',(#2316),#2469,.T.);
#2654=ADVANCED_FACE('',(#2317),#2470,.T.);
#2655=ADVANCED_FACE('',(#2318),#2471,.T.);
#2656=ADVANCED_FACE('',(#2319),#2472,.F.);
#2657=ADVANCED_FACE('',(#2320),#2473,.F.);
#2658=ADVANCED_FACE('',(#2321),#2474,.T.);
#2659=ADVANCED_FACE('',(#2322),#2475,.T.);
#2660=ADVANCED_FACE('',(#2323),#2476,.F.);
#2661=ADVANCED_FACE('',(#2324),#2477,.T.);
#2662=ADVANCED_FACE('',(#2325),#2478,.F.);
#2663=ADVANCED_FACE('',(#2326),#2479,.T.);
#2664=ADVANCED_FACE('',(#2327),#2480,.T.);
#2665=ADVANCED_FACE('',(#2328,#2329,#2330,#2331,#2332,#2333),#2481,.F.);
#2666=ADVANCED_FACE('',(#2334,#2335,#2336,#2337),#2482,.F.);
#2667=ADVANCED_FACE('',(#2338,#2339,#2340),#2483,.F.);
#2668=ADVANCED_FACE('',(#2341),#2484,.F.);
#2669=ADVANCED_FACE('',(#2342),#2485,.F.);
#2670=ADVANCED_FACE('',(#2343,#2344),#73,.F.);
#2671=ADVANCED_FACE('',(#2345),#2486,.F.);
#2672=ADVANCED_FACE('',(#2346,#2347),#74,.F.);
#2673=ADVANCED_FACE('',(#2348),#2487,.F.);
#2674=ADVANCED_FACE('',(#2349,#2350),#75,.F.);
#2675=ADVANCED_FACE('',(#2351),#2488,.F.);
#2676=ADVANCED_FACE('',(#2352,#2353),#76,.F.);
#2677=ADVANCED_FACE('',(#2354),#2489,.F.);
#2678=ADVANCED_FACE('',(#2355,#2356),#77,.F.);
#2679=ADVANCED_FACE('',(#2357),#2490,.F.);
#2680=ADVANCED_FACE('',(#2358,#2359),#78,.F.);
#2681=ADVANCED_FACE('',(#2360),#2491,.F.);
#2682=ADVANCED_FACE('',(#2361,#2362),#79,.F.);
#2683=ADVANCED_FACE('',(#2363),#2492,.F.);
#2684=ADVANCED_FACE('',(#2364,#2365),#80,.F.);
#2685=ADVANCED_FACE('',(#2366),#2493,.F.);
#2686=ADVANCED_FACE('',(#2367,#2368),#81,.F.);
#2687=ADVANCED_FACE('',(#2369),#2494,.F.);
#2688=ADVANCED_FACE('',(#2370,#2371),#82,.F.);
#2689=ADVANCED_FACE('',(#2372),#2495,.F.);
#2690=CLOSED_SHELL('',(#2496,#2497,#2498,#2499,#2500,#2501,#2502,#2503,
#2504,#2505,#2506,#2507,#2508,#2509,#2510,#2511,#2512,#2513,#2514,#2515,
#2516,#2517,#2518,#2519,#2520,#2521,#2522,#2523,#2524,#2525,#2526,#2527,
#2528,#2529,#2530,#2531,#2532,#2533,#2534,#2535,#2536,#2537,#2538,#2539,
#2540,#2541,#2542,#2543,#2544,#2545,#2546,#2547,#2548,#2549,#2550,#2551,
#2552,#2553,#2554,#2555,#2556,#2557,#2558,#2559,#2560,#2561,#2562,#2563,
#2564,#2565,#2566,#2567,#2568,#2569,#2570,#2571,#2572,#2573,#2574,#2575,
#2576,#2577,#2578,#2579,#2580,#2581,#2582,#2583,#2584,#2585,#2586,#2587,
#2588,#2589,#2590,#2591,#2592,#2593,#2594,#2595,#2596,#2597,#2598,#2599,
#2600,#2601,#2602,#2603,#2604,#2605,#2606,#2607,#2608,#2609,#2610,#2611,
#2612,#2613,#2614,#2615,#2616,#2617,#2618,#2619,#2620,#2621,#2622,#2623,
#2624,#2625,#2626,#2627,#2628,#2629,#2630,#2631,#2632,#2633,#2634,#2635,
#2636,#2637,#2638,#2639,#2640,#2641,#2642,#2643,#2644,#2645,#2646,#2647,
#2648,#2649,#2650,#2651,#2652,#2653,#2654,#2655,#2656,#2657,#2658,#2659,
#2660,#2661,#2662,#2663,#2664,#2665,#2666,#2667,#2668,#2669,#2670,#2671,
#2672,#2673,#2674,#2675,#2676,#2677,#2678,#2679,#2680,#2681,#2682,#2683,
#2684,#2685,#2686,#2687,#2688,#2689));
#2691=STYLED_ITEM('',(#2692),#2699);
#2692=PRESENTATION_STYLE_ASSIGNMENT((#2693));
#2693=SURFACE_STYLE_USAGE(.BOTH.,#2694);
#2694=SURFACE_SIDE_STYLE('',(#2695));
#2695=SURFACE_STYLE_FILL_AREA(#2696);
#2696=FILL_AREA_STYLE('',(#2697));
#2697=FILL_AREA_STYLE_COLOUR('',#2698);
#2698=COLOUR_RGB('',0.231372549019608,0.380392156862745,0.705882352941177);
#2699=MANIFOLD_SOLID_BREP('belowScreen',#2690);
#2700=SHAPE_DEFINITION_REPRESENTATION(#4623,#2701);
#2701=SHAPE_REPRESENTATION('belowScreen',(#2702),#4618);
#2702=AXIS2_PLACEMENT_3D('',#3874,#3039,#3040);
#2703=AXIS2_PLACEMENT_3D('',#3875,#3041,#3042);
#2704=AXIS2_PLACEMENT_3D('',#3890,#3050,#3051);
#2705=AXIS2_PLACEMENT_3D('',#3904,#3058,#3059);
#2706=AXIS2_PLACEMENT_3D('',#3908,#3061,#3062);
#2707=AXIS2_PLACEMENT_3D('',#3912,#3064,#3065);
#2708=AXIS2_PLACEMENT_3D('',#3913,#3066,#3067);
#2709=AXIS2_PLACEMENT_3D('',#3915,#3068,#3069);
#2710=AXIS2_PLACEMENT_3D('',#3917,#3070,#3071);
#2711=AXIS2_PLACEMENT_3D('',#3919,#3072,#3073);
#2712=AXIS2_PLACEMENT_3D('',#3963,#3096,#3097);
#2713=AXIS2_PLACEMENT_3D('',#3964,#3098,#3099);
#2714=AXIS2_PLACEMENT_3D('',#3966,#3100,#3101);
#2715=AXIS2_PLACEMENT_3D('',#3968,#3102,#3103);
#2716=AXIS2_PLACEMENT_3D('',#3969,#3104,#3105);
#2717=AXIS2_PLACEMENT_3D('',#3970,#3106,#3107);
#2718=AXIS2_PLACEMENT_3D('',#3972,#3108,#3109);
#2719=AXIS2_PLACEMENT_3D('',#3974,#3110,#3111);
#2720=AXIS2_PLACEMENT_3D('',#3975,#3112,#3113);
#2721=AXIS2_PLACEMENT_3D('',#3976,#3114,#3115);
#2722=AXIS2_PLACEMENT_3D('',#3978,#3116,#3117);
#2723=AXIS2_PLACEMENT_3D('',#3980,#3118,#3119);
#2724=AXIS2_PLACEMENT_3D('',#3981,#3120,#3121);
#2725=AXIS2_PLACEMENT_3D('',#3982,#3122,#3123);
#2726=AXIS2_PLACEMENT_3D('',#3984,#3124,#3125);
#2727=AXIS2_PLACEMENT_3D('',#3986,#3126,#3127);
#2728=AXIS2_PLACEMENT_3D('',#3987,#3128,#3129);
#2729=AXIS2_PLACEMENT_3D('',#3988,#3130,#3131);
#2730=AXIS2_PLACEMENT_3D('',#3990,#3132,#3133);
#2731=AXIS2_PLACEMENT_3D('',#3992,#3134,#3135);
#2732=AXIS2_PLACEMENT_3D('',#3993,#3136,#3137);
#2733=AXIS2_PLACEMENT_3D('',#3994,#3138,#3139);
#2734=AXIS2_PLACEMENT_3D('',#3996,#3140,#3141);
#2735=AXIS2_PLACEMENT_3D('',#3998,#3142,#3143);
#2736=AXIS2_PLACEMENT_3D('',#3999,#3144,#3145);
#2737=AXIS2_PLACEMENT_3D('',#4000,#3146,#3147);
#2738=AXIS2_PLACEMENT_3D('',#4002,#3148,#3149);
#2739=AXIS2_PLACEMENT_3D('',#4004,#3150,#3151);
#2740=AXIS2_PLACEMENT_3D('',#4005,#3152,#3153);
#2741=AXIS2_PLACEMENT_3D('',#4006,#3154,#3155);
#2742=AXIS2_PLACEMENT_3D('',#4008,#3156,#3157);
#2743=AXIS2_PLACEMENT_3D('',#4010,#3158,#3159);
#2744=AXIS2_PLACEMENT_3D('',#4011,#3160,#3161);
#2745=AXIS2_PLACEMENT_3D('',#4012,#3162,#3163);
#2746=AXIS2_PLACEMENT_3D('',#4014,#3164,#3165);
#2747=AXIS2_PLACEMENT_3D('',#4016,#3166,#3167);
#2748=AXIS2_PLACEMENT_3D('',#4017,#3168,#3169);
#2749=AXIS2_PLACEMENT_3D('',#4018,#3170,#3171);
#2750=AXIS2_PLACEMENT_3D('',#4020,#3172,#3173);
#2751=AXIS2_PLACEMENT_3D('',#4022,#3174,#3175);
#2752=AXIS2_PLACEMENT_3D('',#4023,#3176,#3177);
#2753=AXIS2_PLACEMENT_3D('',#4024,#3178,#3179);
#2754=AXIS2_PLACEMENT_3D('',#4026,#3180,#3181);
#2755=AXIS2_PLACEMENT_3D('',#4028,#3182,#3183);
#2756=AXIS2_PLACEMENT_3D('',#4029,#3184,#3185);
#2757=AXIS2_PLACEMENT_3D('',#4038,#3190,#3191);
#2758=AXIS2_PLACEMENT_3D('',#4039,#3192,#3193);
#2759=AXIS2_PLACEMENT_3D('',#4041,#3194,#3195);
#2760=AXIS2_PLACEMENT_3D('',#4043,#3196,#3197);
#2761=AXIS2_PLACEMENT_3D('',#4044,#3198,#3199);
#2762=AXIS2_PLACEMENT_3D('',#4045,#3200,#3201);
#2763=AXIS2_PLACEMENT_3D('',#4047,#3202,#3203);
#2764=AXIS2_PLACEMENT_3D('',#4049,#3204,#3205);
#2765=AXIS2_PLACEMENT_3D('',#4050,#3206,#3207);
#2766=AXIS2_PLACEMENT_3D('',#4051,#3208,#3209);
#2767=AXIS2_PLACEMENT_3D('',#4053,#3210,#3211);
#2768=AXIS2_PLACEMENT_3D('',#4055,#3212,#3213);
#2769=AXIS2_PLACEMENT_3D('',#4056,#3214,#3215);
#2770=AXIS2_PLACEMENT_3D('',#4057,#3216,#3217);
#2771=AXIS2_PLACEMENT_3D('',#4059,#3218,#3219);
#2772=AXIS2_PLACEMENT_3D('',#4061,#3220,#3221);
#2773=AXIS2_PLACEMENT_3D('',#4062,#3222,#3223);
#2774=AXIS2_PLACEMENT_3D('',#4063,#3224,#3225);
#2775=AXIS2_PLACEMENT_3D('',#4065,#3226,#3227);
#2776=AXIS2_PLACEMENT_3D('',#4067,#3228,#3229);
#2777=AXIS2_PLACEMENT_3D('',#4068,#3230,#3231);
#2778=AXIS2_PLACEMENT_3D('',#4069,#3232,#3233);
#2779=AXIS2_PLACEMENT_3D('',#4071,#3234,#3235);
#2780=AXIS2_PLACEMENT_3D('',#4073,#3236,#3237);
#2781=AXIS2_PLACEMENT_3D('',#4074,#3238,#3239);
#2782=AXIS2_PLACEMENT_3D('',#4075,#3240,#3241);
#2783=AXIS2_PLACEMENT_3D('',#4077,#3242,#3243);
#2784=AXIS2_PLACEMENT_3D('',#4079,#3244,#3245);
#2785=AXIS2_PLACEMENT_3D('',#4080,#3246,#3247);
#2786=AXIS2_PLACEMENT_3D('',#4081,#3248,#3249);
#2787=AXIS2_PLACEMENT_3D('',#4083,#3250,#3251);
#2788=AXIS2_PLACEMENT_3D('',#4085,#3252,#3253);
#2789=AXIS2_PLACEMENT_3D('',#4086,#3254,#3255);
#2790=AXIS2_PLACEMENT_3D('',#4087,#3256,#3257);
#2791=AXIS2_PLACEMENT_3D('',#4089,#3258,#3259);
#2792=AXIS2_PLACEMENT_3D('',#4091,#3260,#3261);
#2793=AXIS2_PLACEMENT_3D('',#4092,#3262,#3263);
#2794=AXIS2_PLACEMENT_3D('',#4093,#3264,#3265);
#2795=AXIS2_PLACEMENT_3D('',#4095,#3266,#3267);
#2796=AXIS2_PLACEMENT_3D('',#4097,#3268,#3269);
#2797=AXIS2_PLACEMENT_3D('',#4098,#3270,#3271);
#2798=AXIS2_PLACEMENT_3D('',#4099,#3272,#3273);
#2799=AXIS2_PLACEMENT_3D('',#4101,#3274,#3275);
#2800=AXIS2_PLACEMENT_3D('',#4103,#3276,#3277);
#2801=AXIS2_PLACEMENT_3D('',#4104,#3278,#3279);
#2802=AXIS2_PLACEMENT_3D('',#4105,#3280,#3281);
#2803=AXIS2_PLACEMENT_3D('',#4107,#3282,#3283);
#2804=AXIS2_PLACEMENT_3D('',#4108,#3284,#3285);
#2805=AXIS2_PLACEMENT_3D('',#4110,#3286,#3287);
#2806=AXIS2_PLACEMENT_3D('',#4115,#3290,#3291);
#2807=AXIS2_PLACEMENT_3D('',#4116,#3292,#3293);
#2808=AXIS2_PLACEMENT_3D('',#4121,#3296,#3297);
#2809=AXIS2_PLACEMENT_3D('',#4122,#3298,#3299);
#2810=AXIS2_PLACEMENT_3D('',#4127,#3302,#3303);
#2811=AXIS2_PLACEMENT_3D('',#4128,#3304,#3305);
#2812=AXIS2_PLACEMENT_3D('',#4134,#3309,#3310);
#2813=AXIS2_PLACEMENT_3D('',#4135,#3311,#3312);
#2814=AXIS2_PLACEMENT_3D('',#4137,#3313,#3314);
#2815=AXIS2_PLACEMENT_3D('',#4154,#3325,#3326);
#2816=AXIS2_PLACEMENT_3D('',#4155,#3327,#3328);
#2817=AXIS2_PLACEMENT_3D('',#4157,#3329,#3330);
#2818=AXIS2_PLACEMENT_3D('',#4159,#3331,#3332);
#2819=AXIS2_PLACEMENT_3D('',#4161,#3333,#3334);
#2820=AXIS2_PLACEMENT_3D('',#4163,#3335,#3336);
#2821=AXIS2_PLACEMENT_3D('',#4180,#3346,#3347);
#2822=AXIS2_PLACEMENT_3D('',#4182,#3348,#3349);
#2823=AXIS2_PLACEMENT_3D('',#4184,#3350,#3351);
#2824=AXIS2_PLACEMENT_3D('',#4186,#3352,#3353);
#2825=AXIS2_PLACEMENT_3D('',#4188,#3354,#3355);
#2826=AXIS2_PLACEMENT_3D('',#4190,#3356,#3357);
#2827=AXIS2_PLACEMENT_3D('',#4218,#3372,#3373);
#2828=AXIS2_PLACEMENT_3D('',#4220,#3375,#3376);
#2829=AXIS2_PLACEMENT_3D('',#4222,#3378,#3379);
#2830=AXIS2_PLACEMENT_3D('',#4235,#3387,#3388);
#2831=AXIS2_PLACEMENT_3D('',#4238,#3391,#3392);
#2832=AXIS2_PLACEMENT_3D('',#4240,#3394,#3395);
#2833=AXIS2_PLACEMENT_3D('',#4241,#3396,#3397);
#2834=AXIS2_PLACEMENT_3D('',#4243,#3398,#3399);
#2835=AXIS2_PLACEMENT_3D('',#4251,#3404,#3405);
#2836=AXIS2_PLACEMENT_3D('',#4253,#3407,#3408);
#2837=AXIS2_PLACEMENT_3D('',#4255,#3410,#3411);
#2838=AXIS2_PLACEMENT_3D('',#4257,#3413,#3414);
#2839=AXIS2_PLACEMENT_3D('',#4258,#3415,#3416);
#2840=AXIS2_PLACEMENT_3D('',#4260,#3417,#3418);
#2841=AXIS2_PLACEMENT_3D('',#4262,#3419,#3420);
#2842=AXIS2_PLACEMENT_3D('',#4269,#3424,#3425);
#2843=AXIS2_PLACEMENT_3D('',#4271,#3427,#3428);
#2844=AXIS2_PLACEMENT_3D('',#4274,#3431,#3432);
#2845=AXIS2_PLACEMENT_3D('',#4275,#3433,#3434);
#2846=AXIS2_PLACEMENT_3D('',#4276,#3435,#3436);
#2847=AXIS2_PLACEMENT_3D('',#4280,#3439,#3440);
#2848=AXIS2_PLACEMENT_3D('',#4282,#3442,#3443);
#2849=AXIS2_PLACEMENT_3D('',#4295,#3451,#3452);
#2850=AXIS2_PLACEMENT_3D('',#4305,#3458,#3459);
#2851=AXIS2_PLACEMENT_3D('',#4306,#3460,#3461);
#2852=AXIS2_PLACEMENT_3D('',#4308,#3462,#3463);
#2853=AXIS2_PLACEMENT_3D('',#4310,#3464,#3465);
#2854=AXIS2_PLACEMENT_3D('',#4312,#3466,#3467);
#2855=AXIS2_PLACEMENT_3D('',#4314,#3468,#3469);
#2856=AXIS2_PLACEMENT_3D('',#4316,#3470,#3471);
#2857=AXIS2_PLACEMENT_3D('',#4318,#3472,#3473);
#2858=AXIS2_PLACEMENT_3D('',#4320,#3474,#3475);
#2859=AXIS2_PLACEMENT_3D('',#4322,#3476,#3477);
#2860=AXIS2_PLACEMENT_3D('',#4324,#3478,#3479);
#2861=AXIS2_PLACEMENT_3D('',#4326,#3480,#3481);
#2862=AXIS2_PLACEMENT_3D('',#4330,#3484,#3485);
#2863=AXIS2_PLACEMENT_3D('',#4331,#3486,#3487);
#2864=AXIS2_PLACEMENT_3D('',#4333,#3488,#3489);
#2865=AXIS2_PLACEMENT_3D('',#4335,#3490,#3491);
#2866=AXIS2_PLACEMENT_3D('',#4337,#3492,#3493);
#2867=AXIS2_PLACEMENT_3D('',#4339,#3494,#3495);
#2868=AXIS2_PLACEMENT_3D('',#4341,#3496,#3497);
#2869=AXIS2_PLACEMENT_3D('',#4343,#3498,#3499);
#2870=AXIS2_PLACEMENT_3D('',#4346,#3501,#3502);
#2871=AXIS2_PLACEMENT_3D('',#4348,#3504,#3505);
#2872=AXIS2_PLACEMENT_3D('',#4349,#3506,#3507);
#2873=AXIS2_PLACEMENT_3D('',#4351,#3508,#3509);
#2874=AXIS2_PLACEMENT_3D('',#4352,#3510,#3511);
#2875=AXIS2_PLACEMENT_3D('',#4353,#3512,#3513);
#2876=AXIS2_PLACEMENT_3D('',#4355,#3514,#3515);
#2877=AXIS2_PLACEMENT_3D('',#4356,#3516,#3517);
#2878=AXIS2_PLACEMENT_3D('',#4357,#3518,#3519);
#2879=AXIS2_PLACEMENT_3D('',#4359,#3520,#3521);
#2880=AXIS2_PLACEMENT_3D('',#4360,#3522,#3523);
#2881=AXIS2_PLACEMENT_3D('',#4361,#3524,#3525);
#2882=AXIS2_PLACEMENT_3D('',#4363,#3526,#3527);
#2883=AXIS2_PLACEMENT_3D('',#4364,#3528,#3529);
#2884=AXIS2_PLACEMENT_3D('',#4365,#3530,#3531);
#2885=AXIS2_PLACEMENT_3D('',#4367,#3532,#3533);
#2886=AXIS2_PLACEMENT_3D('',#4368,#3534,#3535);
#2887=AXIS2_PLACEMENT_3D('',#4369,#3536,#3537);
#2888=AXIS2_PLACEMENT_3D('',#4371,#3538,#3539);
#2889=AXIS2_PLACEMENT_3D('',#4372,#3540,#3541);
#2890=AXIS2_PLACEMENT_3D('',#4373,#3542,#3543);
#2891=AXIS2_PLACEMENT_3D('',#4375,#3544,#3545);
#2892=AXIS2_PLACEMENT_3D('',#4376,#3546,#3547);
#2893=AXIS2_PLACEMENT_3D('',#4377,#3548,#3549);
#2894=AXIS2_PLACEMENT_3D('',#4379,#3550,#3551);
#2895=AXIS2_PLACEMENT_3D('',#4380,#3552,#3553);
#2896=AXIS2_PLACEMENT_3D('',#4381,#3554,#3555);
#2897=AXIS2_PLACEMENT_3D('',#4383,#3556,#3557);
#2898=AXIS2_PLACEMENT_3D('',#4384,#3558,#3559);
#2899=AXIS2_PLACEMENT_3D('',#4385,#3560,#3561);
#2900=AXIS2_PLACEMENT_3D('',#4387,#3562,#3563);
#2901=AXIS2_PLACEMENT_3D('',#4388,#3564,#3565);
#2902=AXIS2_PLACEMENT_3D('',#4389,#3566,#3567);
#2903=AXIS2_PLACEMENT_3D('',#4391,#3568,#3569);
#2904=AXIS2_PLACEMENT_3D('',#4392,#3570,#3571);
#2905=AXIS2_PLACEMENT_3D('',#4393,#3572,#3573);
#2906=AXIS2_PLACEMENT_3D('',#4395,#3574,#3575);
#2907=AXIS2_PLACEMENT_3D('',#4396,#3576,#3577);
#2908=AXIS2_PLACEMENT_3D('',#4397,#3578,#3579);
#2909=AXIS2_PLACEMENT_3D('',#4399,#3580,#3581);
#2910=AXIS2_PLACEMENT_3D('',#4400,#3582,#3583);
#2911=AXIS2_PLACEMENT_3D('',#4401,#3584,#3585);
#2912=AXIS2_PLACEMENT_3D('',#4403,#3586,#3587);
#2913=AXIS2_PLACEMENT_3D('',#4404,#3588,#3589);
#2914=AXIS2_PLACEMENT_3D('',#4405,#3590,#3591);
#2915=AXIS2_PLACEMENT_3D('',#4407,#3592,#3593);
#2916=AXIS2_PLACEMENT_3D('',#4408,#3594,#3595);
#2917=AXIS2_PLACEMENT_3D('',#4409,#3596,#3597);
#2918=AXIS2_PLACEMENT_3D('',#4411,#3598,#3599);
#2919=AXIS2_PLACEMENT_3D('',#4412,#3600,#3601);
#2920=AXIS2_PLACEMENT_3D('',#4413,#3602,#3603);
#2921=AXIS2_PLACEMENT_3D('',#4415,#3604,#3605);
#2922=AXIS2_PLACEMENT_3D('',#4416,#3606,#3607);
#2923=AXIS2_PLACEMENT_3D('',#4417,#3608,#3609);
#2924=AXIS2_PLACEMENT_3D('',#4419,#3610,#3611);
#2925=AXIS2_PLACEMENT_3D('',#4420,#3612,#3613);
#2926=AXIS2_PLACEMENT_3D('',#4421,#3614,#3615);
#2927=AXIS2_PLACEMENT_3D('',#4422,#3616,#3617);
#2928=AXIS2_PLACEMENT_3D('',#4424,#3618,#3619);
#2929=AXIS2_PLACEMENT_3D('',#4425,#3620,#3621);
#2930=AXIS2_PLACEMENT_3D('',#4426,#3622,#3623);
#2931=AXIS2_PLACEMENT_3D('',#4428,#3624,#3625);
#2932=AXIS2_PLACEMENT_3D('',#4429,#3626,#3627);
#2933=AXIS2_PLACEMENT_3D('',#4430,#3628,#3629);
#2934=AXIS2_PLACEMENT_3D('',#4432,#3630,#3631);
#2935=AXIS2_PLACEMENT_3D('',#4433,#3632,#3633);
#2936=AXIS2_PLACEMENT_3D('',#4434,#3634,#3635);
#2937=AXIS2_PLACEMENT_3D('',#4436,#3636,#3637);
#2938=AXIS2_PLACEMENT_3D('',#4437,#3638,#3639);
#2939=AXIS2_PLACEMENT_3D('',#4438,#3640,#3641);
#2940=AXIS2_PLACEMENT_3D('',#4440,#3642,#3643);
#2941=AXIS2_PLACEMENT_3D('',#4441,#3644,#3645);
#2942=AXIS2_PLACEMENT_3D('',#4447,#3649,#3650);
#2943=AXIS2_PLACEMENT_3D('',#4449,#3652,#3653);
#2944=AXIS2_PLACEMENT_3D('',#4451,#3655,#3656);
#2945=AXIS2_PLACEMENT_3D('',#4455,#3659,#3660);
#2946=AXIS2_PLACEMENT_3D('',#4459,#3663,#3664);
#2947=AXIS2_PLACEMENT_3D('',#4461,#3666,#3667);
#2948=AXIS2_PLACEMENT_3D('',#4462,#3668,#3669);
#2949=AXIS2_PLACEMENT_3D('',#4464,#3671,#3672);
#2950=AXIS2_PLACEMENT_3D('',#4465,#3673,#3674);
#2951=AXIS2_PLACEMENT_3D('',#4467,#3675,#3676);
#2952=AXIS2_PLACEMENT_3D('',#4468,#3677,#3678);
#2953=AXIS2_PLACEMENT_3D('',#4469,#3679,#3680);
#2954=AXIS2_PLACEMENT_3D('',#4471,#3681,#3682);
#2955=AXIS2_PLACEMENT_3D('',#4472,#3683,#3684);
#2956=AXIS2_PLACEMENT_3D('',#4473,#3685,#3686);
#2957=AXIS2_PLACEMENT_3D('',#4475,#3687,#3688);
#2958=AXIS2_PLACEMENT_3D('',#4476,#3689,#3690);
#2959=AXIS2_PLACEMENT_3D('',#4477,#3691,#3692);
#2960=AXIS2_PLACEMENT_3D('',#4479,#3693,#3694);
#2961=AXIS2_PLACEMENT_3D('',#4480,#3695,#3696);
#2962=AXIS2_PLACEMENT_3D('',#4481,#3697,#3698);
#2963=AXIS2_PLACEMENT_3D('',#4483,#3699,#3700);
#2964=AXIS2_PLACEMENT_3D('',#4484,#3701,#3702);
#2965=AXIS2_PLACEMENT_3D('',#4485,#3703,#3704);
#2966=AXIS2_PLACEMENT_3D('',#4487,#3705,#3706);
#2967=AXIS2_PLACEMENT_3D('',#4488,#3707,#3708);
#2968=AXIS2_PLACEMENT_3D('',#4489,#3709,#3710);
#2969=AXIS2_PLACEMENT_3D('',#4491,#3711,#3712);
#2970=AXIS2_PLACEMENT_3D('',#4492,#3713,#3714);
#2971=AXIS2_PLACEMENT_3D('',#4493,#3715,#3716);
#2972=AXIS2_PLACEMENT_3D('',#4495,#3717,#3718);
#2973=AXIS2_PLACEMENT_3D('',#4496,#3719,#3720);
#2974=AXIS2_PLACEMENT_3D('',#4497,#3721,#3722);
#2975=AXIS2_PLACEMENT_3D('',#4499,#3723,#3724);
#2976=AXIS2_PLACEMENT_3D('',#4500,#3725,#3726);
#2977=AXIS2_PLACEMENT_3D('',#4501,#3727,#3728);
#2978=AXIS2_PLACEMENT_3D('',#4503,#3729,#3730);
#2979=AXIS2_PLACEMENT_3D('',#4504,#3731,#3732);
#2980=AXIS2_PLACEMENT_3D('',#4510,#3736,#3737);
#2981=AXIS2_PLACEMENT_3D('',#4514,#3740,#3741);
#2982=AXIS2_PLACEMENT_3D('',#4518,#3744,#3745);
#2983=AXIS2_PLACEMENT_3D('',#4520,#3747,#3748);
#2984=AXIS2_PLACEMENT_3D('',#4521,#3749,#3750);
#2985=AXIS2_PLACEMENT_3D('',#4527,#3754,#3755);
#2986=AXIS2_PLACEMENT_3D('',#4531,#3758,#3759);
#2987=AXIS2_PLACEMENT_3D('',#4535,#3762,#3763);
#2988=AXIS2_PLACEMENT_3D('',#4537,#3765,#3766);
#2989=AXIS2_PLACEMENT_3D('',#4538,#3767,#3768);
#2990=AXIS2_PLACEMENT_3D('',#4542,#3771,#3772);
#2991=AXIS2_PLACEMENT_3D('',#4546,#3775,#3776);
#2992=AXIS2_PLACEMENT_3D('',#4549,#3779,#3780);
#2993=AXIS2_PLACEMENT_3D('',#4550,#3781,#3782);
#2994=AXIS2_PLACEMENT_3D('',#4552,#3784,#3785);
#2995=AXIS2_PLACEMENT_3D('',#4553,#3786,#3787);
#2996=AXIS2_PLACEMENT_3D('',#4555,#3788,#3789);
#2997=AXIS2_PLACEMENT_3D('',#4557,#3790,#3791);
#2998=AXIS2_PLACEMENT_3D('',#4559,#3792,#3793);
#2999=AXIS2_PLACEMENT_3D('',#4561,#3794,#3795);
#3000=AXIS2_PLACEMENT_3D('',#4563,#3796,#3797);
#3001=AXIS2_PLACEMENT_3D('',#4564,#3798,#3799);
#3002=AXIS2_PLACEMENT_3D('',#4566,#3800,#3801);
#3003=AXIS2_PLACEMENT_3D('',#4568,#3802,#3803);
#3004=AXIS2_PLACEMENT_3D('',#4570,#3804,#3805);
#3005=AXIS2_PLACEMENT_3D('',#4571,#3806,#3807);
#3006=AXIS2_PLACEMENT_3D('',#4573,#3808,#3809);
#3007=AXIS2_PLACEMENT_3D('',#4575,#3810,#3811);
#3008=AXIS2_PLACEMENT_3D('',#4576,#3812,#3813);
#3009=AXIS2_PLACEMENT_3D('',#4577,#3814,#3815);
#3010=AXIS2_PLACEMENT_3D('',#4578,#3816,#3817);
#3011=AXIS2_PLACEMENT_3D('',#4580,#3818,#3819);
#3012=AXIS2_PLACEMENT_3D('',#4581,#3820,#3821);
#3013=AXIS2_PLACEMENT_3D('',#4582,#3822,#3823);
#3014=AXIS2_PLACEMENT_3D('',#4584,#3824,#3825);
#3015=AXIS2_PLACEMENT_3D('',#4585,#3826,#3827);
#3016=AXIS2_PLACEMENT_3D('',#4586,#3828,#3829);
#3017=AXIS2_PLACEMENT_3D('',#4588,#3830,#3831);
#3018=AXIS2_PLACEMENT_3D('',#4589,#3832,#3833);
#3019=AXIS2_PLACEMENT_3D('',#4590,#3834,#3835);
#3020=AXIS2_PLACEMENT_3D('',#4592,#3836,#3837);
#3021=AXIS2_PLACEMENT_3D('',#4593,#3838,#3839);
#3022=AXIS2_PLACEMENT_3D('',#4594,#3840,#3841);
#3023=AXIS2_PLACEMENT_3D('',#4596,#3842,#3843);
#3024=AXIS2_PLACEMENT_3D('',#4597,#3844,#3845);
#3025=AXIS2_PLACEMENT_3D('',#4598,#3846,#3847);
#3026=AXIS2_PLACEMENT_3D('',#4600,#3848,#3849);
#3027=AXIS2_PLACEMENT_3D('',#4601,#3850,#3851);
#3028=AXIS2_PLACEMENT_3D('',#4602,#3852,#3853);
#3029=AXIS2_PLACEMENT_3D('',#4604,#3854,#3855);
#3030=AXIS2_PLACEMENT_3D('',#4605,#3856,#3857);
#3031=AXIS2_PLACEMENT_3D('',#4606,#3858,#3859);
#3032=AXIS2_PLACEMENT_3D('',#4608,#3860,#3861);
#3033=AXIS2_PLACEMENT_3D('',#4609,#3862,#3863);
#3034=AXIS2_PLACEMENT_3D('',#4610,#3864,#3865);
#3035=AXIS2_PLACEMENT_3D('',#4612,#3866,#3867);
#3036=AXIS2_PLACEMENT_3D('',#4613,#3868,#3869);
#3037=AXIS2_PLACEMENT_3D('',#4614,#3870,#3871);
#3038=AXIS2_PLACEMENT_3D('',#4616,#3872,#3873);
#3039=DIRECTION('',(0.,0.,1.));
#3040=DIRECTION('',(1.,0.,0.));
#3041=DIRECTION('',(0.,0.258819045102521,-0.965925826289068));
#3042=DIRECTION('',(1.,0.,0.));
#3043=DIRECTION('',(0.,-0.965925826289068,-0.258819045102521));
#3044=DIRECTION('',(-1.,0.,0.));
#3045=DIRECTION('',(0.,-0.965925826289068,-0.258819045102521));
#3046=DIRECTION('',(1.,1.26813826192877E-16,3.39796623174821E-17));
#3047=DIRECTION('',(0.0285443923231963,0.965532236451046,0.258713583023274));
#3048=DIRECTION('',(0.919903127987335,-0.378783640935961,-0.101494770694911));
#3049=DIRECTION('',(-0.919903127987335,-0.378783640935961,-0.101494770694911));
#3050=DIRECTION('',(0.,0.258819045102521,-0.965925826289068));
#3051=DIRECTION('',(1.,0.,0.));
#3052=DIRECTION('',(0.,-0.965925826289068,-0.258819045102521));
#3053=DIRECTION('',(-0.919903127987335,0.378783640935961,0.101494770694911));
#3054=DIRECTION('',(1.,2.64198250259288E-16,7.07917077986918E-17));
#3055=DIRECTION('',(0.,0.965925826289068,0.258819045102521));
#3056=DIRECTION('',(-1.,0.,0.));
#3057=DIRECTION('',(0.,-0.965925826289068,-0.258819045102521));
#3058=DIRECTION('',(0.,0.258819045102521,-0.965925826289068));
#3059=DIRECTION('',(0.,0.965925826289068,0.258819045102521));
#3060=DIRECTION('',(0.,-0.965925826289068,-0.258819045102521));
#3061=DIRECTION('',(0.,0.258819045102521,-0.965925826289068));
#3062=DIRECTION('',(0.,0.965925826289068,0.258819045102521));
#3063=DIRECTION('',(0.,-0.965925826289068,-0.258819045102521));
#3064=DIRECTION('',(0.,0.258819045102521,-0.965925826289068));
#3065=DIRECTION('',(0.,0.965925826289068,0.258819045102521));
#3066=DIRECTION('',(0.,0.258819045102521,-0.965925826289068));
#3067=DIRECTION('',(0.,0.965925826289068,0.258819045102521));
#3068=DIRECTION('',(0.,0.258819045102521,-0.965925826289068));
#3069=DIRECTION('',(0.,0.965925826289068,0.258819045102521));
#3070=DIRECTION('',(0.,0.258819045102521,-0.965925826289068));
#3071=DIRECTION('',(0.,0.965925826289068,0.258819045102521));
#3072=DIRECTION('',(0.,0.,1.));
#3073=DIRECTION('',(1.,0.,0.));
#3074=DIRECTION('',(-1.,0.,0.));
#3075=DIRECTION('',(0.,-1.,0.));
#3076=DIRECTION('',(-1.,0.,0.));
#3077=DIRECTION('',(0.,-1.,0.));
#3078=DIRECTION('',(1.,0.,0.));
#3079=DIRECTION('',(0.,1.,0.));
#3080=DIRECTION('',(0.,-1.,0.));
#3081=DIRECTION('',(-1.,-2.64198250259288E-16,0.));
#3082=DIRECTION('',(0.924678098474716,-0.380749805254294,0.));
#3083=DIRECTION('',(0.,1.,0.));
#3084=DIRECTION('',(1.,0.,0.));
#3085=DIRECTION('',(0.,-1.,0.));
#3086=DIRECTION('',(1.,0.,0.));
#3087=DIRECTION('',(0.,-1.,0.));
#3088=DIRECTION('',(-1.,0.,0.));
#3089=DIRECTION('',(0.,-1.,0.));
#3090=DIRECTION('',(1.,1.0927391974657E-16,0.));
#3091=DIRECTION('',(0.,1.,0.));
#3092=DIRECTION('',(0.,1.,0.));
#3093=DIRECTION('',(-1.,0.,0.));
#3094=DIRECTION('',(0.,1.,0.));
#3095=DIRECTION('',(-1.,0.,0.));
#3096=DIRECTION('',(-1.72555369582573E-15,0.965925826289069,0.258819045102521));
#3097=DIRECTION('',(0.,-0.258819045102521,0.965925826289068));
#3098=DIRECTION('',(-1.72555369582573E-15,0.965925826289069,0.258819045102521));
#3099=DIRECTION('',(0.,-0.258819045102521,0.965925826289068));
#3100=DIRECTION('',(-1.72555369582573E-15,0.965925826289069,0.258819045102521));
#3101=DIRECTION('',(0.,-0.258819045102521,0.965925826289068));
#3102=DIRECTION('',(-1.72555369582573E-15,0.965925826289069,0.258819045102521));
#3103=DIRECTION('',(-1.,-1.66675687944662E-15,-4.46606159826741E-16));
#3104=DIRECTION('',(-1.72555369582573E-15,0.965925826289069,0.258819045102521));
#3105=DIRECTION('',(0.,-0.258819045102521,0.965925826289068));
#3106=DIRECTION('',(-1.72555369582573E-15,0.965925826289069,0.258819045102521));
#3107=DIRECTION('',(0.,-0.258819045102521,0.965925826289068));
#3108=DIRECTION('',(-1.72555369582573E-15,0.965925826289069,0.258819045102521));
#3109=DIRECTION('',(0.,-0.258819045102521,0.965925826289068));
#3110=DIRECTION('',(-1.72555369582573E-15,0.965925826289069,0.258819045102521));
#3111=DIRECTION('',(-1.,-1.66675687944662E-15,-4.46606159826741E-16));
#3112=DIRECTION('',(-1.72555369582573E-15,0.965925826289069,0.258819045102521));
#3113=DIRECTION('',(0.,-0.258819045102521,0.965925826289068));
#3114=DIRECTION('',(-1.72555369582573E-15,0.965925826289069,0.258819045102521));
#3115=DIRECTION('',(0.,-0.258819045102521,0.965925826289068));
#3116=DIRECTION('',(-1.72555369582573E-15,0.965925826289069,0.258819045102521));
#3117=DIRECTION('',(0.,-0.258819045102521,0.965925826289068));
#3118=DIRECTION('',(-1.72555369582573E-15,0.965925826289069,0.258819045102521));
#3119=DIRECTION('',(-1.,-1.66675687944662E-15,-4.46606159826741E-16));
#3120=DIRECTION('',(-1.72555369582573E-15,0.965925826289069,0.258819045102521));
#3121=DIRECTION('',(0.,-0.258819045102521,0.965925826289068));
#3122=DIRECTION('',(-1.72555369582573E-15,0.965925826289069,0.258819045102521));
#3123=DIRECTION('',(0.,-0.258819045102521,0.965925826289068));
#3124=DIRECTION('',(-1.72555369582573E-15,0.965925826289069,0.258819045102521));
#3125=DIRECTION('',(0.,-0.258819045102521,0.965925826289068));
#3126=DIRECTION('',(-1.72555369582573E-15,0.965925826289069,0.258819045102521));
#3127=DIRECTION('',(-1.,-1.66675687944662E-15,-4.46606159826741E-16));
#3128=DIRECTION('',(-1.72555369582573E-15,0.965925826289069,0.258819045102521));
#3129=DIRECTION('',(0.,-0.258819045102521,0.965925826289068));
#3130=DIRECTION('',(-1.72555369582573E-15,0.965925826289069,0.258819045102521));
#3131=DIRECTION('',(0.,-0.258819045102521,0.965925826289068));
#3132=DIRECTION('',(-1.72555369582573E-15,0.965925826289069,0.258819045102521));
#3133=DIRECTION('',(0.,-0.258819045102521,0.965925826289068));
#3134=DIRECTION('',(-1.72555369582573E-15,0.965925826289069,0.258819045102521));
#3135=DIRECTION('',(-1.,-1.66675687944662E-15,-4.46606159826741E-16));
#3136=DIRECTION('',(-1.72555369582573E-15,0.965925826289069,0.258819045102521));
#3137=DIRECTION('',(0.,-0.258819045102521,0.965925826289068));
#3138=DIRECTION('',(-1.72555369582573E-15,0.965925826289069,0.258819045102521));
#3139=DIRECTION('',(0.,-0.258819045102521,0.965925826289068));
#3140=DIRECTION('',(-1.72555369582573E-15,0.965925826289069,0.258819045102521));
#3141=DIRECTION('',(0.,-0.258819045102521,0.965925826289068));
#3142=DIRECTION('',(-1.72555369582573E-15,0.965925826289069,0.258819045102521));
#3143=DIRECTION('',(-1.,-1.66675687944662E-15,-4.46606159826741E-16));
#3144=DIRECTION('',(-1.72555369582573E-15,0.965925826289069,0.258819045102521));
#3145=DIRECTION('',(0.,-0.258819045102521,0.965925826289068));
#3146=DIRECTION('',(-1.72555369582573E-15,0.965925826289069,0.258819045102521));
#3147=DIRECTION('',(0.,-0.258819045102521,0.965925826289068));
#3148=DIRECTION('',(-1.72555369582573E-15,0.965925826289069,0.258819045102521));
#3149=DIRECTION('',(0.,-0.258819045102521,0.965925826289068));
#3150=DIRECTION('',(-1.72555369582573E-15,0.965925826289069,0.258819045102521));
#3151=DIRECTION('',(-1.,-1.66675687944662E-15,-4.46606159826741E-16));
#3152=DIRECTION('',(-1.72555369582573E-15,0.965925826289069,0.258819045102521));
#3153=DIRECTION('',(0.,-0.258819045102521,0.965925826289068));
#3154=DIRECTION('',(-1.72555369582573E-15,0.965925826289069,0.258819045102521));
#3155=DIRECTION('',(0.,-0.258819045102521,0.965925826289068));
#3156=DIRECTION('',(-1.72555369582573E-15,0.965925826289069,0.258819045102521));
#3157=DIRECTION('',(0.,-0.258819045102521,0.965925826289068));
#3158=DIRECTION('',(-1.72555369582573E-15,0.965925826289069,0.258819045102521));
#3159=DIRECTION('',(-1.,-1.66675687944662E-15,-4.46606159826741E-16));
#3160=DIRECTION('',(-1.72555369582573E-15,0.965925826289069,0.258819045102521));
#3161=DIRECTION('',(0.,-0.258819045102521,0.965925826289068));
#3162=DIRECTION('',(-1.72555369582573E-15,0.965925826289069,0.258819045102521));
#3163=DIRECTION('',(0.,-0.258819045102521,0.965925826289068));
#3164=DIRECTION('',(-1.72555369582573E-15,0.965925826289069,0.258819045102521));
#3165=DIRECTION('',(0.,-0.258819045102521,0.965925826289068));
#3166=DIRECTION('',(-1.72555369582573E-15,0.965925826289069,0.258819045102521));
#3167=DIRECTION('',(-1.,-1.66675687944662E-15,-4.46606159826741E-16));
#3168=DIRECTION('',(-1.72555369582573E-15,0.965925826289069,0.258819045102521));
#3169=DIRECTION('',(0.,-0.258819045102521,0.965925826289068));
#3170=DIRECTION('',(-1.72555369582573E-15,0.965925826289069,0.258819045102521));
#3171=DIRECTION('',(0.,-0.258819045102521,0.965925826289068));
#3172=DIRECTION('',(-1.72555369582573E-15,0.965925826289069,0.258819045102521));
#3173=DIRECTION('',(0.,-0.258819045102521,0.965925826289068));
#3174=DIRECTION('',(-1.72555369582573E-15,0.965925826289069,0.258819045102521));
#3175=DIRECTION('',(-1.,-1.66675687944662E-15,-4.46606159826741E-16));
#3176=DIRECTION('',(-1.72555369582573E-15,0.965925826289069,0.258819045102521));
#3177=DIRECTION('',(0.,-0.258819045102521,0.965925826289068));
#3178=DIRECTION('',(-1.72555369582573E-15,0.965925826289069,0.258819045102521));
#3179=DIRECTION('',(0.,-0.258819045102521,0.965925826289068));
#3180=DIRECTION('',(-1.72555369582573E-15,0.965925826289069,0.258819045102521));
#3181=DIRECTION('',(0.,-0.258819045102521,0.965925826289068));
#3182=DIRECTION('',(-1.72555369582573E-15,0.965925826289069,0.258819045102521));
#3183=DIRECTION('',(-1.,-1.66675687944662E-15,-4.46606159826741E-16));
#3184=DIRECTION('',(0.,0.965925826289068,0.258819045102521));
#3185=DIRECTION('',(0.,-0.258819045102521,0.965925826289068));
#3186=DIRECTION('',(0.,0.258819045102521,-0.965925826289068));
#3187=DIRECTION('',(1.,0.,0.));
#3188=DIRECTION('',(-9.32944360663361E-17,-0.258819045102521,0.965925826289068));
#3189=DIRECTION('',(1.,0.,0.));
#3190=DIRECTION('',(3.37211244615043E-17,-0.965925826289069,-0.258819045102521));
#3191=DIRECTION('',(-4.62223186652937E-33,-0.258819045102521,0.965925826289068));
#3192=DIRECTION('',(-3.37211244615043E-17,0.965925826289069,0.258819045102521));
#3193=DIRECTION('',(-4.62223186652937E-33,-0.258819045102521,0.965925826289068));
#3194=DIRECTION('',(-3.37211244615043E-17,0.965925826289069,0.258819045102521));
#3195=DIRECTION('',(-4.62223186652937E-33,-0.258819045102521,0.965925826289068));
#3196=DIRECTION('',(3.37211244615043E-17,-0.965925826289069,-0.258819045102521));
#3197=DIRECTION('',(-1.,-3.25721050088751E-17,-8.72766923290979E-18));
#3198=DIRECTION('',(3.37211244615043E-17,-0.965925826289069,-0.258819045102521));
#3199=DIRECTION('',(-4.62223186652937E-33,-0.258819045102521,0.965925826289068));
#3200=DIRECTION('',(-3.37211244615043E-17,0.965925826289069,0.258819045102521));
#3201=DIRECTION('',(-4.62223186652937E-33,-0.258819045102521,0.965925826289068));
#3202=DIRECTION('',(-3.37211244615043E-17,0.965925826289069,0.258819045102521));
#3203=DIRECTION('',(-4.62223186652937E-33,-0.258819045102521,0.965925826289068));
#3204=DIRECTION('',(3.37211244615043E-17,-0.965925826289069,-0.258819045102521));
#3205=DIRECTION('',(-1.,-3.25721050088751E-17,-8.72766923290979E-18));
#3206=DIRECTION('',(3.37211244615043E-17,-0.965925826289069,-0.258819045102521));
#3207=DIRECTION('',(-4.62223186652937E-33,-0.258819045102521,0.965925826289068));
#3208=DIRECTION('',(-3.37211244615043E-17,0.965925826289069,0.258819045102521));
#3209=DIRECTION('',(-4.62223186652937E-33,-0.258819045102521,0.965925826289068));
#3210=DIRECTION('',(-3.37211244615043E-17,0.965925826289069,0.258819045102521));
#3211=DIRECTION('',(-4.62223186652937E-33,-0.258819045102521,0.965925826289068));
#3212=DIRECTION('',(3.37211244615043E-17,-0.965925826289069,-0.258819045102521));
#3213=DIRECTION('',(-1.,-3.25721050088751E-17,-8.72766923290979E-18));
#3214=DIRECTION('',(3.37211244615043E-17,-0.965925826289069,-0.258819045102521));
#3215=DIRECTION('',(-4.62223186652937E-33,-0.258819045102521,0.965925826289068));
#3216=DIRECTION('',(-3.37211244615043E-17,0.965925826289069,0.258819045102521));
#3217=DIRECTION('',(-4.62223186652937E-33,-0.258819045102521,0.965925826289068));
#3218=DIRECTION('',(-3.37211244615043E-17,0.965925826289069,0.258819045102521));
#3219=DIRECTION('',(-4.62223186652937E-33,-0.258819045102521,0.965925826289068));
#3220=DIRECTION('',(3.37211244615043E-17,-0.965925826289069,-0.258819045102521));
#3221=DIRECTION('',(-1.,-3.25721050088751E-17,-8.72766923290979E-18));
#3222=DIRECTION('',(3.37211244615043E-17,-0.965925826289069,-0.258819045102521));
#3223=DIRECTION('',(-4.62223186652937E-33,-0.258819045102521,0.965925826289068));
#3224=DIRECTION('',(-3.37211244615043E-17,0.965925826289069,0.258819045102521));
#3225=DIRECTION('',(-4.62223186652937E-33,-0.258819045102521,0.965925826289068));
#3226=DIRECTION('',(-3.37211244615043E-17,0.965925826289069,0.258819045102521));
#3227=DIRECTION('',(-4.62223186652937E-33,-0.258819045102521,0.965925826289068));
#3228=DIRECTION('',(3.37211244615043E-17,-0.965925826289069,-0.258819045102521));
#3229=DIRECTION('',(-1.,-3.25721050088751E-17,-8.72766923290979E-18));
#3230=DIRECTION('',(3.37211244615043E-17,-0.965925826289069,-0.258819045102521));
#3231=DIRECTION('',(-4.62223186652937E-33,-0.258819045102521,0.965925826289068));
#3232=DIRECTION('',(-3.37211244615043E-17,0.965925826289069,0.258819045102521));
#3233=DIRECTION('',(-4.62223186652937E-33,-0.258819045102521,0.965925826289068));
#3234=DIRECTION('',(-3.37211244615043E-17,0.965925826289069,0.258819045102521));
#3235=DIRECTION('',(-4.62223186652937E-33,-0.258819045102521,0.965925826289068));
#3236=DIRECTION('',(3.37211244615043E-17,-0.965925826289069,-0.258819045102521));
#3237=DIRECTION('',(-1.,-3.25721050088751E-17,-8.72766923290979E-18));
#3238=DIRECTION('',(3.37211244615043E-17,-0.965925826289069,-0.258819045102521));
#3239=DIRECTION('',(-4.62223186652937E-33,-0.258819045102521,0.965925826289068));
#3240=DIRECTION('',(-3.37211244615043E-17,0.965925826289069,0.258819045102521));
#3241=DIRECTION('',(-4.62223186652937E-33,-0.258819045102521,0.965925826289068));
#3242=DIRECTION('',(-3.37211244615043E-17,0.965925826289069,0.258819045102521));
#3243=DIRECTION('',(-4.62223186652937E-33,-0.258819045102521,0.965925826289068));
#3244=DIRECTION('',(3.37211244615043E-17,-0.965925826289069,-0.258819045102521));
#3245=DIRECTION('',(-1.,-3.25721050088751E-17,-8.72766923290979E-18));
#3246=DIRECTION('',(3.37211244615043E-17,-0.965925826289069,-0.258819045102521));
#3247=DIRECTION('',(-4.62223186652937E-33,-0.258819045102521,0.965925826289068));
#3248=DIRECTION('',(-3.37211244615043E-17,0.965925826289069,0.258819045102521));
#3249=DIRECTION('',(-4.62223186652937E-33,-0.258819045102521,0.965925826289068));
#3250=DIRECTION('',(-3.37211244615043E-17,0.965925826289069,0.258819045102521));
#3251=DIRECTION('',(-4.62223186652937E-33,-0.258819045102521,0.965925826289068));
#3252=DIRECTION('',(3.37211244615043E-17,-0.965925826289069,-0.258819045102521));
#3253=DIRECTION('',(-1.,-3.25721050088751E-17,-8.72766923290979E-18));
#3254=DIRECTION('',(3.37211244615043E-17,-0.965925826289069,-0.258819045102521));
#3255=DIRECTION('',(-4.62223186652937E-33,-0.258819045102521,0.965925826289068));
#3256=DIRECTION('',(-3.37211244615043E-17,0.965925826289069,0.258819045102521));
#3257=DIRECTION('',(-4.62223186652937E-33,-0.258819045102521,0.965925826289068));
#3258=DIRECTION('',(-3.37211244615043E-17,0.965925826289069,0.258819045102521));
#3259=DIRECTION('',(-4.62223186652937E-33,-0.258819045102521,0.965925826289068));
#3260=DIRECTION('',(3.37211244615043E-17,-0.965925826289069,-0.258819045102521));
#3261=DIRECTION('',(-1.,-3.25721050088751E-17,-8.72766923290979E-18));
#3262=DIRECTION('',(3.37211244615043E-17,-0.965925826289069,-0.258819045102521));
#3263=DIRECTION('',(-4.62223186652937E-33,-0.258819045102521,0.965925826289068));
#3264=DIRECTION('',(-3.37211244615043E-17,0.965925826289069,0.258819045102521));
#3265=DIRECTION('',(-4.62223186652937E-33,-0.258819045102521,0.965925826289068));
#3266=DIRECTION('',(-3.37211244615043E-17,0.965925826289069,0.258819045102521));
#3267=DIRECTION('',(-4.62223186652937E-33,-0.258819045102521,0.965925826289068));
#3268=DIRECTION('',(3.37211244615043E-17,-0.965925826289069,-0.258819045102521));
#3269=DIRECTION('',(-1.,-3.25721050088751E-17,-8.72766923290979E-18));
#3270=DIRECTION('',(3.37211244615043E-17,-0.965925826289069,-0.258819045102521));
#3271=DIRECTION('',(-4.62223186652937E-33,-0.258819045102521,0.965925826289068));
#3272=DIRECTION('',(-3.37211244615043E-17,0.965925826289069,0.258819045102521));
#3273=DIRECTION('',(-4.62223186652937E-33,-0.258819045102521,0.965925826289068));
#3274=DIRECTION('',(-3.37211244615043E-17,0.965925826289069,0.258819045102521));
#3275=DIRECTION('',(-4.62223186652937E-33,-0.258819045102521,0.965925826289068));
#3276=DIRECTION('',(3.37211244615043E-17,-0.965925826289069,-0.258819045102521));
#3277=DIRECTION('',(-1.,-3.25721050088751E-17,-8.72766923290979E-18));
#3278=DIRECTION('',(0.,-0.258819045102521,0.965925826289068));
#3279=DIRECTION('',(0.,-0.965925826289069,-0.258819045102521));
#3280=DIRECTION('',(0.,0.258819045102521,-0.965925826289068));
#3281=DIRECTION('',(0.,0.965925826289068,0.258819045102521));
#3282=DIRECTION('',(0.,-0.258819045102521,0.965925826289068));
#3283=DIRECTION('',(0.,-0.965925826289069,-0.258819045102521));
#3284=DIRECTION('',(0.,0.258819045102521,-0.965925826289068));
#3285=DIRECTION('',(0.,0.965925826289068,0.258819045102521));
#3286=DIRECTION('',(0.,-0.258819045102521,0.965925826289068));
#3287=DIRECTION('',(0.,-0.965925826289069,-0.258819045102521));
#3288=DIRECTION('',(0.,-0.258819045102521,0.965925826289068));
#3289=DIRECTION('',(0.,-0.258819045102521,0.965925826289068));
#3290=DIRECTION('',(0.,0.258819045102521,-0.965925826289068));
#3291=DIRECTION('',(0.,0.965925826289068,0.258819045102521));
#3292=DIRECTION('',(0.,-0.258819045102521,0.965925826289068));
#3293=DIRECTION('',(0.,-0.965925826289069,-0.258819045102521));
#3294=DIRECTION('',(0.,-0.258819045102521,0.965925826289068));
#3295=DIRECTION('',(0.,-0.258819045102521,0.965925826289068));
#3296=DIRECTION('',(0.,0.258819045102521,-0.965925826289068));
#3297=DIRECTION('',(0.,0.965925826289068,0.258819045102521));
#3298=DIRECTION('',(0.,-0.258819045102521,0.965925826289068));
#3299=DIRECTION('',(0.,-0.965925826289069,-0.258819045102521));
#3300=DIRECTION('',(0.,-0.258819045102521,0.965925826289068));
#3301=DIRECTION('',(0.,-0.258819045102521,0.965925826289068));
#3302=DIRECTION('',(0.,0.258819045102521,-0.965925826289068));
#3303=DIRECTION('',(0.,0.965925826289068,0.258819045102521));
#3304=DIRECTION('',(0.,0.965925826289068,0.258819045102521));
#3305=DIRECTION('',(0.,-0.258819045102521,0.965925826289069));
#3306=DIRECTION('',(0.,0.258819045102521,-0.965925826289069));
#3307=DIRECTION('',(-1.,0.,0.));
#3308=DIRECTION('',(0.,-0.258819045102521,0.965925826289068));
#3309=DIRECTION('',(0.,-0.258819045102521,0.965925826289068));
#3310=DIRECTION('',(0.,-0.965925826289069,-0.258819045102521));
#3311=DIRECTION('',(0.,0.258819045102521,-0.965925826289068));
#3312=DIRECTION('',(0.,0.965925826289068,0.258819045102521));
#3313=DIRECTION('',(0.,0.258819045102521,-0.965925826289068));
#3314=DIRECTION('',(1.,0.,0.));
#3315=DIRECTION('',(0.,-0.965925826289068,-0.258819045102521));
#3316=DIRECTION('',(0.,-0.965925826289068,-0.258819045102521));
#3317=DIRECTION('',(0.,-0.965925826289068,-0.258819045102521));
#3318=DIRECTION('',(0.,-0.965925826289068,-0.258819045102521));
#3319=DIRECTION('',(-1.,0.,0.));
#3320=DIRECTION('',(0.,0.965925826289068,0.258819045102521));
#3321=DIRECTION('',(-1.,0.,0.));
#3322=DIRECTION('',(0.,-0.965925826289068,-0.258819045102521));
#3323=DIRECTION('',(-1.,0.,0.));
#3324=DIRECTION('',(0.,-0.965925826289068,-0.258819045102521));
#3325=DIRECTION('',(-1.,0.,0.));
#3326=DIRECTION('',(0.,0.,1.));
#3327=DIRECTION('',(-1.,0.,0.));
#3328=DIRECTION('',(0.,0.,1.));
#3329=DIRECTION('',(-1.,0.,0.));
#3330=DIRECTION('',(0.,0.,1.));
#3331=DIRECTION('',(-1.,0.,0.));
#3332=DIRECTION('',(0.,0.,1.));
#3333=DIRECTION('',(-1.,0.,0.));
#3334=DIRECTION('',(0.,0.,1.));
#3335=DIRECTION('',(-1.,0.,0.));
#3336=DIRECTION('',(0.,0.,1.));
#3337=DIRECTION('',(0.,0.258819045102521,-0.965925826289068));
#3338=DIRECTION('',(0.,-0.965925826289068,-0.258819045102521));
#3339=DIRECTION('',(-3.60462020982194E-16,-1.,0.));
#3340=DIRECTION('',(0.,0.,-1.));
#3341=DIRECTION('',(0.,-1.,0.));
#3342=DIRECTION('',(0.,0.,-1.));
#3343=DIRECTION('',(0.,0.258819045102521,-0.965925826289068));
#3344=DIRECTION('',(0.,0.965925826289068,0.258819045102521));
#3345=DIRECTION('',(0.,0.258819045102521,-0.965925826289068));
#3346=DIRECTION('',(1.,-3.60462020982194E-16,0.));
#3347=DIRECTION('',(3.60462020982194E-16,1.,0.));
#3348=DIRECTION('',(1.,-3.60462020982194E-16,0.));
#3349=DIRECTION('',(3.60462020982194E-16,1.,0.));
#3350=DIRECTION('',(1.,-3.60462020982194E-16,0.));
#3351=DIRECTION('',(3.60462020982194E-16,1.,0.));
#3352=DIRECTION('',(1.,-3.60462020982194E-16,0.));
#3353=DIRECTION('',(3.60462020982194E-16,1.,0.));
#3354=DIRECTION('',(1.,-3.60462020982194E-16,0.));
#3355=DIRECTION('',(3.60462020982194E-16,1.,0.));
#3356=DIRECTION('',(0.,0.,1.));
#3357=DIRECTION('',(1.,0.,0.));
#3358=DIRECTION('',(0.,1.,0.));
#3359=DIRECTION('',(0.924678098474716,-0.380749805254294,0.));
#3360=DIRECTION('',(0.,-1.,0.));
#3361=DIRECTION('',(-1.,-1.26813826192877E-16,0.));
#3362=DIRECTION('',(1.,1.0927391974657E-16,0.));
#3363=DIRECTION('',(0.,-1.,0.));
#3364=DIRECTION('',(0.,-1.,0.));
#3365=DIRECTION('',(-1.,0.,0.));
#3366=DIRECTION('',(0.,-1.,0.));
#3367=DIRECTION('',(0.,-1.,0.));
#3368=DIRECTION('',(1.,0.,0.));
#3369=DIRECTION('',(0.,-1.,0.));
#3370=DIRECTION('',(0.,-1.,0.));
#3371=DIRECTION('',(-1.,0.,0.));
#3372=DIRECTION('',(-1.,0.,0.));
#3373=DIRECTION('',(0.,0.,1.));
#3374=DIRECTION('',(0.,0.,1.));
#3375=DIRECTION('',(-2.64198250259288E-16,1.,0.));
#3376=DIRECTION('',(-1.,-2.64198250259288E-16,0.));
#3377=DIRECTION('',(0.,0.,1.));
#3378=DIRECTION('',(1.,0.,0.));
#3379=DIRECTION('',(0.,0.,-1.));
#3380=DIRECTION('',(0.,0.,1.));
#3381=DIRECTION('',(0.,-1.,0.));
#3382=DIRECTION('',(0.,-0.965925826289068,-0.258819045102521));
#3383=DIRECTION('',(0.,0.0989862986970849,-0.995088796374601));
#3384=DIRECTION('',(0.,0.965925826289068,0.258819045102521));
#3385=DIRECTION('',(0.,0.258819045102521,-0.965925826289068));
#3386=DIRECTION('',(0.,0.258819045102521,-0.965925826289068));
#3387=DIRECTION('',(1.0927391974657E-16,-1.,0.));
#3388=DIRECTION('',(1.,1.0927391974657E-16,0.));
#3389=DIRECTION('',(1.,0.,0.));
#3390=DIRECTION('',(0.,0.,1.));
#3391=DIRECTION('',(-1.,0.,0.));
#3392=DIRECTION('',(0.,0.,1.));
#3393=DIRECTION('',(0.,0.,1.));
#3394=DIRECTION('',(0.,1.,0.));
#3395=DIRECTION('',(0.,0.,1.));
#3396=DIRECTION('',(0.,1.,0.));
#3397=DIRECTION('',(0.,0.,1.));
#3398=DIRECTION('',(0.,1.,0.));
#3399=DIRECTION('',(0.,0.,1.));
#3400=DIRECTION('',(0.,0.,1.));
#3401=DIRECTION('',(0.,0.,-1.));
#3402=DIRECTION('',(-1.,0.,0.));
#3403=DIRECTION('',(0.,0.,-1.));
#3404=DIRECTION('',(-1.,0.,0.));
#3405=DIRECTION('',(0.,0.,1.));
#3406=DIRECTION('',(0.,0.,1.));
#3407=DIRECTION('',(0.,-1.,0.));
#3408=DIRECTION('',(0.,0.,-1.));
#3409=DIRECTION('',(0.,0.,1.));
#3410=DIRECTION('',(-1.,0.,0.));
#3411=DIRECTION('',(0.,0.,1.));
#3412=DIRECTION('',(0.,0.,1.));
#3413=DIRECTION('',(0.,-1.,0.));
#3414=DIRECTION('',(0.,0.,-1.));
#3415=DIRECTION('',(0.,1.,0.));
#3416=DIRECTION('',(0.,0.,1.));
#3417=DIRECTION('',(0.,1.,0.));
#3418=DIRECTION('',(0.,0.,1.));
#3419=DIRECTION('',(0.,1.,0.));
#3420=DIRECTION('',(0.,0.,1.));
#3421=DIRECTION('',(0.,0.,1.));
#3422=DIRECTION('',(1.,0.,0.));
#3423=DIRECTION('',(0.,0.,-1.));
#3424=DIRECTION('',(-0.380749805254294,-0.924678098474716,0.));
#3425=DIRECTION('',(0.924678098474716,-0.380749805254294,0.));
#3426=DIRECTION('',(0.,0.,1.));
#3427=DIRECTION('',(0.,-0.258819045102521,0.965925826289068));
#3428=DIRECTION('',(0.,-0.965925826289069,-0.258819045102521));
#3429=DIRECTION('',(-1.,0.,0.));
#3430=DIRECTION('',(-1.,0.,0.));
#3431=DIRECTION('',(0.,0.965925826289068,0.258819045102521));
#3432=DIRECTION('',(0.,-0.258819045102521,0.965925826289068));
#3433=DIRECTION('',(0.,0.965925826289068,0.258819045102521));
#3434=DIRECTION('',(0.,-0.258819045102521,0.965925826289069));
#3435=DIRECTION('',(0.,-0.965925826289068,-0.258819045102521));
#3436=DIRECTION('',(0.,0.258819045102521,-0.965925826289068));
#3437=DIRECTION('',(0.,-0.258819045102521,0.965925826289069));
#3438=DIRECTION('',(-1.,0.,0.));
#3439=DIRECTION('',(1.26813826192877E-16,-1.,0.));
#3440=DIRECTION('',(1.,1.26813826192877E-16,0.));
#3441=DIRECTION('',(0.,0.,-1.));
#3442=DIRECTION('',(0.,-0.258819045102521,0.965925826289068));
#3443=DIRECTION('',(1.,0.,0.));
#3444=DIRECTION('',(0.,0.965925826289068,0.258819045102521));
#3445=DIRECTION('',(-1.,0.,0.));
#3446=DIRECTION('',(1.,0.,0.));
#3447=DIRECTION('',(0.,0.965925826289068,0.258819045102521));
#3448=DIRECTION('',(1.,0.,0.));
#3449=DIRECTION('',(0.,-0.965925826289068,-0.258819045102521));
#3450=DIRECTION('',(1.,0.,0.));
#3451=DIRECTION('',(0.,-0.258819045102521,0.965925826289068));
#3452=DIRECTION('',(1.,0.,0.));
#3453=DIRECTION('',(0.,0.965925826289068,0.258819045102521));
#3454=DIRECTION('',(1.,0.,0.));
#3455=DIRECTION('',(0.,-0.965925826289068,-0.258819045102521));
#3456=DIRECTION('',(1.,0.,0.));
#3457=DIRECTION('',(0.,0.965925826289068,0.258819045102521));
#3458=DIRECTION('',(0.,-0.965925826289068,-0.258819045102521));
#3459=DIRECTION('',(0.,0.258819045102521,-0.965925826289068));
#3460=DIRECTION('',(0.,0.965925826289068,0.258819045102521));
#3461=DIRECTION('',(0.,-0.258819045102521,0.965925826289068));
#3462=DIRECTION('',(0.,0.965925826289068,0.258819045102521));
#3463=DIRECTION('',(0.,-0.258819045102521,0.965925826289068));
#3464=DIRECTION('',(0.,0.965925826289068,0.258819045102521));
#3465=DIRECTION('',(0.,-0.258819045102521,0.965925826289068));
#3466=DIRECTION('',(0.,0.965925826289068,0.258819045102521));
#3467=DIRECTION('',(0.,-0.258819045102521,0.965925826289068));
#3468=DIRECTION('',(0.,0.965925826289068,0.258819045102521));
#3469=DIRECTION('',(0.,-0.258819045102521,0.965925826289068));
#3470=DIRECTION('',(0.,0.965925826289068,0.258819045102521));
#3471=DIRECTION('',(0.,-0.258819045102521,0.965925826289068));
#3472=DIRECTION('',(0.,0.965925826289068,0.258819045102521));
#3473=DIRECTION('',(0.,-0.258819045102521,0.965925826289068));
#3474=DIRECTION('',(0.,0.965925826289068,0.258819045102521));
#3475=DIRECTION('',(0.,-0.258819045102521,0.965925826289068));
#3476=DIRECTION('',(0.,0.965925826289068,0.258819045102521));
#3477=DIRECTION('',(0.,-0.258819045102521,0.965925826289068));
#3478=DIRECTION('',(0.,0.965925826289068,0.258819045102521));
#3479=DIRECTION('',(0.,-0.258819045102521,0.965925826289068));
#3480=DIRECTION('',(0.,0.965925826289068,0.258819045102521));
#3481=DIRECTION('',(0.,-0.258819045102521,0.965925826289068));
#3482=DIRECTION('',(0.,-0.258819045102521,0.965925826289068));
#3483=DIRECTION('',(0.,0.258819045102521,-0.965925826289068));
#3484=DIRECTION('',(1.,0.,0.));
#3485=DIRECTION('',(0.,0.,-1.));
#3486=DIRECTION('',(-1.,0.,0.));
#3487=DIRECTION('',(0.,0.,1.));
#3488=DIRECTION('',(-1.,0.,0.));
#3489=DIRECTION('',(0.,0.,1.));
#3490=DIRECTION('',(-1.,0.,0.));
#3491=DIRECTION('',(0.,0.,1.));
#3492=DIRECTION('',(-1.,0.,0.));
#3493=DIRECTION('',(0.,0.,1.));
#3494=DIRECTION('',(-1.,0.,0.));
#3495=DIRECTION('',(0.,0.,1.));
#3496=DIRECTION('',(-1.,0.,0.));
#3497=DIRECTION('',(0.,0.,1.));
#3498=DIRECTION('',(-1.,0.,0.));
#3499=DIRECTION('',(0.,0.,1.));
#3500=DIRECTION('',(0.,0.258819045102521,-0.965925826289068));
#3501=DIRECTION('',(0.,0.965925826289068,0.258819045102521));
#3502=DIRECTION('',(0.,-0.258819045102521,0.965925826289068));
#3503=DIRECTION('',(0.,0.258819045102521,-0.965925826289068));
#3504=DIRECTION('',(-1.,0.,0.));
#3505=DIRECTION('',(0.,0.,1.));
#3506=DIRECTION('',(-1.,0.,0.));
#3507=DIRECTION('',(0.,0.,1.));
#3508=DIRECTION('',(-1.,0.,0.));
#3509=DIRECTION('',(0.,-1.,0.));
#3510=DIRECTION('',(-1.,0.,0.));
#3511=DIRECTION('',(0.,0.,1.));
#3512=DIRECTION('',(-1.,0.,0.));
#3513=DIRECTION('',(0.,0.,1.));
#3514=DIRECTION('',(-1.,0.,0.));
#3515=DIRECTION('',(0.,-1.,0.));
#3516=DIRECTION('',(-1.,0.,0.));
#3517=DIRECTION('',(0.,0.,1.));
#3518=DIRECTION('',(-1.,0.,0.));
#3519=DIRECTION('',(0.,0.,1.));
#3520=DIRECTION('',(-1.,0.,0.));
#3521=DIRECTION('',(0.,-1.,0.));
#3522=DIRECTION('',(-1.,0.,0.));
#3523=DIRECTION('',(0.,0.,1.));
#3524=DIRECTION('',(-1.,0.,0.));
#3525=DIRECTION('',(0.,0.,1.));
#3526=DIRECTION('',(-1.,0.,0.));
#3527=DIRECTION('',(0.,-1.,0.));
#3528=DIRECTION('',(-1.,0.,0.));
#3529=DIRECTION('',(0.,0.,1.));
#3530=DIRECTION('',(-1.,0.,0.));
#3531=DIRECTION('',(0.,0.,1.));
#3532=DIRECTION('',(-1.,0.,0.));
#3533=DIRECTION('',(0.,-1.,0.));
#3534=DIRECTION('',(-1.,0.,0.));
#3535=DIRECTION('',(0.,0.,1.));
#3536=DIRECTION('',(-1.,0.,0.));
#3537=DIRECTION('',(0.,0.,1.));
#3538=DIRECTION('',(-1.,0.,0.));
#3539=DIRECTION('',(0.,-1.,0.));
#3540=DIRECTION('',(-1.,0.,0.));
#3541=DIRECTION('',(0.,0.,1.));
#3542=DIRECTION('',(-1.,0.,0.));
#3543=DIRECTION('',(0.,0.,1.));
#3544=DIRECTION('',(-1.,0.,0.));
#3545=DIRECTION('',(0.,-1.,0.));
#3546=DIRECTION('',(0.,0.965925826289068,0.258819045102521));
#3547=DIRECTION('',(0.,-0.258819045102521,0.965925826289068));
#3548=DIRECTION('',(0.,0.965925826289068,0.258819045102521));
#3549=DIRECTION('',(0.,-0.258819045102521,0.965925826289068));
#3550=DIRECTION('',(0.,0.965925826289068,0.258819045102521));
#3551=DIRECTION('',(-1.,0.,0.));
#3552=DIRECTION('',(0.,0.965925826289068,0.258819045102521));
#3553=DIRECTION('',(0.,-0.258819045102521,0.965925826289068));
#3554=DIRECTION('',(0.,0.965925826289068,0.258819045102521));
#3555=DIRECTION('',(0.,-0.258819045102521,0.965925826289068));
#3556=DIRECTION('',(0.,0.965925826289068,0.258819045102521));
#3557=DIRECTION('',(-1.,0.,0.));
#3558=DIRECTION('',(0.,0.965925826289068,0.258819045102521));
#3559=DIRECTION('',(0.,-0.258819045102521,0.965925826289068));
#3560=DIRECTION('',(0.,0.965925826289068,0.258819045102521));
#3561=DIRECTION('',(0.,-0.258819045102521,0.965925826289068));
#3562=DIRECTION('',(0.,0.965925826289068,0.258819045102521));
#3563=DIRECTION('',(-1.,0.,0.));
#3564=DIRECTION('',(0.,0.965925826289068,0.258819045102521));
#3565=DIRECTION('',(0.,-0.258819045102521,0.965925826289068));
#3566=DIRECTION('',(0.,0.965925826289068,0.258819045102521));
#3567=DIRECTION('',(0.,-0.258819045102521,0.965925826289068));
#3568=DIRECTION('',(0.,0.965925826289068,0.258819045102521));
#3569=DIRECTION('',(-1.,0.,0.));
#3570=DIRECTION('',(0.,0.965925826289068,0.258819045102521));
#3571=DIRECTION('',(0.,-0.258819045102521,0.965925826289068));
#3572=DIRECTION('',(0.,0.965925826289068,0.258819045102521));
#3573=DIRECTION('',(0.,-0.258819045102521,0.965925826289068));
#3574=DIRECTION('',(0.,0.965925826289068,0.258819045102521));
#3575=DIRECTION('',(-1.,0.,0.));
#3576=DIRECTION('',(0.,0.965925826289068,0.258819045102521));
#3577=DIRECTION('',(0.,-0.258819045102521,0.965925826289068));
#3578=DIRECTION('',(0.,0.965925826289068,0.258819045102521));
#3579=DIRECTION('',(0.,-0.258819045102521,0.965925826289068));
#3580=DIRECTION('',(0.,0.965925826289068,0.258819045102521));
#3581=DIRECTION('',(-1.,0.,0.));
#3582=DIRECTION('',(0.,0.965925826289068,0.258819045102521));
#3583=DIRECTION('',(0.,-0.258819045102521,0.965925826289068));
#3584=DIRECTION('',(0.,0.965925826289068,0.258819045102521));
#3585=DIRECTION('',(0.,-0.258819045102521,0.965925826289068));
#3586=DIRECTION('',(0.,0.965925826289068,0.258819045102521));
#3587=DIRECTION('',(-1.,0.,0.));
#3588=DIRECTION('',(0.,0.965925826289068,0.258819045102521));
#3589=DIRECTION('',(0.,-0.258819045102521,0.965925826289068));
#3590=DIRECTION('',(0.,0.965925826289068,0.258819045102521));
#3591=DIRECTION('',(0.,-0.258819045102521,0.965925826289068));
#3592=DIRECTION('',(0.,0.965925826289068,0.258819045102521));
#3593=DIRECTION('',(-1.,0.,0.));
#3594=DIRECTION('',(0.,0.965925826289068,0.258819045102521));
#3595=DIRECTION('',(0.,-0.258819045102521,0.965925826289068));
#3596=DIRECTION('',(0.,0.965925826289068,0.258819045102521));
#3597=DIRECTION('',(0.,-0.258819045102521,0.965925826289068));
#3598=DIRECTION('',(0.,0.965925826289068,0.258819045102521));
#3599=DIRECTION('',(-1.,0.,0.));
#3600=DIRECTION('',(0.,0.965925826289068,0.258819045102521));
#3601=DIRECTION('',(0.,-0.258819045102521,0.965925826289068));
#3602=DIRECTION('',(0.,0.965925826289068,0.258819045102521));
#3603=DIRECTION('',(0.,-0.258819045102521,0.965925826289068));
#3604=DIRECTION('',(0.,0.965925826289068,0.258819045102521));
#3605=DIRECTION('',(-1.,0.,0.));
#3606=DIRECTION('',(0.,0.965925826289068,0.258819045102521));
#3607=DIRECTION('',(0.,-0.258819045102521,0.965925826289068));
#3608=DIRECTION('',(0.,0.965925826289068,0.258819045102521));
#3609=DIRECTION('',(0.,-0.258819045102521,0.965925826289068));
#3610=DIRECTION('',(0.,0.965925826289068,0.258819045102521));
#3611=DIRECTION('',(-1.,0.,0.));
#3612=DIRECTION('',(0.,0.,1.));
#3613=DIRECTION('',(-1.,0.,0.));
#3614=DIRECTION('',(-1.,3.60462020982194E-16,0.));
#3615=DIRECTION('',(3.60462020982194E-16,1.,0.));
#3616=DIRECTION('',(1.,-3.60462020982194E-16,0.));
#3617=DIRECTION('',(3.60462020982194E-16,1.,0.));
#3618=DIRECTION('',(-1.,3.60462020982194E-16,0.));
#3619=DIRECTION('',(3.60462020982194E-16,1.,0.));
#3620=DIRECTION('',(-1.,3.60462020982194E-16,0.));
#3621=DIRECTION('',(3.60462020982194E-16,1.,0.));
#3622=DIRECTION('',(1.,-3.60462020982194E-16,0.));
#3623=DIRECTION('',(3.60462020982194E-16,1.,0.));
#3624=DIRECTION('',(-1.,3.60462020982194E-16,0.));
#3625=DIRECTION('',(3.60462020982194E-16,1.,0.));
#3626=DIRECTION('',(-1.,3.60462020982194E-16,0.));
#3627=DIRECTION('',(3.60462020982194E-16,1.,0.));
#3628=DIRECTION('',(1.,-3.60462020982194E-16,0.));
#3629=DIRECTION('',(3.60462020982194E-16,1.,0.));
#3630=DIRECTION('',(-1.,3.60462020982194E-16,0.));
#3631=DIRECTION('',(3.60462020982194E-16,1.,0.));
#3632=DIRECTION('',(-1.,3.60462020982194E-16,0.));
#3633=DIRECTION('',(3.60462020982194E-16,1.,0.));
#3634=DIRECTION('',(1.,-3.60462020982194E-16,0.));
#3635=DIRECTION('',(3.60462020982194E-16,1.,0.));
#3636=DIRECTION('',(-1.,3.60462020982194E-16,0.));
#3637=DIRECTION('',(3.60462020982194E-16,1.,0.));
#3638=DIRECTION('',(-1.,3.60462020982194E-16,0.));
#3639=DIRECTION('',(3.60462020982194E-16,1.,0.));
#3640=DIRECTION('',(1.,-3.60462020982194E-16,0.));
#3641=DIRECTION('',(3.60462020982194E-16,1.,0.));
#3642=DIRECTION('',(-1.,3.60462020982194E-16,0.));
#3643=DIRECTION('',(3.60462020982194E-16,1.,0.));
#3644=DIRECTION('',(0.,-1.,0.));
#3645=DIRECTION('',(0.,0.,-1.));
#3646=DIRECTION('',(0.,0.,1.));
#3647=DIRECTION('',(0.,0.,-1.));
#3648=DIRECTION('',(-1.,0.,0.));
#3649=DIRECTION('',(1.,0.,0.));
#3650=DIRECTION('',(0.,0.,-1.));
#3651=DIRECTION('',(0.,-1.,0.));
#3652=DIRECTION('',(0.,0.,1.));
#3653=DIRECTION('',(1.,0.,0.));
#3654=DIRECTION('',(0.,1.,0.));
#3655=DIRECTION('',(1.,0.,0.));
#3656=DIRECTION('',(0.,0.,-1.));
#3657=DIRECTION('',(0.,-1.,0.));
#3658=DIRECTION('',(0.,0.,-1.));
#3659=DIRECTION('',(1.,0.,0.));
#3660=DIRECTION('',(0.,0.,-1.));
#3661=DIRECTION('',(0.,0.,-1.));
#3662=DIRECTION('',(0.,-1.,0.));
#3663=DIRECTION('',(0.,-1.,0.));
#3664=DIRECTION('',(0.,0.,-1.));
#3665=DIRECTION('',(-1.,0.,0.));
#3666=DIRECTION('',(0.,0.,1.));
#3667=DIRECTION('',(1.,0.,0.));
#3668=DIRECTION('',(0.,0.995088796374601,0.0989862986970849));
#3669=DIRECTION('',(0.,-0.0989862986970849,0.995088796374601));
#3670=DIRECTION('',(0.,0.0989862986970849,-0.995088796374601));
#3671=DIRECTION('',(-1.,0.,0.));
#3672=DIRECTION('',(0.,0.,1.));
#3673=DIRECTION('',(-1.,0.,0.));
#3674=DIRECTION('',(0.,0.,1.));
#3675=DIRECTION('',(-1.,0.,0.));
#3676=DIRECTION('',(0.,-1.,0.));
#3677=DIRECTION('',(-1.,0.,0.));
#3678=DIRECTION('',(0.,0.,1.));
#3679=DIRECTION('',(-1.,0.,0.));
#3680=DIRECTION('',(0.,0.,1.));
#3681=DIRECTION('',(-1.,0.,0.));
#3682=DIRECTION('',(0.,-1.,0.));
#3683=DIRECTION('',(-1.,0.,0.));
#3684=DIRECTION('',(0.,0.,1.));
#3685=DIRECTION('',(-1.,0.,0.));
#3686=DIRECTION('',(0.,0.,1.));
#3687=DIRECTION('',(-1.,0.,0.));
#3688=DIRECTION('',(0.,-1.,0.));
#3689=DIRECTION('',(-1.,0.,0.));
#3690=DIRECTION('',(0.,0.,1.));
#3691=DIRECTION('',(-1.,0.,0.));
#3692=DIRECTION('',(0.,0.,1.));
#3693=DIRECTION('',(-1.,0.,0.));
#3694=DIRECTION('',(0.,-1.,0.));
#3695=DIRECTION('',(-1.,0.,0.));
#3696=DIRECTION('',(0.,0.,1.));
#3697=DIRECTION('',(-1.,0.,0.));
#3698=DIRECTION('',(0.,0.,1.));
#3699=DIRECTION('',(-1.,0.,0.));
#3700=DIRECTION('',(0.,-1.,0.));
#3701=DIRECTION('',(0.,1.,0.));
#3702=DIRECTION('',(0.,0.,1.));
#3703=DIRECTION('',(0.,1.,0.));
#3704=DIRECTION('',(0.,0.,1.));
#3705=DIRECTION('',(0.,1.,0.));
#3706=DIRECTION('',(-1.,0.,0.));
#3707=DIRECTION('',(0.,1.,0.));
#3708=DIRECTION('',(0.,0.,1.));
#3709=DIRECTION('',(0.,1.,0.));
#3710=DIRECTION('',(0.,0.,1.));
#3711=DIRECTION('',(0.,1.,0.));
#3712=DIRECTION('',(-1.,0.,0.));
#3713=DIRECTION('',(0.,1.,0.));
#3714=DIRECTION('',(0.,0.,1.));
#3715=DIRECTION('',(0.,1.,0.));
#3716=DIRECTION('',(0.,0.,1.));
#3717=DIRECTION('',(0.,1.,0.));
#3718=DIRECTION('',(-1.,0.,0.));
#3719=DIRECTION('',(0.,1.,0.));
#3720=DIRECTION('',(0.,0.,1.));
#3721=DIRECTION('',(0.,1.,0.));
#3722=DIRECTION('',(0.,0.,1.));
#3723=DIRECTION('',(0.,1.,0.));
#3724=DIRECTION('',(-1.,0.,0.));
#3725=DIRECTION('',(0.,1.,0.));
#3726=DIRECTION('',(0.,0.,1.));
#3727=DIRECTION('',(0.,1.,0.));
#3728=DIRECTION('',(0.,0.,1.));
#3729=DIRECTION('',(0.,1.,0.));
#3730=DIRECTION('',(-1.,0.,0.));
#3731=DIRECTION('',(0.,-1.,0.));
#3732=DIRECTION('',(0.,0.,-1.));
#3733=DIRECTION('',(0.,0.,-1.));
#3734=DIRECTION('',(-1.,0.,0.));
#3735=DIRECTION('',(0.,0.,-1.));
#3736=DIRECTION('',(1.,0.,0.));
#3737=DIRECTION('',(0.,0.,-1.));
#3738=DIRECTION('',(0.,0.,-1.));
#3739=DIRECTION('',(0.,-1.,0.));
#3740=DIRECTION('',(0.,-1.,0.));
#3741=DIRECTION('',(0.,0.,-1.));
#3742=DIRECTION('',(0.,0.,-1.));
#3743=DIRECTION('',(-1.,0.,0.));
#3744=DIRECTION('',(1.,0.,0.));
#3745=DIRECTION('',(0.,0.,-1.));
#3746=DIRECTION('',(0.,-1.,0.));
#3747=DIRECTION('',(0.,0.,-1.));
#3748=DIRECTION('',(1.,0.,0.));
#3749=DIRECTION('',(-1.,0.,0.));
#3750=DIRECTION('',(0.,0.,1.));
#3751=DIRECTION('',(0.,0.,-1.));
#3752=DIRECTION('',(0.,1.,0.));
#3753=DIRECTION('',(0.,0.,-1.));
#3754=DIRECTION('',(0.,-1.,0.));
#3755=DIRECTION('',(0.,0.,-1.));
#3756=DIRECTION('',(0.,0.,-1.));
#3757=DIRECTION('',(-1.,0.,0.));
#3758=DIRECTION('',(-1.,0.,0.));
#3759=DIRECTION('',(0.,0.,1.));
#3760=DIRECTION('',(0.,0.,-1.));
#3761=DIRECTION('',(0.,1.,0.));
#3762=DIRECTION('',(0.,-1.,0.));
#3763=DIRECTION('',(0.,0.,-1.));
#3764=DIRECTION('',(-1.,0.,0.));
#3765=DIRECTION('',(0.,0.,-1.));
#3766=DIRECTION('',(1.,0.,0.));
#3767=DIRECTION('',(-1.,0.,0.));
#3768=DIRECTION('',(0.,0.,1.));
#3769=DIRECTION('',(0.,0.,-1.));
#3770=DIRECTION('',(0.,-1.,0.));
#3771=DIRECTION('',(0.380749805254294,0.924678098474716,0.));
#3772=DIRECTION('',(-0.924678098474716,0.380749805254294,0.));
#3773=DIRECTION('',(-0.919903127987335,0.378783640935961,0.101494770694911));
#3774=DIRECTION('',(0.,0.,-1.));
#3775=DIRECTION('',(-0.376498982593953,-0.925485252912923,0.0415398934329601));
#3776=DIRECTION('',(0.926284779223849,-0.376824239902671,0.));
#3777=DIRECTION('',(-0.109666545604547,0.,-0.993968434496371));
#3778=DIRECTION('',(-0.109666545604547,0.,-0.993968434496371));
#3779=DIRECTION('',(0.993968434496371,0.,-0.109666545604547));
#3780=DIRECTION('',(-0.109666545604547,0.,-0.993968434496371));
#3781=DIRECTION('',(-0.384404679641597,0.922189921995165,0.0424121449609983));
#3782=DIRECTION('',(-0.923020455653453,-0.384750878420429,0.));
#3783=DIRECTION('',(0.,0.0459421222290507,-0.998944103243565));
#3784=DIRECTION('',(1.,0.,0.));
#3785=DIRECTION('',(0.,1.,0.));
#3786=DIRECTION('',(1.,0.,0.));
#3787=DIRECTION('',(0.,0.,-1.));
#3788=DIRECTION('',(1.,0.,0.));
#3789=DIRECTION('',(0.,0.,-1.));
#3790=DIRECTION('',(1.,0.,0.));
#3791=DIRECTION('',(0.,0.,-1.));
#3792=DIRECTION('',(1.,0.,0.));
#3793=DIRECTION('',(0.,0.,-1.));
#3794=DIRECTION('',(1.,0.,0.));
#3795=DIRECTION('',(0.,0.,-1.));
#3796=DIRECTION('',(1.,0.,0.));
#3797=DIRECTION('',(0.,1.,0.));
#3798=DIRECTION('',(1.,0.,0.));
#3799=DIRECTION('',(0.,0.,-1.));
#3800=DIRECTION('',(1.,0.,0.));
#3801=DIRECTION('',(0.,0.,-1.));
#3802=DIRECTION('',(1.,0.,0.));
#3803=DIRECTION('',(0.,0.,-1.));
#3804=DIRECTION('',(1.,0.,0.));
#3805=DIRECTION('',(0.,1.,0.));
#3806=DIRECTION('',(1.,0.,0.));
#3807=DIRECTION('',(0.,0.,-1.));
#3808=DIRECTION('',(1.,0.,0.));
#3809=DIRECTION('',(0.,0.,-1.));
#3810=DIRECTION('',(1.,0.,0.));
#3811=DIRECTION('',(0.,1.,0.));
#3812=DIRECTION('',(1.,0.,0.));
#3813=DIRECTION('',(0.,1.,0.));
#3814=DIRECTION('',(1.,0.,0.));
#3815=DIRECTION('',(0.,0.,-1.));
#3816=DIRECTION('',(1.,0.,0.));
#3817=DIRECTION('',(0.,0.,-1.));
#3818=DIRECTION('',(1.,0.,0.));
#3819=DIRECTION('',(0.,1.,0.));
#3820=DIRECTION('',(1.,0.,0.));
#3821=DIRECTION('',(0.,0.,-1.));
#3822=DIRECTION('',(1.,0.,0.));
#3823=DIRECTION('',(0.,0.,-1.));
#3824=DIRECTION('',(1.,0.,0.));
#3825=DIRECTION('',(0.,1.,0.));
#3826=DIRECTION('',(1.,0.,0.));
#3827=DIRECTION('',(0.,0.,-1.));
#3828=DIRECTION('',(1.,0.,0.));
#3829=DIRECTION('',(0.,0.,-1.));
#3830=DIRECTION('',(1.,0.,0.));
#3831=DIRECTION('',(0.,1.,0.));
#3832=DIRECTION('',(1.,0.,0.));
#3833=DIRECTION('',(0.,0.,-1.));
#3834=DIRECTION('',(1.,0.,0.));
#3835=DIRECTION('',(0.,0.,-1.));
#3836=DIRECTION('',(1.,0.,0.));
#3837=DIRECTION('',(0.,1.,0.));
#3838=DIRECTION('',(1.,0.,0.));
#3839=DIRECTION('',(0.,0.,-1.));
#3840=DIRECTION('',(1.,0.,0.));
#3841=DIRECTION('',(0.,0.,-1.));
#3842=DIRECTION('',(1.,0.,0.));
#3843=DIRECTION('',(0.,1.,0.));
#3844=DIRECTION('',(1.,0.,0.));
#3845=DIRECTION('',(0.,0.,-1.));
#3846=DIRECTION('',(1.,0.,0.));
#3847=DIRECTION('',(0.,0.,-1.));
#3848=DIRECTION('',(1.,0.,0.));
#3849=DIRECTION('',(0.,1.,0.));
#3850=DIRECTION('',(1.,0.,0.));
#3851=DIRECTION('',(0.,0.,-1.));
#3852=DIRECTION('',(1.,0.,0.));
#3853=DIRECTION('',(0.,0.,-1.));
#3854=DIRECTION('',(1.,0.,0.));
#3855=DIRECTION('',(0.,1.,0.));
#3856=DIRECTION('',(1.,0.,0.));
#3857=DIRECTION('',(0.,0.,-1.));
#3858=DIRECTION('',(1.,0.,0.));
#3859=DIRECTION('',(0.,0.,-1.));
#3860=DIRECTION('',(1.,0.,0.));
#3861=DIRECTION('',(0.,1.,0.));
#3862=DIRECTION('',(1.,0.,0.));
#3863=DIRECTION('',(0.,0.,-1.));
#3864=DIRECTION('',(1.,0.,0.));
#3865=DIRECTION('',(0.,0.,-1.));
#3866=DIRECTION('',(1.,0.,0.));
#3867=DIRECTION('',(0.,1.,0.));
#3868=DIRECTION('',(1.,0.,0.));
#3869=DIRECTION('',(0.,0.,-1.));
#3870=DIRECTION('',(1.,0.,0.));
#3871=DIRECTION('',(0.,0.,-1.));
#3872=DIRECTION('',(1.,0.,0.));
#3873=DIRECTION('',(0.,1.,0.));
#3874=CARTESIAN_POINT('',(0.,0.,0.));
#3875=CARTESIAN_POINT('',(0.,-0.00115906443779891,0.0125539684703235));
#3876=CARTESIAN_POINT('',(0.,-0.00115906443779891,0.0125539684703235));
#3877=CARTESIAN_POINT('',(0.,0.059211299705268,0.0287301587892311));
#3878=CARTESIAN_POINT('',(6.93889390390723E-18,0.0554634805358149,0.0277259336693982));
#3879=CARTESIAN_POINT('',(0.,0.059211299705268,0.0287301587892311));
#3880=CARTESIAN_POINT('',(0.1775,0.059211299705268,0.0287301587892311));
#3881=CARTESIAN_POINT('',(0.1775,-0.00115906443779878,0.0125539684703235));
#3882=CARTESIAN_POINT('',(0.1775,0.0245,0.0194292940649699));
#3883=CARTESIAN_POINT('',(0.109037878787879,0.0245,0.0194292940649699));
#3884=CARTESIAN_POINT('',(0.068,0.0245,0.0194292940649699));
#3885=CARTESIAN_POINT('',(0.0682555950385838,0.0331456648449688,0.0217458929782093));
#3886=CARTESIAN_POINT('',(0.0680886901273067,0.0275,0.0202331416422632));
#3887=CARTESIAN_POINT('',(0.0337382629883267,0.0416442935278153,0.0240230936705501));
#3888=CARTESIAN_POINT('',(8.86901273067248E-5,0.0555,0.0277357190303347));
#3889=CARTESIAN_POINT('',(-0.0293913246597226,0.0433611703818115,0.0244831294370821));
#3890=CARTESIAN_POINT('',(0.,-0.00115906443779891,0.0125539684703235));
#3891=CARTESIAN_POINT('',(0.,-0.00115906443779891,0.0125539684703235));
#3892=CARTESIAN_POINT('',(0.,0.0470927128497499,0.0254829932278886));
#3893=CARTESIAN_POINT('',(0.,0.0446401294999398,0.024825825499937));
#3894=CARTESIAN_POINT('',(0.0270159438050336,0.0359685006947362,0.0225022695645202));
#3895=CARTESIAN_POINT('',(0.0670108740636783,0.0195,0.0180895481028142));
#3896=CARTESIAN_POINT('',(0.0735768656032677,0.0195,0.0180895481028142));
#3897=CARTESIAN_POINT('',(0.1775,0.0195,0.0180895481028142));
#3898=CARTESIAN_POINT('',(0.1775,-0.00115906443779891,0.0125539684703235));
#3899=CARTESIAN_POINT('',(0.1775,-0.0573412396245862,-0.0025));
#3900=CARTESIAN_POINT('',(0.,-0.0573412396245862,-0.0025));
#3901=CARTESIAN_POINT('',(0.,-0.0573412396245862,-0.0025));
#3902=CARTESIAN_POINT('',(0.,-0.00115906443779891,0.0125539684703235));
#3903=CARTESIAN_POINT('',(7.70371977754894E-34,-0.0469582583755375,0.000282111440710089));
#3904=CARTESIAN_POINT('',(-1.35686323515644E-18,-0.0348841855469241,0.0035173495044916));
#3905=CARTESIAN_POINT('',(0.,-0.0228101127183107,0.0067525875682731));
#3906=CARTESIAN_POINT('',(0.,-0.00115906443779891,0.0125539684703235));
#3907=CARTESIAN_POINT('',(0.,-0.0204775809635802,0.0073775875682731));
#3908=CARTESIAN_POINT('',(-1.20899848873411E-18,-0.00115906443779885,0.0125539684703235));
#3909=CARTESIAN_POINT('',(0.,0.0181594520879825,0.0177303493723739));
#3910=CARTESIAN_POINT('',(0.,-0.00115906443779891,0.0125539684703235));
#3911=CARTESIAN_POINT('',(0.,0.020491983842713,0.0183553493723739));
#3912=CARTESIAN_POINT('',(-7.65404249467096E-19,0.0325660566713264,0.0215905874361554));
#3913=CARTESIAN_POINT('',(0.0246885021432934,0.0226881973948012,0.0189438230200622));
#3914=CARTESIAN_POINT('',(0.0246885021432934,0.0347622702234145,0.0221790610838438));
#3915=CARTESIAN_POINT('',(0.0349148145657227,-0.00115906443779885,0.0125539684703235));
#3916=CARTESIAN_POINT('',(0.0349148145657227,0.0109150083908145,0.015789206534105));
#3917=CARTESIAN_POINT('',(0.0246885021432934,-0.0250063262703989,0.0061641139205848));
#3918=CARTESIAN_POINT('',(0.0246885021432934,-0.0129322534417856,0.00939935198436631));
#3919=CARTESIAN_POINT('',(-0.0025,0.015,-0.0025));
#3920=CARTESIAN_POINT('',(0.1725,0.0995,-0.0025));
#3921=CARTESIAN_POINT('',(0.1795,0.0995,-0.0025));
#3922=CARTESIAN_POINT('',(0.1655,0.0995,-0.0025));
#3923=CARTESIAN_POINT('',(0.1655,0.0925,-0.0025));
#3924=CARTESIAN_POINT('',(0.1655,0.0855,-0.0025));
#3925=CARTESIAN_POINT('',(0.1725,0.0855,-0.0025));
#3926=CARTESIAN_POINT('',(0.1795,0.0855,-0.0025));
#3927=CARTESIAN_POINT('',(0.1795,0.0925,-0.0025));
#3928=CARTESIAN_POINT('',(-0.09375,-0.0725,-0.0025));
#3929=CARTESIAN_POINT('',(0.,-0.0725,-0.0025));
#3930=CARTESIAN_POINT('',(0.1825,-0.0725,-0.0025));
#3931=CARTESIAN_POINT('',(0.,0.015,-0.0025));
#3932=CARTESIAN_POINT('',(0.1775,-0.019,-0.0025));
#3933=CARTESIAN_POINT('',(0.1775,0.0195,-0.0025));
#3934=CARTESIAN_POINT('',(0.0735768656032677,0.0195,-0.0025));
#3935=CARTESIAN_POINT('',(0.0670108740636783,0.0195,-0.0025));
#3936=CARTESIAN_POINT('',(0.0274340084604106,0.035796356424875,-0.0025));
#3937=CARTESIAN_POINT('',(0.,0.0470927128497499,-0.0025));
#3938=CARTESIAN_POINT('',(0.,0.015,-0.0025));
#3939=CARTESIAN_POINT('',(0.,0.0825,-0.0025));
#3940=CARTESIAN_POINT('',(0.01,0.0825,-0.0025));
#3941=CARTESIAN_POINT('',(0.02,0.0825,-0.0025));
#3942=CARTESIAN_POINT('',(0.02,0.09125,-0.0025));
#3943=CARTESIAN_POINT('',(0.02,0.1025,-0.0025));
#3944=CARTESIAN_POINT('',(0.029,0.1025,-0.0025));
#3945=CARTESIAN_POINT('',(0.038,0.1025,-0.0025));
#3946=CARTESIAN_POINT('',(0.038,0.09625,-0.0025));
#3947=CARTESIAN_POINT('',(0.038,0.0925,-0.0025));
#3948=CARTESIAN_POINT('',(0.0455,0.0925,-0.0025));
#3949=CARTESIAN_POINT('',(0.053,0.0925,-0.0025));
#3950=CARTESIAN_POINT('',(0.053,0.09625,-0.0025));
#3951=CARTESIAN_POINT('',(0.053,0.1025,-0.0025));
#3952=CARTESIAN_POINT('',(0.1165,0.1025,-0.0025));
#3953=CARTESIAN_POINT('',(0.1825,0.1025,-0.0025));
#3954=CARTESIAN_POINT('',(0.1825,2.08166817117217E-17,-0.0025));
#3955=CARTESIAN_POINT('',(0.182,-0.065,-0.0025));
#3956=CARTESIAN_POINT('',(0.182,-0.072,-0.0025));
#3957=CARTESIAN_POINT('',(0.182,-0.058,-0.0025));
#3958=CARTESIAN_POINT('',(0.175,-0.058,-0.0025));
#3959=CARTESIAN_POINT('',(0.168,-0.058,-0.0025));
#3960=CARTESIAN_POINT('',(0.168,-0.065,-0.0025));
#3961=CARTESIAN_POINT('',(0.168,-0.072,-0.0025));
#3962=CARTESIAN_POINT('',(0.175,-0.072,-0.0025));
#3963=CARTESIAN_POINT('',(0.01525,0.0505698132649773,0.0503554411481338));
#3964=CARTESIAN_POINT('',(0.01525,0.0505698132649773,0.0503554411481338));
#3965=CARTESIAN_POINT('',(0.01525,0.0498580608909454,0.0530117371704287));
#3966=CARTESIAN_POINT('',(0.01525,0.0532261092872722,0.0510671935221657));
#3967=CARTESIAN_POINT('',(0.01525,0.0525143569132403,0.0537234895444606));
#3968=CARTESIAN_POINT('',(-1.2021822448343E-17,0.0508286323100797,0.0493895153218447));
#3969=CARTESIAN_POINT('',(0.16775,0.0505698132649775,0.0503554411481339));
#3970=CARTESIAN_POINT('',(0.16775,0.0505698132649775,0.0503554411481339));
#3971=CARTESIAN_POINT('',(0.16775,0.0498580608909456,0.0530117371704288));
#3972=CARTESIAN_POINT('',(0.16775,0.0532261092872724,0.0510671935221658));
#3973=CARTESIAN_POINT('',(0.16775,0.0525143569132405,0.0537234895444607));
#3974=CARTESIAN_POINT('',(-1.2021822448343E-17,0.0508286323100797,0.0493895153218447));
#3975=CARTESIAN_POINT('',(0.1525,0.0505698132649775,0.0503554411481339));
#3976=CARTESIAN_POINT('',(0.1525,0.0505698132649775,0.0503554411481339));
#3977=CARTESIAN_POINT('',(0.1525,0.0498580608909456,0.0530117371704288));
#3978=CARTESIAN_POINT('',(0.1525,0.0532261092872724,0.0510671935221658));
#3979=CARTESIAN_POINT('',(0.1525,0.0525143569132405,0.0537234895444607));
#3980=CARTESIAN_POINT('',(-1.2021822448343E-17,0.0508286323100797,0.0493895153218447));
#3981=CARTESIAN_POINT('',(0.13725,0.0505698132649775,0.0503554411481339));
#3982=CARTESIAN_POINT('',(0.13725,0.0505698132649775,0.0503554411481339));
#3983=CARTESIAN_POINT('',(0.13725,0.0498580608909456,0.0530117371704288));
#3984=CARTESIAN_POINT('',(0.13725,0.0532261092872724,0.0510671935221658));
#3985=CARTESIAN_POINT('',(0.13725,0.0525143569132405,0.0537234895444607));
#3986=CARTESIAN_POINT('',(-1.2021822448343E-17,0.0508286323100797,0.0493895153218447));
#3987=CARTESIAN_POINT('',(0.122,0.0505698132649774,0.0503554411481339));
#3988=CARTESIAN_POINT('',(0.122,0.0505698132649774,0.0503554411481339));
#3989=CARTESIAN_POINT('',(0.122,0.0498580608909455,0.0530117371704288));
#3990=CARTESIAN_POINT('',(0.122,0.0532261092872724,0.0510671935221658));
#3991=CARTESIAN_POINT('',(0.122,0.0525143569132405,0.0537234895444607));
#3992=CARTESIAN_POINT('',(-1.2021822448343E-17,0.0508286323100797,0.0493895153218447));
#3993=CARTESIAN_POINT('',(0.10675,0.0505698132649774,0.0503554411481339));
#3994=CARTESIAN_POINT('',(0.10675,0.0505698132649774,0.0503554411481339));
#3995=CARTESIAN_POINT('',(0.10675,0.0498580608909455,0.0530117371704288));
#3996=CARTESIAN_POINT('',(0.10675,0.0532261092872723,0.0510671935221658));
#3997=CARTESIAN_POINT('',(0.10675,0.0525143569132404,0.0537234895444607));
#3998=CARTESIAN_POINT('',(-1.2021822448343E-17,0.0508286323100797,0.0493895153218447));
#3999=CARTESIAN_POINT('',(0.0915,0.0505698132649774,0.0503554411481338));
#4000=CARTESIAN_POINT('',(0.0915,0.0505698132649774,0.0503554411481338));
#4001=CARTESIAN_POINT('',(0.0915,0.0498580608909455,0.0530117371704287));
#4002=CARTESIAN_POINT('',(0.0915,0.0532261092872723,0.0510671935221658));
#4003=CARTESIAN_POINT('',(0.0915,0.0525143569132404,0.0537234895444607));
#4004=CARTESIAN_POINT('',(-1.2021822448343E-17,0.0508286323100797,0.0493895153218447));
#4005=CARTESIAN_POINT('',(0.061,0.0505698132649773,0.0503554411481338));
#4006=CARTESIAN_POINT('',(0.061,0.0505698132649773,0.0503554411481338));
#4007=CARTESIAN_POINT('',(0.061,0.0498580608909454,0.0530117371704287));
#4008=CARTESIAN_POINT('',(0.061,0.0532261092872723,0.0510671935221658));
#4009=CARTESIAN_POINT('',(0.061,0.0525143569132404,0.0537234895444607));
#4010=CARTESIAN_POINT('',(-1.2021822448343E-17,0.0508286323100797,0.0493895153218447));
#4011=CARTESIAN_POINT('',(0.04575,0.0505698132649773,0.0503554411481338));
#4012=CARTESIAN_POINT('',(0.04575,0.0505698132649773,0.0503554411481338));
#4013=CARTESIAN_POINT('',(0.04575,0.0498580608909454,0.0530117371704287));
#4014=CARTESIAN_POINT('',(0.04575,0.0532261092872722,0.0510671935221658));
#4015=CARTESIAN_POINT('',(0.04575,0.0525143569132403,0.0537234895444607));
#4016=CARTESIAN_POINT('',(-1.2021822448343E-17,0.0508286323100797,0.0493895153218447));
#4017=CARTESIAN_POINT('',(0.07625,0.0505698132649774,0.0503554411481338));
#4018=CARTESIAN_POINT('',(0.07625,0.0505698132649774,0.0503554411481338));
#4019=CARTESIAN_POINT('',(0.07625,0.0498580608909455,0.0530117371704287));
#4020=CARTESIAN_POINT('',(0.07625,0.0532261092872723,0.0510671935221658));
#4021=CARTESIAN_POINT('',(0.07625,0.0525143569132404,0.0537234895444607));
#4022=CARTESIAN_POINT('',(-1.2021822448343E-17,0.0508286323100797,0.0493895153218447));
#4023=CARTESIAN_POINT('',(0.0305,0.0505698132649773,0.0503554411481338));
#4024=CARTESIAN_POINT('',(0.0305,0.0505698132649773,0.0503554411481338));
#4025=CARTESIAN_POINT('',(0.0305,0.0498580608909454,0.0530117371704287));
#4026=CARTESIAN_POINT('',(0.0305,0.0532261092872722,0.0510671935221658));
#4027=CARTESIAN_POINT('',(0.0305,0.0525143569132403,0.0537234895444607));
#4028=CARTESIAN_POINT('',(-1.2021822448343E-17,0.0508286323100797,0.0493895153218447));
#4029=CARTESIAN_POINT('',(-0.1875,0.0523525950100512,0.0543271931858914));
#4030=CARTESIAN_POINT('',(0.,0.0523525950100512,0.0543271931858914));
#4031=CARTESIAN_POINT('',(0.,0.0523525950100512,0.0543271931858914));
#4032=CARTESIAN_POINT('',(0.,0.0546172616546983,0.045875342205862));
#4033=CARTESIAN_POINT('',(-0.1875,0.0523525950100512,0.0543271931858914));
#4034=CARTESIAN_POINT('',(0.1775,0.0523525950100512,0.0543271931858914));
#4035=CARTESIAN_POINT('',(0.1775,0.0523525950100512,0.0543271931858914));
#4036=CARTESIAN_POINT('',(0.1775,0.0546172616546983,0.045875342205862));
#4037=CARTESIAN_POINT('',(-0.1875,0.0546172616546983,0.045875342205862));
#4038=CARTESIAN_POINT('',(0.01525,0.0386889256016218,0.0471719668933728));
#4039=CARTESIAN_POINT('',(0.01525,0.0386889256016218,0.0471719668933728));
#4040=CARTESIAN_POINT('',(0.01525,0.0379771732275898,0.0498282629156677));
#4041=CARTESIAN_POINT('',(0.01525,0.0360326295793269,0.0464602145193409));
#4042=CARTESIAN_POINT('',(0.01525,0.0353208772052949,0.0491165105416358));
#4043=CARTESIAN_POINT('',(-2.10151275575463E-18,0.0389477446467243,0.0462060410670838));
#4044=CARTESIAN_POINT('',(0.16775,0.0386889256016218,0.0471719668933728));
#4045=CARTESIAN_POINT('',(0.16775,0.0386889256016218,0.0471719668933728));
#4046=CARTESIAN_POINT('',(0.16775,0.0379771732275898,0.0498282629156677));
#4047=CARTESIAN_POINT('',(0.16775,0.0360326295793269,0.0464602145193409));
#4048=CARTESIAN_POINT('',(0.16775,0.0353208772052949,0.0491165105416358));
#4049=CARTESIAN_POINT('',(-2.10151275575463E-18,0.0389477446467243,0.0462060410670838));
#4050=CARTESIAN_POINT('',(0.1525,0.0386889256016218,0.0471719668933728));
#4051=CARTESIAN_POINT('',(0.1525,0.0386889256016218,0.0471719668933728));
#4052=CARTESIAN_POINT('',(0.1525,0.0379771732275898,0.0498282629156677));
#4053=CARTESIAN_POINT('',(0.1525,0.0360326295793269,0.0464602145193409));
#4054=CARTESIAN_POINT('',(0.1525,0.0353208772052949,0.0491165105416358));
#4055=CARTESIAN_POINT('',(-2.10151275575463E-18,0.0389477446467243,0.0462060410670838));
#4056=CARTESIAN_POINT('',(0.13725,0.0386889256016218,0.0471719668933728));
#4057=CARTESIAN_POINT('',(0.13725,0.0386889256016218,0.0471719668933728));
#4058=CARTESIAN_POINT('',(0.13725,0.0379771732275898,0.0498282629156677));
#4059=CARTESIAN_POINT('',(0.13725,0.0360326295793269,0.0464602145193409));
#4060=CARTESIAN_POINT('',(0.13725,0.0353208772052949,0.0491165105416358));
#4061=CARTESIAN_POINT('',(-2.10151275575463E-18,0.0389477446467243,0.0462060410670838));
#4062=CARTESIAN_POINT('',(0.122,0.0386889256016218,0.0471719668933728));
#4063=CARTESIAN_POINT('',(0.122,0.0386889256016218,0.0471719668933728));
#4064=CARTESIAN_POINT('',(0.122,0.0379771732275898,0.0498282629156677));
#4065=CARTESIAN_POINT('',(0.122,0.0360326295793269,0.0464602145193409));
#4066=CARTESIAN_POINT('',(0.122,0.0353208772052949,0.0491165105416358));
#4067=CARTESIAN_POINT('',(-2.10151275575463E-18,0.0389477446467243,0.0462060410670838));
#4068=CARTESIAN_POINT('',(0.10675,0.0386889256016218,0.0471719668933728));
#4069=CARTESIAN_POINT('',(0.10675,0.0386889256016218,0.0471719668933728));
#4070=CARTESIAN_POINT('',(0.10675,0.0379771732275898,0.0498282629156677));
#4071=CARTESIAN_POINT('',(0.10675,0.0360326295793269,0.0464602145193409));
#4072=CARTESIAN_POINT('',(0.10675,0.0353208772052949,0.0491165105416358));
#4073=CARTESIAN_POINT('',(-2.10151275575463E-18,0.0389477446467243,0.0462060410670838));
#4074=CARTESIAN_POINT('',(0.0915,0.0386889256016218,0.0471719668933728));
#4075=CARTESIAN_POINT('',(0.0915,0.0386889256016218,0.0471719668933728));
#4076=CARTESIAN_POINT('',(0.0915,0.0379771732275898,0.0498282629156677));
#4077=CARTESIAN_POINT('',(0.0915,0.0360326295793269,0.0464602145193409));
#4078=CARTESIAN_POINT('',(0.0915,0.0353208772052949,0.0491165105416358));
#4079=CARTESIAN_POINT('',(-2.10151275575463E-18,0.0389477446467243,0.0462060410670838));
#4080=CARTESIAN_POINT('',(0.061,0.0386889256016218,0.0471719668933728));
#4081=CARTESIAN_POINT('',(0.061,0.0386889256016218,0.0471719668933728));
#4082=CARTESIAN_POINT('',(0.061,0.0379771732275898,0.0498282629156677));
#4083=CARTESIAN_POINT('',(0.061,0.0360326295793269,0.0464602145193409));
#4084=CARTESIAN_POINT('',(0.061,0.0353208772052949,0.0491165105416358));
#4085=CARTESIAN_POINT('',(-2.10151275575463E-18,0.0389477446467243,0.0462060410670838));
#4086=CARTESIAN_POINT('',(0.04575,0.0386889256016218,0.0471719668933728));
#4087=CARTESIAN_POINT('',(0.04575,0.0386889256016218,0.0471719668933728));
#4088=CARTESIAN_POINT('',(0.04575,0.0379771732275898,0.0498282629156677));
#4089=CARTESIAN_POINT('',(0.04575,0.0360326295793269,0.0464602145193409));
#4090=CARTESIAN_POINT('',(0.04575,0.0353208772052949,0.0491165105416358));
#4091=CARTESIAN_POINT('',(-2.10151275575463E-18,0.0389477446467243,0.0462060410670838));
#4092=CARTESIAN_POINT('',(0.07625,0.0386889256016218,0.0471719668933728));
#4093=CARTESIAN_POINT('',(0.07625,0.0386889256016218,0.0471719668933728));
#4094=CARTESIAN_POINT('',(0.07625,0.0379771732275898,0.0498282629156677));
#4095=CARTESIAN_POINT('',(0.07625,0.0360326295793269,0.0464602145193409));
#4096=CARTESIAN_POINT('',(0.07625,0.0353208772052949,0.0491165105416358));
#4097=CARTESIAN_POINT('',(-2.10151275575463E-18,0.0389477446467243,0.0462060410670838));
#4098=CARTESIAN_POINT('',(0.0305,0.0386889256016218,0.0471719668933728));
#4099=CARTESIAN_POINT('',(0.0305,0.0386889256016218,0.0471719668933728));
#4100=CARTESIAN_POINT('',(0.0305,0.0379771732275898,0.0498282629156677));
#4101=CARTESIAN_POINT('',(0.0305,0.0360326295793269,0.0464602145193409));
#4102=CARTESIAN_POINT('',(0.0305,0.0353208772052949,0.0491165105416358));
#4103=CARTESIAN_POINT('',(-2.10151275575463E-18,0.0389477446467243,0.0462060410670838));
#4104=CARTESIAN_POINT('',(0.0349148145657227,-0.00115906443779885,0.0125539684703235));
#4105=CARTESIAN_POINT('',(0.0349148145657227,-0.00212963585693331,0.0161761903189075));
#4106=CARTESIAN_POINT('',(0.0349148145657227,0.00994443697168004,0.019411428382689));
#4107=CARTESIAN_POINT('',(0.0246885021432934,0.0226881973948012,0.0189438230200622));
#4108=CARTESIAN_POINT('',(0.0246885021432934,0.0217176259756667,0.0225660448686462));
#4109=CARTESIAN_POINT('',(0.0246885021432934,0.0337916988042801,0.0258012829324278));
#4110=CARTESIAN_POINT('',(-1.35686323515644E-18,-0.0348841855469241,0.0035173495044916));
#4111=CARTESIAN_POINT('',(0.,-0.0228101127183107,0.0067525875682731));
#4112=CARTESIAN_POINT('',(7.70371977754894E-34,-0.0237806841374452,0.0103748094168571));
#4113=CARTESIAN_POINT('',(0.,-0.0469582583755375,0.00028211144071009));
#4114=CARTESIAN_POINT('',(7.70371977754894E-34,-0.0479288297946719,0.0039043332892941));
#4115=CARTESIAN_POINT('',(-1.35686323515644E-18,-0.0358547569660586,0.0071395713530756));
#4116=CARTESIAN_POINT('',(-1.20899848873411E-18,-0.00115906443779885,0.0125539684703235));
#4117=CARTESIAN_POINT('',(0.,0.0181594520879825,0.0177303493723739));
#4118=CARTESIAN_POINT('',(3.85185988877447E-34,0.017188880668848,0.021352571220958));
#4119=CARTESIAN_POINT('',(0.,-0.0204775809635802,0.0073775875682731));
#4120=CARTESIAN_POINT('',(3.85185988877447E-34,-0.0214481523827147,0.0109998094168571));
#4121=CARTESIAN_POINT('',(-1.20899848873411E-18,-0.00212963585693331,0.0161761903189075));
#4122=CARTESIAN_POINT('',(-7.65404249467096E-19,0.0325660566713264,0.0215905874361554));
#4123=CARTESIAN_POINT('',(0.,0.0446401294999398,0.024825825499937));
#4124=CARTESIAN_POINT('',(3.85185988877447E-34,0.0436695580808053,0.028448047348521));
#4125=CARTESIAN_POINT('',(0.,0.020491983842713,0.0183553493723739));
#4126=CARTESIAN_POINT('',(3.85185988877447E-34,0.0195214124235786,0.021977571220958));
#4127=CARTESIAN_POINT('',(-7.65404249467096E-19,0.031595485252192,0.0252128092847394));
#4128=CARTESIAN_POINT('',(0.,0.059211299705268,0.0287301587892311));
#4129=CARTESIAN_POINT('',(0.,0.059211299705268,0.0287301587892311));
#4130=CARTESIAN_POINT('',(0.,0.0582407282861335,0.0323523806378151));
#4131=CARTESIAN_POINT('',(0.,0.0582407282861335,0.0323523806378151));
#4132=CARTESIAN_POINT('',(0.1775,0.0582407282861335,0.0323523806378151));
#4133=CARTESIAN_POINT('',(0.1775,0.059211299705268,0.0287301587892311));
#4134=CARTESIAN_POINT('',(0.0246885021432934,-0.0250063262703989,0.0061641139205848));
#4135=CARTESIAN_POINT('',(0.0246885021432934,-0.0259768976895333,0.0097863357691688));
#4136=CARTESIAN_POINT('',(0.0246885021432934,-0.01390282486092,0.0130215738329503));
#4137=CARTESIAN_POINT('',(0.,-0.00212963585693336,0.0161761903189075));
#4138=CARTESIAN_POINT('',(0.,-0.00212963585693336,0.0161761903189075));
#4139=CARTESIAN_POINT('',(0.,-0.00212963585693336,0.0161761903189075));
#4140=CARTESIAN_POINT('',(0.,-0.00212963585693336,0.0161761903189075));
#4141=CARTESIAN_POINT('',(0.,-0.00212963585693336,0.0161761903189075));
#4142=CARTESIAN_POINT('',(0.,-0.0625,0.));
#4143=CARTESIAN_POINT('',(0.,-0.0625,0.));
#4144=CARTESIAN_POINT('',(0.1775,-0.0625,0.));
#4145=CARTESIAN_POINT('',(0.1775,-0.00212963585693336,0.0161761903189075));
#4146=CARTESIAN_POINT('',(0.1775,-0.0311074106456053,0.00841161896583192));
#4147=CARTESIAN_POINT('',(0.1825,-0.0311074106456053,0.00841161896583191));
#4148=CARTESIAN_POINT('',(0.1825,-0.0311074106456053,0.00841161896583191));
#4149=CARTESIAN_POINT('',(0.1825,0.000285178708789443,0.0168232379316638));
#4150=CARTESIAN_POINT('',(0.1825,0.0268481389317388,0.0239407616719831));
#4151=CARTESIAN_POINT('',(0.1825,0.0268481389317388,0.0239407616719831));
#4152=CARTESIAN_POINT('',(0.1775,0.0268481389317388,0.0239407616719831));
#4153=CARTESIAN_POINT('',(0.1775,-0.00212963585693323,0.0161761903189075));
#4154=CARTESIAN_POINT('',(0.1775,-0.019,-0.0025));
#4155=CARTESIAN_POINT('',(0.1775,0.0974262975050256,0.0411012676958767));
#4156=CARTESIAN_POINT('',(0.1775,0.0974262975050256,0.0438512676958767));
#4157=CARTESIAN_POINT('',(0.1775,0.0974262975050256,0.0321012676958767));
#4158=CARTESIAN_POINT('',(0.1775,0.0974262975050256,0.0348512676958767));
#4159=CARTESIAN_POINT('',(0.1775,0.0974262975050256,0.0231012676958767));
#4160=CARTESIAN_POINT('',(0.1775,0.0974262975050256,0.0258512676958767));
#4161=CARTESIAN_POINT('',(0.1775,0.0974262975050256,0.0141012676958767));
#4162=CARTESIAN_POINT('',(0.1775,0.0974262975050256,0.0168512676958767));
#4163=CARTESIAN_POINT('',(0.1775,0.0974262975050256,0.00510126769587668));
#4164=CARTESIAN_POINT('',(0.1775,0.0974262975050256,0.00785126769587668));
#4165=CARTESIAN_POINT('',(0.1775,-0.0661234666314353,0.013522961568047));
#4166=CARTESIAN_POINT('',(0.1775,-0.0661234666314353,0.013522961568047));
#4167=CARTESIAN_POINT('',(0.1775,-0.00333828792264584,0.0303461994997108));
#4168=CARTESIAN_POINT('',(0.1775,0.0774262975050256,0.0543271931858914));
#4169=CARTESIAN_POINT('',(0.1775,0.1025,0.0543271931858914));
#4170=CARTESIAN_POINT('',(0.1775,0.1025,0.022937671102931));
#4171=CARTESIAN_POINT('',(0.1775,0.1025,0.));
#4172=CARTESIAN_POINT('',(0.1775,-0.0643117333157176,1.7347234759768E-18));
#4173=CARTESIAN_POINT('',(0.1775,0.0245,0.));
#4174=CARTESIAN_POINT('',(0.1775,0.0245,0.0269338714530413));
#4175=CARTESIAN_POINT('',(0.1775,0.0255540437062262,0.0287703908034285));
#4176=CARTESIAN_POINT('',(0.1775,0.0242599484807136,0.0336000199348738));
#4177=CARTESIAN_POINT('',(0.1775,0.0097710610863776,0.029717734258336));
#4178=CARTESIAN_POINT('',(0.1775,-0.0336956010966305,0.0180708772287226));
#4179=CARTESIAN_POINT('',(0.1775,-0.0324015058711179,0.0132412480972773));
#4180=CARTESIAN_POINT('',(0.1775,0.0574262975050256,0.0501012676958767));
#4181=CARTESIAN_POINT('',(0.1775,0.0601762975050256,0.0501012676958767));
#4182=CARTESIAN_POINT('',(0.1775,0.0674262975050256,0.0501012676958767));
#4183=CARTESIAN_POINT('',(0.1775,0.0701762975050256,0.0501012676958767));
#4184=CARTESIAN_POINT('',(0.1775,0.0774262975050256,0.0501012676958767));
#4185=CARTESIAN_POINT('',(0.1775,0.0801762975050256,0.0501012676958767));
#4186=CARTESIAN_POINT('',(0.1775,0.0974262975050256,0.0501012676958767));
#4187=CARTESIAN_POINT('',(0.1775,0.100176297505026,0.0501012676958767));
#4188=CARTESIAN_POINT('',(0.1775,0.0874262975050256,0.0501012676958767));
#4189=CARTESIAN_POINT('',(0.1775,0.0901762975050256,0.0501012676958767));
#4190=CARTESIAN_POINT('',(-0.0025,0.015,0.));
#4191=CARTESIAN_POINT('',(0.,0.015,0.));
#4192=CARTESIAN_POINT('',(0.,0.0555,0.));
#4193=CARTESIAN_POINT('',(0.,0.0785,0.));
#4194=CARTESIAN_POINT('',(0.034,0.0415,0.));
#4195=CARTESIAN_POINT('',(0.068,0.0275,0.));
#4196=CARTESIAN_POINT('',(0.068,0.0275,0.));
#4197=CARTESIAN_POINT('',(0.068,0.0245,0.));
#4198=CARTESIAN_POINT('',(0.109037878787879,0.0245,0.));
#4199=CARTESIAN_POINT('',(0.1165,0.1025,0.));
#4200=CARTESIAN_POINT('',(0.053,0.1025,0.));
#4201=CARTESIAN_POINT('',(0.053,0.09625,0.));
#4202=CARTESIAN_POINT('',(0.053,0.0925,0.));
#4203=CARTESIAN_POINT('',(0.053,0.0905,0.));
#4204=CARTESIAN_POINT('',(0.053,0.0885,0.));
#4205=CARTESIAN_POINT('',(0.0455,0.0885,0.));
#4206=CARTESIAN_POINT('',(0.038,0.0885,0.));
#4207=CARTESIAN_POINT('',(0.038,0.0905,0.));
#4208=CARTESIAN_POINT('',(0.038,0.0925,0.));
#4209=CARTESIAN_POINT('',(0.038,0.09625,0.));
#4210=CARTESIAN_POINT('',(0.038,0.1025,0.));
#4211=CARTESIAN_POINT('',(0.029,0.1025,0.));
#4212=CARTESIAN_POINT('',(0.02,0.1025,0.));
#4213=CARTESIAN_POINT('',(0.02,0.09125,0.));
#4214=CARTESIAN_POINT('',(0.02,0.0825,0.));
#4215=CARTESIAN_POINT('',(0.02,0.0805,0.));
#4216=CARTESIAN_POINT('',(0.02,0.0785,0.));
#4217=CARTESIAN_POINT('',(6.93889390390723E-18,0.0785,0.));
#4218=CARTESIAN_POINT('',(0.1775,-0.019,-0.0025));
#4219=CARTESIAN_POINT('',(0.1775,0.0195,-0.0025));
#4220=CARTESIAN_POINT('',(0.0735768656032677,0.0195,-0.0025));
#4221=CARTESIAN_POINT('',(0.0670108740636783,0.0195,-0.0025));
#4222=CARTESIAN_POINT('',(0.1825,2.08166817117217E-17,-0.0025));
#4223=CARTESIAN_POINT('',(0.1825,0.1025,-0.0025));
#4224=CARTESIAN_POINT('',(0.1825,0.1025,0.0543271931858914));
#4225=CARTESIAN_POINT('',(0.1825,0.0774262975050256,0.0543271931858914));
#4226=CARTESIAN_POINT('',(0.1825,0.0523525950100512,0.0543271931858914));
#4227=CARTESIAN_POINT('',(0.1825,-0.0056029545672929,0.0387980504797402));
#4228=CARTESIAN_POINT('',(0.1825,-0.0747646666446471,0.0202662255814593));
#4229=CARTESIAN_POINT('',(0.1825,-0.0736323333223235,0.00888311279072964));
#4230=CARTESIAN_POINT('',(0.1825,0.0097710610863776,0.029717734258336));
#4231=CARTESIAN_POINT('',(0.1825,-0.0336956010966305,0.0180708772287226));
#4232=CARTESIAN_POINT('',(0.1825,0.0242599484807136,0.0336000199348738));
#4233=CARTESIAN_POINT('',(0.1825,0.0255540437062262,0.0287703908034285));
#4234=CARTESIAN_POINT('',(0.1825,-0.0324015058711179,0.0132412480972773));
#4235=CARTESIAN_POINT('',(0.1165,0.1025,-0.0025));
#4236=CARTESIAN_POINT('',(0.177498,0.1025,0.0543271931858914));
#4237=CARTESIAN_POINT('',(0.053,0.1025,-0.0025));
#4238=CARTESIAN_POINT('',(0.053,0.09625,-0.0025));
#4239=CARTESIAN_POINT('',(0.053,0.0925,-0.0025));
#4240=CARTESIAN_POINT('',(0.0455,0.0925,-0.0025));
#4241=CARTESIAN_POINT('',(0.049,0.0925,9.95025524307225E-20));
#4242=CARTESIAN_POINT('',(0.049,0.0925,0.001625));
#4243=CARTESIAN_POINT('',(0.042,0.0925,9.95025524307225E-20));
#4244=CARTESIAN_POINT('',(0.042,0.0925,0.001625));
#4245=CARTESIAN_POINT('',(0.038,0.0925,-0.0025));
#4246=CARTESIAN_POINT('',(0.038,0.0925,0.006));
#4247=CARTESIAN_POINT('',(0.038,0.0925,0.006));
#4248=CARTESIAN_POINT('',(0.0455,0.0925,0.006));
#4249=CARTESIAN_POINT('',(0.053,0.0925,0.006));
#4250=CARTESIAN_POINT('',(0.053,0.0925,0.006));
#4251=CARTESIAN_POINT('',(0.038,0.09625,-0.0025));
#4252=CARTESIAN_POINT('',(0.038,0.1025,-0.0025));
#4253=CARTESIAN_POINT('',(0.029,0.1025,-0.0025));
#4254=CARTESIAN_POINT('',(0.02,0.1025,-0.0025));
#4255=CARTESIAN_POINT('',(0.02,0.09125,-0.0025));
#4256=CARTESIAN_POINT('',(0.02,0.0825,-0.0025));
#4257=CARTESIAN_POINT('',(0.01,0.0825,-0.0025));
#4258=CARTESIAN_POINT('',(0.0165,0.0825,9.95025524307225E-20));
#4259=CARTESIAN_POINT('',(0.0165,0.0825,0.001625));
#4260=CARTESIAN_POINT('',(0.011,0.0825,9.95025524307225E-20));
#4261=CARTESIAN_POINT('',(0.011,0.0825,0.001625));
#4262=CARTESIAN_POINT('',(0.0055,0.0825,9.95025524307225E-20));
#4263=CARTESIAN_POINT('',(0.0055,0.0825,0.001625));
#4264=CARTESIAN_POINT('',(0.,0.0825,-0.0025));
#4265=CARTESIAN_POINT('',(0.,0.0825,0.006));
#4266=CARTESIAN_POINT('',(0.01,0.0825,0.006));
#4267=CARTESIAN_POINT('',(0.02,0.0825,0.006));
#4268=CARTESIAN_POINT('',(0.02,0.0825,0.006));
#4269=CARTESIAN_POINT('',(0.0274340084604106,0.035796356424875,-0.0025));
#4270=CARTESIAN_POINT('',(6.93889390390723E-18,0.0470927128497499,-0.0025));
#4271=CARTESIAN_POINT('',(0.1825,0.0097710610863776,0.029717734258336));
#4272=CARTESIAN_POINT('',(0.1825,0.0242599484807136,0.0336000199348738));
#4273=CARTESIAN_POINT('',(0.1825,-0.0336956010966305,0.0180708772287226));
#4274=CARTESIAN_POINT('',(0.1825,-0.0324015058711179,0.0132412480972773));
#4275=CARTESIAN_POINT('',(0.1825,0.0255540437062262,0.0287703908034285));
#4276=CARTESIAN_POINT('',(0.,-0.0661234666314353,0.013522961568047));
#4277=CARTESIAN_POINT('',(0.,-0.0661234666314353,0.013522961568047));
#4278=CARTESIAN_POINT('',(0.,-0.0661234666314353,0.013522961568047));
#4279=CARTESIAN_POINT('',(0.,-0.0661234666314353,0.013522961568047));
#4280=CARTESIAN_POINT('',(0.109037878787879,0.0245,0.0269338714530413));
#4281=CARTESIAN_POINT('',(0.068,0.0245,0.0269338714530413));
#4282=CARTESIAN_POINT('',(-0.0025,-0.0112060358172979,0.0372967093836754));
#4283=CARTESIAN_POINT('',(0.,-0.0112060358172979,0.0372967093836754));
#4284=CARTESIAN_POINT('',(0.,-0.074764666644647,0.0202662255814593));
#4285=CARTESIAN_POINT('',(0.,-0.0676153926150511,0.0221818677841583));
#4286=CARTESIAN_POINT('',(-0.1875,-0.0747646666446471,0.0202662255814593));
#4287=CARTESIAN_POINT('',(0.177498,0.0523525950100512,0.0543271931858914));
#4288=CARTESIAN_POINT('',(0.,-0.0112060358172979,0.0372967093836754));
#4289=CARTESIAN_POINT('',(0.,0.0351591153021058,0.0497202141830665));
#4290=CARTESIAN_POINT('',(0.,0.0351591153021058,0.0497202141830665));
#4291=CARTESIAN_POINT('',(0.1757,0.0351591153021058,0.0497202141830665));
#4292=CARTESIAN_POINT('',(0.1757,-0.0162281386564727,0.0359510409836124));
#4293=CARTESIAN_POINT('',(0.1757,-0.0676153926150511,0.0221818677841583));
#4294=CARTESIAN_POINT('',(0.,-0.0676153926150511,0.0221818677841584));
#4295=CARTESIAN_POINT('',(-0.0025,-0.00894136917265089,0.028844858403646));
#4296=CARTESIAN_POINT('',(0.,-0.00894136917265089,0.028844858403646));
#4297=CARTESIAN_POINT('',(0.,-0.0653507259704041,0.013730016804129));
#4298=CARTESIAN_POINT('',(0.,-0.0653507259704041,0.013730016804129));
#4299=CARTESIAN_POINT('',(0.1757,-0.0653507259704041,0.013730016804129));
#4300=CARTESIAN_POINT('',(0.1757,-0.0139634720118256,0.0274991900035831));
#4301=CARTESIAN_POINT('',(0.1757,0.0374237819467529,0.0412683632030371));
#4302=CARTESIAN_POINT('',(0.,0.0374237819467529,0.0412683632030371));
#4303=CARTESIAN_POINT('',(0.,0.0374237819467529,0.0412683632030371));
#4304=CARTESIAN_POINT('',(0.,-0.00894136917265089,0.028844858403646));
#4305=CARTESIAN_POINT('',(0.,-0.0676153926150511,0.0221818677841584));
#4306=CARTESIAN_POINT('',(0.0915,-0.0667418783378301,0.0189218681204328));
#4307=CARTESIAN_POINT('',(0.0915,-0.067453630711862,0.0215781641427277));
#4308=CARTESIAN_POINT('',(0.10675,-0.0667418783378301,0.0189218681204328));
#4309=CARTESIAN_POINT('',(0.10675,-0.067453630711862,0.0215781641427277));
#4310=CARTESIAN_POINT('',(0.0305,-0.0667418783378301,0.0189218681204328));
#4311=CARTESIAN_POINT('',(0.0305,-0.067453630711862,0.0215781641427277));
#4312=CARTESIAN_POINT('',(0.07625,-0.0667418783378301,0.0189218681204328));
#4313=CARTESIAN_POINT('',(0.07625,-0.067453630711862,0.0215781641427277));
#4314=CARTESIAN_POINT('',(0.04575,-0.0667418783378301,0.0189218681204328));
#4315=CARTESIAN_POINT('',(0.04575,-0.067453630711862,0.0215781641427277));
#4316=CARTESIAN_POINT('',(0.061,-0.0667418783378301,0.0189218681204328));
#4317=CARTESIAN_POINT('',(0.061,-0.067453630711862,0.0215781641427277));
#4318=CARTESIAN_POINT('',(0.122,-0.0667418783378301,0.0189218681204328));
#4319=CARTESIAN_POINT('',(0.122,-0.067453630711862,0.0215781641427277));
#4320=CARTESIAN_POINT('',(0.13725,-0.0667418783378301,0.0189218681204328));
#4321=CARTESIAN_POINT('',(0.13725,-0.067453630711862,0.0215781641427277));
#4322=CARTESIAN_POINT('',(0.1525,-0.0667418783378301,0.0189218681204328));
#4323=CARTESIAN_POINT('',(0.1525,-0.067453630711862,0.0215781641427277));
#4324=CARTESIAN_POINT('',(0.16775,-0.0667418783378301,0.0189218681204328));
#4325=CARTESIAN_POINT('',(0.16775,-0.067453630711862,0.0215781641427277));
#4326=CARTESIAN_POINT('',(0.01525,-0.0667418783378301,0.0189218681204328));
#4327=CARTESIAN_POINT('',(0.01525,-0.067453630711862,0.0215781641427277));
#4328=CARTESIAN_POINT('',(0.,-0.0676153926150511,0.0221818677841584));
#4329=CARTESIAN_POINT('',(0.1757,-0.0676153926150511,0.0221818677841583));
#4330=CARTESIAN_POINT('',(0.1757,-0.0162281386564727,0.0359510409836124));
#4331=CARTESIAN_POINT('',(0.1757,-0.0622018417890136,0.0201390814414351));
#4332=CARTESIAN_POINT('',(0.1757,-0.0622018417890136,0.0228890814414351));
#4333=CARTESIAN_POINT('',(0.1757,-0.0477129543946776,0.0240213671179728));
#4334=CARTESIAN_POINT('',(0.1757,-0.0477129543946776,0.0267713671179728));
#4335=CARTESIAN_POINT('',(0.1757,-0.0315336968043357,0.0283565861234401));
#4336=CARTESIAN_POINT('',(0.1757,-0.0315336968043357,0.0311065861234401));
#4337=CARTESIAN_POINT('',(0.1757,-0.0153544392139938,0.0326918051289073));
#4338=CARTESIAN_POINT('',(0.1757,-0.0153544392139938,0.0354418051289073));
#4339=CARTESIAN_POINT('',(0.1757,0.000824818376348078,0.0370270241343746));
#4340=CARTESIAN_POINT('',(0.1757,0.000824818376348078,0.0397770241343746));
#4341=CARTESIAN_POINT('',(0.1757,0.031492963361026,0.0452445288163796));
#4342=CARTESIAN_POINT('',(0.1757,0.031492963361026,0.0479945288163796));
#4343=CARTESIAN_POINT('',(0.1757,0.01700407596669,0.0413622431398417));
#4344=CARTESIAN_POINT('',(0.1757,0.01700407596669,0.0441122431398418));
#4345=CARTESIAN_POINT('',(0.1757,0.0351591153021058,0.0497202141830665));
#4346=CARTESIAN_POINT('',(0.,0.0351591153021058,0.0497202141830665));
#4347=CARTESIAN_POINT('',(0.,0.0351591153021058,0.0497202141830665));
#4348=CARTESIAN_POINT('',(0.17845,0.01700407596669,0.0413622431398417));
#4349=CARTESIAN_POINT('',(0.17845,0.01700407596669,0.0413622431398417));
#4350=CARTESIAN_POINT('',(0.17845,0.01700407596669,0.0441122431398418));
#4351=CARTESIAN_POINT('',(0.17845,-0.0150958053341491,0.0317251154935977));
#4352=CARTESIAN_POINT('',(0.17845,0.031492963361026,0.0452445288163796));
#4353=CARTESIAN_POINT('',(0.17845,0.031492963361026,0.0452445288163796));
#4354=CARTESIAN_POINT('',(0.17845,0.031492963361026,0.0479945288163796));
#4355=CARTESIAN_POINT('',(0.17845,-0.0150958053341491,0.0317251154935977));
#4356=CARTESIAN_POINT('',(0.17845,0.000824818376348078,0.0370270241343746));
#4357=CARTESIAN_POINT('',(0.17845,0.000824818376348078,0.0370270241343746));
#4358=CARTESIAN_POINT('',(0.17845,0.000824818376348078,0.0397770241343746));
#4359=CARTESIAN_POINT('',(0.17845,-0.0150958053341491,0.0317251154935977));
#4360=CARTESIAN_POINT('',(0.17845,-0.0153544392139938,0.0326918051289073));
#4361=CARTESIAN_POINT('',(0.17845,-0.0153544392139938,0.0326918051289073));
#4362=CARTESIAN_POINT('',(0.17845,-0.0153544392139938,0.0354418051289073));
#4363=CARTESIAN_POINT('',(0.17845,-0.0150958053341491,0.0317251154935977));
#4364=CARTESIAN_POINT('',(0.17845,-0.0315336968043357,0.0283565861234401));
#4365=CARTESIAN_POINT('',(0.17845,-0.0315336968043357,0.0283565861234401));
#4366=CARTESIAN_POINT('',(0.17845,-0.0315336968043357,0.0311065861234401));
#4367=CARTESIAN_POINT('',(0.17845,-0.0150958053341491,0.0317251154935977));
#4368=CARTESIAN_POINT('',(0.17845,-0.0477129543946776,0.0240213671179728));
#4369=CARTESIAN_POINT('',(0.17845,-0.0477129543946776,0.0240213671179728));
#4370=CARTESIAN_POINT('',(0.17845,-0.0477129543946776,0.0267713671179728));
#4371=CARTESIAN_POINT('',(0.17845,-0.0150958053341491,0.0317251154935977));
#4372=CARTESIAN_POINT('',(0.17845,-0.0622018417890136,0.0201390814414351));
#4373=CARTESIAN_POINT('',(0.17845,-0.0622018417890136,0.0201390814414351));
#4374=CARTESIAN_POINT('',(0.17845,-0.0622018417890136,0.0228890814414351));
#4375=CARTESIAN_POINT('',(0.17845,-0.0150958053341491,0.0317251154935977));
#4376=CARTESIAN_POINT('',(0.01525,-0.069398174360125,0.0182101157464008));
#4377=CARTESIAN_POINT('',(0.01525,-0.069398174360125,0.0182101157464008));
#4378=CARTESIAN_POINT('',(0.01525,-0.0701099267341569,0.0208664117686957));
#4379=CARTESIAN_POINT('',(0.,-0.0691393553150225,0.0172441899201118));
#4380=CARTESIAN_POINT('',(0.16775,-0.069398174360125,0.0182101157464008));
#4381=CARTESIAN_POINT('',(0.16775,-0.069398174360125,0.0182101157464008));
#4382=CARTESIAN_POINT('',(0.16775,-0.0701099267341569,0.0208664117686957));
#4383=CARTESIAN_POINT('',(0.,-0.0691393553150225,0.0172441899201118));
#4384=CARTESIAN_POINT('',(0.1525,-0.069398174360125,0.0182101157464008));
#4385=CARTESIAN_POINT('',(0.1525,-0.069398174360125,0.0182101157464008));
#4386=CARTESIAN_POINT('',(0.1525,-0.0701099267341569,0.0208664117686957));
#4387=CARTESIAN_POINT('',(0.,-0.0691393553150225,0.0172441899201118));
#4388=CARTESIAN_POINT('',(0.13725,-0.069398174360125,0.0182101157464008));
#4389=CARTESIAN_POINT('',(0.13725,-0.069398174360125,0.0182101157464008));
#4390=CARTESIAN_POINT('',(0.13725,-0.0701099267341569,0.0208664117686957));
#4391=CARTESIAN_POINT('',(0.,-0.0691393553150225,0.0172441899201118));
#4392=CARTESIAN_POINT('',(0.122,-0.069398174360125,0.0182101157464008));
#4393=CARTESIAN_POINT('',(0.122,-0.069398174360125,0.0182101157464008));
#4394=CARTESIAN_POINT('',(0.122,-0.0701099267341569,0.0208664117686957));
#4395=CARTESIAN_POINT('',(0.,-0.0691393553150225,0.0172441899201118));
#4396=CARTESIAN_POINT('',(0.061,-0.069398174360125,0.0182101157464008));
#4397=CARTESIAN_POINT('',(0.061,-0.069398174360125,0.0182101157464008));
#4398=CARTESIAN_POINT('',(0.061,-0.0701099267341569,0.0208664117686957));
#4399=CARTESIAN_POINT('',(0.,-0.0691393553150225,0.0172441899201118));
#4400=CARTESIAN_POINT('',(0.04575,-0.069398174360125,0.0182101157464008));
#4401=CARTESIAN_POINT('',(0.04575,-0.069398174360125,0.0182101157464008));
#4402=CARTESIAN_POINT('',(0.04575,-0.0701099267341569,0.0208664117686957));
#4403=CARTESIAN_POINT('',(0.,-0.0691393553150225,0.0172441899201118));
#4404=CARTESIAN_POINT('',(0.07625,-0.069398174360125,0.0182101157464008));
#4405=CARTESIAN_POINT('',(0.07625,-0.069398174360125,0.0182101157464008));
#4406=CARTESIAN_POINT('',(0.07625,-0.0701099267341569,0.0208664117686957));
#4407=CARTESIAN_POINT('',(0.,-0.0691393553150225,0.0172441899201118));
#4408=CARTESIAN_POINT('',(0.0305,-0.069398174360125,0.0182101157464008));
#4409=CARTESIAN_POINT('',(0.0305,-0.069398174360125,0.0182101157464008));
#4410=CARTESIAN_POINT('',(0.0305,-0.0701099267341569,0.0208664117686957));
#4411=CARTESIAN_POINT('',(0.,-0.0691393553150225,0.0172441899201118));
#4412=CARTESIAN_POINT('',(0.10675,-0.069398174360125,0.0182101157464008));
#4413=CARTESIAN_POINT('',(0.10675,-0.069398174360125,0.0182101157464008));
#4414=CARTESIAN_POINT('',(0.10675,-0.0701099267341569,0.0208664117686957));
#4415=CARTESIAN_POINT('',(0.,-0.0691393553150225,0.0172441899201118));
#4416=CARTESIAN_POINT('',(0.0915,-0.069398174360125,0.0182101157464008));
#4417=CARTESIAN_POINT('',(0.0915,-0.069398174360125,0.0182101157464008));
#4418=CARTESIAN_POINT('',(0.0915,-0.0701099267341569,0.0208664117686957));
#4419=CARTESIAN_POINT('',(0.,-0.0691393553150225,0.0172441899201118));
#4420=CARTESIAN_POINT('',(0.177498,0.0774262975050256,0.0543271931858914));
#4421=CARTESIAN_POINT('',(0.18025,0.0874262975050256,0.0501012676958767));
#4422=CARTESIAN_POINT('',(0.18025,0.0874262975050256,0.0501012676958767));
#4423=CARTESIAN_POINT('',(0.18025,0.0901762975050256,0.0501012676958767));
#4424=CARTESIAN_POINT('',(0.18025,0.0774262975050256,0.0501012676958767));
#4425=CARTESIAN_POINT('',(0.18025,0.0974262975050256,0.0501012676958767));
#4426=CARTESIAN_POINT('',(0.18025,0.0974262975050256,0.0501012676958767));
#4427=CARTESIAN_POINT('',(0.18025,0.100176297505026,0.0501012676958767));
#4428=CARTESIAN_POINT('',(0.18025,0.0774262975050256,0.0501012676958767));
#4429=CARTESIAN_POINT('',(0.18025,0.0774262975050256,0.0501012676958767));
#4430=CARTESIAN_POINT('',(0.18025,0.0774262975050256,0.0501012676958767));
#4431=CARTESIAN_POINT('',(0.18025,0.0801762975050256,0.0501012676958767));
#4432=CARTESIAN_POINT('',(0.18025,0.0774262975050256,0.0501012676958767));
#4433=CARTESIAN_POINT('',(0.18025,0.0674262975050256,0.0501012676958767));
#4434=CARTESIAN_POINT('',(0.18025,0.0674262975050256,0.0501012676958767));
#4435=CARTESIAN_POINT('',(0.18025,0.0701762975050256,0.0501012676958767));
#4436=CARTESIAN_POINT('',(0.18025,0.0774262975050256,0.0501012676958767));
#4437=CARTESIAN_POINT('',(0.18025,0.0574262975050256,0.0501012676958767));
#4438=CARTESIAN_POINT('',(0.18025,0.0574262975050256,0.0501012676958767));
#4439=CARTESIAN_POINT('',(0.18025,0.0601762975050256,0.0501012676958767));
#4440=CARTESIAN_POINT('',(0.18025,0.0774262975050256,0.0501012676958767));
#4441=CARTESIAN_POINT('',(6.93889390390723E-18,0.0785,0.006));
#4442=CARTESIAN_POINT('',(0.,0.0785,0.006));
#4443=CARTESIAN_POINT('',(0.,0.0785,0.006));
#4444=CARTESIAN_POINT('',(0.02,0.0785,0.006));
#4445=CARTESIAN_POINT('',(0.02,0.0785,0.006));
#4446=CARTESIAN_POINT('',(6.93889390390723E-18,0.0785,0.006));
#4447=CARTESIAN_POINT('',(0.02,0.0805,0.006));
#4448=CARTESIAN_POINT('',(0.02,0.0805,0.006));
#4449=CARTESIAN_POINT('',(-0.0025,0.015,0.006));
#4450=CARTESIAN_POINT('',(0.,0.015,0.006));
#4451=CARTESIAN_POINT('',(0.053,0.0905,0.006));
#4452=CARTESIAN_POINT('',(0.053,0.0905,0.006));
#4453=CARTESIAN_POINT('',(0.053,0.0885,0.006));
#4454=CARTESIAN_POINT('',(0.053,0.0885,0.006));
#4455=CARTESIAN_POINT('',(0.038,0.0905,0.006));
#4456=CARTESIAN_POINT('',(0.038,0.0885,0.006));
#4457=CARTESIAN_POINT('',(0.038,0.0885,0.006));
#4458=CARTESIAN_POINT('',(0.038,0.0905,0.006));
#4459=CARTESIAN_POINT('',(0.0455,0.0885,0.006));
#4460=CARTESIAN_POINT('',(0.0455,0.0885,0.006));
#4461=CARTESIAN_POINT('',(-0.0025,0.015,0.006));
#4462=CARTESIAN_POINT('',(0.182502,-0.0736323333223235,0.00888311279072964));
#4463=CARTESIAN_POINT('',(0.,-0.0736323333223235,0.00888311279072964));
#4464=CARTESIAN_POINT('',(0.18025,0.0974262975050256,0.00510126769587668));
#4465=CARTESIAN_POINT('',(0.18025,0.0974262975050256,0.00510126769587668));
#4466=CARTESIAN_POINT('',(0.18025,0.0974262975050256,0.00785126769587668));
#4467=CARTESIAN_POINT('',(0.18025,0.0181882666842823,0.0271635965929457));
#4468=CARTESIAN_POINT('',(0.18025,0.0974262975050256,0.0141012676958767));
#4469=CARTESIAN_POINT('',(0.18025,0.0974262975050256,0.0141012676958767));
#4470=CARTESIAN_POINT('',(0.18025,0.0974262975050256,0.0168512676958767));
#4471=CARTESIAN_POINT('',(0.18025,0.0181882666842823,0.0271635965929457));
#4472=CARTESIAN_POINT('',(0.18025,0.0974262975050256,0.0231012676958767));
#4473=CARTESIAN_POINT('',(0.18025,0.0974262975050256,0.0231012676958767));
#4474=CARTESIAN_POINT('',(0.18025,0.0974262975050256,0.0258512676958767));
#4475=CARTESIAN_POINT('',(0.18025,0.0181882666842823,0.0271635965929457));
#4476=CARTESIAN_POINT('',(0.18025,0.0974262975050256,0.0321012676958767));
#4477=CARTESIAN_POINT('',(0.18025,0.0974262975050256,0.0321012676958767));
#4478=CARTESIAN_POINT('',(0.18025,0.0974262975050256,0.0348512676958767));
#4479=CARTESIAN_POINT('',(0.18025,0.0181882666842823,0.0271635965929457));
#4480=CARTESIAN_POINT('',(0.18025,0.0974262975050256,0.0411012676958767));
#4481=CARTESIAN_POINT('',(0.18025,0.0974262975050256,0.0411012676958767));
#4482=CARTESIAN_POINT('',(0.18025,0.0974262975050256,0.0438512676958767));
#4483=CARTESIAN_POINT('',(0.18025,0.0181882666842823,0.0271635965929457));
#4484=CARTESIAN_POINT('',(0.0055,0.08025,9.95025524307225E-20));
#4485=CARTESIAN_POINT('',(0.0055,0.08025,9.95025524307225E-20));
#4486=CARTESIAN_POINT('',(0.0055,0.08025,0.001625));
#4487=CARTESIAN_POINT('',(0.,0.08025,0.00175));
#4488=CARTESIAN_POINT('',(0.011,0.08025,9.95025524307225E-20));
#4489=CARTESIAN_POINT('',(0.011,0.08025,9.95025524307225E-20));
#4490=CARTESIAN_POINT('',(0.011,0.08025,0.001625));
#4491=CARTESIAN_POINT('',(0.,0.08025,0.00175));
#4492=CARTESIAN_POINT('',(0.0165,0.08025,9.95025524307225E-20));
#4493=CARTESIAN_POINT('',(0.0165,0.08025,9.95025524307225E-20));
#4494=CARTESIAN_POINT('',(0.0165,0.08025,0.001625));
#4495=CARTESIAN_POINT('',(0.,0.08025,0.00175));
#4496=CARTESIAN_POINT('',(0.042,0.09025,9.95025524307225E-20));
#4497=CARTESIAN_POINT('',(0.042,0.09025,9.95025524307225E-20));
#4498=CARTESIAN_POINT('',(0.042,0.09025,0.001625));
#4499=CARTESIAN_POINT('',(0.0455,0.09025,0.00175));
#4500=CARTESIAN_POINT('',(0.049,0.09025,9.95025524307225E-20));
#4501=CARTESIAN_POINT('',(0.049,0.09025,9.95025524307225E-20));
#4502=CARTESIAN_POINT('',(0.049,0.09025,0.001625));
#4503=CARTESIAN_POINT('',(0.0455,0.09025,0.00175));
#4504=CARTESIAN_POINT('',(0.1725,0.0995,-0.002));
#4505=CARTESIAN_POINT('',(0.1795,0.0995,-0.002));
#4506=CARTESIAN_POINT('',(0.1795,0.0995,-0.002));
#4507=CARTESIAN_POINT('',(0.1725,0.0995,-0.002));
#4508=CARTESIAN_POINT('',(0.1655,0.0995,-0.002));
#4509=CARTESIAN_POINT('',(0.1655,0.0995,-0.002));
#4510=CARTESIAN_POINT('',(0.1795,0.0925,-0.002));
#4511=CARTESIAN_POINT('',(0.1795,0.0855,-0.002));
#4512=CARTESIAN_POINT('',(0.1795,0.0855,-0.002));
#4513=CARTESIAN_POINT('',(0.1795,0.0925,-0.002));
#4514=CARTESIAN_POINT('',(0.1725,0.0855,-0.002));
#4515=CARTESIAN_POINT('',(0.1655,0.0855,-0.002));
#4516=CARTESIAN_POINT('',(0.1655,0.0855,-0.002));
#4517=CARTESIAN_POINT('',(0.1725,0.0855,-0.002));
#4518=CARTESIAN_POINT('',(0.1655,0.0925,-0.002));
#4519=CARTESIAN_POINT('',(0.1655,0.0925,-0.002));
#4520=CARTESIAN_POINT('',(-0.0025,0.015,-0.002));
#4521=CARTESIAN_POINT('',(0.182,-0.065,-0.002));
#4522=CARTESIAN_POINT('',(0.182,-0.072,-0.002));
#4523=CARTESIAN_POINT('',(0.182,-0.072,-0.002));
#4524=CARTESIAN_POINT('',(0.182,-0.065,-0.002));
#4525=CARTESIAN_POINT('',(0.182,-0.058,-0.002));
#4526=CARTESIAN_POINT('',(0.182,-0.058,-0.002));
#4527=CARTESIAN_POINT('',(0.175,-0.072,-0.002));
#4528=CARTESIAN_POINT('',(0.168,-0.072,-0.002));
#4529=CARTESIAN_POINT('',(0.168,-0.072,-0.002));
#4530=CARTESIAN_POINT('',(0.175,-0.072,-0.002));
#4531=CARTESIAN_POINT('',(0.168,-0.065,-0.002));
#4532=CARTESIAN_POINT('',(0.168,-0.058,-0.002));
#4533=CARTESIAN_POINT('',(0.168,-0.058,-0.002));
#4534=CARTESIAN_POINT('',(0.168,-0.065,-0.002));
#4535=CARTESIAN_POINT('',(0.175,-0.058,-0.002));
#4536=CARTESIAN_POINT('',(0.175,-0.058,-0.002));
#4537=CARTESIAN_POINT('',(-0.0025,0.015,-0.002));
#4538=CARTESIAN_POINT('',(0.068,0.0275,0.0269338714530413));
#4539=CARTESIAN_POINT('',(0.068,0.0275,0.0269338714530413));
#4540=CARTESIAN_POINT('',(0.068,0.0275,0.0194292940649699));
#4541=CARTESIAN_POINT('',(0.068,0.0275,0.0194292940649699));
#4542=CARTESIAN_POINT('',(0.034,0.0415,0.0269338714530413));
#4543=CARTESIAN_POINT('',(0.0336495728610199,0.0416442935278153,0.0232192460932567));
#4544=CARTESIAN_POINT('',(0.,0.0555,0.0269318714530413));
#4545=CARTESIAN_POINT('',(0.,0.0555,0.0269338714530413));
#4546=CARTESIAN_POINT('',(0.0362018950095247,0.0416442935278153,0.0463523505080506));
#4547=CARTESIAN_POINT('',(0.00255232214850481,0.0555,0.0500649758678351));
#4548=CARTESIAN_POINT('',(0.0705523221485048,0.0275,0.0425623984797637));
#4549=CARTESIAN_POINT('',(0.0705523221485048,0.0275,0.0425623984797637));
#4550=CARTESIAN_POINT('',(-0.0310972507125151,0.0416442935278153,0.0463523505080506));
#4551=CARTESIAN_POINT('',(3.46944695195361E-18,0.0545794791245559,0.0469472485366903));
#4552=CARTESIAN_POINT('',(0.,0.,0.));
#4553=CARTESIAN_POINT('',(0.,0.051296356424875,0.0105));
#4554=CARTESIAN_POINT('',(0.,0.051296356424875,0.00775));
#4555=CARTESIAN_POINT('',(0.,0.051296356424875,0.003));
#4556=CARTESIAN_POINT('',(0.,0.051296356424875,0.00025));
#4557=CARTESIAN_POINT('',(0.,0.0805,0.004));
#4558=CARTESIAN_POINT('',(0.,0.0805,0.002375));
#4559=CARTESIAN_POINT('',(0.,0.051296356424875,0.018));
#4560=CARTESIAN_POINT('',(0.,0.051296356424875,0.01525));
#4561=CARTESIAN_POINT('',(0.,0.051296356424875,0.0255));
#4562=CARTESIAN_POINT('',(0.,0.051296356424875,0.02275));
#4563=CARTESIAN_POINT('',(0.,0.,0.));
#4564=CARTESIAN_POINT('',(0.,-0.0700576963075256,0.0169981211927942));
#4565=CARTESIAN_POINT('',(0.,-0.0700576963075256,0.0142481211927942));
#4566=CARTESIAN_POINT('',(0.,-0.0688801234706012,0.00922648961116757));
#4567=CARTESIAN_POINT('',(0.,-0.0688801234706012,0.00647648961116757));
#4568=CARTESIAN_POINT('',(0.,-0.0677025506336768,0.00145485802954102));
#4569=CARTESIAN_POINT('',(0.,-0.0677025506336768,-0.00129514197045898));
#4570=CARTESIAN_POINT('',(0.,0.,0.));
#4571=CARTESIAN_POINT('',(0.,0.0486552992009294,0.0488071724703641));
#4572=CARTESIAN_POINT('',(0.,0.0486552992009294,0.0460571724703641));
#4573=CARTESIAN_POINT('',(0.,0.0411210777558747,0.0467883839185644));
#4574=CARTESIAN_POINT('',(0.,0.0411210777558747,0.0440383839185644));
#4575=CARTESIAN_POINT('',(0.,0.,0.));
#4576=CARTESIAN_POINT('',(0.,0.,0.));
#4577=CARTESIAN_POINT('',(-0.00275,0.0411210777558747,0.0467883839185644));
#4578=CARTESIAN_POINT('',(0.00275,0.0411210777558747,0.0467883839185644));
#4579=CARTESIAN_POINT('',(0.00275,0.0411210777558747,0.0440383839185644));
#4580=CARTESIAN_POINT('',(0.00275,0.044888188478402,0.0477977781944643));
#4581=CARTESIAN_POINT('',(-0.00275,0.0486552992009294,0.0488071724703641));
#4582=CARTESIAN_POINT('',(0.00275,0.0486552992009294,0.0488071724703641));
#4583=CARTESIAN_POINT('',(0.00275,0.0486552992009294,0.0460571724703641));
#4584=CARTESIAN_POINT('',(0.00275,0.044888188478402,0.0477977781944643));
#4585=CARTESIAN_POINT('',(-0.00275,-0.0677025506336768,0.00145485802954102));
#4586=CARTESIAN_POINT('',(0.00275,-0.0677025506336768,0.00145485802954102));
#4587=CARTESIAN_POINT('',(0.00275,-0.0677025506336768,-0.00129514197045898));
#4588=CARTESIAN_POINT('',(0.00275,-0.0608614625100922,0.00984093389207916));
#4589=CARTESIAN_POINT('',(-0.00275,-0.0688801234706012,0.00922648961116757));
#4590=CARTESIAN_POINT('',(0.00275,-0.0688801234706012,0.00922648961116757));
#4591=CARTESIAN_POINT('',(0.00275,-0.0688801234706012,0.00647648961116757));
#4592=CARTESIAN_POINT('',(0.00275,-0.0608614625100922,0.00984093389207916));
#4593=CARTESIAN_POINT('',(-0.00275,-0.0700576963075256,0.0169981211927942));
#4594=CARTESIAN_POINT('',(0.00275,-0.0700576963075256,0.0169981211927942));
#4595=CARTESIAN_POINT('',(0.00275,-0.0700576963075256,0.0142481211927942));
#4596=CARTESIAN_POINT('',(0.00275,-0.0608614625100922,0.00984093389207916));
#4597=CARTESIAN_POINT('',(-0.00275,0.051296356424875,0.0255));
#4598=CARTESIAN_POINT('',(0.00275,0.051296356424875,0.0255));
#4599=CARTESIAN_POINT('',(0.00275,0.051296356424875,0.02275));
#4600=CARTESIAN_POINT('',(0.00275,0.0630847790404027,0.0149261903189075));
#4601=CARTESIAN_POINT('',(-0.00275,0.051296356424875,0.018));
#4602=CARTESIAN_POINT('',(0.00275,0.051296356424875,0.018));
#4603=CARTESIAN_POINT('',(0.00275,0.051296356424875,0.01525));
#4604=CARTESIAN_POINT('',(0.00275,0.0630847790404027,0.0149261903189075));
#4605=CARTESIAN_POINT('',(-0.00275,0.0805,0.004));
#4606=CARTESIAN_POINT('',(0.00275,0.0805,0.004));
#4607=CARTESIAN_POINT('',(0.00275,0.0805,0.002375));
#4608=CARTESIAN_POINT('',(0.00275,0.0630847790404027,0.0149261903189075));
#4609=CARTESIAN_POINT('',(-0.00275,0.051296356424875,0.003));
#4610=CARTESIAN_POINT('',(0.00275,0.051296356424875,0.003));
#4611=CARTESIAN_POINT('',(0.00275,0.051296356424875,0.00025));
#4612=CARTESIAN_POINT('',(0.00275,0.0630847790404027,0.0149261903189075));
#4613=CARTESIAN_POINT('',(-0.00275,0.051296356424875,0.0105));
#4614=CARTESIAN_POINT('',(0.00275,0.051296356424875,0.0105));
#4615=CARTESIAN_POINT('',(0.00275,0.051296356424875,0.00775));
#4616=CARTESIAN_POINT('',(0.00275,0.0630847790404027,0.0149261903189075));
#4617=MECHANICAL_DESIGN_GEOMETRIC_PRESENTATION_REPRESENTATION('',(#2691),
#4618);
#4618=(
GEOMETRIC_REPRESENTATION_CONTEXT(3)
GLOBAL_UNCERTAINTY_ASSIGNED_CONTEXT((#4619))
GLOBAL_UNIT_ASSIGNED_CONTEXT((#4622,#4621,#4620))
REPRESENTATION_CONTEXT('belowScreen','TOP_LEVEL_ASSEMBLY_PART')
);
#4619=UNCERTAINTY_MEASURE_WITH_UNIT(LENGTH_MEASURE(1.E-8),#4622,
'DISTANCE_ACCURACY_VALUE','Maximum Tolerance applied to model');
#4620=(
NAMED_UNIT(*)
SI_UNIT($,.STERADIAN.)
SOLID_ANGLE_UNIT()
);
#4621=(
NAMED_UNIT(*)
PLANE_ANGLE_UNIT()
SI_UNIT($,.RADIAN.)
);
#4622=(
LENGTH_UNIT()
NAMED_UNIT(*)
SI_UNIT($,.METRE.)
);
#4623=PRODUCT_DEFINITION_SHAPE('','',#4624);
#4624=PRODUCT_DEFINITION('','',#4626,#4625);
#4625=PRODUCT_DEFINITION_CONTEXT('',#4632,'design');
#4626=PRODUCT_DEFINITION_FORMATION_WITH_SPECIFIED_SOURCE('','',#4628,
 .NOT_KNOWN.);
#4627=PRODUCT_RELATED_PRODUCT_CATEGORY('','',(#4628));
#4628=PRODUCT('belowScreen','belowScreen','belowScreen',(#4630));
#4629=PRODUCT_CATEGORY('','');
#4630=PRODUCT_CONTEXT('',#4632,'mechanical');
#4631=APPLICATION_PROTOCOL_DEFINITION('international standard',
'ap242_managed_model_based_3d_engineering',2011,#4632);
#4632=APPLICATION_CONTEXT('managed model based 3d engineering');
ENDSEC;
END-ISO-10303-21;
