ISO-10303-21;
HEADER;
/* Generated by software containing ST-Developer
 * from STEP Tools, Inc. (www.steptools.com) 
 */
/* OPTION: using custom renumber hook */

FILE_DESCRIPTION(
/* description */ ('STEP AP242',
'CAx-IF Rec.Pracs.---Representation and Presentation of Product Manufa
cturing Information (PMI)---4.0---2014-10-13',
'CAx-IF Rec.Pracs.---3D Tessellated Geometry---0.4---2014-09-14','2;1',
'CAx-IF Rec.Pracs.---User Defined Attributes---1.5---2016-08-15'),
/* implementation_level */ '2;1');

FILE_NAME(
/* name */ '6917d2abb98f94d7576a14d1',
/* time_stamp */ '2025-11-15T01:09:00Z',
/* author */ (''),
/* organization */ (''),
/* preprocessor_version */ 'ST-DEVELOPER v20',
/* originating_system */ 'ONSHAPE BY PTC INC, 1.206',
/* authorisation */ '  ');

FILE_SCHEMA (('AP242_MANAGED_MODEL_BASED_3D_ENGINEERING_MIM_LF { 1 0 10303 442 1 1 4 }'));
ENDSEC;

DATA;
#10=SHAPE_REPRESENTATION_RELATIONSHIP('','',#3089,#11);
#11=ADVANCED_BREP_SHAPE_REPRESENTATION('',(#3087),#5247);
#12=ELLIPSE('',#3244,0.00103527618041008,0.001);
#13=ELLIPSE('',#3247,0.00103527618041008,0.001);
#14=CYLINDRICAL_SURFACE('',#3170,0.00275);
#15=CYLINDRICAL_SURFACE('',#3172,0.00275);
#16=CYLINDRICAL_SURFACE('',#3174,0.00275);
#17=CYLINDRICAL_SURFACE('',#3176,0.00275);
#18=CYLINDRICAL_SURFACE('',#3178,0.00275);
#19=CYLINDRICAL_SURFACE('',#3180,0.00275);
#20=CYLINDRICAL_SURFACE('',#3182,0.00275);
#21=CYLINDRICAL_SURFACE('',#3206,0.00275);
#22=CYLINDRICAL_SURFACE('',#3208,0.00275);
#23=CYLINDRICAL_SURFACE('',#3210,0.00275);
#24=CYLINDRICAL_SURFACE('',#3212,0.00275);
#25=CYLINDRICAL_SURFACE('',#3214,0.00275);
#26=CYLINDRICAL_SURFACE('',#3216,0.00275);
#27=CYLINDRICAL_SURFACE('',#3218,0.00275);
#28=CYLINDRICAL_SURFACE('',#3243,0.001);
#29=CYLINDRICAL_SURFACE('',#3246,0.001);
#30=CYLINDRICAL_SURFACE('',#3263,0.00275);
#31=CYLINDRICAL_SURFACE('',#3265,0.00275);
#32=CYLINDRICAL_SURFACE('',#3267,0.00275);
#33=CYLINDRICAL_SURFACE('',#3269,0.00275);
#34=CYLINDRICAL_SURFACE('',#3271,0.00275);
#35=CYLINDRICAL_SURFACE('',#3273,0.00275);
#36=CYLINDRICAL_SURFACE('',#3275,0.00275);
#37=CYLINDRICAL_SURFACE('',#3277,0.00275);
#38=CYLINDRICAL_SURFACE('',#3279,0.00275);
#39=CYLINDRICAL_SURFACE('',#3281,0.00275);
#40=CYLINDRICAL_SURFACE('',#3283,0.00275);
#41=CYLINDRICAL_SURFACE('',#3287,0.0125);
#42=CYLINDRICAL_SURFACE('',#3290,0.0125);
#43=CYLINDRICAL_SURFACE('',#3293,0.0125);
#44=CYLINDRICAL_SURFACE('',#3305,0.001);
#45=CYLINDRICAL_SURFACE('',#3307,0.00075);
#46=CYLINDRICAL_SURFACE('',#3309,0.001);
#47=CYLINDRICAL_SURFACE('',#3311,0.001);
#48=CYLINDRICAL_SURFACE('',#3313,0.001);
#49=CYLINDRICAL_SURFACE('',#3315,0.00075);
#50=CYLINDRICAL_SURFACE('',#3317,0.00075);
#51=CYLINDRICAL_SURFACE('',#3319,0.00075);
#52=CYLINDRICAL_SURFACE('',#3322,0.001625);
#53=CYLINDRICAL_SURFACE('',#3324,0.001625);
#54=CYLINDRICAL_SURFACE('',#3326,0.001625);
#55=CYLINDRICAL_SURFACE('',#3331,0.00275);
#56=CYLINDRICAL_SURFACE('',#3333,0.00275);
#57=CYLINDRICAL_SURFACE('',#3335,0.00275);
#58=CYLINDRICAL_SURFACE('',#3337,0.00275);
#59=CYLINDRICAL_SURFACE('',#3339,0.00275);
#60=CYLINDRICAL_SURFACE('',#3341,0.00275);
#61=CYLINDRICAL_SURFACE('',#3343,0.00275);
#62=CYLINDRICAL_SURFACE('',#3345,0.00275);
#63=CYLINDRICAL_SURFACE('',#3347,0.00275);
#64=CYLINDRICAL_SURFACE('',#3349,0.00275);
#65=CYLINDRICAL_SURFACE('',#3351,0.00275);
#66=CYLINDRICAL_SURFACE('',#3354,0.00275);
#67=CYLINDRICAL_SURFACE('',#3356,0.00275);
#68=CYLINDRICAL_SURFACE('',#3358,0.00275);
#69=CYLINDRICAL_SURFACE('',#3360,0.00275);
#70=CYLINDRICAL_SURFACE('',#3362,0.00275);
#71=CYLINDRICAL_SURFACE('',#3364,0.00275);
#72=CYLINDRICAL_SURFACE('',#3366,0.00275);
#73=CYLINDRICAL_SURFACE('',#3368,0.00275);
#74=CYLINDRICAL_SURFACE('',#3370,0.00275);
#75=CYLINDRICAL_SURFACE('',#3372,0.00275);
#76=CYLINDRICAL_SURFACE('',#3374,0.00275);
#77=CYLINDRICAL_SURFACE('',#3397,0.0125);
#78=CYLINDRICAL_SURFACE('',#3399,0.02);
#79=CYLINDRICAL_SURFACE('',#3401,0.0125);
#80=CYLINDRICAL_SURFACE('',#3420,0.00275);
#81=CYLINDRICAL_SURFACE('',#3423,0.00275);
#82=CYLINDRICAL_SURFACE('',#3426,0.00275);
#83=CYLINDRICAL_SURFACE('',#3429,0.00275);
#84=CYLINDRICAL_SURFACE('',#3432,0.00275);
#85=CYLINDRICAL_SURFACE('',#3435,0.00275);
#86=CYLINDRICAL_SURFACE('',#3438,0.00275);
#87=CYLINDRICAL_SURFACE('',#3441,0.001625);
#88=CYLINDRICAL_SURFACE('',#3444,0.00275);
#89=CYLINDRICAL_SURFACE('',#3447,0.00275);
#90=CIRCLE('',#3096,0.00275);
#91=CIRCLE('',#3098,0.00275);
#92=CIRCLE('',#3100,0.00275);
#93=CIRCLE('',#3102,0.00275);
#94=CIRCLE('',#3104,0.00275);
#95=CIRCLE('',#3106,0.00275);
#96=CIRCLE('',#3108,0.00275);
#97=CIRCLE('',#3110,0.00275);
#98=CIRCLE('',#3112,0.00275);
#99=CIRCLE('',#3114,0.00275);
#100=CIRCLE('',#3116,0.00275);
#101=CIRCLE('',#3118,0.00275);
#102=CIRCLE('',#3120,0.00275);
#103=CIRCLE('',#3122,0.00275);
#104=CIRCLE('',#3126,0.00275);
#105=CIRCLE('',#3128,0.00275);
#106=CIRCLE('',#3130,0.00275);
#107=CIRCLE('',#3132,0.00275);
#108=CIRCLE('',#3134,0.00275);
#109=CIRCLE('',#3136,0.00275);
#110=CIRCLE('',#3138,0.00275);
#111=CIRCLE('',#3140,0.00275);
#112=CIRCLE('',#3142,0.00275);
#113=CIRCLE('',#3144,0.00275);
#114=CIRCLE('',#3146,0.00275);
#115=CIRCLE('',#3149,0.001);
#116=CIRCLE('',#3151,0.00075);
#117=CIRCLE('',#3153,0.001);
#118=CIRCLE('',#3155,0.001);
#119=CIRCLE('',#3157,0.001);
#120=CIRCLE('',#3159,0.00075);
#121=CIRCLE('',#3161,0.00075);
#122=CIRCLE('',#3163,0.00075);
#123=CIRCLE('',#3165,0.001625);
#124=CIRCLE('',#3167,0.001625);
#125=CIRCLE('',#3169,0.001625);
#126=CIRCLE('',#3171,0.00275);
#127=CIRCLE('',#3173,0.00275);
#128=CIRCLE('',#3175,0.00275);
#129=CIRCLE('',#3177,0.00275);
#130=CIRCLE('',#3179,0.00275);
#131=CIRCLE('',#3181,0.00275);
#132=CIRCLE('',#3183,0.00275);
#133=CIRCLE('',#3185,0.00275);
#134=CIRCLE('',#3187,0.00275);
#135=CIRCLE('',#3189,0.00275);
#136=CIRCLE('',#3191,0.00275);
#137=CIRCLE('',#3193,0.00275);
#138=CIRCLE('',#3195,0.00275);
#139=CIRCLE('',#3197,0.00275);
#140=CIRCLE('',#3199,0.00275);
#141=CIRCLE('',#3201,0.00275);
#142=CIRCLE('',#3203,0.00275);
#143=CIRCLE('',#3205,0.00275);
#144=CIRCLE('',#3207,0.00275);
#145=CIRCLE('',#3209,0.00275);
#146=CIRCLE('',#3211,0.00275);
#147=CIRCLE('',#3213,0.00275);
#148=CIRCLE('',#3215,0.00275);
#149=CIRCLE('',#3217,0.00275);
#150=CIRCLE('',#3219,0.00275);
#151=CIRCLE('',#3221,0.00275);
#152=CIRCLE('',#3223,0.00275);
#153=CIRCLE('',#3225,0.00275);
#154=CIRCLE('',#3227,0.00275);
#155=CIRCLE('',#3229,0.00275);
#156=CIRCLE('',#3231,0.00275);
#157=CIRCLE('',#3233,0.00275);
#158=CIRCLE('',#3235,0.00275);
#159=CIRCLE('',#3237,0.00275);
#160=CIRCLE('',#3239,0.00275);
#161=CIRCLE('',#3241,0.00275);
#162=CIRCLE('',#3245,0.001);
#163=CIRCLE('',#3248,0.001);
#164=CIRCLE('',#3264,0.00275);
#165=CIRCLE('',#3266,0.00275);
#166=CIRCLE('',#3268,0.00275);
#167=CIRCLE('',#3270,0.00275);
#168=CIRCLE('',#3272,0.00275);
#169=CIRCLE('',#3274,0.00275);
#170=CIRCLE('',#3276,0.00275);
#171=CIRCLE('',#3278,0.00275);
#172=CIRCLE('',#3280,0.00275);
#173=CIRCLE('',#3282,0.00275);
#174=CIRCLE('',#3284,0.00275);
#175=CIRCLE('',#3288,0.0125);
#176=CIRCLE('',#3289,0.0125);
#177=CIRCLE('',#3291,0.0125);
#178=CIRCLE('',#3292,0.0125);
#179=CIRCLE('',#3294,0.0125);
#180=CIRCLE('',#3295,0.0125);
#181=CIRCLE('',#3306,0.001);
#182=CIRCLE('',#3308,0.00075);
#183=CIRCLE('',#3310,0.001);
#184=CIRCLE('',#3312,0.001);
#185=CIRCLE('',#3314,0.001);
#186=CIRCLE('',#3316,0.00075);
#187=CIRCLE('',#3318,0.00075);
#188=CIRCLE('',#3320,0.00075);
#189=CIRCLE('',#3323,0.001625);
#190=CIRCLE('',#3325,0.001625);
#191=CIRCLE('',#3327,0.001625);
#192=CIRCLE('',#3332,0.00275);
#193=CIRCLE('',#3334,0.00275);
#194=CIRCLE('',#3336,0.00275);
#195=CIRCLE('',#3338,0.00275);
#196=CIRCLE('',#3340,0.00275);
#197=CIRCLE('',#3342,0.00275);
#198=CIRCLE('',#3344,0.00275);
#199=CIRCLE('',#3346,0.00275);
#200=CIRCLE('',#3348,0.00275);
#201=CIRCLE('',#3350,0.00275);
#202=CIRCLE('',#3352,0.00275);
#203=CIRCLE('',#3355,0.00275);
#204=CIRCLE('',#3357,0.00275);
#205=CIRCLE('',#3359,0.00275);
#206=CIRCLE('',#3361,0.00275);
#207=CIRCLE('',#3363,0.00275);
#208=CIRCLE('',#3365,0.00275);
#209=CIRCLE('',#3367,0.00275);
#210=CIRCLE('',#3369,0.00275);
#211=CIRCLE('',#3371,0.00275);
#212=CIRCLE('',#3373,0.00275);
#213=CIRCLE('',#3375,0.00275);
#214=CIRCLE('',#3393,0.0125);
#215=CIRCLE('',#3394,0.02);
#216=CIRCLE('',#3395,0.0125);
#217=CIRCLE('',#3398,0.0125);
#218=CIRCLE('',#3400,0.02);
#219=CIRCLE('',#3402,0.0125);
#220=CIRCLE('',#3407,0.00275);
#221=CIRCLE('',#3408,0.00275);
#222=CIRCLE('',#3409,0.001625);
#223=CIRCLE('',#3410,0.00275);
#224=CIRCLE('',#3411,0.00275);
#225=CIRCLE('',#3413,0.00275);
#226=CIRCLE('',#3414,0.00275);
#227=CIRCLE('',#3415,0.00275);
#228=CIRCLE('',#3417,0.00275);
#229=CIRCLE('',#3418,0.00275);
#230=CIRCLE('',#3421,0.00275);
#231=CIRCLE('',#3424,0.00275);
#232=CIRCLE('',#3427,0.00275);
#233=CIRCLE('',#3430,0.00275);
#234=CIRCLE('',#3433,0.00275);
#235=CIRCLE('',#3436,0.00275);
#236=CIRCLE('',#3439,0.00275);
#237=CIRCLE('',#3442,0.001625);
#238=CIRCLE('',#3445,0.00275);
#239=CIRCLE('',#3448,0.00275);
#240=ORIENTED_EDGE('',*,*,#956,.F.);
#241=ORIENTED_EDGE('',*,*,#957,.T.);
#242=ORIENTED_EDGE('',*,*,#958,.T.);
#243=ORIENTED_EDGE('',*,*,#959,.F.);
#244=ORIENTED_EDGE('',*,*,#960,.F.);
#245=ORIENTED_EDGE('',*,*,#961,.F.);
#246=ORIENTED_EDGE('',*,*,#962,.F.);
#247=ORIENTED_EDGE('',*,*,#963,.T.);
#248=ORIENTED_EDGE('',*,*,#964,.F.);
#249=ORIENTED_EDGE('',*,*,#965,.T.);
#250=ORIENTED_EDGE('',*,*,#966,.T.);
#251=ORIENTED_EDGE('',*,*,#967,.F.);
#252=ORIENTED_EDGE('',*,*,#968,.F.);
#253=ORIENTED_EDGE('',*,*,#969,.T.);
#254=ORIENTED_EDGE('',*,*,#970,.F.);
#255=ORIENTED_EDGE('',*,*,#971,.T.);
#256=ORIENTED_EDGE('',*,*,#972,.T.);
#257=ORIENTED_EDGE('',*,*,#973,.T.);
#258=ORIENTED_EDGE('',*,*,#974,.F.);
#259=ORIENTED_EDGE('',*,*,#975,.F.);
#260=ORIENTED_EDGE('',*,*,#976,.F.);
#261=ORIENTED_EDGE('',*,*,#977,.T.);
#262=ORIENTED_EDGE('',*,*,#978,.F.);
#263=ORIENTED_EDGE('',*,*,#979,.T.);
#264=ORIENTED_EDGE('',*,*,#980,.F.);
#265=ORIENTED_EDGE('',*,*,#981,.F.);
#266=ORIENTED_EDGE('',*,*,#982,.F.);
#267=ORIENTED_EDGE('',*,*,#983,.F.);
#268=ORIENTED_EDGE('',*,*,#984,.T.);
#269=ORIENTED_EDGE('',*,*,#985,.F.);
#270=ORIENTED_EDGE('',*,*,#986,.T.);
#271=ORIENTED_EDGE('',*,*,#987,.T.);
#272=ORIENTED_EDGE('',*,*,#988,.T.);
#273=ORIENTED_EDGE('',*,*,#989,.T.);
#274=ORIENTED_EDGE('',*,*,#990,.T.);
#275=ORIENTED_EDGE('',*,*,#991,.T.);
#276=ORIENTED_EDGE('',*,*,#992,.T.);
#277=ORIENTED_EDGE('',*,*,#993,.F.);
#278=ORIENTED_EDGE('',*,*,#994,.F.);
#279=ORIENTED_EDGE('',*,*,#995,.F.);
#280=ORIENTED_EDGE('',*,*,#996,.F.);
#281=ORIENTED_EDGE('',*,*,#997,.F.);
#282=ORIENTED_EDGE('',*,*,#998,.F.);
#283=ORIENTED_EDGE('',*,*,#999,.F.);
#284=ORIENTED_EDGE('',*,*,#1000,.F.);
#285=ORIENTED_EDGE('',*,*,#1001,.T.);
#286=ORIENTED_EDGE('',*,*,#1002,.T.);
#287=ORIENTED_EDGE('',*,*,#1003,.F.);
#288=ORIENTED_EDGE('',*,*,#1004,.F.);
#289=ORIENTED_EDGE('',*,*,#1005,.T.);
#290=ORIENTED_EDGE('',*,*,#1006,.T.);
#291=ORIENTED_EDGE('',*,*,#1007,.F.);
#292=ORIENTED_EDGE('',*,*,#1008,.T.);
#293=ORIENTED_EDGE('',*,*,#1009,.T.);
#294=ORIENTED_EDGE('',*,*,#1010,.T.);
#295=ORIENTED_EDGE('',*,*,#1011,.T.);
#296=ORIENTED_EDGE('',*,*,#1012,.T.);
#297=ORIENTED_EDGE('',*,*,#1013,.T.);
#298=ORIENTED_EDGE('',*,*,#1014,.T.);
#299=ORIENTED_EDGE('',*,*,#1015,.T.);
#300=ORIENTED_EDGE('',*,*,#1016,.T.);
#301=ORIENTED_EDGE('',*,*,#1017,.T.);
#302=ORIENTED_EDGE('',*,*,#1018,.T.);
#303=ORIENTED_EDGE('',*,*,#1019,.F.);
#304=ORIENTED_EDGE('',*,*,#1020,.T.);
#305=ORIENTED_EDGE('',*,*,#964,.T.);
#306=ORIENTED_EDGE('',*,*,#1021,.F.);
#307=ORIENTED_EDGE('',*,*,#1022,.T.);
#308=ORIENTED_EDGE('',*,*,#1023,.T.);
#309=ORIENTED_EDGE('',*,*,#1024,.T.);
#310=ORIENTED_EDGE('',*,*,#1025,.T.);
#311=ORIENTED_EDGE('',*,*,#1026,.T.);
#312=ORIENTED_EDGE('',*,*,#1027,.T.);
#313=ORIENTED_EDGE('',*,*,#1028,.T.);
#314=ORIENTED_EDGE('',*,*,#1029,.T.);
#315=ORIENTED_EDGE('',*,*,#1030,.T.);
#316=ORIENTED_EDGE('',*,*,#1031,.T.);
#317=ORIENTED_EDGE('',*,*,#1032,.T.);
#318=ORIENTED_EDGE('',*,*,#986,.F.);
#319=ORIENTED_EDGE('',*,*,#1033,.T.);
#320=ORIENTED_EDGE('',*,*,#987,.F.);
#321=ORIENTED_EDGE('',*,*,#1034,.T.);
#322=ORIENTED_EDGE('',*,*,#988,.F.);
#323=ORIENTED_EDGE('',*,*,#1035,.T.);
#324=ORIENTED_EDGE('',*,*,#989,.F.);
#325=ORIENTED_EDGE('',*,*,#1036,.T.);
#326=ORIENTED_EDGE('',*,*,#990,.F.);
#327=ORIENTED_EDGE('',*,*,#1037,.T.);
#328=ORIENTED_EDGE('',*,*,#991,.F.);
#329=ORIENTED_EDGE('',*,*,#1038,.T.);
#330=ORIENTED_EDGE('',*,*,#992,.F.);
#331=ORIENTED_EDGE('',*,*,#1039,.T.);
#332=ORIENTED_EDGE('',*,*,#1040,.T.);
#333=ORIENTED_EDGE('',*,*,#1041,.T.);
#334=ORIENTED_EDGE('',*,*,#1042,.T.);
#335=ORIENTED_EDGE('',*,*,#1043,.T.);
#336=ORIENTED_EDGE('',*,*,#1044,.T.);
#337=ORIENTED_EDGE('',*,*,#1045,.T.);
#338=ORIENTED_EDGE('',*,*,#1046,.T.);
#339=ORIENTED_EDGE('',*,*,#1047,.T.);
#340=ORIENTED_EDGE('',*,*,#1048,.T.);
#341=ORIENTED_EDGE('',*,*,#1049,.T.);
#342=ORIENTED_EDGE('',*,*,#1050,.T.);
#343=ORIENTED_EDGE('',*,*,#993,.T.);
#344=ORIENTED_EDGE('',*,*,#1051,.F.);
#345=ORIENTED_EDGE('',*,*,#994,.T.);
#346=ORIENTED_EDGE('',*,*,#1052,.F.);
#347=ORIENTED_EDGE('',*,*,#995,.T.);
#348=ORIENTED_EDGE('',*,*,#1053,.F.);
#349=ORIENTED_EDGE('',*,*,#996,.T.);
#350=ORIENTED_EDGE('',*,*,#1054,.F.);
#351=ORIENTED_EDGE('',*,*,#997,.T.);
#352=ORIENTED_EDGE('',*,*,#1055,.F.);
#353=ORIENTED_EDGE('',*,*,#998,.T.);
#354=ORIENTED_EDGE('',*,*,#1056,.F.);
#355=ORIENTED_EDGE('',*,*,#999,.T.);
#356=ORIENTED_EDGE('',*,*,#1057,.F.);
#357=ORIENTED_EDGE('',*,*,#1058,.F.);
#358=ORIENTED_EDGE('',*,*,#1059,.F.);
#359=ORIENTED_EDGE('',*,*,#1060,.F.);
#360=ORIENTED_EDGE('',*,*,#1061,.F.);
#361=ORIENTED_EDGE('',*,*,#1062,.F.);
#362=ORIENTED_EDGE('',*,*,#1063,.F.);
#363=ORIENTED_EDGE('',*,*,#1064,.F.);
#364=ORIENTED_EDGE('',*,*,#1065,.F.);
#365=ORIENTED_EDGE('',*,*,#1066,.F.);
#366=ORIENTED_EDGE('',*,*,#1067,.F.);
#367=ORIENTED_EDGE('',*,*,#1068,.F.);
#368=ORIENTED_EDGE('',*,*,#1069,.F.);
#369=ORIENTED_EDGE('',*,*,#1070,.F.);
#370=ORIENTED_EDGE('',*,*,#976,.T.);
#371=ORIENTED_EDGE('',*,*,#1071,.T.);
#372=ORIENTED_EDGE('',*,*,#1072,.T.);
#373=ORIENTED_EDGE('',*,*,#1073,.F.);
#374=ORIENTED_EDGE('',*,*,#1074,.T.);
#375=ORIENTED_EDGE('',*,*,#1075,.F.);
#376=ORIENTED_EDGE('',*,*,#1076,.T.);
#377=ORIENTED_EDGE('',*,*,#1075,.T.);
#378=ORIENTED_EDGE('',*,*,#1077,.T.);
#379=ORIENTED_EDGE('',*,*,#1078,.T.);
#380=ORIENTED_EDGE('',*,*,#1079,.F.);
#381=ORIENTED_EDGE('',*,*,#1080,.T.);
#382=ORIENTED_EDGE('',*,*,#1081,.T.);
#383=ORIENTED_EDGE('',*,*,#1082,.F.);
#384=ORIENTED_EDGE('',*,*,#1083,.T.);
#385=ORIENTED_EDGE('',*,*,#1084,.F.);
#386=ORIENTED_EDGE('',*,*,#1085,.T.);
#387=ORIENTED_EDGE('',*,*,#1073,.T.);
#388=ORIENTED_EDGE('',*,*,#1086,.T.);
#389=ORIENTED_EDGE('',*,*,#1087,.F.);
#390=ORIENTED_EDGE('',*,*,#1078,.F.);
#391=ORIENTED_EDGE('',*,*,#1088,.F.);
#392=ORIENTED_EDGE('',*,*,#1079,.T.);
#393=ORIENTED_EDGE('',*,*,#1087,.T.);
#394=ORIENTED_EDGE('',*,*,#1089,.F.);
#395=ORIENTED_EDGE('',*,*,#1090,.T.);
#396=ORIENTED_EDGE('',*,*,#1091,.F.);
#397=ORIENTED_EDGE('',*,*,#1080,.F.);
#398=ORIENTED_EDGE('',*,*,#1088,.T.);
#399=ORIENTED_EDGE('',*,*,#1092,.T.);
#400=ORIENTED_EDGE('',*,*,#1021,.T.);
#401=ORIENTED_EDGE('',*,*,#963,.F.);
#402=ORIENTED_EDGE('',*,*,#1093,.T.);
#403=ORIENTED_EDGE('',*,*,#1094,.T.);
#404=ORIENTED_EDGE('',*,*,#1095,.T.);
#405=ORIENTED_EDGE('',*,*,#1096,.T.);
#406=ORIENTED_EDGE('',*,*,#1019,.T.);
#407=ORIENTED_EDGE('',*,*,#1092,.F.);
#408=ORIENTED_EDGE('',*,*,#1097,.T.);
#409=ORIENTED_EDGE('',*,*,#1098,.T.);
#410=ORIENTED_EDGE('',*,*,#1099,.F.);
#411=ORIENTED_EDGE('',*,*,#1001,.F.);
#412=ORIENTED_EDGE('',*,*,#1100,.T.);
#413=ORIENTED_EDGE('',*,*,#1101,.T.);
#414=ORIENTED_EDGE('',*,*,#1102,.F.);
#415=ORIENTED_EDGE('',*,*,#1002,.F.);
#416=ORIENTED_EDGE('',*,*,#1099,.T.);
#417=ORIENTED_EDGE('',*,*,#1103,.F.);
#418=ORIENTED_EDGE('',*,*,#1104,.F.);
#419=ORIENTED_EDGE('',*,*,#1003,.T.);
#420=ORIENTED_EDGE('',*,*,#1102,.T.);
#421=ORIENTED_EDGE('',*,*,#1105,.F.);
#422=ORIENTED_EDGE('',*,*,#1100,.F.);
#423=ORIENTED_EDGE('',*,*,#1000,.T.);
#424=ORIENTED_EDGE('',*,*,#1104,.T.);
#425=ORIENTED_EDGE('',*,*,#1106,.T.);
#426=ORIENTED_EDGE('',*,*,#1107,.F.);
#427=ORIENTED_EDGE('',*,*,#1005,.F.);
#428=ORIENTED_EDGE('',*,*,#1108,.T.);
#429=ORIENTED_EDGE('',*,*,#1109,.T.);
#430=ORIENTED_EDGE('',*,*,#1110,.F.);
#431=ORIENTED_EDGE('',*,*,#1006,.F.);
#432=ORIENTED_EDGE('',*,*,#1107,.T.);
#433=ORIENTED_EDGE('',*,*,#1111,.F.);
#434=ORIENTED_EDGE('',*,*,#1112,.F.);
#435=ORIENTED_EDGE('',*,*,#1007,.T.);
#436=ORIENTED_EDGE('',*,*,#1110,.T.);
#437=ORIENTED_EDGE('',*,*,#1113,.F.);
#438=ORIENTED_EDGE('',*,*,#1108,.F.);
#439=ORIENTED_EDGE('',*,*,#1004,.T.);
#440=ORIENTED_EDGE('',*,*,#1112,.T.);
#441=ORIENTED_EDGE('',*,*,#1008,.F.);
#442=ORIENTED_EDGE('',*,*,#1114,.T.);
#443=ORIENTED_EDGE('',*,*,#1009,.F.);
#444=ORIENTED_EDGE('',*,*,#1115,.T.);
#445=ORIENTED_EDGE('',*,*,#1010,.F.);
#446=ORIENTED_EDGE('',*,*,#1116,.T.);
#447=ORIENTED_EDGE('',*,*,#1011,.F.);
#448=ORIENTED_EDGE('',*,*,#1117,.T.);
#449=ORIENTED_EDGE('',*,*,#1012,.F.);
#450=ORIENTED_EDGE('',*,*,#1118,.T.);
#451=ORIENTED_EDGE('',*,*,#1013,.F.);
#452=ORIENTED_EDGE('',*,*,#1119,.T.);
#453=ORIENTED_EDGE('',*,*,#1014,.F.);
#454=ORIENTED_EDGE('',*,*,#1120,.T.);
#455=ORIENTED_EDGE('',*,*,#1015,.F.);
#456=ORIENTED_EDGE('',*,*,#1121,.T.);
#457=ORIENTED_EDGE('',*,*,#1016,.F.);
#458=ORIENTED_EDGE('',*,*,#1122,.T.);
#459=ORIENTED_EDGE('',*,*,#1017,.F.);
#460=ORIENTED_EDGE('',*,*,#1123,.T.);
#461=ORIENTED_EDGE('',*,*,#1018,.F.);
#462=ORIENTED_EDGE('',*,*,#1124,.T.);
#463=ORIENTED_EDGE('',*,*,#1125,.T.);
#464=ORIENTED_EDGE('',*,*,#1126,.F.);
#465=ORIENTED_EDGE('',*,*,#981,.T.);
#466=ORIENTED_EDGE('',*,*,#1127,.T.);
#467=ORIENTED_EDGE('',*,*,#960,.T.);
#468=ORIENTED_EDGE('',*,*,#1128,.F.);
#469=ORIENTED_EDGE('',*,*,#977,.F.);
#470=ORIENTED_EDGE('',*,*,#1070,.T.);
#471=ORIENTED_EDGE('',*,*,#1129,.F.);
#472=ORIENTED_EDGE('',*,*,#1130,.T.);
#473=ORIENTED_EDGE('',*,*,#1131,.F.);
#474=ORIENTED_EDGE('',*,*,#1071,.F.);
#475=ORIENTED_EDGE('',*,*,#975,.T.);
#476=ORIENTED_EDGE('',*,*,#1132,.T.);
#477=ORIENTED_EDGE('',*,*,#965,.F.);
#478=ORIENTED_EDGE('',*,*,#1020,.F.);
#479=ORIENTED_EDGE('',*,*,#1133,.T.);
#480=ORIENTED_EDGE('',*,*,#1134,.F.);
#481=ORIENTED_EDGE('',*,*,#1135,.T.);
#482=ORIENTED_EDGE('',*,*,#1136,.F.);
#483=ORIENTED_EDGE('',*,*,#1137,.T.);
#484=ORIENTED_EDGE('',*,*,#1138,.F.);
#485=ORIENTED_EDGE('',*,*,#1139,.F.);
#486=ORIENTED_EDGE('',*,*,#1140,.T.);
#487=ORIENTED_EDGE('',*,*,#1141,.T.);
#488=ORIENTED_EDGE('',*,*,#1142,.T.);
#489=ORIENTED_EDGE('',*,*,#1143,.F.);
#490=ORIENTED_EDGE('',*,*,#1139,.T.);
#491=ORIENTED_EDGE('',*,*,#1144,.F.);
#492=ORIENTED_EDGE('',*,*,#1145,.F.);
#493=ORIENTED_EDGE('',*,*,#1146,.F.);
#494=ORIENTED_EDGE('',*,*,#1147,.T.);
#495=ORIENTED_EDGE('',*,*,#1148,.T.);
#496=ORIENTED_EDGE('',*,*,#1149,.T.);
#497=ORIENTED_EDGE('',*,*,#1150,.F.);
#498=ORIENTED_EDGE('',*,*,#1151,.T.);
#499=ORIENTED_EDGE('',*,*,#1146,.T.);
#500=ORIENTED_EDGE('',*,*,#1152,.T.);
#501=ORIENTED_EDGE('',*,*,#1153,.F.);
#502=ORIENTED_EDGE('',*,*,#1150,.T.);
#503=ORIENTED_EDGE('',*,*,#1154,.F.);
#504=ORIENTED_EDGE('',*,*,#1155,.F.);
#505=ORIENTED_EDGE('',*,*,#1156,.T.);
#506=ORIENTED_EDGE('',*,*,#1157,.F.);
#507=ORIENTED_EDGE('',*,*,#1081,.F.);
#508=ORIENTED_EDGE('',*,*,#1091,.T.);
#509=ORIENTED_EDGE('',*,*,#1158,.T.);
#510=ORIENTED_EDGE('',*,*,#1155,.T.);
#511=ORIENTED_EDGE('',*,*,#1159,.F.);
#512=ORIENTED_EDGE('',*,*,#1160,.F.);
#513=ORIENTED_EDGE('',*,*,#1082,.T.);
#514=ORIENTED_EDGE('',*,*,#1157,.T.);
#515=ORIENTED_EDGE('',*,*,#1083,.F.);
#516=ORIENTED_EDGE('',*,*,#1160,.T.);
#517=ORIENTED_EDGE('',*,*,#1161,.T.);
#518=ORIENTED_EDGE('',*,*,#1162,.F.);
#519=ORIENTED_EDGE('',*,*,#970,.T.);
#520=ORIENTED_EDGE('',*,*,#1163,.F.);
#521=ORIENTED_EDGE('',*,*,#1164,.T.);
#522=ORIENTED_EDGE('',*,*,#1165,.T.);
#523=ORIENTED_EDGE('',*,*,#1166,.F.);
#524=ORIENTED_EDGE('',*,*,#1167,.F.);
#525=ORIENTED_EDGE('',*,*,#1022,.F.);
#526=ORIENTED_EDGE('',*,*,#1168,.T.);
#527=ORIENTED_EDGE('',*,*,#1023,.F.);
#528=ORIENTED_EDGE('',*,*,#1169,.T.);
#529=ORIENTED_EDGE('',*,*,#1024,.F.);
#530=ORIENTED_EDGE('',*,*,#1170,.T.);
#531=ORIENTED_EDGE('',*,*,#1025,.F.);
#532=ORIENTED_EDGE('',*,*,#1171,.T.);
#533=ORIENTED_EDGE('',*,*,#1026,.F.);
#534=ORIENTED_EDGE('',*,*,#1172,.T.);
#535=ORIENTED_EDGE('',*,*,#1027,.F.);
#536=ORIENTED_EDGE('',*,*,#1173,.T.);
#537=ORIENTED_EDGE('',*,*,#1028,.F.);
#538=ORIENTED_EDGE('',*,*,#1174,.T.);
#539=ORIENTED_EDGE('',*,*,#1029,.F.);
#540=ORIENTED_EDGE('',*,*,#1175,.T.);
#541=ORIENTED_EDGE('',*,*,#1176,.T.);
#542=ORIENTED_EDGE('',*,*,#1177,.F.);
#543=ORIENTED_EDGE('',*,*,#1178,.F.);
#544=ORIENTED_EDGE('',*,*,#1166,.T.);
#545=ORIENTED_EDGE('',*,*,#1030,.F.);
#546=ORIENTED_EDGE('',*,*,#1179,.T.);
#547=ORIENTED_EDGE('',*,*,#1031,.F.);
#548=ORIENTED_EDGE('',*,*,#1180,.T.);
#549=ORIENTED_EDGE('',*,*,#1032,.F.);
#550=ORIENTED_EDGE('',*,*,#1181,.T.);
#551=ORIENTED_EDGE('',*,*,#1182,.T.);
#552=ORIENTED_EDGE('',*,*,#1183,.F.);
#553=ORIENTED_EDGE('',*,*,#1145,.T.);
#554=ORIENTED_EDGE('',*,*,#1184,.T.);
#555=ORIENTED_EDGE('',*,*,#1148,.F.);
#556=ORIENTED_EDGE('',*,*,#1185,.F.);
#557=ORIENTED_EDGE('',*,*,#1094,.F.);
#558=ORIENTED_EDGE('',*,*,#1186,.F.);
#559=ORIENTED_EDGE('',*,*,#1187,.F.);
#560=ORIENTED_EDGE('',*,*,#1163,.T.);
#561=ORIENTED_EDGE('',*,*,#969,.F.);
#562=ORIENTED_EDGE('',*,*,#1188,.T.);
#563=ORIENTED_EDGE('',*,*,#1039,.F.);
#564=ORIENTED_EDGE('',*,*,#1038,.F.);
#565=ORIENTED_EDGE('',*,*,#1084,.T.);
#566=ORIENTED_EDGE('',*,*,#1162,.T.);
#567=ORIENTED_EDGE('',*,*,#1189,.T.);
#568=ORIENTED_EDGE('',*,*,#1164,.F.);
#569=ORIENTED_EDGE('',*,*,#1187,.T.);
#570=ORIENTED_EDGE('',*,*,#1190,.F.);
#571=ORIENTED_EDGE('',*,*,#1191,.T.);
#572=ORIENTED_EDGE('',*,*,#1192,.T.);
#573=ORIENTED_EDGE('',*,*,#1193,.F.);
#574=ORIENTED_EDGE('',*,*,#1125,.F.);
#575=ORIENTED_EDGE('',*,*,#1069,.T.);
#576=ORIENTED_EDGE('',*,*,#1131,.T.);
#577=ORIENTED_EDGE('',*,*,#1194,.F.);
#578=ORIENTED_EDGE('',*,*,#1195,.F.);
#579=ORIENTED_EDGE('',*,*,#1196,.T.);
#580=ORIENTED_EDGE('',*,*,#1037,.F.);
#581=ORIENTED_EDGE('',*,*,#1036,.F.);
#582=ORIENTED_EDGE('',*,*,#1035,.F.);
#583=ORIENTED_EDGE('',*,*,#1034,.F.);
#584=ORIENTED_EDGE('',*,*,#1033,.F.);
#585=ORIENTED_EDGE('',*,*,#1040,.F.);
#586=ORIENTED_EDGE('',*,*,#1197,.T.);
#587=ORIENTED_EDGE('',*,*,#1041,.F.);
#588=ORIENTED_EDGE('',*,*,#1198,.T.);
#589=ORIENTED_EDGE('',*,*,#1042,.F.);
#590=ORIENTED_EDGE('',*,*,#1199,.T.);
#591=ORIENTED_EDGE('',*,*,#1043,.F.);
#592=ORIENTED_EDGE('',*,*,#1200,.T.);
#593=ORIENTED_EDGE('',*,*,#1044,.F.);
#594=ORIENTED_EDGE('',*,*,#1201,.T.);
#595=ORIENTED_EDGE('',*,*,#1045,.F.);
#596=ORIENTED_EDGE('',*,*,#1202,.T.);
#597=ORIENTED_EDGE('',*,*,#1046,.F.);
#598=ORIENTED_EDGE('',*,*,#1203,.T.);
#599=ORIENTED_EDGE('',*,*,#1047,.F.);
#600=ORIENTED_EDGE('',*,*,#1204,.T.);
#601=ORIENTED_EDGE('',*,*,#1048,.F.);
#602=ORIENTED_EDGE('',*,*,#1205,.T.);
#603=ORIENTED_EDGE('',*,*,#1049,.F.);
#604=ORIENTED_EDGE('',*,*,#1206,.T.);
#605=ORIENTED_EDGE('',*,*,#1050,.F.);
#606=ORIENTED_EDGE('',*,*,#1207,.T.);
#607=ORIENTED_EDGE('',*,*,#1057,.T.);
#608=ORIENTED_EDGE('',*,*,#1056,.T.);
#609=ORIENTED_EDGE('',*,*,#1055,.T.);
#610=ORIENTED_EDGE('',*,*,#1054,.T.);
#611=ORIENTED_EDGE('',*,*,#1053,.T.);
#612=ORIENTED_EDGE('',*,*,#1052,.T.);
#613=ORIENTED_EDGE('',*,*,#1051,.T.);
#614=ORIENTED_EDGE('',*,*,#1208,.T.);
#615=ORIENTED_EDGE('',*,*,#1209,.F.);
#616=ORIENTED_EDGE('',*,*,#1210,.F.);
#617=ORIENTED_EDGE('',*,*,#1211,.T.);
#618=ORIENTED_EDGE('',*,*,#1058,.T.);
#619=ORIENTED_EDGE('',*,*,#1212,.F.);
#620=ORIENTED_EDGE('',*,*,#1059,.T.);
#621=ORIENTED_EDGE('',*,*,#1213,.F.);
#622=ORIENTED_EDGE('',*,*,#1060,.T.);
#623=ORIENTED_EDGE('',*,*,#1214,.F.);
#624=ORIENTED_EDGE('',*,*,#1061,.T.);
#625=ORIENTED_EDGE('',*,*,#1215,.F.);
#626=ORIENTED_EDGE('',*,*,#1062,.T.);
#627=ORIENTED_EDGE('',*,*,#1216,.F.);
#628=ORIENTED_EDGE('',*,*,#1063,.T.);
#629=ORIENTED_EDGE('',*,*,#1217,.F.);
#630=ORIENTED_EDGE('',*,*,#1064,.T.);
#631=ORIENTED_EDGE('',*,*,#1218,.F.);
#632=ORIENTED_EDGE('',*,*,#1065,.T.);
#633=ORIENTED_EDGE('',*,*,#1219,.F.);
#634=ORIENTED_EDGE('',*,*,#1066,.T.);
#635=ORIENTED_EDGE('',*,*,#1220,.F.);
#636=ORIENTED_EDGE('',*,*,#1067,.T.);
#637=ORIENTED_EDGE('',*,*,#1221,.F.);
#638=ORIENTED_EDGE('',*,*,#1068,.T.);
#639=ORIENTED_EDGE('',*,*,#1222,.F.);
#640=ORIENTED_EDGE('',*,*,#1223,.T.);
#641=ORIENTED_EDGE('',*,*,#1224,.F.);
#642=ORIENTED_EDGE('',*,*,#1225,.F.);
#643=ORIENTED_EDGE('',*,*,#1226,.T.);
#644=ORIENTED_EDGE('',*,*,#1141,.F.);
#645=ORIENTED_EDGE('',*,*,#1227,.F.);
#646=ORIENTED_EDGE('',*,*,#1228,.T.);
#647=ORIENTED_EDGE('',*,*,#1229,.T.);
#648=ORIENTED_EDGE('',*,*,#1227,.T.);
#649=ORIENTED_EDGE('',*,*,#1230,.T.);
#650=ORIENTED_EDGE('',*,*,#1231,.T.);
#651=ORIENTED_EDGE('',*,*,#1232,.T.);
#652=ORIENTED_EDGE('',*,*,#1233,.F.);
#653=ORIENTED_EDGE('',*,*,#1182,.F.);
#654=ORIENTED_EDGE('',*,*,#1234,.F.);
#655=ORIENTED_EDGE('',*,*,#1235,.F.);
#656=ORIENTED_EDGE('',*,*,#1236,.T.);
#657=ORIENTED_EDGE('',*,*,#1237,.F.);
#658=ORIENTED_EDGE('',*,*,#1225,.T.);
#659=ORIENTED_EDGE('',*,*,#1238,.F.);
#660=ORIENTED_EDGE('',*,*,#1239,.T.);
#661=ORIENTED_EDGE('',*,*,#1235,.T.);
#662=ORIENTED_EDGE('',*,*,#1224,.T.);
#663=ORIENTED_EDGE('',*,*,#1181,.F.);
#664=ORIENTED_EDGE('',*,*,#1180,.F.);
#665=ORIENTED_EDGE('',*,*,#1179,.F.);
#666=ORIENTED_EDGE('',*,*,#1240,.F.);
#667=ORIENTED_EDGE('',*,*,#1241,.F.);
#668=ORIENTED_EDGE('',*,*,#1177,.T.);
#669=ORIENTED_EDGE('',*,*,#1226,.F.);
#670=ORIENTED_EDGE('',*,*,#1237,.T.);
#671=ORIENTED_EDGE('',*,*,#1242,.F.);
#672=ORIENTED_EDGE('',*,*,#1243,.T.);
#673=ORIENTED_EDGE('',*,*,#1244,.F.);
#674=ORIENTED_EDGE('',*,*,#1231,.F.);
#675=ORIENTED_EDGE('',*,*,#1228,.F.);
#676=ORIENTED_EDGE('',*,*,#1244,.T.);
#677=ORIENTED_EDGE('',*,*,#1245,.F.);
#678=ORIENTED_EDGE('',*,*,#1246,.T.);
#679=ORIENTED_EDGE('',*,*,#1175,.F.);
#680=ORIENTED_EDGE('',*,*,#1174,.F.);
#681=ORIENTED_EDGE('',*,*,#1173,.F.);
#682=ORIENTED_EDGE('',*,*,#1172,.F.);
#683=ORIENTED_EDGE('',*,*,#1171,.F.);
#684=ORIENTED_EDGE('',*,*,#1170,.F.);
#685=ORIENTED_EDGE('',*,*,#1169,.F.);
#686=ORIENTED_EDGE('',*,*,#1168,.F.);
#687=ORIENTED_EDGE('',*,*,#1246,.F.);
#688=ORIENTED_EDGE('',*,*,#1247,.T.);
#689=ORIENTED_EDGE('',*,*,#1238,.T.);
#690=ORIENTED_EDGE('',*,*,#1223,.F.);
#691=ORIENTED_EDGE('',*,*,#1176,.F.);
#692=ORIENTED_EDGE('',*,*,#1165,.F.);
#693=ORIENTED_EDGE('',*,*,#1189,.F.);
#694=ORIENTED_EDGE('',*,*,#1161,.F.);
#695=ORIENTED_EDGE('',*,*,#1159,.T.);
#696=ORIENTED_EDGE('',*,*,#1156,.F.);
#697=ORIENTED_EDGE('',*,*,#1154,.T.);
#698=ORIENTED_EDGE('',*,*,#1152,.F.);
#699=ORIENTED_EDGE('',*,*,#1149,.F.);
#700=ORIENTED_EDGE('',*,*,#1184,.F.);
#701=ORIENTED_EDGE('',*,*,#1144,.T.);
#702=ORIENTED_EDGE('',*,*,#1142,.F.);
#703=ORIENTED_EDGE('',*,*,#1229,.F.);
#704=ORIENTED_EDGE('',*,*,#1207,.F.);
#705=ORIENTED_EDGE('',*,*,#1206,.F.);
#706=ORIENTED_EDGE('',*,*,#1205,.F.);
#707=ORIENTED_EDGE('',*,*,#1204,.F.);
#708=ORIENTED_EDGE('',*,*,#1203,.F.);
#709=ORIENTED_EDGE('',*,*,#1202,.F.);
#710=ORIENTED_EDGE('',*,*,#1201,.F.);
#711=ORIENTED_EDGE('',*,*,#1200,.F.);
#712=ORIENTED_EDGE('',*,*,#1199,.F.);
#713=ORIENTED_EDGE('',*,*,#1198,.F.);
#714=ORIENTED_EDGE('',*,*,#1197,.F.);
#715=ORIENTED_EDGE('',*,*,#1248,.F.);
#716=ORIENTED_EDGE('',*,*,#1249,.T.);
#717=ORIENTED_EDGE('',*,*,#1211,.F.);
#718=ORIENTED_EDGE('',*,*,#1250,.F.);
#719=ORIENTED_EDGE('',*,*,#1222,.T.);
#720=ORIENTED_EDGE('',*,*,#1221,.T.);
#721=ORIENTED_EDGE('',*,*,#1220,.T.);
#722=ORIENTED_EDGE('',*,*,#1219,.T.);
#723=ORIENTED_EDGE('',*,*,#1218,.T.);
#724=ORIENTED_EDGE('',*,*,#1217,.T.);
#725=ORIENTED_EDGE('',*,*,#1216,.T.);
#726=ORIENTED_EDGE('',*,*,#1215,.T.);
#727=ORIENTED_EDGE('',*,*,#1214,.T.);
#728=ORIENTED_EDGE('',*,*,#1213,.T.);
#729=ORIENTED_EDGE('',*,*,#1212,.T.);
#730=ORIENTED_EDGE('',*,*,#1251,.F.);
#731=ORIENTED_EDGE('',*,*,#1252,.F.);
#732=ORIENTED_EDGE('',*,*,#1209,.T.);
#733=ORIENTED_EDGE('',*,*,#1253,.T.);
#734=ORIENTED_EDGE('',*,*,#1254,.F.);
#735=ORIENTED_EDGE('',*,*,#1255,.T.);
#736=ORIENTED_EDGE('',*,*,#1191,.F.);
#737=ORIENTED_EDGE('',*,*,#1256,.T.);
#738=ORIENTED_EDGE('',*,*,#1257,.F.);
#739=ORIENTED_EDGE('',*,*,#1253,.F.);
#740=ORIENTED_EDGE('',*,*,#1208,.F.);
#741=ORIENTED_EDGE('',*,*,#1249,.F.);
#742=ORIENTED_EDGE('',*,*,#1258,.F.);
#743=ORIENTED_EDGE('',*,*,#1259,.T.);
#744=ORIENTED_EDGE('',*,*,#967,.T.);
#745=ORIENTED_EDGE('',*,*,#1260,.T.);
#746=ORIENTED_EDGE('',*,*,#1259,.F.);
#747=ORIENTED_EDGE('',*,*,#1261,.T.);
#748=ORIENTED_EDGE('',*,*,#1250,.T.);
#749=ORIENTED_EDGE('',*,*,#1210,.T.);
#750=ORIENTED_EDGE('',*,*,#1252,.T.);
#751=ORIENTED_EDGE('',*,*,#1262,.T.);
#752=ORIENTED_EDGE('',*,*,#1263,.F.);
#753=ORIENTED_EDGE('',*,*,#1188,.F.);
#754=ORIENTED_EDGE('',*,*,#968,.T.);
#755=ORIENTED_EDGE('',*,*,#1264,.F.);
#756=ORIENTED_EDGE('',*,*,#1265,.T.);
#757=ORIENTED_EDGE('',*,*,#1192,.F.);
#758=ORIENTED_EDGE('',*,*,#1255,.F.);
#759=ORIENTED_EDGE('',*,*,#1266,.T.);
#760=ORIENTED_EDGE('',*,*,#978,.T.);
#761=ORIENTED_EDGE('',*,*,#1126,.T.);
#762=ORIENTED_EDGE('',*,*,#1193,.T.);
#763=ORIENTED_EDGE('',*,*,#1265,.F.);
#764=ORIENTED_EDGE('',*,*,#1267,.F.);
#765=ORIENTED_EDGE('',*,*,#1268,.T.);
#766=ORIENTED_EDGE('',*,*,#1269,.F.);
#767=ORIENTED_EDGE('',*,*,#1270,.T.);
#768=ORIENTED_EDGE('',*,*,#984,.F.);
#769=ORIENTED_EDGE('',*,*,#1271,.T.);
#770=ORIENTED_EDGE('',*,*,#1272,.F.);
#771=ORIENTED_EDGE('',*,*,#1273,.T.);
#772=ORIENTED_EDGE('',*,*,#1194,.T.);
#773=ORIENTED_EDGE('',*,*,#1130,.F.);
#774=ORIENTED_EDGE('',*,*,#1138,.T.);
#775=ORIENTED_EDGE('',*,*,#1136,.T.);
#776=ORIENTED_EDGE('',*,*,#1134,.T.);
#777=ORIENTED_EDGE('',*,*,#1273,.F.);
#778=ORIENTED_EDGE('',*,*,#1274,.T.);
#779=ORIENTED_EDGE('',*,*,#1275,.T.);
#780=ORIENTED_EDGE('',*,*,#1195,.T.);
#781=ORIENTED_EDGE('',*,*,#1276,.T.);
#782=ORIENTED_EDGE('',*,*,#1277,.T.);
#783=ORIENTED_EDGE('',*,*,#1271,.F.);
#784=ORIENTED_EDGE('',*,*,#983,.T.);
#785=ORIENTED_EDGE('',*,*,#1278,.T.);
#786=ORIENTED_EDGE('',*,*,#985,.T.);
#787=ORIENTED_EDGE('',*,*,#1270,.F.);
#788=ORIENTED_EDGE('',*,*,#1279,.T.);
#789=ORIENTED_EDGE('',*,*,#1280,.T.);
#790=ORIENTED_EDGE('',*,*,#1281,.T.);
#791=ORIENTED_EDGE('',*,*,#1268,.F.);
#792=ORIENTED_EDGE('',*,*,#1282,.T.);
#793=ORIENTED_EDGE('',*,*,#1124,.F.);
#794=ORIENTED_EDGE('',*,*,#1123,.F.);
#795=ORIENTED_EDGE('',*,*,#1122,.F.);
#796=ORIENTED_EDGE('',*,*,#1121,.F.);
#797=ORIENTED_EDGE('',*,*,#1120,.F.);
#798=ORIENTED_EDGE('',*,*,#1119,.F.);
#799=ORIENTED_EDGE('',*,*,#1118,.F.);
#800=ORIENTED_EDGE('',*,*,#1117,.F.);
#801=ORIENTED_EDGE('',*,*,#1116,.F.);
#802=ORIENTED_EDGE('',*,*,#1115,.F.);
#803=ORIENTED_EDGE('',*,*,#1114,.F.);
#804=ORIENTED_EDGE('',*,*,#1263,.T.);
#805=ORIENTED_EDGE('',*,*,#1283,.T.);
#806=ORIENTED_EDGE('',*,*,#1256,.F.);
#807=ORIENTED_EDGE('',*,*,#1190,.T.);
#808=ORIENTED_EDGE('',*,*,#1113,.T.);
#809=ORIENTED_EDGE('',*,*,#1111,.T.);
#810=ORIENTED_EDGE('',*,*,#1109,.F.);
#811=ORIENTED_EDGE('',*,*,#1106,.F.);
#812=ORIENTED_EDGE('',*,*,#1105,.T.);
#813=ORIENTED_EDGE('',*,*,#1103,.T.);
#814=ORIENTED_EDGE('',*,*,#1101,.F.);
#815=ORIENTED_EDGE('',*,*,#1098,.F.);
#816=ORIENTED_EDGE('',*,*,#1284,.F.);
#817=ORIENTED_EDGE('',*,*,#1260,.F.);
#818=ORIENTED_EDGE('',*,*,#966,.F.);
#819=ORIENTED_EDGE('',*,*,#1167,.T.);
#820=ORIENTED_EDGE('',*,*,#1178,.T.);
#821=ORIENTED_EDGE('',*,*,#1241,.T.);
#822=ORIENTED_EDGE('',*,*,#1285,.F.);
#823=ORIENTED_EDGE('',*,*,#1234,.T.);
#824=ORIENTED_EDGE('',*,*,#1186,.T.);
#825=ORIENTED_EDGE('',*,*,#1097,.F.);
#826=ORIENTED_EDGE('',*,*,#1093,.F.);
#827=ORIENTED_EDGE('',*,*,#962,.T.);
#828=ORIENTED_EDGE('',*,*,#1286,.F.);
#829=ORIENTED_EDGE('',*,*,#1137,.F.);
#830=ORIENTED_EDGE('',*,*,#1135,.F.);
#831=ORIENTED_EDGE('',*,*,#1133,.F.);
#832=ORIENTED_EDGE('',*,*,#1275,.F.);
#833=ORIENTED_EDGE('',*,*,#1287,.T.);
#834=ORIENTED_EDGE('',*,*,#1242,.T.);
#835=ORIENTED_EDGE('',*,*,#1230,.F.);
#836=ORIENTED_EDGE('',*,*,#1140,.F.);
#837=ORIENTED_EDGE('',*,*,#1143,.T.);
#838=ORIENTED_EDGE('',*,*,#1183,.T.);
#839=ORIENTED_EDGE('',*,*,#1233,.T.);
#840=ORIENTED_EDGE('',*,*,#1288,.T.);
#841=ORIENTED_EDGE('',*,*,#1276,.F.);
#842=ORIENTED_EDGE('',*,*,#982,.T.);
#843=ORIENTED_EDGE('',*,*,#1278,.F.);
#844=ORIENTED_EDGE('',*,*,#1289,.T.);
#845=ORIENTED_EDGE('',*,*,#1280,.F.);
#846=ORIENTED_EDGE('',*,*,#1290,.T.);
#847=ORIENTED_EDGE('',*,*,#1286,.T.);
#848=ORIENTED_EDGE('',*,*,#961,.T.);
#849=ORIENTED_EDGE('',*,*,#1127,.F.);
#850=ORIENTED_EDGE('',*,*,#980,.T.);
#851=ORIENTED_EDGE('',*,*,#1095,.F.);
#852=ORIENTED_EDGE('',*,*,#1185,.T.);
#853=ORIENTED_EDGE('',*,*,#1147,.F.);
#854=ORIENTED_EDGE('',*,*,#1151,.F.);
#855=ORIENTED_EDGE('',*,*,#1153,.T.);
#856=ORIENTED_EDGE('',*,*,#1158,.F.);
#857=ORIENTED_EDGE('',*,*,#1090,.F.);
#858=ORIENTED_EDGE('',*,*,#1089,.T.);
#859=ORIENTED_EDGE('',*,*,#1086,.F.);
#860=ORIENTED_EDGE('',*,*,#1077,.F.);
#861=ORIENTED_EDGE('',*,*,#1074,.F.);
#862=ORIENTED_EDGE('',*,*,#1076,.F.);
#863=ORIENTED_EDGE('',*,*,#1072,.F.);
#864=ORIENTED_EDGE('',*,*,#1085,.F.);
#865=ORIENTED_EDGE('',*,*,#1196,.F.);
#866=ORIENTED_EDGE('',*,*,#1291,.F.);
#867=ORIENTED_EDGE('',*,*,#1292,.F.);
#868=ORIENTED_EDGE('',*,*,#1293,.F.);
#869=ORIENTED_EDGE('',*,*,#1294,.F.);
#870=ORIENTED_EDGE('',*,*,#1295,.F.);
#871=ORIENTED_EDGE('',*,*,#1232,.F.);
#872=ORIENTED_EDGE('',*,*,#1285,.T.);
#873=ORIENTED_EDGE('',*,*,#1240,.T.);
#874=ORIENTED_EDGE('',*,*,#1236,.F.);
#875=ORIENTED_EDGE('',*,*,#1239,.F.);
#876=ORIENTED_EDGE('',*,*,#1247,.F.);
#877=ORIENTED_EDGE('',*,*,#1245,.T.);
#878=ORIENTED_EDGE('',*,*,#1243,.F.);
#879=ORIENTED_EDGE('',*,*,#1287,.F.);
#880=ORIENTED_EDGE('',*,*,#1274,.F.);
#881=ORIENTED_EDGE('',*,*,#1272,.T.);
#882=ORIENTED_EDGE('',*,*,#1277,.F.);
#883=ORIENTED_EDGE('',*,*,#1288,.F.);
#884=ORIENTED_EDGE('',*,*,#1296,.F.);
#885=ORIENTED_EDGE('',*,*,#1297,.F.);
#886=ORIENTED_EDGE('',*,*,#1298,.F.);
#887=ORIENTED_EDGE('',*,*,#1282,.F.);
#888=ORIENTED_EDGE('',*,*,#1267,.T.);
#889=ORIENTED_EDGE('',*,*,#1264,.T.);
#890=ORIENTED_EDGE('',*,*,#1254,.T.);
#891=ORIENTED_EDGE('',*,*,#1248,.T.);
#892=ORIENTED_EDGE('',*,*,#1261,.F.);
#893=ORIENTED_EDGE('',*,*,#1258,.T.);
#894=ORIENTED_EDGE('',*,*,#1284,.T.);
#895=ORIENTED_EDGE('',*,*,#1290,.F.);
#896=ORIENTED_EDGE('',*,*,#1299,.F.);
#897=ORIENTED_EDGE('',*,*,#1300,.F.);
#898=ORIENTED_EDGE('',*,*,#1283,.F.);
#899=ORIENTED_EDGE('',*,*,#1262,.F.);
#900=ORIENTED_EDGE('',*,*,#1251,.T.);
#901=ORIENTED_EDGE('',*,*,#1257,.T.);
#902=ORIENTED_EDGE('',*,*,#1289,.F.);
#903=ORIENTED_EDGE('',*,*,#1279,.F.);
#904=ORIENTED_EDGE('',*,*,#1269,.T.);
#905=ORIENTED_EDGE('',*,*,#1281,.F.);
#906=ORIENTED_EDGE('',*,*,#1300,.T.);
#907=ORIENTED_EDGE('',*,*,#1301,.F.);
#908=ORIENTED_EDGE('',*,*,#1301,.T.);
#909=ORIENTED_EDGE('',*,*,#1299,.T.);
#910=ORIENTED_EDGE('',*,*,#1302,.F.);
#911=ORIENTED_EDGE('',*,*,#1302,.T.);
#912=ORIENTED_EDGE('',*,*,#1298,.T.);
#913=ORIENTED_EDGE('',*,*,#1303,.F.);
#914=ORIENTED_EDGE('',*,*,#1303,.T.);
#915=ORIENTED_EDGE('',*,*,#1297,.T.);
#916=ORIENTED_EDGE('',*,*,#1304,.F.);
#917=ORIENTED_EDGE('',*,*,#1304,.T.);
#918=ORIENTED_EDGE('',*,*,#1296,.T.);
#919=ORIENTED_EDGE('',*,*,#1305,.F.);
#920=ORIENTED_EDGE('',*,*,#1305,.T.);
#921=ORIENTED_EDGE('',*,*,#1295,.T.);
#922=ORIENTED_EDGE('',*,*,#1306,.F.);
#923=ORIENTED_EDGE('',*,*,#1306,.T.);
#924=ORIENTED_EDGE('',*,*,#1294,.T.);
#925=ORIENTED_EDGE('',*,*,#1307,.F.);
#926=ORIENTED_EDGE('',*,*,#1307,.T.);
#927=ORIENTED_EDGE('',*,*,#1293,.T.);
#928=ORIENTED_EDGE('',*,*,#1308,.F.);
#929=ORIENTED_EDGE('',*,*,#1308,.T.);
#930=ORIENTED_EDGE('',*,*,#1292,.T.);
#931=ORIENTED_EDGE('',*,*,#1309,.F.);
#932=ORIENTED_EDGE('',*,*,#1309,.T.);
#933=ORIENTED_EDGE('',*,*,#1291,.T.);
#934=ORIENTED_EDGE('',*,*,#1310,.F.);
#935=ORIENTED_EDGE('',*,*,#1310,.T.);
#936=ORIENTED_EDGE('',*,*,#1128,.T.);
#937=ORIENTED_EDGE('',*,*,#959,.T.);
#938=ORIENTED_EDGE('',*,*,#1311,.F.);
#939=ORIENTED_EDGE('',*,*,#971,.F.);
#940=ORIENTED_EDGE('',*,*,#1266,.F.);
#941=ORIENTED_EDGE('',*,*,#1129,.T.);
#942=ORIENTED_EDGE('',*,*,#1096,.F.);
#943=ORIENTED_EDGE('',*,*,#979,.F.);
#944=ORIENTED_EDGE('',*,*,#1312,.T.);
#945=ORIENTED_EDGE('',*,*,#973,.F.);
#946=ORIENTED_EDGE('',*,*,#1313,.F.);
#947=ORIENTED_EDGE('',*,*,#957,.F.);
#948=ORIENTED_EDGE('',*,*,#956,.T.);
#949=ORIENTED_EDGE('',*,*,#1132,.F.);
#950=ORIENTED_EDGE('',*,*,#974,.T.);
#951=ORIENTED_EDGE('',*,*,#1312,.F.);
#952=ORIENTED_EDGE('',*,*,#1313,.T.);
#953=ORIENTED_EDGE('',*,*,#972,.F.);
#954=ORIENTED_EDGE('',*,*,#1311,.T.);
#955=ORIENTED_EDGE('',*,*,#958,.F.);
#956=EDGE_CURVE('',#1314,#1315,#1598,.T.);
#957=EDGE_CURVE('',#1314,#1316,#1599,.T.);
#958=EDGE_CURVE('',#1316,#1317,#1600,.T.);
#959=EDGE_CURVE('',#1318,#1317,#1601,.T.);
#960=EDGE_CURVE('',#1319,#1318,#1602,.T.);
#961=EDGE_CURVE('',#1320,#1319,#1603,.T.);
#962=EDGE_CURVE('',#1321,#1320,#1604,.T.);
#963=EDGE_CURVE('',#1321,#1322,#1605,.T.);
#964=EDGE_CURVE('',#1323,#1322,#1606,.T.);
#965=EDGE_CURVE('',#1323,#1315,#1607,.T.);
#966=EDGE_CURVE('',#1324,#1325,#1608,.T.);
#967=EDGE_CURVE('',#1326,#1325,#1609,.T.);
#968=EDGE_CURVE('',#1327,#1326,#1610,.T.);
#969=EDGE_CURVE('',#1327,#1328,#1611,.T.);
#970=EDGE_CURVE('',#1324,#1328,#1612,.T.);
#971=EDGE_CURVE('',#1329,#1330,#1613,.T.);
#972=EDGE_CURVE('',#1330,#1331,#1614,.T.);
#973=EDGE_CURVE('',#1331,#1332,#1615,.T.);
#974=EDGE_CURVE('',#1333,#1332,#1616,.T.);
#975=EDGE_CURVE('',#1334,#1333,#1617,.T.);
#976=EDGE_CURVE('',#1335,#1334,#1618,.T.);
#977=EDGE_CURVE('',#1335,#1329,#1619,.T.);
#978=EDGE_CURVE('',#1336,#1337,#1620,.T.);
#979=EDGE_CURVE('',#1336,#1338,#1621,.T.);
#980=EDGE_CURVE('',#1339,#1338,#1622,.T.);
#981=EDGE_CURVE('',#1337,#1339,#1623,.T.);
#982=EDGE_CURVE('',#1340,#1341,#1624,.T.);
#983=EDGE_CURVE('',#1342,#1340,#1625,.F.);
#984=EDGE_CURVE('',#1342,#1343,#1626,.T.);
#985=EDGE_CURVE('',#1341,#1343,#1627,.T.);
#986=EDGE_CURVE('',#1344,#1344,#90,.T.);
#987=EDGE_CURVE('',#1345,#1345,#91,.T.);
#988=EDGE_CURVE('',#1346,#1346,#92,.T.);
#989=EDGE_CURVE('',#1347,#1347,#93,.T.);
#990=EDGE_CURVE('',#1348,#1348,#94,.T.);
#991=EDGE_CURVE('',#1349,#1349,#95,.T.);
#992=EDGE_CURVE('',#1350,#1350,#96,.T.);
#993=EDGE_CURVE('',#1351,#1351,#97,.T.);
#994=EDGE_CURVE('',#1352,#1352,#98,.T.);
#995=EDGE_CURVE('',#1353,#1353,#99,.T.);
#996=EDGE_CURVE('',#1354,#1354,#100,.T.);
#997=EDGE_CURVE('',#1355,#1355,#101,.T.);
#998=EDGE_CURVE('',#1356,#1356,#102,.T.);
#999=EDGE_CURVE('',#1357,#1357,#103,.T.);
#1000=EDGE_CURVE('',#1358,#1359,#1628,.T.);
#1001=EDGE_CURVE('',#1358,#1360,#1629,.T.);
#1002=EDGE_CURVE('',#1360,#1361,#1630,.T.);
#1003=EDGE_CURVE('',#1359,#1361,#1631,.T.);
#1004=EDGE_CURVE('',#1362,#1363,#1632,.T.);
#1005=EDGE_CURVE('',#1362,#1364,#1633,.T.);
#1006=EDGE_CURVE('',#1364,#1365,#1634,.T.);
#1007=EDGE_CURVE('',#1363,#1365,#1635,.T.);
#1008=EDGE_CURVE('',#1366,#1366,#104,.T.);
#1009=EDGE_CURVE('',#1367,#1367,#105,.T.);
#1010=EDGE_CURVE('',#1368,#1368,#106,.T.);
#1011=EDGE_CURVE('',#1369,#1369,#107,.T.);
#1012=EDGE_CURVE('',#1370,#1370,#108,.T.);
#1013=EDGE_CURVE('',#1371,#1371,#109,.T.);
#1014=EDGE_CURVE('',#1372,#1372,#110,.T.);
#1015=EDGE_CURVE('',#1373,#1373,#111,.T.);
#1016=EDGE_CURVE('',#1374,#1374,#112,.T.);
#1017=EDGE_CURVE('',#1375,#1375,#113,.T.);
#1018=EDGE_CURVE('',#1376,#1376,#114,.T.);
#1019=EDGE_CURVE('',#1377,#1378,#1636,.T.);
#1020=EDGE_CURVE('',#1377,#1323,#1637,.T.);
#1021=EDGE_CURVE('',#1378,#1322,#1638,.T.);
#1022=EDGE_CURVE('',#1379,#1379,#115,.T.);
#1023=EDGE_CURVE('',#1380,#1380,#116,.T.);
#1024=EDGE_CURVE('',#1381,#1381,#117,.T.);
#1025=EDGE_CURVE('',#1382,#1382,#118,.T.);
#1026=EDGE_CURVE('',#1383,#1383,#119,.T.);
#1027=EDGE_CURVE('',#1384,#1384,#120,.T.);
#1028=EDGE_CURVE('',#1385,#1385,#121,.T.);
#1029=EDGE_CURVE('',#1386,#1386,#122,.T.);
#1030=EDGE_CURVE('',#1387,#1387,#123,.T.);
#1031=EDGE_CURVE('',#1388,#1388,#124,.T.);
#1032=EDGE_CURVE('',#1389,#1389,#125,.T.);
#1033=EDGE_CURVE('',#1390,#1390,#126,.T.);
#1034=EDGE_CURVE('',#1391,#1391,#127,.T.);
#1035=EDGE_CURVE('',#1392,#1392,#128,.T.);
#1036=EDGE_CURVE('',#1393,#1393,#129,.T.);
#1037=EDGE_CURVE('',#1394,#1394,#130,.T.);
#1038=EDGE_CURVE('',#1395,#1395,#131,.T.);
#1039=EDGE_CURVE('',#1396,#1396,#132,.T.);
#1040=EDGE_CURVE('',#1397,#1397,#133,.T.);
#1041=EDGE_CURVE('',#1398,#1398,#134,.T.);
#1042=EDGE_CURVE('',#1399,#1399,#135,.T.);
#1043=EDGE_CURVE('',#1400,#1400,#136,.T.);
#1044=EDGE_CURVE('',#1401,#1401,#137,.T.);
#1045=EDGE_CURVE('',#1402,#1402,#138,.T.);
#1046=EDGE_CURVE('',#1403,#1403,#139,.T.);
#1047=EDGE_CURVE('',#1404,#1404,#140,.T.);
#1048=EDGE_CURVE('',#1405,#1405,#141,.T.);
#1049=EDGE_CURVE('',#1406,#1406,#142,.T.);
#1050=EDGE_CURVE('',#1407,#1407,#143,.T.);
#1051=EDGE_CURVE('',#1408,#1408,#144,.T.);
#1052=EDGE_CURVE('',#1409,#1409,#145,.T.);
#1053=EDGE_CURVE('',#1410,#1410,#146,.T.);
#1054=EDGE_CURVE('',#1411,#1411,#147,.T.);
#1055=EDGE_CURVE('',#1412,#1412,#148,.T.);
#1056=EDGE_CURVE('',#1413,#1413,#149,.T.);
#1057=EDGE_CURVE('',#1414,#1414,#150,.T.);
#1058=EDGE_CURVE('',#1415,#1415,#151,.T.);
#1059=EDGE_CURVE('',#1416,#1416,#152,.T.);
#1060=EDGE_CURVE('',#1417,#1417,#153,.T.);
#1061=EDGE_CURVE('',#1418,#1418,#154,.T.);
#1062=EDGE_CURVE('',#1419,#1419,#155,.T.);
#1063=EDGE_CURVE('',#1420,#1420,#156,.T.);
#1064=EDGE_CURVE('',#1421,#1421,#157,.T.);
#1065=EDGE_CURVE('',#1422,#1422,#158,.T.);
#1066=EDGE_CURVE('',#1423,#1423,#159,.T.);
#1067=EDGE_CURVE('',#1424,#1424,#160,.T.);
#1068=EDGE_CURVE('',#1425,#1425,#161,.T.);
#1069=EDGE_CURVE('',#1426,#1427,#1639,.T.);
#1070=EDGE_CURVE('',#1335,#1426,#1640,.T.);
#1071=EDGE_CURVE('',#1334,#1427,#1641,.T.);
#1072=EDGE_CURVE('',#1428,#1429,#12,.F.);
#1073=EDGE_CURVE('',#1428,#1429,#162,.T.);
#1074=EDGE_CURVE('',#1430,#1431,#13,.F.);
#1075=EDGE_CURVE('',#1430,#1431,#163,.T.);
#1076=EDGE_CURVE('',#1429,#1430,#1642,.T.);
#1077=EDGE_CURVE('',#1431,#1432,#1643,.T.);
#1078=EDGE_CURVE('',#1432,#1433,#1644,.T.);
#1079=EDGE_CURVE('',#1434,#1433,#1645,.T.);
#1080=EDGE_CURVE('',#1434,#1435,#1646,.T.);
#1081=EDGE_CURVE('',#1435,#1436,#1647,.T.);
#1082=EDGE_CURVE('',#1437,#1436,#1648,.T.);
#1083=EDGE_CURVE('',#1437,#1438,#1649,.T.);
#1084=EDGE_CURVE('',#1439,#1438,#1650,.T.);
#1085=EDGE_CURVE('',#1439,#1428,#1651,.T.);
#1086=EDGE_CURVE('',#1432,#1440,#1652,.T.);
#1087=EDGE_CURVE('',#1433,#1440,#1653,.T.);
#1088=EDGE_CURVE('',#1434,#1441,#1654,.T.);
#1089=EDGE_CURVE('',#1441,#1440,#1655,.T.);
#1090=EDGE_CURVE('',#1441,#1442,#1656,.T.);
#1091=EDGE_CURVE('',#1435,#1442,#1657,.T.);
#1092=EDGE_CURVE('',#1443,#1378,#1658,.T.);
#1093=EDGE_CURVE('',#1321,#1443,#1659,.T.);
#1094=EDGE_CURVE('',#1444,#1445,#1660,.T.);
#1095=EDGE_CURVE('',#1445,#1338,#1661,.T.);
#1096=EDGE_CURVE('',#1338,#1377,#1662,.T.);
#1097=EDGE_CURVE('',#1443,#1444,#1663,.T.);
#1098=EDGE_CURVE('',#1446,#1447,#1664,.T.);
#1099=EDGE_CURVE('',#1360,#1447,#1665,.T.);
#1100=EDGE_CURVE('',#1358,#1446,#1666,.T.);
#1101=EDGE_CURVE('',#1447,#1448,#1667,.T.);
#1102=EDGE_CURVE('',#1361,#1448,#1668,.T.);
#1103=EDGE_CURVE('',#1449,#1448,#1669,.T.);
#1104=EDGE_CURVE('',#1359,#1449,#1670,.T.);
#1105=EDGE_CURVE('',#1446,#1449,#1671,.T.);
#1106=EDGE_CURVE('',#1450,#1451,#1672,.T.);
#1107=EDGE_CURVE('',#1364,#1451,#1673,.T.);
#1108=EDGE_CURVE('',#1362,#1450,#1674,.T.);
#1109=EDGE_CURVE('',#1451,#1452,#1675,.T.);
#1110=EDGE_CURVE('',#1365,#1452,#1676,.T.);
#1111=EDGE_CURVE('',#1453,#1452,#1677,.T.);
#1112=EDGE_CURVE('',#1363,#1453,#1678,.T.);
#1113=EDGE_CURVE('',#1450,#1453,#1679,.T.);
#1114=EDGE_CURVE('',#1454,#1454,#164,.T.);
#1115=EDGE_CURVE('',#1455,#1455,#165,.T.);
#1116=EDGE_CURVE('',#1456,#1456,#166,.T.);
#1117=EDGE_CURVE('',#1457,#1457,#167,.T.);
#1118=EDGE_CURVE('',#1458,#1458,#168,.T.);
#1119=EDGE_CURVE('',#1459,#1459,#169,.T.);
#1120=EDGE_CURVE('',#1460,#1460,#170,.T.);
#1121=EDGE_CURVE('',#1461,#1461,#171,.T.);
#1122=EDGE_CURVE('',#1462,#1462,#172,.T.);
#1123=EDGE_CURVE('',#1463,#1463,#173,.T.);
#1124=EDGE_CURVE('',#1464,#1464,#174,.T.);
#1125=EDGE_CURVE('',#1426,#1465,#1680,.T.);
#1126=EDGE_CURVE('',#1337,#1465,#1681,.T.);
#1127=EDGE_CURVE('',#1339,#1319,#1682,.T.);
#1128=EDGE_CURVE('',#1329,#1318,#1683,.T.);
#1129=EDGE_CURVE('',#1466,#1377,#1684,.T.);
#1130=EDGE_CURVE('',#1466,#1467,#1685,.T.);
#1131=EDGE_CURVE('',#1427,#1467,#1686,.T.);
#1132=EDGE_CURVE('',#1333,#1315,#1687,.T.);
#1133=EDGE_CURVE('',#1468,#1468,#175,.T.);
#1134=EDGE_CURVE('',#1469,#1469,#176,.T.);
#1135=EDGE_CURVE('',#1470,#1470,#177,.T.);
#1136=EDGE_CURVE('',#1471,#1471,#178,.T.);
#1137=EDGE_CURVE('',#1472,#1472,#179,.T.);
#1138=EDGE_CURVE('',#1473,#1473,#180,.T.);
#1139=EDGE_CURVE('',#1474,#1475,#1688,.T.);
#1140=EDGE_CURVE('',#1474,#1476,#1689,.T.);
#1141=EDGE_CURVE('',#1476,#1477,#1690,.T.);
#1142=EDGE_CURVE('',#1477,#1475,#1691,.T.);
#1143=EDGE_CURVE('',#1474,#1478,#1692,.T.);
#1144=EDGE_CURVE('',#1479,#1475,#1693,.T.);
#1145=EDGE_CURVE('',#1478,#1479,#1694,.T.);
#1146=EDGE_CURVE('',#1480,#1481,#1695,.T.);
#1147=EDGE_CURVE('',#1480,#1482,#1696,.T.);
#1148=EDGE_CURVE('',#1482,#1483,#1697,.T.);
#1149=EDGE_CURVE('',#1483,#1481,#1698,.T.);
#1150=EDGE_CURVE('',#1484,#1485,#1699,.T.);
#1151=EDGE_CURVE('',#1484,#1480,#1700,.T.);
#1152=EDGE_CURVE('',#1481,#1485,#1701,.T.);
#1153=EDGE_CURVE('',#1484,#1486,#1702,.T.);
#1154=EDGE_CURVE('',#1487,#1485,#1703,.T.);
#1155=EDGE_CURVE('',#1486,#1487,#1704,.T.);
#1156=EDGE_CURVE('',#1487,#1488,#1705,.T.);
#1157=EDGE_CURVE('',#1436,#1488,#1706,.T.);
#1158=EDGE_CURVE('',#1442,#1486,#1707,.T.);
#1159=EDGE_CURVE('',#1489,#1488,#1708,.T.);
#1160=EDGE_CURVE('',#1437,#1489,#1709,.T.);
#1161=EDGE_CURVE('',#1489,#1490,#1710,.T.);
#1162=EDGE_CURVE('',#1438,#1490,#1711,.T.);
#1163=EDGE_CURVE('',#1491,#1328,#1712,.T.);
#1164=EDGE_CURVE('',#1491,#1492,#1713,.T.);
#1165=EDGE_CURVE('',#1492,#1493,#1714,.T.);
#1166=EDGE_CURVE('',#1494,#1493,#1715,.T.);
#1167=EDGE_CURVE('',#1324,#1494,#1716,.T.);
#1168=EDGE_CURVE('',#1495,#1495,#181,.T.);
#1169=EDGE_CURVE('',#1496,#1496,#182,.T.);
#1170=EDGE_CURVE('',#1497,#1497,#183,.T.);
#1171=EDGE_CURVE('',#1498,#1498,#184,.T.);
#1172=EDGE_CURVE('',#1499,#1499,#185,.T.);
#1173=EDGE_CURVE('',#1500,#1500,#186,.T.);
#1174=EDGE_CURVE('',#1501,#1501,#187,.T.);
#1175=EDGE_CURVE('',#1502,#1502,#188,.T.);
#1176=EDGE_CURVE('',#1493,#1503,#1717,.T.);
#1177=EDGE_CURVE('',#1504,#1503,#1718,.T.);
#1178=EDGE_CURVE('',#1494,#1504,#1719,.T.);
#1179=EDGE_CURVE('',#1505,#1505,#189,.T.);
#1180=EDGE_CURVE('',#1506,#1506,#190,.T.);
#1181=EDGE_CURVE('',#1507,#1507,#191,.T.);
#1182=EDGE_CURVE('',#1508,#1509,#1720,.T.);
#1183=EDGE_CURVE('',#1478,#1509,#1721,.T.);
#1184=EDGE_CURVE('',#1479,#1483,#1722,.T.);
#1185=EDGE_CURVE('',#1445,#1482,#1723,.T.);
#1186=EDGE_CURVE('',#1508,#1444,#1724,.T.);
#1187=EDGE_CURVE('',#1491,#1510,#1725,.T.);
#1188=EDGE_CURVE('',#1327,#1510,#1726,.T.);
#1189=EDGE_CURVE('',#1490,#1492,#1727,.T.);
#1190=EDGE_CURVE('',#1511,#1510,#1728,.T.);
#1191=EDGE_CURVE('',#1511,#1512,#1729,.T.);
#1192=EDGE_CURVE('',#1512,#1513,#1730,.T.);
#1193=EDGE_CURVE('',#1465,#1513,#1731,.T.);
#1194=EDGE_CURVE('',#1514,#1467,#1732,.T.);
#1195=EDGE_CURVE('',#1515,#1514,#1733,.T.);
#1196=EDGE_CURVE('',#1515,#1439,#1734,.T.);
#1197=EDGE_CURVE('',#1516,#1516,#192,.T.);
#1198=EDGE_CURVE('',#1517,#1517,#193,.T.);
#1199=EDGE_CURVE('',#1518,#1518,#194,.T.);
#1200=EDGE_CURVE('',#1519,#1519,#195,.T.);
#1201=EDGE_CURVE('',#1520,#1520,#196,.T.);
#1202=EDGE_CURVE('',#1521,#1521,#197,.T.);
#1203=EDGE_CURVE('',#1522,#1522,#198,.T.);
#1204=EDGE_CURVE('',#1523,#1523,#199,.T.);
#1205=EDGE_CURVE('',#1524,#1524,#200,.T.);
#1206=EDGE_CURVE('',#1525,#1525,#201,.T.);
#1207=EDGE_CURVE('',#1526,#1526,#202,.T.);
#1208=EDGE_CURVE('',#1527,#1528,#1735,.T.);
#1209=EDGE_CURVE('',#1529,#1528,#1736,.T.);
#1210=EDGE_CURVE('',#1530,#1529,#1737,.T.);
#1211=EDGE_CURVE('',#1530,#1527,#1738,.T.);
#1212=EDGE_CURVE('',#1531,#1531,#203,.T.);
#1213=EDGE_CURVE('',#1532,#1532,#204,.T.);
#1214=EDGE_CURVE('',#1533,#1533,#205,.T.);
#1215=EDGE_CURVE('',#1534,#1534,#206,.T.);
#1216=EDGE_CURVE('',#1535,#1535,#207,.T.);
#1217=EDGE_CURVE('',#1536,#1536,#208,.T.);
#1218=EDGE_CURVE('',#1537,#1537,#209,.T.);
#1219=EDGE_CURVE('',#1538,#1538,#210,.T.);
#1220=EDGE_CURVE('',#1539,#1539,#211,.T.);
#1221=EDGE_CURVE('',#1540,#1540,#212,.T.);
#1222=EDGE_CURVE('',#1541,#1541,#213,.T.);
#1223=EDGE_CURVE('',#1503,#1542,#1739,.T.);
#1224=EDGE_CURVE('',#1543,#1542,#1740,.T.);
#1225=EDGE_CURVE('',#1544,#1543,#1741,.T.);
#1226=EDGE_CURVE('',#1544,#1503,#1742,.T.);
#1227=EDGE_CURVE('',#1545,#1476,#1743,.T.);
#1228=EDGE_CURVE('',#1545,#1546,#1744,.T.);
#1229=EDGE_CURVE('',#1546,#1477,#1745,.T.);
#1230=EDGE_CURVE('',#1476,#1547,#1746,.T.);
#1231=EDGE_CURVE('',#1547,#1545,#1747,.T.);
#1232=EDGE_CURVE('',#1548,#1549,#1748,.T.);
#1233=EDGE_CURVE('',#1509,#1549,#1749,.T.);
#1234=EDGE_CURVE('',#1548,#1508,#1750,.T.);
#1235=EDGE_CURVE('',#1550,#1543,#1751,.T.);
#1236=EDGE_CURVE('',#1550,#1551,#1752,.T.);
#1237=EDGE_CURVE('',#1544,#1551,#1753,.T.);
#1238=EDGE_CURVE('',#1552,#1542,#1754,.T.);
#1239=EDGE_CURVE('',#1552,#1550,#1755,.T.);
#1240=EDGE_CURVE('',#1553,#1551,#1756,.T.);
#1241=EDGE_CURVE('',#1504,#1553,#1757,.T.);
#1242=EDGE_CURVE('',#1554,#1547,#1758,.T.);
#1243=EDGE_CURVE('',#1554,#1555,#1759,.T.);
#1244=EDGE_CURVE('',#1545,#1555,#1760,.T.);
#1245=EDGE_CURVE('',#1556,#1555,#1761,.T.);
#1246=EDGE_CURVE('',#1556,#1546,#1762,.T.);
#1247=EDGE_CURVE('',#1556,#1552,#1763,.T.);
#1248=EDGE_CURVE('',#1557,#1558,#1764,.T.);
#1249=EDGE_CURVE('',#1557,#1527,#1765,.F.);
#1250=EDGE_CURVE('',#1558,#1530,#1766,.F.);
#1251=EDGE_CURVE('',#1559,#1560,#1767,.T.);
#1252=EDGE_CURVE('',#1529,#1559,#1768,.T.);
#1253=EDGE_CURVE('',#1528,#1560,#1769,.T.);
#1254=EDGE_CURVE('',#1561,#1557,#1770,.T.);
#1255=EDGE_CURVE('',#1561,#1512,#1771,.T.);
#1256=EDGE_CURVE('',#1511,#1562,#1772,.T.);
#1257=EDGE_CURVE('',#1560,#1562,#1773,.T.);
#1258=EDGE_CURVE('',#1563,#1564,#1774,.T.);
#1259=EDGE_CURVE('',#1563,#1326,#1775,.T.);
#1260=EDGE_CURVE('',#1325,#1564,#1776,.T.);
#1261=EDGE_CURVE('',#1563,#1558,#1777,.T.);
#1262=EDGE_CURVE('',#1559,#1565,#1778,.T.);
#1263=EDGE_CURVE('',#1510,#1565,#1779,.T.);
#1264=EDGE_CURVE('',#1566,#1561,#1780,.T.);
#1265=EDGE_CURVE('',#1566,#1513,#1781,.T.);
#1266=EDGE_CURVE('',#1466,#1336,#1782,.T.);
#1267=EDGE_CURVE('',#1567,#1566,#1783,.T.);
#1268=EDGE_CURVE('',#1567,#1568,#214,.T.);
#1269=EDGE_CURVE('',#1569,#1568,#1784,.T.);
#1270=EDGE_CURVE('',#1569,#1343,#215,.T.);
#1271=EDGE_CURVE('',#1342,#1570,#216,.T.);
#1272=EDGE_CURVE('',#1571,#1570,#1785,.T.);
#1273=EDGE_CURVE('',#1571,#1514,#1786,.T.);
#1274=EDGE_CURVE('',#1571,#1572,#1787,.T.);
#1275=EDGE_CURVE('',#1572,#1515,#1788,.T.);
#1276=EDGE_CURVE('',#1340,#1573,#217,.T.);
#1277=EDGE_CURVE('',#1573,#1570,#1789,.T.);
#1278=EDGE_CURVE('',#1574,#1341,#218,.T.);
#1279=EDGE_CURVE('',#1569,#1574,#1790,.F.);
#1280=EDGE_CURVE('',#1575,#1576,#219,.T.);
#1281=EDGE_CURVE('',#1576,#1568,#1791,.T.);
#1282=EDGE_CURVE('',#1567,#1575,#1792,.F.);
#1283=EDGE_CURVE('',#1565,#1562,#1793,.T.);
#1284=EDGE_CURVE('',#1564,#1577,#1794,.T.);
#1285=EDGE_CURVE('',#1548,#1553,#1795,.T.);
#1286=EDGE_CURVE('',#1577,#1320,#1796,.T.);
#1287=EDGE_CURVE('',#1572,#1554,#1797,.T.);
#1288=EDGE_CURVE('',#1549,#1573,#1798,.T.);
#1289=EDGE_CURVE('',#1574,#1576,#1799,.T.);
#1290=EDGE_CURVE('',#1575,#1577,#1800,.T.);
#1291=EDGE_CURVE('',#1578,#1578,#220,.T.);
#1292=EDGE_CURVE('',#1579,#1579,#221,.T.);
#1293=EDGE_CURVE('',#1580,#1580,#222,.T.);
#1294=EDGE_CURVE('',#1581,#1581,#223,.T.);
#1295=EDGE_CURVE('',#1582,#1582,#224,.T.);
#1296=EDGE_CURVE('',#1583,#1583,#225,.T.);
#1297=EDGE_CURVE('',#1584,#1584,#226,.T.);
#1298=EDGE_CURVE('',#1585,#1585,#227,.T.);
#1299=EDGE_CURVE('',#1586,#1586,#228,.T.);
#1300=EDGE_CURVE('',#1587,#1587,#229,.T.);
#1301=EDGE_CURVE('',#1588,#1588,#230,.T.);
#1302=EDGE_CURVE('',#1589,#1589,#231,.T.);
#1303=EDGE_CURVE('',#1590,#1590,#232,.T.);
#1304=EDGE_CURVE('',#1591,#1591,#233,.T.);
#1305=EDGE_CURVE('',#1592,#1592,#234,.T.);
#1306=EDGE_CURVE('',#1593,#1593,#235,.T.);
#1307=EDGE_CURVE('',#1594,#1594,#236,.T.);
#1308=EDGE_CURVE('',#1595,#1595,#237,.T.);
#1309=EDGE_CURVE('',#1596,#1596,#238,.T.);
#1310=EDGE_CURVE('',#1597,#1597,#239,.T.);
#1311=EDGE_CURVE('',#1330,#1317,#1801,.T.);
#1312=EDGE_CURVE('',#1314,#1332,#1802,.T.);
#1313=EDGE_CURVE('',#1316,#1331,#1803,.T.);
#1314=VERTEX_POINT('',#4394);
#1315=VERTEX_POINT('',#4395);
#1316=VERTEX_POINT('',#4397);
#1317=VERTEX_POINT('',#4399);
#1318=VERTEX_POINT('',#4401);
#1319=VERTEX_POINT('',#4403);
#1320=VERTEX_POINT('',#4405);
#1321=VERTEX_POINT('',#4407);
#1322=VERTEX_POINT('',#4409);
#1323=VERTEX_POINT('',#4411);
#1324=VERTEX_POINT('',#4415);
#1325=VERTEX_POINT('',#4416);
#1326=VERTEX_POINT('',#4418);
#1327=VERTEX_POINT('',#4420);
#1328=VERTEX_POINT('',#4422);
#1329=VERTEX_POINT('',#4425);
#1330=VERTEX_POINT('',#4426);
#1331=VERTEX_POINT('',#4428);
#1332=VERTEX_POINT('',#4430);
#1333=VERTEX_POINT('',#4432);
#1334=VERTEX_POINT('',#4434);
#1335=VERTEX_POINT('',#4436);
#1336=VERTEX_POINT('',#4440);
#1337=VERTEX_POINT('',#4441);
#1338=VERTEX_POINT('',#4443);
#1339=VERTEX_POINT('',#4445);
#1340=VERTEX_POINT('',#4449);
#1341=VERTEX_POINT('',#4450);
#1342=VERTEX_POINT('',#4452);
#1343=VERTEX_POINT('',#4454);
#1344=VERTEX_POINT('',#4458);
#1345=VERTEX_POINT('',#4461);
#1346=VERTEX_POINT('',#4464);
#1347=VERTEX_POINT('',#4467);
#1348=VERTEX_POINT('',#4470);
#1349=VERTEX_POINT('',#4473);
#1350=VERTEX_POINT('',#4476);
#1351=VERTEX_POINT('',#4479);
#1352=VERTEX_POINT('',#4482);
#1353=VERTEX_POINT('',#4485);
#1354=VERTEX_POINT('',#4488);
#1355=VERTEX_POINT('',#4491);
#1356=VERTEX_POINT('',#4494);
#1357=VERTEX_POINT('',#4497);
#1358=VERTEX_POINT('',#4500);
#1359=VERTEX_POINT('',#4501);
#1360=VERTEX_POINT('',#4503);
#1361=VERTEX_POINT('',#4505);
#1362=VERTEX_POINT('',#4509);
#1363=VERTEX_POINT('',#4510);
#1364=VERTEX_POINT('',#4512);
#1365=VERTEX_POINT('',#4514);
#1366=VERTEX_POINT('',#4518);
#1367=VERTEX_POINT('',#4521);
#1368=VERTEX_POINT('',#4524);
#1369=VERTEX_POINT('',#4527);
#1370=VERTEX_POINT('',#4530);
#1371=VERTEX_POINT('',#4533);
#1372=VERTEX_POINT('',#4536);
#1373=VERTEX_POINT('',#4539);
#1374=VERTEX_POINT('',#4542);
#1375=VERTEX_POINT('',#4545);
#1376=VERTEX_POINT('',#4548);
#1377=VERTEX_POINT('',#4551);
#1378=VERTEX_POINT('',#4552);
#1379=VERTEX_POINT('',#4557);
#1380=VERTEX_POINT('',#4560);
#1381=VERTEX_POINT('',#4563);
#1382=VERTEX_POINT('',#4566);
#1383=VERTEX_POINT('',#4569);
#1384=VERTEX_POINT('',#4572);
#1385=VERTEX_POINT('',#4575);
#1386=VERTEX_POINT('',#4578);
#1387=VERTEX_POINT('',#4581);
#1388=VERTEX_POINT('',#4584);
#1389=VERTEX_POINT('',#4587);
#1390=VERTEX_POINT('',#4590);
#1391=VERTEX_POINT('',#4593);
#1392=VERTEX_POINT('',#4596);
#1393=VERTEX_POINT('',#4599);
#1394=VERTEX_POINT('',#4602);
#1395=VERTEX_POINT('',#4605);
#1396=VERTEX_POINT('',#4608);
#1397=VERTEX_POINT('',#4611);
#1398=VERTEX_POINT('',#4614);
#1399=VERTEX_POINT('',#4617);
#1400=VERTEX_POINT('',#4620);
#1401=VERTEX_POINT('',#4623);
#1402=VERTEX_POINT('',#4626);
#1403=VERTEX_POINT('',#4629);
#1404=VERTEX_POINT('',#4632);
#1405=VERTEX_POINT('',#4635);
#1406=VERTEX_POINT('',#4638);
#1407=VERTEX_POINT('',#4641);
#1408=VERTEX_POINT('',#4644);
#1409=VERTEX_POINT('',#4647);
#1410=VERTEX_POINT('',#4650);
#1411=VERTEX_POINT('',#4653);
#1412=VERTEX_POINT('',#4656);
#1413=VERTEX_POINT('',#4659);
#1414=VERTEX_POINT('',#4662);
#1415=VERTEX_POINT('',#4665);
#1416=VERTEX_POINT('',#4668);
#1417=VERTEX_POINT('',#4671);
#1418=VERTEX_POINT('',#4674);
#1419=VERTEX_POINT('',#4677);
#1420=VERTEX_POINT('',#4680);
#1421=VERTEX_POINT('',#4683);
#1422=VERTEX_POINT('',#4686);
#1423=VERTEX_POINT('',#4689);
#1424=VERTEX_POINT('',#4692);
#1425=VERTEX_POINT('',#4695);
#1426=VERTEX_POINT('',#4698);
#1427=VERTEX_POINT('',#4699);
#1428=VERTEX_POINT('',#4704);
#1429=VERTEX_POINT('',#4705);
#1430=VERTEX_POINT('',#4709);
#1431=VERTEX_POINT('',#4710);
#1432=VERTEX_POINT('',#4715);
#1433=VERTEX_POINT('',#4717);
#1434=VERTEX_POINT('',#4719);
#1435=VERTEX_POINT('',#4721);
#1436=VERTEX_POINT('',#4723);
#1437=VERTEX_POINT('',#4725);
#1438=VERTEX_POINT('',#4727);
#1439=VERTEX_POINT('',#4729);
#1440=VERTEX_POINT('',#4733);
#1441=VERTEX_POINT('',#4737);
#1442=VERTEX_POINT('',#4741);
#1443=VERTEX_POINT('',#4745);
#1444=VERTEX_POINT('',#4749);
#1445=VERTEX_POINT('',#4750);
#1446=VERTEX_POINT('',#4756);
#1447=VERTEX_POINT('',#4757);
#1448=VERTEX_POINT('',#4762);
#1449=VERTEX_POINT('',#4766);
#1450=VERTEX_POINT('',#4772);
#1451=VERTEX_POINT('',#4773);
#1452=VERTEX_POINT('',#4778);
#1453=VERTEX_POINT('',#4782);
#1454=VERTEX_POINT('',#4788);
#1455=VERTEX_POINT('',#4791);
#1456=VERTEX_POINT('',#4794);
#1457=VERTEX_POINT('',#4797);
#1458=VERTEX_POINT('',#4800);
#1459=VERTEX_POINT('',#4803);
#1460=VERTEX_POINT('',#4806);
#1461=VERTEX_POINT('',#4809);
#1462=VERTEX_POINT('',#4812);
#1463=VERTEX_POINT('',#4815);
#1464=VERTEX_POINT('',#4818);
#1465=VERTEX_POINT('',#4821);
#1466=VERTEX_POINT('',#4827);
#1467=VERTEX_POINT('',#4829);
#1468=VERTEX_POINT('',#4834);
#1469=VERTEX_POINT('',#4836);
#1470=VERTEX_POINT('',#4839);
#1471=VERTEX_POINT('',#4841);
#1472=VERTEX_POINT('',#4844);
#1473=VERTEX_POINT('',#4846);
#1474=VERTEX_POINT('',#4849);
#1475=VERTEX_POINT('',#4850);
#1476=VERTEX_POINT('',#4852);
#1477=VERTEX_POINT('',#4854);
#1478=VERTEX_POINT('',#4858);
#1479=VERTEX_POINT('',#4860);
#1480=VERTEX_POINT('',#4864);
#1481=VERTEX_POINT('',#4865);
#1482=VERTEX_POINT('',#4867);
#1483=VERTEX_POINT('',#4869);
#1484=VERTEX_POINT('',#4873);
#1485=VERTEX_POINT('',#4874);
#1486=VERTEX_POINT('',#4879);
#1487=VERTEX_POINT('',#4881);
#1488=VERTEX_POINT('',#4885);
#1489=VERTEX_POINT('',#4890);
#1490=VERTEX_POINT('',#4894);
#1491=VERTEX_POINT('',#4898);
#1492=VERTEX_POINT('',#4900);
#1493=VERTEX_POINT('',#4902);
#1494=VERTEX_POINT('',#4904);
#1495=VERTEX_POINT('',#4908);
#1496=VERTEX_POINT('',#4911);
#1497=VERTEX_POINT('',#4914);
#1498=VERTEX_POINT('',#4917);
#1499=VERTEX_POINT('',#4920);
#1500=VERTEX_POINT('',#4923);
#1501=VERTEX_POINT('',#4926);
#1502=VERTEX_POINT('',#4929);
#1503=VERTEX_POINT('',#4932);
#1504=VERTEX_POINT('',#4934);
#1505=VERTEX_POINT('',#4938);
#1506=VERTEX_POINT('',#4941);
#1507=VERTEX_POINT('',#4944);
#1508=VERTEX_POINT('',#4947);
#1509=VERTEX_POINT('',#4948);
#1510=VERTEX_POINT('',#4955);
#1511=VERTEX_POINT('',#4960);
#1512=VERTEX_POINT('',#4962);
#1513=VERTEX_POINT('',#4964);
#1514=VERTEX_POINT('',#4967);
#1515=VERTEX_POINT('',#4969);
#1516=VERTEX_POINT('',#4973);
#1517=VERTEX_POINT('',#4976);
#1518=VERTEX_POINT('',#4979);
#1519=VERTEX_POINT('',#4982);
#1520=VERTEX_POINT('',#4985);
#1521=VERTEX_POINT('',#4988);
#1522=VERTEX_POINT('',#4991);
#1523=VERTEX_POINT('',#4994);
#1524=VERTEX_POINT('',#4997);
#1525=VERTEX_POINT('',#5000);
#1526=VERTEX_POINT('',#5003);
#1527=VERTEX_POINT('',#5006);
#1528=VERTEX_POINT('',#5007);
#1529=VERTEX_POINT('',#5009);
#1530=VERTEX_POINT('',#5011);
#1531=VERTEX_POINT('',#5015);
#1532=VERTEX_POINT('',#5018);
#1533=VERTEX_POINT('',#5021);
#1534=VERTEX_POINT('',#5024);
#1535=VERTEX_POINT('',#5027);
#1536=VERTEX_POINT('',#5030);
#1537=VERTEX_POINT('',#5033);
#1538=VERTEX_POINT('',#5036);
#1539=VERTEX_POINT('',#5039);
#1540=VERTEX_POINT('',#5042);
#1541=VERTEX_POINT('',#5045);
#1542=VERTEX_POINT('',#5048);
#1543=VERTEX_POINT('',#5050);
#1544=VERTEX_POINT('',#5052);
#1545=VERTEX_POINT('',#5056);
#1546=VERTEX_POINT('',#5058);
#1547=VERTEX_POINT('',#5062);
#1548=VERTEX_POINT('',#5066);
#1549=VERTEX_POINT('',#5067);
#1550=VERTEX_POINT('',#5072);
#1551=VERTEX_POINT('',#5074);
#1552=VERTEX_POINT('',#5078);
#1553=VERTEX_POINT('',#5082);
#1554=VERTEX_POINT('',#5086);
#1555=VERTEX_POINT('',#5088);
#1556=VERTEX_POINT('',#5092);
#1557=VERTEX_POINT('',#5098);
#1558=VERTEX_POINT('',#5099);
#1559=VERTEX_POINT('',#5104);
#1560=VERTEX_POINT('',#5105);
#1561=VERTEX_POINT('',#5110);
#1562=VERTEX_POINT('',#5113);
#1563=VERTEX_POINT('',#5117);
#1564=VERTEX_POINT('',#5118);
#1565=VERTEX_POINT('',#5124);
#1566=VERTEX_POINT('',#5128);
#1567=VERTEX_POINT('',#5133);
#1568=VERTEX_POINT('',#5135);
#1569=VERTEX_POINT('',#5137);
#1570=VERTEX_POINT('',#5140);
#1571=VERTEX_POINT('',#5142);
#1572=VERTEX_POINT('',#5146);
#1573=VERTEX_POINT('',#5150);
#1574=VERTEX_POINT('',#5154);
#1575=VERTEX_POINT('',#5158);
#1576=VERTEX_POINT('',#5159);
#1577=VERTEX_POINT('',#5166);
#1578=VERTEX_POINT('',#5176);
#1579=VERTEX_POINT('',#5178);
#1580=VERTEX_POINT('',#5180);
#1581=VERTEX_POINT('',#5182);
#1582=VERTEX_POINT('',#5184);
#1583=VERTEX_POINT('',#5187);
#1584=VERTEX_POINT('',#5189);
#1585=VERTEX_POINT('',#5191);
#1586=VERTEX_POINT('',#5194);
#1587=VERTEX_POINT('',#5196);
#1588=VERTEX_POINT('',#5200);
#1589=VERTEX_POINT('',#5204);
#1590=VERTEX_POINT('',#5208);
#1591=VERTEX_POINT('',#5212);
#1592=VERTEX_POINT('',#5216);
#1593=VERTEX_POINT('',#5220);
#1594=VERTEX_POINT('',#5224);
#1595=VERTEX_POINT('',#5228);
#1596=VERTEX_POINT('',#5232);
#1597=VERTEX_POINT('',#5236);
#1598=LINE('',#4393,#1804);
#1599=LINE('',#4396,#1805);
#1600=LINE('',#4398,#1806);
#1601=LINE('',#4400,#1807);
#1602=LINE('',#4402,#1808);
#1603=LINE('',#4404,#1809);
#1604=LINE('',#4406,#1810);
#1605=LINE('',#4408,#1811);
#1606=LINE('',#4410,#1812);
#1607=LINE('',#4412,#1813);
#1608=LINE('',#4414,#1814);
#1609=LINE('',#4417,#1815);
#1610=LINE('',#4419,#1816);
#1611=LINE('',#4421,#1817);
#1612=LINE('',#4423,#1818);
#1613=LINE('',#4424,#1819);
#1614=LINE('',#4427,#1820);
#1615=LINE('',#4429,#1821);
#1616=LINE('',#4431,#1822);
#1617=LINE('',#4433,#1823);
#1618=LINE('',#4435,#1824);
#1619=LINE('',#4437,#1825);
#1620=LINE('',#4439,#1826);
#1621=LINE('',#4442,#1827);
#1622=LINE('',#4444,#1828);
#1623=LINE('',#4446,#1829);
#1624=LINE('',#4448,#1830);
#1625=LINE('',#4451,#1831);
#1626=LINE('',#4453,#1832);
#1627=LINE('',#4455,#1833);
#1628=LINE('',#4499,#1834);
#1629=LINE('',#4502,#1835);
#1630=LINE('',#4504,#1836);
#1631=LINE('',#4506,#1837);
#1632=LINE('',#4508,#1838);
#1633=LINE('',#4511,#1839);
#1634=LINE('',#4513,#1840);
#1635=LINE('',#4515,#1841);
#1636=LINE('',#4550,#1842);
#1637=LINE('',#4553,#1843);
#1638=LINE('',#4554,#1844);
#1639=LINE('',#4697,#1845);
#1640=LINE('',#4700,#1846);
#1641=LINE('',#4701,#1847);
#1642=LINE('',#4713,#1848);
#1643=LINE('',#4714,#1849);
#1644=LINE('',#4716,#1850);
#1645=LINE('',#4718,#1851);
#1646=LINE('',#4720,#1852);
#1647=LINE('',#4722,#1853);
#1648=LINE('',#4724,#1854);
#1649=LINE('',#4726,#1855);
#1650=LINE('',#4728,#1856);
#1651=LINE('',#4730,#1857);
#1652=LINE('',#4732,#1858);
#1653=LINE('',#4734,#1859);
#1654=LINE('',#4736,#1860);
#1655=LINE('',#4738,#1861);
#1656=LINE('',#4740,#1862);
#1657=LINE('',#4742,#1863);
#1658=LINE('',#4744,#1864);
#1659=LINE('',#4746,#1865);
#1660=LINE('',#4748,#1866);
#1661=LINE('',#4751,#1867);
#1662=LINE('',#4752,#1868);
#1663=LINE('',#4753,#1869);
#1664=LINE('',#4755,#1870);
#1665=LINE('',#4758,#1871);
#1666=LINE('',#4759,#1872);
#1667=LINE('',#4761,#1873);
#1668=LINE('',#4763,#1874);
#1669=LINE('',#4765,#1875);
#1670=LINE('',#4767,#1876);
#1671=LINE('',#4769,#1877);
#1672=LINE('',#4771,#1878);
#1673=LINE('',#4774,#1879);
#1674=LINE('',#4775,#1880);
#1675=LINE('',#4777,#1881);
#1676=LINE('',#4779,#1882);
#1677=LINE('',#4781,#1883);
#1678=LINE('',#4783,#1884);
#1679=LINE('',#4785,#1885);
#1680=LINE('',#4820,#1886);
#1681=LINE('',#4822,#1887);
#1682=LINE('',#4823,#1888);
#1683=LINE('',#4824,#1889);
#1684=LINE('',#4826,#1890);
#1685=LINE('',#4828,#1891);
#1686=LINE('',#4830,#1892);
#1687=LINE('',#4831,#1893);
#1688=LINE('',#4848,#1894);
#1689=LINE('',#4851,#1895);
#1690=LINE('',#4853,#1896);
#1691=LINE('',#4855,#1897);
#1692=LINE('',#4857,#1898);
#1693=LINE('',#4859,#1899);
#1694=LINE('',#4861,#1900);
#1695=LINE('',#4863,#1901);
#1696=LINE('',#4866,#1902);
#1697=LINE('',#4868,#1903);
#1698=LINE('',#4870,#1904);
#1699=LINE('',#4872,#1905);
#1700=LINE('',#4875,#1906);
#1701=LINE('',#4876,#1907);
#1702=LINE('',#4878,#1908);
#1703=LINE('',#4880,#1909);
#1704=LINE('',#4882,#1910);
#1705=LINE('',#4884,#1911);
#1706=LINE('',#4886,#1912);
#1707=LINE('',#4887,#1913);
#1708=LINE('',#4889,#1914);
#1709=LINE('',#4891,#1915);
#1710=LINE('',#4893,#1916);
#1711=LINE('',#4895,#1917);
#1712=LINE('',#4897,#1918);
#1713=LINE('',#4899,#1919);
#1714=LINE('',#4901,#1920);
#1715=LINE('',#4903,#1921);
#1716=LINE('',#4905,#1922);
#1717=LINE('',#4931,#1923);
#1718=LINE('',#4933,#1924);
#1719=LINE('',#4935,#1925);
#1720=LINE('',#4946,#1926);
#1721=LINE('',#4949,#1927);
#1722=LINE('',#4950,#1928);
#1723=LINE('',#4951,#1929);
#1724=LINE('',#4952,#1930);
#1725=LINE('',#4954,#1931);
#1726=LINE('',#4956,#1932);
#1727=LINE('',#4958,#1933);
#1728=LINE('',#4959,#1934);
#1729=LINE('',#4961,#1935);
#1730=LINE('',#4963,#1936);
#1731=LINE('',#4965,#1937);
#1732=LINE('',#4966,#1938);
#1733=LINE('',#4968,#1939);
#1734=LINE('',#4970,#1940);
#1735=LINE('',#5005,#1941);
#1736=LINE('',#5008,#1942);
#1737=LINE('',#5010,#1943);
#1738=LINE('',#5012,#1944);
#1739=LINE('',#5047,#1945);
#1740=LINE('',#5049,#1946);
#1741=LINE('',#5051,#1947);
#1742=LINE('',#5053,#1948);
#1743=LINE('',#5055,#1949);
#1744=LINE('',#5057,#1950);
#1745=LINE('',#5059,#1951);
#1746=LINE('',#5061,#1952);
#1747=LINE('',#5063,#1953);
#1748=LINE('',#5065,#1954);
#1749=LINE('',#5068,#1955);
#1750=LINE('',#5069,#1956);
#1751=LINE('',#5071,#1957);
#1752=LINE('',#5073,#1958);
#1753=LINE('',#5075,#1959);
#1754=LINE('',#5077,#1960);
#1755=LINE('',#5079,#1961);
#1756=LINE('',#5081,#1962);
#1757=LINE('',#5083,#1963);
#1758=LINE('',#5085,#1964);
#1759=LINE('',#5087,#1965);
#1760=LINE('',#5089,#1966);
#1761=LINE('',#5091,#1967);
#1762=LINE('',#5093,#1968);
#1763=LINE('',#5095,#1969);
#1764=LINE('',#5097,#1970);
#1765=LINE('',#5100,#1971);
#1766=LINE('',#5101,#1972);
#1767=LINE('',#5103,#1973);
#1768=LINE('',#5106,#1974);
#1769=LINE('',#5107,#1975);
#1770=LINE('',#5109,#1976);
#1771=LINE('',#5111,#1977);
#1772=LINE('',#5112,#1978);
#1773=LINE('',#5114,#1979);
#1774=LINE('',#5116,#1980);
#1775=LINE('',#5119,#1981);
#1776=LINE('',#5120,#1982);
#1777=LINE('',#5122,#1983);
#1778=LINE('',#5123,#1984);
#1779=LINE('',#5125,#1985);
#1780=LINE('',#5127,#1986);
#1781=LINE('',#5129,#1987);
#1782=LINE('',#5131,#1988);
#1783=LINE('',#5132,#1989);
#1784=LINE('',#5136,#1990);
#1785=LINE('',#5141,#1991);
#1786=LINE('',#5143,#1992);
#1787=LINE('',#5145,#1993);
#1788=LINE('',#5147,#1994);
#1789=LINE('',#5151,#1995);
#1790=LINE('',#5155,#1996);
#1791=LINE('',#5160,#1997);
#1792=LINE('',#5161,#1998);
#1793=LINE('',#5163,#1999);
#1794=LINE('',#5165,#2000);
#1795=LINE('',#5167,#2001);
#1796=LINE('',#5168,#2002);
#1797=LINE('',#5170,#2003);
#1798=LINE('',#5171,#2004);
#1799=LINE('',#5172,#2005);
#1800=LINE('',#5173,#2006);
#1801=LINE('',#5239,#2007);
#1802=LINE('',#5242,#2008);
#1803=LINE('',#5243,#2009);
#1804=VECTOR('',#3459,1.);
#1805=VECTOR('',#3460,1.);
#1806=VECTOR('',#3461,1.);
#1807=VECTOR('',#3462,1.);
#1808=VECTOR('',#3463,1.);
#1809=VECTOR('',#3464,1.);
#1810=VECTOR('',#3465,1.);
#1811=VECTOR('',#3466,1.);
#1812=VECTOR('',#3467,1.);
#1813=VECTOR('',#3468,1.);
#1814=VECTOR('',#3471,1.);
#1815=VECTOR('',#3472,1.);
#1816=VECTOR('',#3473,1.);
#1817=VECTOR('',#3474,1.);
#1818=VECTOR('',#3475,1.);
#1819=VECTOR('',#3476,1.);
#1820=VECTOR('',#3477,1.);
#1821=VECTOR('',#3478,1.);
#1822=VECTOR('',#3479,1.);
#1823=VECTOR('',#3480,1.);
#1824=VECTOR('',#3481,1.);
#1825=VECTOR('',#3482,1.);
#1826=VECTOR('',#3485,1.);
#1827=VECTOR('',#3486,1.);
#1828=VECTOR('',#3487,1.);
#1829=VECTOR('',#3488,1.);
#1830=VECTOR('',#3491,1.);
#1831=VECTOR('',#3492,1.);
#1832=VECTOR('',#3493,1.);
#1833=VECTOR('',#3494,1.);
#1834=VECTOR('',#3553,1.);
#1835=VECTOR('',#3554,1.);
#1836=VECTOR('',#3555,1.);
#1837=VECTOR('',#3556,1.);
#1838=VECTOR('',#3559,1.);
#1839=VECTOR('',#3560,1.);
#1840=VECTOR('',#3561,1.);
#1841=VECTOR('',#3562,1.);
#1842=VECTOR('',#3609,1.);
#1843=VECTOR('',#3610,1.);
#1844=VECTOR('',#3611,1.);
#1845=VECTOR('',#3802,1.);
#1846=VECTOR('',#3803,1.);
#1847=VECTOR('',#3804,1.);
#1848=VECTOR('',#3819,1.);
#1849=VECTOR('',#3820,1.);
#1850=VECTOR('',#3821,1.);
#1851=VECTOR('',#3822,1.);
#1852=VECTOR('',#3823,1.);
#1853=VECTOR('',#3824,1.);
#1854=VECTOR('',#3825,1.);
#1855=VECTOR('',#3826,1.);
#1856=VECTOR('',#3827,1.);
#1857=VECTOR('',#3828,1.);
#1858=VECTOR('',#3831,1.);
#1859=VECTOR('',#3832,1.);
#1860=VECTOR('',#3835,1.);
#1861=VECTOR('',#3836,1.);
#1862=VECTOR('',#3839,1.);
#1863=VECTOR('',#3840,1.);
#1864=VECTOR('',#3843,1.);
#1865=VECTOR('',#3844,1.);
#1866=VECTOR('',#3847,1.);
#1867=VECTOR('',#3848,1.);
#1868=VECTOR('',#3849,1.);
#1869=VECTOR('',#3850,1.);
#1870=VECTOR('',#3853,1.);
#1871=VECTOR('',#3854,1.);
#1872=VECTOR('',#3855,1.);
#1873=VECTOR('',#3858,1.);
#1874=VECTOR('',#3859,1.);
#1875=VECTOR('',#3862,1.);
#1876=VECTOR('',#3863,1.);
#1877=VECTOR('',#3866,1.);
#1878=VECTOR('',#3869,1.);
#1879=VECTOR('',#3870,1.);
#1880=VECTOR('',#3871,1.);
#1881=VECTOR('',#3874,1.);
#1882=VECTOR('',#3875,1.);
#1883=VECTOR('',#3878,1.);
#1884=VECTOR('',#3879,1.);
#1885=VECTOR('',#3882,1.);
#1886=VECTOR('',#3929,1.);
#1887=VECTOR('',#3930,1.);
#1888=VECTOR('',#3931,1.);
#1889=VECTOR('',#3932,1.);
#1890=VECTOR('',#3935,1.);
#1891=VECTOR('',#3936,1.);
#1892=VECTOR('',#3937,1.);
#1893=VECTOR('',#3938,1.);
#1894=VECTOR('',#3959,1.);
#1895=VECTOR('',#3960,1.);
#1896=VECTOR('',#3961,1.);
#1897=VECTOR('',#3962,1.);
#1898=VECTOR('',#3965,1.);
#1899=VECTOR('',#3966,1.);
#1900=VECTOR('',#3967,1.);
#1901=VECTOR('',#3970,1.);
#1902=VECTOR('',#3971,1.);
#1903=VECTOR('',#3972,1.);
#1904=VECTOR('',#3973,1.);
#1905=VECTOR('',#3976,1.);
#1906=VECTOR('',#3977,1.);
#1907=VECTOR('',#3978,1.);
#1908=VECTOR('',#3981,1.);
#1909=VECTOR('',#3982,1.);
#1910=VECTOR('',#3983,1.);
#1911=VECTOR('',#3986,1.);
#1912=VECTOR('',#3987,1.);
#1913=VECTOR('',#3988,1.);
#1914=VECTOR('',#3991,1.);
#1915=VECTOR('',#3992,1.);
#1916=VECTOR('',#3995,1.);
#1917=VECTOR('',#3996,1.);
#1918=VECTOR('',#3999,1.);
#1919=VECTOR('',#4000,1.);
#1920=VECTOR('',#4001,1.);
#1921=VECTOR('',#4002,1.);
#1922=VECTOR('',#4003,1.);
#1923=VECTOR('',#4038,1.);
#1924=VECTOR('',#4039,1.);
#1925=VECTOR('',#4040,1.);
#1926=VECTOR('',#4055,1.);
#1927=VECTOR('',#4056,1.);
#1928=VECTOR('',#4057,1.);
#1929=VECTOR('',#4058,1.);
#1930=VECTOR('',#4059,1.);
#1931=VECTOR('',#4062,1.);
#1932=VECTOR('',#4063,1.);
#1933=VECTOR('',#4066,1.);
#1934=VECTOR('',#4067,1.);
#1935=VECTOR('',#4068,1.);
#1936=VECTOR('',#4069,1.);
#1937=VECTOR('',#4070,1.);
#1938=VECTOR('',#4071,1.);
#1939=VECTOR('',#4072,1.);
#1940=VECTOR('',#4073,1.);
#1941=VECTOR('',#4120,1.);
#1942=VECTOR('',#4121,1.);
#1943=VECTOR('',#4122,1.);
#1944=VECTOR('',#4123,1.);
#1945=VECTOR('',#4170,1.);
#1946=VECTOR('',#4171,1.);
#1947=VECTOR('',#4172,1.);
#1948=VECTOR('',#4173,1.);
#1949=VECTOR('',#4176,1.);
#1950=VECTOR('',#4177,1.);
#1951=VECTOR('',#4178,1.);
#1952=VECTOR('',#4181,1.);
#1953=VECTOR('',#4182,1.);
#1954=VECTOR('',#4185,1.);
#1955=VECTOR('',#4186,1.);
#1956=VECTOR('',#4187,1.);
#1957=VECTOR('',#4190,1.);
#1958=VECTOR('',#4191,1.);
#1959=VECTOR('',#4192,1.);
#1960=VECTOR('',#4195,1.);
#1961=VECTOR('',#4196,1.);
#1962=VECTOR('',#4199,1.);
#1963=VECTOR('',#4200,1.);
#1964=VECTOR('',#4203,1.);
#1965=VECTOR('',#4204,1.);
#1966=VECTOR('',#4205,1.);
#1967=VECTOR('',#4208,1.);
#1968=VECTOR('',#4209,1.);
#1969=VECTOR('',#4212,1.);
#1970=VECTOR('',#4215,1.);
#1971=VECTOR('',#4216,1.);
#1972=VECTOR('',#4217,1.);
#1973=VECTOR('',#4220,1.);
#1974=VECTOR('',#4221,1.);
#1975=VECTOR('',#4222,1.);
#1976=VECTOR('',#4225,1.);
#1977=VECTOR('',#4226,1.);
#1978=VECTOR('',#4227,1.);
#1979=VECTOR('',#4228,1.);
#1980=VECTOR('',#4231,1.);
#1981=VECTOR('',#4232,1.);
#1982=VECTOR('',#4233,1.);
#1983=VECTOR('',#4236,1.);
#1984=VECTOR('',#4237,1.);
#1985=VECTOR('',#4238,1.);
#1986=VECTOR('',#4241,1.);
#1987=VECTOR('',#4242,1.);
#1988=VECTOR('',#4245,1.);
#1989=VECTOR('',#4246,1.);
#1990=VECTOR('',#4249,1.);
#1991=VECTOR('',#4254,1.);
#1992=VECTOR('',#4255,1.);
#1993=VECTOR('',#4258,1.);
#1994=VECTOR('',#4259,1.);
#1995=VECTOR('',#4264,1.);
#1996=VECTOR('',#4269,1.);
#1997=VECTOR('',#4274,1.);
#1998=VECTOR('',#4275,1.);
#1999=VECTOR('',#4278,1.);
#2000=VECTOR('',#4281,1.);
#2001=VECTOR('',#4282,1.);
#2002=VECTOR('',#4283,1.);
#2003=VECTOR('',#4286,1.);
#2004=VECTOR('',#4287,1.);
#2005=VECTOR('',#4288,1.);
#2006=VECTOR('',#4289,1.);
#2007=VECTOR('',#4380,1.);
#2008=VECTOR('',#4385,1.);
#2009=VECTOR('',#4386,1.);
#2010=EDGE_LOOP('',(#240,#241,#242,#243,#244,#245,#246,#247,#248,#249));
#2011=EDGE_LOOP('',(#250,#251,#252,#253,#254));
#2012=EDGE_LOOP('',(#255,#256,#257,#258,#259,#260,#261));
#2013=EDGE_LOOP('',(#262,#263,#264,#265));
#2014=EDGE_LOOP('',(#266,#267,#268,#269));
#2015=EDGE_LOOP('',(#270));
#2016=EDGE_LOOP('',(#271));
#2017=EDGE_LOOP('',(#272));
#2018=EDGE_LOOP('',(#273));
#2019=EDGE_LOOP('',(#274));
#2020=EDGE_LOOP('',(#275));
#2021=EDGE_LOOP('',(#276));
#2022=EDGE_LOOP('',(#277));
#2023=EDGE_LOOP('',(#278));
#2024=EDGE_LOOP('',(#279));
#2025=EDGE_LOOP('',(#280));
#2026=EDGE_LOOP('',(#281));
#2027=EDGE_LOOP('',(#282));
#2028=EDGE_LOOP('',(#283));
#2029=EDGE_LOOP('',(#284,#285,#286,#287));
#2030=EDGE_LOOP('',(#288,#289,#290,#291));
#2031=EDGE_LOOP('',(#292));
#2032=EDGE_LOOP('',(#293));
#2033=EDGE_LOOP('',(#294));
#2034=EDGE_LOOP('',(#295));
#2035=EDGE_LOOP('',(#296));
#2036=EDGE_LOOP('',(#297));
#2037=EDGE_LOOP('',(#298));
#2038=EDGE_LOOP('',(#299));
#2039=EDGE_LOOP('',(#300));
#2040=EDGE_LOOP('',(#301));
#2041=EDGE_LOOP('',(#302));
#2042=EDGE_LOOP('',(#303,#304,#305,#306));
#2043=EDGE_LOOP('',(#307));
#2044=EDGE_LOOP('',(#308));
#2045=EDGE_LOOP('',(#309));
#2046=EDGE_LOOP('',(#310));
#2047=EDGE_LOOP('',(#311));
#2048=EDGE_LOOP('',(#312));
#2049=EDGE_LOOP('',(#313));
#2050=EDGE_LOOP('',(#314));
#2051=EDGE_LOOP('',(#315));
#2052=EDGE_LOOP('',(#316));
#2053=EDGE_LOOP('',(#317));
#2054=EDGE_LOOP('',(#318));
#2055=EDGE_LOOP('',(#319));
#2056=EDGE_LOOP('',(#320));
#2057=EDGE_LOOP('',(#321));
#2058=EDGE_LOOP('',(#322));
#2059=EDGE_LOOP('',(#323));
#2060=EDGE_LOOP('',(#324));
#2061=EDGE_LOOP('',(#325));
#2062=EDGE_LOOP('',(#326));
#2063=EDGE_LOOP('',(#327));
#2064=EDGE_LOOP('',(#328));
#2065=EDGE_LOOP('',(#329));
#2066=EDGE_LOOP('',(#330));
#2067=EDGE_LOOP('',(#331));
#2068=EDGE_LOOP('',(#332));
#2069=EDGE_LOOP('',(#333));
#2070=EDGE_LOOP('',(#334));
#2071=EDGE_LOOP('',(#335));
#2072=EDGE_LOOP('',(#336));
#2073=EDGE_LOOP('',(#337));
#2074=EDGE_LOOP('',(#338));
#2075=EDGE_LOOP('',(#339));
#2076=EDGE_LOOP('',(#340));
#2077=EDGE_LOOP('',(#341));
#2078=EDGE_LOOP('',(#342));
#2079=EDGE_LOOP('',(#343));
#2080=EDGE_LOOP('',(#344));
#2081=EDGE_LOOP('',(#345));
#2082=EDGE_LOOP('',(#346));
#2083=EDGE_LOOP('',(#347));
#2084=EDGE_LOOP('',(#348));
#2085=EDGE_LOOP('',(#349));
#2086=EDGE_LOOP('',(#350));
#2087=EDGE_LOOP('',(#351));
#2088=EDGE_LOOP('',(#352));
#2089=EDGE_LOOP('',(#353));
#2090=EDGE_LOOP('',(#354));
#2091=EDGE_LOOP('',(#355));
#2092=EDGE_LOOP('',(#356));
#2093=EDGE_LOOP('',(#357));
#2094=EDGE_LOOP('',(#358));
#2095=EDGE_LOOP('',(#359));
#2096=EDGE_LOOP('',(#360));
#2097=EDGE_LOOP('',(#361));
#2098=EDGE_LOOP('',(#362));
#2099=EDGE_LOOP('',(#363));
#2100=EDGE_LOOP('',(#364));
#2101=EDGE_LOOP('',(#365));
#2102=EDGE_LOOP('',(#366));
#2103=EDGE_LOOP('',(#367));
#2104=EDGE_LOOP('',(#368,#369,#370,#371));
#2105=EDGE_LOOP('',(#372,#373));
#2106=EDGE_LOOP('',(#374,#375));
#2107=EDGE_LOOP('',(#376,#377,#378,#379,#380,#381,#382,#383,#384,#385,#386,
#387));
#2108=EDGE_LOOP('',(#388,#389,#390));
#2109=EDGE_LOOP('',(#391,#392,#393,#394));
#2110=EDGE_LOOP('',(#395,#396,#397,#398));
#2111=EDGE_LOOP('',(#399,#400,#401,#402));
#2112=EDGE_LOOP('',(#403,#404,#405,#406,#407,#408));
#2113=EDGE_LOOP('',(#409,#410,#411,#412));
#2114=EDGE_LOOP('',(#413,#414,#415,#416));
#2115=EDGE_LOOP('',(#417,#418,#419,#420));
#2116=EDGE_LOOP('',(#421,#422,#423,#424));
#2117=EDGE_LOOP('',(#425,#426,#427,#428));
#2118=EDGE_LOOP('',(#429,#430,#431,#432));
#2119=EDGE_LOOP('',(#433,#434,#435,#436));
#2120=EDGE_LOOP('',(#437,#438,#439,#440));
#2121=EDGE_LOOP('',(#441));
#2122=EDGE_LOOP('',(#442));
#2123=EDGE_LOOP('',(#443));
#2124=EDGE_LOOP('',(#444));
#2125=EDGE_LOOP('',(#445));
#2126=EDGE_LOOP('',(#446));
#2127=EDGE_LOOP('',(#447));
#2128=EDGE_LOOP('',(#448));
#2129=EDGE_LOOP('',(#449));
#2130=EDGE_LOOP('',(#450));
#2131=EDGE_LOOP('',(#451));
#2132=EDGE_LOOP('',(#452));
#2133=EDGE_LOOP('',(#453));
#2134=EDGE_LOOP('',(#454));
#2135=EDGE_LOOP('',(#455));
#2136=EDGE_LOOP('',(#456));
#2137=EDGE_LOOP('',(#457));
#2138=EDGE_LOOP('',(#458));
#2139=EDGE_LOOP('',(#459));
#2140=EDGE_LOOP('',(#460));
#2141=EDGE_LOOP('',(#461));
#2142=EDGE_LOOP('',(#462));
#2143=EDGE_LOOP('',(#463,#464,#465,#466,#467,#468,#469,#470));
#2144=EDGE_LOOP('',(#471,#472,#473,#474,#475,#476,#477,#478));
#2145=EDGE_LOOP('',(#479));
#2146=EDGE_LOOP('',(#480));
#2147=EDGE_LOOP('',(#481));
#2148=EDGE_LOOP('',(#482));
#2149=EDGE_LOOP('',(#483));
#2150=EDGE_LOOP('',(#484));
#2151=EDGE_LOOP('',(#485,#486,#487,#488));
#2152=EDGE_LOOP('',(#489,#490,#491,#492));
#2153=EDGE_LOOP('',(#493,#494,#495,#496));
#2154=EDGE_LOOP('',(#497,#498,#499,#500));
#2155=EDGE_LOOP('',(#501,#502,#503,#504));
#2156=EDGE_LOOP('',(#505,#506,#507,#508,#509,#510));
#2157=EDGE_LOOP('',(#511,#512,#513,#514));
#2158=EDGE_LOOP('',(#515,#516,#517,#518));
#2159=EDGE_LOOP('',(#519,#520,#521,#522,#523,#524));
#2160=EDGE_LOOP('',(#525));
#2161=EDGE_LOOP('',(#526));
#2162=EDGE_LOOP('',(#527));
#2163=EDGE_LOOP('',(#528));
#2164=EDGE_LOOP('',(#529));
#2165=EDGE_LOOP('',(#530));
#2166=EDGE_LOOP('',(#531));
#2167=EDGE_LOOP('',(#532));
#2168=EDGE_LOOP('',(#533));
#2169=EDGE_LOOP('',(#534));
#2170=EDGE_LOOP('',(#535));
#2171=EDGE_LOOP('',(#536));
#2172=EDGE_LOOP('',(#537));
#2173=EDGE_LOOP('',(#538));
#2174=EDGE_LOOP('',(#539));
#2175=EDGE_LOOP('',(#540));
#2176=EDGE_LOOP('',(#541,#542,#543,#544));
#2177=EDGE_LOOP('',(#545));
#2178=EDGE_LOOP('',(#546));
#2179=EDGE_LOOP('',(#547));
#2180=EDGE_LOOP('',(#548));
#2181=EDGE_LOOP('',(#549));
#2182=EDGE_LOOP('',(#550));
#2183=EDGE_LOOP('',(#551,#552,#553,#554,#555,#556,#557,#558));
#2184=EDGE_LOOP('',(#559,#560,#561,#562));
#2185=EDGE_LOOP('',(#563));
#2186=EDGE_LOOP('',(#564));
#2187=EDGE_LOOP('',(#565,#566,#567,#568,#569,#570,#571,#572,#573,#574,#575,
#576,#577,#578,#579));
#2188=EDGE_LOOP('',(#580));
#2189=EDGE_LOOP('',(#581));
#2190=EDGE_LOOP('',(#582));
#2191=EDGE_LOOP('',(#583));
#2192=EDGE_LOOP('',(#584));
#2193=EDGE_LOOP('',(#585));
#2194=EDGE_LOOP('',(#586));
#2195=EDGE_LOOP('',(#587));
#2196=EDGE_LOOP('',(#588));
#2197=EDGE_LOOP('',(#589));
#2198=EDGE_LOOP('',(#590));
#2199=EDGE_LOOP('',(#591));
#2200=EDGE_LOOP('',(#592));
#2201=EDGE_LOOP('',(#593));
#2202=EDGE_LOOP('',(#594));
#2203=EDGE_LOOP('',(#595));
#2204=EDGE_LOOP('',(#596));
#2205=EDGE_LOOP('',(#597));
#2206=EDGE_LOOP('',(#598));
#2207=EDGE_LOOP('',(#599));
#2208=EDGE_LOOP('',(#600));
#2209=EDGE_LOOP('',(#601));
#2210=EDGE_LOOP('',(#602));
#2211=EDGE_LOOP('',(#603));
#2212=EDGE_LOOP('',(#604));
#2213=EDGE_LOOP('',(#605));
#2214=EDGE_LOOP('',(#606));
#2215=EDGE_LOOP('',(#607));
#2216=EDGE_LOOP('',(#608));
#2217=EDGE_LOOP('',(#609));
#2218=EDGE_LOOP('',(#610));
#2219=EDGE_LOOP('',(#611));
#2220=EDGE_LOOP('',(#612));
#2221=EDGE_LOOP('',(#613));
#2222=EDGE_LOOP('',(#614,#615,#616,#617));
#2223=EDGE_LOOP('',(#618));
#2224=EDGE_LOOP('',(#619));
#2225=EDGE_LOOP('',(#620));
#2226=EDGE_LOOP('',(#621));
#2227=EDGE_LOOP('',(#622));
#2228=EDGE_LOOP('',(#623));
#2229=EDGE_LOOP('',(#624));
#2230=EDGE_LOOP('',(#625));
#2231=EDGE_LOOP('',(#626));
#2232=EDGE_LOOP('',(#627));
#2233=EDGE_LOOP('',(#628));
#2234=EDGE_LOOP('',(#629));
#2235=EDGE_LOOP('',(#630));
#2236=EDGE_LOOP('',(#631));
#2237=EDGE_LOOP('',(#632));
#2238=EDGE_LOOP('',(#633));
#2239=EDGE_LOOP('',(#634));
#2240=EDGE_LOOP('',(#635));
#2241=EDGE_LOOP('',(#636));
#2242=EDGE_LOOP('',(#637));
#2243=EDGE_LOOP('',(#638));
#2244=EDGE_LOOP('',(#639));
#2245=EDGE_LOOP('',(#640,#641,#642,#643));
#2246=EDGE_LOOP('',(#644,#645,#646,#647));
#2247=EDGE_LOOP('',(#648,#649,#650));
#2248=EDGE_LOOP('',(#651,#652,#653,#654));
#2249=EDGE_LOOP('',(#655,#656,#657,#658));
#2250=EDGE_LOOP('',(#659,#660,#661,#662));
#2251=EDGE_LOOP('',(#663));
#2252=EDGE_LOOP('',(#664));
#2253=EDGE_LOOP('',(#665));
#2254=EDGE_LOOP('',(#666,#667,#668,#669,#670));
#2255=EDGE_LOOP('',(#671,#672,#673,#674));
#2256=EDGE_LOOP('',(#675,#676,#677,#678));
#2257=EDGE_LOOP('',(#679));
#2258=EDGE_LOOP('',(#680));
#2259=EDGE_LOOP('',(#681));
#2260=EDGE_LOOP('',(#682));
#2261=EDGE_LOOP('',(#683));
#2262=EDGE_LOOP('',(#684));
#2263=EDGE_LOOP('',(#685));
#2264=EDGE_LOOP('',(#686));
#2265=EDGE_LOOP('',(#687,#688,#689,#690,#691,#692,#693,#694,#695,#696,#697,
#698,#699,#700,#701,#702,#703));
#2266=EDGE_LOOP('',(#704));
#2267=EDGE_LOOP('',(#705));
#2268=EDGE_LOOP('',(#706));
#2269=EDGE_LOOP('',(#707));
#2270=EDGE_LOOP('',(#708));
#2271=EDGE_LOOP('',(#709));
#2272=EDGE_LOOP('',(#710));
#2273=EDGE_LOOP('',(#711));
#2274=EDGE_LOOP('',(#712));
#2275=EDGE_LOOP('',(#713));
#2276=EDGE_LOOP('',(#714));
#2277=EDGE_LOOP('',(#715,#716,#717,#718));
#2278=EDGE_LOOP('',(#719));
#2279=EDGE_LOOP('',(#720));
#2280=EDGE_LOOP('',(#721));
#2281=EDGE_LOOP('',(#722));
#2282=EDGE_LOOP('',(#723));
#2283=EDGE_LOOP('',(#724));
#2284=EDGE_LOOP('',(#725));
#2285=EDGE_LOOP('',(#726));
#2286=EDGE_LOOP('',(#727));
#2287=EDGE_LOOP('',(#728));
#2288=EDGE_LOOP('',(#729));
#2289=EDGE_LOOP('',(#730,#731,#732,#733));
#2290=EDGE_LOOP('',(#734,#735,#736,#737,#738,#739,#740,#741));
#2291=EDGE_LOOP('',(#742,#743,#744,#745));
#2292=EDGE_LOOP('',(#746,#747,#748,#749,#750,#751,#752,#753,#754));
#2293=EDGE_LOOP('',(#755,#756,#757,#758));
#2294=EDGE_LOOP('',(#759,#760,#761,#762,#763,#764,#765,#766,#767,#768,#769,
#770,#771,#772,#773));
#2295=EDGE_LOOP('',(#774));
#2296=EDGE_LOOP('',(#775));
#2297=EDGE_LOOP('',(#776));
#2298=EDGE_LOOP('',(#777,#778,#779,#780));
#2299=EDGE_LOOP('',(#781,#782,#783,#784));
#2300=EDGE_LOOP('',(#785,#786,#787,#788));
#2301=EDGE_LOOP('',(#789,#790,#791,#792));
#2302=EDGE_LOOP('',(#793));
#2303=EDGE_LOOP('',(#794));
#2304=EDGE_LOOP('',(#795));
#2305=EDGE_LOOP('',(#796));
#2306=EDGE_LOOP('',(#797));
#2307=EDGE_LOOP('',(#798));
#2308=EDGE_LOOP('',(#799));
#2309=EDGE_LOOP('',(#800));
#2310=EDGE_LOOP('',(#801));
#2311=EDGE_LOOP('',(#802));
#2312=EDGE_LOOP('',(#803));
#2313=EDGE_LOOP('',(#804,#805,#806,#807));
#2314=EDGE_LOOP('',(#808,#809,#810,#811));
#2315=EDGE_LOOP('',(#812,#813,#814,#815));
#2316=EDGE_LOOP('',(#816,#817,#818,#819,#820,#821,#822,#823,#824,#825,#826,
#827,#828));
#2317=EDGE_LOOP('',(#829));
#2318=EDGE_LOOP('',(#830));
#2319=EDGE_LOOP('',(#831));
#2320=EDGE_LOOP('',(#832,#833,#834,#835,#836,#837,#838,#839,#840,#841,#842,
#843,#844,#845,#846,#847,#848,#849,#850,#851,#852,#853,#854,#855,#856,#857,
#858,#859,#860,#861,#862,#863,#864,#865));
#2321=EDGE_LOOP('',(#866));
#2322=EDGE_LOOP('',(#867));
#2323=EDGE_LOOP('',(#868));
#2324=EDGE_LOOP('',(#869));
#2325=EDGE_LOOP('',(#870));
#2326=EDGE_LOOP('',(#871,#872,#873,#874,#875,#876,#877,#878,#879,#880,#881,
#882,#883));
#2327=EDGE_LOOP('',(#884));
#2328=EDGE_LOOP('',(#885));
#2329=EDGE_LOOP('',(#886));
#2330=EDGE_LOOP('',(#887,#888,#889,#890,#891,#892,#893,#894,#895));
#2331=EDGE_LOOP('',(#896));
#2332=EDGE_LOOP('',(#897));
#2333=EDGE_LOOP('',(#898,#899,#900,#901));
#2334=EDGE_LOOP('',(#902,#903,#904,#905));
#2335=EDGE_LOOP('',(#906));
#2336=EDGE_LOOP('',(#907));
#2337=EDGE_LOOP('',(#908));
#2338=EDGE_LOOP('',(#909));
#2339=EDGE_LOOP('',(#910));
#2340=EDGE_LOOP('',(#911));
#2341=EDGE_LOOP('',(#912));
#2342=EDGE_LOOP('',(#913));
#2343=EDGE_LOOP('',(#914));
#2344=EDGE_LOOP('',(#915));
#2345=EDGE_LOOP('',(#916));
#2346=EDGE_LOOP('',(#917));
#2347=EDGE_LOOP('',(#918));
#2348=EDGE_LOOP('',(#919));
#2349=EDGE_LOOP('',(#920));
#2350=EDGE_LOOP('',(#921));
#2351=EDGE_LOOP('',(#922));
#2352=EDGE_LOOP('',(#923));
#2353=EDGE_LOOP('',(#924));
#2354=EDGE_LOOP('',(#925));
#2355=EDGE_LOOP('',(#926));
#2356=EDGE_LOOP('',(#927));
#2357=EDGE_LOOP('',(#928));
#2358=EDGE_LOOP('',(#929));
#2359=EDGE_LOOP('',(#930));
#2360=EDGE_LOOP('',(#931));
#2361=EDGE_LOOP('',(#932));
#2362=EDGE_LOOP('',(#933));
#2363=EDGE_LOOP('',(#934));
#2364=EDGE_LOOP('',(#935));
#2365=EDGE_LOOP('',(#936,#937,#938,#939));
#2366=EDGE_LOOP('',(#940,#941,#942,#943));
#2367=EDGE_LOOP('',(#944,#945,#946,#947));
#2368=EDGE_LOOP('',(#948,#949,#950,#951));
#2369=EDGE_LOOP('',(#952,#953,#954,#955));
#2370=FACE_BOUND('',#2010,.T.);
#2371=FACE_BOUND('',#2011,.T.);
#2372=FACE_BOUND('',#2012,.T.);
#2373=FACE_BOUND('',#2013,.T.);
#2374=FACE_BOUND('',#2014,.T.);
#2375=FACE_BOUND('',#2015,.T.);
#2376=FACE_BOUND('',#2016,.T.);
#2377=FACE_BOUND('',#2017,.T.);
#2378=FACE_BOUND('',#2018,.T.);
#2379=FACE_BOUND('',#2019,.T.);
#2380=FACE_BOUND('',#2020,.T.);
#2381=FACE_BOUND('',#2021,.T.);
#2382=FACE_BOUND('',#2022,.T.);
#2383=FACE_BOUND('',#2023,.T.);
#2384=FACE_BOUND('',#2024,.T.);
#2385=FACE_BOUND('',#2025,.T.);
#2386=FACE_BOUND('',#2026,.T.);
#2387=FACE_BOUND('',#2027,.T.);
#2388=FACE_BOUND('',#2028,.T.);
#2389=FACE_BOUND('',#2029,.T.);
#2390=FACE_BOUND('',#2030,.T.);
#2391=FACE_BOUND('',#2031,.T.);
#2392=FACE_BOUND('',#2032,.T.);
#2393=FACE_BOUND('',#2033,.T.);
#2394=FACE_BOUND('',#2034,.T.);
#2395=FACE_BOUND('',#2035,.T.);
#2396=FACE_BOUND('',#2036,.T.);
#2397=FACE_BOUND('',#2037,.T.);
#2398=FACE_BOUND('',#2038,.T.);
#2399=FACE_BOUND('',#2039,.T.);
#2400=FACE_BOUND('',#2040,.T.);
#2401=FACE_BOUND('',#2041,.T.);
#2402=FACE_BOUND('',#2042,.T.);
#2403=FACE_BOUND('',#2043,.T.);
#2404=FACE_BOUND('',#2044,.T.);
#2405=FACE_BOUND('',#2045,.T.);
#2406=FACE_BOUND('',#2046,.T.);
#2407=FACE_BOUND('',#2047,.T.);
#2408=FACE_BOUND('',#2048,.T.);
#2409=FACE_BOUND('',#2049,.T.);
#2410=FACE_BOUND('',#2050,.T.);
#2411=FACE_BOUND('',#2051,.T.);
#2412=FACE_BOUND('',#2052,.T.);
#2413=FACE_BOUND('',#2053,.T.);
#2414=FACE_BOUND('',#2054,.T.);
#2415=FACE_BOUND('',#2055,.T.);
#2416=FACE_BOUND('',#2056,.T.);
#2417=FACE_BOUND('',#2057,.T.);
#2418=FACE_BOUND('',#2058,.T.);
#2419=FACE_BOUND('',#2059,.T.);
#2420=FACE_BOUND('',#2060,.T.);
#2421=FACE_BOUND('',#2061,.T.);
#2422=FACE_BOUND('',#2062,.T.);
#2423=FACE_BOUND('',#2063,.T.);
#2424=FACE_BOUND('',#2064,.T.);
#2425=FACE_BOUND('',#2065,.T.);
#2426=FACE_BOUND('',#2066,.T.);
#2427=FACE_BOUND('',#2067,.T.);
#2428=FACE_BOUND('',#2068,.T.);
#2429=FACE_BOUND('',#2069,.T.);
#2430=FACE_BOUND('',#2070,.T.);
#2431=FACE_BOUND('',#2071,.T.);
#2432=FACE_BOUND('',#2072,.T.);
#2433=FACE_BOUND('',#2073,.T.);
#2434=FACE_BOUND('',#2074,.T.);
#2435=FACE_BOUND('',#2075,.T.);
#2436=FACE_BOUND('',#2076,.T.);
#2437=FACE_BOUND('',#2077,.T.);
#2438=FACE_BOUND('',#2078,.T.);
#2439=FACE_BOUND('',#2079,.T.);
#2440=FACE_BOUND('',#2080,.T.);
#2441=FACE_BOUND('',#2081,.T.);
#2442=FACE_BOUND('',#2082,.T.);
#2443=FACE_BOUND('',#2083,.T.);
#2444=FACE_BOUND('',#2084,.T.);
#2445=FACE_BOUND('',#2085,.T.);
#2446=FACE_BOUND('',#2086,.T.);
#2447=FACE_BOUND('',#2087,.T.);
#2448=FACE_BOUND('',#2088,.T.);
#2449=FACE_BOUND('',#2089,.T.);
#2450=FACE_BOUND('',#2090,.T.);
#2451=FACE_BOUND('',#2091,.T.);
#2452=FACE_BOUND('',#2092,.T.);
#2453=FACE_BOUND('',#2093,.T.);
#2454=FACE_BOUND('',#2094,.T.);
#2455=FACE_BOUND('',#2095,.T.);
#2456=FACE_BOUND('',#2096,.T.);
#2457=FACE_BOUND('',#2097,.T.);
#2458=FACE_BOUND('',#2098,.T.);
#2459=FACE_BOUND('',#2099,.T.);
#2460=FACE_BOUND('',#2100,.T.);
#2461=FACE_BOUND('',#2101,.T.);
#2462=FACE_BOUND('',#2102,.T.);
#2463=FACE_BOUND('',#2103,.T.);
#2464=FACE_BOUND('',#2104,.T.);
#2465=FACE_BOUND('',#2105,.T.);
#2466=FACE_BOUND('',#2106,.T.);
#2467=FACE_BOUND('',#2107,.T.);
#2468=FACE_BOUND('',#2108,.T.);
#2469=FACE_BOUND('',#2109,.T.);
#2470=FACE_BOUND('',#2110,.T.);
#2471=FACE_BOUND('',#2111,.T.);
#2472=FACE_BOUND('',#2112,.T.);
#2473=FACE_BOUND('',#2113,.T.);
#2474=FACE_BOUND('',#2114,.T.);
#2475=FACE_BOUND('',#2115,.T.);
#2476=FACE_BOUND('',#2116,.T.);
#2477=FACE_BOUND('',#2117,.T.);
#2478=FACE_BOUND('',#2118,.T.);
#2479=FACE_BOUND('',#2119,.T.);
#2480=FACE_BOUND('',#2120,.T.);
#2481=FACE_BOUND('',#2121,.T.);
#2482=FACE_BOUND('',#2122,.T.);
#2483=FACE_BOUND('',#2123,.T.);
#2484=FACE_BOUND('',#2124,.T.);
#2485=FACE_BOUND('',#2125,.T.);
#2486=FACE_BOUND('',#2126,.T.);
#2487=FACE_BOUND('',#2127,.T.);
#2488=FACE_BOUND('',#2128,.T.);
#2489=FACE_BOUND('',#2129,.T.);
#2490=FACE_BOUND('',#2130,.T.);
#2491=FACE_BOUND('',#2131,.T.);
#2492=FACE_BOUND('',#2132,.T.);
#2493=FACE_BOUND('',#2133,.T.);
#2494=FACE_BOUND('',#2134,.T.);
#2495=FACE_BOUND('',#2135,.T.);
#2496=FACE_BOUND('',#2136,.T.);
#2497=FACE_BOUND('',#2137,.T.);
#2498=FACE_BOUND('',#2138,.T.);
#2499=FACE_BOUND('',#2139,.T.);
#2500=FACE_BOUND('',#2140,.T.);
#2501=FACE_BOUND('',#2141,.T.);
#2502=FACE_BOUND('',#2142,.T.);
#2503=FACE_BOUND('',#2143,.T.);
#2504=FACE_BOUND('',#2144,.T.);
#2505=FACE_BOUND('',#2145,.T.);
#2506=FACE_BOUND('',#2146,.T.);
#2507=FACE_BOUND('',#2147,.T.);
#2508=FACE_BOUND('',#2148,.T.);
#2509=FACE_BOUND('',#2149,.T.);
#2510=FACE_BOUND('',#2150,.T.);
#2511=FACE_BOUND('',#2151,.T.);
#2512=FACE_BOUND('',#2152,.T.);
#2513=FACE_BOUND('',#2153,.T.);
#2514=FACE_BOUND('',#2154,.T.);
#2515=FACE_BOUND('',#2155,.T.);
#2516=FACE_BOUND('',#2156,.T.);
#2517=FACE_BOUND('',#2157,.T.);
#2518=FACE_BOUND('',#2158,.T.);
#2519=FACE_BOUND('',#2159,.T.);
#2520=FACE_BOUND('',#2160,.T.);
#2521=FACE_BOUND('',#2161,.T.);
#2522=FACE_BOUND('',#2162,.T.);
#2523=FACE_BOUND('',#2163,.T.);
#2524=FACE_BOUND('',#2164,.T.);
#2525=FACE_BOUND('',#2165,.T.);
#2526=FACE_BOUND('',#2166,.T.);
#2527=FACE_BOUND('',#2167,.T.);
#2528=FACE_BOUND('',#2168,.T.);
#2529=FACE_BOUND('',#2169,.T.);
#2530=FACE_BOUND('',#2170,.T.);
#2531=FACE_BOUND('',#2171,.T.);
#2532=FACE_BOUND('',#2172,.T.);
#2533=FACE_BOUND('',#2173,.T.);
#2534=FACE_BOUND('',#2174,.T.);
#2535=FACE_BOUND('',#2175,.T.);
#2536=FACE_BOUND('',#2176,.T.);
#2537=FACE_BOUND('',#2177,.T.);
#2538=FACE_BOUND('',#2178,.T.);
#2539=FACE_BOUND('',#2179,.T.);
#2540=FACE_BOUND('',#2180,.T.);
#2541=FACE_BOUND('',#2181,.T.);
#2542=FACE_BOUND('',#2182,.T.);
#2543=FACE_BOUND('',#2183,.T.);
#2544=FACE_BOUND('',#2184,.T.);
#2545=FACE_BOUND('',#2185,.T.);
#2546=FACE_BOUND('',#2186,.T.);
#2547=FACE_BOUND('',#2187,.T.);
#2548=FACE_BOUND('',#2188,.T.);
#2549=FACE_BOUND('',#2189,.T.);
#2550=FACE_BOUND('',#2190,.T.);
#2551=FACE_BOUND('',#2191,.T.);
#2552=FACE_BOUND('',#2192,.T.);
#2553=FACE_BOUND('',#2193,.T.);
#2554=FACE_BOUND('',#2194,.T.);
#2555=FACE_BOUND('',#2195,.T.);
#2556=FACE_BOUND('',#2196,.T.);
#2557=FACE_BOUND('',#2197,.T.);
#2558=FACE_BOUND('',#2198,.T.);
#2559=FACE_BOUND('',#2199,.T.);
#2560=FACE_BOUND('',#2200,.T.);
#2561=FACE_BOUND('',#2201,.T.);
#2562=FACE_BOUND('',#2202,.T.);
#2563=FACE_BOUND('',#2203,.T.);
#2564=FACE_BOUND('',#2204,.T.);
#2565=FACE_BOUND('',#2205,.T.);
#2566=FACE_BOUND('',#2206,.T.);
#2567=FACE_BOUND('',#2207,.T.);
#2568=FACE_BOUND('',#2208,.T.);
#2569=FACE_BOUND('',#2209,.T.);
#2570=FACE_BOUND('',#2210,.T.);
#2571=FACE_BOUND('',#2211,.T.);
#2572=FACE_BOUND('',#2212,.T.);
#2573=FACE_BOUND('',#2213,.T.);
#2574=FACE_BOUND('',#2214,.T.);
#2575=FACE_BOUND('',#2215,.T.);
#2576=FACE_BOUND('',#2216,.T.);
#2577=FACE_BOUND('',#2217,.T.);
#2578=FACE_BOUND('',#2218,.T.);
#2579=FACE_BOUND('',#2219,.T.);
#2580=FACE_BOUND('',#2220,.T.);
#2581=FACE_BOUND('',#2221,.T.);
#2582=FACE_BOUND('',#2222,.T.);
#2583=FACE_BOUND('',#2223,.T.);
#2584=FACE_BOUND('',#2224,.T.);
#2585=FACE_BOUND('',#2225,.T.);
#2586=FACE_BOUND('',#2226,.T.);
#2587=FACE_BOUND('',#2227,.T.);
#2588=FACE_BOUND('',#2228,.T.);
#2589=FACE_BOUND('',#2229,.T.);
#2590=FACE_BOUND('',#2230,.T.);
#2591=FACE_BOUND('',#2231,.T.);
#2592=FACE_BOUND('',#2232,.T.);
#2593=FACE_BOUND('',#2233,.T.);
#2594=FACE_BOUND('',#2234,.T.);
#2595=FACE_BOUND('',#2235,.T.);
#2596=FACE_BOUND('',#2236,.T.);
#2597=FACE_BOUND('',#2237,.T.);
#2598=FACE_BOUND('',#2238,.T.);
#2599=FACE_BOUND('',#2239,.T.);
#2600=FACE_BOUND('',#2240,.T.);
#2601=FACE_BOUND('',#2241,.T.);
#2602=FACE_BOUND('',#2242,.T.);
#2603=FACE_BOUND('',#2243,.T.);
#2604=FACE_BOUND('',#2244,.T.);
#2605=FACE_BOUND('',#2245,.T.);
#2606=FACE_BOUND('',#2246,.T.);
#2607=FACE_BOUND('',#2247,.T.);
#2608=FACE_BOUND('',#2248,.T.);
#2609=FACE_BOUND('',#2249,.T.);
#2610=FACE_BOUND('',#2250,.T.);
#2611=FACE_BOUND('',#2251,.T.);
#2612=FACE_BOUND('',#2252,.T.);
#2613=FACE_BOUND('',#2253,.T.);
#2614=FACE_BOUND('',#2254,.T.);
#2615=FACE_BOUND('',#2255,.T.);
#2616=FACE_BOUND('',#2256,.T.);
#2617=FACE_BOUND('',#2257,.T.);
#2618=FACE_BOUND('',#2258,.T.);
#2619=FACE_BOUND('',#2259,.T.);
#2620=FACE_BOUND('',#2260,.T.);
#2621=FACE_BOUND('',#2261,.T.);
#2622=FACE_BOUND('',#2262,.T.);
#2623=FACE_BOUND('',#2263,.T.);
#2624=FACE_BOUND('',#2264,.T.);
#2625=FACE_BOUND('',#2265,.T.);
#2626=FACE_BOUND('',#2266,.T.);
#2627=FACE_BOUND('',#2267,.T.);
#2628=FACE_BOUND('',#2268,.T.);
#2629=FACE_BOUND('',#2269,.T.);
#2630=FACE_BOUND('',#2270,.T.);
#2631=FACE_BOUND('',#2271,.T.);
#2632=FACE_BOUND('',#2272,.T.);
#2633=FACE_BOUND('',#2273,.T.);
#2634=FACE_BOUND('',#2274,.T.);
#2635=FACE_BOUND('',#2275,.T.);
#2636=FACE_BOUND('',#2276,.T.);
#2637=FACE_BOUND('',#2277,.T.);
#2638=FACE_BOUND('',#2278,.T.);
#2639=FACE_BOUND('',#2279,.T.);
#2640=FACE_BOUND('',#2280,.T.);
#2641=FACE_BOUND('',#2281,.T.);
#2642=FACE_BOUND('',#2282,.T.);
#2643=FACE_BOUND('',#2283,.T.);
#2644=FACE_BOUND('',#2284,.T.);
#2645=FACE_BOUND('',#2285,.T.);
#2646=FACE_BOUND('',#2286,.T.);
#2647=FACE_BOUND('',#2287,.T.);
#2648=FACE_BOUND('',#2288,.T.);
#2649=FACE_BOUND('',#2289,.T.);
#2650=FACE_BOUND('',#2290,.T.);
#2651=FACE_BOUND('',#2291,.T.);
#2652=FACE_BOUND('',#2292,.T.);
#2653=FACE_BOUND('',#2293,.T.);
#2654=FACE_BOUND('',#2294,.T.);
#2655=FACE_BOUND('',#2295,.T.);
#2656=FACE_BOUND('',#2296,.T.);
#2657=FACE_BOUND('',#2297,.T.);
#2658=FACE_BOUND('',#2298,.T.);
#2659=FACE_BOUND('',#2299,.T.);
#2660=FACE_BOUND('',#2300,.T.);
#2661=FACE_BOUND('',#2301,.T.);
#2662=FACE_BOUND('',#2302,.T.);
#2663=FACE_BOUND('',#2303,.T.);
#2664=FACE_BOUND('',#2304,.T.);
#2665=FACE_BOUND('',#2305,.T.);
#2666=FACE_BOUND('',#2306,.T.);
#2667=FACE_BOUND('',#2307,.T.);
#2668=FACE_BOUND('',#2308,.T.);
#2669=FACE_BOUND('',#2309,.T.);
#2670=FACE_BOUND('',#2310,.T.);
#2671=FACE_BOUND('',#2311,.T.);
#2672=FACE_BOUND('',#2312,.T.);
#2673=FACE_BOUND('',#2313,.T.);
#2674=FACE_BOUND('',#2314,.T.);
#2675=FACE_BOUND('',#2315,.T.);
#2676=FACE_BOUND('',#2316,.T.);
#2677=FACE_BOUND('',#2317,.T.);
#2678=FACE_BOUND('',#2318,.T.);
#2679=FACE_BOUND('',#2319,.T.);
#2680=FACE_BOUND('',#2320,.T.);
#2681=FACE_BOUND('',#2321,.T.);
#2682=FACE_BOUND('',#2322,.T.);
#2683=FACE_BOUND('',#2323,.T.);
#2684=FACE_BOUND('',#2324,.T.);
#2685=FACE_BOUND('',#2325,.T.);
#2686=FACE_BOUND('',#2326,.T.);
#2687=FACE_BOUND('',#2327,.T.);
#2688=FACE_BOUND('',#2328,.T.);
#2689=FACE_BOUND('',#2329,.T.);
#2690=FACE_BOUND('',#2330,.T.);
#2691=FACE_BOUND('',#2331,.T.);
#2692=FACE_BOUND('',#2332,.T.);
#2693=FACE_BOUND('',#2333,.T.);
#2694=FACE_BOUND('',#2334,.T.);
#2695=FACE_BOUND('',#2335,.T.);
#2696=FACE_BOUND('',#2336,.T.);
#2697=FACE_BOUND('',#2337,.T.);
#2698=FACE_BOUND('',#2338,.T.);
#2699=FACE_BOUND('',#2339,.T.);
#2700=FACE_BOUND('',#2340,.T.);
#2701=FACE_BOUND('',#2341,.T.);
#2702=FACE_BOUND('',#2342,.T.);
#2703=FACE_BOUND('',#2343,.T.);
#2704=FACE_BOUND('',#2344,.T.);
#2705=FACE_BOUND('',#2345,.T.);
#2706=FACE_BOUND('',#2346,.T.);
#2707=FACE_BOUND('',#2347,.T.);
#2708=FACE_BOUND('',#2348,.T.);
#2709=FACE_BOUND('',#2349,.T.);
#2710=FACE_BOUND('',#2350,.T.);
#2711=FACE_BOUND('',#2351,.T.);
#2712=FACE_BOUND('',#2352,.T.);
#2713=FACE_BOUND('',#2353,.T.);
#2714=FACE_BOUND('',#2354,.T.);
#2715=FACE_BOUND('',#2355,.T.);
#2716=FACE_BOUND('',#2356,.T.);
#2717=FACE_BOUND('',#2357,.T.);
#2718=FACE_BOUND('',#2358,.T.);
#2719=FACE_BOUND('',#2359,.T.);
#2720=FACE_BOUND('',#2360,.T.);
#2721=FACE_BOUND('',#2361,.T.);
#2722=FACE_BOUND('',#2362,.T.);
#2723=FACE_BOUND('',#2363,.T.);
#2724=FACE_BOUND('',#2364,.T.);
#2725=FACE_BOUND('',#2365,.T.);
#2726=FACE_BOUND('',#2366,.T.);
#2727=FACE_BOUND('',#2367,.T.);
#2728=FACE_BOUND('',#2368,.T.);
#2729=FACE_BOUND('',#2369,.T.);
#2730=PLANE('',#3091);
#2731=PLANE('',#3092);
#2732=PLANE('',#3093);
#2733=PLANE('',#3094);
#2734=PLANE('',#3095);
#2735=PLANE('',#3097);
#2736=PLANE('',#3099);
#2737=PLANE('',#3101);
#2738=PLANE('',#3103);
#2739=PLANE('',#3105);
#2740=PLANE('',#3107);
#2741=PLANE('',#3109);
#2742=PLANE('',#3111);
#2743=PLANE('',#3113);
#2744=PLANE('',#3115);
#2745=PLANE('',#3117);
#2746=PLANE('',#3119);
#2747=PLANE('',#3121);
#2748=PLANE('',#3123);
#2749=PLANE('',#3124);
#2750=PLANE('',#3125);
#2751=PLANE('',#3127);
#2752=PLANE('',#3129);
#2753=PLANE('',#3131);
#2754=PLANE('',#3133);
#2755=PLANE('',#3135);
#2756=PLANE('',#3137);
#2757=PLANE('',#3139);
#2758=PLANE('',#3141);
#2759=PLANE('',#3143);
#2760=PLANE('',#3145);
#2761=PLANE('',#3147);
#2762=PLANE('',#3148);
#2763=PLANE('',#3150);
#2764=PLANE('',#3152);
#2765=PLANE('',#3154);
#2766=PLANE('',#3156);
#2767=PLANE('',#3158);
#2768=PLANE('',#3160);
#2769=PLANE('',#3162);
#2770=PLANE('',#3164);
#2771=PLANE('',#3166);
#2772=PLANE('',#3168);
#2773=PLANE('',#3184);
#2774=PLANE('',#3186);
#2775=PLANE('',#3188);
#2776=PLANE('',#3190);
#2777=PLANE('',#3192);
#2778=PLANE('',#3194);
#2779=PLANE('',#3196);
#2780=PLANE('',#3198);
#2781=PLANE('',#3200);
#2782=PLANE('',#3202);
#2783=PLANE('',#3204);
#2784=PLANE('',#3220);
#2785=PLANE('',#3222);
#2786=PLANE('',#3224);
#2787=PLANE('',#3226);
#2788=PLANE('',#3228);
#2789=PLANE('',#3230);
#2790=PLANE('',#3232);
#2791=PLANE('',#3234);
#2792=PLANE('',#3236);
#2793=PLANE('',#3238);
#2794=PLANE('',#3240);
#2795=PLANE('',#3242);
#2796=PLANE('',#3249);
#2797=PLANE('',#3250);
#2798=PLANE('',#3251);
#2799=PLANE('',#3252);
#2800=PLANE('',#3253);
#2801=PLANE('',#3254);
#2802=PLANE('',#3255);
#2803=PLANE('',#3256);
#2804=PLANE('',#3257);
#2805=PLANE('',#3258);
#2806=PLANE('',#3259);
#2807=PLANE('',#3260);
#2808=PLANE('',#3261);
#2809=PLANE('',#3262);
#2810=PLANE('',#3285);
#2811=PLANE('',#3286);
#2812=PLANE('',#3296);
#2813=PLANE('',#3297);
#2814=PLANE('',#3298);
#2815=PLANE('',#3299);
#2816=PLANE('',#3300);
#2817=PLANE('',#3301);
#2818=PLANE('',#3302);
#2819=PLANE('',#3303);
#2820=PLANE('',#3304);
#2821=PLANE('',#3321);
#2822=PLANE('',#3328);
#2823=PLANE('',#3329);
#2824=PLANE('',#3330);
#2825=PLANE('',#3353);
#2826=PLANE('',#3376);
#2827=PLANE('',#3377);
#2828=PLANE('',#3378);
#2829=PLANE('',#3379);
#2830=PLANE('',#3380);
#2831=PLANE('',#3381);
#2832=PLANE('',#3382);
#2833=PLANE('',#3383);
#2834=PLANE('',#3384);
#2835=PLANE('',#3385);
#2836=PLANE('',#3386);
#2837=PLANE('',#3387);
#2838=PLANE('',#3388);
#2839=PLANE('',#3389);
#2840=PLANE('',#3390);
#2841=PLANE('',#3391);
#2842=PLANE('',#3392);
#2843=PLANE('',#3396);
#2844=PLANE('',#3403);
#2845=PLANE('',#3404);
#2846=PLANE('',#3405);
#2847=PLANE('',#3406);
#2848=PLANE('',#3412);
#2849=PLANE('',#3416);
#2850=PLANE('',#3419);
#2851=PLANE('',#3422);
#2852=PLANE('',#3425);
#2853=PLANE('',#3428);
#2854=PLANE('',#3431);
#2855=PLANE('',#3434);
#2856=PLANE('',#3437);
#2857=PLANE('',#3440);
#2858=PLANE('',#3443);
#2859=PLANE('',#3446);
#2860=PLANE('',#3449);
#2861=PLANE('',#3450);
#2862=PLANE('',#3451);
#2863=PLANE('',#3452);
#2864=PLANE('',#3453);
#2865=PLANE('',#3454);
#2866=ADVANCED_FACE('',(#2370),#2730,.F.);
#2867=ADVANCED_FACE('',(#2371,#2372),#2731,.T.);
#2868=ADVANCED_FACE('',(#2373),#2732,.T.);
#2869=ADVANCED_FACE('',(#2374),#2733,.T.);
#2870=ADVANCED_FACE('',(#2375),#2734,.T.);
#2871=ADVANCED_FACE('',(#2376),#2735,.T.);
#2872=ADVANCED_FACE('',(#2377),#2736,.T.);
#2873=ADVANCED_FACE('',(#2378),#2737,.T.);
#2874=ADVANCED_FACE('',(#2379),#2738,.T.);
#2875=ADVANCED_FACE('',(#2380),#2739,.T.);
#2876=ADVANCED_FACE('',(#2381),#2740,.T.);
#2877=ADVANCED_FACE('',(#2382),#2741,.T.);
#2878=ADVANCED_FACE('',(#2383),#2742,.T.);
#2879=ADVANCED_FACE('',(#2384),#2743,.T.);
#2880=ADVANCED_FACE('',(#2385),#2744,.T.);
#2881=ADVANCED_FACE('',(#2386),#2745,.T.);
#2882=ADVANCED_FACE('',(#2387),#2746,.T.);
#2883=ADVANCED_FACE('',(#2388),#2747,.T.);
#2884=ADVANCED_FACE('',(#2389),#2748,.T.);
#2885=ADVANCED_FACE('',(#2390),#2749,.T.);
#2886=ADVANCED_FACE('',(#2391),#2750,.T.);
#2887=ADVANCED_FACE('',(#2392),#2751,.T.);
#2888=ADVANCED_FACE('',(#2393),#2752,.T.);
#2889=ADVANCED_FACE('',(#2394),#2753,.T.);
#2890=ADVANCED_FACE('',(#2395),#2754,.T.);
#2891=ADVANCED_FACE('',(#2396),#2755,.T.);
#2892=ADVANCED_FACE('',(#2397),#2756,.T.);
#2893=ADVANCED_FACE('',(#2398),#2757,.T.);
#2894=ADVANCED_FACE('',(#2399),#2758,.T.);
#2895=ADVANCED_FACE('',(#2400),#2759,.T.);
#2896=ADVANCED_FACE('',(#2401),#2760,.T.);
#2897=ADVANCED_FACE('',(#2402),#2761,.T.);
#2898=ADVANCED_FACE('',(#2403),#2762,.T.);
#2899=ADVANCED_FACE('',(#2404),#2763,.T.);
#2900=ADVANCED_FACE('',(#2405),#2764,.T.);
#2901=ADVANCED_FACE('',(#2406),#2765,.T.);
#2902=ADVANCED_FACE('',(#2407),#2766,.T.);
#2903=ADVANCED_FACE('',(#2408),#2767,.T.);
#2904=ADVANCED_FACE('',(#2409),#2768,.T.);
#2905=ADVANCED_FACE('',(#2410),#2769,.T.);
#2906=ADVANCED_FACE('',(#2411),#2770,.T.);
#2907=ADVANCED_FACE('',(#2412),#2771,.T.);
#2908=ADVANCED_FACE('',(#2413),#2772,.T.);
#2909=ADVANCED_FACE('',(#2414,#2415),#14,.F.);
#2910=ADVANCED_FACE('',(#2416,#2417),#15,.F.);
#2911=ADVANCED_FACE('',(#2418,#2419),#16,.F.);
#2912=ADVANCED_FACE('',(#2420,#2421),#17,.F.);
#2913=ADVANCED_FACE('',(#2422,#2423),#18,.F.);
#2914=ADVANCED_FACE('',(#2424,#2425),#19,.F.);
#2915=ADVANCED_FACE('',(#2426,#2427),#20,.F.);
#2916=ADVANCED_FACE('',(#2428),#2773,.T.);
#2917=ADVANCED_FACE('',(#2429),#2774,.T.);
#2918=ADVANCED_FACE('',(#2430),#2775,.T.);
#2919=ADVANCED_FACE('',(#2431),#2776,.T.);
#2920=ADVANCED_FACE('',(#2432),#2777,.T.);
#2921=ADVANCED_FACE('',(#2433),#2778,.T.);
#2922=ADVANCED_FACE('',(#2434),#2779,.T.);
#2923=ADVANCED_FACE('',(#2435),#2780,.T.);
#2924=ADVANCED_FACE('',(#2436),#2781,.T.);
#2925=ADVANCED_FACE('',(#2437),#2782,.T.);
#2926=ADVANCED_FACE('',(#2438),#2783,.T.);
#2927=ADVANCED_FACE('',(#2439,#2440),#21,.F.);
#2928=ADVANCED_FACE('',(#2441,#2442),#22,.F.);
#2929=ADVANCED_FACE('',(#2443,#2444),#23,.F.);
#2930=ADVANCED_FACE('',(#2445,#2446),#24,.F.);
#2931=ADVANCED_FACE('',(#2447,#2448),#25,.F.);
#2932=ADVANCED_FACE('',(#2449,#2450),#26,.F.);
#2933=ADVANCED_FACE('',(#2451,#2452),#27,.F.);
#2934=ADVANCED_FACE('',(#2453),#2784,.T.);
#2935=ADVANCED_FACE('',(#2454),#2785,.T.);
#2936=ADVANCED_FACE('',(#2455),#2786,.T.);
#2937=ADVANCED_FACE('',(#2456),#2787,.T.);
#2938=ADVANCED_FACE('',(#2457),#2788,.T.);
#2939=ADVANCED_FACE('',(#2458),#2789,.T.);
#2940=ADVANCED_FACE('',(#2459),#2790,.T.);
#2941=ADVANCED_FACE('',(#2460),#2791,.T.);
#2942=ADVANCED_FACE('',(#2461),#2792,.T.);
#2943=ADVANCED_FACE('',(#2462),#2793,.T.);
#2944=ADVANCED_FACE('',(#2463),#2794,.T.);
#2945=ADVANCED_FACE('',(#2464),#2795,.T.);
#2946=ADVANCED_FACE('',(#2465),#28,.T.);
#2947=ADVANCED_FACE('',(#2466),#29,.T.);
#2948=ADVANCED_FACE('',(#2467),#2796,.F.);
#2949=ADVANCED_FACE('',(#2468),#2797,.F.);
#2950=ADVANCED_FACE('',(#2469),#2798,.T.);
#2951=ADVANCED_FACE('',(#2470),#2799,.F.);
#2952=ADVANCED_FACE('',(#2471),#2800,.T.);
#2953=ADVANCED_FACE('',(#2472),#2801,.T.);
#2954=ADVANCED_FACE('',(#2473),#2802,.F.);
#2955=ADVANCED_FACE('',(#2474),#2803,.F.);
#2956=ADVANCED_FACE('',(#2475),#2804,.T.);
#2957=ADVANCED_FACE('',(#2476),#2805,.T.);
#2958=ADVANCED_FACE('',(#2477),#2806,.F.);
#2959=ADVANCED_FACE('',(#2478),#2807,.F.);
#2960=ADVANCED_FACE('',(#2479),#2808,.T.);
#2961=ADVANCED_FACE('',(#2480),#2809,.T.);
#2962=ADVANCED_FACE('',(#2481,#2482),#30,.F.);
#2963=ADVANCED_FACE('',(#2483,#2484),#31,.F.);
#2964=ADVANCED_FACE('',(#2485,#2486),#32,.F.);
#2965=ADVANCED_FACE('',(#2487,#2488),#33,.F.);
#2966=ADVANCED_FACE('',(#2489,#2490),#34,.F.);
#2967=ADVANCED_FACE('',(#2491,#2492),#35,.F.);
#2968=ADVANCED_FACE('',(#2493,#2494),#36,.F.);
#2969=ADVANCED_FACE('',(#2495,#2496),#37,.F.);
#2970=ADVANCED_FACE('',(#2497,#2498),#38,.F.);
#2971=ADVANCED_FACE('',(#2499,#2500),#39,.F.);
#2972=ADVANCED_FACE('',(#2501,#2502),#40,.F.);
#2973=ADVANCED_FACE('',(#2503),#2810,.F.);
#2974=ADVANCED_FACE('',(#2504),#2811,.T.);
#2975=ADVANCED_FACE('',(#2505,#2506),#41,.F.);
#2976=ADVANCED_FACE('',(#2507,#2508),#42,.F.);
#2977=ADVANCED_FACE('',(#2509,#2510),#43,.F.);
#2978=ADVANCED_FACE('',(#2511),#2812,.F.);
#2979=ADVANCED_FACE('',(#2512),#2813,.T.);
#2980=ADVANCED_FACE('',(#2513),#2814,.F.);
#2981=ADVANCED_FACE('',(#2514),#2815,.F.);
#2982=ADVANCED_FACE('',(#2515),#2816,.T.);
#2983=ADVANCED_FACE('',(#2516),#2817,.F.);
#2984=ADVANCED_FACE('',(#2517),#2818,.T.);
#2985=ADVANCED_FACE('',(#2518),#2819,.F.);
#2986=ADVANCED_FACE('',(#2519),#2820,.F.);
#2987=ADVANCED_FACE('',(#2520,#2521),#44,.T.);
#2988=ADVANCED_FACE('',(#2522,#2523),#45,.T.);
#2989=ADVANCED_FACE('',(#2524,#2525),#46,.T.);
#2990=ADVANCED_FACE('',(#2526,#2527),#47,.T.);
#2991=ADVANCED_FACE('',(#2528,#2529),#48,.T.);
#2992=ADVANCED_FACE('',(#2530,#2531),#49,.T.);
#2993=ADVANCED_FACE('',(#2532,#2533),#50,.T.);
#2994=ADVANCED_FACE('',(#2534,#2535),#51,.T.);
#2995=ADVANCED_FACE('',(#2536),#2821,.F.);
#2996=ADVANCED_FACE('',(#2537,#2538),#52,.F.);
#2997=ADVANCED_FACE('',(#2539,#2540),#53,.F.);
#2998=ADVANCED_FACE('',(#2541,#2542),#54,.F.);
#2999=ADVANCED_FACE('',(#2543),#2822,.F.);
#3000=ADVANCED_FACE('',(#2544),#2823,.T.);
#3001=ADVANCED_FACE('',(#2545,#2546,#2547,#2548,#2549,#2550,#2551,#2552),
#2824,.F.);
#3002=ADVANCED_FACE('',(#2553,#2554),#55,.F.);
#3003=ADVANCED_FACE('',(#2555,#2556),#56,.F.);
#3004=ADVANCED_FACE('',(#2557,#2558),#57,.F.);
#3005=ADVANCED_FACE('',(#2559,#2560),#58,.F.);
#3006=ADVANCED_FACE('',(#2561,#2562),#59,.F.);
#3007=ADVANCED_FACE('',(#2563,#2564),#60,.F.);
#3008=ADVANCED_FACE('',(#2565,#2566),#61,.F.);
#3009=ADVANCED_FACE('',(#2567,#2568),#62,.F.);
#3010=ADVANCED_FACE('',(#2569,#2570),#63,.F.);
#3011=ADVANCED_FACE('',(#2571,#2572),#64,.F.);
#3012=ADVANCED_FACE('',(#2573,#2574),#65,.F.);
#3013=ADVANCED_FACE('',(#2575,#2576,#2577,#2578,#2579,#2580,#2581,#2582),
#2825,.F.);
#3014=ADVANCED_FACE('',(#2583,#2584),#66,.F.);
#3015=ADVANCED_FACE('',(#2585,#2586),#67,.F.);
#3016=ADVANCED_FACE('',(#2587,#2588),#68,.F.);
#3017=ADVANCED_FACE('',(#2589,#2590),#69,.F.);
#3018=ADVANCED_FACE('',(#2591,#2592),#70,.F.);
#3019=ADVANCED_FACE('',(#2593,#2594),#71,.F.);
#3020=ADVANCED_FACE('',(#2595,#2596),#72,.F.);
#3021=ADVANCED_FACE('',(#2597,#2598),#73,.F.);
#3022=ADVANCED_FACE('',(#2599,#2600),#74,.F.);
#3023=ADVANCED_FACE('',(#2601,#2602),#75,.F.);
#3024=ADVANCED_FACE('',(#2603,#2604),#76,.F.);
#3025=ADVANCED_FACE('',(#2605),#2826,.F.);
#3026=ADVANCED_FACE('',(#2606),#2827,.T.);
#3027=ADVANCED_FACE('',(#2607),#2828,.F.);
#3028=ADVANCED_FACE('',(#2608),#2829,.F.);
#3029=ADVANCED_FACE('',(#2609),#2830,.T.);
#3030=ADVANCED_FACE('',(#2610),#2831,.T.);
#3031=ADVANCED_FACE('',(#2611,#2612,#2613,#2614),#2832,.F.);
#3032=ADVANCED_FACE('',(#2615),#2833,.T.);
#3033=ADVANCED_FACE('',(#2616),#2834,.F.);
#3034=ADVANCED_FACE('',(#2617,#2618,#2619,#2620,#2621,#2622,#2623,#2624,
#2625),#2835,.T.);
#3035=ADVANCED_FACE('',(#2626,#2627,#2628,#2629,#2630,#2631,#2632,#2633,
#2634,#2635,#2636,#2637),#2836,.F.);
#3036=ADVANCED_FACE('',(#2638,#2639,#2640,#2641,#2642,#2643,#2644,#2645,
#2646,#2647,#2648,#2649),#2837,.F.);
#3037=ADVANCED_FACE('',(#2650),#2838,.F.);
#3038=ADVANCED_FACE('',(#2651),#2839,.F.);
#3039=ADVANCED_FACE('',(#2652),#2840,.T.);
#3040=ADVANCED_FACE('',(#2653),#2841,.F.);
#3041=ADVANCED_FACE('',(#2654,#2655,#2656,#2657),#2842,.F.);
#3042=ADVANCED_FACE('',(#2658),#2843,.T.);
#3043=ADVANCED_FACE('',(#2659),#77,.F.);
#3044=ADVANCED_FACE('',(#2660),#78,.F.);
#3045=ADVANCED_FACE('',(#2661),#79,.F.);
#3046=ADVANCED_FACE('',(#2662,#2663,#2664,#2665,#2666,#2667,#2668,#2669,
#2670,#2671,#2672,#2673),#2844,.T.);
#3047=ADVANCED_FACE('',(#2674,#2675,#2676),#2845,.F.);
#3048=ADVANCED_FACE('',(#2677,#2678,#2679,#2680),#2846,.T.);
#3049=ADVANCED_FACE('',(#2681,#2682,#2683,#2684,#2685,#2686),#2847,.T.);
#3050=ADVANCED_FACE('',(#2687,#2688,#2689,#2690),#2848,.T.);
#3051=ADVANCED_FACE('',(#2691,#2692,#2693),#2849,.T.);
#3052=ADVANCED_FACE('',(#2694),#2850,.T.);
#3053=ADVANCED_FACE('',(#2695,#2696),#80,.F.);
#3054=ADVANCED_FACE('',(#2697),#2851,.T.);
#3055=ADVANCED_FACE('',(#2698,#2699),#81,.F.);
#3056=ADVANCED_FACE('',(#2700),#2852,.T.);
#3057=ADVANCED_FACE('',(#2701,#2702),#82,.F.);
#3058=ADVANCED_FACE('',(#2703),#2853,.T.);
#3059=ADVANCED_FACE('',(#2704,#2705),#83,.F.);
#3060=ADVANCED_FACE('',(#2706),#2854,.T.);
#3061=ADVANCED_FACE('',(#2707,#2708),#84,.F.);
#3062=ADVANCED_FACE('',(#2709),#2855,.T.);
#3063=ADVANCED_FACE('',(#2710,#2711),#85,.F.);
#3064=ADVANCED_FACE('',(#2712),#2856,.T.);
#3065=ADVANCED_FACE('',(#2713,#2714),#86,.F.);
#3066=ADVANCED_FACE('',(#2715),#2857,.T.);
#3067=ADVANCED_FACE('',(#2716,#2717),#87,.F.);
#3068=ADVANCED_FACE('',(#2718),#2858,.T.);
#3069=ADVANCED_FACE('',(#2719,#2720),#88,.F.);
#3070=ADVANCED_FACE('',(#2721),#2859,.T.);
#3071=ADVANCED_FACE('',(#2722,#2723),#89,.F.);
#3072=ADVANCED_FACE('',(#2724),#2860,.T.);
#3073=ADVANCED_FACE('',(#2725),#2861,.F.);
#3074=ADVANCED_FACE('',(#2726),#2862,.T.);
#3075=ADVANCED_FACE('',(#2727),#2863,.T.);
#3076=ADVANCED_FACE('',(#2728),#2864,.F.);
#3077=ADVANCED_FACE('',(#2729),#2865,.T.);
#3078=CLOSED_SHELL('',(#2866,#2867,#2868,#2869,#2870,#2871,#2872,#2873,
#2874,#2875,#2876,#2877,#2878,#2879,#2880,#2881,#2882,#2883,#2884,#2885,
#2886,#2887,#2888,#2889,#2890,#2891,#2892,#2893,#2894,#2895,#2896,#2897,
#2898,#2899,#2900,#2901,#2902,#2903,#2904,#2905,#2906,#2907,#2908,#2909,
#2910,#2911,#2912,#2913,#2914,#2915,#2916,#2917,#2918,#2919,#2920,#2921,
#2922,#2923,#2924,#2925,#2926,#2927,#2928,#2929,#2930,#2931,#2932,#2933,
#2934,#2935,#2936,#2937,#2938,#2939,#2940,#2941,#2942,#2943,#2944,#2945,
#2946,#2947,#2948,#2949,#2950,#2951,#2952,#2953,#2954,#2955,#2956,#2957,
#2958,#2959,#2960,#2961,#2962,#2963,#2964,#2965,#2966,#2967,#2968,#2969,
#2970,#2971,#2972,#2973,#2974,#2975,#2976,#2977,#2978,#2979,#2980,#2981,
#2982,#2983,#2984,#2985,#2986,#2987,#2988,#2989,#2990,#2991,#2992,#2993,
#2994,#2995,#2996,#2997,#2998,#2999,#3000,#3001,#3002,#3003,#3004,#3005,
#3006,#3007,#3008,#3009,#3010,#3011,#3012,#3013,#3014,#3015,#3016,#3017,
#3018,#3019,#3020,#3021,#3022,#3023,#3024,#3025,#3026,#3027,#3028,#3029,
#3030,#3031,#3032,#3033,#3034,#3035,#3036,#3037,#3038,#3039,#3040,#3041,
#3042,#3043,#3044,#3045,#3046,#3047,#3048,#3049,#3050,#3051,#3052,#3053,
#3054,#3055,#3056,#3057,#3058,#3059,#3060,#3061,#3062,#3063,#3064,#3065,
#3066,#3067,#3068,#3069,#3070,#3071,#3072,#3073,#3074,#3075,#3076,#3077));
#3079=STYLED_ITEM('',(#3080),#3087);
#3080=PRESENTATION_STYLE_ASSIGNMENT((#3081));
#3081=SURFACE_STYLE_USAGE(.BOTH.,#3082);
#3082=SURFACE_SIDE_STYLE('',(#3083));
#3083=SURFACE_STYLE_FILL_AREA(#3084);
#3084=FILL_AREA_STYLE('',(#3085));
#3085=FILL_AREA_STYLE_COLOUR('',#3086);
#3086=COLOUR_RGB('',0.231372549019608,0.380392156862745,0.705882352941177);
#3087=MANIFOLD_SOLID_BREP('belowScreen',#3078);
#3088=SHAPE_DEFINITION_REPRESENTATION(#5252,#3089);
#3089=SHAPE_REPRESENTATION('belowScreen',(#3090),#5247);
#3090=AXIS2_PLACEMENT_3D('',#4391,#3455,#3456);
#3091=AXIS2_PLACEMENT_3D('',#4392,#3457,#3458);
#3092=AXIS2_PLACEMENT_3D('',#4413,#3469,#3470);
#3093=AXIS2_PLACEMENT_3D('',#4438,#3483,#3484);
#3094=AXIS2_PLACEMENT_3D('',#4447,#3489,#3490);
#3095=AXIS2_PLACEMENT_3D('',#4456,#3495,#3496);
#3096=AXIS2_PLACEMENT_3D('',#4457,#3497,#3498);
#3097=AXIS2_PLACEMENT_3D('',#4459,#3499,#3500);
#3098=AXIS2_PLACEMENT_3D('',#4460,#3501,#3502);
#3099=AXIS2_PLACEMENT_3D('',#4462,#3503,#3504);
#3100=AXIS2_PLACEMENT_3D('',#4463,#3505,#3506);
#3101=AXIS2_PLACEMENT_3D('',#4465,#3507,#3508);
#3102=AXIS2_PLACEMENT_3D('',#4466,#3509,#3510);
#3103=AXIS2_PLACEMENT_3D('',#4468,#3511,#3512);
#3104=AXIS2_PLACEMENT_3D('',#4469,#3513,#3514);
#3105=AXIS2_PLACEMENT_3D('',#4471,#3515,#3516);
#3106=AXIS2_PLACEMENT_3D('',#4472,#3517,#3518);
#3107=AXIS2_PLACEMENT_3D('',#4474,#3519,#3520);
#3108=AXIS2_PLACEMENT_3D('',#4475,#3521,#3522);
#3109=AXIS2_PLACEMENT_3D('',#4477,#3523,#3524);
#3110=AXIS2_PLACEMENT_3D('',#4478,#3525,#3526);
#3111=AXIS2_PLACEMENT_3D('',#4480,#3527,#3528);
#3112=AXIS2_PLACEMENT_3D('',#4481,#3529,#3530);
#3113=AXIS2_PLACEMENT_3D('',#4483,#3531,#3532);
#3114=AXIS2_PLACEMENT_3D('',#4484,#3533,#3534);
#3115=AXIS2_PLACEMENT_3D('',#4486,#3535,#3536);
#3116=AXIS2_PLACEMENT_3D('',#4487,#3537,#3538);
#3117=AXIS2_PLACEMENT_3D('',#4489,#3539,#3540);
#3118=AXIS2_PLACEMENT_3D('',#4490,#3541,#3542);
#3119=AXIS2_PLACEMENT_3D('',#4492,#3543,#3544);
#3120=AXIS2_PLACEMENT_3D('',#4493,#3545,#3546);
#3121=AXIS2_PLACEMENT_3D('',#4495,#3547,#3548);
#3122=AXIS2_PLACEMENT_3D('',#4496,#3549,#3550);
#3123=AXIS2_PLACEMENT_3D('',#4498,#3551,#3552);
#3124=AXIS2_PLACEMENT_3D('',#4507,#3557,#3558);
#3125=AXIS2_PLACEMENT_3D('',#4516,#3563,#3564);
#3126=AXIS2_PLACEMENT_3D('',#4517,#3565,#3566);
#3127=AXIS2_PLACEMENT_3D('',#4519,#3567,#3568);
#3128=AXIS2_PLACEMENT_3D('',#4520,#3569,#3570);
#3129=AXIS2_PLACEMENT_3D('',#4522,#3571,#3572);
#3130=AXIS2_PLACEMENT_3D('',#4523,#3573,#3574);
#3131=AXIS2_PLACEMENT_3D('',#4525,#3575,#3576);
#3132=AXIS2_PLACEMENT_3D('',#4526,#3577,#3578);
#3133=AXIS2_PLACEMENT_3D('',#4528,#3579,#3580);
#3134=AXIS2_PLACEMENT_3D('',#4529,#3581,#3582);
#3135=AXIS2_PLACEMENT_3D('',#4531,#3583,#3584);
#3136=AXIS2_PLACEMENT_3D('',#4532,#3585,#3586);
#3137=AXIS2_PLACEMENT_3D('',#4534,#3587,#3588);
#3138=AXIS2_PLACEMENT_3D('',#4535,#3589,#3590);
#3139=AXIS2_PLACEMENT_3D('',#4537,#3591,#3592);
#3140=AXIS2_PLACEMENT_3D('',#4538,#3593,#3594);
#3141=AXIS2_PLACEMENT_3D('',#4540,#3595,#3596);
#3142=AXIS2_PLACEMENT_3D('',#4541,#3597,#3598);
#3143=AXIS2_PLACEMENT_3D('',#4543,#3599,#3600);
#3144=AXIS2_PLACEMENT_3D('',#4544,#3601,#3602);
#3145=AXIS2_PLACEMENT_3D('',#4546,#3603,#3604);
#3146=AXIS2_PLACEMENT_3D('',#4547,#3605,#3606);
#3147=AXIS2_PLACEMENT_3D('',#4549,#3607,#3608);
#3148=AXIS2_PLACEMENT_3D('',#4555,#3612,#3613);
#3149=AXIS2_PLACEMENT_3D('',#4556,#3614,#3615);
#3150=AXIS2_PLACEMENT_3D('',#4558,#3616,#3617);
#3151=AXIS2_PLACEMENT_3D('',#4559,#3618,#3619);
#3152=AXIS2_PLACEMENT_3D('',#4561,#3620,#3621);
#3153=AXIS2_PLACEMENT_3D('',#4562,#3622,#3623);
#3154=AXIS2_PLACEMENT_3D('',#4564,#3624,#3625);
#3155=AXIS2_PLACEMENT_3D('',#4565,#3626,#3627);
#3156=AXIS2_PLACEMENT_3D('',#4567,#3628,#3629);
#3157=AXIS2_PLACEMENT_3D('',#4568,#3630,#3631);
#3158=AXIS2_PLACEMENT_3D('',#4570,#3632,#3633);
#3159=AXIS2_PLACEMENT_3D('',#4571,#3634,#3635);
#3160=AXIS2_PLACEMENT_3D('',#4573,#3636,#3637);
#3161=AXIS2_PLACEMENT_3D('',#4574,#3638,#3639);
#3162=AXIS2_PLACEMENT_3D('',#4576,#3640,#3641);
#3163=AXIS2_PLACEMENT_3D('',#4577,#3642,#3643);
#3164=AXIS2_PLACEMENT_3D('',#4579,#3644,#3645);
#3165=AXIS2_PLACEMENT_3D('',#4580,#3646,#3647);
#3166=AXIS2_PLACEMENT_3D('',#4582,#3648,#3649);
#3167=AXIS2_PLACEMENT_3D('',#4583,#3650,#3651);
#3168=AXIS2_PLACEMENT_3D('',#4585,#3652,#3653);
#3169=AXIS2_PLACEMENT_3D('',#4586,#3654,#3655);
#3170=AXIS2_PLACEMENT_3D('',#4588,#3656,#3657);
#3171=AXIS2_PLACEMENT_3D('',#4589,#3658,#3659);
#3172=AXIS2_PLACEMENT_3D('',#4591,#3660,#3661);
#3173=AXIS2_PLACEMENT_3D('',#4592,#3662,#3663);
#3174=AXIS2_PLACEMENT_3D('',#4594,#3664,#3665);
#3175=AXIS2_PLACEMENT_3D('',#4595,#3666,#3667);
#3176=AXIS2_PLACEMENT_3D('',#4597,#3668,#3669);
#3177=AXIS2_PLACEMENT_3D('',#4598,#3670,#3671);
#3178=AXIS2_PLACEMENT_3D('',#4600,#3672,#3673);
#3179=AXIS2_PLACEMENT_3D('',#4601,#3674,#3675);
#3180=AXIS2_PLACEMENT_3D('',#4603,#3676,#3677);
#3181=AXIS2_PLACEMENT_3D('',#4604,#3678,#3679);
#3182=AXIS2_PLACEMENT_3D('',#4606,#3680,#3681);
#3183=AXIS2_PLACEMENT_3D('',#4607,#3682,#3683);
#3184=AXIS2_PLACEMENT_3D('',#4609,#3684,#3685);
#3185=AXIS2_PLACEMENT_3D('',#4610,#3686,#3687);
#3186=AXIS2_PLACEMENT_3D('',#4612,#3688,#3689);
#3187=AXIS2_PLACEMENT_3D('',#4613,#3690,#3691);
#3188=AXIS2_PLACEMENT_3D('',#4615,#3692,#3693);
#3189=AXIS2_PLACEMENT_3D('',#4616,#3694,#3695);
#3190=AXIS2_PLACEMENT_3D('',#4618,#3696,#3697);
#3191=AXIS2_PLACEMENT_3D('',#4619,#3698,#3699);
#3192=AXIS2_PLACEMENT_3D('',#4621,#3700,#3701);
#3193=AXIS2_PLACEMENT_3D('',#4622,#3702,#3703);
#3194=AXIS2_PLACEMENT_3D('',#4624,#3704,#3705);
#3195=AXIS2_PLACEMENT_3D('',#4625,#3706,#3707);
#3196=AXIS2_PLACEMENT_3D('',#4627,#3708,#3709);
#3197=AXIS2_PLACEMENT_3D('',#4628,#3710,#3711);
#3198=AXIS2_PLACEMENT_3D('',#4630,#3712,#3713);
#3199=AXIS2_PLACEMENT_3D('',#4631,#3714,#3715);
#3200=AXIS2_PLACEMENT_3D('',#4633,#3716,#3717);
#3201=AXIS2_PLACEMENT_3D('',#4634,#3718,#3719);
#3202=AXIS2_PLACEMENT_3D('',#4636,#3720,#3721);
#3203=AXIS2_PLACEMENT_3D('',#4637,#3722,#3723);
#3204=AXIS2_PLACEMENT_3D('',#4639,#3724,#3725);
#3205=AXIS2_PLACEMENT_3D('',#4640,#3726,#3727);
#3206=AXIS2_PLACEMENT_3D('',#4642,#3728,#3729);
#3207=AXIS2_PLACEMENT_3D('',#4643,#3730,#3731);
#3208=AXIS2_PLACEMENT_3D('',#4645,#3732,#3733);
#3209=AXIS2_PLACEMENT_3D('',#4646,#3734,#3735);
#3210=AXIS2_PLACEMENT_3D('',#4648,#3736,#3737);
#3211=AXIS2_PLACEMENT_3D('',#4649,#3738,#3739);
#3212=AXIS2_PLACEMENT_3D('',#4651,#3740,#3741);
#3213=AXIS2_PLACEMENT_3D('',#4652,#3742,#3743);
#3214=AXIS2_PLACEMENT_3D('',#4654,#3744,#3745);
#3215=AXIS2_PLACEMENT_3D('',#4655,#3746,#3747);
#3216=AXIS2_PLACEMENT_3D('',#4657,#3748,#3749);
#3217=AXIS2_PLACEMENT_3D('',#4658,#3750,#3751);
#3218=AXIS2_PLACEMENT_3D('',#4660,#3752,#3753);
#3219=AXIS2_PLACEMENT_3D('',#4661,#3754,#3755);
#3220=AXIS2_PLACEMENT_3D('',#4663,#3756,#3757);
#3221=AXIS2_PLACEMENT_3D('',#4664,#3758,#3759);
#3222=AXIS2_PLACEMENT_3D('',#4666,#3760,#3761);
#3223=AXIS2_PLACEMENT_3D('',#4667,#3762,#3763);
#3224=AXIS2_PLACEMENT_3D('',#4669,#3764,#3765);
#3225=AXIS2_PLACEMENT_3D('',#4670,#3766,#3767);
#3226=AXIS2_PLACEMENT_3D('',#4672,#3768,#3769);
#3227=AXIS2_PLACEMENT_3D('',#4673,#3770,#3771);
#3228=AXIS2_PLACEMENT_3D('',#4675,#3772,#3773);
#3229=AXIS2_PLACEMENT_3D('',#4676,#3774,#3775);
#3230=AXIS2_PLACEMENT_3D('',#4678,#3776,#3777);
#3231=AXIS2_PLACEMENT_3D('',#4679,#3778,#3779);
#3232=AXIS2_PLACEMENT_3D('',#4681,#3780,#3781);
#3233=AXIS2_PLACEMENT_3D('',#4682,#3782,#3783);
#3234=AXIS2_PLACEMENT_3D('',#4684,#3784,#3785);
#3235=AXIS2_PLACEMENT_3D('',#4685,#3786,#3787);
#3236=AXIS2_PLACEMENT_3D('',#4687,#3788,#3789);
#3237=AXIS2_PLACEMENT_3D('',#4688,#3790,#3791);
#3238=AXIS2_PLACEMENT_3D('',#4690,#3792,#3793);
#3239=AXIS2_PLACEMENT_3D('',#4691,#3794,#3795);
#3240=AXIS2_PLACEMENT_3D('',#4693,#3796,#3797);
#3241=AXIS2_PLACEMENT_3D('',#4694,#3798,#3799);
#3242=AXIS2_PLACEMENT_3D('',#4696,#3800,#3801);
#3243=AXIS2_PLACEMENT_3D('',#4702,#3805,#3806);
#3244=AXIS2_PLACEMENT_3D('',#4703,#3807,#3808);
#3245=AXIS2_PLACEMENT_3D('',#4706,#3809,#3810);
#3246=AXIS2_PLACEMENT_3D('',#4707,#3811,#3812);
#3247=AXIS2_PLACEMENT_3D('',#4708,#3813,#3814);
#3248=AXIS2_PLACEMENT_3D('',#4711,#3815,#3816);
#3249=AXIS2_PLACEMENT_3D('',#4712,#3817,#3818);
#3250=AXIS2_PLACEMENT_3D('',#4731,#3829,#3830);
#3251=AXIS2_PLACEMENT_3D('',#4735,#3833,#3834);
#3252=AXIS2_PLACEMENT_3D('',#4739,#3837,#3838);
#3253=AXIS2_PLACEMENT_3D('',#4743,#3841,#3842);
#3254=AXIS2_PLACEMENT_3D('',#4747,#3845,#3846);
#3255=AXIS2_PLACEMENT_3D('',#4754,#3851,#3852);
#3256=AXIS2_PLACEMENT_3D('',#4760,#3856,#3857);
#3257=AXIS2_PLACEMENT_3D('',#4764,#3860,#3861);
#3258=AXIS2_PLACEMENT_3D('',#4768,#3864,#3865);
#3259=AXIS2_PLACEMENT_3D('',#4770,#3867,#3868);
#3260=AXIS2_PLACEMENT_3D('',#4776,#3872,#3873);
#3261=AXIS2_PLACEMENT_3D('',#4780,#3876,#3877);
#3262=AXIS2_PLACEMENT_3D('',#4784,#3880,#3881);
#3263=AXIS2_PLACEMENT_3D('',#4786,#3883,#3884);
#3264=AXIS2_PLACEMENT_3D('',#4787,#3885,#3886);
#3265=AXIS2_PLACEMENT_3D('',#4789,#3887,#3888);
#3266=AXIS2_PLACEMENT_3D('',#4790,#3889,#3890);
#3267=AXIS2_PLACEMENT_3D('',#4792,#3891,#3892);
#3268=AXIS2_PLACEMENT_3D('',#4793,#3893,#3894);
#3269=AXIS2_PLACEMENT_3D('',#4795,#3895,#3896);
#3270=AXIS2_PLACEMENT_3D('',#4796,#3897,#3898);
#3271=AXIS2_PLACEMENT_3D('',#4798,#3899,#3900);
#3272=AXIS2_PLACEMENT_3D('',#4799,#3901,#3902);
#3273=AXIS2_PLACEMENT_3D('',#4801,#3903,#3904);
#3274=AXIS2_PLACEMENT_3D('',#4802,#3905,#3906);
#3275=AXIS2_PLACEMENT_3D('',#4804,#3907,#3908);
#3276=AXIS2_PLACEMENT_3D('',#4805,#3909,#3910);
#3277=AXIS2_PLACEMENT_3D('',#4807,#3911,#3912);
#3278=AXIS2_PLACEMENT_3D('',#4808,#3913,#3914);
#3279=AXIS2_PLACEMENT_3D('',#4810,#3915,#3916);
#3280=AXIS2_PLACEMENT_3D('',#4811,#3917,#3918);
#3281=AXIS2_PLACEMENT_3D('',#4813,#3919,#3920);
#3282=AXIS2_PLACEMENT_3D('',#4814,#3921,#3922);
#3283=AXIS2_PLACEMENT_3D('',#4816,#3923,#3924);
#3284=AXIS2_PLACEMENT_3D('',#4817,#3925,#3926);
#3285=AXIS2_PLACEMENT_3D('',#4819,#3927,#3928);
#3286=AXIS2_PLACEMENT_3D('',#4825,#3933,#3934);
#3287=AXIS2_PLACEMENT_3D('',#4832,#3939,#3940);
#3288=AXIS2_PLACEMENT_3D('',#4833,#3941,#3942);
#3289=AXIS2_PLACEMENT_3D('',#4835,#3943,#3944);
#3290=AXIS2_PLACEMENT_3D('',#4837,#3945,#3946);
#3291=AXIS2_PLACEMENT_3D('',#4838,#3947,#3948);
#3292=AXIS2_PLACEMENT_3D('',#4840,#3949,#3950);
#3293=AXIS2_PLACEMENT_3D('',#4842,#3951,#3952);
#3294=AXIS2_PLACEMENT_3D('',#4843,#3953,#3954);
#3295=AXIS2_PLACEMENT_3D('',#4845,#3955,#3956);
#3296=AXIS2_PLACEMENT_3D('',#4847,#3957,#3958);
#3297=AXIS2_PLACEMENT_3D('',#4856,#3963,#3964);
#3298=AXIS2_PLACEMENT_3D('',#4862,#3968,#3969);
#3299=AXIS2_PLACEMENT_3D('',#4871,#3974,#3975);
#3300=AXIS2_PLACEMENT_3D('',#4877,#3979,#3980);
#3301=AXIS2_PLACEMENT_3D('',#4883,#3984,#3985);
#3302=AXIS2_PLACEMENT_3D('',#4888,#3989,#3990);
#3303=AXIS2_PLACEMENT_3D('',#4892,#3993,#3994);
#3304=AXIS2_PLACEMENT_3D('',#4896,#3997,#3998);
#3305=AXIS2_PLACEMENT_3D('',#4906,#4004,#4005);
#3306=AXIS2_PLACEMENT_3D('',#4907,#4006,#4007);
#3307=AXIS2_PLACEMENT_3D('',#4909,#4008,#4009);
#3308=AXIS2_PLACEMENT_3D('',#4910,#4010,#4011);
#3309=AXIS2_PLACEMENT_3D('',#4912,#4012,#4013);
#3310=AXIS2_PLACEMENT_3D('',#4913,#4014,#4015);
#3311=AXIS2_PLACEMENT_3D('',#4915,#4016,#4017);
#3312=AXIS2_PLACEMENT_3D('',#4916,#4018,#4019);
#3313=AXIS2_PLACEMENT_3D('',#4918,#4020,#4021);
#3314=AXIS2_PLACEMENT_3D('',#4919,#4022,#4023);
#3315=AXIS2_PLACEMENT_3D('',#4921,#4024,#4025);
#3316=AXIS2_PLACEMENT_3D('',#4922,#4026,#4027);
#3317=AXIS2_PLACEMENT_3D('',#4924,#4028,#4029);
#3318=AXIS2_PLACEMENT_3D('',#4925,#4030,#4031);
#3319=AXIS2_PLACEMENT_3D('',#4927,#4032,#4033);
#3320=AXIS2_PLACEMENT_3D('',#4928,#4034,#4035);
#3321=AXIS2_PLACEMENT_3D('',#4930,#4036,#4037);
#3322=AXIS2_PLACEMENT_3D('',#4936,#4041,#4042);
#3323=AXIS2_PLACEMENT_3D('',#4937,#4043,#4044);
#3324=AXIS2_PLACEMENT_3D('',#4939,#4045,#4046);
#3325=AXIS2_PLACEMENT_3D('',#4940,#4047,#4048);
#3326=AXIS2_PLACEMENT_3D('',#4942,#4049,#4050);
#3327=AXIS2_PLACEMENT_3D('',#4943,#4051,#4052);
#3328=AXIS2_PLACEMENT_3D('',#4945,#4053,#4054);
#3329=AXIS2_PLACEMENT_3D('',#4953,#4060,#4061);
#3330=AXIS2_PLACEMENT_3D('',#4957,#4064,#4065);
#3331=AXIS2_PLACEMENT_3D('',#4971,#4074,#4075);
#3332=AXIS2_PLACEMENT_3D('',#4972,#4076,#4077);
#3333=AXIS2_PLACEMENT_3D('',#4974,#4078,#4079);
#3334=AXIS2_PLACEMENT_3D('',#4975,#4080,#4081);
#3335=AXIS2_PLACEMENT_3D('',#4977,#4082,#4083);
#3336=AXIS2_PLACEMENT_3D('',#4978,#4084,#4085);
#3337=AXIS2_PLACEMENT_3D('',#4980,#4086,#4087);
#3338=AXIS2_PLACEMENT_3D('',#4981,#4088,#4089);
#3339=AXIS2_PLACEMENT_3D('',#4983,#4090,#4091);
#3340=AXIS2_PLACEMENT_3D('',#4984,#4092,#4093);
#3341=AXIS2_PLACEMENT_3D('',#4986,#4094,#4095);
#3342=AXIS2_PLACEMENT_3D('',#4987,#4096,#4097);
#3343=AXIS2_PLACEMENT_3D('',#4989,#4098,#4099);
#3344=AXIS2_PLACEMENT_3D('',#4990,#4100,#4101);
#3345=AXIS2_PLACEMENT_3D('',#4992,#4102,#4103);
#3346=AXIS2_PLACEMENT_3D('',#4993,#4104,#4105);
#3347=AXIS2_PLACEMENT_3D('',#4995,#4106,#4107);
#3348=AXIS2_PLACEMENT_3D('',#4996,#4108,#4109);
#3349=AXIS2_PLACEMENT_3D('',#4998,#4110,#4111);
#3350=AXIS2_PLACEMENT_3D('',#4999,#4112,#4113);
#3351=AXIS2_PLACEMENT_3D('',#5001,#4114,#4115);
#3352=AXIS2_PLACEMENT_3D('',#5002,#4116,#4117);
#3353=AXIS2_PLACEMENT_3D('',#5004,#4118,#4119);
#3354=AXIS2_PLACEMENT_3D('',#5013,#4124,#4125);
#3355=AXIS2_PLACEMENT_3D('',#5014,#4126,#4127);
#3356=AXIS2_PLACEMENT_3D('',#5016,#4128,#4129);
#3357=AXIS2_PLACEMENT_3D('',#5017,#4130,#4131);
#3358=AXIS2_PLACEMENT_3D('',#5019,#4132,#4133);
#3359=AXIS2_PLACEMENT_3D('',#5020,#4134,#4135);
#3360=AXIS2_PLACEMENT_3D('',#5022,#4136,#4137);
#3361=AXIS2_PLACEMENT_3D('',#5023,#4138,#4139);
#3362=AXIS2_PLACEMENT_3D('',#5025,#4140,#4141);
#3363=AXIS2_PLACEMENT_3D('',#5026,#4142,#4143);
#3364=AXIS2_PLACEMENT_3D('',#5028,#4144,#4145);
#3365=AXIS2_PLACEMENT_3D('',#5029,#4146,#4147);
#3366=AXIS2_PLACEMENT_3D('',#5031,#4148,#4149);
#3367=AXIS2_PLACEMENT_3D('',#5032,#4150,#4151);
#3368=AXIS2_PLACEMENT_3D('',#5034,#4152,#4153);
#3369=AXIS2_PLACEMENT_3D('',#5035,#4154,#4155);
#3370=AXIS2_PLACEMENT_3D('',#5037,#4156,#4157);
#3371=AXIS2_PLACEMENT_3D('',#5038,#4158,#4159);
#3372=AXIS2_PLACEMENT_3D('',#5040,#4160,#4161);
#3373=AXIS2_PLACEMENT_3D('',#5041,#4162,#4163);
#3374=AXIS2_PLACEMENT_3D('',#5043,#4164,#4165);
#3375=AXIS2_PLACEMENT_3D('',#5044,#4166,#4167);
#3376=AXIS2_PLACEMENT_3D('',#5046,#4168,#4169);
#3377=AXIS2_PLACEMENT_3D('',#5054,#4174,#4175);
#3378=AXIS2_PLACEMENT_3D('',#5060,#4179,#4180);
#3379=AXIS2_PLACEMENT_3D('',#5064,#4183,#4184);
#3380=AXIS2_PLACEMENT_3D('',#5070,#4188,#4189);
#3381=AXIS2_PLACEMENT_3D('',#5076,#4193,#4194);
#3382=AXIS2_PLACEMENT_3D('',#5080,#4197,#4198);
#3383=AXIS2_PLACEMENT_3D('',#5084,#4201,#4202);
#3384=AXIS2_PLACEMENT_3D('',#5090,#4206,#4207);
#3385=AXIS2_PLACEMENT_3D('',#5094,#4210,#4211);
#3386=AXIS2_PLACEMENT_3D('',#5096,#4213,#4214);
#3387=AXIS2_PLACEMENT_3D('',#5102,#4218,#4219);
#3388=AXIS2_PLACEMENT_3D('',#5108,#4223,#4224);
#3389=AXIS2_PLACEMENT_3D('',#5115,#4229,#4230);
#3390=AXIS2_PLACEMENT_3D('',#5121,#4234,#4235);
#3391=AXIS2_PLACEMENT_3D('',#5126,#4239,#4240);
#3392=AXIS2_PLACEMENT_3D('',#5130,#4243,#4244);
#3393=AXIS2_PLACEMENT_3D('',#5134,#4247,#4248);
#3394=AXIS2_PLACEMENT_3D('',#5138,#4250,#4251);
#3395=AXIS2_PLACEMENT_3D('',#5139,#4252,#4253);
#3396=AXIS2_PLACEMENT_3D('',#5144,#4256,#4257);
#3397=AXIS2_PLACEMENT_3D('',#5148,#4260,#4261);
#3398=AXIS2_PLACEMENT_3D('',#5149,#4262,#4263);
#3399=AXIS2_PLACEMENT_3D('',#5152,#4265,#4266);
#3400=AXIS2_PLACEMENT_3D('',#5153,#4267,#4268);
#3401=AXIS2_PLACEMENT_3D('',#5156,#4270,#4271);
#3402=AXIS2_PLACEMENT_3D('',#5157,#4272,#4273);
#3403=AXIS2_PLACEMENT_3D('',#5162,#4276,#4277);
#3404=AXIS2_PLACEMENT_3D('',#5164,#4279,#4280);
#3405=AXIS2_PLACEMENT_3D('',#5169,#4284,#4285);
#3406=AXIS2_PLACEMENT_3D('',#5174,#4290,#4291);
#3407=AXIS2_PLACEMENT_3D('',#5175,#4292,#4293);
#3408=AXIS2_PLACEMENT_3D('',#5177,#4294,#4295);
#3409=AXIS2_PLACEMENT_3D('',#5179,#4296,#4297);
#3410=AXIS2_PLACEMENT_3D('',#5181,#4298,#4299);
#3411=AXIS2_PLACEMENT_3D('',#5183,#4300,#4301);
#3412=AXIS2_PLACEMENT_3D('',#5185,#4302,#4303);
#3413=AXIS2_PLACEMENT_3D('',#5186,#4304,#4305);
#3414=AXIS2_PLACEMENT_3D('',#5188,#4306,#4307);
#3415=AXIS2_PLACEMENT_3D('',#5190,#4308,#4309);
#3416=AXIS2_PLACEMENT_3D('',#5192,#4310,#4311);
#3417=AXIS2_PLACEMENT_3D('',#5193,#4312,#4313);
#3418=AXIS2_PLACEMENT_3D('',#5195,#4314,#4315);
#3419=AXIS2_PLACEMENT_3D('',#5197,#4316,#4317);
#3420=AXIS2_PLACEMENT_3D('',#5198,#4318,#4319);
#3421=AXIS2_PLACEMENT_3D('',#5199,#4320,#4321);
#3422=AXIS2_PLACEMENT_3D('',#5201,#4322,#4323);
#3423=AXIS2_PLACEMENT_3D('',#5202,#4324,#4325);
#3424=AXIS2_PLACEMENT_3D('',#5203,#4326,#4327);
#3425=AXIS2_PLACEMENT_3D('',#5205,#4328,#4329);
#3426=AXIS2_PLACEMENT_3D('',#5206,#4330,#4331);
#3427=AXIS2_PLACEMENT_3D('',#5207,#4332,#4333);
#3428=AXIS2_PLACEMENT_3D('',#5209,#4334,#4335);
#3429=AXIS2_PLACEMENT_3D('',#5210,#4336,#4337);
#3430=AXIS2_PLACEMENT_3D('',#5211,#4338,#4339);
#3431=AXIS2_PLACEMENT_3D('',#5213,#4340,#4341);
#3432=AXIS2_PLACEMENT_3D('',#5214,#4342,#4343);
#3433=AXIS2_PLACEMENT_3D('',#5215,#4344,#4345);
#3434=AXIS2_PLACEMENT_3D('',#5217,#4346,#4347);
#3435=AXIS2_PLACEMENT_3D('',#5218,#4348,#4349);
#3436=AXIS2_PLACEMENT_3D('',#5219,#4350,#4351);
#3437=AXIS2_PLACEMENT_3D('',#5221,#4352,#4353);
#3438=AXIS2_PLACEMENT_3D('',#5222,#4354,#4355);
#3439=AXIS2_PLACEMENT_3D('',#5223,#4356,#4357);
#3440=AXIS2_PLACEMENT_3D('',#5225,#4358,#4359);
#3441=AXIS2_PLACEMENT_3D('',#5226,#4360,#4361);
#3442=AXIS2_PLACEMENT_3D('',#5227,#4362,#4363);
#3443=AXIS2_PLACEMENT_3D('',#5229,#4364,#4365);
#3444=AXIS2_PLACEMENT_3D('',#5230,#4366,#4367);
#3445=AXIS2_PLACEMENT_3D('',#5231,#4368,#4369);
#3446=AXIS2_PLACEMENT_3D('',#5233,#4370,#4371);
#3447=AXIS2_PLACEMENT_3D('',#5234,#4372,#4373);
#3448=AXIS2_PLACEMENT_3D('',#5235,#4374,#4375);
#3449=AXIS2_PLACEMENT_3D('',#5237,#4376,#4377);
#3450=AXIS2_PLACEMENT_3D('',#5238,#4378,#4379);
#3451=AXIS2_PLACEMENT_3D('',#5240,#4381,#4382);
#3452=AXIS2_PLACEMENT_3D('',#5241,#4383,#4384);
#3453=AXIS2_PLACEMENT_3D('',#5244,#4387,#4388);
#3454=AXIS2_PLACEMENT_3D('',#5245,#4389,#4390);
#3455=DIRECTION('',(0.,0.,1.));
#3456=DIRECTION('',(1.,0.,0.));
#3457=DIRECTION('',(-1.,-3.60462020982194E-16,0.));
#3458=DIRECTION('',(3.60462020982194E-16,-1.,0.));
#3459=DIRECTION('',(0.,0.,1.));
#3460=DIRECTION('',(3.48179575463053E-16,-0.965925826289068,-0.258819045102521));
#3461=DIRECTION('',(3.60462020982194E-16,-1.,0.));
#3462=DIRECTION('',(0.,0.961848214025045,-0.273583649322893));
#3463=DIRECTION('',(0.,0.258819045102521,-0.965925826289068));
#3464=DIRECTION('',(-3.48179575463053E-16,0.965925826289068,0.258819045102521));
#3465=DIRECTION('',(3.60462020982194E-16,-1.,0.));
#3466=DIRECTION('',(0.,0.,1.));
#3467=DIRECTION('',(-3.48179575463053E-16,0.965925826289068,0.258819045102521));
#3468=DIRECTION('',(0.,0.258819045102521,-0.965925826289068));
#3469=DIRECTION('',(-1.,0.,0.));
#3470=DIRECTION('',(0.,0.,1.));
#3471=DIRECTION('',(0.,-1.,0.));
#3472=DIRECTION('',(0.,0.0989862986970849,-0.995088796374601));
#3473=DIRECTION('',(0.,-0.965925826289068,-0.258819045102521));
#3474=DIRECTION('',(0.,1.,0.));
#3475=DIRECTION('',(0.,0.,1.));
#3476=DIRECTION('',(0.,0.961848214025045,-0.273583649322893));
#3477=DIRECTION('',(0.,1.,0.));
#3478=DIRECTION('',(0.,0.965925826289068,0.258819045102521));
#3479=DIRECTION('',(0.,0.,-1.));
#3480=DIRECTION('',(0.,0.258819045102521,-0.965925826289068));
#3481=DIRECTION('',(0.,0.965925826289068,0.258819045102521));
#3482=DIRECTION('',(0.,0.258819045102521,-0.965925826289068));
#3483=DIRECTION('',(-1.,0.,0.));
#3484=DIRECTION('',(0.,-1.,0.));
#3485=DIRECTION('',(0.,-0.965925826289068,-0.258819045102521));
#3486=DIRECTION('',(0.,0.258819045102521,-0.965925826289068));
#3487=DIRECTION('',(0.,0.965925826289068,0.258819045102521));
#3488=DIRECTION('',(0.,0.25881904510252,-0.965925826289069));
#3489=DIRECTION('',(1.,0.,0.));
#3490=DIRECTION('',(0.,1.,0.));
#3491=DIRECTION('',(0.,-0.965925826289068,-0.258819045102521));
#3492=DIRECTION('',(0.,-0.258819045102521,0.965925826289068));
#3493=DIRECTION('',(0.,-0.965925826289068,-0.258819045102521));
#3494=DIRECTION('',(0.,-0.258819045102521,0.965925826289068));
#3495=DIRECTION('',(1.,3.60462020982194E-16,0.));
#3496=DIRECTION('',(-3.60462020982194E-16,1.,0.));
#3497=DIRECTION('',(1.,3.60462020982194E-16,0.));
#3498=DIRECTION('',(-3.60462020982194E-16,1.,0.));
#3499=DIRECTION('',(1.,3.60462020982194E-16,0.));
#3500=DIRECTION('',(-3.60462020982194E-16,1.,0.));
#3501=DIRECTION('',(1.,3.60462020982194E-16,0.));
#3502=DIRECTION('',(-3.60462020982194E-16,1.,0.));
#3503=DIRECTION('',(1.,3.60462020982194E-16,0.));
#3504=DIRECTION('',(-3.60462020982194E-16,1.,0.));
#3505=DIRECTION('',(1.,3.60462020982194E-16,0.));
#3506=DIRECTION('',(-3.60462020982194E-16,1.,0.));
#3507=DIRECTION('',(1.,3.60462020982194E-16,0.));
#3508=DIRECTION('',(-3.60462020982194E-16,1.,0.));
#3509=DIRECTION('',(1.,3.60462020982194E-16,0.));
#3510=DIRECTION('',(-3.60462020982194E-16,1.,0.));
#3511=DIRECTION('',(1.,3.60462020982194E-16,0.));
#3512=DIRECTION('',(-3.60462020982194E-16,1.,0.));
#3513=DIRECTION('',(1.,3.60462020982194E-16,0.));
#3514=DIRECTION('',(-3.60462020982194E-16,1.,0.));
#3515=DIRECTION('',(1.,3.60462020982194E-16,0.));
#3516=DIRECTION('',(-3.60462020982194E-16,1.,0.));
#3517=DIRECTION('',(1.,3.60462020982194E-16,0.));
#3518=DIRECTION('',(-3.60462020982194E-16,1.,0.));
#3519=DIRECTION('',(1.,3.60462020982194E-16,0.));
#3520=DIRECTION('',(-3.60462020982194E-16,1.,0.));
#3521=DIRECTION('',(1.,3.60462020982194E-16,0.));
#3522=DIRECTION('',(-3.60462020982194E-16,1.,0.));
#3523=DIRECTION('',(1.,0.,0.));
#3524=DIRECTION('',(0.,-1.,0.));
#3525=DIRECTION('',(-1.,0.,0.));
#3526=DIRECTION('',(0.,0.,1.));
#3527=DIRECTION('',(1.,0.,0.));
#3528=DIRECTION('',(0.,-1.,0.));
#3529=DIRECTION('',(-1.,0.,0.));
#3530=DIRECTION('',(0.,0.,1.));
#3531=DIRECTION('',(1.,0.,0.));
#3532=DIRECTION('',(0.,-1.,0.));
#3533=DIRECTION('',(-1.,0.,0.));
#3534=DIRECTION('',(0.,0.,1.));
#3535=DIRECTION('',(1.,0.,0.));
#3536=DIRECTION('',(0.,-1.,0.));
#3537=DIRECTION('',(-1.,0.,0.));
#3538=DIRECTION('',(0.,0.,1.));
#3539=DIRECTION('',(1.,0.,0.));
#3540=DIRECTION('',(0.,-1.,0.));
#3541=DIRECTION('',(-1.,0.,0.));
#3542=DIRECTION('',(0.,0.,1.));
#3543=DIRECTION('',(1.,0.,0.));
#3544=DIRECTION('',(0.,-1.,0.));
#3545=DIRECTION('',(-1.,0.,0.));
#3546=DIRECTION('',(0.,0.,1.));
#3547=DIRECTION('',(1.,0.,0.));
#3548=DIRECTION('',(0.,-1.,0.));
#3549=DIRECTION('',(-1.,0.,0.));
#3550=DIRECTION('',(0.,0.,1.));
#3551=DIRECTION('',(0.,0.,-1.));
#3552=DIRECTION('',(1.,0.,0.));
#3553=DIRECTION('',(1.,0.,0.));
#3554=DIRECTION('',(0.,1.,0.));
#3555=DIRECTION('',(1.,0.,0.));
#3556=DIRECTION('',(0.,1.,0.));
#3557=DIRECTION('',(0.,0.,-1.));
#3558=DIRECTION('',(1.,0.,0.));
#3559=DIRECTION('',(0.,-1.,0.));
#3560=DIRECTION('',(1.,0.,0.));
#3561=DIRECTION('',(0.,-1.,0.));
#3562=DIRECTION('',(1.,0.,0.));
#3563=DIRECTION('',(-1.72555369582573E-15,0.965925826289069,0.258819045102521));
#3564=DIRECTION('',(-1.,-1.66675687944662E-15,-4.46606159826741E-16));
#3565=DIRECTION('',(-1.72555369582573E-15,0.965925826289069,0.258819045102521));
#3566=DIRECTION('',(0.,-0.258819045102521,0.965925826289068));
#3567=DIRECTION('',(-1.72555369582573E-15,0.965925826289069,0.258819045102521));
#3568=DIRECTION('',(-1.,-1.66675687944662E-15,-4.46606159826741E-16));
#3569=DIRECTION('',(-1.72555369582573E-15,0.965925826289069,0.258819045102521));
#3570=DIRECTION('',(0.,-0.258819045102521,0.965925826289068));
#3571=DIRECTION('',(-1.72555369582573E-15,0.965925826289069,0.258819045102521));
#3572=DIRECTION('',(-1.,-1.66675687944662E-15,-4.46606159826741E-16));
#3573=DIRECTION('',(-1.72555369582573E-15,0.965925826289069,0.258819045102521));
#3574=DIRECTION('',(0.,-0.258819045102521,0.965925826289068));
#3575=DIRECTION('',(-1.72555369582573E-15,0.965925826289069,0.258819045102521));
#3576=DIRECTION('',(-1.,-1.66675687944662E-15,-4.46606159826741E-16));
#3577=DIRECTION('',(-1.72555369582573E-15,0.965925826289069,0.258819045102521));
#3578=DIRECTION('',(0.,-0.258819045102521,0.965925826289068));
#3579=DIRECTION('',(-1.72555369582573E-15,0.965925826289069,0.258819045102521));
#3580=DIRECTION('',(-1.,-1.66675687944662E-15,-4.46606159826741E-16));
#3581=DIRECTION('',(-1.72555369582573E-15,0.965925826289069,0.258819045102521));
#3582=DIRECTION('',(0.,-0.258819045102521,0.965925826289068));
#3583=DIRECTION('',(-1.72555369582573E-15,0.965925826289069,0.258819045102521));
#3584=DIRECTION('',(-1.,-1.66675687944662E-15,-4.46606159826741E-16));
#3585=DIRECTION('',(-1.72555369582573E-15,0.965925826289069,0.258819045102521));
#3586=DIRECTION('',(0.,-0.258819045102521,0.965925826289068));
#3587=DIRECTION('',(-1.72555369582573E-15,0.965925826289069,0.258819045102521));
#3588=DIRECTION('',(-1.,-1.66675687944662E-15,-4.46606159826741E-16));
#3589=DIRECTION('',(-1.72555369582573E-15,0.965925826289069,0.258819045102521));
#3590=DIRECTION('',(0.,-0.258819045102521,0.965925826289068));
#3591=DIRECTION('',(-1.72555369582573E-15,0.965925826289069,0.258819045102521));
#3592=DIRECTION('',(-1.,-1.66675687944662E-15,-4.46606159826741E-16));
#3593=DIRECTION('',(-1.72555369582573E-15,0.965925826289069,0.258819045102521));
#3594=DIRECTION('',(0.,-0.258819045102521,0.965925826289068));
#3595=DIRECTION('',(-1.72555369582573E-15,0.965925826289069,0.258819045102521));
#3596=DIRECTION('',(-1.,-1.66675687944662E-15,-4.46606159826741E-16));
#3597=DIRECTION('',(-1.72555369582573E-15,0.965925826289069,0.258819045102521));
#3598=DIRECTION('',(0.,-0.258819045102521,0.965925826289068));
#3599=DIRECTION('',(-1.72555369582573E-15,0.965925826289069,0.258819045102521));
#3600=DIRECTION('',(-1.,-1.66675687944662E-15,-4.46606159826741E-16));
#3601=DIRECTION('',(-1.72555369582573E-15,0.965925826289069,0.258819045102521));
#3602=DIRECTION('',(0.,-0.258819045102521,0.965925826289068));
#3603=DIRECTION('',(-1.72555369582573E-15,0.965925826289069,0.258819045102521));
#3604=DIRECTION('',(-1.,-1.66675687944662E-15,-4.46606159826741E-16));
#3605=DIRECTION('',(-1.72555369582573E-15,0.965925826289069,0.258819045102521));
#3606=DIRECTION('',(0.,-0.258819045102521,0.965925826289068));
#3607=DIRECTION('',(0.,0.258819045102521,-0.965925826289068));
#3608=DIRECTION('',(1.,0.,0.));
#3609=DIRECTION('',(-0.825664277064947,0.54493842286286,0.146015810330793));
#3610=DIRECTION('',(-1.,0.,0.));
#3611=DIRECTION('',(-1.,0.,0.));
#3612=DIRECTION('',(0.,0.,1.));
#3613=DIRECTION('',(1.,0.,0.));
#3614=DIRECTION('',(0.,0.,1.));
#3615=DIRECTION('',(1.,0.,0.));
#3616=DIRECTION('',(0.,0.,1.));
#3617=DIRECTION('',(1.,0.,0.));
#3618=DIRECTION('',(0.,0.,1.));
#3619=DIRECTION('',(1.,0.,0.));
#3620=DIRECTION('',(0.,0.,1.));
#3621=DIRECTION('',(1.,0.,0.));
#3622=DIRECTION('',(0.,0.,1.));
#3623=DIRECTION('',(1.,0.,0.));
#3624=DIRECTION('',(0.,0.,1.));
#3625=DIRECTION('',(1.,0.,0.));
#3626=DIRECTION('',(0.,0.,1.));
#3627=DIRECTION('',(1.,0.,0.));
#3628=DIRECTION('',(0.,0.,1.));
#3629=DIRECTION('',(1.,0.,0.));
#3630=DIRECTION('',(0.,0.,1.));
#3631=DIRECTION('',(1.,0.,0.));
#3632=DIRECTION('',(0.,0.,1.));
#3633=DIRECTION('',(1.,0.,0.));
#3634=DIRECTION('',(0.,0.,1.));
#3635=DIRECTION('',(1.,0.,0.));
#3636=DIRECTION('',(0.,0.,1.));
#3637=DIRECTION('',(1.,0.,0.));
#3638=DIRECTION('',(0.,0.,1.));
#3639=DIRECTION('',(1.,0.,0.));
#3640=DIRECTION('',(0.,0.,1.));
#3641=DIRECTION('',(1.,0.,0.));
#3642=DIRECTION('',(0.,0.,1.));
#3643=DIRECTION('',(1.,0.,0.));
#3644=DIRECTION('',(0.,1.,0.));
#3645=DIRECTION('',(-1.,0.,0.));
#3646=DIRECTION('',(0.,1.,0.));
#3647=DIRECTION('',(0.,0.,1.));
#3648=DIRECTION('',(0.,1.,0.));
#3649=DIRECTION('',(-1.,0.,0.));
#3650=DIRECTION('',(0.,1.,0.));
#3651=DIRECTION('',(0.,0.,1.));
#3652=DIRECTION('',(0.,1.,0.));
#3653=DIRECTION('',(-1.,0.,0.));
#3654=DIRECTION('',(0.,1.,0.));
#3655=DIRECTION('',(0.,0.,1.));
#3656=DIRECTION('',(1.,3.60462020982194E-16,0.));
#3657=DIRECTION('',(-3.60462020982194E-16,1.,0.));
#3658=DIRECTION('',(1.,3.60462020982194E-16,0.));
#3659=DIRECTION('',(-3.60462020982194E-16,1.,0.));
#3660=DIRECTION('',(1.,3.60462020982194E-16,0.));
#3661=DIRECTION('',(-3.60462020982194E-16,1.,0.));
#3662=DIRECTION('',(1.,3.60462020982194E-16,0.));
#3663=DIRECTION('',(-3.60462020982194E-16,1.,0.));
#3664=DIRECTION('',(1.,3.60462020982194E-16,0.));
#3665=DIRECTION('',(-3.60462020982194E-16,1.,0.));
#3666=DIRECTION('',(1.,3.60462020982194E-16,0.));
#3667=DIRECTION('',(-3.60462020982194E-16,1.,0.));
#3668=DIRECTION('',(1.,3.60462020982194E-16,0.));
#3669=DIRECTION('',(-3.60462020982194E-16,1.,0.));
#3670=DIRECTION('',(1.,3.60462020982194E-16,0.));
#3671=DIRECTION('',(-3.60462020982194E-16,1.,0.));
#3672=DIRECTION('',(1.,3.60462020982194E-16,0.));
#3673=DIRECTION('',(-3.60462020982194E-16,1.,0.));
#3674=DIRECTION('',(1.,3.60462020982194E-16,0.));
#3675=DIRECTION('',(-3.60462020982194E-16,1.,0.));
#3676=DIRECTION('',(1.,3.60462020982194E-16,0.));
#3677=DIRECTION('',(-3.60462020982194E-16,1.,0.));
#3678=DIRECTION('',(1.,3.60462020982194E-16,0.));
#3679=DIRECTION('',(-3.60462020982194E-16,1.,0.));
#3680=DIRECTION('',(1.,3.60462020982194E-16,0.));
#3681=DIRECTION('',(-3.60462020982194E-16,1.,0.));
#3682=DIRECTION('',(1.,3.60462020982194E-16,0.));
#3683=DIRECTION('',(-3.60462020982194E-16,1.,0.));
#3684=DIRECTION('',(0.,0.965925826289068,0.258819045102521));
#3685=DIRECTION('',(-1.,0.,0.));
#3686=DIRECTION('',(0.,0.965925826289068,0.258819045102521));
#3687=DIRECTION('',(0.,-0.258819045102521,0.965925826289068));
#3688=DIRECTION('',(0.,0.965925826289068,0.258819045102521));
#3689=DIRECTION('',(-1.,0.,0.));
#3690=DIRECTION('',(0.,0.965925826289068,0.258819045102521));
#3691=DIRECTION('',(0.,-0.258819045102521,0.965925826289068));
#3692=DIRECTION('',(0.,0.965925826289068,0.258819045102521));
#3693=DIRECTION('',(-1.,0.,0.));
#3694=DIRECTION('',(0.,0.965925826289068,0.258819045102521));
#3695=DIRECTION('',(0.,-0.258819045102521,0.965925826289068));
#3696=DIRECTION('',(0.,0.965925826289068,0.258819045102521));
#3697=DIRECTION('',(-1.,0.,0.));
#3698=DIRECTION('',(0.,0.965925826289068,0.258819045102521));
#3699=DIRECTION('',(0.,-0.258819045102521,0.965925826289068));
#3700=DIRECTION('',(0.,0.965925826289068,0.258819045102521));
#3701=DIRECTION('',(-1.,0.,0.));
#3702=DIRECTION('',(0.,0.965925826289068,0.258819045102521));
#3703=DIRECTION('',(0.,-0.258819045102521,0.965925826289068));
#3704=DIRECTION('',(0.,0.965925826289068,0.258819045102521));
#3705=DIRECTION('',(-1.,0.,0.));
#3706=DIRECTION('',(0.,0.965925826289068,0.258819045102521));
#3707=DIRECTION('',(0.,-0.258819045102521,0.965925826289068));
#3708=DIRECTION('',(0.,0.965925826289068,0.258819045102521));
#3709=DIRECTION('',(-1.,0.,0.));
#3710=DIRECTION('',(0.,0.965925826289068,0.258819045102521));
#3711=DIRECTION('',(0.,-0.258819045102521,0.965925826289068));
#3712=DIRECTION('',(0.,0.965925826289068,0.258819045102521));
#3713=DIRECTION('',(-1.,0.,0.));
#3714=DIRECTION('',(0.,0.965925826289068,0.258819045102521));
#3715=DIRECTION('',(0.,-0.258819045102521,0.965925826289068));
#3716=DIRECTION('',(0.,0.965925826289068,0.258819045102521));
#3717=DIRECTION('',(-1.,0.,0.));
#3718=DIRECTION('',(0.,0.965925826289068,0.258819045102521));
#3719=DIRECTION('',(0.,-0.258819045102521,0.965925826289068));
#3720=DIRECTION('',(0.,0.965925826289068,0.258819045102521));
#3721=DIRECTION('',(-1.,0.,0.));
#3722=DIRECTION('',(0.,0.965925826289068,0.258819045102521));
#3723=DIRECTION('',(0.,-0.258819045102521,0.965925826289068));
#3724=DIRECTION('',(0.,0.965925826289068,0.258819045102521));
#3725=DIRECTION('',(-1.,0.,0.));
#3726=DIRECTION('',(0.,0.965925826289068,0.258819045102521));
#3727=DIRECTION('',(0.,-0.258819045102521,0.965925826289068));
#3728=DIRECTION('',(1.,0.,0.));
#3729=DIRECTION('',(0.,0.,1.));
#3730=DIRECTION('',(-1.,0.,0.));
#3731=DIRECTION('',(0.,0.,1.));
#3732=DIRECTION('',(1.,0.,0.));
#3733=DIRECTION('',(0.,0.,1.));
#3734=DIRECTION('',(-1.,0.,0.));
#3735=DIRECTION('',(0.,0.,1.));
#3736=DIRECTION('',(1.,0.,0.));
#3737=DIRECTION('',(0.,0.,1.));
#3738=DIRECTION('',(-1.,0.,0.));
#3739=DIRECTION('',(0.,0.,1.));
#3740=DIRECTION('',(1.,0.,0.));
#3741=DIRECTION('',(0.,0.,1.));
#3742=DIRECTION('',(-1.,0.,0.));
#3743=DIRECTION('',(0.,0.,1.));
#3744=DIRECTION('',(1.,0.,0.));
#3745=DIRECTION('',(0.,0.,1.));
#3746=DIRECTION('',(-1.,0.,0.));
#3747=DIRECTION('',(0.,0.,1.));
#3748=DIRECTION('',(1.,0.,0.));
#3749=DIRECTION('',(0.,0.,1.));
#3750=DIRECTION('',(-1.,0.,0.));
#3751=DIRECTION('',(0.,0.,1.));
#3752=DIRECTION('',(1.,0.,0.));
#3753=DIRECTION('',(0.,0.,1.));
#3754=DIRECTION('',(-1.,0.,0.));
#3755=DIRECTION('',(0.,0.,1.));
#3756=DIRECTION('',(3.37211244615043E-17,-0.965925826289069,-0.258819045102521));
#3757=DIRECTION('',(-1.,-3.25721050088751E-17,-8.72766923290979E-18));
#3758=DIRECTION('',(-3.37211244615043E-17,0.965925826289069,0.258819045102521));
#3759=DIRECTION('',(-4.62223186652937E-33,-0.258819045102521,0.965925826289068));
#3760=DIRECTION('',(3.37211244615043E-17,-0.965925826289069,-0.258819045102521));
#3761=DIRECTION('',(-1.,-3.25721050088751E-17,-8.72766923290979E-18));
#3762=DIRECTION('',(-3.37211244615043E-17,0.965925826289069,0.258819045102521));
#3763=DIRECTION('',(-4.62223186652937E-33,-0.258819045102521,0.965925826289068));
#3764=DIRECTION('',(3.37211244615043E-17,-0.965925826289069,-0.258819045102521));
#3765=DIRECTION('',(-1.,-3.25721050088751E-17,-8.72766923290979E-18));
#3766=DIRECTION('',(-3.37211244615043E-17,0.965925826289069,0.258819045102521));
#3767=DIRECTION('',(-4.62223186652937E-33,-0.258819045102521,0.965925826289068));
#3768=DIRECTION('',(3.37211244615043E-17,-0.965925826289069,-0.258819045102521));
#3769=DIRECTION('',(-1.,-3.25721050088751E-17,-8.72766923290979E-18));
#3770=DIRECTION('',(-3.37211244615043E-17,0.965925826289069,0.258819045102521));
#3771=DIRECTION('',(-4.62223186652937E-33,-0.258819045102521,0.965925826289068));
#3772=DIRECTION('',(3.37211244615043E-17,-0.965925826289069,-0.258819045102521));
#3773=DIRECTION('',(-1.,-3.25721050088751E-17,-8.72766923290979E-18));
#3774=DIRECTION('',(-3.37211244615043E-17,0.965925826289069,0.258819045102521));
#3775=DIRECTION('',(-4.62223186652937E-33,-0.258819045102521,0.965925826289068));
#3776=DIRECTION('',(3.37211244615043E-17,-0.965925826289069,-0.258819045102521));
#3777=DIRECTION('',(-1.,-3.25721050088751E-17,-8.72766923290979E-18));
#3778=DIRECTION('',(-3.37211244615043E-17,0.965925826289069,0.258819045102521));
#3779=DIRECTION('',(-4.62223186652937E-33,-0.258819045102521,0.965925826289068));
#3780=DIRECTION('',(3.37211244615043E-17,-0.965925826289069,-0.258819045102521));
#3781=DIRECTION('',(-1.,-3.25721050088751E-17,-8.72766923290979E-18));
#3782=DIRECTION('',(-3.37211244615043E-17,0.965925826289069,0.258819045102521));
#3783=DIRECTION('',(-4.62223186652937E-33,-0.258819045102521,0.965925826289068));
#3784=DIRECTION('',(3.37211244615043E-17,-0.965925826289069,-0.258819045102521));
#3785=DIRECTION('',(-1.,-3.25721050088751E-17,-8.72766923290979E-18));
#3786=DIRECTION('',(-3.37211244615043E-17,0.965925826289069,0.258819045102521));
#3787=DIRECTION('',(-4.62223186652937E-33,-0.258819045102521,0.965925826289068));
#3788=DIRECTION('',(3.37211244615043E-17,-0.965925826289069,-0.258819045102521));
#3789=DIRECTION('',(-1.,-3.25721050088751E-17,-8.72766923290979E-18));
#3790=DIRECTION('',(-3.37211244615043E-17,0.965925826289069,0.258819045102521));
#3791=DIRECTION('',(-4.62223186652937E-33,-0.258819045102521,0.965925826289068));
#3792=DIRECTION('',(3.37211244615043E-17,-0.965925826289069,-0.258819045102521));
#3793=DIRECTION('',(-1.,-3.25721050088751E-17,-8.72766923290979E-18));
#3794=DIRECTION('',(-3.37211244615043E-17,0.965925826289069,0.258819045102521));
#3795=DIRECTION('',(-4.62223186652937E-33,-0.258819045102521,0.965925826289068));
#3796=DIRECTION('',(3.37211244615043E-17,-0.965925826289069,-0.258819045102521));
#3797=DIRECTION('',(-1.,-3.25721050088751E-17,-8.72766923290979E-18));
#3798=DIRECTION('',(-3.37211244615043E-17,0.965925826289069,0.258819045102521));
#3799=DIRECTION('',(-4.62223186652937E-33,-0.258819045102521,0.965925826289068));
#3800=DIRECTION('',(0.,0.258819045102521,-0.965925826289068));
#3801=DIRECTION('',(0.,0.965925826289069,0.258819045102521));
#3802=DIRECTION('',(0.,0.965925826289068,0.258819045102521));
#3803=DIRECTION('',(1.,0.,0.));
#3804=DIRECTION('',(1.,0.,0.));
#3805=DIRECTION('',(0.,0.,-1.));
#3806=DIRECTION('',(-1.,0.,0.));
#3807=DIRECTION('',(0.,0.258819045102521,-0.965925826289068));
#3808=DIRECTION('',(0.,-0.965925826289068,-0.258819045102521));
#3809=DIRECTION('',(0.,0.,1.));
#3810=DIRECTION('',(1.,0.,0.));
#3811=DIRECTION('',(0.,0.,-1.));
#3812=DIRECTION('',(-1.,0.,0.));
#3813=DIRECTION('',(0.,0.258819045102521,-0.965925826289068));
#3814=DIRECTION('',(0.,-0.965925826289068,-0.258819045102521));
#3815=DIRECTION('',(0.,0.,1.));
#3816=DIRECTION('',(1.,0.,0.));
#3817=DIRECTION('',(0.,0.,1.));
#3818=DIRECTION('',(1.,0.,0.));
#3819=DIRECTION('',(1.,0.,0.));
#3820=DIRECTION('',(1.,0.,0.));
#3821=DIRECTION('',(0.,-1.,0.));
#3822=DIRECTION('',(1.,0.,0.));
#3823=DIRECTION('',(0.,-1.,0.));
#3824=DIRECTION('',(-1.,0.,0.));
#3825=DIRECTION('',(0.,-1.,0.));
#3826=DIRECTION('',(1.,3.08395284618099E-16,0.));
#3827=DIRECTION('',(-3.60462020982194E-16,1.,0.));
#3828=DIRECTION('',(1.,0.,0.));
#3829=DIRECTION('',(1.,0.,0.));
#3830=DIRECTION('',(0.,0.,-1.));
#3831=DIRECTION('',(0.,-0.965925826289068,-0.258819045102521));
#3832=DIRECTION('',(0.,0.,-1.));
#3833=DIRECTION('',(0.,1.,0.));
#3834=DIRECTION('',(0.,0.,1.));
#3835=DIRECTION('',(0.,0.,-1.));
#3836=DIRECTION('',(1.,0.,0.));
#3837=DIRECTION('',(1.,0.,0.));
#3838=DIRECTION('',(0.,0.,-1.));
#3839=DIRECTION('',(0.,-0.965925826289068,-0.258819045102521));
#3840=DIRECTION('',(0.,0.,-1.));
#3841=DIRECTION('',(0.,-1.,0.));
#3842=DIRECTION('',(0.,0.,-1.));
#3843=DIRECTION('',(0.,0.,1.));
#3844=DIRECTION('',(1.,0.,0.));
#3845=DIRECTION('',(-0.550842208330735,-0.834609406561728,0.));
#3846=DIRECTION('',(0.834609406561728,-0.550842208330735,0.));
#3847=DIRECTION('',(0.,0.,1.));
#3848=DIRECTION('',(-0.825664277064947,0.54493842286286,0.146015810330793));
#3849=DIRECTION('',(-0.825664277064947,0.54493842286286,0.146015810330793));
#3850=DIRECTION('',(0.834609406561728,-0.550842208330735,0.));
#3851=DIRECTION('',(-1.,0.,0.));
#3852=DIRECTION('',(0.,0.,1.));
#3853=DIRECTION('',(0.,1.,0.));
#3854=DIRECTION('',(0.,0.,-1.));
#3855=DIRECTION('',(0.,0.,-1.));
#3856=DIRECTION('',(0.,1.,0.));
#3857=DIRECTION('',(0.,0.,1.));
#3858=DIRECTION('',(1.,0.,0.));
#3859=DIRECTION('',(0.,0.,-1.));
#3860=DIRECTION('',(-1.,0.,0.));
#3861=DIRECTION('',(0.,0.,1.));
#3862=DIRECTION('',(0.,1.,0.));
#3863=DIRECTION('',(0.,0.,-1.));
#3864=DIRECTION('',(0.,1.,0.));
#3865=DIRECTION('',(0.,0.,1.));
#3866=DIRECTION('',(1.,0.,0.));
#3867=DIRECTION('',(0.,1.,0.));
#3868=DIRECTION('',(0.,0.,1.));
#3869=DIRECTION('',(1.,0.,0.));
#3870=DIRECTION('',(0.,0.,-1.));
#3871=DIRECTION('',(0.,0.,-1.));
#3872=DIRECTION('',(1.,0.,0.));
#3873=DIRECTION('',(0.,0.,-1.));
#3874=DIRECTION('',(0.,-1.,0.));
#3875=DIRECTION('',(0.,0.,-1.));
#3876=DIRECTION('',(0.,1.,0.));
#3877=DIRECTION('',(0.,0.,1.));
#3878=DIRECTION('',(1.,0.,0.));
#3879=DIRECTION('',(0.,0.,-1.));
#3880=DIRECTION('',(1.,0.,0.));
#3881=DIRECTION('',(0.,0.,-1.));
#3882=DIRECTION('',(0.,-1.,0.));
#3883=DIRECTION('',(-1.72555369582573E-15,0.965925826289069,0.258819045102521));
#3884=DIRECTION('',(0.,-0.258819045102521,0.965925826289068));
#3885=DIRECTION('',(-1.72555369582573E-15,0.965925826289069,0.258819045102521));
#3886=DIRECTION('',(0.,-0.258819045102521,0.965925826289068));
#3887=DIRECTION('',(-1.72555369582573E-15,0.965925826289069,0.258819045102521));
#3888=DIRECTION('',(0.,-0.258819045102521,0.965925826289068));
#3889=DIRECTION('',(-1.72555369582573E-15,0.965925826289069,0.258819045102521));
#3890=DIRECTION('',(0.,-0.258819045102521,0.965925826289068));
#3891=DIRECTION('',(-1.72555369582573E-15,0.965925826289069,0.258819045102521));
#3892=DIRECTION('',(0.,-0.258819045102521,0.965925826289068));
#3893=DIRECTION('',(-1.72555369582573E-15,0.965925826289069,0.258819045102521));
#3894=DIRECTION('',(0.,-0.258819045102521,0.965925826289068));
#3895=DIRECTION('',(-1.72555369582573E-15,0.965925826289069,0.258819045102521));
#3896=DIRECTION('',(0.,-0.258819045102521,0.965925826289068));
#3897=DIRECTION('',(-1.72555369582573E-15,0.965925826289069,0.258819045102521));
#3898=DIRECTION('',(0.,-0.258819045102521,0.965925826289068));
#3899=DIRECTION('',(-1.72555369582573E-15,0.965925826289069,0.258819045102521));
#3900=DIRECTION('',(0.,-0.258819045102521,0.965925826289068));
#3901=DIRECTION('',(-1.72555369582573E-15,0.965925826289069,0.258819045102521));
#3902=DIRECTION('',(0.,-0.258819045102521,0.965925826289068));
#3903=DIRECTION('',(-1.72555369582573E-15,0.965925826289069,0.258819045102521));
#3904=DIRECTION('',(0.,-0.258819045102521,0.965925826289068));
#3905=DIRECTION('',(-1.72555369582573E-15,0.965925826289069,0.258819045102521));
#3906=DIRECTION('',(0.,-0.258819045102521,0.965925826289068));
#3907=DIRECTION('',(-1.72555369582573E-15,0.965925826289069,0.258819045102521));
#3908=DIRECTION('',(0.,-0.258819045102521,0.965925826289068));
#3909=DIRECTION('',(-1.72555369582573E-15,0.965925826289069,0.258819045102521));
#3910=DIRECTION('',(0.,-0.258819045102521,0.965925826289068));
#3911=DIRECTION('',(-1.72555369582573E-15,0.965925826289069,0.258819045102521));
#3912=DIRECTION('',(0.,-0.258819045102521,0.965925826289068));
#3913=DIRECTION('',(-1.72555369582573E-15,0.965925826289069,0.258819045102521));
#3914=DIRECTION('',(0.,-0.258819045102521,0.965925826289068));
#3915=DIRECTION('',(-1.72555369582573E-15,0.965925826289069,0.258819045102521));
#3916=DIRECTION('',(0.,-0.258819045102521,0.965925826289068));
#3917=DIRECTION('',(-1.72555369582573E-15,0.965925826289069,0.258819045102521));
#3918=DIRECTION('',(0.,-0.258819045102521,0.965925826289068));
#3919=DIRECTION('',(-1.72555369582573E-15,0.965925826289069,0.258819045102521));
#3920=DIRECTION('',(0.,-0.258819045102521,0.965925826289068));
#3921=DIRECTION('',(-1.72555369582573E-15,0.965925826289069,0.258819045102521));
#3922=DIRECTION('',(0.,-0.258819045102521,0.965925826289068));
#3923=DIRECTION('',(-1.72555369582573E-15,0.965925826289069,0.258819045102521));
#3924=DIRECTION('',(0.,-0.258819045102521,0.965925826289068));
#3925=DIRECTION('',(-1.72555369582573E-15,0.965925826289069,0.258819045102521));
#3926=DIRECTION('',(0.,-0.258819045102521,0.965925826289068));
#3927=DIRECTION('',(0.,-0.965925826289068,-0.258819045102521));
#3928=DIRECTION('',(0.,0.258819045102521,-0.965925826289068));
#3929=DIRECTION('',(0.,0.258819045102521,-0.965925826289068));
#3930=DIRECTION('',(-1.,0.,0.));
#3931=DIRECTION('',(-1.,0.,0.));
#3932=DIRECTION('',(1.,0.,0.));
#3933=DIRECTION('',(0.,-0.965925826289068,-0.258819045102521));
#3934=DIRECTION('',(0.,0.258819045102521,-0.965925826289069));
#3935=DIRECTION('',(0.,0.258819045102521,-0.965925826289068));
#3936=DIRECTION('',(-1.,0.,0.));
#3937=DIRECTION('',(0.,0.258819045102521,-0.965925826289068));
#3938=DIRECTION('',(1.,0.,0.));
#3939=DIRECTION('',(0.,-0.258819045102521,0.965925826289068));
#3940=DIRECTION('',(0.,-0.965925826289069,-0.258819045102521));
#3941=DIRECTION('',(0.,0.258819045102521,-0.965925826289068));
#3942=DIRECTION('',(0.,0.965925826289068,0.258819045102521));
#3943=DIRECTION('',(0.,0.258819045102521,-0.965925826289068));
#3944=DIRECTION('',(0.,0.965925826289068,0.258819045102521));
#3945=DIRECTION('',(0.,-0.258819045102521,0.965925826289068));
#3946=DIRECTION('',(0.,-0.965925826289069,-0.258819045102521));
#3947=DIRECTION('',(0.,0.258819045102521,-0.965925826289068));
#3948=DIRECTION('',(0.,0.965925826289068,0.258819045102521));
#3949=DIRECTION('',(0.,0.258819045102521,-0.965925826289068));
#3950=DIRECTION('',(0.,0.965925826289068,0.258819045102521));
#3951=DIRECTION('',(0.,-0.258819045102521,0.965925826289068));
#3952=DIRECTION('',(0.,-0.965925826289069,-0.258819045102521));
#3953=DIRECTION('',(0.,0.258819045102521,-0.965925826289068));
#3954=DIRECTION('',(0.,0.965925826289068,0.258819045102521));
#3955=DIRECTION('',(0.,0.258819045102521,-0.965925826289068));
#3956=DIRECTION('',(0.,0.965925826289068,0.258819045102521));
#3957=DIRECTION('',(0.,-1.,0.));
#3958=DIRECTION('',(0.,0.,-1.));
#3959=DIRECTION('',(0.,0.,-1.));
#3960=DIRECTION('',(1.,0.,0.));
#3961=DIRECTION('',(0.,0.,-1.));
#3962=DIRECTION('',(-1.,0.,0.));
#3963=DIRECTION('',(-1.,0.,0.));
#3964=DIRECTION('',(0.,0.,1.));
#3965=DIRECTION('',(0.,-0.965925826289068,-0.258819045102521));
#3966=DIRECTION('',(0.,1.,0.));
#3967=DIRECTION('',(0.,0.,-1.));
#3968=DIRECTION('',(-1.,0.,0.));
#3969=DIRECTION('',(0.,0.,1.));
#3970=DIRECTION('',(0.,0.,-1.));
#3971=DIRECTION('',(0.,-0.965925826289068,-0.258819045102521));
#3972=DIRECTION('',(0.,0.,-1.));
#3973=DIRECTION('',(0.,1.,0.));
#3974=DIRECTION('',(0.,-1.,0.));
#3975=DIRECTION('',(0.,0.,-1.));
#3976=DIRECTION('',(0.,0.,-1.));
#3977=DIRECTION('',(1.,0.,0.));
#3978=DIRECTION('',(-1.,0.,0.));
#3979=DIRECTION('',(0.55084220833074,0.834609406561724,0.));
#3980=DIRECTION('',(-0.834609406561724,0.55084220833074,0.));
#3981=DIRECTION('',(-0.825664277064943,0.544938422862865,0.146015810330794));
#3982=DIRECTION('',(0.834609406561724,-0.55084220833074,0.));
#3983=DIRECTION('',(0.,0.,-1.));
#3984=DIRECTION('',(0.,-1.,0.));
#3985=DIRECTION('',(0.,0.,-1.));
#3986=DIRECTION('',(-1.,0.,0.));
#3987=DIRECTION('',(0.,0.,-1.));
#3988=DIRECTION('',(-1.,0.,0.));
#3989=DIRECTION('',(1.,0.,0.));
#3990=DIRECTION('',(0.,0.,-1.));
#3991=DIRECTION('',(0.,-1.,0.));
#3992=DIRECTION('',(0.,0.,-1.));
#3993=DIRECTION('',(-3.08395284618099E-16,1.,0.));
#3994=DIRECTION('',(-1.,-3.08395284618099E-16,0.));
#3995=DIRECTION('',(1.,3.08395284618099E-16,0.));
#3996=DIRECTION('',(0.,0.,-1.));
#3997=DIRECTION('',(0.,-1.,0.));
#3998=DIRECTION('',(0.,0.,-1.));
#3999=DIRECTION('',(-1.,0.,0.));
#4000=DIRECTION('',(0.,0.,-1.));
#4001=DIRECTION('',(1.,0.,0.));
#4002=DIRECTION('',(0.,0.,1.));
#4003=DIRECTION('',(1.,0.,0.));
#4004=DIRECTION('',(0.,0.,-1.));
#4005=DIRECTION('',(-1.,0.,0.));
#4006=DIRECTION('',(0.,0.,1.));
#4007=DIRECTION('',(1.,0.,0.));
#4008=DIRECTION('',(0.,0.,-1.));
#4009=DIRECTION('',(-1.,0.,0.));
#4010=DIRECTION('',(0.,0.,1.));
#4011=DIRECTION('',(1.,0.,0.));
#4012=DIRECTION('',(0.,0.,-1.));
#4013=DIRECTION('',(-1.,0.,0.));
#4014=DIRECTION('',(0.,0.,1.));
#4015=DIRECTION('',(1.,0.,0.));
#4016=DIRECTION('',(0.,0.,-1.));
#4017=DIRECTION('',(-1.,0.,0.));
#4018=DIRECTION('',(0.,0.,1.));
#4019=DIRECTION('',(1.,0.,0.));
#4020=DIRECTION('',(0.,0.,-1.));
#4021=DIRECTION('',(-1.,0.,0.));
#4022=DIRECTION('',(0.,0.,1.));
#4023=DIRECTION('',(1.,0.,0.));
#4024=DIRECTION('',(0.,0.,-1.));
#4025=DIRECTION('',(-1.,0.,0.));
#4026=DIRECTION('',(0.,0.,1.));
#4027=DIRECTION('',(1.,0.,0.));
#4028=DIRECTION('',(0.,0.,-1.));
#4029=DIRECTION('',(-1.,0.,0.));
#4030=DIRECTION('',(0.,0.,1.));
#4031=DIRECTION('',(1.,0.,0.));
#4032=DIRECTION('',(0.,0.,-1.));
#4033=DIRECTION('',(-1.,0.,0.));
#4034=DIRECTION('',(0.,0.,1.));
#4035=DIRECTION('',(1.,0.,0.));
#4036=DIRECTION('',(-1.,-1.98254111540207E-16,0.));
#4037=DIRECTION('',(1.98254111540207E-16,-1.,0.));
#4038=DIRECTION('',(1.98254111540207E-16,-1.,0.));
#4039=DIRECTION('',(0.,0.,1.));
#4040=DIRECTION('',(1.98254111540207E-16,-1.,0.));
#4041=DIRECTION('',(0.,1.,0.));
#4042=DIRECTION('',(0.,0.,1.));
#4043=DIRECTION('',(0.,1.,0.));
#4044=DIRECTION('',(0.,0.,1.));
#4045=DIRECTION('',(0.,1.,0.));
#4046=DIRECTION('',(0.,0.,1.));
#4047=DIRECTION('',(0.,1.,0.));
#4048=DIRECTION('',(0.,0.,1.));
#4049=DIRECTION('',(0.,1.,0.));
#4050=DIRECTION('',(0.,0.,1.));
#4051=DIRECTION('',(0.,1.,0.));
#4052=DIRECTION('',(0.,0.,1.));
#4053=DIRECTION('',(-2.64198250259289E-16,1.,0.));
#4054=DIRECTION('',(-1.,-2.64198250259289E-16,0.));
#4055=DIRECTION('',(0.,0.,1.));
#4056=DIRECTION('',(1.,2.64198250259289E-16,7.07917077986919E-17));
#4057=DIRECTION('',(-1.,-2.64198250259289E-16,0.));
#4058=DIRECTION('',(1.,0.,0.));
#4059=DIRECTION('',(-1.,-2.64198250259289E-16,0.));
#4060=DIRECTION('',(0.,0.,1.));
#4061=DIRECTION('',(1.,0.,0.));
#4062=DIRECTION('',(3.60462020982194E-16,-1.,0.));
#4063=DIRECTION('',(1.,0.,0.));
#4064=DIRECTION('',(-1.,-3.60462020982194E-16,0.));
#4065=DIRECTION('',(3.60462020982194E-16,-1.,0.));
#4066=DIRECTION('',(0.,1.,0.));
#4067=DIRECTION('',(9.32944360663361E-17,-0.258819045102521,0.965925826289068));
#4068=DIRECTION('',(0.,-0.965925826289068,-0.258819045102521));
#4069=DIRECTION('',(0.,0.258819045102521,-0.965925826289068));
#4070=DIRECTION('',(0.,-0.965925826289068,-0.258819045102521));
#4071=DIRECTION('',(0.,-0.965925826289068,-0.258819045102521));
#4072=DIRECTION('',(0.,-0.258819045102521,0.965925826289068));
#4073=DIRECTION('',(0.,-0.965925826289068,-0.258819045102521));
#4074=DIRECTION('',(0.,0.965925826289068,0.258819045102521));
#4075=DIRECTION('',(0.,-0.258819045102521,0.965925826289068));
#4076=DIRECTION('',(0.,0.965925826289068,0.258819045102521));
#4077=DIRECTION('',(0.,-0.258819045102521,0.965925826289068));
#4078=DIRECTION('',(0.,0.965925826289068,0.258819045102521));
#4079=DIRECTION('',(0.,-0.258819045102521,0.965925826289068));
#4080=DIRECTION('',(0.,0.965925826289068,0.258819045102521));
#4081=DIRECTION('',(0.,-0.258819045102521,0.965925826289068));
#4082=DIRECTION('',(0.,0.965925826289068,0.258819045102521));
#4083=DIRECTION('',(0.,-0.258819045102521,0.965925826289068));
#4084=DIRECTION('',(0.,0.965925826289068,0.258819045102521));
#4085=DIRECTION('',(0.,-0.258819045102521,0.965925826289068));
#4086=DIRECTION('',(0.,0.965925826289068,0.258819045102521));
#4087=DIRECTION('',(0.,-0.258819045102521,0.965925826289068));
#4088=DIRECTION('',(0.,0.965925826289068,0.258819045102521));
#4089=DIRECTION('',(0.,-0.258819045102521,0.965925826289068));
#4090=DIRECTION('',(0.,0.965925826289068,0.258819045102521));
#4091=DIRECTION('',(0.,-0.258819045102521,0.965925826289068));
#4092=DIRECTION('',(0.,0.965925826289068,0.258819045102521));
#4093=DIRECTION('',(0.,-0.258819045102521,0.965925826289068));
#4094=DIRECTION('',(0.,0.965925826289068,0.258819045102521));
#4095=DIRECTION('',(0.,-0.258819045102521,0.965925826289068));
#4096=DIRECTION('',(0.,0.965925826289068,0.258819045102521));
#4097=DIRECTION('',(0.,-0.258819045102521,0.965925826289068));
#4098=DIRECTION('',(0.,0.965925826289068,0.258819045102521));
#4099=DIRECTION('',(0.,-0.258819045102521,0.965925826289068));
#4100=DIRECTION('',(0.,0.965925826289068,0.258819045102521));
#4101=DIRECTION('',(0.,-0.258819045102521,0.965925826289068));
#4102=DIRECTION('',(0.,0.965925826289068,0.258819045102521));
#4103=DIRECTION('',(0.,-0.258819045102521,0.965925826289068));
#4104=DIRECTION('',(0.,0.965925826289068,0.258819045102521));
#4105=DIRECTION('',(0.,-0.258819045102521,0.965925826289068));
#4106=DIRECTION('',(0.,0.965925826289068,0.258819045102521));
#4107=DIRECTION('',(0.,-0.258819045102521,0.965925826289068));
#4108=DIRECTION('',(0.,0.965925826289068,0.258819045102521));
#4109=DIRECTION('',(0.,-0.258819045102521,0.965925826289068));
#4110=DIRECTION('',(0.,0.965925826289068,0.258819045102521));
#4111=DIRECTION('',(0.,-0.258819045102521,0.965925826289068));
#4112=DIRECTION('',(0.,0.965925826289068,0.258819045102521));
#4113=DIRECTION('',(0.,-0.258819045102521,0.965925826289068));
#4114=DIRECTION('',(0.,0.965925826289068,0.258819045102521));
#4115=DIRECTION('',(0.,-0.258819045102521,0.965925826289068));
#4116=DIRECTION('',(0.,0.965925826289068,0.258819045102521));
#4117=DIRECTION('',(0.,-0.258819045102521,0.965925826289068));
#4118=DIRECTION('',(-1.,0.,0.));
#4119=DIRECTION('',(0.,0.,1.));
#4120=DIRECTION('',(0.,0.965925826289068,0.258819045102521));
#4121=DIRECTION('',(0.,0.258819045102521,-0.965925826289068));
#4122=DIRECTION('',(0.,0.965925826289068,0.258819045102521));
#4123=DIRECTION('',(0.,0.258819045102521,-0.965925826289068));
#4124=DIRECTION('',(3.37211244615043E-17,-0.965925826289069,-0.258819045102521));
#4125=DIRECTION('',(-4.62223186652937E-33,-0.258819045102521,0.965925826289068));
#4126=DIRECTION('',(-3.37211244615043E-17,0.965925826289069,0.258819045102521));
#4127=DIRECTION('',(-4.62223186652937E-33,-0.258819045102521,0.965925826289068));
#4128=DIRECTION('',(3.37211244615043E-17,-0.965925826289069,-0.258819045102521));
#4129=DIRECTION('',(-4.62223186652937E-33,-0.258819045102521,0.965925826289068));
#4130=DIRECTION('',(-3.37211244615043E-17,0.965925826289069,0.258819045102521));
#4131=DIRECTION('',(-4.62223186652937E-33,-0.258819045102521,0.965925826289068));
#4132=DIRECTION('',(3.37211244615043E-17,-0.965925826289069,-0.258819045102521));
#4133=DIRECTION('',(-4.62223186652937E-33,-0.258819045102521,0.965925826289068));
#4134=DIRECTION('',(-3.37211244615043E-17,0.965925826289069,0.258819045102521));
#4135=DIRECTION('',(-4.62223186652937E-33,-0.258819045102521,0.965925826289068));
#4136=DIRECTION('',(3.37211244615043E-17,-0.965925826289069,-0.258819045102521));
#4137=DIRECTION('',(-4.62223186652937E-33,-0.258819045102521,0.965925826289068));
#4138=DIRECTION('',(-3.37211244615043E-17,0.965925826289069,0.258819045102521));
#4139=DIRECTION('',(-4.62223186652937E-33,-0.258819045102521,0.965925826289068));
#4140=DIRECTION('',(3.37211244615043E-17,-0.965925826289069,-0.258819045102521));
#4141=DIRECTION('',(-4.62223186652937E-33,-0.258819045102521,0.965925826289068));
#4142=DIRECTION('',(-3.37211244615043E-17,0.965925826289069,0.258819045102521));
#4143=DIRECTION('',(-4.62223186652937E-33,-0.258819045102521,0.965925826289068));
#4144=DIRECTION('',(3.37211244615043E-17,-0.965925826289069,-0.258819045102521));
#4145=DIRECTION('',(-4.62223186652937E-33,-0.258819045102521,0.965925826289068));
#4146=DIRECTION('',(-3.37211244615043E-17,0.965925826289069,0.258819045102521));
#4147=DIRECTION('',(-4.62223186652937E-33,-0.258819045102521,0.965925826289068));
#4148=DIRECTION('',(3.37211244615043E-17,-0.965925826289069,-0.258819045102521));
#4149=DIRECTION('',(-4.62223186652937E-33,-0.258819045102521,0.965925826289068));
#4150=DIRECTION('',(-3.37211244615043E-17,0.965925826289069,0.258819045102521));
#4151=DIRECTION('',(-4.62223186652937E-33,-0.258819045102521,0.965925826289068));
#4152=DIRECTION('',(3.37211244615043E-17,-0.965925826289069,-0.258819045102521));
#4153=DIRECTION('',(-4.62223186652937E-33,-0.258819045102521,0.965925826289068));
#4154=DIRECTION('',(-3.37211244615043E-17,0.965925826289069,0.258819045102521));
#4155=DIRECTION('',(-4.62223186652937E-33,-0.258819045102521,0.965925826289068));
#4156=DIRECTION('',(3.37211244615043E-17,-0.965925826289069,-0.258819045102521));
#4157=DIRECTION('',(-4.62223186652937E-33,-0.258819045102521,0.965925826289068));
#4158=DIRECTION('',(-3.37211244615043E-17,0.965925826289069,0.258819045102521));
#4159=DIRECTION('',(-4.62223186652937E-33,-0.258819045102521,0.965925826289068));
#4160=DIRECTION('',(3.37211244615043E-17,-0.965925826289069,-0.258819045102521));
#4161=DIRECTION('',(-4.62223186652937E-33,-0.258819045102521,0.965925826289068));
#4162=DIRECTION('',(-3.37211244615043E-17,0.965925826289069,0.258819045102521));
#4163=DIRECTION('',(-4.62223186652937E-33,-0.258819045102521,0.965925826289068));
#4164=DIRECTION('',(3.37211244615043E-17,-0.965925826289069,-0.258819045102521));
#4165=DIRECTION('',(-4.62223186652937E-33,-0.258819045102521,0.965925826289068));
#4166=DIRECTION('',(-3.37211244615043E-17,0.965925826289069,0.258819045102521));
#4167=DIRECTION('',(-4.62223186652937E-33,-0.258819045102521,0.965925826289068));
#4168=DIRECTION('',(1.,0.,0.));
#4169=DIRECTION('',(0.,0.,-1.));
#4170=DIRECTION('',(0.,-1.,0.));
#4171=DIRECTION('',(0.,0.,-1.));
#4172=DIRECTION('',(0.,-1.,0.));
#4173=DIRECTION('',(0.,0.,-1.));
#4174=DIRECTION('',(-1.,0.,0.));
#4175=DIRECTION('',(0.,0.,1.));
#4176=DIRECTION('',(0.,-1.,0.));
#4177=DIRECTION('',(0.,0.,-1.));
#4178=DIRECTION('',(0.,-1.,0.));
#4179=DIRECTION('',(0.993968434496371,0.,-0.109666545604547));
#4180=DIRECTION('',(-0.109666545604547,0.,-0.993968434496371));
#4181=DIRECTION('',(0.0285443923231963,0.965532236451046,0.258713583023274));
#4182=DIRECTION('',(-0.109666545604547,0.,-0.993968434496371));
#4183=DIRECTION('',(-0.380749805254295,0.924678098474716,0.));
#4184=DIRECTION('',(-0.924678098474716,-0.380749805254295,0.));
#4185=DIRECTION('',(0.,0.,1.));
#4186=DIRECTION('',(0.919903127987335,0.378783640935962,0.101494770694911));
#4187=DIRECTION('',(-0.924678098474716,-0.380749805254295,0.));
#4188=DIRECTION('',(0.,0.,1.));
#4189=DIRECTION('',(1.,0.,0.));
#4190=DIRECTION('',(-1.,0.,0.));
#4191=DIRECTION('',(0.,1.,0.));
#4192=DIRECTION('',(1.,0.,0.));
#4193=DIRECTION('',(0.,-1.,0.));
#4194=DIRECTION('',(0.,0.,-1.));
#4195=DIRECTION('',(-1.,0.,0.));
#4196=DIRECTION('',(0.,0.,1.));
#4197=DIRECTION('',(0.,-1.,0.));
#4198=DIRECTION('',(0.,0.,-1.));
#4199=DIRECTION('',(0.,0.,1.));
#4200=DIRECTION('',(1.,0.,0.));
#4201=DIRECTION('',(-0.384404679641597,0.922189921995165,0.0424121449609983));
#4202=DIRECTION('',(-0.923020455653453,-0.384750878420429,0.));
#4203=DIRECTION('',(-0.919903127987335,-0.378783640935961,-0.101494770694911));
#4204=DIRECTION('',(0.,0.0459421222290507,-0.998944103243565));
#4205=DIRECTION('',(0.919903127987335,0.378783640935961,0.101494770694911));
#4206=DIRECTION('',(0.380749805254294,-0.924678098474716,0.));
#4207=DIRECTION('',(0.924678098474716,0.380749805254294,0.));
#4208=DIRECTION('',(0.,0.,1.));
#4209=DIRECTION('',(-0.924678098474716,-0.380749805254294,0.));
#4210=DIRECTION('',(0.,0.,1.));
#4211=DIRECTION('',(1.,0.,0.));
#4212=DIRECTION('',(0.,1.,0.));
#4213=DIRECTION('',(0.,-0.965925826289068,-0.258819045102521));
#4214=DIRECTION('',(0.,0.258819045102521,-0.965925826289068));
#4215=DIRECTION('',(0.,-0.258819045102521,0.965925826289068));
#4216=DIRECTION('',(1.,0.,0.));
#4217=DIRECTION('',(1.,0.,0.));
#4218=DIRECTION('',(0.,0.965925826289068,0.258819045102521));
#4219=DIRECTION('',(0.,-0.258819045102521,0.965925826289068));
#4220=DIRECTION('',(0.,0.258819045102521,-0.965925826289068));
#4221=DIRECTION('',(1.,0.,0.));
#4222=DIRECTION('',(1.,0.,0.));
#4223=DIRECTION('',(0.,-0.258819045102521,0.965925826289068));
#4224=DIRECTION('',(1.,0.,0.));
#4225=DIRECTION('',(0.,0.965925826289068,0.258819045102521));
#4226=DIRECTION('',(-1.,0.,0.));
#4227=DIRECTION('',(1.,0.,0.));
#4228=DIRECTION('',(0.,0.965925826289068,0.258819045102521));
#4229=DIRECTION('',(0.,0.995088796374601,0.0989862986970849));
#4230=DIRECTION('',(0.,-0.0989862986970849,0.995088796374601));
#4231=DIRECTION('',(0.,0.0989862986970849,-0.995088796374601));
#4232=DIRECTION('',(-1.,0.,0.));
#4233=DIRECTION('',(1.,0.,0.));
#4234=DIRECTION('',(0.,-0.258819045102521,0.965925826289068));
#4235=DIRECTION('',(1.,0.,0.));
#4236=DIRECTION('',(0.,0.965925826289068,0.258819045102521));
#4237=DIRECTION('',(0.,0.965925826289068,0.258819045102521));
#4238=DIRECTION('',(1.,0.,0.));
#4239=DIRECTION('',(0.,-0.965925826289068,-0.258819045102521));
#4240=DIRECTION('',(0.,0.258819045102521,-0.965925826289068));
#4241=DIRECTION('',(0.,-0.258819045102521,0.965925826289069));
#4242=DIRECTION('',(-1.,0.,0.));
#4243=DIRECTION('',(0.,0.258819045102521,-0.965925826289068));
#4244=DIRECTION('',(1.,0.,0.));
#4245=DIRECTION('',(0.825664277064947,-0.54493842286286,-0.146015810330793));
#4246=DIRECTION('',(0.,-0.965925826289068,-0.258819045102521));
#4247=DIRECTION('',(0.,0.258819045102521,-0.965925826289068));
#4248=DIRECTION('',(0.,0.965925826289068,0.258819045102521));
#4249=DIRECTION('',(0.,-0.965925826289068,-0.258819045102521));
#4250=DIRECTION('',(0.,0.258819045102521,-0.965925826289068));
#4251=DIRECTION('',(0.,0.965925826289068,0.258819045102521));
#4252=DIRECTION('',(0.,0.258819045102521,-0.965925826289068));
#4253=DIRECTION('',(0.,0.965925826289068,0.258819045102521));
#4254=DIRECTION('',(0.,-0.965925826289068,-0.258819045102521));
#4255=DIRECTION('',(-1.,0.,0.));
#4256=DIRECTION('',(0.,0.965925826289068,0.258819045102521));
#4257=DIRECTION('',(0.,-0.258819045102521,0.965925826289069));
#4258=DIRECTION('',(0.,0.258819045102521,-0.965925826289069));
#4259=DIRECTION('',(-1.,0.,0.));
#4260=DIRECTION('',(0.,-0.258819045102521,0.965925826289068));
#4261=DIRECTION('',(0.,-0.965925826289069,-0.258819045102521));
#4262=DIRECTION('',(0.,0.258819045102521,-0.965925826289068));
#4263=DIRECTION('',(0.,0.965925826289068,0.258819045102521));
#4264=DIRECTION('',(0.,-0.258819045102521,0.965925826289068));
#4265=DIRECTION('',(0.,-0.258819045102521,0.965925826289068));
#4266=DIRECTION('',(0.,-0.965925826289069,-0.258819045102521));
#4267=DIRECTION('',(0.,0.258819045102521,-0.965925826289068));
#4268=DIRECTION('',(0.,0.965925826289068,0.258819045102521));
#4269=DIRECTION('',(0.,-0.258819045102521,0.965925826289068));
#4270=DIRECTION('',(0.,-0.258819045102521,0.965925826289068));
#4271=DIRECTION('',(0.,-0.965925826289069,-0.258819045102521));
#4272=DIRECTION('',(0.,0.258819045102521,-0.965925826289068));
#4273=DIRECTION('',(0.,0.965925826289068,0.258819045102521));
#4274=DIRECTION('',(0.,-0.258819045102521,0.965925826289068));
#4275=DIRECTION('',(0.,-0.258819045102521,0.965925826289068));
#4276=DIRECTION('',(0.,0.965925826289068,0.258819045102521));
#4277=DIRECTION('',(0.,-0.258819045102521,0.965925826289068));
#4278=DIRECTION('',(0.,0.258819045102521,-0.965925826289068));
#4279=DIRECTION('',(0.,0.,1.));
#4280=DIRECTION('',(1.,0.,0.));
#4281=DIRECTION('',(0.,1.,0.));
#4282=DIRECTION('',(0.,1.,0.));
#4283=DIRECTION('',(-1.,0.,0.));
#4284=DIRECTION('',(0.,0.258819045102521,-0.965925826289068));
#4285=DIRECTION('',(1.,0.,0.));
#4286=DIRECTION('',(0.,-0.965925826289068,-0.258819045102521));
#4287=DIRECTION('',(0.,-0.965925826289068,-0.258819045102521));
#4288=DIRECTION('',(0.,-0.965925826289068,-0.258819045102521));
#4289=DIRECTION('',(0.,-0.965925826289068,-0.258819045102521));
#4290=DIRECTION('',(1.,0.,0.));
#4291=DIRECTION('',(0.,1.,0.));
#4292=DIRECTION('',(1.,0.,0.));
#4293=DIRECTION('',(0.,0.,-1.));
#4294=DIRECTION('',(1.,0.,0.));
#4295=DIRECTION('',(0.,0.,-1.));
#4296=DIRECTION('',(1.,0.,0.));
#4297=DIRECTION('',(0.,0.,-1.));
#4298=DIRECTION('',(1.,0.,0.));
#4299=DIRECTION('',(0.,0.,-1.));
#4300=DIRECTION('',(1.,0.,0.));
#4301=DIRECTION('',(0.,0.,-1.));
#4302=DIRECTION('',(1.,0.,0.));
#4303=DIRECTION('',(0.,1.,0.));
#4304=DIRECTION('',(1.,0.,0.));
#4305=DIRECTION('',(0.,0.,-1.));
#4306=DIRECTION('',(1.,0.,0.));
#4307=DIRECTION('',(0.,0.,-1.));
#4308=DIRECTION('',(1.,0.,0.));
#4309=DIRECTION('',(0.,0.,-1.));
#4310=DIRECTION('',(1.,0.,0.));
#4311=DIRECTION('',(0.,1.,0.));
#4312=DIRECTION('',(1.,0.,0.));
#4313=DIRECTION('',(0.,0.,-1.));
#4314=DIRECTION('',(1.,0.,0.));
#4315=DIRECTION('',(0.,0.,-1.));
#4316=DIRECTION('',(1.,0.,0.));
#4317=DIRECTION('',(0.,1.,0.));
#4318=DIRECTION('',(1.,0.,0.));
#4319=DIRECTION('',(0.,0.,-1.));
#4320=DIRECTION('',(1.,0.,0.));
#4321=DIRECTION('',(0.,0.,-1.));
#4322=DIRECTION('',(1.,0.,0.));
#4323=DIRECTION('',(0.,1.,0.));
#4324=DIRECTION('',(1.,0.,0.));
#4325=DIRECTION('',(0.,0.,-1.));
#4326=DIRECTION('',(1.,0.,0.));
#4327=DIRECTION('',(0.,0.,-1.));
#4328=DIRECTION('',(1.,0.,0.));
#4329=DIRECTION('',(0.,1.,0.));
#4330=DIRECTION('',(1.,0.,0.));
#4331=DIRECTION('',(0.,0.,-1.));
#4332=DIRECTION('',(1.,0.,0.));
#4333=DIRECTION('',(0.,0.,-1.));
#4334=DIRECTION('',(1.,0.,0.));
#4335=DIRECTION('',(0.,1.,0.));
#4336=DIRECTION('',(1.,0.,0.));
#4337=DIRECTION('',(0.,0.,-1.));
#4338=DIRECTION('',(1.,0.,0.));
#4339=DIRECTION('',(0.,0.,-1.));
#4340=DIRECTION('',(1.,0.,0.));
#4341=DIRECTION('',(0.,1.,0.));
#4342=DIRECTION('',(1.,0.,0.));
#4343=DIRECTION('',(0.,0.,-1.));
#4344=DIRECTION('',(1.,0.,0.));
#4345=DIRECTION('',(0.,0.,-1.));
#4346=DIRECTION('',(1.,0.,0.));
#4347=DIRECTION('',(0.,1.,0.));
#4348=DIRECTION('',(1.,0.,0.));
#4349=DIRECTION('',(0.,0.,-1.));
#4350=DIRECTION('',(1.,0.,0.));
#4351=DIRECTION('',(0.,0.,-1.));
#4352=DIRECTION('',(1.,0.,0.));
#4353=DIRECTION('',(0.,1.,0.));
#4354=DIRECTION('',(1.,0.,0.));
#4355=DIRECTION('',(0.,0.,-1.));
#4356=DIRECTION('',(1.,0.,0.));
#4357=DIRECTION('',(0.,0.,-1.));
#4358=DIRECTION('',(1.,0.,0.));
#4359=DIRECTION('',(0.,1.,0.));
#4360=DIRECTION('',(1.,0.,0.));
#4361=DIRECTION('',(0.,0.,-1.));
#4362=DIRECTION('',(1.,0.,0.));
#4363=DIRECTION('',(0.,0.,-1.));
#4364=DIRECTION('',(1.,0.,0.));
#4365=DIRECTION('',(0.,1.,0.));
#4366=DIRECTION('',(1.,0.,0.));
#4367=DIRECTION('',(0.,0.,-1.));
#4368=DIRECTION('',(1.,0.,0.));
#4369=DIRECTION('',(0.,0.,-1.));
#4370=DIRECTION('',(1.,0.,0.));
#4371=DIRECTION('',(0.,1.,0.));
#4372=DIRECTION('',(1.,0.,0.));
#4373=DIRECTION('',(0.,0.,-1.));
#4374=DIRECTION('',(1.,0.,0.));
#4375=DIRECTION('',(0.,0.,-1.));
#4376=DIRECTION('',(1.,0.,0.));
#4377=DIRECTION('',(0.,1.,0.));
#4378=DIRECTION('',(0.,-0.273583649322893,-0.961848214025045));
#4379=DIRECTION('',(0.,0.961848214025045,-0.273583649322893));
#4380=DIRECTION('',(1.,0.,0.));
#4381=DIRECTION('',(-0.564161768980156,-0.797530449061325,-0.213697639765212));
#4382=DIRECTION('',(0.816389160359872,-0.577502154841783,0.));
#4383=DIRECTION('',(0.,-0.258819045102521,0.965925826289068));
#4384=DIRECTION('',(0.,-0.965925826289068,-0.258819045102521));
#4385=DIRECTION('',(-1.,0.,0.));
#4386=DIRECTION('',(-1.,0.,0.));
#4387=DIRECTION('',(0.,1.,0.));
#4388=DIRECTION('',(0.,0.,1.));
#4389=DIRECTION('',(0.,0.,1.));
#4390=DIRECTION('',(1.,0.,0.));
#4391=CARTESIAN_POINT('',(0.,0.,0.));
#4392=CARTESIAN_POINT('',(-0.1775,-0.019,-0.0025));
#4393=CARTESIAN_POINT('',(-0.1775,0.0297598531891422,0.0118015611721467));
#4394=CARTESIAN_POINT('',(-0.1775,0.0297598531891422,0.0105290262180623));
#4395=CARTESIAN_POINT('',(-0.1775,0.0297598531891422,0.0130740961262311));
#4396=CARTESIAN_POINT('',(-0.1775,0.00758410420199339,0.00458705218540045));
#4397=CARTESIAN_POINT('',(-0.1775,-0.0145916447851554,-0.00135492184726137));
#4398=CARTESIAN_POINT('',(-0.1775,-0.0193408098882059,-0.00135492184726135));
#4399=CARTESIAN_POINT('',(-0.1775,-0.0240899749912564,-0.00135492184726135));
#4400=CARTESIAN_POINT('',(-0.1775,-0.0264717495639644,-0.000677460923630676));
#4401=CARTESIAN_POINT('',(-0.1775,-0.0288535241366723,2.49366499671666E-18));
#4402=CARTESIAN_POINT('',(-0.1775,-0.0324015058711179,0.0132412480972773));
#4403=CARTESIAN_POINT('',(-0.1775,-0.0301368392264709,0.00478939711724791));
#4404=CARTESIAN_POINT('',(-0.1775,-0.00115906443779897,0.0125539684703235));
#4405=CARTESIAN_POINT('',(-0.1775,-0.0573412396245862,-0.0025));
#4406=CARTESIAN_POINT('',(-0.1775,-0.019,-0.0025));
#4407=CARTESIAN_POINT('',(-0.1775,0.031,-0.0025));
#4408=CARTESIAN_POINT('',(-0.1775,0.031,-0.0025));
#4409=CARTESIAN_POINT('',(-0.1775,0.031,0.0211709638157721));
#4410=CARTESIAN_POINT('',(-0.1775,-0.00115906443779897,0.0125539684703235));
#4411=CARTESIAN_POINT('',(-0.1775,0.0278187103508733,0.0203185398233991));
#4412=CARTESIAN_POINT('',(-0.1775,0.0255540437062262,0.0287703908034285));
#4413=CARTESIAN_POINT('',(-0.1875,-0.0675,-0.0025));
#4414=CARTESIAN_POINT('',(-0.1875,-0.0675,-0.0025));
#4415=CARTESIAN_POINT('',(-0.1875,0.1025,-0.0025));
#4416=CARTESIAN_POINT('',(-0.1875,-0.0725,-0.0025));
#4417=CARTESIAN_POINT('',(-0.1875,-0.0736323333223235,0.00888311279072964));
#4418=CARTESIAN_POINT('',(-0.1875,-0.074764666644647,0.0202662255814593));
#4419=CARTESIAN_POINT('',(-0.1875,-0.0056029545672929,0.0387980504797402));
#4420=CARTESIAN_POINT('',(-0.1875,0.0523525950100512,0.0543271931858914));
#4421=CARTESIAN_POINT('',(-0.1875,0.0774262975050256,0.0543271931858914));
#4422=CARTESIAN_POINT('',(-0.1875,0.1025,0.0543271931858914));
#4423=CARTESIAN_POINT('',(-0.1875,0.1025,-0.0025));
#4424=CARTESIAN_POINT('',(-0.1875,-0.0264717495639644,-0.000677460923630676));
#4425=CARTESIAN_POINT('',(-0.1875,-0.0288535241366723,2.49366499671666E-18));
#4426=CARTESIAN_POINT('',(-0.1875,-0.0240899749912564,-0.00135492184726135));
#4427=CARTESIAN_POINT('',(-0.1875,-0.0193408098882059,-0.00135492184726135));
#4428=CARTESIAN_POINT('',(-0.1875,-0.0145916447851554,-0.00135492184726137));
#4429=CARTESIAN_POINT('',(-0.1875,0.00758410420199339,0.00458705218540045));
#4430=CARTESIAN_POINT('',(-0.1875,0.0297598531891422,0.0105290262180623));
#4431=CARTESIAN_POINT('',(-0.1875,0.0297598531891422,0.0118015611721467));
#4432=CARTESIAN_POINT('',(-0.1875,0.0297598531891422,0.0130740961262311));
#4433=CARTESIAN_POINT('',(-0.1875,0.0255540437062262,0.0287703908034285));
#4434=CARTESIAN_POINT('',(-0.1875,0.0242599484807136,0.0336000199348738));
#4435=CARTESIAN_POINT('',(-0.1875,0.0097710610863776,0.029717734258336));
#4436=CARTESIAN_POINT('',(-0.1875,-0.0336956010966305,0.0180708772287226));
#4437=CARTESIAN_POINT('',(-0.1875,-0.0324015058711179,0.0132412480972773));
#4438=CARTESIAN_POINT('',(-0.1575,0.015,0.021710147812971));
#4439=CARTESIAN_POINT('',(-0.1575,0.000285178708789443,0.0168232379316638));
#4440=CARTESIAN_POINT('',(-0.1575,0.0218294285808656,0.0225960022864209));
#4441=CARTESIAN_POINT('',(-0.1575,-0.0311074106456053,0.00841161896583192));
#4442=CARTESIAN_POINT('',(-0.1575,0.0218289109427754,0.0225979341380736));
#4443=CARTESIAN_POINT('',(-0.1575,0.0228,0.0189737804378369));
#4444=CARTESIAN_POINT('',(-0.1575,0.0133298229565373,0.0164362541468613));
#4445=CARTESIAN_POINT('',(-0.1575,-0.0301368392264709,0.00478939711724791));
#4446=CARTESIAN_POINT('',(-0.1575,-0.030622124936038,0.00660050804153991));
#4447=CARTESIAN_POINT('',(0.,0.,0.));
#4448=CARTESIAN_POINT('',(0.,-0.00115906443779891,0.0125539684703235));
#4449=CARTESIAN_POINT('',(0.,0.020491983842713,0.0183553493723739));
#4450=CARTESIAN_POINT('',(0.,0.0181594520879825,0.0177303493723739));
#4451=CARTESIAN_POINT('',(0.,0.020491983842713,0.0183553493723739));
#4452=CARTESIAN_POINT('',(3.85185988877447E-34,0.0195214124235786,0.021977571220958));
#4453=CARTESIAN_POINT('',(0.,-0.00212963585693336,0.0161761903189075));
#4454=CARTESIAN_POINT('',(3.85185988877447E-34,0.017188880668848,0.021352571220958));
#4455=CARTESIAN_POINT('',(0.,0.0181594520879825,0.0177303493723739));
#4456=CARTESIAN_POINT('',(-0.18025,0.0774262975050256,0.0501012676958767));
#4457=CARTESIAN_POINT('',(-0.18025,0.0874262975050256,0.0501012676958767));
#4458=CARTESIAN_POINT('',(-0.18025,0.0901762975050256,0.0501012676958767));
#4459=CARTESIAN_POINT('',(-0.18025,0.0774262975050256,0.0501012676958767));
#4460=CARTESIAN_POINT('',(-0.18025,0.0974262975050256,0.0501012676958767));
#4461=CARTESIAN_POINT('',(-0.18025,0.100176297505026,0.0501012676958767));
#4462=CARTESIAN_POINT('',(-0.18025,0.0774262975050256,0.0501012676958767));
#4463=CARTESIAN_POINT('',(-0.18025,0.0774262975050256,0.0501012676958767));
#4464=CARTESIAN_POINT('',(-0.18025,0.0801762975050256,0.0501012676958767));
#4465=CARTESIAN_POINT('',(-0.18025,0.0774262975050256,0.0501012676958767));
#4466=CARTESIAN_POINT('',(-0.18025,0.0674262975050256,0.0501012676958767));
#4467=CARTESIAN_POINT('',(-0.18025,0.0701762975050256,0.0501012676958767));
#4468=CARTESIAN_POINT('',(-0.18025,0.0774262975050256,0.0501012676958767));
#4469=CARTESIAN_POINT('',(-0.18025,0.0574262975050256,0.0501012676958767));
#4470=CARTESIAN_POINT('',(-0.18025,0.0601762975050256,0.0501012676958767));
#4471=CARTESIAN_POINT('',(-0.18025,0.0281514154367952,0.0271635965929457));
#4472=CARTESIAN_POINT('',(-0.18025,0.0974262975050256,0.0301012676958767));
#4473=CARTESIAN_POINT('',(-0.18025,0.100176297505026,0.0301012676958767));
#4474=CARTESIAN_POINT('',(-0.18025,0.0281514154367952,0.0271635965929457));
#4475=CARTESIAN_POINT('',(-0.18025,0.0974262975050256,0.0401012676958767));
#4476=CARTESIAN_POINT('',(-0.18025,0.100176297505026,0.0401012676958767));
#4477=CARTESIAN_POINT('',(-0.17845,-0.0150958053341491,0.0317251154935977));
#4478=CARTESIAN_POINT('',(-0.17845,-0.0622018417890136,0.0201390814414351));
#4479=CARTESIAN_POINT('',(-0.17845,-0.0622018417890136,0.0228890814414351));
#4480=CARTESIAN_POINT('',(-0.17845,-0.0150958053341491,0.0317251154935977));
#4481=CARTESIAN_POINT('',(-0.17845,-0.0477129543946776,0.0240213671179728));
#4482=CARTESIAN_POINT('',(-0.17845,-0.0477129543946776,0.0267713671179728));
#4483=CARTESIAN_POINT('',(-0.17845,-0.0150958053341491,0.0317251154935977));
#4484=CARTESIAN_POINT('',(-0.17845,-0.0315336968043357,0.0283565861234401));
#4485=CARTESIAN_POINT('',(-0.17845,-0.0315336968043357,0.0311065861234401));
#4486=CARTESIAN_POINT('',(-0.17845,-0.0150958053341491,0.0317251154935977));
#4487=CARTESIAN_POINT('',(-0.17845,-0.0153544392139938,0.0326918051289073));
#4488=CARTESIAN_POINT('',(-0.17845,-0.0153544392139938,0.0354418051289073));
#4489=CARTESIAN_POINT('',(-0.17845,-0.0150958053341491,0.0317251154935977));
#4490=CARTESIAN_POINT('',(-0.17845,0.000824818376348078,0.0370270241343746));
#4491=CARTESIAN_POINT('',(-0.17845,0.000824818376348078,0.0397770241343746));
#4492=CARTESIAN_POINT('',(-0.17845,-0.0150958053341491,0.0317251154935977));
#4493=CARTESIAN_POINT('',(-0.17845,0.031492963361026,0.0452445288163796));
#4494=CARTESIAN_POINT('',(-0.17845,0.031492963361026,0.0479945288163796));
#4495=CARTESIAN_POINT('',(-0.17845,-0.0150958053341491,0.0317251154935977));
#4496=CARTESIAN_POINT('',(-0.17845,0.01700407596669,0.0413622431398417));
#4497=CARTESIAN_POINT('',(-0.17845,0.01700407596669,0.0441122431398418));
#4498=CARTESIAN_POINT('',(-0.0025,0.015,-0.002));
#4499=CARTESIAN_POINT('',(-0.18,-0.072,-0.002));
#4500=CARTESIAN_POINT('',(-0.187,-0.072,-0.002));
#4501=CARTESIAN_POINT('',(-0.173,-0.072,-0.002));
#4502=CARTESIAN_POINT('',(-0.187,-0.065,-0.002));
#4503=CARTESIAN_POINT('',(-0.187,-0.058,-0.002));
#4504=CARTESIAN_POINT('',(-0.18,-0.058,-0.002));
#4505=CARTESIAN_POINT('',(-0.173,-0.058,-0.002));
#4506=CARTESIAN_POINT('',(-0.173,-0.065,-0.002));
#4507=CARTESIAN_POINT('',(-0.0025,0.015,-0.002));
#4508=CARTESIAN_POINT('',(-0.1845,0.0925,-0.002));
#4509=CARTESIAN_POINT('',(-0.1845,0.0995,-0.002));
#4510=CARTESIAN_POINT('',(-0.1845,0.0855,-0.002));
#4511=CARTESIAN_POINT('',(-0.1775,0.0995,-0.002));
#4512=CARTESIAN_POINT('',(-0.1705,0.0995,-0.002));
#4513=CARTESIAN_POINT('',(-0.1705,0.0925,-0.002));
#4514=CARTESIAN_POINT('',(-0.1705,0.0855,-0.002));
#4515=CARTESIAN_POINT('',(-0.1775,0.0855,-0.002));
#4516=CARTESIAN_POINT('',(-1.2021822448343E-17,0.0508286323100797,0.0493895153218447));
#4517=CARTESIAN_POINT('',(-0.07625,0.0505698132649771,0.0503554411481338));
#4518=CARTESIAN_POINT('',(-0.07625,0.0498580608909452,0.0530117371704287));
#4519=CARTESIAN_POINT('',(-1.2021822448343E-17,0.0508286323100797,0.0493895153218447));
#4520=CARTESIAN_POINT('',(-0.10675,0.0505698132649771,0.0503554411481338));
#4521=CARTESIAN_POINT('',(-0.10675,0.0498580608909452,0.0530117371704287));
#4522=CARTESIAN_POINT('',(-1.2021822448343E-17,0.0508286323100797,0.0493895153218447));
#4523=CARTESIAN_POINT('',(-0.122,0.050569813264977,0.0503554411481338));
#4524=CARTESIAN_POINT('',(-0.122,0.0498580608909451,0.0530117371704287));
#4525=CARTESIAN_POINT('',(-1.2021822448343E-17,0.0508286323100797,0.0493895153218447));
#4526=CARTESIAN_POINT('',(-0.13725,0.050569813264977,0.0503554411481337));
#4527=CARTESIAN_POINT('',(-0.13725,0.0498580608909451,0.0530117371704286));
#4528=CARTESIAN_POINT('',(-1.2021822448343E-17,0.0508286323100797,0.0493895153218447));
#4529=CARTESIAN_POINT('',(-0.1525,0.050569813264977,0.0503554411481337));
#4530=CARTESIAN_POINT('',(-0.1525,0.0498580608909451,0.0530117371704286));
#4531=CARTESIAN_POINT('',(-1.2021822448343E-17,0.0508286323100797,0.0493895153218447));
#4532=CARTESIAN_POINT('',(-0.16775,0.050569813264977,0.0503554411481337));
#4533=CARTESIAN_POINT('',(-0.16775,0.0498580608909451,0.0530117371704286));
#4534=CARTESIAN_POINT('',(-1.2021822448343E-17,0.0508286323100797,0.0493895153218447));
#4535=CARTESIAN_POINT('',(-0.0915,0.0505698132649771,0.0503554411481338));
#4536=CARTESIAN_POINT('',(-0.0915,0.0498580608909452,0.0530117371704287));
#4537=CARTESIAN_POINT('',(-1.2021822448343E-17,0.0508286323100797,0.0493895153218447));
#4538=CARTESIAN_POINT('',(-0.01525,0.0505698132649772,0.0503554411481338));
#4539=CARTESIAN_POINT('',(-0.01525,0.0498580608909453,0.0530117371704287));
#4540=CARTESIAN_POINT('',(-1.2021822448343E-17,0.0508286323100797,0.0493895153218447));
#4541=CARTESIAN_POINT('',(-0.0305,0.0505698132649772,0.0503554411481338));
#4542=CARTESIAN_POINT('',(-0.0305,0.0498580608909453,0.0530117371704287));
#4543=CARTESIAN_POINT('',(-1.2021822448343E-17,0.0508286323100797,0.0493895153218447));
#4544=CARTESIAN_POINT('',(-0.061,0.0505698132649771,0.0503554411481338));
#4545=CARTESIAN_POINT('',(-0.061,0.0498580608909452,0.0530117371704287));
#4546=CARTESIAN_POINT('',(-1.2021822448343E-17,0.0508286323100797,0.0493895153218447));
#4547=CARTESIAN_POINT('',(-0.04575,0.0505698132649771,0.0503554411481338));
#4548=CARTESIAN_POINT('',(-0.04575,0.0498580608909452,0.0530117371704287));
#4549=CARTESIAN_POINT('',(0.,-0.00115906443779891,0.0125539684703235));
#4550=CARTESIAN_POINT('',(-0.165266748830909,0.0279260542283999,0.0203473025286948));
#4551=CARTESIAN_POINT('',(-0.165104106592232,0.0278187103508733,0.0203185398233991));
#4552=CARTESIAN_POINT('',(-0.169924242424243,0.031,0.0211709638157721));
#4553=CARTESIAN_POINT('',(-0.1575,0.0278187103508733,0.0203185398233991));
#4554=CARTESIAN_POINT('',(-0.173712121212121,0.031,0.0211709638157721));
#4555=CARTESIAN_POINT('',(-0.0025,0.015,0.006));
#4556=CARTESIAN_POINT('',(-0.174,0.094,0.006));
#4557=CARTESIAN_POINT('',(-0.173,0.094,0.006));
#4558=CARTESIAN_POINT('',(-0.0025,0.015,0.006));
#4559=CARTESIAN_POINT('',(-0.0702,0.1005,0.006));
#4560=CARTESIAN_POINT('',(-0.06945,0.1005,0.006));
#4561=CARTESIAN_POINT('',(-0.0025,0.015,0.006));
#4562=CARTESIAN_POINT('',(-0.116,0.045,0.006));
#4563=CARTESIAN_POINT('',(-0.115,0.045,0.006));
#4564=CARTESIAN_POINT('',(-0.0025,0.015,0.006));
#4565=CARTESIAN_POINT('',(-0.116,0.094,0.006));
#4566=CARTESIAN_POINT('',(-0.115,0.094,0.006));
#4567=CARTESIAN_POINT('',(-0.0025,0.015,0.006));
#4568=CARTESIAN_POINT('',(-0.174,0.045,0.006));
#4569=CARTESIAN_POINT('',(-0.173,0.045,0.006));
#4570=CARTESIAN_POINT('',(-0.0025,0.015,0.006));
#4571=CARTESIAN_POINT('',(-0.0588,0.0535,0.006));
#4572=CARTESIAN_POINT('',(-0.05805,0.0535,0.006));
#4573=CARTESIAN_POINT('',(-0.0025,0.015,0.006));
#4574=CARTESIAN_POINT('',(-0.0702,0.0535,0.006));
#4575=CARTESIAN_POINT('',(-0.06945,0.0535,0.006));
#4576=CARTESIAN_POINT('',(-0.0025,0.015,0.006));
#4577=CARTESIAN_POINT('',(-0.0588,0.1005,0.006));
#4578=CARTESIAN_POINT('',(-0.05805,0.1005,0.006));
#4579=CARTESIAN_POINT('',(0.,0.08025,0.00175));
#4580=CARTESIAN_POINT('',(-0.0165,0.08025,9.95025524307225E-20));
#4581=CARTESIAN_POINT('',(-0.0165,0.08025,0.001625));
#4582=CARTESIAN_POINT('',(0.,0.08025,0.00175));
#4583=CARTESIAN_POINT('',(-0.011,0.08025,9.95025524307225E-20));
#4584=CARTESIAN_POINT('',(-0.011,0.08025,0.001625));
#4585=CARTESIAN_POINT('',(0.,0.08025,0.00175));
#4586=CARTESIAN_POINT('',(-0.0055,0.08025,9.95025524307225E-20));
#4587=CARTESIAN_POINT('',(-0.0055,0.08025,0.001625));
#4588=CARTESIAN_POINT('',(-0.18025,0.0874262975050256,0.0501012676958767));
#4589=CARTESIAN_POINT('',(-0.1775,0.0874262975050256,0.0501012676958767));
#4590=CARTESIAN_POINT('',(-0.1775,0.0901762975050256,0.0501012676958767));
#4591=CARTESIAN_POINT('',(-0.18025,0.0974262975050256,0.0501012676958767));
#4592=CARTESIAN_POINT('',(-0.1775,0.0974262975050256,0.0501012676958767));
#4593=CARTESIAN_POINT('',(-0.1775,0.100176297505026,0.0501012676958767));
#4594=CARTESIAN_POINT('',(-0.18025,0.0774262975050256,0.0501012676958767));
#4595=CARTESIAN_POINT('',(-0.1775,0.0774262975050256,0.0501012676958767));
#4596=CARTESIAN_POINT('',(-0.1775,0.0801762975050256,0.0501012676958767));
#4597=CARTESIAN_POINT('',(-0.18025,0.0674262975050256,0.0501012676958767));
#4598=CARTESIAN_POINT('',(-0.1775,0.0674262975050256,0.0501012676958767));
#4599=CARTESIAN_POINT('',(-0.1775,0.0701762975050256,0.0501012676958767));
#4600=CARTESIAN_POINT('',(-0.18025,0.0574262975050256,0.0501012676958767));
#4601=CARTESIAN_POINT('',(-0.1775,0.0574262975050256,0.0501012676958767));
#4602=CARTESIAN_POINT('',(-0.1775,0.0601762975050256,0.0501012676958767));
#4603=CARTESIAN_POINT('',(-0.18025,0.0974262975050256,0.0301012676958767));
#4604=CARTESIAN_POINT('',(-0.1775,0.0974262975050256,0.0301012676958767));
#4605=CARTESIAN_POINT('',(-0.1775,0.100176297505026,0.0301012676958767));
#4606=CARTESIAN_POINT('',(-0.18025,0.0974262975050256,0.0401012676958767));
#4607=CARTESIAN_POINT('',(-0.1775,0.0974262975050256,0.0401012676958767));
#4608=CARTESIAN_POINT('',(-0.1775,0.100176297505026,0.0401012676958767));
#4609=CARTESIAN_POINT('',(0.,-0.0691393553150225,0.0172441899201118));
#4610=CARTESIAN_POINT('',(-0.07625,-0.069398174360125,0.0182101157464008));
#4611=CARTESIAN_POINT('',(-0.07625,-0.0701099267341569,0.0208664117686957));
#4612=CARTESIAN_POINT('',(0.,-0.0691393553150225,0.0172441899201118));
#4613=CARTESIAN_POINT('',(-0.10675,-0.069398174360125,0.0182101157464008));
#4614=CARTESIAN_POINT('',(-0.10675,-0.0701099267341569,0.0208664117686957));
#4615=CARTESIAN_POINT('',(0.,-0.0691393553150225,0.0172441899201118));
#4616=CARTESIAN_POINT('',(-0.122,-0.069398174360125,0.0182101157464008));
#4617=CARTESIAN_POINT('',(-0.122,-0.0701099267341569,0.0208664117686957));
#4618=CARTESIAN_POINT('',(0.,-0.0691393553150225,0.0172441899201118));
#4619=CARTESIAN_POINT('',(-0.13725,-0.069398174360125,0.0182101157464008));
#4620=CARTESIAN_POINT('',(-0.13725,-0.0701099267341569,0.0208664117686957));
#4621=CARTESIAN_POINT('',(0.,-0.0691393553150225,0.0172441899201118));
#4622=CARTESIAN_POINT('',(-0.1525,-0.069398174360125,0.0182101157464008));
#4623=CARTESIAN_POINT('',(-0.1525,-0.0701099267341569,0.0208664117686957));
#4624=CARTESIAN_POINT('',(0.,-0.0691393553150225,0.0172441899201118));
#4625=CARTESIAN_POINT('',(-0.16775,-0.069398174360125,0.0182101157464008));
#4626=CARTESIAN_POINT('',(-0.16775,-0.0701099267341569,0.0208664117686957));
#4627=CARTESIAN_POINT('',(0.,-0.0691393553150225,0.0172441899201118));
#4628=CARTESIAN_POINT('',(-0.0915,-0.069398174360125,0.0182101157464008));
#4629=CARTESIAN_POINT('',(-0.0915,-0.0701099267341569,0.0208664117686957));
#4630=CARTESIAN_POINT('',(0.,-0.0691393553150225,0.0172441899201118));
#4631=CARTESIAN_POINT('',(-0.01525,-0.069398174360125,0.0182101157464008));
#4632=CARTESIAN_POINT('',(-0.01525,-0.0701099267341569,0.0208664117686957));
#4633=CARTESIAN_POINT('',(0.,-0.0691393553150225,0.0172441899201118));
#4634=CARTESIAN_POINT('',(-0.0305,-0.069398174360125,0.0182101157464008));
#4635=CARTESIAN_POINT('',(-0.0305,-0.0701099267341569,0.0208664117686957));
#4636=CARTESIAN_POINT('',(0.,-0.0691393553150225,0.0172441899201118));
#4637=CARTESIAN_POINT('',(-0.061,-0.069398174360125,0.0182101157464008));
#4638=CARTESIAN_POINT('',(-0.061,-0.0701099267341569,0.0208664117686957));
#4639=CARTESIAN_POINT('',(0.,-0.0691393553150225,0.0172441899201118));
#4640=CARTESIAN_POINT('',(-0.04575,-0.069398174360125,0.0182101157464008));
#4641=CARTESIAN_POINT('',(-0.04575,-0.0701099267341569,0.0208664117686957));
#4642=CARTESIAN_POINT('',(-0.17845,-0.0622018417890136,0.0201390814414351));
#4643=CARTESIAN_POINT('',(-0.1757,-0.0622018417890136,0.0201390814414351));
#4644=CARTESIAN_POINT('',(-0.1757,-0.0622018417890136,0.0228890814414351));
#4645=CARTESIAN_POINT('',(-0.17845,-0.0477129543946776,0.0240213671179728));
#4646=CARTESIAN_POINT('',(-0.1757,-0.0477129543946776,0.0240213671179728));
#4647=CARTESIAN_POINT('',(-0.1757,-0.0477129543946776,0.0267713671179728));
#4648=CARTESIAN_POINT('',(-0.17845,-0.0315336968043357,0.0283565861234401));
#4649=CARTESIAN_POINT('',(-0.1757,-0.0315336968043357,0.0283565861234401));
#4650=CARTESIAN_POINT('',(-0.1757,-0.0315336968043357,0.0311065861234401));
#4651=CARTESIAN_POINT('',(-0.17845,-0.0153544392139938,0.0326918051289073));
#4652=CARTESIAN_POINT('',(-0.1757,-0.0153544392139938,0.0326918051289073));
#4653=CARTESIAN_POINT('',(-0.1757,-0.0153544392139938,0.0354418051289073));
#4654=CARTESIAN_POINT('',(-0.17845,0.000824818376348078,0.0370270241343746));
#4655=CARTESIAN_POINT('',(-0.1757,0.000824818376348078,0.0370270241343746));
#4656=CARTESIAN_POINT('',(-0.1757,0.000824818376348078,0.0397770241343746));
#4657=CARTESIAN_POINT('',(-0.17845,0.031492963361026,0.0452445288163796));
#4658=CARTESIAN_POINT('',(-0.1757,0.031492963361026,0.0452445288163796));
#4659=CARTESIAN_POINT('',(-0.1757,0.031492963361026,0.0479945288163796));
#4660=CARTESIAN_POINT('',(-0.17845,0.01700407596669,0.0413622431398417));
#4661=CARTESIAN_POINT('',(-0.1757,0.01700407596669,0.0413622431398417));
#4662=CARTESIAN_POINT('',(-0.1757,0.01700407596669,0.0441122431398418));
#4663=CARTESIAN_POINT('',(-2.10151275575463E-18,0.0389477446467243,0.0462060410670838));
#4664=CARTESIAN_POINT('',(-0.04575,0.0386889256016218,0.0471719668933728));
#4665=CARTESIAN_POINT('',(-0.04575,0.0379771732275898,0.0498282629156677));
#4666=CARTESIAN_POINT('',(-2.10151275575463E-18,0.0389477446467243,0.0462060410670838));
#4667=CARTESIAN_POINT('',(-0.061,0.0386889256016218,0.0471719668933728));
#4668=CARTESIAN_POINT('',(-0.061,0.0379771732275898,0.0498282629156677));
#4669=CARTESIAN_POINT('',(-2.10151275575463E-18,0.0389477446467243,0.0462060410670838));
#4670=CARTESIAN_POINT('',(-0.0305,0.0386889256016218,0.0471719668933728));
#4671=CARTESIAN_POINT('',(-0.0305,0.0379771732275898,0.0498282629156677));
#4672=CARTESIAN_POINT('',(-2.10151275575463E-18,0.0389477446467243,0.0462060410670838));
#4673=CARTESIAN_POINT('',(-0.01525,0.0386889256016218,0.0471719668933728));
#4674=CARTESIAN_POINT('',(-0.01525,0.0379771732275898,0.0498282629156677));
#4675=CARTESIAN_POINT('',(-2.10151275575463E-18,0.0389477446467243,0.0462060410670838));
#4676=CARTESIAN_POINT('',(-0.0915,0.0386889256016218,0.0471719668933728));
#4677=CARTESIAN_POINT('',(-0.0915,0.0379771732275898,0.0498282629156677));
#4678=CARTESIAN_POINT('',(-2.10151275575463E-18,0.0389477446467243,0.0462060410670838));
#4679=CARTESIAN_POINT('',(-0.16775,0.0386889256016218,0.0471719668933728));
#4680=CARTESIAN_POINT('',(-0.16775,0.0379771732275898,0.0498282629156677));
#4681=CARTESIAN_POINT('',(-2.10151275575463E-18,0.0389477446467243,0.0462060410670838));
#4682=CARTESIAN_POINT('',(-0.1525,0.0386889256016218,0.0471719668933728));
#4683=CARTESIAN_POINT('',(-0.1525,0.0379771732275898,0.0498282629156677));
#4684=CARTESIAN_POINT('',(-2.10151275575463E-18,0.0389477446467243,0.0462060410670838));
#4685=CARTESIAN_POINT('',(-0.13725,0.0386889256016218,0.0471719668933728));
#4686=CARTESIAN_POINT('',(-0.13725,0.0379771732275898,0.0498282629156677));
#4687=CARTESIAN_POINT('',(-2.10151275575463E-18,0.0389477446467243,0.0462060410670838));
#4688=CARTESIAN_POINT('',(-0.122,0.0386889256016218,0.0471719668933728));
#4689=CARTESIAN_POINT('',(-0.122,0.0379771732275898,0.0498282629156677));
#4690=CARTESIAN_POINT('',(-2.10151275575463E-18,0.0389477446467243,0.0462060410670838));
#4691=CARTESIAN_POINT('',(-0.10675,0.0386889256016218,0.0471719668933728));
#4692=CARTESIAN_POINT('',(-0.10675,0.0379771732275898,0.0498282629156677));
#4693=CARTESIAN_POINT('',(-2.10151275575463E-18,0.0389477446467243,0.0462060410670838));
#4694=CARTESIAN_POINT('',(-0.07625,0.0386889256016218,0.0471719668933728));
#4695=CARTESIAN_POINT('',(-0.07625,0.0379771732275898,0.0498282629156677));
#4696=CARTESIAN_POINT('',(-0.1875,0.0097710610863776,0.029717734258336));
#4697=CARTESIAN_POINT('',(-0.1775,0.0097710610863776,0.029717734258336));
#4698=CARTESIAN_POINT('',(-0.1775,-0.0336956010966305,0.0180708772287226));
#4699=CARTESIAN_POINT('',(-0.1775,0.0242599484807136,0.0336000199348738));
#4700=CARTESIAN_POINT('',(-0.1875,-0.0336956010966305,0.0180708772287226));
#4701=CARTESIAN_POINT('',(-0.1875,0.0242599484807136,0.0336000199348738));
#4702=CARTESIAN_POINT('',(-0.174,0.045,0.025));
#4703=CARTESIAN_POINT('',(-0.174,0.045,0.0249222525098078));
#4704=CARTESIAN_POINT('',(-0.174956978879968,0.0452901575835581,0.025));
#4705=CARTESIAN_POINT('',(-0.173043021120033,0.0452901575835581,0.025));
#4706=CARTESIAN_POINT('',(-0.174,0.045,0.025));
#4707=CARTESIAN_POINT('',(-0.116,0.045,0.025));
#4708=CARTESIAN_POINT('',(-0.116,0.045,0.0249222525098078));
#4709=CARTESIAN_POINT('',(-0.116956978879967,0.0452901575835581,0.025));
#4710=CARTESIAN_POINT('',(-0.115043021120033,0.0452901575835581,0.025));
#4711=CARTESIAN_POINT('',(-0.116,0.045,0.025));
#4712=CARTESIAN_POINT('',(-0.0025,0.015,0.025));
#4713=CARTESIAN_POINT('',(0.,0.0452901575835581,0.025));
#4714=CARTESIAN_POINT('',(0.,0.0452901575835581,0.025));
#4715=CARTESIAN_POINT('',(-0.0925,0.0452901575835581,0.025));
#4716=CARTESIAN_POINT('',(-0.0925,0.052,0.025));
#4717=CARTESIAN_POINT('',(-0.0925,0.0415,0.025));
#4718=CARTESIAN_POINT('',(-0.09425,0.0415,0.025));
#4719=CARTESIAN_POINT('',(-0.096,0.0415,0.025));
#4720=CARTESIAN_POINT('',(-0.096,0.03875,0.025));
#4721=CARTESIAN_POINT('',(-0.096,0.036,0.025));
#4722=CARTESIAN_POINT('',(-0.1705,0.036,0.025));
#4723=CARTESIAN_POINT('',(-0.185,0.036,0.025));
#4724=CARTESIAN_POINT('',(-0.185,0.08125,0.025));
#4725=CARTESIAN_POINT('',(-0.185,0.1,0.025));
#4726=CARTESIAN_POINT('',(-0.0975,0.1,0.025));
#4727=CARTESIAN_POINT('',(-0.1775,0.1,0.025));
#4728=CARTESIAN_POINT('',(-0.1775,-0.019,0.025));
#4729=CARTESIAN_POINT('',(-0.1775,0.0452901575835581,0.025));
#4730=CARTESIAN_POINT('',(0.,0.0452901575835581,0.025));
#4731=CARTESIAN_POINT('',(-0.0925,0.052,0.025));
#4732=CARTESIAN_POINT('',(-0.0925,-0.00115906443779891,0.0125539684703235));
#4733=CARTESIAN_POINT('',(-0.0925,0.0415,0.0239844303362989));
#4734=CARTESIAN_POINT('',(-0.0925,0.0415,0.025));
#4735=CARTESIAN_POINT('',(-0.09425,0.0415,0.025));
#4736=CARTESIAN_POINT('',(-0.096,0.0415,0.025));
#4737=CARTESIAN_POINT('',(-0.096,0.0415,0.0239844303362989));
#4738=CARTESIAN_POINT('',(0.,0.0415,0.0239844303362989));
#4739=CARTESIAN_POINT('',(-0.096,0.03875,0.025));
#4740=CARTESIAN_POINT('',(-0.096,-0.00115906443779891,0.0125539684703235));
#4741=CARTESIAN_POINT('',(-0.096,0.036,0.0225107097779278));
#4742=CARTESIAN_POINT('',(-0.096,0.036,0.025));
#4743=CARTESIAN_POINT('',(-0.173712121212121,0.031,-0.0025));
#4744=CARTESIAN_POINT('',(-0.169924242424243,0.031,-0.0025));
#4745=CARTESIAN_POINT('',(-0.169924242424243,0.031,-0.0025));
#4746=CARTESIAN_POINT('',(-0.173712121212121,0.031,-0.0025));
#4747=CARTESIAN_POINT('',(-0.165,0.02775,-0.0025));
#4748=CARTESIAN_POINT('',(-0.1525,0.0195,-0.0025));
#4749=CARTESIAN_POINT('',(-0.1525,0.0195,-0.0025));
#4750=CARTESIAN_POINT('',(-0.1525,0.0195,0.0180895481028142));
#4751=CARTESIAN_POINT('',(-0.165266748830909,0.0279260542283999,0.0203473025286948));
#4752=CARTESIAN_POINT('',(-0.165266748830909,0.0279260542283999,0.0203473025286948));
#4753=CARTESIAN_POINT('',(-0.165,0.02775,-0.0025));
#4754=CARTESIAN_POINT('',(-0.187,-0.065,-0.002));
#4755=CARTESIAN_POINT('',(-0.187,-0.065,-0.0025));
#4756=CARTESIAN_POINT('',(-0.187,-0.072,-0.0025));
#4757=CARTESIAN_POINT('',(-0.187,-0.058,-0.0025));
#4758=CARTESIAN_POINT('',(-0.187,-0.058,-0.002));
#4759=CARTESIAN_POINT('',(-0.187,-0.072,-0.002));
#4760=CARTESIAN_POINT('',(-0.18,-0.058,-0.002));
#4761=CARTESIAN_POINT('',(-0.18,-0.058,-0.0025));
#4762=CARTESIAN_POINT('',(-0.173,-0.058,-0.0025));
#4763=CARTESIAN_POINT('',(-0.173,-0.058,-0.002));
#4764=CARTESIAN_POINT('',(-0.173,-0.065,-0.002));
#4765=CARTESIAN_POINT('',(-0.173,-0.065,-0.0025));
#4766=CARTESIAN_POINT('',(-0.173,-0.072,-0.0025));
#4767=CARTESIAN_POINT('',(-0.173,-0.072,-0.002));
#4768=CARTESIAN_POINT('',(-0.18,-0.072,-0.002));
#4769=CARTESIAN_POINT('',(-0.18,-0.072,-0.0025));
#4770=CARTESIAN_POINT('',(-0.1775,0.0995,-0.002));
#4771=CARTESIAN_POINT('',(-0.1775,0.0995,-0.0025));
#4772=CARTESIAN_POINT('',(-0.1845,0.0995,-0.0025));
#4773=CARTESIAN_POINT('',(-0.1705,0.0995,-0.0025));
#4774=CARTESIAN_POINT('',(-0.1705,0.0995,-0.002));
#4775=CARTESIAN_POINT('',(-0.1845,0.0995,-0.002));
#4776=CARTESIAN_POINT('',(-0.1705,0.0925,-0.002));
#4777=CARTESIAN_POINT('',(-0.1705,0.0925,-0.0025));
#4778=CARTESIAN_POINT('',(-0.1705,0.0855,-0.0025));
#4779=CARTESIAN_POINT('',(-0.1705,0.0855,-0.002));
#4780=CARTESIAN_POINT('',(-0.1775,0.0855,-0.002));
#4781=CARTESIAN_POINT('',(-0.1775,0.0855,-0.0025));
#4782=CARTESIAN_POINT('',(-0.1845,0.0855,-0.0025));
#4783=CARTESIAN_POINT('',(-0.1845,0.0855,-0.002));
#4784=CARTESIAN_POINT('',(-0.1845,0.0925,-0.002));
#4785=CARTESIAN_POINT('',(-0.1845,0.0925,-0.0025));
#4786=CARTESIAN_POINT('',(-0.07625,0.0505698132649771,0.0503554411481338));
#4787=CARTESIAN_POINT('',(-0.07625,0.053226109287272,0.0510671935221657));
#4788=CARTESIAN_POINT('',(-0.07625,0.0525143569132401,0.0537234895444606));
#4789=CARTESIAN_POINT('',(-0.10675,0.0505698132649771,0.0503554411481338));
#4790=CARTESIAN_POINT('',(-0.10675,0.053226109287272,0.0510671935221657));
#4791=CARTESIAN_POINT('',(-0.10675,0.0525143569132401,0.0537234895444606));
#4792=CARTESIAN_POINT('',(-0.122,0.050569813264977,0.0503554411481338));
#4793=CARTESIAN_POINT('',(-0.122,0.053226109287272,0.0510671935221657));
#4794=CARTESIAN_POINT('',(-0.122,0.0525143569132401,0.0537234895444606));
#4795=CARTESIAN_POINT('',(-0.13725,0.050569813264977,0.0503554411481337));
#4796=CARTESIAN_POINT('',(-0.13725,0.0532261092872719,0.0510671935221657));
#4797=CARTESIAN_POINT('',(-0.13725,0.05251435691324,0.0537234895444606));
#4798=CARTESIAN_POINT('',(-0.1525,0.050569813264977,0.0503554411481337));
#4799=CARTESIAN_POINT('',(-0.1525,0.0532261092872719,0.0510671935221657));
#4800=CARTESIAN_POINT('',(-0.1525,0.05251435691324,0.0537234895444606));
#4801=CARTESIAN_POINT('',(-0.16775,0.050569813264977,0.0503554411481337));
#4802=CARTESIAN_POINT('',(-0.16775,0.0532261092872719,0.0510671935221657));
#4803=CARTESIAN_POINT('',(-0.16775,0.05251435691324,0.0537234895444606));
#4804=CARTESIAN_POINT('',(-0.0915,0.0505698132649771,0.0503554411481338));
#4805=CARTESIAN_POINT('',(-0.0915,0.053226109287272,0.0510671935221657));
#4806=CARTESIAN_POINT('',(-0.0915,0.0525143569132401,0.0537234895444606));
#4807=CARTESIAN_POINT('',(-0.01525,0.0505698132649772,0.0503554411481338));
#4808=CARTESIAN_POINT('',(-0.01525,0.0532261092872721,0.0510671935221657));
#4809=CARTESIAN_POINT('',(-0.01525,0.0525143569132402,0.0537234895444606));
#4810=CARTESIAN_POINT('',(-0.0305,0.0505698132649772,0.0503554411481338));
#4811=CARTESIAN_POINT('',(-0.0305,0.0532261092872721,0.0510671935221657));
#4812=CARTESIAN_POINT('',(-0.0305,0.0525143569132402,0.0537234895444606));
#4813=CARTESIAN_POINT('',(-0.061,0.0505698132649771,0.0503554411481338));
#4814=CARTESIAN_POINT('',(-0.061,0.0532261092872721,0.0510671935221657));
#4815=CARTESIAN_POINT('',(-0.061,0.0525143569132402,0.0537234895444606));
#4816=CARTESIAN_POINT('',(-0.04575,0.0505698132649771,0.0503554411481338));
#4817=CARTESIAN_POINT('',(-0.04575,0.0532261092872721,0.0510671935221657));
#4818=CARTESIAN_POINT('',(-0.04575,0.0525143569132402,0.0537234895444606));
#4819=CARTESIAN_POINT('',(-0.1875,-0.0324015058711179,0.0132412480972773));
#4820=CARTESIAN_POINT('',(-0.1775,-0.0324015058711179,0.0132412480972773));
#4821=CARTESIAN_POINT('',(-0.1775,-0.0311074106456053,0.00841161896583191));
#4822=CARTESIAN_POINT('',(-0.1575,-0.0311074106456053,0.00841161896583191));
#4823=CARTESIAN_POINT('',(-0.1575,-0.0301368392264709,0.00478939711724791));
#4824=CARTESIAN_POINT('',(-0.1875,-0.0288535241366723,2.49366499671666E-18));
#4825=CARTESIAN_POINT('',(-0.1875,0.0255540437062262,0.0287703908034285));
#4826=CARTESIAN_POINT('',(-0.165104106592232,0.0268476212936486,0.0239426935236358));
#4827=CARTESIAN_POINT('',(-0.165104106592232,0.0268481389317388,0.0239407616719831));
#4828=CARTESIAN_POINT('',(-0.1575,0.0268481389317388,0.0239407616719831));
#4829=CARTESIAN_POINT('',(-0.1775,0.0268481389317388,0.0239407616719831));
#4830=CARTESIAN_POINT('',(-0.1775,0.0255540437062262,0.0287703908034285));
#4831=CARTESIAN_POINT('',(-0.1875,0.0297598531891422,0.0130740961262311));
#4832=CARTESIAN_POINT('',(-0.0246885021432934,0.0226881973948012,0.0189438230200622));
#4833=CARTESIAN_POINT('',(-0.0246885021432934,0.0226881973948012,0.0189438230200622));
#4834=CARTESIAN_POINT('',(-0.0246885021432934,0.0347622702234145,0.0221790610838438));
#4835=CARTESIAN_POINT('',(-0.0246885021432934,0.0217176259756667,0.0225660448686462));
#4836=CARTESIAN_POINT('',(-0.0246885021432934,0.0337916988042801,0.0258012829324278));
#4837=CARTESIAN_POINT('',(-0.0349148145657227,-0.00115906443779885,0.0125539684703235));
#4838=CARTESIAN_POINT('',(-0.0349148145657227,-0.00115906443779885,0.0125539684703235));
#4839=CARTESIAN_POINT('',(-0.0349148145657227,0.0109150083908145,0.015789206534105));
#4840=CARTESIAN_POINT('',(-0.0349148145657227,-0.00212963585693331,0.0161761903189075));
#4841=CARTESIAN_POINT('',(-0.0349148145657227,0.00994443697168004,0.019411428382689));
#4842=CARTESIAN_POINT('',(-0.0246885021432934,-0.0250063262703989,0.0061641139205848));
#4843=CARTESIAN_POINT('',(-0.0246885021432934,-0.0250063262703989,0.0061641139205848));
#4844=CARTESIAN_POINT('',(-0.0246885021432934,-0.0129322534417856,0.00939935198436631));
#4845=CARTESIAN_POINT('',(-0.0246885021432934,-0.0259768976895333,0.00978633576916881));
#4846=CARTESIAN_POINT('',(-0.0246885021432934,-0.01390282486092,0.0130215738329503));
#4847=CARTESIAN_POINT('',(-0.0740714285714285,0.0245,0.0269338714530413));
#4848=CARTESIAN_POINT('',(-0.0801428571428571,0.0245,0.0269338714530413));
#4849=CARTESIAN_POINT('',(-0.0801428571428571,0.0245,0.0194292940649699));
#4850=CARTESIAN_POINT('',(-0.0801428571428571,0.0245,0.));
#4851=CARTESIAN_POINT('',(-0.0740714285714285,0.0245,0.0194292940649699));
#4852=CARTESIAN_POINT('',(-0.068,0.0245,0.0194292940649699));
#4853=CARTESIAN_POINT('',(-0.068,0.0245,0.0269338714530413));
#4854=CARTESIAN_POINT('',(-0.068,0.0245,0.));
#4855=CARTESIAN_POINT('',(-0.0740714285714285,0.0245,0.));
#4856=CARTESIAN_POINT('',(-0.0801428571428571,0.022,0.0269338714530413));
#4857=CARTESIAN_POINT('',(-0.0801428571428571,0.0240436125922874,0.0193070054276375));
#4858=CARTESIAN_POINT('',(-0.0801428571428571,0.0195,0.0180895481028142));
#4859=CARTESIAN_POINT('',(-0.0801428571428571,0.022,0.));
#4860=CARTESIAN_POINT('',(-0.0801428571428571,0.0195,0.));
#4861=CARTESIAN_POINT('',(-0.0801428571428571,0.0195,0.0269338714530413));
#4862=CARTESIAN_POINT('',(-0.1425,0.022,0.0225127097779278));
#4863=CARTESIAN_POINT('',(-0.1425,0.0245,0.0225127097779278));
#4864=CARTESIAN_POINT('',(-0.1425,0.0245,0.0194292940649699));
#4865=CARTESIAN_POINT('',(-0.1425,0.0245,0.));
#4866=CARTESIAN_POINT('',(-0.1425,0.0229383221735089,0.019010843752524));
#4867=CARTESIAN_POINT('',(-0.1425,0.0195,0.0180895481028142));
#4868=CARTESIAN_POINT('',(-0.1425,0.0195,0.0225127097779278));
#4869=CARTESIAN_POINT('',(-0.1425,0.0195,0.));
#4870=CARTESIAN_POINT('',(-0.1425,0.022,0.));
#4871=CARTESIAN_POINT('',(-0.146287878787879,0.0245,0.0225127097779278));
#4872=CARTESIAN_POINT('',(-0.150075757575758,0.0245,0.0225127097779278));
#4873=CARTESIAN_POINT('',(-0.150075757575758,0.0245,0.0194292940649699));
#4874=CARTESIAN_POINT('',(-0.150075757575758,0.0245,0.));
#4875=CARTESIAN_POINT('',(-0.146287878787879,0.0245,0.0194292940649699));
#4876=CARTESIAN_POINT('',(-0.146287878787879,0.0245,0.));
#4877=CARTESIAN_POINT('',(-0.155,0.02775,0.0225127097779278));
#4878=CARTESIAN_POINT('',(-0.155266748830909,0.0279260542283999,0.0203473025286948));
#4879=CARTESIAN_POINT('',(-0.1675,0.036,0.0225107097779278));
#4880=CARTESIAN_POINT('',(-0.155,0.02775,0.));
#4881=CARTESIAN_POINT('',(-0.1675,0.036,0.));
#4882=CARTESIAN_POINT('',(-0.1675,0.036,0.0225127097779278));
#4883=CARTESIAN_POINT('',(-0.1705,0.036,0.0225127097779278));
#4884=CARTESIAN_POINT('',(-0.1705,0.036,0.));
#4885=CARTESIAN_POINT('',(-0.185,0.036,0.));
#4886=CARTESIAN_POINT('',(-0.185,0.036,0.025));
#4887=CARTESIAN_POINT('',(0.,0.036,0.0225107097779278));
#4888=CARTESIAN_POINT('',(-0.185,0.08125,0.025));
#4889=CARTESIAN_POINT('',(-0.185,0.08125,0.));
#4890=CARTESIAN_POINT('',(-0.185,0.1,0.));
#4891=CARTESIAN_POINT('',(-0.185,0.1,0.025));
#4892=CARTESIAN_POINT('',(-0.0975,0.1,0.025));
#4893=CARTESIAN_POINT('',(-0.0975,0.1,0.));
#4894=CARTESIAN_POINT('',(-0.1775,0.1,0.));
#4895=CARTESIAN_POINT('',(-0.1775,0.1,-0.0025));
#4896=CARTESIAN_POINT('',(-0.037,0.1025,-0.0025));
#4897=CARTESIAN_POINT('',(-0.177498,0.1025,0.0543271931858914));
#4898=CARTESIAN_POINT('',(-0.1775,0.1025,0.0543271931858914));
#4899=CARTESIAN_POINT('',(-0.1775,0.1025,0.022937671102931));
#4900=CARTESIAN_POINT('',(-0.1775,0.1025,0.));
#4901=CARTESIAN_POINT('',(-0.037,0.1025,0.));
#4902=CARTESIAN_POINT('',(-0.02,0.1025,0.));
#4903=CARTESIAN_POINT('',(-0.02,0.1025,-0.0025));
#4904=CARTESIAN_POINT('',(-0.02,0.1025,-0.0025));
#4905=CARTESIAN_POINT('',(-0.037,0.1025,-0.0025));
#4906=CARTESIAN_POINT('',(-0.174,0.094,0.006));
#4907=CARTESIAN_POINT('',(-0.174,0.094,0.));
#4908=CARTESIAN_POINT('',(-0.173,0.094,0.));
#4909=CARTESIAN_POINT('',(-0.0702,0.1005,0.006));
#4910=CARTESIAN_POINT('',(-0.0702,0.1005,0.));
#4911=CARTESIAN_POINT('',(-0.06945,0.1005,0.));
#4912=CARTESIAN_POINT('',(-0.116,0.045,0.006));
#4913=CARTESIAN_POINT('',(-0.116,0.045,0.));
#4914=CARTESIAN_POINT('',(-0.115,0.045,0.));
#4915=CARTESIAN_POINT('',(-0.116,0.094,0.006));
#4916=CARTESIAN_POINT('',(-0.116,0.094,0.));
#4917=CARTESIAN_POINT('',(-0.115,0.094,0.));
#4918=CARTESIAN_POINT('',(-0.174,0.045,0.006));
#4919=CARTESIAN_POINT('',(-0.174,0.045,0.));
#4920=CARTESIAN_POINT('',(-0.173,0.045,0.));
#4921=CARTESIAN_POINT('',(-0.0588,0.0535,0.006));
#4922=CARTESIAN_POINT('',(-0.0588,0.0535,0.));
#4923=CARTESIAN_POINT('',(-0.05805,0.0535,0.));
#4924=CARTESIAN_POINT('',(-0.0702,0.0535,0.006));
#4925=CARTESIAN_POINT('',(-0.0702,0.0535,0.));
#4926=CARTESIAN_POINT('',(-0.06945,0.0535,0.));
#4927=CARTESIAN_POINT('',(-0.0588,0.1005,0.006));
#4928=CARTESIAN_POINT('',(-0.0588,0.1005,0.));
#4929=CARTESIAN_POINT('',(-0.05805,0.1005,0.));
#4930=CARTESIAN_POINT('',(-0.02,0.09125,-0.0025));
#4931=CARTESIAN_POINT('',(-0.02,0.09125,0.));
#4932=CARTESIAN_POINT('',(-0.02,0.0825,0.));
#4933=CARTESIAN_POINT('',(-0.02,0.0825,-0.0025));
#4934=CARTESIAN_POINT('',(-0.02,0.0825,-0.0025));
#4935=CARTESIAN_POINT('',(-0.02,0.09125,-0.0025));
#4936=CARTESIAN_POINT('',(-0.0165,0.08025,9.95025524307225E-20));
#4937=CARTESIAN_POINT('',(-0.0165,0.0825,9.95025524307225E-20));
#4938=CARTESIAN_POINT('',(-0.0165,0.0825,0.001625));
#4939=CARTESIAN_POINT('',(-0.011,0.08025,9.95025524307225E-20));
#4940=CARTESIAN_POINT('',(-0.011,0.0825,9.95025524307225E-20));
#4941=CARTESIAN_POINT('',(-0.011,0.0825,0.001625));
#4942=CARTESIAN_POINT('',(-0.0055,0.08025,9.95025524307225E-20));
#4943=CARTESIAN_POINT('',(-0.0055,0.0825,9.95025524307225E-20));
#4944=CARTESIAN_POINT('',(-0.0055,0.0825,0.001625));
#4945=CARTESIAN_POINT('',(-0.0735768656032677,0.0195,-0.0025));
#4946=CARTESIAN_POINT('',(-0.0670108740636783,0.0195,-0.0025));
#4947=CARTESIAN_POINT('',(-0.0670108740636783,0.0195,-0.0025));
#4948=CARTESIAN_POINT('',(-0.0670108740636783,0.0195,0.0180895481028142));
#4949=CARTESIAN_POINT('',(-0.0735768656032677,0.0195,0.0180895481028142));
#4950=CARTESIAN_POINT('',(-0.0735768656032677,0.0195,0.));
#4951=CARTESIAN_POINT('',(-0.1475,0.0195,0.0180895481028142));
#4952=CARTESIAN_POINT('',(-0.0735768656032677,0.0195,-0.0025));
#4953=CARTESIAN_POINT('',(-0.177498,0.0774262975050256,0.0543271931858914));
#4954=CARTESIAN_POINT('',(-0.1775,0.0774262975050256,0.0543271931858914));
#4955=CARTESIAN_POINT('',(-0.1775,0.0523525950100512,0.0543271931858914));
#4956=CARTESIAN_POINT('',(-0.1875,0.0523525950100512,0.0543271931858914));
#4957=CARTESIAN_POINT('',(-0.1775,-0.019,-0.0025));
#4958=CARTESIAN_POINT('',(-0.1775,0.00392041594515321,1.7347234759768E-18));
#4959=CARTESIAN_POINT('',(-0.1775,0.0523525950100512,0.0543271931858914));
#4960=CARTESIAN_POINT('',(-0.1775,0.0546172616546983,0.045875342205862));
#4961=CARTESIAN_POINT('',(-0.1775,-0.00333828792264584,0.0303461994997108));
#4962=CARTESIAN_POINT('',(-0.1775,-0.0661234666314353,0.013522961568047));
#4963=CARTESIAN_POINT('',(-0.1775,-0.0661234666314353,0.013522961568047));
#4964=CARTESIAN_POINT('',(-0.1775,-0.0625,0.));
#4965=CARTESIAN_POINT('',(-0.1775,0.000285178708789443,0.0168232379316638));
#4966=CARTESIAN_POINT('',(-0.1775,0.000285178708789443,0.0168232379316638));
#4967=CARTESIAN_POINT('',(-0.1775,0.0582407282861335,0.0323523806378151));
#4968=CARTESIAN_POINT('',(-0.1775,0.059211299705268,0.0287301587892311));
#4969=CARTESIAN_POINT('',(-0.1775,0.059211299705268,0.0287301587892311));
#4970=CARTESIAN_POINT('',(-0.1775,0.00125575012792389,0.0132010160830798));
#4971=CARTESIAN_POINT('',(-0.07625,-0.069398174360125,0.0182101157464008));
#4972=CARTESIAN_POINT('',(-0.07625,-0.0667418783378301,0.0189218681204328));
#4973=CARTESIAN_POINT('',(-0.07625,-0.067453630711862,0.0215781641427277));
#4974=CARTESIAN_POINT('',(-0.10675,-0.069398174360125,0.0182101157464008));
#4975=CARTESIAN_POINT('',(-0.10675,-0.0667418783378301,0.0189218681204328));
#4976=CARTESIAN_POINT('',(-0.10675,-0.067453630711862,0.0215781641427277));
#4977=CARTESIAN_POINT('',(-0.122,-0.069398174360125,0.0182101157464008));
#4978=CARTESIAN_POINT('',(-0.122,-0.0667418783378301,0.0189218681204328));
#4979=CARTESIAN_POINT('',(-0.122,-0.067453630711862,0.0215781641427277));
#4980=CARTESIAN_POINT('',(-0.13725,-0.069398174360125,0.0182101157464008));
#4981=CARTESIAN_POINT('',(-0.13725,-0.0667418783378301,0.0189218681204328));
#4982=CARTESIAN_POINT('',(-0.13725,-0.067453630711862,0.0215781641427277));
#4983=CARTESIAN_POINT('',(-0.1525,-0.069398174360125,0.0182101157464008));
#4984=CARTESIAN_POINT('',(-0.1525,-0.0667418783378301,0.0189218681204328));
#4985=CARTESIAN_POINT('',(-0.1525,-0.067453630711862,0.0215781641427277));
#4986=CARTESIAN_POINT('',(-0.16775,-0.069398174360125,0.0182101157464008));
#4987=CARTESIAN_POINT('',(-0.16775,-0.0667418783378301,0.0189218681204328));
#4988=CARTESIAN_POINT('',(-0.16775,-0.067453630711862,0.0215781641427277));
#4989=CARTESIAN_POINT('',(-0.0915,-0.069398174360125,0.0182101157464008));
#4990=CARTESIAN_POINT('',(-0.0915,-0.0667418783378301,0.0189218681204328));
#4991=CARTESIAN_POINT('',(-0.0915,-0.067453630711862,0.0215781641427277));
#4992=CARTESIAN_POINT('',(-0.01525,-0.069398174360125,0.0182101157464008));
#4993=CARTESIAN_POINT('',(-0.01525,-0.0667418783378301,0.0189218681204328));
#4994=CARTESIAN_POINT('',(-0.01525,-0.067453630711862,0.0215781641427277));
#4995=CARTESIAN_POINT('',(-0.0305,-0.069398174360125,0.0182101157464008));
#4996=CARTESIAN_POINT('',(-0.0305,-0.0667418783378301,0.0189218681204328));
#4997=CARTESIAN_POINT('',(-0.0305,-0.067453630711862,0.0215781641427277));
#4998=CARTESIAN_POINT('',(-0.061,-0.069398174360125,0.0182101157464008));
#4999=CARTESIAN_POINT('',(-0.061,-0.0667418783378301,0.0189218681204328));
#5000=CARTESIAN_POINT('',(-0.061,-0.067453630711862,0.0215781641427277));
#5001=CARTESIAN_POINT('',(-0.04575,-0.069398174360125,0.0182101157464008));
#5002=CARTESIAN_POINT('',(-0.04575,-0.0667418783378301,0.0189218681204328));
#5003=CARTESIAN_POINT('',(-0.04575,-0.067453630711862,0.0215781641427277));
#5004=CARTESIAN_POINT('',(-0.1757,-0.0162281386564727,0.0359510409836125));
#5005=CARTESIAN_POINT('',(-0.1757,-0.0139634720118256,0.0274991900035831));
#5006=CARTESIAN_POINT('',(-0.1757,-0.0653507259704041,0.013730016804129));
#5007=CARTESIAN_POINT('',(-0.1757,0.0374237819467529,0.0412683632030371));
#5008=CARTESIAN_POINT('',(-0.1757,0.0351591153021058,0.0497202141830665));
#5009=CARTESIAN_POINT('',(-0.1757,0.0351591153021058,0.0497202141830665));
#5010=CARTESIAN_POINT('',(-0.1757,-0.0162281386564727,0.0359510409836125));
#5011=CARTESIAN_POINT('',(-0.1757,-0.0676153926150511,0.0221818677841583));
#5012=CARTESIAN_POINT('',(-0.1757,-0.0676153926150511,0.0221818677841584));
#5013=CARTESIAN_POINT('',(-0.04575,0.0386889256016218,0.0471719668933728));
#5014=CARTESIAN_POINT('',(-0.04575,0.0360326295793269,0.0464602145193409));
#5015=CARTESIAN_POINT('',(-0.04575,0.0353208772052949,0.0491165105416358));
#5016=CARTESIAN_POINT('',(-0.061,0.0386889256016218,0.0471719668933728));
#5017=CARTESIAN_POINT('',(-0.061,0.0360326295793269,0.0464602145193409));
#5018=CARTESIAN_POINT('',(-0.061,0.0353208772052949,0.0491165105416358));
#5019=CARTESIAN_POINT('',(-0.0305,0.0386889256016218,0.0471719668933728));
#5020=CARTESIAN_POINT('',(-0.0305,0.0360326295793269,0.0464602145193409));
#5021=CARTESIAN_POINT('',(-0.0305,0.0353208772052949,0.0491165105416358));
#5022=CARTESIAN_POINT('',(-0.01525,0.0386889256016218,0.0471719668933728));
#5023=CARTESIAN_POINT('',(-0.01525,0.0360326295793269,0.0464602145193409));
#5024=CARTESIAN_POINT('',(-0.01525,0.0353208772052949,0.0491165105416358));
#5025=CARTESIAN_POINT('',(-0.0915,0.0386889256016218,0.0471719668933728));
#5026=CARTESIAN_POINT('',(-0.0915,0.0360326295793269,0.0464602145193409));
#5027=CARTESIAN_POINT('',(-0.0915,0.0353208772052949,0.0491165105416358));
#5028=CARTESIAN_POINT('',(-0.16775,0.0386889256016218,0.0471719668933728));
#5029=CARTESIAN_POINT('',(-0.16775,0.0360326295793268,0.0464602145193409));
#5030=CARTESIAN_POINT('',(-0.16775,0.0353208772052949,0.0491165105416358));
#5031=CARTESIAN_POINT('',(-0.1525,0.0386889256016218,0.0471719668933728));
#5032=CARTESIAN_POINT('',(-0.1525,0.0360326295793268,0.0464602145193409));
#5033=CARTESIAN_POINT('',(-0.1525,0.0353208772052949,0.0491165105416358));
#5034=CARTESIAN_POINT('',(-0.13725,0.0386889256016218,0.0471719668933728));
#5035=CARTESIAN_POINT('',(-0.13725,0.0360326295793268,0.0464602145193409));
#5036=CARTESIAN_POINT('',(-0.13725,0.0353208772052949,0.0491165105416358));
#5037=CARTESIAN_POINT('',(-0.122,0.0386889256016218,0.0471719668933728));
#5038=CARTESIAN_POINT('',(-0.122,0.0360326295793268,0.0464602145193409));
#5039=CARTESIAN_POINT('',(-0.122,0.0353208772052949,0.0491165105416358));
#5040=CARTESIAN_POINT('',(-0.10675,0.0386889256016218,0.0471719668933728));
#5041=CARTESIAN_POINT('',(-0.10675,0.0360326295793268,0.0464602145193409));
#5042=CARTESIAN_POINT('',(-0.10675,0.0353208772052949,0.0491165105416358));
#5043=CARTESIAN_POINT('',(-0.07625,0.0386889256016218,0.0471719668933728));
#5044=CARTESIAN_POINT('',(-0.07625,0.0360326295793269,0.0464602145193409));
#5045=CARTESIAN_POINT('',(-0.07625,0.0353208772052949,0.0491165105416358));
#5046=CARTESIAN_POINT('',(-0.02,0.0805,0.006));
#5047=CARTESIAN_POINT('',(-0.02,0.0805,0.));
#5048=CARTESIAN_POINT('',(-0.02,0.0785,0.));
#5049=CARTESIAN_POINT('',(-0.02,0.0785,0.006));
#5050=CARTESIAN_POINT('',(-0.02,0.0785,0.006));
#5051=CARTESIAN_POINT('',(-0.02,0.0805,0.006));
#5052=CARTESIAN_POINT('',(-0.02,0.0825,0.006));
#5053=CARTESIAN_POINT('',(-0.02,0.0825,0.006));
#5054=CARTESIAN_POINT('',(-0.068,0.0275,0.0269338714530413));
#5055=CARTESIAN_POINT('',(-0.068,0.0275,0.0194292940649699));
#5056=CARTESIAN_POINT('',(-0.068,0.0275,0.0194292940649699));
#5057=CARTESIAN_POINT('',(-0.068,0.0275,0.0269338714530413));
#5058=CARTESIAN_POINT('',(-0.068,0.0275,0.));
#5059=CARTESIAN_POINT('',(-0.068,0.0275,0.));
#5060=CARTESIAN_POINT('',(-0.0654476778514952,0.0275,0.0425623984797637));
#5061=CARTESIAN_POINT('',(-0.0677444049614162,0.0331456648449688,0.0217458929782093));
#5062=CARTESIAN_POINT('',(-0.0679113098726933,0.0275,0.0202331416422632));
#5063=CARTESIAN_POINT('',(-0.0654476778514952,0.0275,0.0425623984797637));
#5064=CARTESIAN_POINT('',(-0.0609394454922498,0.022,-0.0025));
#5065=CARTESIAN_POINT('',(0.,0.0470927128497499,-0.0025));
#5066=CARTESIAN_POINT('',(0.,0.0470927128497499,-0.0025));
#5067=CARTESIAN_POINT('',(0.,0.0470927128497499,0.0254829932278886));
#5068=CARTESIAN_POINT('',(-0.0601762350149562,0.0223142631377092,0.0188436276378521));
#5069=CARTESIAN_POINT('',(-0.0609394454922498,0.022,-0.0025));
#5070=CARTESIAN_POINT('',(-0.0025,0.015,0.006));
#5071=CARTESIAN_POINT('',(6.93889390390723E-18,0.0785,0.006));
#5072=CARTESIAN_POINT('',(0.,0.0785,0.006));
#5073=CARTESIAN_POINT('',(0.,0.015,0.006));
#5074=CARTESIAN_POINT('',(0.,0.0825,0.006));
#5075=CARTESIAN_POINT('',(0.01,0.0825,0.006));
#5076=CARTESIAN_POINT('',(6.93889390390723E-18,0.0785,0.006));
#5077=CARTESIAN_POINT('',(6.93889390390723E-18,0.0785,0.));
#5078=CARTESIAN_POINT('',(0.,0.0785,0.));
#5079=CARTESIAN_POINT('',(0.,0.0785,0.006));
#5080=CARTESIAN_POINT('',(0.01,0.0825,-0.0025));
#5081=CARTESIAN_POINT('',(0.,0.0825,-0.0025));
#5082=CARTESIAN_POINT('',(0.,0.0825,-0.0025));
#5083=CARTESIAN_POINT('',(0.01,0.0825,-0.0025));
#5084=CARTESIAN_POINT('',(-0.0310972507125151,0.0416442935278153,0.0463523505080506));
#5085=CARTESIAN_POINT('',(-0.0293913246597226,0.0433611703818115,0.0244831294370821));
#5086=CARTESIAN_POINT('',(6.93889390390723E-18,0.0554634805358149,0.0277259336693982));
#5087=CARTESIAN_POINT('',(3.46944695195361E-18,0.0545794791245559,0.0469472485366903));
#5088=CARTESIAN_POINT('',(0.,0.0555,0.0269318714530413));
#5089=CARTESIAN_POINT('',(-0.0336495728610199,0.0416442935278153,0.0232192460932567));
#5090=CARTESIAN_POINT('',(-0.034,0.0415,0.0269338714530413));
#5091=CARTESIAN_POINT('',(0.,0.0555,0.0269338714530413));
#5092=CARTESIAN_POINT('',(0.,0.0555,0.));
#5093=CARTESIAN_POINT('',(-0.034,0.0415,0.));
#5094=CARTESIAN_POINT('',(-0.0025,0.015,0.));
#5095=CARTESIAN_POINT('',(0.,0.015,0.));
#5096=CARTESIAN_POINT('',(0.,-0.0676153926150511,0.0221818677841584));
#5097=CARTESIAN_POINT('',(0.,-0.0676153926150511,0.0221818677841584));
#5098=CARTESIAN_POINT('',(0.,-0.0653507259704041,0.013730016804129));
#5099=CARTESIAN_POINT('',(0.,-0.0676153926150511,0.0221818677841584));
#5100=CARTESIAN_POINT('',(0.,-0.0653507259704041,0.013730016804129));
#5101=CARTESIAN_POINT('',(0.,-0.0676153926150511,0.0221818677841584));
#5102=CARTESIAN_POINT('',(0.,0.0351591153021058,0.0497202141830665));
#5103=CARTESIAN_POINT('',(0.,0.0351591153021058,0.0497202141830665));
#5104=CARTESIAN_POINT('',(0.,0.0351591153021058,0.0497202141830665));
#5105=CARTESIAN_POINT('',(0.,0.0374237819467529,0.0412683632030371));
#5106=CARTESIAN_POINT('',(0.,0.0351591153021058,0.0497202141830665));
#5107=CARTESIAN_POINT('',(0.,0.0374237819467529,0.0412683632030371));
#5108=CARTESIAN_POINT('',(-0.0025,-0.00894136917265089,0.028844858403646));
#5109=CARTESIAN_POINT('',(0.,-0.00894136917265089,0.028844858403646));
#5110=CARTESIAN_POINT('',(0.,-0.0661234666314353,0.013522961568047));
#5111=CARTESIAN_POINT('',(0.,-0.0661234666314353,0.013522961568047));
#5112=CARTESIAN_POINT('',(-0.1875,0.0546172616546983,0.045875342205862));
#5113=CARTESIAN_POINT('',(0.,0.0546172616546983,0.045875342205862));
#5114=CARTESIAN_POINT('',(0.,-0.00894136917265089,0.028844858403646));
#5115=CARTESIAN_POINT('',(0.182502,-0.0736323333223235,0.00888311279072964));
#5116=CARTESIAN_POINT('',(0.,-0.0736323333223235,0.00888311279072964));
#5117=CARTESIAN_POINT('',(-5.55111512312578E-17,-0.0747646666446471,0.0202662255814593));
#5118=CARTESIAN_POINT('',(0.,-0.0725,-0.0025));
#5119=CARTESIAN_POINT('',(-0.1875,-0.0747646666446471,0.0202662255814593));
#5120=CARTESIAN_POINT('',(-0.09375,-0.0725,-0.0025));
#5121=CARTESIAN_POINT('',(-0.0025,-0.0112060358172979,0.0372967093836754));
#5122=CARTESIAN_POINT('',(0.,-0.0112060358172979,0.0372967093836754));
#5123=CARTESIAN_POINT('',(0.,-0.0112060358172979,0.0372967093836754));
#5124=CARTESIAN_POINT('',(0.,0.0523525950100512,0.0543271931858914));
#5125=CARTESIAN_POINT('',(-0.1875,0.0523525950100512,0.0543271931858914));
#5126=CARTESIAN_POINT('',(0.,-0.0661234666314353,0.013522961568047));
#5127=CARTESIAN_POINT('',(0.,-0.0661234666314353,0.013522961568047));
#5128=CARTESIAN_POINT('',(0.,-0.0625,0.));
#5129=CARTESIAN_POINT('',(0.,-0.0625,0.));
#5130=CARTESIAN_POINT('',(0.,-0.00212963585693336,0.0161761903189075));
#5131=CARTESIAN_POINT('',(-0.165266748830909,0.0269554828092654,0.0239695243772788));
#5132=CARTESIAN_POINT('',(0.,-0.00212963585693336,0.0161761903189075));
#5133=CARTESIAN_POINT('',(7.70371977754894E-34,-0.0479288297946719,0.0039043332892941));
#5134=CARTESIAN_POINT('',(-1.35686323515644E-18,-0.0358547569660586,0.0071395713530756));
#5135=CARTESIAN_POINT('',(7.70371977754894E-34,-0.0237806841374452,0.0103748094168571));
#5136=CARTESIAN_POINT('',(0.,-0.00212963585693336,0.0161761903189075));
#5137=CARTESIAN_POINT('',(3.85185988877447E-34,-0.0214481523827147,0.0109998094168571));
#5138=CARTESIAN_POINT('',(-1.20899848873411E-18,-0.00212963585693331,0.0161761903189075));
#5139=CARTESIAN_POINT('',(-7.65404249467096E-19,0.031595485252192,0.0252128092847394));
#5140=CARTESIAN_POINT('',(3.85185988877447E-34,0.0436695580808053,0.028448047348521));
#5141=CARTESIAN_POINT('',(0.,-0.00212963585693336,0.0161761903189075));
#5142=CARTESIAN_POINT('',(0.,0.0582407282861335,0.0323523806378151));
#5143=CARTESIAN_POINT('',(0.,0.0582407282861335,0.0323523806378151));
#5144=CARTESIAN_POINT('',(0.,0.059211299705268,0.0287301587892311));
#5145=CARTESIAN_POINT('',(0.,0.059211299705268,0.0287301587892311));
#5146=CARTESIAN_POINT('',(0.,0.059211299705268,0.0287301587892311));
#5147=CARTESIAN_POINT('',(0.,0.059211299705268,0.0287301587892311));
#5148=CARTESIAN_POINT('',(-7.65404249467096E-19,0.0325660566713264,0.0215905874361554));
#5149=CARTESIAN_POINT('',(-7.65404249467096E-19,0.0325660566713264,0.0215905874361554));
#5150=CARTESIAN_POINT('',(0.,0.0446401294999398,0.024825825499937));
#5151=CARTESIAN_POINT('',(0.,0.0446401294999398,0.024825825499937));
#5152=CARTESIAN_POINT('',(-1.20899848873411E-18,-0.00115906443779885,0.0125539684703235));
#5153=CARTESIAN_POINT('',(-1.20899848873411E-18,-0.00115906443779885,0.0125539684703235));
#5154=CARTESIAN_POINT('',(0.,-0.0204775809635802,0.0073775875682731));
#5155=CARTESIAN_POINT('',(0.,-0.0204775809635802,0.0073775875682731));
#5156=CARTESIAN_POINT('',(-1.35686323515644E-18,-0.0348841855469241,0.0035173495044916));
#5157=CARTESIAN_POINT('',(-1.35686323515644E-18,-0.0348841855469241,0.0035173495044916));
#5158=CARTESIAN_POINT('',(0.,-0.0469582583755375,0.000282111440710089));
#5159=CARTESIAN_POINT('',(0.,-0.0228101127183107,0.0067525875682731));
#5160=CARTESIAN_POINT('',(0.,-0.0228101127183107,0.0067525875682731));
#5161=CARTESIAN_POINT('',(0.,-0.0469582583755375,0.00028211144071009));
#5162=CARTESIAN_POINT('',(-0.1875,0.0523525950100512,0.0543271931858914));
#5163=CARTESIAN_POINT('',(0.,0.0523525950100512,0.0543271931858914));
#5164=CARTESIAN_POINT('',(-0.0025,0.015,-0.0025));
#5165=CARTESIAN_POINT('',(0.,0.015,-0.0025));
#5166=CARTESIAN_POINT('',(0.,-0.0573412396245862,-0.0025));
#5167=CARTESIAN_POINT('',(0.,0.015,-0.0025));
#5168=CARTESIAN_POINT('',(0.,-0.0573412396245862,-0.0025));
#5169=CARTESIAN_POINT('',(0.,-0.00115906443779891,0.0125539684703235));
#5170=CARTESIAN_POINT('',(0.,-0.00115906443779891,0.0125539684703235));
#5171=CARTESIAN_POINT('',(0.,-0.00115906443779891,0.0125539684703235));
#5172=CARTESIAN_POINT('',(0.,-0.00115906443779891,0.0125539684703235));
#5173=CARTESIAN_POINT('',(0.,-0.00115906443779891,0.0125539684703235));
#5174=CARTESIAN_POINT('',(0.,0.,0.));
#5175=CARTESIAN_POINT('',(0.,0.051296356424875,0.0105));
#5176=CARTESIAN_POINT('',(0.,0.051296356424875,0.00775));
#5177=CARTESIAN_POINT('',(0.,0.051296356424875,0.003));
#5178=CARTESIAN_POINT('',(0.,0.051296356424875,0.00025));
#5179=CARTESIAN_POINT('',(0.,0.0805,0.004));
#5180=CARTESIAN_POINT('',(0.,0.0805,0.002375));
#5181=CARTESIAN_POINT('',(0.,0.051296356424875,0.018));
#5182=CARTESIAN_POINT('',(0.,0.051296356424875,0.01525));
#5183=CARTESIAN_POINT('',(0.,0.051296356424875,0.0255));
#5184=CARTESIAN_POINT('',(0.,0.051296356424875,0.02275));
#5185=CARTESIAN_POINT('',(0.,0.,0.));
#5186=CARTESIAN_POINT('',(0.,-0.0700576963075256,0.0169981211927942));
#5187=CARTESIAN_POINT('',(0.,-0.0700576963075256,0.0142481211927942));
#5188=CARTESIAN_POINT('',(0.,-0.0688801234706012,0.00922648961116757));
#5189=CARTESIAN_POINT('',(0.,-0.0688801234706012,0.00647648961116757));
#5190=CARTESIAN_POINT('',(0.,-0.0677025506336768,0.00145485802954102));
#5191=CARTESIAN_POINT('',(0.,-0.0677025506336768,-0.00129514197045898));
#5192=CARTESIAN_POINT('',(0.,0.,0.));
#5193=CARTESIAN_POINT('',(0.,0.0486552992009294,0.0488071724703641));
#5194=CARTESIAN_POINT('',(0.,0.0486552992009294,0.0460571724703641));
#5195=CARTESIAN_POINT('',(0.,0.0411210777558747,0.0467883839185644));
#5196=CARTESIAN_POINT('',(0.,0.0411210777558747,0.0440383839185644));
#5197=CARTESIAN_POINT('',(0.,0.,0.));
#5198=CARTESIAN_POINT('',(-0.00275,0.0411210777558747,0.0467883839185644));
#5199=CARTESIAN_POINT('',(-0.00275,0.0411210777558747,0.0467883839185644));
#5200=CARTESIAN_POINT('',(-0.00275,0.0411210777558747,0.0440383839185644));
#5201=CARTESIAN_POINT('',(-0.00275,0.044888188478402,0.0477977781944643));
#5202=CARTESIAN_POINT('',(-0.00275,0.0486552992009294,0.0488071724703641));
#5203=CARTESIAN_POINT('',(-0.00275,0.0486552992009294,0.0488071724703641));
#5204=CARTESIAN_POINT('',(-0.00275,0.0486552992009294,0.0460571724703641));
#5205=CARTESIAN_POINT('',(-0.00275,0.044888188478402,0.0477977781944643));
#5206=CARTESIAN_POINT('',(-0.00275,-0.0677025506336768,0.00145485802954102));
#5207=CARTESIAN_POINT('',(-0.00275,-0.0677025506336768,0.00145485802954102));
#5208=CARTESIAN_POINT('',(-0.00275,-0.0677025506336768,-0.00129514197045898));
#5209=CARTESIAN_POINT('',(-0.00275,-0.0608614625100922,0.00984093389207916));
#5210=CARTESIAN_POINT('',(-0.00275,-0.0688801234706012,0.00922648961116757));
#5211=CARTESIAN_POINT('',(-0.00275,-0.0688801234706012,0.00922648961116757));
#5212=CARTESIAN_POINT('',(-0.00275,-0.0688801234706012,0.00647648961116757));
#5213=CARTESIAN_POINT('',(-0.00275,-0.0608614625100922,0.00984093389207916));
#5214=CARTESIAN_POINT('',(-0.00275,-0.0700576963075256,0.0169981211927942));
#5215=CARTESIAN_POINT('',(-0.00275,-0.0700576963075256,0.0169981211927942));
#5216=CARTESIAN_POINT('',(-0.00275,-0.0700576963075256,0.0142481211927942));
#5217=CARTESIAN_POINT('',(-0.00275,-0.0608614625100922,0.00984093389207916));
#5218=CARTESIAN_POINT('',(-0.00275,0.051296356424875,0.0255));
#5219=CARTESIAN_POINT('',(-0.00275,0.051296356424875,0.0255));
#5220=CARTESIAN_POINT('',(-0.00275,0.051296356424875,0.02275));
#5221=CARTESIAN_POINT('',(-0.00275,0.0630847790404027,0.0149261903189075));
#5222=CARTESIAN_POINT('',(-0.00275,0.051296356424875,0.018));
#5223=CARTESIAN_POINT('',(-0.00275,0.051296356424875,0.018));
#5224=CARTESIAN_POINT('',(-0.00275,0.051296356424875,0.01525));
#5225=CARTESIAN_POINT('',(-0.00275,0.0630847790404027,0.0149261903189075));
#5226=CARTESIAN_POINT('',(-0.00275,0.0805,0.004));
#5227=CARTESIAN_POINT('',(-0.00275,0.0805,0.004));
#5228=CARTESIAN_POINT('',(-0.00275,0.0805,0.002375));
#5229=CARTESIAN_POINT('',(-0.00275,0.0630847790404027,0.0149261903189075));
#5230=CARTESIAN_POINT('',(-0.00275,0.051296356424875,0.003));
#5231=CARTESIAN_POINT('',(-0.00275,0.051296356424875,0.003));
#5232=CARTESIAN_POINT('',(-0.00275,0.051296356424875,0.00025));
#5233=CARTESIAN_POINT('',(-0.00275,0.0630847790404027,0.0149261903189075));
#5234=CARTESIAN_POINT('',(-0.00275,0.051296356424875,0.0105));
#5235=CARTESIAN_POINT('',(-0.00275,0.051296356424875,0.0105));
#5236=CARTESIAN_POINT('',(-0.00275,0.051296356424875,0.00775));
#5237=CARTESIAN_POINT('',(-0.00275,0.0630847790404027,0.0149261903189075));
#5238=CARTESIAN_POINT('',(-0.187502,-0.0264717495639644,-0.000677460923630676));
#5239=CARTESIAN_POINT('',(-0.187502,-0.0240899749912564,-0.00135492184726135));
#5240=CARTESIAN_POINT('',(-0.165266748830909,0.0269549651711752,0.0239714562289315));
#5241=CARTESIAN_POINT('',(-0.177498,0.00758410420199339,0.00458705218540045));
#5242=CARTESIAN_POINT('',(-0.177498,0.0297598531891422,0.0105290262180623));
#5243=CARTESIAN_POINT('',(-0.177498,-0.0145916447851554,-0.00135492184726137));
#5244=CARTESIAN_POINT('',(-0.177498,0.0297598531891422,0.0118015611721467));
#5245=CARTESIAN_POINT('',(-0.177498,-0.0193408098882059,-0.00135492184726135));
#5246=MECHANICAL_DESIGN_GEOMETRIC_PRESENTATION_REPRESENTATION('',(#3079),
#5247);
#5247=(
GEOMETRIC_REPRESENTATION_CONTEXT(3)
GLOBAL_UNCERTAINTY_ASSIGNED_CONTEXT((#5248))
GLOBAL_UNIT_ASSIGNED_CONTEXT((#5251,#5250,#5249))
REPRESENTATION_CONTEXT('belowScreen','TOP_LEVEL_ASSEMBLY_PART')
);
#5248=UNCERTAINTY_MEASURE_WITH_UNIT(LENGTH_MEASURE(1.E-8),#5251,
'DISTANCE_ACCURACY_VALUE','Maximum Tolerance applied to model');
#5249=(
NAMED_UNIT(*)
SI_UNIT($,.STERADIAN.)
SOLID_ANGLE_UNIT()
);
#5250=(
NAMED_UNIT(*)
PLANE_ANGLE_UNIT()
SI_UNIT($,.RADIAN.)
);
#5251=(
LENGTH_UNIT()
NAMED_UNIT(*)
SI_UNIT($,.METRE.)
);
#5252=PRODUCT_DEFINITION_SHAPE('','',#5253);
#5253=PRODUCT_DEFINITION('','',#5255,#5254);
#5254=PRODUCT_DEFINITION_CONTEXT('',#5261,'design');
#5255=PRODUCT_DEFINITION_FORMATION_WITH_SPECIFIED_SOURCE('','',#5257,
 .NOT_KNOWN.);
#5256=PRODUCT_RELATED_PRODUCT_CATEGORY('','',(#5257));
#5257=PRODUCT('belowScreen','belowScreen','belowScreen',(#5259));
#5258=PRODUCT_CATEGORY('','');
#5259=PRODUCT_CONTEXT('',#5261,'mechanical');
#5260=APPLICATION_PROTOCOL_DEFINITION('international standard',
'ap242_managed_model_based_3d_engineering',2011,#5261);
#5261=APPLICATION_CONTEXT('managed model based 3d engineering');
ENDSEC;
END-ISO-10303-21;
