ISO-10303-21;
HEADER;
/* Generated by software containing ST-Developer
 * from STEP Tools, Inc. (www.steptools.com) 
 */
/* OPTION: using custom renumber hook */

FILE_DESCRIPTION(
/* description */ ('STEP AP242',
'CAx-IF Rec.Pracs.---Representation and Presentation of Product Manufa
cturing Information (PMI)---4.0---2014-10-13',
'CAx-IF Rec.Pracs.---3D Tessellated Geometry---0.4---2014-09-14','2;1',
'CAx-IF Rec.Pracs.---User Defined Attributes---1.5---2016-08-15'),
/* implementation_level */ '2;1');

FILE_NAME(
/* name */ '69186970dff9c71410661750',
/* time_stamp */ '2025-11-15T11:52:16Z',
/* author */ (''),
/* organization */ (''),
/* preprocessor_version */ 'ST-DEVELOPER v20',
/* originating_system */ 'ONSHAPE BY PTC INC, 1.206',
/* authorisation */ '  ');

FILE_SCHEMA (('AP242_MANAGED_MODEL_BASED_3D_ENGINEERING_MIM_LF { 1 0 10303 442 1 1 4 }'));
ENDSEC;

DATA;
#10=SHAPE_REPRESENTATION_RELATIONSHIP('','',#6263,#11);
#11=ADVANCED_BREP_SHAPE_REPRESENTATION('',(#6261),#10633);
#12=LINE('',#9137,#504);
#13=LINE('',#9140,#505);
#14=LINE('',#9142,#506);
#15=LINE('',#9144,#507);
#16=LINE('',#9146,#508);
#17=LINE('',#9151,#509);
#18=LINE('',#9155,#510);
#19=LINE('',#9157,#511);
#20=LINE('',#9159,#512);
#21=LINE('',#9163,#513);
#22=LINE('',#9167,#514);
#23=LINE('',#9169,#515);
#24=LINE('',#9171,#516);
#25=LINE('',#9175,#517);
#26=LINE('',#9179,#518);
#27=LINE('',#9181,#519);
#28=LINE('',#9183,#520);
#29=LINE('',#9187,#521);
#30=LINE('',#9191,#522);
#31=LINE('',#9192,#523);
#32=LINE('',#9194,#524);
#33=LINE('',#9199,#525);
#34=LINE('',#9203,#526);
#35=LINE('',#9205,#527);
#36=LINE('',#9207,#528);
#37=LINE('',#9211,#529);
#38=LINE('',#9215,#530);
#39=LINE('',#9217,#531);
#40=LINE('',#9219,#532);
#41=LINE('',#9223,#533);
#42=LINE('',#9227,#534);
#43=LINE('',#9229,#535);
#44=LINE('',#9231,#536);
#45=LINE('',#9235,#537);
#46=LINE('',#9239,#538);
#47=LINE('',#9240,#539);
#48=LINE('',#9242,#540);
#49=LINE('',#9247,#541);
#50=LINE('',#9251,#542);
#51=LINE('',#9253,#543);
#52=LINE('',#9255,#544);
#53=LINE('',#9259,#545);
#54=LINE('',#9263,#546);
#55=LINE('',#9265,#547);
#56=LINE('',#9267,#548);
#57=LINE('',#9271,#549);
#58=LINE('',#9275,#550);
#59=LINE('',#9277,#551);
#60=LINE('',#9279,#552);
#61=LINE('',#9283,#553);
#62=LINE('',#9287,#554);
#63=LINE('',#9288,#555);
#64=LINE('',#9290,#556);
#65=LINE('',#9295,#557);
#66=LINE('',#9299,#558);
#67=LINE('',#9301,#559);
#68=LINE('',#9303,#560);
#69=LINE('',#9307,#561);
#70=LINE('',#9311,#562);
#71=LINE('',#9313,#563);
#72=LINE('',#9315,#564);
#73=LINE('',#9319,#565);
#74=LINE('',#9323,#566);
#75=LINE('',#9325,#567);
#76=LINE('',#9327,#568);
#77=LINE('',#9331,#569);
#78=LINE('',#9335,#570);
#79=LINE('',#9336,#571);
#80=LINE('',#9338,#572);
#81=LINE('',#9343,#573);
#82=LINE('',#9347,#574);
#83=LINE('',#9349,#575);
#84=LINE('',#9351,#576);
#85=LINE('',#9355,#577);
#86=LINE('',#9359,#578);
#87=LINE('',#9361,#579);
#88=LINE('',#9363,#580);
#89=LINE('',#9367,#581);
#90=LINE('',#9371,#582);
#91=LINE('',#9373,#583);
#92=LINE('',#9375,#584);
#93=LINE('',#9379,#585);
#94=LINE('',#9383,#586);
#95=LINE('',#9384,#587);
#96=LINE('',#9386,#588);
#97=LINE('',#9391,#589);
#98=LINE('',#9395,#590);
#99=LINE('',#9397,#591);
#100=LINE('',#9399,#592);
#101=LINE('',#9403,#593);
#102=LINE('',#9407,#594);
#103=LINE('',#9409,#595);
#104=LINE('',#9411,#596);
#105=LINE('',#9415,#597);
#106=LINE('',#9419,#598);
#107=LINE('',#9421,#599);
#108=LINE('',#9423,#600);
#109=LINE('',#9427,#601);
#110=LINE('',#9431,#602);
#111=LINE('',#9432,#603);
#112=LINE('',#9434,#604);
#113=LINE('',#9439,#605);
#114=LINE('',#9443,#606);
#115=LINE('',#9445,#607);
#116=LINE('',#9447,#608);
#117=LINE('',#9451,#609);
#118=LINE('',#9455,#610);
#119=LINE('',#9457,#611);
#120=LINE('',#9459,#612);
#121=LINE('',#9463,#613);
#122=LINE('',#9467,#614);
#123=LINE('',#9469,#615);
#124=LINE('',#9471,#616);
#125=LINE('',#9475,#617);
#126=LINE('',#9479,#618);
#127=LINE('',#9480,#619);
#128=LINE('',#9482,#620);
#129=LINE('',#9487,#621);
#130=LINE('',#9491,#622);
#131=LINE('',#9493,#623);
#132=LINE('',#9495,#624);
#133=LINE('',#9499,#625);
#134=LINE('',#9503,#626);
#135=LINE('',#9505,#627);
#136=LINE('',#9507,#628);
#137=LINE('',#9511,#629);
#138=LINE('',#9515,#630);
#139=LINE('',#9517,#631);
#140=LINE('',#9519,#632);
#141=LINE('',#9523,#633);
#142=LINE('',#9527,#634);
#143=LINE('',#9528,#635);
#144=LINE('',#9530,#636);
#145=LINE('',#9535,#637);
#146=LINE('',#9539,#638);
#147=LINE('',#9541,#639);
#148=LINE('',#9543,#640);
#149=LINE('',#9547,#641);
#150=LINE('',#9551,#642);
#151=LINE('',#9553,#643);
#152=LINE('',#9555,#644);
#153=LINE('',#9559,#645);
#154=LINE('',#9563,#646);
#155=LINE('',#9565,#647);
#156=LINE('',#9567,#648);
#157=LINE('',#9571,#649);
#158=LINE('',#9575,#650);
#159=LINE('',#9576,#651);
#160=LINE('',#9578,#652);
#161=LINE('',#9583,#653);
#162=LINE('',#9587,#654);
#163=LINE('',#9589,#655);
#164=LINE('',#9591,#656);
#165=LINE('',#9595,#657);
#166=LINE('',#9599,#658);
#167=LINE('',#9601,#659);
#168=LINE('',#9603,#660);
#169=LINE('',#9607,#661);
#170=LINE('',#9611,#662);
#171=LINE('',#9613,#663);
#172=LINE('',#9615,#664);
#173=LINE('',#9619,#665);
#174=LINE('',#9623,#666);
#175=LINE('',#9624,#667);
#176=LINE('',#9626,#668);
#177=LINE('',#9631,#669);
#178=LINE('',#9635,#670);
#179=LINE('',#9637,#671);
#180=LINE('',#9639,#672);
#181=LINE('',#9643,#673);
#182=LINE('',#9647,#674);
#183=LINE('',#9649,#675);
#184=LINE('',#9651,#676);
#185=LINE('',#9655,#677);
#186=LINE('',#9659,#678);
#187=LINE('',#9661,#679);
#188=LINE('',#9663,#680);
#189=LINE('',#9667,#681);
#190=LINE('',#9671,#682);
#191=LINE('',#9672,#683);
#192=LINE('',#9674,#684);
#193=LINE('',#9679,#685);
#194=LINE('',#9683,#686);
#195=LINE('',#9685,#687);
#196=LINE('',#9687,#688);
#197=LINE('',#9691,#689);
#198=LINE('',#9695,#690);
#199=LINE('',#9697,#691);
#200=LINE('',#9699,#692);
#201=LINE('',#9703,#693);
#202=LINE('',#9707,#694);
#203=LINE('',#9709,#695);
#204=LINE('',#9711,#696);
#205=LINE('',#9715,#697);
#206=LINE('',#9719,#698);
#207=LINE('',#9720,#699);
#208=LINE('',#9722,#700);
#209=LINE('',#9727,#701);
#210=LINE('',#9731,#702);
#211=LINE('',#9733,#703);
#212=LINE('',#9735,#704);
#213=LINE('',#9739,#705);
#214=LINE('',#9743,#706);
#215=LINE('',#9745,#707);
#216=LINE('',#9747,#708);
#217=LINE('',#9751,#709);
#218=LINE('',#9755,#710);
#219=LINE('',#9757,#711);
#220=LINE('',#9759,#712);
#221=LINE('',#9763,#713);
#222=LINE('',#9767,#714);
#223=LINE('',#9768,#715);
#224=LINE('',#9770,#716);
#225=LINE('',#9775,#717);
#226=LINE('',#9779,#718);
#227=LINE('',#9781,#719);
#228=LINE('',#9783,#720);
#229=LINE('',#9787,#721);
#230=LINE('',#9791,#722);
#231=LINE('',#9793,#723);
#232=LINE('',#9795,#724);
#233=LINE('',#9799,#725);
#234=LINE('',#9803,#726);
#235=LINE('',#9805,#727);
#236=LINE('',#9807,#728);
#237=LINE('',#9811,#729);
#238=LINE('',#9815,#730);
#239=LINE('',#9816,#731);
#240=LINE('',#9818,#732);
#241=LINE('',#9823,#733);
#242=LINE('',#9827,#734);
#243=LINE('',#9829,#735);
#244=LINE('',#9831,#736);
#245=LINE('',#9835,#737);
#246=LINE('',#9839,#738);
#247=LINE('',#9841,#739);
#248=LINE('',#9843,#740);
#249=LINE('',#9847,#741);
#250=LINE('',#9851,#742);
#251=LINE('',#9853,#743);
#252=LINE('',#9855,#744);
#253=LINE('',#9859,#745);
#254=LINE('',#9863,#746);
#255=LINE('',#9864,#747);
#256=LINE('',#9866,#748);
#257=LINE('',#9871,#749);
#258=LINE('',#9875,#750);
#259=LINE('',#9877,#751);
#260=LINE('',#9879,#752);
#261=LINE('',#9883,#753);
#262=LINE('',#9887,#754);
#263=LINE('',#9889,#755);
#264=LINE('',#9891,#756);
#265=LINE('',#9895,#757);
#266=LINE('',#9899,#758);
#267=LINE('',#9901,#759);
#268=LINE('',#9903,#760);
#269=LINE('',#9907,#761);
#270=LINE('',#9911,#762);
#271=LINE('',#9912,#763);
#272=LINE('',#9914,#764);
#273=LINE('',#9919,#765);
#274=LINE('',#9923,#766);
#275=LINE('',#9925,#767);
#276=LINE('',#9927,#768);
#277=LINE('',#9931,#769);
#278=LINE('',#9935,#770);
#279=LINE('',#9937,#771);
#280=LINE('',#9939,#772);
#281=LINE('',#9943,#773);
#282=LINE('',#9947,#774);
#283=LINE('',#9949,#775);
#284=LINE('',#9951,#776);
#285=LINE('',#9955,#777);
#286=LINE('',#9959,#778);
#287=LINE('',#9960,#779);
#288=LINE('',#9962,#780);
#289=LINE('',#9967,#781);
#290=LINE('',#9971,#782);
#291=LINE('',#9973,#783);
#292=LINE('',#9975,#784);
#293=LINE('',#9979,#785);
#294=LINE('',#9983,#786);
#295=LINE('',#9985,#787);
#296=LINE('',#9987,#788);
#297=LINE('',#9991,#789);
#298=LINE('',#9995,#790);
#299=LINE('',#9997,#791);
#300=LINE('',#9999,#792);
#301=LINE('',#10003,#793);
#302=LINE('',#10007,#794);
#303=LINE('',#10008,#795);
#304=LINE('',#10010,#796);
#305=LINE('',#10015,#797);
#306=LINE('',#10019,#798);
#307=LINE('',#10021,#799);
#308=LINE('',#10023,#800);
#309=LINE('',#10027,#801);
#310=LINE('',#10031,#802);
#311=LINE('',#10033,#803);
#312=LINE('',#10035,#804);
#313=LINE('',#10039,#805);
#314=LINE('',#10043,#806);
#315=LINE('',#10045,#807);
#316=LINE('',#10047,#808);
#317=LINE('',#10051,#809);
#318=LINE('',#10055,#810);
#319=LINE('',#10056,#811);
#320=LINE('',#10058,#812);
#321=LINE('',#10063,#813);
#322=LINE('',#10067,#814);
#323=LINE('',#10069,#815);
#324=LINE('',#10071,#816);
#325=LINE('',#10075,#817);
#326=LINE('',#10079,#818);
#327=LINE('',#10081,#819);
#328=LINE('',#10083,#820);
#329=LINE('',#10087,#821);
#330=LINE('',#10091,#822);
#331=LINE('',#10093,#823);
#332=LINE('',#10095,#824);
#333=LINE('',#10099,#825);
#334=LINE('',#10103,#826);
#335=LINE('',#10104,#827);
#336=LINE('',#10106,#828);
#337=LINE('',#10111,#829);
#338=LINE('',#10115,#830);
#339=LINE('',#10117,#831);
#340=LINE('',#10119,#832);
#341=LINE('',#10123,#833);
#342=LINE('',#10127,#834);
#343=LINE('',#10129,#835);
#344=LINE('',#10131,#836);
#345=LINE('',#10135,#837);
#346=LINE('',#10139,#838);
#347=LINE('',#10141,#839);
#348=LINE('',#10143,#840);
#349=LINE('',#10147,#841);
#350=LINE('',#10151,#842);
#351=LINE('',#10152,#843);
#352=LINE('',#10154,#844);
#353=LINE('',#10159,#845);
#354=LINE('',#10163,#846);
#355=LINE('',#10165,#847);
#356=LINE('',#10167,#848);
#357=LINE('',#10171,#849);
#358=LINE('',#10175,#850);
#359=LINE('',#10177,#851);
#360=LINE('',#10179,#852);
#361=LINE('',#10183,#853);
#362=LINE('',#10187,#854);
#363=LINE('',#10189,#855);
#364=LINE('',#10191,#856);
#365=LINE('',#10195,#857);
#366=LINE('',#10199,#858);
#367=LINE('',#10200,#859);
#368=LINE('',#10202,#860);
#369=LINE('',#10207,#861);
#370=LINE('',#10211,#862);
#371=LINE('',#10213,#863);
#372=LINE('',#10215,#864);
#373=LINE('',#10219,#865);
#374=LINE('',#10223,#866);
#375=LINE('',#10225,#867);
#376=LINE('',#10227,#868);
#377=LINE('',#10231,#869);
#378=LINE('',#10235,#870);
#379=LINE('',#10237,#871);
#380=LINE('',#10239,#872);
#381=LINE('',#10243,#873);
#382=LINE('',#10247,#874);
#383=LINE('',#10248,#875);
#384=LINE('',#10250,#876);
#385=LINE('',#10255,#877);
#386=LINE('',#10259,#878);
#387=LINE('',#10261,#879);
#388=LINE('',#10263,#880);
#389=LINE('',#10267,#881);
#390=LINE('',#10271,#882);
#391=LINE('',#10273,#883);
#392=LINE('',#10275,#884);
#393=LINE('',#10279,#885);
#394=LINE('',#10283,#886);
#395=LINE('',#10285,#887);
#396=LINE('',#10287,#888);
#397=LINE('',#10291,#889);
#398=LINE('',#10295,#890);
#399=LINE('',#10296,#891);
#400=LINE('',#10298,#892);
#401=LINE('',#10303,#893);
#402=LINE('',#10307,#894);
#403=LINE('',#10309,#895);
#404=LINE('',#10311,#896);
#405=LINE('',#10315,#897);
#406=LINE('',#10319,#898);
#407=LINE('',#10321,#899);
#408=LINE('',#10323,#900);
#409=LINE('',#10327,#901);
#410=LINE('',#10331,#902);
#411=LINE('',#10333,#903);
#412=LINE('',#10335,#904);
#413=LINE('',#10339,#905);
#414=LINE('',#10343,#906);
#415=LINE('',#10344,#907);
#416=LINE('',#10346,#908);
#417=LINE('',#10351,#909);
#418=LINE('',#10355,#910);
#419=LINE('',#10357,#911);
#420=LINE('',#10359,#912);
#421=LINE('',#10363,#913);
#422=LINE('',#10367,#914);
#423=LINE('',#10369,#915);
#424=LINE('',#10371,#916);
#425=LINE('',#10375,#917);
#426=LINE('',#10379,#918);
#427=LINE('',#10381,#919);
#428=LINE('',#10383,#920);
#429=LINE('',#10387,#921);
#430=LINE('',#10391,#922);
#431=LINE('',#10392,#923);
#432=LINE('',#10394,#924);
#433=LINE('',#10399,#925);
#434=LINE('',#10403,#926);
#435=LINE('',#10405,#927);
#436=LINE('',#10407,#928);
#437=LINE('',#10411,#929);
#438=LINE('',#10415,#930);
#439=LINE('',#10417,#931);
#440=LINE('',#10419,#932);
#441=LINE('',#10423,#933);
#442=LINE('',#10427,#934);
#443=LINE('',#10429,#935);
#444=LINE('',#10431,#936);
#445=LINE('',#10435,#937);
#446=LINE('',#10439,#938);
#447=LINE('',#10440,#939);
#448=LINE('',#10442,#940);
#449=LINE('',#10447,#941);
#450=LINE('',#10451,#942);
#451=LINE('',#10453,#943);
#452=LINE('',#10455,#944);
#453=LINE('',#10459,#945);
#454=LINE('',#10463,#946);
#455=LINE('',#10465,#947);
#456=LINE('',#10467,#948);
#457=LINE('',#10471,#949);
#458=LINE('',#10475,#950);
#459=LINE('',#10477,#951);
#460=LINE('',#10479,#952);
#461=LINE('',#10483,#953);
#462=LINE('',#10487,#954);
#463=LINE('',#10488,#955);
#464=LINE('',#10490,#956);
#465=LINE('',#10495,#957);
#466=LINE('',#10499,#958);
#467=LINE('',#10501,#959);
#468=LINE('',#10503,#960);
#469=LINE('',#10507,#961);
#470=LINE('',#10511,#962);
#471=LINE('',#10513,#963);
#472=LINE('',#10515,#964);
#473=LINE('',#10519,#965);
#474=LINE('',#10523,#966);
#475=LINE('',#10525,#967);
#476=LINE('',#10527,#968);
#477=LINE('',#10531,#969);
#478=LINE('',#10535,#970);
#479=LINE('',#10536,#971);
#480=LINE('',#10538,#972);
#481=LINE('',#10543,#973);
#482=LINE('',#10547,#974);
#483=LINE('',#10549,#975);
#484=LINE('',#10551,#976);
#485=LINE('',#10555,#977);
#486=LINE('',#10559,#978);
#487=LINE('',#10561,#979);
#488=LINE('',#10563,#980);
#489=LINE('',#10567,#981);
#490=LINE('',#10571,#982);
#491=LINE('',#10573,#983);
#492=LINE('',#10575,#984);
#493=LINE('',#10579,#985);
#494=LINE('',#10583,#986);
#495=LINE('',#10584,#987);
#496=LINE('',#10586,#988);
#497=LINE('',#10589,#989);
#498=LINE('',#10590,#990);
#499=LINE('',#10592,#991);
#500=LINE('',#10594,#992);
#501=LINE('',#10596,#993);
#502=LINE('',#10598,#994);
#503=LINE('',#10610,#995);
#504=VECTOR('',#7339,1.);
#505=VECTOR('',#7340,1.);
#506=VECTOR('',#7341,1.);
#507=VECTOR('',#7342,1.);
#508=VECTOR('',#7345,1.);
#509=VECTOR('',#7348,1.);
#510=VECTOR('',#7353,1.);
#511=VECTOR('',#7354,1.);
#512=VECTOR('',#7355,1.);
#513=VECTOR('',#7360,1.);
#514=VECTOR('',#7365,1.);
#515=VECTOR('',#7366,1.);
#516=VECTOR('',#7367,1.);
#517=VECTOR('',#7372,1.);
#518=VECTOR('',#7377,1.);
#519=VECTOR('',#7378,1.);
#520=VECTOR('',#7379,1.);
#521=VECTOR('',#7384,1.);
#522=VECTOR('',#7389,1.);
#523=VECTOR('',#7390,1.);
#524=VECTOR('',#7393,1.);
#525=VECTOR('',#7396,1.);
#526=VECTOR('',#7401,1.);
#527=VECTOR('',#7402,1.);
#528=VECTOR('',#7403,1.);
#529=VECTOR('',#7408,1.);
#530=VECTOR('',#7413,1.);
#531=VECTOR('',#7414,1.);
#532=VECTOR('',#7415,1.);
#533=VECTOR('',#7420,1.);
#534=VECTOR('',#7425,1.);
#535=VECTOR('',#7426,1.);
#536=VECTOR('',#7427,1.);
#537=VECTOR('',#7432,1.);
#538=VECTOR('',#7437,1.);
#539=VECTOR('',#7438,1.);
#540=VECTOR('',#7441,1.);
#541=VECTOR('',#7444,1.);
#542=VECTOR('',#7449,1.);
#543=VECTOR('',#7450,1.);
#544=VECTOR('',#7451,1.);
#545=VECTOR('',#7456,1.);
#546=VECTOR('',#7461,1.);
#547=VECTOR('',#7462,1.);
#548=VECTOR('',#7463,1.);
#549=VECTOR('',#7468,1.);
#550=VECTOR('',#7473,1.);
#551=VECTOR('',#7474,1.);
#552=VECTOR('',#7475,1.);
#553=VECTOR('',#7480,1.);
#554=VECTOR('',#7485,1.);
#555=VECTOR('',#7486,1.);
#556=VECTOR('',#7489,1.);
#557=VECTOR('',#7492,1.);
#558=VECTOR('',#7497,1.);
#559=VECTOR('',#7498,1.);
#560=VECTOR('',#7499,1.);
#561=VECTOR('',#7504,1.);
#562=VECTOR('',#7509,1.);
#563=VECTOR('',#7510,1.);
#564=VECTOR('',#7511,1.);
#565=VECTOR('',#7516,1.);
#566=VECTOR('',#7521,1.);
#567=VECTOR('',#7522,1.);
#568=VECTOR('',#7523,1.);
#569=VECTOR('',#7528,1.);
#570=VECTOR('',#7533,1.);
#571=VECTOR('',#7534,1.);
#572=VECTOR('',#7537,1.);
#573=VECTOR('',#7540,1.);
#574=VECTOR('',#7545,1.);
#575=VECTOR('',#7546,1.);
#576=VECTOR('',#7547,1.);
#577=VECTOR('',#7552,1.);
#578=VECTOR('',#7557,1.);
#579=VECTOR('',#7558,1.);
#580=VECTOR('',#7559,1.);
#581=VECTOR('',#7564,1.);
#582=VECTOR('',#7569,1.);
#583=VECTOR('',#7570,1.);
#584=VECTOR('',#7571,1.);
#585=VECTOR('',#7576,1.);
#586=VECTOR('',#7581,1.);
#587=VECTOR('',#7582,1.);
#588=VECTOR('',#7585,1.);
#589=VECTOR('',#7588,1.);
#590=VECTOR('',#7593,1.);
#591=VECTOR('',#7594,1.);
#592=VECTOR('',#7595,1.);
#593=VECTOR('',#7600,1.);
#594=VECTOR('',#7605,1.);
#595=VECTOR('',#7606,1.);
#596=VECTOR('',#7607,1.);
#597=VECTOR('',#7612,1.);
#598=VECTOR('',#7617,1.);
#599=VECTOR('',#7618,1.);
#600=VECTOR('',#7619,1.);
#601=VECTOR('',#7624,1.);
#602=VECTOR('',#7629,1.);
#603=VECTOR('',#7630,1.);
#604=VECTOR('',#7633,1.);
#605=VECTOR('',#7636,1.);
#606=VECTOR('',#7641,1.);
#607=VECTOR('',#7642,1.);
#608=VECTOR('',#7643,1.);
#609=VECTOR('',#7648,1.);
#610=VECTOR('',#7653,1.);
#611=VECTOR('',#7654,1.);
#612=VECTOR('',#7655,1.);
#613=VECTOR('',#7660,1.);
#614=VECTOR('',#7665,1.);
#615=VECTOR('',#7666,1.);
#616=VECTOR('',#7667,1.);
#617=VECTOR('',#7672,1.);
#618=VECTOR('',#7677,1.);
#619=VECTOR('',#7678,1.);
#620=VECTOR('',#7681,1.);
#621=VECTOR('',#7684,1.);
#622=VECTOR('',#7689,1.);
#623=VECTOR('',#7690,1.);
#624=VECTOR('',#7691,1.);
#625=VECTOR('',#7696,1.);
#626=VECTOR('',#7701,1.);
#627=VECTOR('',#7702,1.);
#628=VECTOR('',#7703,1.);
#629=VECTOR('',#7708,1.);
#630=VECTOR('',#7713,1.);
#631=VECTOR('',#7714,1.);
#632=VECTOR('',#7715,1.);
#633=VECTOR('',#7720,1.);
#634=VECTOR('',#7725,1.);
#635=VECTOR('',#7726,1.);
#636=VECTOR('',#7729,1.);
#637=VECTOR('',#7732,1.);
#638=VECTOR('',#7737,1.);
#639=VECTOR('',#7738,1.);
#640=VECTOR('',#7739,1.);
#641=VECTOR('',#7744,1.);
#642=VECTOR('',#7749,1.);
#643=VECTOR('',#7750,1.);
#644=VECTOR('',#7751,1.);
#645=VECTOR('',#7756,1.);
#646=VECTOR('',#7761,1.);
#647=VECTOR('',#7762,1.);
#648=VECTOR('',#7763,1.);
#649=VECTOR('',#7768,1.);
#650=VECTOR('',#7773,1.);
#651=VECTOR('',#7774,1.);
#652=VECTOR('',#7777,1.);
#653=VECTOR('',#7780,1.);
#654=VECTOR('',#7785,1.);
#655=VECTOR('',#7786,1.);
#656=VECTOR('',#7787,1.);
#657=VECTOR('',#7792,1.);
#658=VECTOR('',#7797,1.);
#659=VECTOR('',#7798,1.);
#660=VECTOR('',#7799,1.);
#661=VECTOR('',#7804,1.);
#662=VECTOR('',#7809,1.);
#663=VECTOR('',#7810,1.);
#664=VECTOR('',#7811,1.);
#665=VECTOR('',#7816,1.);
#666=VECTOR('',#7821,1.);
#667=VECTOR('',#7822,1.);
#668=VECTOR('',#7825,1.);
#669=VECTOR('',#7828,1.);
#670=VECTOR('',#7833,1.);
#671=VECTOR('',#7834,1.);
#672=VECTOR('',#7835,1.);
#673=VECTOR('',#7840,1.);
#674=VECTOR('',#7845,1.);
#675=VECTOR('',#7846,1.);
#676=VECTOR('',#7847,1.);
#677=VECTOR('',#7852,1.);
#678=VECTOR('',#7857,1.);
#679=VECTOR('',#7858,1.);
#680=VECTOR('',#7859,1.);
#681=VECTOR('',#7864,1.);
#682=VECTOR('',#7869,1.);
#683=VECTOR('',#7870,1.);
#684=VECTOR('',#7873,1.);
#685=VECTOR('',#7876,1.);
#686=VECTOR('',#7881,1.);
#687=VECTOR('',#7882,1.);
#688=VECTOR('',#7883,1.);
#689=VECTOR('',#7888,1.);
#690=VECTOR('',#7893,1.);
#691=VECTOR('',#7894,1.);
#692=VECTOR('',#7895,1.);
#693=VECTOR('',#7900,1.);
#694=VECTOR('',#7905,1.);
#695=VECTOR('',#7906,1.);
#696=VECTOR('',#7907,1.);
#697=VECTOR('',#7912,1.);
#698=VECTOR('',#7917,1.);
#699=VECTOR('',#7918,1.);
#700=VECTOR('',#7921,1.);
#701=VECTOR('',#7924,1.);
#702=VECTOR('',#7929,1.);
#703=VECTOR('',#7930,1.);
#704=VECTOR('',#7931,1.);
#705=VECTOR('',#7936,1.);
#706=VECTOR('',#7941,1.);
#707=VECTOR('',#7942,1.);
#708=VECTOR('',#7943,1.);
#709=VECTOR('',#7948,1.);
#710=VECTOR('',#7953,1.);
#711=VECTOR('',#7954,1.);
#712=VECTOR('',#7955,1.);
#713=VECTOR('',#7960,1.);
#714=VECTOR('',#7965,1.);
#715=VECTOR('',#7966,1.);
#716=VECTOR('',#7969,1.);
#717=VECTOR('',#7972,1.);
#718=VECTOR('',#7977,1.);
#719=VECTOR('',#7978,1.);
#720=VECTOR('',#7979,1.);
#721=VECTOR('',#7984,1.);
#722=VECTOR('',#7989,1.);
#723=VECTOR('',#7990,1.);
#724=VECTOR('',#7991,1.);
#725=VECTOR('',#7996,1.);
#726=VECTOR('',#8001,1.);
#727=VECTOR('',#8002,1.);
#728=VECTOR('',#8003,1.);
#729=VECTOR('',#8008,1.);
#730=VECTOR('',#8013,1.);
#731=VECTOR('',#8014,1.);
#732=VECTOR('',#8017,1.);
#733=VECTOR('',#8020,1.);
#734=VECTOR('',#8025,1.);
#735=VECTOR('',#8026,1.);
#736=VECTOR('',#8027,1.);
#737=VECTOR('',#8032,1.);
#738=VECTOR('',#8037,1.);
#739=VECTOR('',#8038,1.);
#740=VECTOR('',#8039,1.);
#741=VECTOR('',#8044,1.);
#742=VECTOR('',#8049,1.);
#743=VECTOR('',#8050,1.);
#744=VECTOR('',#8051,1.);
#745=VECTOR('',#8056,1.);
#746=VECTOR('',#8061,1.);
#747=VECTOR('',#8062,1.);
#748=VECTOR('',#8065,1.);
#749=VECTOR('',#8068,1.);
#750=VECTOR('',#8073,1.);
#751=VECTOR('',#8074,1.);
#752=VECTOR('',#8075,1.);
#753=VECTOR('',#8080,1.);
#754=VECTOR('',#8085,1.);
#755=VECTOR('',#8086,1.);
#756=VECTOR('',#8087,1.);
#757=VECTOR('',#8092,1.);
#758=VECTOR('',#8097,1.);
#759=VECTOR('',#8098,1.);
#760=VECTOR('',#8099,1.);
#761=VECTOR('',#8104,1.);
#762=VECTOR('',#8109,1.);
#763=VECTOR('',#8110,1.);
#764=VECTOR('',#8113,1.);
#765=VECTOR('',#8116,1.);
#766=VECTOR('',#8121,1.);
#767=VECTOR('',#8122,1.);
#768=VECTOR('',#8123,1.);
#769=VECTOR('',#8128,1.);
#770=VECTOR('',#8133,1.);
#771=VECTOR('',#8134,1.);
#772=VECTOR('',#8135,1.);
#773=VECTOR('',#8140,1.);
#774=VECTOR('',#8145,1.);
#775=VECTOR('',#8146,1.);
#776=VECTOR('',#8147,1.);
#777=VECTOR('',#8152,1.);
#778=VECTOR('',#8157,1.);
#779=VECTOR('',#8158,1.);
#780=VECTOR('',#8161,1.);
#781=VECTOR('',#8164,1.);
#782=VECTOR('',#8169,1.);
#783=VECTOR('',#8170,1.);
#784=VECTOR('',#8171,1.);
#785=VECTOR('',#8176,1.);
#786=VECTOR('',#8181,1.);
#787=VECTOR('',#8182,1.);
#788=VECTOR('',#8183,1.);
#789=VECTOR('',#8188,1.);
#790=VECTOR('',#8193,1.);
#791=VECTOR('',#8194,1.);
#792=VECTOR('',#8195,1.);
#793=VECTOR('',#8200,1.);
#794=VECTOR('',#8205,1.);
#795=VECTOR('',#8206,1.);
#796=VECTOR('',#8209,1.);
#797=VECTOR('',#8212,1.);
#798=VECTOR('',#8217,1.);
#799=VECTOR('',#8218,1.);
#800=VECTOR('',#8219,1.);
#801=VECTOR('',#8224,1.);
#802=VECTOR('',#8229,1.);
#803=VECTOR('',#8230,1.);
#804=VECTOR('',#8231,1.);
#805=VECTOR('',#8236,1.);
#806=VECTOR('',#8241,1.);
#807=VECTOR('',#8242,1.);
#808=VECTOR('',#8243,1.);
#809=VECTOR('',#8248,1.);
#810=VECTOR('',#8253,1.);
#811=VECTOR('',#8254,1.);
#812=VECTOR('',#8257,1.);
#813=VECTOR('',#8260,1.);
#814=VECTOR('',#8265,1.);
#815=VECTOR('',#8266,1.);
#816=VECTOR('',#8267,1.);
#817=VECTOR('',#8272,1.);
#818=VECTOR('',#8277,1.);
#819=VECTOR('',#8278,1.);
#820=VECTOR('',#8279,1.);
#821=VECTOR('',#8284,1.);
#822=VECTOR('',#8289,1.);
#823=VECTOR('',#8290,1.);
#824=VECTOR('',#8291,1.);
#825=VECTOR('',#8296,1.);
#826=VECTOR('',#8301,1.);
#827=VECTOR('',#8302,1.);
#828=VECTOR('',#8305,1.);
#829=VECTOR('',#8308,1.);
#830=VECTOR('',#8313,1.);
#831=VECTOR('',#8314,1.);
#832=VECTOR('',#8315,1.);
#833=VECTOR('',#8320,1.);
#834=VECTOR('',#8325,1.);
#835=VECTOR('',#8326,1.);
#836=VECTOR('',#8327,1.);
#837=VECTOR('',#8332,1.);
#838=VECTOR('',#8337,1.);
#839=VECTOR('',#8338,1.);
#840=VECTOR('',#8339,1.);
#841=VECTOR('',#8344,1.);
#842=VECTOR('',#8349,1.);
#843=VECTOR('',#8350,1.);
#844=VECTOR('',#8353,1.);
#845=VECTOR('',#8356,1.);
#846=VECTOR('',#8361,1.);
#847=VECTOR('',#8362,1.);
#848=VECTOR('',#8363,1.);
#849=VECTOR('',#8368,1.);
#850=VECTOR('',#8373,1.);
#851=VECTOR('',#8374,1.);
#852=VECTOR('',#8375,1.);
#853=VECTOR('',#8380,1.);
#854=VECTOR('',#8385,1.);
#855=VECTOR('',#8386,1.);
#856=VECTOR('',#8387,1.);
#857=VECTOR('',#8392,1.);
#858=VECTOR('',#8397,1.);
#859=VECTOR('',#8398,1.);
#860=VECTOR('',#8401,1.);
#861=VECTOR('',#8404,1.);
#862=VECTOR('',#8409,1.);
#863=VECTOR('',#8410,1.);
#864=VECTOR('',#8411,1.);
#865=VECTOR('',#8416,1.);
#866=VECTOR('',#8421,1.);
#867=VECTOR('',#8422,1.);
#868=VECTOR('',#8423,1.);
#869=VECTOR('',#8428,1.);
#870=VECTOR('',#8433,1.);
#871=VECTOR('',#8434,1.);
#872=VECTOR('',#8435,1.);
#873=VECTOR('',#8440,1.);
#874=VECTOR('',#8445,1.);
#875=VECTOR('',#8446,1.);
#876=VECTOR('',#8449,1.);
#877=VECTOR('',#8452,1.);
#878=VECTOR('',#8457,1.);
#879=VECTOR('',#8458,1.);
#880=VECTOR('',#8459,1.);
#881=VECTOR('',#8464,1.);
#882=VECTOR('',#8469,1.);
#883=VECTOR('',#8470,1.);
#884=VECTOR('',#8471,1.);
#885=VECTOR('',#8476,1.);
#886=VECTOR('',#8481,1.);
#887=VECTOR('',#8482,1.);
#888=VECTOR('',#8483,1.);
#889=VECTOR('',#8488,1.);
#890=VECTOR('',#8493,1.);
#891=VECTOR('',#8494,1.);
#892=VECTOR('',#8497,1.);
#893=VECTOR('',#8500,1.);
#894=VECTOR('',#8505,1.);
#895=VECTOR('',#8506,1.);
#896=VECTOR('',#8507,1.);
#897=VECTOR('',#8512,1.);
#898=VECTOR('',#8517,1.);
#899=VECTOR('',#8518,1.);
#900=VECTOR('',#8519,1.);
#901=VECTOR('',#8524,1.);
#902=VECTOR('',#8529,1.);
#903=VECTOR('',#8530,1.);
#904=VECTOR('',#8531,1.);
#905=VECTOR('',#8536,1.);
#906=VECTOR('',#8541,1.);
#907=VECTOR('',#8542,1.);
#908=VECTOR('',#8545,1.);
#909=VECTOR('',#8548,1.);
#910=VECTOR('',#8553,1.);
#911=VECTOR('',#8554,1.);
#912=VECTOR('',#8555,1.);
#913=VECTOR('',#8560,1.);
#914=VECTOR('',#8565,1.);
#915=VECTOR('',#8566,1.);
#916=VECTOR('',#8567,1.);
#917=VECTOR('',#8572,1.);
#918=VECTOR('',#8577,1.);
#919=VECTOR('',#8578,1.);
#920=VECTOR('',#8579,1.);
#921=VECTOR('',#8584,1.);
#922=VECTOR('',#8589,1.);
#923=VECTOR('',#8590,1.);
#924=VECTOR('',#8593,1.);
#925=VECTOR('',#8596,1.);
#926=VECTOR('',#8601,1.);
#927=VECTOR('',#8602,1.);
#928=VECTOR('',#8603,1.);
#929=VECTOR('',#8608,1.);
#930=VECTOR('',#8613,1.);
#931=VECTOR('',#8614,1.);
#932=VECTOR('',#8615,1.);
#933=VECTOR('',#8620,1.);
#934=VECTOR('',#8625,1.);
#935=VECTOR('',#8626,1.);
#936=VECTOR('',#8627,1.);
#937=VECTOR('',#8632,1.);
#938=VECTOR('',#8637,1.);
#939=VECTOR('',#8638,1.);
#940=VECTOR('',#8641,1.);
#941=VECTOR('',#8644,1.);
#942=VECTOR('',#8649,1.);
#943=VECTOR('',#8650,1.);
#944=VECTOR('',#8651,1.);
#945=VECTOR('',#8656,1.);
#946=VECTOR('',#8661,1.);
#947=VECTOR('',#8662,1.);
#948=VECTOR('',#8663,1.);
#949=VECTOR('',#8668,1.);
#950=VECTOR('',#8673,1.);
#951=VECTOR('',#8674,1.);
#952=VECTOR('',#8675,1.);
#953=VECTOR('',#8680,1.);
#954=VECTOR('',#8685,1.);
#955=VECTOR('',#8686,1.);
#956=VECTOR('',#8689,1.);
#957=VECTOR('',#8692,1.);
#958=VECTOR('',#8697,1.);
#959=VECTOR('',#8698,1.);
#960=VECTOR('',#8699,1.);
#961=VECTOR('',#8704,1.);
#962=VECTOR('',#8709,1.);
#963=VECTOR('',#8710,1.);
#964=VECTOR('',#8711,1.);
#965=VECTOR('',#8716,1.);
#966=VECTOR('',#8721,1.);
#967=VECTOR('',#8722,1.);
#968=VECTOR('',#8723,1.);
#969=VECTOR('',#8728,1.);
#970=VECTOR('',#8733,1.);
#971=VECTOR('',#8734,1.);
#972=VECTOR('',#8737,1.);
#973=VECTOR('',#8740,1.);
#974=VECTOR('',#8745,1.);
#975=VECTOR('',#8746,1.);
#976=VECTOR('',#8747,1.);
#977=VECTOR('',#8752,1.);
#978=VECTOR('',#8757,1.);
#979=VECTOR('',#8758,1.);
#980=VECTOR('',#8759,1.);
#981=VECTOR('',#8764,1.);
#982=VECTOR('',#8769,1.);
#983=VECTOR('',#8770,1.);
#984=VECTOR('',#8771,1.);
#985=VECTOR('',#8776,1.);
#986=VECTOR('',#8781,1.);
#987=VECTOR('',#8782,1.);
#988=VECTOR('',#8785,1.);
#989=VECTOR('',#8786,1.);
#990=VECTOR('',#8787,1.);
#991=VECTOR('',#8790,1.);
#992=VECTOR('',#8791,1.);
#993=VECTOR('',#8794,1.);
#994=VECTOR('',#8795,1.);
#995=VECTOR('',#8808,1.);
#996=CYLINDRICAL_SURFACE('',#6323,0.002625);
#997=CYLINDRICAL_SURFACE('',#6325,0.002625);
#998=CYLINDRICAL_SURFACE('',#6327,0.002625);
#999=CYLINDRICAL_SURFACE('',#6329,0.002625);
#1000=CYLINDRICAL_SURFACE('',#6331,0.002625);
#1001=CYLINDRICAL_SURFACE('',#6333,0.002625);
#1002=CYLINDRICAL_SURFACE('',#6335,0.002625);
#1003=CYLINDRICAL_SURFACE('',#6337,0.002625);
#1004=CYLINDRICAL_SURFACE('',#6339,0.002625);
#1005=CYLINDRICAL_SURFACE('',#6342,0.002625);
#1006=CYLINDRICAL_SURFACE('',#6344,0.002625);
#1007=CYLINDRICAL_SURFACE('',#6346,0.002625);
#1008=CYLINDRICAL_SURFACE('',#6349,0.002625);
#1009=CYLINDRICAL_SURFACE('',#6351,0.002625);
#1010=CYLINDRICAL_SURFACE('',#6353,0.002625);
#1011=CYLINDRICAL_SURFACE('',#6355,0.002625);
#1012=CYLINDRICAL_SURFACE('',#6358,0.002625);
#1013=CYLINDRICAL_SURFACE('',#6361,0.002625);
#1014=CYLINDRICAL_SURFACE('',#6364,0.002625);
#1015=CYLINDRICAL_SURFACE('',#6366,0.002625);
#1016=CYLINDRICAL_SURFACE('',#6369,0.002625);
#1017=CYLINDRICAL_SURFACE('',#6372,0.002625);
#1018=CYLINDRICAL_SURFACE('',#6374,0.002625);
#1019=CYLINDRICAL_SURFACE('',#6376,0.002625);
#1020=CYLINDRICAL_SURFACE('',#6379,0.002625);
#1021=CYLINDRICAL_SURFACE('',#6382,0.002625);
#1022=CYLINDRICAL_SURFACE('',#6385,0.002625);
#1023=CYLINDRICAL_SURFACE('',#6388,0.002625);
#1024=CYLINDRICAL_SURFACE('',#6391,0.002625);
#1025=CYLINDRICAL_SURFACE('',#6394,0.002625);
#1026=CYLINDRICAL_SURFACE('',#6397,0.002625);
#1027=CYLINDRICAL_SURFACE('',#6400,0.002625);
#1028=CYLINDRICAL_SURFACE('',#6403,0.002625);
#1029=CYLINDRICAL_SURFACE('',#6406,0.002625);
#1030=CYLINDRICAL_SURFACE('',#6409,0.002625);
#1031=CYLINDRICAL_SURFACE('',#6412,0.002625);
#1032=CYLINDRICAL_SURFACE('',#6415,0.002625);
#1033=CYLINDRICAL_SURFACE('',#6418,0.002625);
#1034=CYLINDRICAL_SURFACE('',#6420,0.002625);
#1035=CYLINDRICAL_SURFACE('',#6423,0.002625);
#1036=CYLINDRICAL_SURFACE('',#6426,0.002625);
#1037=CYLINDRICAL_SURFACE('',#6428,0.002625);
#1038=CYLINDRICAL_SURFACE('',#6430,0.002625);
#1039=CYLINDRICAL_SURFACE('',#6433,0.002625);
#1040=CYLINDRICAL_SURFACE('',#6435,0.002625);
#1041=CYLINDRICAL_SURFACE('',#6437,0.002625);
#1042=CYLINDRICAL_SURFACE('',#6439,0.002625);
#1043=CYLINDRICAL_SURFACE('',#6441,0.002625);
#1044=CYLINDRICAL_SURFACE('',#6443,0.002625);
#1045=CYLINDRICAL_SURFACE('',#6445,0.002625);
#1046=CYLINDRICAL_SURFACE('',#6447,0.002625);
#1047=CYLINDRICAL_SURFACE('',#6449,0.002625);
#1048=CYLINDRICAL_SURFACE('',#6451,0.002625);
#1049=CYLINDRICAL_SURFACE('',#6454,0.0023);
#1050=CYLINDRICAL_SURFACE('',#6458,0.0023);
#1051=CYLINDRICAL_SURFACE('',#6462,0.0023);
#1052=CYLINDRICAL_SURFACE('',#6466,0.0023);
#1053=CYLINDRICAL_SURFACE('',#6470,0.0023);
#1054=CYLINDRICAL_SURFACE('',#6474,0.0023);
#1055=CYLINDRICAL_SURFACE('',#6478,0.0023);
#1056=CYLINDRICAL_SURFACE('',#6482,0.0023);
#1057=CYLINDRICAL_SURFACE('',#6486,0.0023);
#1058=CYLINDRICAL_SURFACE('',#6490,0.0023);
#1059=CYLINDRICAL_SURFACE('',#6494,0.0023);
#1060=CYLINDRICAL_SURFACE('',#6498,0.0023);
#1061=CYLINDRICAL_SURFACE('',#6502,0.0023);
#1062=CYLINDRICAL_SURFACE('',#6506,0.0023);
#1063=CYLINDRICAL_SURFACE('',#6510,0.0023);
#1064=CYLINDRICAL_SURFACE('',#6514,0.0023);
#1065=CYLINDRICAL_SURFACE('',#6518,0.0023);
#1066=CYLINDRICAL_SURFACE('',#6522,0.0023);
#1067=CYLINDRICAL_SURFACE('',#6526,0.0023);
#1068=CYLINDRICAL_SURFACE('',#6530,0.0023);
#1069=CYLINDRICAL_SURFACE('',#6534,0.0023);
#1070=CYLINDRICAL_SURFACE('',#6538,0.0023);
#1071=CYLINDRICAL_SURFACE('',#6542,0.0023);
#1072=CYLINDRICAL_SURFACE('',#6546,0.0023);
#1073=CYLINDRICAL_SURFACE('',#6550,0.0023);
#1074=CYLINDRICAL_SURFACE('',#6554,0.0023);
#1075=CYLINDRICAL_SURFACE('',#6558,0.0023);
#1076=CYLINDRICAL_SURFACE('',#6562,0.0023);
#1077=CYLINDRICAL_SURFACE('',#6566,0.0023);
#1078=CYLINDRICAL_SURFACE('',#6570,0.0023);
#1079=CYLINDRICAL_SURFACE('',#6574,0.0023);
#1080=CYLINDRICAL_SURFACE('',#6578,0.0023);
#1081=CYLINDRICAL_SURFACE('',#6582,0.0023);
#1082=CYLINDRICAL_SURFACE('',#6586,0.0023);
#1083=CYLINDRICAL_SURFACE('',#6590,0.0023);
#1084=CYLINDRICAL_SURFACE('',#6594,0.0023);
#1085=CYLINDRICAL_SURFACE('',#6598,0.0023);
#1086=CYLINDRICAL_SURFACE('',#6602,0.0023);
#1087=CYLINDRICAL_SURFACE('',#6606,0.0023);
#1088=CYLINDRICAL_SURFACE('',#6610,0.0023);
#1089=CYLINDRICAL_SURFACE('',#6614,0.0023);
#1090=CYLINDRICAL_SURFACE('',#6618,0.0023);
#1091=CYLINDRICAL_SURFACE('',#6622,0.0023);
#1092=CYLINDRICAL_SURFACE('',#6626,0.0023);
#1093=CYLINDRICAL_SURFACE('',#6630,0.0023);
#1094=CYLINDRICAL_SURFACE('',#6634,0.0023);
#1095=CYLINDRICAL_SURFACE('',#6638,0.0023);
#1096=CYLINDRICAL_SURFACE('',#6642,0.0023);
#1097=CYLINDRICAL_SURFACE('',#6646,0.0023);
#1098=CYLINDRICAL_SURFACE('',#6650,0.0023);
#1099=CYLINDRICAL_SURFACE('',#6654,0.0023);
#1100=CYLINDRICAL_SURFACE('',#6658,0.0023);
#1101=CYLINDRICAL_SURFACE('',#6662,0.0023);
#1102=CYLINDRICAL_SURFACE('',#6666,0.0023);
#1103=CYLINDRICAL_SURFACE('',#6670,0.0023);
#1104=CYLINDRICAL_SURFACE('',#6674,0.0023);
#1105=CYLINDRICAL_SURFACE('',#6678,0.0023);
#1106=CYLINDRICAL_SURFACE('',#6682,0.0023);
#1107=CYLINDRICAL_SURFACE('',#6686,0.0023);
#1108=CYLINDRICAL_SURFACE('',#6690,0.0023);
#1109=CYLINDRICAL_SURFACE('',#6694,0.0023);
#1110=CYLINDRICAL_SURFACE('',#6698,0.0023);
#1111=CYLINDRICAL_SURFACE('',#6702,0.0023);
#1112=CYLINDRICAL_SURFACE('',#6706,0.0023);
#1113=CYLINDRICAL_SURFACE('',#6710,0.0023);
#1114=CYLINDRICAL_SURFACE('',#6714,0.0023);
#1115=CYLINDRICAL_SURFACE('',#6718,0.0023);
#1116=CYLINDRICAL_SURFACE('',#6722,0.0023);
#1117=CYLINDRICAL_SURFACE('',#6726,0.0023);
#1118=CYLINDRICAL_SURFACE('',#6730,0.0023);
#1119=CYLINDRICAL_SURFACE('',#6734,0.0023);
#1120=CYLINDRICAL_SURFACE('',#6738,0.0023);
#1121=CYLINDRICAL_SURFACE('',#6742,0.0023);
#1122=CYLINDRICAL_SURFACE('',#6746,0.0023);
#1123=CYLINDRICAL_SURFACE('',#6750,0.0023);
#1124=CYLINDRICAL_SURFACE('',#6754,0.0023);
#1125=CYLINDRICAL_SURFACE('',#6758,0.0023);
#1126=CYLINDRICAL_SURFACE('',#6762,0.0023);
#1127=CYLINDRICAL_SURFACE('',#6766,0.0023);
#1128=CYLINDRICAL_SURFACE('',#6770,0.0023);
#1129=CYLINDRICAL_SURFACE('',#6774,0.0023);
#1130=CYLINDRICAL_SURFACE('',#6778,0.0023);
#1131=CYLINDRICAL_SURFACE('',#6782,0.0023);
#1132=CYLINDRICAL_SURFACE('',#6786,0.0023);
#1133=CYLINDRICAL_SURFACE('',#6790,0.0023);
#1134=CYLINDRICAL_SURFACE('',#6794,0.0023);
#1135=CYLINDRICAL_SURFACE('',#6798,0.0023);
#1136=CYLINDRICAL_SURFACE('',#6802,0.0023);
#1137=CYLINDRICAL_SURFACE('',#6806,0.0023);
#1138=CYLINDRICAL_SURFACE('',#6810,0.0023);
#1139=CYLINDRICAL_SURFACE('',#6814,0.0023);
#1140=CYLINDRICAL_SURFACE('',#6818,0.0023);
#1141=CYLINDRICAL_SURFACE('',#6822,0.0023);
#1142=CYLINDRICAL_SURFACE('',#6826,0.0023);
#1143=CYLINDRICAL_SURFACE('',#6830,0.0023);
#1144=CYLINDRICAL_SURFACE('',#6834,0.0023);
#1145=CYLINDRICAL_SURFACE('',#6838,0.0023);
#1146=CYLINDRICAL_SURFACE('',#6842,0.0023);
#1147=CYLINDRICAL_SURFACE('',#6846,0.0023);
#1148=CYLINDRICAL_SURFACE('',#6850,0.0023);
#1149=CYLINDRICAL_SURFACE('',#6854,0.0023);
#1150=CYLINDRICAL_SURFACE('',#6858,0.0023);
#1151=CYLINDRICAL_SURFACE('',#6862,0.0023);
#1152=CYLINDRICAL_SURFACE('',#6866,0.0023);
#1153=CYLINDRICAL_SURFACE('',#6870,0.0023);
#1154=CYLINDRICAL_SURFACE('',#6874,0.0023);
#1155=CYLINDRICAL_SURFACE('',#6878,0.0023);
#1156=CYLINDRICAL_SURFACE('',#6882,0.0023);
#1157=CYLINDRICAL_SURFACE('',#6886,0.0023);
#1158=CYLINDRICAL_SURFACE('',#6890,0.0023);
#1159=CYLINDRICAL_SURFACE('',#6894,0.0023);
#1160=CYLINDRICAL_SURFACE('',#6898,0.0023);
#1161=CYLINDRICAL_SURFACE('',#6902,0.0023);
#1162=CYLINDRICAL_SURFACE('',#6906,0.0023);
#1163=CYLINDRICAL_SURFACE('',#6910,0.0023);
#1164=CYLINDRICAL_SURFACE('',#6914,0.0023);
#1165=CYLINDRICAL_SURFACE('',#6918,0.0023);
#1166=CYLINDRICAL_SURFACE('',#6922,0.0023);
#1167=CYLINDRICAL_SURFACE('',#6926,0.0023);
#1168=CYLINDRICAL_SURFACE('',#6930,0.0023);
#1169=CYLINDRICAL_SURFACE('',#6943,0.002625);
#1170=CYLINDRICAL_SURFACE('',#6946,0.002625);
#1171=CYLINDRICAL_SURFACE('',#6949,0.002625);
#1172=CYLINDRICAL_SURFACE('',#6952,0.002625);
#1173=CYLINDRICAL_SURFACE('',#6955,0.002625);
#1174=ORIENTED_EDGE('',*,*,#2870,.F.);
#1175=ORIENTED_EDGE('',*,*,#2871,.F.);
#1176=ORIENTED_EDGE('',*,*,#2872,.F.);
#1177=ORIENTED_EDGE('',*,*,#2873,.F.);
#1178=ORIENTED_EDGE('',*,*,#2874,.F.);
#1179=ORIENTED_EDGE('',*,*,#2875,.F.);
#1180=ORIENTED_EDGE('',*,*,#2876,.F.);
#1181=ORIENTED_EDGE('',*,*,#2877,.T.);
#1182=ORIENTED_EDGE('',*,*,#2878,.T.);
#1183=ORIENTED_EDGE('',*,*,#2879,.T.);
#1184=ORIENTED_EDGE('',*,*,#2880,.T.);
#1185=ORIENTED_EDGE('',*,*,#2881,.T.);
#1186=ORIENTED_EDGE('',*,*,#2882,.T.);
#1187=ORIENTED_EDGE('',*,*,#2883,.F.);
#1188=ORIENTED_EDGE('',*,*,#2884,.F.);
#1189=ORIENTED_EDGE('',*,*,#2885,.F.);
#1190=ORIENTED_EDGE('',*,*,#2886,.F.);
#1191=ORIENTED_EDGE('',*,*,#2887,.F.);
#1192=ORIENTED_EDGE('',*,*,#2888,.F.);
#1193=ORIENTED_EDGE('',*,*,#2889,.T.);
#1194=ORIENTED_EDGE('',*,*,#2890,.T.);
#1195=ORIENTED_EDGE('',*,*,#2891,.T.);
#1196=ORIENTED_EDGE('',*,*,#2892,.T.);
#1197=ORIENTED_EDGE('',*,*,#2893,.T.);
#1198=ORIENTED_EDGE('',*,*,#2894,.F.);
#1199=ORIENTED_EDGE('',*,*,#2895,.F.);
#1200=ORIENTED_EDGE('',*,*,#2896,.F.);
#1201=ORIENTED_EDGE('',*,*,#2897,.F.);
#1202=ORIENTED_EDGE('',*,*,#2898,.F.);
#1203=ORIENTED_EDGE('',*,*,#2870,.T.);
#1204=ORIENTED_EDGE('',*,*,#2899,.F.);
#1205=ORIENTED_EDGE('',*,*,#2871,.T.);
#1206=ORIENTED_EDGE('',*,*,#2900,.F.);
#1207=ORIENTED_EDGE('',*,*,#2872,.T.);
#1208=ORIENTED_EDGE('',*,*,#2901,.F.);
#1209=ORIENTED_EDGE('',*,*,#2873,.T.);
#1210=ORIENTED_EDGE('',*,*,#2902,.F.);
#1211=ORIENTED_EDGE('',*,*,#2874,.T.);
#1212=ORIENTED_EDGE('',*,*,#2903,.F.);
#1213=ORIENTED_EDGE('',*,*,#2875,.T.);
#1214=ORIENTED_EDGE('',*,*,#2904,.F.);
#1215=ORIENTED_EDGE('',*,*,#2876,.T.);
#1216=ORIENTED_EDGE('',*,*,#2905,.F.);
#1217=ORIENTED_EDGE('',*,*,#2906,.F.);
#1218=ORIENTED_EDGE('',*,*,#2877,.F.);
#1219=ORIENTED_EDGE('',*,*,#2907,.F.);
#1220=ORIENTED_EDGE('',*,*,#2908,.F.);
#1221=ORIENTED_EDGE('',*,*,#2909,.F.);
#1222=ORIENTED_EDGE('',*,*,#2878,.F.);
#1223=ORIENTED_EDGE('',*,*,#2910,.F.);
#1224=ORIENTED_EDGE('',*,*,#2879,.F.);
#1225=ORIENTED_EDGE('',*,*,#2911,.F.);
#1226=ORIENTED_EDGE('',*,*,#2912,.F.);
#1227=ORIENTED_EDGE('',*,*,#2913,.F.);
#1228=ORIENTED_EDGE('',*,*,#2880,.F.);
#1229=ORIENTED_EDGE('',*,*,#2914,.F.);
#1230=ORIENTED_EDGE('',*,*,#2881,.F.);
#1231=ORIENTED_EDGE('',*,*,#2915,.F.);
#1232=ORIENTED_EDGE('',*,*,#2882,.F.);
#1233=ORIENTED_EDGE('',*,*,#2916,.F.);
#1234=ORIENTED_EDGE('',*,*,#2917,.F.);
#1235=ORIENTED_EDGE('',*,*,#2918,.F.);
#1236=ORIENTED_EDGE('',*,*,#2919,.F.);
#1237=ORIENTED_EDGE('',*,*,#2920,.F.);
#1238=ORIENTED_EDGE('',*,*,#2921,.F.);
#1239=ORIENTED_EDGE('',*,*,#2922,.F.);
#1240=ORIENTED_EDGE('',*,*,#2883,.T.);
#1241=ORIENTED_EDGE('',*,*,#2923,.F.);
#1242=ORIENTED_EDGE('',*,*,#2924,.F.);
#1243=ORIENTED_EDGE('',*,*,#2925,.F.);
#1244=ORIENTED_EDGE('',*,*,#2926,.F.);
#1245=ORIENTED_EDGE('',*,*,#2927,.F.);
#1246=ORIENTED_EDGE('',*,*,#2884,.T.);
#1247=ORIENTED_EDGE('',*,*,#2928,.F.);
#1248=ORIENTED_EDGE('',*,*,#2885,.T.);
#1249=ORIENTED_EDGE('',*,*,#2929,.F.);
#1250=ORIENTED_EDGE('',*,*,#2930,.F.);
#1251=ORIENTED_EDGE('',*,*,#2931,.F.);
#1252=ORIENTED_EDGE('',*,*,#2932,.F.);
#1253=ORIENTED_EDGE('',*,*,#2933,.F.);
#1254=ORIENTED_EDGE('',*,*,#2934,.F.);
#1255=ORIENTED_EDGE('',*,*,#2935,.F.);
#1256=ORIENTED_EDGE('',*,*,#2936,.F.);
#1257=ORIENTED_EDGE('',*,*,#2937,.F.);
#1258=ORIENTED_EDGE('',*,*,#2938,.F.);
#1259=ORIENTED_EDGE('',*,*,#2939,.F.);
#1260=ORIENTED_EDGE('',*,*,#2940,.F.);
#1261=ORIENTED_EDGE('',*,*,#2941,.F.);
#1262=ORIENTED_EDGE('',*,*,#2942,.F.);
#1263=ORIENTED_EDGE('',*,*,#2943,.F.);
#1264=ORIENTED_EDGE('',*,*,#2944,.F.);
#1265=ORIENTED_EDGE('',*,*,#2945,.F.);
#1266=ORIENTED_EDGE('',*,*,#2946,.F.);
#1267=ORIENTED_EDGE('',*,*,#2947,.F.);
#1268=ORIENTED_EDGE('',*,*,#2948,.F.);
#1269=ORIENTED_EDGE('',*,*,#2949,.F.);
#1270=ORIENTED_EDGE('',*,*,#2950,.F.);
#1271=ORIENTED_EDGE('',*,*,#2951,.F.);
#1272=ORIENTED_EDGE('',*,*,#2952,.F.);
#1273=ORIENTED_EDGE('',*,*,#2953,.F.);
#1274=ORIENTED_EDGE('',*,*,#2954,.F.);
#1275=ORIENTED_EDGE('',*,*,#2955,.F.);
#1276=ORIENTED_EDGE('',*,*,#2956,.F.);
#1277=ORIENTED_EDGE('',*,*,#2957,.F.);
#1278=ORIENTED_EDGE('',*,*,#2886,.T.);
#1279=ORIENTED_EDGE('',*,*,#2958,.F.);
#1280=ORIENTED_EDGE('',*,*,#2959,.F.);
#1281=ORIENTED_EDGE('',*,*,#2960,.F.);
#1282=ORIENTED_EDGE('',*,*,#2961,.F.);
#1283=ORIENTED_EDGE('',*,*,#2962,.F.);
#1284=ORIENTED_EDGE('',*,*,#2887,.T.);
#1285=ORIENTED_EDGE('',*,*,#2963,.F.);
#1286=ORIENTED_EDGE('',*,*,#2888,.T.);
#1287=ORIENTED_EDGE('',*,*,#2964,.F.);
#1288=ORIENTED_EDGE('',*,*,#2965,.F.);
#1289=ORIENTED_EDGE('',*,*,#2889,.F.);
#1290=ORIENTED_EDGE('',*,*,#2966,.T.);
#1291=ORIENTED_EDGE('',*,*,#2890,.F.);
#1292=ORIENTED_EDGE('',*,*,#2967,.T.);
#1293=ORIENTED_EDGE('',*,*,#2891,.F.);
#1294=ORIENTED_EDGE('',*,*,#2968,.T.);
#1295=ORIENTED_EDGE('',*,*,#2892,.F.);
#1296=ORIENTED_EDGE('',*,*,#2969,.T.);
#1297=ORIENTED_EDGE('',*,*,#2893,.F.);
#1298=ORIENTED_EDGE('',*,*,#2970,.T.);
#1299=ORIENTED_EDGE('',*,*,#2894,.T.);
#1300=ORIENTED_EDGE('',*,*,#2971,.F.);
#1301=ORIENTED_EDGE('',*,*,#2895,.T.);
#1302=ORIENTED_EDGE('',*,*,#2972,.F.);
#1303=ORIENTED_EDGE('',*,*,#2896,.T.);
#1304=ORIENTED_EDGE('',*,*,#2973,.F.);
#1305=ORIENTED_EDGE('',*,*,#2897,.T.);
#1306=ORIENTED_EDGE('',*,*,#2974,.F.);
#1307=ORIENTED_EDGE('',*,*,#2898,.T.);
#1308=ORIENTED_EDGE('',*,*,#2975,.F.);
#1309=ORIENTED_EDGE('',*,*,#2905,.T.);
#1310=ORIENTED_EDGE('',*,*,#2904,.T.);
#1311=ORIENTED_EDGE('',*,*,#2903,.T.);
#1312=ORIENTED_EDGE('',*,*,#2902,.T.);
#1313=ORIENTED_EDGE('',*,*,#2901,.T.);
#1314=ORIENTED_EDGE('',*,*,#2900,.T.);
#1315=ORIENTED_EDGE('',*,*,#2899,.T.);
#1316=ORIENTED_EDGE('',*,*,#2976,.T.);
#1317=ORIENTED_EDGE('',*,*,#2977,.T.);
#1318=ORIENTED_EDGE('',*,*,#2978,.F.);
#1319=ORIENTED_EDGE('',*,*,#2979,.F.);
#1320=ORIENTED_EDGE('',*,*,#2980,.T.);
#1321=ORIENTED_EDGE('',*,*,#2981,.F.);
#1322=ORIENTED_EDGE('',*,*,#2982,.T.);
#1323=ORIENTED_EDGE('',*,*,#2983,.T.);
#1324=ORIENTED_EDGE('',*,*,#2984,.T.);
#1325=ORIENTED_EDGE('',*,*,#2985,.F.);
#1326=ORIENTED_EDGE('',*,*,#2986,.F.);
#1327=ORIENTED_EDGE('',*,*,#2982,.F.);
#1328=ORIENTED_EDGE('',*,*,#2985,.T.);
#1329=ORIENTED_EDGE('',*,*,#2987,.F.);
#1330=ORIENTED_EDGE('',*,*,#2988,.T.);
#1331=ORIENTED_EDGE('',*,*,#2989,.T.);
#1332=ORIENTED_EDGE('',*,*,#2990,.T.);
#1333=ORIENTED_EDGE('',*,*,#2991,.F.);
#1334=ORIENTED_EDGE('',*,*,#2992,.F.);
#1335=ORIENTED_EDGE('',*,*,#2988,.F.);
#1336=ORIENTED_EDGE('',*,*,#2916,.T.);
#1337=ORIENTED_EDGE('',*,*,#2991,.T.);
#1338=ORIENTED_EDGE('',*,*,#2993,.F.);
#1339=ORIENTED_EDGE('',*,*,#2994,.T.);
#1340=ORIENTED_EDGE('',*,*,#2995,.T.);
#1341=ORIENTED_EDGE('',*,*,#2996,.T.);
#1342=ORIENTED_EDGE('',*,*,#2997,.F.);
#1343=ORIENTED_EDGE('',*,*,#2998,.F.);
#1344=ORIENTED_EDGE('',*,*,#2994,.F.);
#1345=ORIENTED_EDGE('',*,*,#2997,.T.);
#1346=ORIENTED_EDGE('',*,*,#2999,.F.);
#1347=ORIENTED_EDGE('',*,*,#3000,.T.);
#1348=ORIENTED_EDGE('',*,*,#3001,.T.);
#1349=ORIENTED_EDGE('',*,*,#3002,.T.);
#1350=ORIENTED_EDGE('',*,*,#2980,.F.);
#1351=ORIENTED_EDGE('',*,*,#3003,.F.);
#1352=ORIENTED_EDGE('',*,*,#3000,.F.);
#1353=ORIENTED_EDGE('',*,*,#2907,.T.);
#1354=ORIENTED_EDGE('',*,*,#3004,.T.);
#1355=ORIENTED_EDGE('',*,*,#3005,.F.);
#1356=ORIENTED_EDGE('',*,*,#3006,.T.);
#1357=ORIENTED_EDGE('',*,*,#3007,.T.);
#1358=ORIENTED_EDGE('',*,*,#3008,.T.);
#1359=ORIENTED_EDGE('',*,*,#3009,.F.);
#1360=ORIENTED_EDGE('',*,*,#3010,.F.);
#1361=ORIENTED_EDGE('',*,*,#3006,.F.);
#1362=ORIENTED_EDGE('',*,*,#3009,.T.);
#1363=ORIENTED_EDGE('',*,*,#3011,.F.);
#1364=ORIENTED_EDGE('',*,*,#3012,.T.);
#1365=ORIENTED_EDGE('',*,*,#3013,.T.);
#1366=ORIENTED_EDGE('',*,*,#3014,.T.);
#1367=ORIENTED_EDGE('',*,*,#3015,.F.);
#1368=ORIENTED_EDGE('',*,*,#3016,.F.);
#1369=ORIENTED_EDGE('',*,*,#3012,.F.);
#1370=ORIENTED_EDGE('',*,*,#2906,.T.);
#1371=ORIENTED_EDGE('',*,*,#3015,.T.);
#1372=ORIENTED_EDGE('',*,*,#3017,.F.);
#1373=ORIENTED_EDGE('',*,*,#3018,.T.);
#1374=ORIENTED_EDGE('',*,*,#3019,.T.);
#1375=ORIENTED_EDGE('',*,*,#3020,.T.);
#1376=ORIENTED_EDGE('',*,*,#3021,.F.);
#1377=ORIENTED_EDGE('',*,*,#3022,.F.);
#1378=ORIENTED_EDGE('',*,*,#3018,.F.);
#1379=ORIENTED_EDGE('',*,*,#3021,.T.);
#1380=ORIENTED_EDGE('',*,*,#3023,.F.);
#1381=ORIENTED_EDGE('',*,*,#3024,.T.);
#1382=ORIENTED_EDGE('',*,*,#3025,.T.);
#1383=ORIENTED_EDGE('',*,*,#3026,.T.);
#1384=ORIENTED_EDGE('',*,*,#3004,.F.);
#1385=ORIENTED_EDGE('',*,*,#3027,.F.);
#1386=ORIENTED_EDGE('',*,*,#3024,.F.);
#1387=ORIENTED_EDGE('',*,*,#2908,.T.);
#1388=ORIENTED_EDGE('',*,*,#3028,.T.);
#1389=ORIENTED_EDGE('',*,*,#3029,.F.);
#1390=ORIENTED_EDGE('',*,*,#3030,.T.);
#1391=ORIENTED_EDGE('',*,*,#3031,.T.);
#1392=ORIENTED_EDGE('',*,*,#3032,.T.);
#1393=ORIENTED_EDGE('',*,*,#3033,.F.);
#1394=ORIENTED_EDGE('',*,*,#3034,.F.);
#1395=ORIENTED_EDGE('',*,*,#3030,.F.);
#1396=ORIENTED_EDGE('',*,*,#3033,.T.);
#1397=ORIENTED_EDGE('',*,*,#3035,.F.);
#1398=ORIENTED_EDGE('',*,*,#3036,.T.);
#1399=ORIENTED_EDGE('',*,*,#3037,.T.);
#1400=ORIENTED_EDGE('',*,*,#3038,.T.);
#1401=ORIENTED_EDGE('',*,*,#3039,.F.);
#1402=ORIENTED_EDGE('',*,*,#3040,.F.);
#1403=ORIENTED_EDGE('',*,*,#3036,.F.);
#1404=ORIENTED_EDGE('',*,*,#2909,.T.);
#1405=ORIENTED_EDGE('',*,*,#3039,.T.);
#1406=ORIENTED_EDGE('',*,*,#3041,.F.);
#1407=ORIENTED_EDGE('',*,*,#3042,.T.);
#1408=ORIENTED_EDGE('',*,*,#3043,.T.);
#1409=ORIENTED_EDGE('',*,*,#3044,.T.);
#1410=ORIENTED_EDGE('',*,*,#3045,.F.);
#1411=ORIENTED_EDGE('',*,*,#3046,.F.);
#1412=ORIENTED_EDGE('',*,*,#3042,.F.);
#1413=ORIENTED_EDGE('',*,*,#3045,.T.);
#1414=ORIENTED_EDGE('',*,*,#3047,.F.);
#1415=ORIENTED_EDGE('',*,*,#3048,.T.);
#1416=ORIENTED_EDGE('',*,*,#3049,.T.);
#1417=ORIENTED_EDGE('',*,*,#3050,.T.);
#1418=ORIENTED_EDGE('',*,*,#3028,.F.);
#1419=ORIENTED_EDGE('',*,*,#3051,.F.);
#1420=ORIENTED_EDGE('',*,*,#3048,.F.);
#1421=ORIENTED_EDGE('',*,*,#2911,.T.);
#1422=ORIENTED_EDGE('',*,*,#3052,.T.);
#1423=ORIENTED_EDGE('',*,*,#3053,.F.);
#1424=ORIENTED_EDGE('',*,*,#3054,.T.);
#1425=ORIENTED_EDGE('',*,*,#3055,.T.);
#1426=ORIENTED_EDGE('',*,*,#3056,.T.);
#1427=ORIENTED_EDGE('',*,*,#3057,.F.);
#1428=ORIENTED_EDGE('',*,*,#3058,.F.);
#1429=ORIENTED_EDGE('',*,*,#3054,.F.);
#1430=ORIENTED_EDGE('',*,*,#3057,.T.);
#1431=ORIENTED_EDGE('',*,*,#3059,.F.);
#1432=ORIENTED_EDGE('',*,*,#3060,.T.);
#1433=ORIENTED_EDGE('',*,*,#3061,.T.);
#1434=ORIENTED_EDGE('',*,*,#3062,.T.);
#1435=ORIENTED_EDGE('',*,*,#3063,.F.);
#1436=ORIENTED_EDGE('',*,*,#3064,.F.);
#1437=ORIENTED_EDGE('',*,*,#3060,.F.);
#1438=ORIENTED_EDGE('',*,*,#2953,.T.);
#1439=ORIENTED_EDGE('',*,*,#3063,.T.);
#1440=ORIENTED_EDGE('',*,*,#3065,.F.);
#1441=ORIENTED_EDGE('',*,*,#3066,.T.);
#1442=ORIENTED_EDGE('',*,*,#3067,.T.);
#1443=ORIENTED_EDGE('',*,*,#3068,.T.);
#1444=ORIENTED_EDGE('',*,*,#3069,.F.);
#1445=ORIENTED_EDGE('',*,*,#3070,.F.);
#1446=ORIENTED_EDGE('',*,*,#3066,.F.);
#1447=ORIENTED_EDGE('',*,*,#3069,.T.);
#1448=ORIENTED_EDGE('',*,*,#3071,.F.);
#1449=ORIENTED_EDGE('',*,*,#3072,.T.);
#1450=ORIENTED_EDGE('',*,*,#3073,.T.);
#1451=ORIENTED_EDGE('',*,*,#3074,.T.);
#1452=ORIENTED_EDGE('',*,*,#3052,.F.);
#1453=ORIENTED_EDGE('',*,*,#3075,.F.);
#1454=ORIENTED_EDGE('',*,*,#3072,.F.);
#1455=ORIENTED_EDGE('',*,*,#2910,.T.);
#1456=ORIENTED_EDGE('',*,*,#3076,.T.);
#1457=ORIENTED_EDGE('',*,*,#3077,.F.);
#1458=ORIENTED_EDGE('',*,*,#3078,.T.);
#1459=ORIENTED_EDGE('',*,*,#3079,.T.);
#1460=ORIENTED_EDGE('',*,*,#3080,.T.);
#1461=ORIENTED_EDGE('',*,*,#3081,.F.);
#1462=ORIENTED_EDGE('',*,*,#3082,.F.);
#1463=ORIENTED_EDGE('',*,*,#3078,.F.);
#1464=ORIENTED_EDGE('',*,*,#3081,.T.);
#1465=ORIENTED_EDGE('',*,*,#3083,.F.);
#1466=ORIENTED_EDGE('',*,*,#3084,.T.);
#1467=ORIENTED_EDGE('',*,*,#3085,.T.);
#1468=ORIENTED_EDGE('',*,*,#3086,.T.);
#1469=ORIENTED_EDGE('',*,*,#3087,.F.);
#1470=ORIENTED_EDGE('',*,*,#3088,.F.);
#1471=ORIENTED_EDGE('',*,*,#3084,.F.);
#1472=ORIENTED_EDGE('',*,*,#2937,.T.);
#1473=ORIENTED_EDGE('',*,*,#3087,.T.);
#1474=ORIENTED_EDGE('',*,*,#3089,.F.);
#1475=ORIENTED_EDGE('',*,*,#3090,.T.);
#1476=ORIENTED_EDGE('',*,*,#3091,.T.);
#1477=ORIENTED_EDGE('',*,*,#3092,.T.);
#1478=ORIENTED_EDGE('',*,*,#3093,.F.);
#1479=ORIENTED_EDGE('',*,*,#3094,.F.);
#1480=ORIENTED_EDGE('',*,*,#3090,.F.);
#1481=ORIENTED_EDGE('',*,*,#3093,.T.);
#1482=ORIENTED_EDGE('',*,*,#3095,.F.);
#1483=ORIENTED_EDGE('',*,*,#3096,.T.);
#1484=ORIENTED_EDGE('',*,*,#3097,.T.);
#1485=ORIENTED_EDGE('',*,*,#3098,.T.);
#1486=ORIENTED_EDGE('',*,*,#3076,.F.);
#1487=ORIENTED_EDGE('',*,*,#3099,.F.);
#1488=ORIENTED_EDGE('',*,*,#3096,.F.);
#1489=ORIENTED_EDGE('',*,*,#2912,.T.);
#1490=ORIENTED_EDGE('',*,*,#3100,.T.);
#1491=ORIENTED_EDGE('',*,*,#3101,.F.);
#1492=ORIENTED_EDGE('',*,*,#3102,.T.);
#1493=ORIENTED_EDGE('',*,*,#3103,.T.);
#1494=ORIENTED_EDGE('',*,*,#3104,.T.);
#1495=ORIENTED_EDGE('',*,*,#3105,.F.);
#1496=ORIENTED_EDGE('',*,*,#3106,.F.);
#1497=ORIENTED_EDGE('',*,*,#3102,.F.);
#1498=ORIENTED_EDGE('',*,*,#3105,.T.);
#1499=ORIENTED_EDGE('',*,*,#3107,.F.);
#1500=ORIENTED_EDGE('',*,*,#3108,.T.);
#1501=ORIENTED_EDGE('',*,*,#3109,.T.);
#1502=ORIENTED_EDGE('',*,*,#3110,.T.);
#1503=ORIENTED_EDGE('',*,*,#3111,.F.);
#1504=ORIENTED_EDGE('',*,*,#3112,.F.);
#1505=ORIENTED_EDGE('',*,*,#3108,.F.);
#1506=ORIENTED_EDGE('',*,*,#2913,.T.);
#1507=ORIENTED_EDGE('',*,*,#3111,.T.);
#1508=ORIENTED_EDGE('',*,*,#3113,.F.);
#1509=ORIENTED_EDGE('',*,*,#3114,.T.);
#1510=ORIENTED_EDGE('',*,*,#3115,.T.);
#1511=ORIENTED_EDGE('',*,*,#3116,.T.);
#1512=ORIENTED_EDGE('',*,*,#3117,.F.);
#1513=ORIENTED_EDGE('',*,*,#3118,.F.);
#1514=ORIENTED_EDGE('',*,*,#3114,.F.);
#1515=ORIENTED_EDGE('',*,*,#3117,.T.);
#1516=ORIENTED_EDGE('',*,*,#3119,.F.);
#1517=ORIENTED_EDGE('',*,*,#3120,.T.);
#1518=ORIENTED_EDGE('',*,*,#3121,.T.);
#1519=ORIENTED_EDGE('',*,*,#3122,.T.);
#1520=ORIENTED_EDGE('',*,*,#3100,.F.);
#1521=ORIENTED_EDGE('',*,*,#3123,.F.);
#1522=ORIENTED_EDGE('',*,*,#3120,.F.);
#1523=ORIENTED_EDGE('',*,*,#2943,.T.);
#1524=ORIENTED_EDGE('',*,*,#3124,.T.);
#1525=ORIENTED_EDGE('',*,*,#3125,.F.);
#1526=ORIENTED_EDGE('',*,*,#3126,.T.);
#1527=ORIENTED_EDGE('',*,*,#3127,.T.);
#1528=ORIENTED_EDGE('',*,*,#3128,.T.);
#1529=ORIENTED_EDGE('',*,*,#3129,.F.);
#1530=ORIENTED_EDGE('',*,*,#3130,.F.);
#1531=ORIENTED_EDGE('',*,*,#3126,.F.);
#1532=ORIENTED_EDGE('',*,*,#3129,.T.);
#1533=ORIENTED_EDGE('',*,*,#3131,.F.);
#1534=ORIENTED_EDGE('',*,*,#3132,.T.);
#1535=ORIENTED_EDGE('',*,*,#3133,.T.);
#1536=ORIENTED_EDGE('',*,*,#3134,.T.);
#1537=ORIENTED_EDGE('',*,*,#3135,.F.);
#1538=ORIENTED_EDGE('',*,*,#3136,.F.);
#1539=ORIENTED_EDGE('',*,*,#3132,.F.);
#1540=ORIENTED_EDGE('',*,*,#2945,.T.);
#1541=ORIENTED_EDGE('',*,*,#3135,.T.);
#1542=ORIENTED_EDGE('',*,*,#3137,.F.);
#1543=ORIENTED_EDGE('',*,*,#3138,.T.);
#1544=ORIENTED_EDGE('',*,*,#3139,.T.);
#1545=ORIENTED_EDGE('',*,*,#3140,.T.);
#1546=ORIENTED_EDGE('',*,*,#3141,.F.);
#1547=ORIENTED_EDGE('',*,*,#3142,.F.);
#1548=ORIENTED_EDGE('',*,*,#3138,.F.);
#1549=ORIENTED_EDGE('',*,*,#3141,.T.);
#1550=ORIENTED_EDGE('',*,*,#3143,.F.);
#1551=ORIENTED_EDGE('',*,*,#3144,.T.);
#1552=ORIENTED_EDGE('',*,*,#3145,.T.);
#1553=ORIENTED_EDGE('',*,*,#3146,.T.);
#1554=ORIENTED_EDGE('',*,*,#3124,.F.);
#1555=ORIENTED_EDGE('',*,*,#3147,.F.);
#1556=ORIENTED_EDGE('',*,*,#3144,.F.);
#1557=ORIENTED_EDGE('',*,*,#2914,.T.);
#1558=ORIENTED_EDGE('',*,*,#3148,.T.);
#1559=ORIENTED_EDGE('',*,*,#3149,.F.);
#1560=ORIENTED_EDGE('',*,*,#3150,.T.);
#1561=ORIENTED_EDGE('',*,*,#3151,.T.);
#1562=ORIENTED_EDGE('',*,*,#3152,.T.);
#1563=ORIENTED_EDGE('',*,*,#3153,.F.);
#1564=ORIENTED_EDGE('',*,*,#3154,.F.);
#1565=ORIENTED_EDGE('',*,*,#3150,.F.);
#1566=ORIENTED_EDGE('',*,*,#3153,.T.);
#1567=ORIENTED_EDGE('',*,*,#3155,.F.);
#1568=ORIENTED_EDGE('',*,*,#3156,.T.);
#1569=ORIENTED_EDGE('',*,*,#3157,.T.);
#1570=ORIENTED_EDGE('',*,*,#3158,.T.);
#1571=ORIENTED_EDGE('',*,*,#3159,.F.);
#1572=ORIENTED_EDGE('',*,*,#3160,.F.);
#1573=ORIENTED_EDGE('',*,*,#3156,.F.);
#1574=ORIENTED_EDGE('',*,*,#2915,.T.);
#1575=ORIENTED_EDGE('',*,*,#3159,.T.);
#1576=ORIENTED_EDGE('',*,*,#3161,.F.);
#1577=ORIENTED_EDGE('',*,*,#3162,.T.);
#1578=ORIENTED_EDGE('',*,*,#3163,.T.);
#1579=ORIENTED_EDGE('',*,*,#3164,.T.);
#1580=ORIENTED_EDGE('',*,*,#3165,.F.);
#1581=ORIENTED_EDGE('',*,*,#3166,.F.);
#1582=ORIENTED_EDGE('',*,*,#3162,.F.);
#1583=ORIENTED_EDGE('',*,*,#3165,.T.);
#1584=ORIENTED_EDGE('',*,*,#3167,.F.);
#1585=ORIENTED_EDGE('',*,*,#3168,.T.);
#1586=ORIENTED_EDGE('',*,*,#3169,.T.);
#1587=ORIENTED_EDGE('',*,*,#3170,.T.);
#1588=ORIENTED_EDGE('',*,*,#3148,.F.);
#1589=ORIENTED_EDGE('',*,*,#3171,.F.);
#1590=ORIENTED_EDGE('',*,*,#3168,.F.);
#1591=ORIENTED_EDGE('',*,*,#2951,.T.);
#1592=ORIENTED_EDGE('',*,*,#3172,.T.);
#1593=ORIENTED_EDGE('',*,*,#3173,.F.);
#1594=ORIENTED_EDGE('',*,*,#3174,.T.);
#1595=ORIENTED_EDGE('',*,*,#3175,.T.);
#1596=ORIENTED_EDGE('',*,*,#3176,.T.);
#1597=ORIENTED_EDGE('',*,*,#3177,.F.);
#1598=ORIENTED_EDGE('',*,*,#3178,.F.);
#1599=ORIENTED_EDGE('',*,*,#3174,.F.);
#1600=ORIENTED_EDGE('',*,*,#2917,.T.);
#1601=ORIENTED_EDGE('',*,*,#3177,.T.);
#1602=ORIENTED_EDGE('',*,*,#3179,.F.);
#1603=ORIENTED_EDGE('',*,*,#3180,.T.);
#1604=ORIENTED_EDGE('',*,*,#3181,.T.);
#1605=ORIENTED_EDGE('',*,*,#3182,.T.);
#1606=ORIENTED_EDGE('',*,*,#3183,.F.);
#1607=ORIENTED_EDGE('',*,*,#3184,.F.);
#1608=ORIENTED_EDGE('',*,*,#3180,.F.);
#1609=ORIENTED_EDGE('',*,*,#3183,.T.);
#1610=ORIENTED_EDGE('',*,*,#3185,.F.);
#1611=ORIENTED_EDGE('',*,*,#3186,.T.);
#1612=ORIENTED_EDGE('',*,*,#3187,.T.);
#1613=ORIENTED_EDGE('',*,*,#3188,.T.);
#1614=ORIENTED_EDGE('',*,*,#3189,.F.);
#1615=ORIENTED_EDGE('',*,*,#3190,.F.);
#1616=ORIENTED_EDGE('',*,*,#3186,.F.);
#1617=ORIENTED_EDGE('',*,*,#2918,.T.);
#1618=ORIENTED_EDGE('',*,*,#3189,.T.);
#1619=ORIENTED_EDGE('',*,*,#3191,.F.);
#1620=ORIENTED_EDGE('',*,*,#3192,.T.);
#1621=ORIENTED_EDGE('',*,*,#3193,.T.);
#1622=ORIENTED_EDGE('',*,*,#3194,.T.);
#1623=ORIENTED_EDGE('',*,*,#3172,.F.);
#1624=ORIENTED_EDGE('',*,*,#3195,.F.);
#1625=ORIENTED_EDGE('',*,*,#3192,.F.);
#1626=ORIENTED_EDGE('',*,*,#3196,.T.);
#1627=ORIENTED_EDGE('',*,*,#3197,.F.);
#1628=ORIENTED_EDGE('',*,*,#3198,.T.);
#1629=ORIENTED_EDGE('',*,*,#3199,.T.);
#1630=ORIENTED_EDGE('',*,*,#3200,.T.);
#1631=ORIENTED_EDGE('',*,*,#3201,.F.);
#1632=ORIENTED_EDGE('',*,*,#3202,.F.);
#1633=ORIENTED_EDGE('',*,*,#3198,.F.);
#1634=ORIENTED_EDGE('',*,*,#3201,.T.);
#1635=ORIENTED_EDGE('',*,*,#3203,.F.);
#1636=ORIENTED_EDGE('',*,*,#3204,.T.);
#1637=ORIENTED_EDGE('',*,*,#3205,.T.);
#1638=ORIENTED_EDGE('',*,*,#3206,.T.);
#1639=ORIENTED_EDGE('',*,*,#3207,.F.);
#1640=ORIENTED_EDGE('',*,*,#3208,.F.);
#1641=ORIENTED_EDGE('',*,*,#3204,.F.);
#1642=ORIENTED_EDGE('',*,*,#2920,.T.);
#1643=ORIENTED_EDGE('',*,*,#3207,.T.);
#1644=ORIENTED_EDGE('',*,*,#3209,.F.);
#1645=ORIENTED_EDGE('',*,*,#3210,.T.);
#1646=ORIENTED_EDGE('',*,*,#3211,.T.);
#1647=ORIENTED_EDGE('',*,*,#3212,.T.);
#1648=ORIENTED_EDGE('',*,*,#3213,.F.);
#1649=ORIENTED_EDGE('',*,*,#3214,.F.);
#1650=ORIENTED_EDGE('',*,*,#3210,.F.);
#1651=ORIENTED_EDGE('',*,*,#3213,.T.);
#1652=ORIENTED_EDGE('',*,*,#3215,.F.);
#1653=ORIENTED_EDGE('',*,*,#3216,.T.);
#1654=ORIENTED_EDGE('',*,*,#3217,.T.);
#1655=ORIENTED_EDGE('',*,*,#3218,.T.);
#1656=ORIENTED_EDGE('',*,*,#3196,.F.);
#1657=ORIENTED_EDGE('',*,*,#3219,.F.);
#1658=ORIENTED_EDGE('',*,*,#3216,.F.);
#1659=ORIENTED_EDGE('',*,*,#2919,.T.);
#1660=ORIENTED_EDGE('',*,*,#3220,.T.);
#1661=ORIENTED_EDGE('',*,*,#3221,.F.);
#1662=ORIENTED_EDGE('',*,*,#3222,.T.);
#1663=ORIENTED_EDGE('',*,*,#3223,.T.);
#1664=ORIENTED_EDGE('',*,*,#3224,.T.);
#1665=ORIENTED_EDGE('',*,*,#3225,.F.);
#1666=ORIENTED_EDGE('',*,*,#3226,.F.);
#1667=ORIENTED_EDGE('',*,*,#3222,.F.);
#1668=ORIENTED_EDGE('',*,*,#2921,.T.);
#1669=ORIENTED_EDGE('',*,*,#3225,.T.);
#1670=ORIENTED_EDGE('',*,*,#3227,.F.);
#1671=ORIENTED_EDGE('',*,*,#3228,.T.);
#1672=ORIENTED_EDGE('',*,*,#3229,.T.);
#1673=ORIENTED_EDGE('',*,*,#3230,.T.);
#1674=ORIENTED_EDGE('',*,*,#3231,.F.);
#1675=ORIENTED_EDGE('',*,*,#3232,.F.);
#1676=ORIENTED_EDGE('',*,*,#3228,.F.);
#1677=ORIENTED_EDGE('',*,*,#3231,.T.);
#1678=ORIENTED_EDGE('',*,*,#3233,.F.);
#1679=ORIENTED_EDGE('',*,*,#3234,.T.);
#1680=ORIENTED_EDGE('',*,*,#3235,.T.);
#1681=ORIENTED_EDGE('',*,*,#3236,.T.);
#1682=ORIENTED_EDGE('',*,*,#3237,.F.);
#1683=ORIENTED_EDGE('',*,*,#3238,.F.);
#1684=ORIENTED_EDGE('',*,*,#3234,.F.);
#1685=ORIENTED_EDGE('',*,*,#2922,.T.);
#1686=ORIENTED_EDGE('',*,*,#3237,.T.);
#1687=ORIENTED_EDGE('',*,*,#3239,.F.);
#1688=ORIENTED_EDGE('',*,*,#3240,.T.);
#1689=ORIENTED_EDGE('',*,*,#3241,.T.);
#1690=ORIENTED_EDGE('',*,*,#3242,.T.);
#1691=ORIENTED_EDGE('',*,*,#3220,.F.);
#1692=ORIENTED_EDGE('',*,*,#3243,.F.);
#1693=ORIENTED_EDGE('',*,*,#3240,.F.);
#1694=ORIENTED_EDGE('',*,*,#3244,.T.);
#1695=ORIENTED_EDGE('',*,*,#3245,.F.);
#1696=ORIENTED_EDGE('',*,*,#3246,.T.);
#1697=ORIENTED_EDGE('',*,*,#3247,.T.);
#1698=ORIENTED_EDGE('',*,*,#3248,.T.);
#1699=ORIENTED_EDGE('',*,*,#3249,.F.);
#1700=ORIENTED_EDGE('',*,*,#3250,.F.);
#1701=ORIENTED_EDGE('',*,*,#3246,.F.);
#1702=ORIENTED_EDGE('',*,*,#3249,.T.);
#1703=ORIENTED_EDGE('',*,*,#3251,.F.);
#1704=ORIENTED_EDGE('',*,*,#3252,.T.);
#1705=ORIENTED_EDGE('',*,*,#3253,.T.);
#1706=ORIENTED_EDGE('',*,*,#3254,.T.);
#1707=ORIENTED_EDGE('',*,*,#3255,.F.);
#1708=ORIENTED_EDGE('',*,*,#3256,.F.);
#1709=ORIENTED_EDGE('',*,*,#3252,.F.);
#1710=ORIENTED_EDGE('',*,*,#2960,.T.);
#1711=ORIENTED_EDGE('',*,*,#3255,.T.);
#1712=ORIENTED_EDGE('',*,*,#3257,.F.);
#1713=ORIENTED_EDGE('',*,*,#3258,.T.);
#1714=ORIENTED_EDGE('',*,*,#3259,.T.);
#1715=ORIENTED_EDGE('',*,*,#3260,.T.);
#1716=ORIENTED_EDGE('',*,*,#3261,.F.);
#1717=ORIENTED_EDGE('',*,*,#3262,.F.);
#1718=ORIENTED_EDGE('',*,*,#3258,.F.);
#1719=ORIENTED_EDGE('',*,*,#3261,.T.);
#1720=ORIENTED_EDGE('',*,*,#3263,.F.);
#1721=ORIENTED_EDGE('',*,*,#3264,.T.);
#1722=ORIENTED_EDGE('',*,*,#3265,.T.);
#1723=ORIENTED_EDGE('',*,*,#3266,.T.);
#1724=ORIENTED_EDGE('',*,*,#3244,.F.);
#1725=ORIENTED_EDGE('',*,*,#3267,.F.);
#1726=ORIENTED_EDGE('',*,*,#3264,.F.);
#1727=ORIENTED_EDGE('',*,*,#2933,.T.);
#1728=ORIENTED_EDGE('',*,*,#3268,.T.);
#1729=ORIENTED_EDGE('',*,*,#3269,.F.);
#1730=ORIENTED_EDGE('',*,*,#3270,.T.);
#1731=ORIENTED_EDGE('',*,*,#3271,.T.);
#1732=ORIENTED_EDGE('',*,*,#3272,.T.);
#1733=ORIENTED_EDGE('',*,*,#3273,.F.);
#1734=ORIENTED_EDGE('',*,*,#3274,.F.);
#1735=ORIENTED_EDGE('',*,*,#3270,.F.);
#1736=ORIENTED_EDGE('',*,*,#3273,.T.);
#1737=ORIENTED_EDGE('',*,*,#3275,.F.);
#1738=ORIENTED_EDGE('',*,*,#3276,.T.);
#1739=ORIENTED_EDGE('',*,*,#3277,.T.);
#1740=ORIENTED_EDGE('',*,*,#3278,.T.);
#1741=ORIENTED_EDGE('',*,*,#3279,.F.);
#1742=ORIENTED_EDGE('',*,*,#3280,.F.);
#1743=ORIENTED_EDGE('',*,*,#3276,.F.);
#1744=ORIENTED_EDGE('',*,*,#2935,.T.);
#1745=ORIENTED_EDGE('',*,*,#3279,.T.);
#1746=ORIENTED_EDGE('',*,*,#3281,.F.);
#1747=ORIENTED_EDGE('',*,*,#3282,.T.);
#1748=ORIENTED_EDGE('',*,*,#3283,.T.);
#1749=ORIENTED_EDGE('',*,*,#3284,.T.);
#1750=ORIENTED_EDGE('',*,*,#3285,.F.);
#1751=ORIENTED_EDGE('',*,*,#3286,.F.);
#1752=ORIENTED_EDGE('',*,*,#3282,.F.);
#1753=ORIENTED_EDGE('',*,*,#3285,.T.);
#1754=ORIENTED_EDGE('',*,*,#3287,.F.);
#1755=ORIENTED_EDGE('',*,*,#3288,.T.);
#1756=ORIENTED_EDGE('',*,*,#3289,.T.);
#1757=ORIENTED_EDGE('',*,*,#3290,.T.);
#1758=ORIENTED_EDGE('',*,*,#3268,.F.);
#1759=ORIENTED_EDGE('',*,*,#3291,.F.);
#1760=ORIENTED_EDGE('',*,*,#3288,.F.);
#1761=ORIENTED_EDGE('',*,*,#2929,.T.);
#1762=ORIENTED_EDGE('',*,*,#3292,.T.);
#1763=ORIENTED_EDGE('',*,*,#3293,.F.);
#1764=ORIENTED_EDGE('',*,*,#3294,.T.);
#1765=ORIENTED_EDGE('',*,*,#3295,.T.);
#1766=ORIENTED_EDGE('',*,*,#3296,.T.);
#1767=ORIENTED_EDGE('',*,*,#3297,.F.);
#1768=ORIENTED_EDGE('',*,*,#3298,.F.);
#1769=ORIENTED_EDGE('',*,*,#3294,.F.);
#1770=ORIENTED_EDGE('',*,*,#3297,.T.);
#1771=ORIENTED_EDGE('',*,*,#3299,.F.);
#1772=ORIENTED_EDGE('',*,*,#3300,.T.);
#1773=ORIENTED_EDGE('',*,*,#3301,.T.);
#1774=ORIENTED_EDGE('',*,*,#3302,.T.);
#1775=ORIENTED_EDGE('',*,*,#3303,.F.);
#1776=ORIENTED_EDGE('',*,*,#3304,.F.);
#1777=ORIENTED_EDGE('',*,*,#3300,.F.);
#1778=ORIENTED_EDGE('',*,*,#2925,.T.);
#1779=ORIENTED_EDGE('',*,*,#3303,.T.);
#1780=ORIENTED_EDGE('',*,*,#3305,.F.);
#1781=ORIENTED_EDGE('',*,*,#3306,.T.);
#1782=ORIENTED_EDGE('',*,*,#3307,.T.);
#1783=ORIENTED_EDGE('',*,*,#3308,.T.);
#1784=ORIENTED_EDGE('',*,*,#3309,.F.);
#1785=ORIENTED_EDGE('',*,*,#3310,.F.);
#1786=ORIENTED_EDGE('',*,*,#3306,.F.);
#1787=ORIENTED_EDGE('',*,*,#3309,.T.);
#1788=ORIENTED_EDGE('',*,*,#3311,.F.);
#1789=ORIENTED_EDGE('',*,*,#3312,.T.);
#1790=ORIENTED_EDGE('',*,*,#3313,.T.);
#1791=ORIENTED_EDGE('',*,*,#3314,.T.);
#1792=ORIENTED_EDGE('',*,*,#3292,.F.);
#1793=ORIENTED_EDGE('',*,*,#3315,.F.);
#1794=ORIENTED_EDGE('',*,*,#3312,.F.);
#1795=ORIENTED_EDGE('',*,*,#2939,.T.);
#1796=ORIENTED_EDGE('',*,*,#3316,.T.);
#1797=ORIENTED_EDGE('',*,*,#3317,.F.);
#1798=ORIENTED_EDGE('',*,*,#3318,.T.);
#1799=ORIENTED_EDGE('',*,*,#3319,.T.);
#1800=ORIENTED_EDGE('',*,*,#3320,.T.);
#1801=ORIENTED_EDGE('',*,*,#3321,.F.);
#1802=ORIENTED_EDGE('',*,*,#3322,.F.);
#1803=ORIENTED_EDGE('',*,*,#3318,.F.);
#1804=ORIENTED_EDGE('',*,*,#3321,.T.);
#1805=ORIENTED_EDGE('',*,*,#3323,.F.);
#1806=ORIENTED_EDGE('',*,*,#3324,.T.);
#1807=ORIENTED_EDGE('',*,*,#3325,.T.);
#1808=ORIENTED_EDGE('',*,*,#3326,.T.);
#1809=ORIENTED_EDGE('',*,*,#3327,.F.);
#1810=ORIENTED_EDGE('',*,*,#3328,.F.);
#1811=ORIENTED_EDGE('',*,*,#3324,.F.);
#1812=ORIENTED_EDGE('',*,*,#2941,.T.);
#1813=ORIENTED_EDGE('',*,*,#3327,.T.);
#1814=ORIENTED_EDGE('',*,*,#3329,.F.);
#1815=ORIENTED_EDGE('',*,*,#3330,.T.);
#1816=ORIENTED_EDGE('',*,*,#3331,.T.);
#1817=ORIENTED_EDGE('',*,*,#3332,.T.);
#1818=ORIENTED_EDGE('',*,*,#3333,.F.);
#1819=ORIENTED_EDGE('',*,*,#3334,.F.);
#1820=ORIENTED_EDGE('',*,*,#3330,.F.);
#1821=ORIENTED_EDGE('',*,*,#3333,.T.);
#1822=ORIENTED_EDGE('',*,*,#3335,.F.);
#1823=ORIENTED_EDGE('',*,*,#3336,.T.);
#1824=ORIENTED_EDGE('',*,*,#3337,.T.);
#1825=ORIENTED_EDGE('',*,*,#3338,.T.);
#1826=ORIENTED_EDGE('',*,*,#3316,.F.);
#1827=ORIENTED_EDGE('',*,*,#3339,.F.);
#1828=ORIENTED_EDGE('',*,*,#3336,.F.);
#1829=ORIENTED_EDGE('',*,*,#2923,.T.);
#1830=ORIENTED_EDGE('',*,*,#3340,.T.);
#1831=ORIENTED_EDGE('',*,*,#3341,.F.);
#1832=ORIENTED_EDGE('',*,*,#3342,.T.);
#1833=ORIENTED_EDGE('',*,*,#3343,.T.);
#1834=ORIENTED_EDGE('',*,*,#3344,.T.);
#1835=ORIENTED_EDGE('',*,*,#3345,.F.);
#1836=ORIENTED_EDGE('',*,*,#3346,.F.);
#1837=ORIENTED_EDGE('',*,*,#3342,.F.);
#1838=ORIENTED_EDGE('',*,*,#3345,.T.);
#1839=ORIENTED_EDGE('',*,*,#3347,.F.);
#1840=ORIENTED_EDGE('',*,*,#3348,.T.);
#1841=ORIENTED_EDGE('',*,*,#3349,.T.);
#1842=ORIENTED_EDGE('',*,*,#3350,.T.);
#1843=ORIENTED_EDGE('',*,*,#3351,.F.);
#1844=ORIENTED_EDGE('',*,*,#3352,.F.);
#1845=ORIENTED_EDGE('',*,*,#3348,.F.);
#1846=ORIENTED_EDGE('',*,*,#2931,.T.);
#1847=ORIENTED_EDGE('',*,*,#3351,.T.);
#1848=ORIENTED_EDGE('',*,*,#3353,.F.);
#1849=ORIENTED_EDGE('',*,*,#3354,.T.);
#1850=ORIENTED_EDGE('',*,*,#3355,.T.);
#1851=ORIENTED_EDGE('',*,*,#3356,.T.);
#1852=ORIENTED_EDGE('',*,*,#3357,.F.);
#1853=ORIENTED_EDGE('',*,*,#3358,.F.);
#1854=ORIENTED_EDGE('',*,*,#3354,.F.);
#1855=ORIENTED_EDGE('',*,*,#3357,.T.);
#1856=ORIENTED_EDGE('',*,*,#3359,.F.);
#1857=ORIENTED_EDGE('',*,*,#3360,.T.);
#1858=ORIENTED_EDGE('',*,*,#3361,.T.);
#1859=ORIENTED_EDGE('',*,*,#3362,.T.);
#1860=ORIENTED_EDGE('',*,*,#3340,.F.);
#1861=ORIENTED_EDGE('',*,*,#3363,.F.);
#1862=ORIENTED_EDGE('',*,*,#3360,.F.);
#1863=ORIENTED_EDGE('',*,*,#2964,.T.);
#1864=ORIENTED_EDGE('',*,*,#3364,.T.);
#1865=ORIENTED_EDGE('',*,*,#3365,.F.);
#1866=ORIENTED_EDGE('',*,*,#3366,.T.);
#1867=ORIENTED_EDGE('',*,*,#3367,.T.);
#1868=ORIENTED_EDGE('',*,*,#3368,.T.);
#1869=ORIENTED_EDGE('',*,*,#3369,.F.);
#1870=ORIENTED_EDGE('',*,*,#3370,.F.);
#1871=ORIENTED_EDGE('',*,*,#3366,.F.);
#1872=ORIENTED_EDGE('',*,*,#3369,.T.);
#1873=ORIENTED_EDGE('',*,*,#3371,.F.);
#1874=ORIENTED_EDGE('',*,*,#3372,.T.);
#1875=ORIENTED_EDGE('',*,*,#3373,.T.);
#1876=ORIENTED_EDGE('',*,*,#3374,.T.);
#1877=ORIENTED_EDGE('',*,*,#3375,.F.);
#1878=ORIENTED_EDGE('',*,*,#3376,.F.);
#1879=ORIENTED_EDGE('',*,*,#3372,.F.);
#1880=ORIENTED_EDGE('',*,*,#2958,.T.);
#1881=ORIENTED_EDGE('',*,*,#3375,.T.);
#1882=ORIENTED_EDGE('',*,*,#3377,.F.);
#1883=ORIENTED_EDGE('',*,*,#3378,.T.);
#1884=ORIENTED_EDGE('',*,*,#3379,.T.);
#1885=ORIENTED_EDGE('',*,*,#3380,.T.);
#1886=ORIENTED_EDGE('',*,*,#3381,.F.);
#1887=ORIENTED_EDGE('',*,*,#3382,.F.);
#1888=ORIENTED_EDGE('',*,*,#3378,.F.);
#1889=ORIENTED_EDGE('',*,*,#3381,.T.);
#1890=ORIENTED_EDGE('',*,*,#3383,.F.);
#1891=ORIENTED_EDGE('',*,*,#3384,.T.);
#1892=ORIENTED_EDGE('',*,*,#3385,.T.);
#1893=ORIENTED_EDGE('',*,*,#3386,.T.);
#1894=ORIENTED_EDGE('',*,*,#3364,.F.);
#1895=ORIENTED_EDGE('',*,*,#3387,.F.);
#1896=ORIENTED_EDGE('',*,*,#3384,.F.);
#1897=ORIENTED_EDGE('',*,*,#2924,.T.);
#1898=ORIENTED_EDGE('',*,*,#3388,.T.);
#1899=ORIENTED_EDGE('',*,*,#3389,.F.);
#1900=ORIENTED_EDGE('',*,*,#3390,.T.);
#1901=ORIENTED_EDGE('',*,*,#3391,.T.);
#1902=ORIENTED_EDGE('',*,*,#3392,.T.);
#1903=ORIENTED_EDGE('',*,*,#3393,.F.);
#1904=ORIENTED_EDGE('',*,*,#3394,.F.);
#1905=ORIENTED_EDGE('',*,*,#3390,.F.);
#1906=ORIENTED_EDGE('',*,*,#3393,.T.);
#1907=ORIENTED_EDGE('',*,*,#3395,.F.);
#1908=ORIENTED_EDGE('',*,*,#3396,.T.);
#1909=ORIENTED_EDGE('',*,*,#3397,.T.);
#1910=ORIENTED_EDGE('',*,*,#3398,.T.);
#1911=ORIENTED_EDGE('',*,*,#3399,.F.);
#1912=ORIENTED_EDGE('',*,*,#3400,.F.);
#1913=ORIENTED_EDGE('',*,*,#3396,.F.);
#1914=ORIENTED_EDGE('',*,*,#2926,.T.);
#1915=ORIENTED_EDGE('',*,*,#3399,.T.);
#1916=ORIENTED_EDGE('',*,*,#3401,.F.);
#1917=ORIENTED_EDGE('',*,*,#3402,.T.);
#1918=ORIENTED_EDGE('',*,*,#3403,.T.);
#1919=ORIENTED_EDGE('',*,*,#3404,.T.);
#1920=ORIENTED_EDGE('',*,*,#3405,.F.);
#1921=ORIENTED_EDGE('',*,*,#3406,.F.);
#1922=ORIENTED_EDGE('',*,*,#3402,.F.);
#1923=ORIENTED_EDGE('',*,*,#3405,.T.);
#1924=ORIENTED_EDGE('',*,*,#3407,.F.);
#1925=ORIENTED_EDGE('',*,*,#3408,.T.);
#1926=ORIENTED_EDGE('',*,*,#3409,.T.);
#1927=ORIENTED_EDGE('',*,*,#3410,.T.);
#1928=ORIENTED_EDGE('',*,*,#3388,.F.);
#1929=ORIENTED_EDGE('',*,*,#3411,.F.);
#1930=ORIENTED_EDGE('',*,*,#3408,.F.);
#1931=ORIENTED_EDGE('',*,*,#2927,.T.);
#1932=ORIENTED_EDGE('',*,*,#3412,.T.);
#1933=ORIENTED_EDGE('',*,*,#3413,.F.);
#1934=ORIENTED_EDGE('',*,*,#3414,.T.);
#1935=ORIENTED_EDGE('',*,*,#3415,.T.);
#1936=ORIENTED_EDGE('',*,*,#3416,.T.);
#1937=ORIENTED_EDGE('',*,*,#3417,.F.);
#1938=ORIENTED_EDGE('',*,*,#3418,.F.);
#1939=ORIENTED_EDGE('',*,*,#3414,.F.);
#1940=ORIENTED_EDGE('',*,*,#3417,.T.);
#1941=ORIENTED_EDGE('',*,*,#3419,.F.);
#1942=ORIENTED_EDGE('',*,*,#3420,.T.);
#1943=ORIENTED_EDGE('',*,*,#3421,.T.);
#1944=ORIENTED_EDGE('',*,*,#3422,.T.);
#1945=ORIENTED_EDGE('',*,*,#3423,.F.);
#1946=ORIENTED_EDGE('',*,*,#3424,.F.);
#1947=ORIENTED_EDGE('',*,*,#3420,.F.);
#1948=ORIENTED_EDGE('',*,*,#2928,.T.);
#1949=ORIENTED_EDGE('',*,*,#3423,.T.);
#1950=ORIENTED_EDGE('',*,*,#3425,.F.);
#1951=ORIENTED_EDGE('',*,*,#3426,.T.);
#1952=ORIENTED_EDGE('',*,*,#3427,.T.);
#1953=ORIENTED_EDGE('',*,*,#3428,.T.);
#1954=ORIENTED_EDGE('',*,*,#3429,.F.);
#1955=ORIENTED_EDGE('',*,*,#3430,.F.);
#1956=ORIENTED_EDGE('',*,*,#3426,.F.);
#1957=ORIENTED_EDGE('',*,*,#3429,.T.);
#1958=ORIENTED_EDGE('',*,*,#3431,.F.);
#1959=ORIENTED_EDGE('',*,*,#3432,.T.);
#1960=ORIENTED_EDGE('',*,*,#3433,.T.);
#1961=ORIENTED_EDGE('',*,*,#3434,.T.);
#1962=ORIENTED_EDGE('',*,*,#3412,.F.);
#1963=ORIENTED_EDGE('',*,*,#3435,.F.);
#1964=ORIENTED_EDGE('',*,*,#3432,.F.);
#1965=ORIENTED_EDGE('',*,*,#2930,.T.);
#1966=ORIENTED_EDGE('',*,*,#3436,.T.);
#1967=ORIENTED_EDGE('',*,*,#3437,.F.);
#1968=ORIENTED_EDGE('',*,*,#3438,.T.);
#1969=ORIENTED_EDGE('',*,*,#3439,.T.);
#1970=ORIENTED_EDGE('',*,*,#3440,.T.);
#1971=ORIENTED_EDGE('',*,*,#3441,.F.);
#1972=ORIENTED_EDGE('',*,*,#3442,.F.);
#1973=ORIENTED_EDGE('',*,*,#3438,.F.);
#1974=ORIENTED_EDGE('',*,*,#3441,.T.);
#1975=ORIENTED_EDGE('',*,*,#3443,.F.);
#1976=ORIENTED_EDGE('',*,*,#3444,.T.);
#1977=ORIENTED_EDGE('',*,*,#3445,.T.);
#1978=ORIENTED_EDGE('',*,*,#3446,.T.);
#1979=ORIENTED_EDGE('',*,*,#3447,.F.);
#1980=ORIENTED_EDGE('',*,*,#3448,.F.);
#1981=ORIENTED_EDGE('',*,*,#3444,.F.);
#1982=ORIENTED_EDGE('',*,*,#2932,.T.);
#1983=ORIENTED_EDGE('',*,*,#3447,.T.);
#1984=ORIENTED_EDGE('',*,*,#3449,.F.);
#1985=ORIENTED_EDGE('',*,*,#3450,.T.);
#1986=ORIENTED_EDGE('',*,*,#3451,.T.);
#1987=ORIENTED_EDGE('',*,*,#3452,.T.);
#1988=ORIENTED_EDGE('',*,*,#3453,.F.);
#1989=ORIENTED_EDGE('',*,*,#3454,.F.);
#1990=ORIENTED_EDGE('',*,*,#3450,.F.);
#1991=ORIENTED_EDGE('',*,*,#3453,.T.);
#1992=ORIENTED_EDGE('',*,*,#3455,.F.);
#1993=ORIENTED_EDGE('',*,*,#3456,.T.);
#1994=ORIENTED_EDGE('',*,*,#3457,.T.);
#1995=ORIENTED_EDGE('',*,*,#3458,.T.);
#1996=ORIENTED_EDGE('',*,*,#3436,.F.);
#1997=ORIENTED_EDGE('',*,*,#3459,.F.);
#1998=ORIENTED_EDGE('',*,*,#3456,.F.);
#1999=ORIENTED_EDGE('',*,*,#2947,.T.);
#2000=ORIENTED_EDGE('',*,*,#3460,.T.);
#2001=ORIENTED_EDGE('',*,*,#3461,.F.);
#2002=ORIENTED_EDGE('',*,*,#3462,.T.);
#2003=ORIENTED_EDGE('',*,*,#3463,.T.);
#2004=ORIENTED_EDGE('',*,*,#3464,.T.);
#2005=ORIENTED_EDGE('',*,*,#3465,.F.);
#2006=ORIENTED_EDGE('',*,*,#3466,.F.);
#2007=ORIENTED_EDGE('',*,*,#3462,.F.);
#2008=ORIENTED_EDGE('',*,*,#3465,.T.);
#2009=ORIENTED_EDGE('',*,*,#3467,.F.);
#2010=ORIENTED_EDGE('',*,*,#3468,.T.);
#2011=ORIENTED_EDGE('',*,*,#3469,.T.);
#2012=ORIENTED_EDGE('',*,*,#3470,.T.);
#2013=ORIENTED_EDGE('',*,*,#3471,.F.);
#2014=ORIENTED_EDGE('',*,*,#3472,.F.);
#2015=ORIENTED_EDGE('',*,*,#3468,.F.);
#2016=ORIENTED_EDGE('',*,*,#2949,.T.);
#2017=ORIENTED_EDGE('',*,*,#3471,.T.);
#2018=ORIENTED_EDGE('',*,*,#3473,.F.);
#2019=ORIENTED_EDGE('',*,*,#3474,.T.);
#2020=ORIENTED_EDGE('',*,*,#3475,.T.);
#2021=ORIENTED_EDGE('',*,*,#3476,.T.);
#2022=ORIENTED_EDGE('',*,*,#3477,.F.);
#2023=ORIENTED_EDGE('',*,*,#3478,.F.);
#2024=ORIENTED_EDGE('',*,*,#3474,.F.);
#2025=ORIENTED_EDGE('',*,*,#3477,.T.);
#2026=ORIENTED_EDGE('',*,*,#3479,.F.);
#2027=ORIENTED_EDGE('',*,*,#3480,.T.);
#2028=ORIENTED_EDGE('',*,*,#3481,.T.);
#2029=ORIENTED_EDGE('',*,*,#3482,.T.);
#2030=ORIENTED_EDGE('',*,*,#3460,.F.);
#2031=ORIENTED_EDGE('',*,*,#3483,.F.);
#2032=ORIENTED_EDGE('',*,*,#3480,.F.);
#2033=ORIENTED_EDGE('',*,*,#2934,.T.);
#2034=ORIENTED_EDGE('',*,*,#3484,.T.);
#2035=ORIENTED_EDGE('',*,*,#3485,.F.);
#2036=ORIENTED_EDGE('',*,*,#3486,.T.);
#2037=ORIENTED_EDGE('',*,*,#3487,.T.);
#2038=ORIENTED_EDGE('',*,*,#3488,.T.);
#2039=ORIENTED_EDGE('',*,*,#3489,.F.);
#2040=ORIENTED_EDGE('',*,*,#3490,.F.);
#2041=ORIENTED_EDGE('',*,*,#3486,.F.);
#2042=ORIENTED_EDGE('',*,*,#3489,.T.);
#2043=ORIENTED_EDGE('',*,*,#3491,.F.);
#2044=ORIENTED_EDGE('',*,*,#3492,.T.);
#2045=ORIENTED_EDGE('',*,*,#3493,.T.);
#2046=ORIENTED_EDGE('',*,*,#3494,.T.);
#2047=ORIENTED_EDGE('',*,*,#3495,.F.);
#2048=ORIENTED_EDGE('',*,*,#3496,.F.);
#2049=ORIENTED_EDGE('',*,*,#3492,.F.);
#2050=ORIENTED_EDGE('',*,*,#2936,.T.);
#2051=ORIENTED_EDGE('',*,*,#3495,.T.);
#2052=ORIENTED_EDGE('',*,*,#3497,.F.);
#2053=ORIENTED_EDGE('',*,*,#3498,.T.);
#2054=ORIENTED_EDGE('',*,*,#3499,.T.);
#2055=ORIENTED_EDGE('',*,*,#3500,.T.);
#2056=ORIENTED_EDGE('',*,*,#3501,.F.);
#2057=ORIENTED_EDGE('',*,*,#3502,.F.);
#2058=ORIENTED_EDGE('',*,*,#3498,.F.);
#2059=ORIENTED_EDGE('',*,*,#3501,.T.);
#2060=ORIENTED_EDGE('',*,*,#3503,.F.);
#2061=ORIENTED_EDGE('',*,*,#3504,.T.);
#2062=ORIENTED_EDGE('',*,*,#3505,.T.);
#2063=ORIENTED_EDGE('',*,*,#3506,.T.);
#2064=ORIENTED_EDGE('',*,*,#3484,.F.);
#2065=ORIENTED_EDGE('',*,*,#3507,.F.);
#2066=ORIENTED_EDGE('',*,*,#3504,.F.);
#2067=ORIENTED_EDGE('',*,*,#2955,.T.);
#2068=ORIENTED_EDGE('',*,*,#3508,.T.);
#2069=ORIENTED_EDGE('',*,*,#3509,.F.);
#2070=ORIENTED_EDGE('',*,*,#3510,.T.);
#2071=ORIENTED_EDGE('',*,*,#3511,.T.);
#2072=ORIENTED_EDGE('',*,*,#3512,.T.);
#2073=ORIENTED_EDGE('',*,*,#3513,.F.);
#2074=ORIENTED_EDGE('',*,*,#3514,.F.);
#2075=ORIENTED_EDGE('',*,*,#3510,.F.);
#2076=ORIENTED_EDGE('',*,*,#3513,.T.);
#2077=ORIENTED_EDGE('',*,*,#3515,.F.);
#2078=ORIENTED_EDGE('',*,*,#3516,.T.);
#2079=ORIENTED_EDGE('',*,*,#3517,.T.);
#2080=ORIENTED_EDGE('',*,*,#3518,.T.);
#2081=ORIENTED_EDGE('',*,*,#3519,.F.);
#2082=ORIENTED_EDGE('',*,*,#3520,.F.);
#2083=ORIENTED_EDGE('',*,*,#3516,.F.);
#2084=ORIENTED_EDGE('',*,*,#2938,.T.);
#2085=ORIENTED_EDGE('',*,*,#3519,.T.);
#2086=ORIENTED_EDGE('',*,*,#3521,.F.);
#2087=ORIENTED_EDGE('',*,*,#3522,.T.);
#2088=ORIENTED_EDGE('',*,*,#3523,.T.);
#2089=ORIENTED_EDGE('',*,*,#3524,.T.);
#2090=ORIENTED_EDGE('',*,*,#3525,.F.);
#2091=ORIENTED_EDGE('',*,*,#3526,.F.);
#2092=ORIENTED_EDGE('',*,*,#3522,.F.);
#2093=ORIENTED_EDGE('',*,*,#3525,.T.);
#2094=ORIENTED_EDGE('',*,*,#3527,.F.);
#2095=ORIENTED_EDGE('',*,*,#3528,.T.);
#2096=ORIENTED_EDGE('',*,*,#3529,.T.);
#2097=ORIENTED_EDGE('',*,*,#3530,.T.);
#2098=ORIENTED_EDGE('',*,*,#3508,.F.);
#2099=ORIENTED_EDGE('',*,*,#3531,.F.);
#2100=ORIENTED_EDGE('',*,*,#3528,.F.);
#2101=ORIENTED_EDGE('',*,*,#2940,.T.);
#2102=ORIENTED_EDGE('',*,*,#3532,.T.);
#2103=ORIENTED_EDGE('',*,*,#3533,.F.);
#2104=ORIENTED_EDGE('',*,*,#3534,.T.);
#2105=ORIENTED_EDGE('',*,*,#3535,.T.);
#2106=ORIENTED_EDGE('',*,*,#3536,.T.);
#2107=ORIENTED_EDGE('',*,*,#3537,.F.);
#2108=ORIENTED_EDGE('',*,*,#3538,.F.);
#2109=ORIENTED_EDGE('',*,*,#3534,.F.);
#2110=ORIENTED_EDGE('',*,*,#3537,.T.);
#2111=ORIENTED_EDGE('',*,*,#3539,.F.);
#2112=ORIENTED_EDGE('',*,*,#3540,.T.);
#2113=ORIENTED_EDGE('',*,*,#3541,.T.);
#2114=ORIENTED_EDGE('',*,*,#3542,.T.);
#2115=ORIENTED_EDGE('',*,*,#3543,.F.);
#2116=ORIENTED_EDGE('',*,*,#3544,.F.);
#2117=ORIENTED_EDGE('',*,*,#3540,.F.);
#2118=ORIENTED_EDGE('',*,*,#2942,.T.);
#2119=ORIENTED_EDGE('',*,*,#3543,.T.);
#2120=ORIENTED_EDGE('',*,*,#3545,.F.);
#2121=ORIENTED_EDGE('',*,*,#3546,.T.);
#2122=ORIENTED_EDGE('',*,*,#3547,.T.);
#2123=ORIENTED_EDGE('',*,*,#3548,.T.);
#2124=ORIENTED_EDGE('',*,*,#3549,.F.);
#2125=ORIENTED_EDGE('',*,*,#3550,.F.);
#2126=ORIENTED_EDGE('',*,*,#3546,.F.);
#2127=ORIENTED_EDGE('',*,*,#3549,.T.);
#2128=ORIENTED_EDGE('',*,*,#3551,.F.);
#2129=ORIENTED_EDGE('',*,*,#3552,.T.);
#2130=ORIENTED_EDGE('',*,*,#3553,.T.);
#2131=ORIENTED_EDGE('',*,*,#3554,.T.);
#2132=ORIENTED_EDGE('',*,*,#3532,.F.);
#2133=ORIENTED_EDGE('',*,*,#3555,.F.);
#2134=ORIENTED_EDGE('',*,*,#3552,.F.);
#2135=ORIENTED_EDGE('',*,*,#2944,.T.);
#2136=ORIENTED_EDGE('',*,*,#3556,.T.);
#2137=ORIENTED_EDGE('',*,*,#3557,.F.);
#2138=ORIENTED_EDGE('',*,*,#3558,.T.);
#2139=ORIENTED_EDGE('',*,*,#3559,.T.);
#2140=ORIENTED_EDGE('',*,*,#3560,.T.);
#2141=ORIENTED_EDGE('',*,*,#3561,.F.);
#2142=ORIENTED_EDGE('',*,*,#3562,.F.);
#2143=ORIENTED_EDGE('',*,*,#3558,.F.);
#2144=ORIENTED_EDGE('',*,*,#3561,.T.);
#2145=ORIENTED_EDGE('',*,*,#3563,.F.);
#2146=ORIENTED_EDGE('',*,*,#3564,.T.);
#2147=ORIENTED_EDGE('',*,*,#3565,.T.);
#2148=ORIENTED_EDGE('',*,*,#3566,.T.);
#2149=ORIENTED_EDGE('',*,*,#3567,.F.);
#2150=ORIENTED_EDGE('',*,*,#3568,.F.);
#2151=ORIENTED_EDGE('',*,*,#3564,.F.);
#2152=ORIENTED_EDGE('',*,*,#2946,.T.);
#2153=ORIENTED_EDGE('',*,*,#3567,.T.);
#2154=ORIENTED_EDGE('',*,*,#3569,.F.);
#2155=ORIENTED_EDGE('',*,*,#3570,.T.);
#2156=ORIENTED_EDGE('',*,*,#3571,.T.);
#2157=ORIENTED_EDGE('',*,*,#3572,.T.);
#2158=ORIENTED_EDGE('',*,*,#3573,.F.);
#2159=ORIENTED_EDGE('',*,*,#3574,.F.);
#2160=ORIENTED_EDGE('',*,*,#3570,.F.);
#2161=ORIENTED_EDGE('',*,*,#3573,.T.);
#2162=ORIENTED_EDGE('',*,*,#3575,.F.);
#2163=ORIENTED_EDGE('',*,*,#3576,.T.);
#2164=ORIENTED_EDGE('',*,*,#3577,.T.);
#2165=ORIENTED_EDGE('',*,*,#3578,.T.);
#2166=ORIENTED_EDGE('',*,*,#3556,.F.);
#2167=ORIENTED_EDGE('',*,*,#3579,.F.);
#2168=ORIENTED_EDGE('',*,*,#3576,.F.);
#2169=ORIENTED_EDGE('',*,*,#2948,.T.);
#2170=ORIENTED_EDGE('',*,*,#3580,.T.);
#2171=ORIENTED_EDGE('',*,*,#3581,.F.);
#2172=ORIENTED_EDGE('',*,*,#3582,.T.);
#2173=ORIENTED_EDGE('',*,*,#3583,.T.);
#2174=ORIENTED_EDGE('',*,*,#3584,.T.);
#2175=ORIENTED_EDGE('',*,*,#3585,.F.);
#2176=ORIENTED_EDGE('',*,*,#3586,.F.);
#2177=ORIENTED_EDGE('',*,*,#3582,.F.);
#2178=ORIENTED_EDGE('',*,*,#3585,.T.);
#2179=ORIENTED_EDGE('',*,*,#3587,.F.);
#2180=ORIENTED_EDGE('',*,*,#3588,.T.);
#2181=ORIENTED_EDGE('',*,*,#3589,.T.);
#2182=ORIENTED_EDGE('',*,*,#3590,.T.);
#2183=ORIENTED_EDGE('',*,*,#3591,.F.);
#2184=ORIENTED_EDGE('',*,*,#3592,.F.);
#2185=ORIENTED_EDGE('',*,*,#3588,.F.);
#2186=ORIENTED_EDGE('',*,*,#2950,.T.);
#2187=ORIENTED_EDGE('',*,*,#3591,.T.);
#2188=ORIENTED_EDGE('',*,*,#3593,.F.);
#2189=ORIENTED_EDGE('',*,*,#3594,.T.);
#2190=ORIENTED_EDGE('',*,*,#3595,.T.);
#2191=ORIENTED_EDGE('',*,*,#3596,.T.);
#2192=ORIENTED_EDGE('',*,*,#3597,.F.);
#2193=ORIENTED_EDGE('',*,*,#3598,.F.);
#2194=ORIENTED_EDGE('',*,*,#3594,.F.);
#2195=ORIENTED_EDGE('',*,*,#3597,.T.);
#2196=ORIENTED_EDGE('',*,*,#3599,.F.);
#2197=ORIENTED_EDGE('',*,*,#3600,.T.);
#2198=ORIENTED_EDGE('',*,*,#3601,.T.);
#2199=ORIENTED_EDGE('',*,*,#3602,.T.);
#2200=ORIENTED_EDGE('',*,*,#3580,.F.);
#2201=ORIENTED_EDGE('',*,*,#3603,.F.);
#2202=ORIENTED_EDGE('',*,*,#3600,.F.);
#2203=ORIENTED_EDGE('',*,*,#2952,.T.);
#2204=ORIENTED_EDGE('',*,*,#3604,.T.);
#2205=ORIENTED_EDGE('',*,*,#3605,.F.);
#2206=ORIENTED_EDGE('',*,*,#3606,.T.);
#2207=ORIENTED_EDGE('',*,*,#3607,.T.);
#2208=ORIENTED_EDGE('',*,*,#3608,.T.);
#2209=ORIENTED_EDGE('',*,*,#3609,.F.);
#2210=ORIENTED_EDGE('',*,*,#3610,.F.);
#2211=ORIENTED_EDGE('',*,*,#3606,.F.);
#2212=ORIENTED_EDGE('',*,*,#3609,.T.);
#2213=ORIENTED_EDGE('',*,*,#3611,.F.);
#2214=ORIENTED_EDGE('',*,*,#3612,.T.);
#2215=ORIENTED_EDGE('',*,*,#3613,.T.);
#2216=ORIENTED_EDGE('',*,*,#3614,.T.);
#2217=ORIENTED_EDGE('',*,*,#3615,.F.);
#2218=ORIENTED_EDGE('',*,*,#3616,.F.);
#2219=ORIENTED_EDGE('',*,*,#3612,.F.);
#2220=ORIENTED_EDGE('',*,*,#2954,.T.);
#2221=ORIENTED_EDGE('',*,*,#3615,.T.);
#2222=ORIENTED_EDGE('',*,*,#3617,.F.);
#2223=ORIENTED_EDGE('',*,*,#3618,.T.);
#2224=ORIENTED_EDGE('',*,*,#3619,.T.);
#2225=ORIENTED_EDGE('',*,*,#3620,.T.);
#2226=ORIENTED_EDGE('',*,*,#3621,.F.);
#2227=ORIENTED_EDGE('',*,*,#3622,.F.);
#2228=ORIENTED_EDGE('',*,*,#3618,.F.);
#2229=ORIENTED_EDGE('',*,*,#3621,.T.);
#2230=ORIENTED_EDGE('',*,*,#3623,.F.);
#2231=ORIENTED_EDGE('',*,*,#3624,.T.);
#2232=ORIENTED_EDGE('',*,*,#3625,.T.);
#2233=ORIENTED_EDGE('',*,*,#3626,.T.);
#2234=ORIENTED_EDGE('',*,*,#3604,.F.);
#2235=ORIENTED_EDGE('',*,*,#3627,.F.);
#2236=ORIENTED_EDGE('',*,*,#3624,.F.);
#2237=ORIENTED_EDGE('',*,*,#2956,.T.);
#2238=ORIENTED_EDGE('',*,*,#3628,.T.);
#2239=ORIENTED_EDGE('',*,*,#3629,.F.);
#2240=ORIENTED_EDGE('',*,*,#3630,.T.);
#2241=ORIENTED_EDGE('',*,*,#3631,.T.);
#2242=ORIENTED_EDGE('',*,*,#3632,.T.);
#2243=ORIENTED_EDGE('',*,*,#3633,.F.);
#2244=ORIENTED_EDGE('',*,*,#3634,.F.);
#2245=ORIENTED_EDGE('',*,*,#3630,.F.);
#2246=ORIENTED_EDGE('',*,*,#3633,.T.);
#2247=ORIENTED_EDGE('',*,*,#3635,.F.);
#2248=ORIENTED_EDGE('',*,*,#3636,.T.);
#2249=ORIENTED_EDGE('',*,*,#3637,.T.);
#2250=ORIENTED_EDGE('',*,*,#3638,.T.);
#2251=ORIENTED_EDGE('',*,*,#3639,.F.);
#2252=ORIENTED_EDGE('',*,*,#3640,.F.);
#2253=ORIENTED_EDGE('',*,*,#3636,.F.);
#2254=ORIENTED_EDGE('',*,*,#2957,.T.);
#2255=ORIENTED_EDGE('',*,*,#3639,.T.);
#2256=ORIENTED_EDGE('',*,*,#3641,.F.);
#2257=ORIENTED_EDGE('',*,*,#3642,.T.);
#2258=ORIENTED_EDGE('',*,*,#3643,.T.);
#2259=ORIENTED_EDGE('',*,*,#3644,.T.);
#2260=ORIENTED_EDGE('',*,*,#3645,.F.);
#2261=ORIENTED_EDGE('',*,*,#3646,.F.);
#2262=ORIENTED_EDGE('',*,*,#3642,.F.);
#2263=ORIENTED_EDGE('',*,*,#3645,.T.);
#2264=ORIENTED_EDGE('',*,*,#3647,.F.);
#2265=ORIENTED_EDGE('',*,*,#3648,.T.);
#2266=ORIENTED_EDGE('',*,*,#3649,.T.);
#2267=ORIENTED_EDGE('',*,*,#3650,.T.);
#2268=ORIENTED_EDGE('',*,*,#3628,.F.);
#2269=ORIENTED_EDGE('',*,*,#3651,.F.);
#2270=ORIENTED_EDGE('',*,*,#3648,.F.);
#2271=ORIENTED_EDGE('',*,*,#2959,.T.);
#2272=ORIENTED_EDGE('',*,*,#3652,.T.);
#2273=ORIENTED_EDGE('',*,*,#3653,.F.);
#2274=ORIENTED_EDGE('',*,*,#3654,.T.);
#2275=ORIENTED_EDGE('',*,*,#3655,.T.);
#2276=ORIENTED_EDGE('',*,*,#3656,.T.);
#2277=ORIENTED_EDGE('',*,*,#3657,.F.);
#2278=ORIENTED_EDGE('',*,*,#3658,.F.);
#2279=ORIENTED_EDGE('',*,*,#3654,.F.);
#2280=ORIENTED_EDGE('',*,*,#3657,.T.);
#2281=ORIENTED_EDGE('',*,*,#3659,.F.);
#2282=ORIENTED_EDGE('',*,*,#3660,.T.);
#2283=ORIENTED_EDGE('',*,*,#3661,.T.);
#2284=ORIENTED_EDGE('',*,*,#3662,.T.);
#2285=ORIENTED_EDGE('',*,*,#3663,.F.);
#2286=ORIENTED_EDGE('',*,*,#3664,.F.);
#2287=ORIENTED_EDGE('',*,*,#3660,.F.);
#2288=ORIENTED_EDGE('',*,*,#2961,.T.);
#2289=ORIENTED_EDGE('',*,*,#3663,.T.);
#2290=ORIENTED_EDGE('',*,*,#3665,.F.);
#2291=ORIENTED_EDGE('',*,*,#3666,.T.);
#2292=ORIENTED_EDGE('',*,*,#3667,.T.);
#2293=ORIENTED_EDGE('',*,*,#3668,.T.);
#2294=ORIENTED_EDGE('',*,*,#3669,.F.);
#2295=ORIENTED_EDGE('',*,*,#3670,.F.);
#2296=ORIENTED_EDGE('',*,*,#3666,.F.);
#2297=ORIENTED_EDGE('',*,*,#3669,.T.);
#2298=ORIENTED_EDGE('',*,*,#3671,.F.);
#2299=ORIENTED_EDGE('',*,*,#3672,.T.);
#2300=ORIENTED_EDGE('',*,*,#3673,.T.);
#2301=ORIENTED_EDGE('',*,*,#3674,.T.);
#2302=ORIENTED_EDGE('',*,*,#3652,.F.);
#2303=ORIENTED_EDGE('',*,*,#3675,.F.);
#2304=ORIENTED_EDGE('',*,*,#3672,.F.);
#2305=ORIENTED_EDGE('',*,*,#2962,.T.);
#2306=ORIENTED_EDGE('',*,*,#3676,.T.);
#2307=ORIENTED_EDGE('',*,*,#3677,.F.);
#2308=ORIENTED_EDGE('',*,*,#3678,.T.);
#2309=ORIENTED_EDGE('',*,*,#3679,.T.);
#2310=ORIENTED_EDGE('',*,*,#3680,.T.);
#2311=ORIENTED_EDGE('',*,*,#3681,.F.);
#2312=ORIENTED_EDGE('',*,*,#3682,.F.);
#2313=ORIENTED_EDGE('',*,*,#3678,.F.);
#2314=ORIENTED_EDGE('',*,*,#3681,.T.);
#2315=ORIENTED_EDGE('',*,*,#3683,.F.);
#2316=ORIENTED_EDGE('',*,*,#3684,.T.);
#2317=ORIENTED_EDGE('',*,*,#3685,.T.);
#2318=ORIENTED_EDGE('',*,*,#3686,.T.);
#2319=ORIENTED_EDGE('',*,*,#3687,.F.);
#2320=ORIENTED_EDGE('',*,*,#3688,.F.);
#2321=ORIENTED_EDGE('',*,*,#3684,.F.);
#2322=ORIENTED_EDGE('',*,*,#2963,.T.);
#2323=ORIENTED_EDGE('',*,*,#3687,.T.);
#2324=ORIENTED_EDGE('',*,*,#3689,.F.);
#2325=ORIENTED_EDGE('',*,*,#3690,.T.);
#2326=ORIENTED_EDGE('',*,*,#3691,.T.);
#2327=ORIENTED_EDGE('',*,*,#3692,.T.);
#2328=ORIENTED_EDGE('',*,*,#3693,.F.);
#2329=ORIENTED_EDGE('',*,*,#3694,.F.);
#2330=ORIENTED_EDGE('',*,*,#3690,.F.);
#2331=ORIENTED_EDGE('',*,*,#3693,.T.);
#2332=ORIENTED_EDGE('',*,*,#3695,.F.);
#2333=ORIENTED_EDGE('',*,*,#3696,.T.);
#2334=ORIENTED_EDGE('',*,*,#3697,.T.);
#2335=ORIENTED_EDGE('',*,*,#3698,.T.);
#2336=ORIENTED_EDGE('',*,*,#3676,.F.);
#2337=ORIENTED_EDGE('',*,*,#3699,.F.);
#2338=ORIENTED_EDGE('',*,*,#3696,.F.);
#2339=ORIENTED_EDGE('',*,*,#2965,.T.);
#2340=ORIENTED_EDGE('',*,*,#3700,.F.);
#2341=ORIENTED_EDGE('',*,*,#3701,.F.);
#2342=ORIENTED_EDGE('',*,*,#2979,.T.);
#2343=ORIENTED_EDGE('',*,*,#3702,.T.);
#2344=ORIENTED_EDGE('',*,*,#3697,.F.);
#2345=ORIENTED_EDGE('',*,*,#3699,.T.);
#2346=ORIENTED_EDGE('',*,*,#3679,.F.);
#2347=ORIENTED_EDGE('',*,*,#3682,.T.);
#2348=ORIENTED_EDGE('',*,*,#3685,.F.);
#2349=ORIENTED_EDGE('',*,*,#3688,.T.);
#2350=ORIENTED_EDGE('',*,*,#3691,.F.);
#2351=ORIENTED_EDGE('',*,*,#3694,.T.);
#2352=ORIENTED_EDGE('',*,*,#3673,.F.);
#2353=ORIENTED_EDGE('',*,*,#3675,.T.);
#2354=ORIENTED_EDGE('',*,*,#3655,.F.);
#2355=ORIENTED_EDGE('',*,*,#3658,.T.);
#2356=ORIENTED_EDGE('',*,*,#3661,.F.);
#2357=ORIENTED_EDGE('',*,*,#3664,.T.);
#2358=ORIENTED_EDGE('',*,*,#3667,.F.);
#2359=ORIENTED_EDGE('',*,*,#3670,.T.);
#2360=ORIENTED_EDGE('',*,*,#3649,.F.);
#2361=ORIENTED_EDGE('',*,*,#3651,.T.);
#2362=ORIENTED_EDGE('',*,*,#3631,.F.);
#2363=ORIENTED_EDGE('',*,*,#3634,.T.);
#2364=ORIENTED_EDGE('',*,*,#3637,.F.);
#2365=ORIENTED_EDGE('',*,*,#3640,.T.);
#2366=ORIENTED_EDGE('',*,*,#3643,.F.);
#2367=ORIENTED_EDGE('',*,*,#3646,.T.);
#2368=ORIENTED_EDGE('',*,*,#3625,.F.);
#2369=ORIENTED_EDGE('',*,*,#3627,.T.);
#2370=ORIENTED_EDGE('',*,*,#3607,.F.);
#2371=ORIENTED_EDGE('',*,*,#3610,.T.);
#2372=ORIENTED_EDGE('',*,*,#3613,.F.);
#2373=ORIENTED_EDGE('',*,*,#3616,.T.);
#2374=ORIENTED_EDGE('',*,*,#3619,.F.);
#2375=ORIENTED_EDGE('',*,*,#3622,.T.);
#2376=ORIENTED_EDGE('',*,*,#3601,.F.);
#2377=ORIENTED_EDGE('',*,*,#3603,.T.);
#2378=ORIENTED_EDGE('',*,*,#3583,.F.);
#2379=ORIENTED_EDGE('',*,*,#3586,.T.);
#2380=ORIENTED_EDGE('',*,*,#3589,.F.);
#2381=ORIENTED_EDGE('',*,*,#3592,.T.);
#2382=ORIENTED_EDGE('',*,*,#3595,.F.);
#2383=ORIENTED_EDGE('',*,*,#3598,.T.);
#2384=ORIENTED_EDGE('',*,*,#3577,.F.);
#2385=ORIENTED_EDGE('',*,*,#3579,.T.);
#2386=ORIENTED_EDGE('',*,*,#3559,.F.);
#2387=ORIENTED_EDGE('',*,*,#3562,.T.);
#2388=ORIENTED_EDGE('',*,*,#3565,.F.);
#2389=ORIENTED_EDGE('',*,*,#3568,.T.);
#2390=ORIENTED_EDGE('',*,*,#3571,.F.);
#2391=ORIENTED_EDGE('',*,*,#3574,.T.);
#2392=ORIENTED_EDGE('',*,*,#3553,.F.);
#2393=ORIENTED_EDGE('',*,*,#3555,.T.);
#2394=ORIENTED_EDGE('',*,*,#3535,.F.);
#2395=ORIENTED_EDGE('',*,*,#3538,.T.);
#2396=ORIENTED_EDGE('',*,*,#3541,.F.);
#2397=ORIENTED_EDGE('',*,*,#3544,.T.);
#2398=ORIENTED_EDGE('',*,*,#3547,.F.);
#2399=ORIENTED_EDGE('',*,*,#3550,.T.);
#2400=ORIENTED_EDGE('',*,*,#3529,.F.);
#2401=ORIENTED_EDGE('',*,*,#3531,.T.);
#2402=ORIENTED_EDGE('',*,*,#3511,.F.);
#2403=ORIENTED_EDGE('',*,*,#3514,.T.);
#2404=ORIENTED_EDGE('',*,*,#3517,.F.);
#2405=ORIENTED_EDGE('',*,*,#3520,.T.);
#2406=ORIENTED_EDGE('',*,*,#3523,.F.);
#2407=ORIENTED_EDGE('',*,*,#3526,.T.);
#2408=ORIENTED_EDGE('',*,*,#3505,.F.);
#2409=ORIENTED_EDGE('',*,*,#3507,.T.);
#2410=ORIENTED_EDGE('',*,*,#3487,.F.);
#2411=ORIENTED_EDGE('',*,*,#3490,.T.);
#2412=ORIENTED_EDGE('',*,*,#3493,.F.);
#2413=ORIENTED_EDGE('',*,*,#3496,.T.);
#2414=ORIENTED_EDGE('',*,*,#3499,.F.);
#2415=ORIENTED_EDGE('',*,*,#3502,.T.);
#2416=ORIENTED_EDGE('',*,*,#3481,.F.);
#2417=ORIENTED_EDGE('',*,*,#3483,.T.);
#2418=ORIENTED_EDGE('',*,*,#3463,.F.);
#2419=ORIENTED_EDGE('',*,*,#3466,.T.);
#2420=ORIENTED_EDGE('',*,*,#3469,.F.);
#2421=ORIENTED_EDGE('',*,*,#3472,.T.);
#2422=ORIENTED_EDGE('',*,*,#3475,.F.);
#2423=ORIENTED_EDGE('',*,*,#3478,.T.);
#2424=ORIENTED_EDGE('',*,*,#3457,.F.);
#2425=ORIENTED_EDGE('',*,*,#3459,.T.);
#2426=ORIENTED_EDGE('',*,*,#3439,.F.);
#2427=ORIENTED_EDGE('',*,*,#3442,.T.);
#2428=ORIENTED_EDGE('',*,*,#3445,.F.);
#2429=ORIENTED_EDGE('',*,*,#3448,.T.);
#2430=ORIENTED_EDGE('',*,*,#3451,.F.);
#2431=ORIENTED_EDGE('',*,*,#3454,.T.);
#2432=ORIENTED_EDGE('',*,*,#3433,.F.);
#2433=ORIENTED_EDGE('',*,*,#3435,.T.);
#2434=ORIENTED_EDGE('',*,*,#3415,.F.);
#2435=ORIENTED_EDGE('',*,*,#3418,.T.);
#2436=ORIENTED_EDGE('',*,*,#3421,.F.);
#2437=ORIENTED_EDGE('',*,*,#3424,.T.);
#2438=ORIENTED_EDGE('',*,*,#3427,.F.);
#2439=ORIENTED_EDGE('',*,*,#3430,.T.);
#2440=ORIENTED_EDGE('',*,*,#3409,.F.);
#2441=ORIENTED_EDGE('',*,*,#3411,.T.);
#2442=ORIENTED_EDGE('',*,*,#3391,.F.);
#2443=ORIENTED_EDGE('',*,*,#3394,.T.);
#2444=ORIENTED_EDGE('',*,*,#3397,.F.);
#2445=ORIENTED_EDGE('',*,*,#3400,.T.);
#2446=ORIENTED_EDGE('',*,*,#3403,.F.);
#2447=ORIENTED_EDGE('',*,*,#3406,.T.);
#2448=ORIENTED_EDGE('',*,*,#3385,.F.);
#2449=ORIENTED_EDGE('',*,*,#3387,.T.);
#2450=ORIENTED_EDGE('',*,*,#3367,.F.);
#2451=ORIENTED_EDGE('',*,*,#3370,.T.);
#2452=ORIENTED_EDGE('',*,*,#3373,.F.);
#2453=ORIENTED_EDGE('',*,*,#3376,.T.);
#2454=ORIENTED_EDGE('',*,*,#3379,.F.);
#2455=ORIENTED_EDGE('',*,*,#3382,.T.);
#2456=ORIENTED_EDGE('',*,*,#3361,.F.);
#2457=ORIENTED_EDGE('',*,*,#3363,.T.);
#2458=ORIENTED_EDGE('',*,*,#3343,.F.);
#2459=ORIENTED_EDGE('',*,*,#3346,.T.);
#2460=ORIENTED_EDGE('',*,*,#3349,.F.);
#2461=ORIENTED_EDGE('',*,*,#3352,.T.);
#2462=ORIENTED_EDGE('',*,*,#3355,.F.);
#2463=ORIENTED_EDGE('',*,*,#3358,.T.);
#2464=ORIENTED_EDGE('',*,*,#3337,.F.);
#2465=ORIENTED_EDGE('',*,*,#3339,.T.);
#2466=ORIENTED_EDGE('',*,*,#3319,.F.);
#2467=ORIENTED_EDGE('',*,*,#3322,.T.);
#2468=ORIENTED_EDGE('',*,*,#3325,.F.);
#2469=ORIENTED_EDGE('',*,*,#3328,.T.);
#2470=ORIENTED_EDGE('',*,*,#3331,.F.);
#2471=ORIENTED_EDGE('',*,*,#3334,.T.);
#2472=ORIENTED_EDGE('',*,*,#3313,.F.);
#2473=ORIENTED_EDGE('',*,*,#3315,.T.);
#2474=ORIENTED_EDGE('',*,*,#3295,.F.);
#2475=ORIENTED_EDGE('',*,*,#3298,.T.);
#2476=ORIENTED_EDGE('',*,*,#3301,.F.);
#2477=ORIENTED_EDGE('',*,*,#3304,.T.);
#2478=ORIENTED_EDGE('',*,*,#3307,.F.);
#2479=ORIENTED_EDGE('',*,*,#3310,.T.);
#2480=ORIENTED_EDGE('',*,*,#3289,.F.);
#2481=ORIENTED_EDGE('',*,*,#3291,.T.);
#2482=ORIENTED_EDGE('',*,*,#3271,.F.);
#2483=ORIENTED_EDGE('',*,*,#3274,.T.);
#2484=ORIENTED_EDGE('',*,*,#3277,.F.);
#2485=ORIENTED_EDGE('',*,*,#3280,.T.);
#2486=ORIENTED_EDGE('',*,*,#3283,.F.);
#2487=ORIENTED_EDGE('',*,*,#3286,.T.);
#2488=ORIENTED_EDGE('',*,*,#3265,.F.);
#2489=ORIENTED_EDGE('',*,*,#3267,.T.);
#2490=ORIENTED_EDGE('',*,*,#3247,.F.);
#2491=ORIENTED_EDGE('',*,*,#3250,.T.);
#2492=ORIENTED_EDGE('',*,*,#3253,.F.);
#2493=ORIENTED_EDGE('',*,*,#3256,.T.);
#2494=ORIENTED_EDGE('',*,*,#3259,.F.);
#2495=ORIENTED_EDGE('',*,*,#3262,.T.);
#2496=ORIENTED_EDGE('',*,*,#3241,.F.);
#2497=ORIENTED_EDGE('',*,*,#3243,.T.);
#2498=ORIENTED_EDGE('',*,*,#3223,.F.);
#2499=ORIENTED_EDGE('',*,*,#3226,.T.);
#2500=ORIENTED_EDGE('',*,*,#3229,.F.);
#2501=ORIENTED_EDGE('',*,*,#3232,.T.);
#2502=ORIENTED_EDGE('',*,*,#3235,.F.);
#2503=ORIENTED_EDGE('',*,*,#3238,.T.);
#2504=ORIENTED_EDGE('',*,*,#3217,.F.);
#2505=ORIENTED_EDGE('',*,*,#3219,.T.);
#2506=ORIENTED_EDGE('',*,*,#3199,.F.);
#2507=ORIENTED_EDGE('',*,*,#3202,.T.);
#2508=ORIENTED_EDGE('',*,*,#3205,.F.);
#2509=ORIENTED_EDGE('',*,*,#3208,.T.);
#2510=ORIENTED_EDGE('',*,*,#3211,.F.);
#2511=ORIENTED_EDGE('',*,*,#3214,.T.);
#2512=ORIENTED_EDGE('',*,*,#3193,.F.);
#2513=ORIENTED_EDGE('',*,*,#3195,.T.);
#2514=ORIENTED_EDGE('',*,*,#3175,.F.);
#2515=ORIENTED_EDGE('',*,*,#3178,.T.);
#2516=ORIENTED_EDGE('',*,*,#3181,.F.);
#2517=ORIENTED_EDGE('',*,*,#3184,.T.);
#2518=ORIENTED_EDGE('',*,*,#3187,.F.);
#2519=ORIENTED_EDGE('',*,*,#3190,.T.);
#2520=ORIENTED_EDGE('',*,*,#3169,.F.);
#2521=ORIENTED_EDGE('',*,*,#3171,.T.);
#2522=ORIENTED_EDGE('',*,*,#3151,.F.);
#2523=ORIENTED_EDGE('',*,*,#3154,.T.);
#2524=ORIENTED_EDGE('',*,*,#3157,.F.);
#2525=ORIENTED_EDGE('',*,*,#3160,.T.);
#2526=ORIENTED_EDGE('',*,*,#3163,.F.);
#2527=ORIENTED_EDGE('',*,*,#3166,.T.);
#2528=ORIENTED_EDGE('',*,*,#3145,.F.);
#2529=ORIENTED_EDGE('',*,*,#3147,.T.);
#2530=ORIENTED_EDGE('',*,*,#3127,.F.);
#2531=ORIENTED_EDGE('',*,*,#3130,.T.);
#2532=ORIENTED_EDGE('',*,*,#3133,.F.);
#2533=ORIENTED_EDGE('',*,*,#3136,.T.);
#2534=ORIENTED_EDGE('',*,*,#3139,.F.);
#2535=ORIENTED_EDGE('',*,*,#3142,.T.);
#2536=ORIENTED_EDGE('',*,*,#3121,.F.);
#2537=ORIENTED_EDGE('',*,*,#3123,.T.);
#2538=ORIENTED_EDGE('',*,*,#3103,.F.);
#2539=ORIENTED_EDGE('',*,*,#3106,.T.);
#2540=ORIENTED_EDGE('',*,*,#3109,.F.);
#2541=ORIENTED_EDGE('',*,*,#3112,.T.);
#2542=ORIENTED_EDGE('',*,*,#3115,.F.);
#2543=ORIENTED_EDGE('',*,*,#3118,.T.);
#2544=ORIENTED_EDGE('',*,*,#3097,.F.);
#2545=ORIENTED_EDGE('',*,*,#3099,.T.);
#2546=ORIENTED_EDGE('',*,*,#3079,.F.);
#2547=ORIENTED_EDGE('',*,*,#3082,.T.);
#2548=ORIENTED_EDGE('',*,*,#3085,.F.);
#2549=ORIENTED_EDGE('',*,*,#3088,.T.);
#2550=ORIENTED_EDGE('',*,*,#3091,.F.);
#2551=ORIENTED_EDGE('',*,*,#3094,.T.);
#2552=ORIENTED_EDGE('',*,*,#3073,.F.);
#2553=ORIENTED_EDGE('',*,*,#3075,.T.);
#2554=ORIENTED_EDGE('',*,*,#3055,.F.);
#2555=ORIENTED_EDGE('',*,*,#3058,.T.);
#2556=ORIENTED_EDGE('',*,*,#3061,.F.);
#2557=ORIENTED_EDGE('',*,*,#3064,.T.);
#2558=ORIENTED_EDGE('',*,*,#3067,.F.);
#2559=ORIENTED_EDGE('',*,*,#3070,.T.);
#2560=ORIENTED_EDGE('',*,*,#3049,.F.);
#2561=ORIENTED_EDGE('',*,*,#3051,.T.);
#2562=ORIENTED_EDGE('',*,*,#3031,.F.);
#2563=ORIENTED_EDGE('',*,*,#3034,.T.);
#2564=ORIENTED_EDGE('',*,*,#3037,.F.);
#2565=ORIENTED_EDGE('',*,*,#3040,.T.);
#2566=ORIENTED_EDGE('',*,*,#3043,.F.);
#2567=ORIENTED_EDGE('',*,*,#3046,.T.);
#2568=ORIENTED_EDGE('',*,*,#3025,.F.);
#2569=ORIENTED_EDGE('',*,*,#3027,.T.);
#2570=ORIENTED_EDGE('',*,*,#3007,.F.);
#2571=ORIENTED_EDGE('',*,*,#3010,.T.);
#2572=ORIENTED_EDGE('',*,*,#3013,.F.);
#2573=ORIENTED_EDGE('',*,*,#3016,.T.);
#2574=ORIENTED_EDGE('',*,*,#3019,.F.);
#2575=ORIENTED_EDGE('',*,*,#3022,.T.);
#2576=ORIENTED_EDGE('',*,*,#3001,.F.);
#2577=ORIENTED_EDGE('',*,*,#3003,.T.);
#2578=ORIENTED_EDGE('',*,*,#2983,.F.);
#2579=ORIENTED_EDGE('',*,*,#2986,.T.);
#2580=ORIENTED_EDGE('',*,*,#2989,.F.);
#2581=ORIENTED_EDGE('',*,*,#2992,.T.);
#2582=ORIENTED_EDGE('',*,*,#2995,.F.);
#2583=ORIENTED_EDGE('',*,*,#2998,.T.);
#2584=ORIENTED_EDGE('',*,*,#2975,.T.);
#2585=ORIENTED_EDGE('',*,*,#2974,.T.);
#2586=ORIENTED_EDGE('',*,*,#2973,.T.);
#2587=ORIENTED_EDGE('',*,*,#2972,.T.);
#2588=ORIENTED_EDGE('',*,*,#2971,.T.);
#2589=ORIENTED_EDGE('',*,*,#2978,.T.);
#2590=ORIENTED_EDGE('',*,*,#3703,.T.);
#2591=ORIENTED_EDGE('',*,*,#3704,.T.);
#2592=ORIENTED_EDGE('',*,*,#3702,.F.);
#2593=ORIENTED_EDGE('',*,*,#3705,.F.);
#2594=ORIENTED_EDGE('',*,*,#2976,.F.);
#2595=ORIENTED_EDGE('',*,*,#3701,.T.);
#2596=ORIENTED_EDGE('',*,*,#3706,.F.);
#2597=ORIENTED_EDGE('',*,*,#2970,.F.);
#2598=ORIENTED_EDGE('',*,*,#2969,.F.);
#2599=ORIENTED_EDGE('',*,*,#2968,.F.);
#2600=ORIENTED_EDGE('',*,*,#2967,.F.);
#2601=ORIENTED_EDGE('',*,*,#2966,.F.);
#2602=ORIENTED_EDGE('',*,*,#3707,.F.);
#2603=ORIENTED_EDGE('',*,*,#3708,.F.);
#2604=ORIENTED_EDGE('',*,*,#3709,.F.);
#2605=ORIENTED_EDGE('',*,*,#3710,.F.);
#2606=ORIENTED_EDGE('',*,*,#3711,.F.);
#2607=ORIENTED_EDGE('',*,*,#3704,.F.);
#2608=ORIENTED_EDGE('',*,*,#3712,.T.);
#2609=ORIENTED_EDGE('',*,*,#3706,.T.);
#2610=ORIENTED_EDGE('',*,*,#3700,.T.);
#2611=ORIENTED_EDGE('',*,*,#3713,.F.);
#2612=ORIENTED_EDGE('',*,*,#3711,.T.);
#2613=ORIENTED_EDGE('',*,*,#3713,.T.);
#2614=ORIENTED_EDGE('',*,*,#3714,.F.);
#2615=ORIENTED_EDGE('',*,*,#3710,.T.);
#2616=ORIENTED_EDGE('',*,*,#3714,.T.);
#2617=ORIENTED_EDGE('',*,*,#3715,.F.);
#2618=ORIENTED_EDGE('',*,*,#3709,.T.);
#2619=ORIENTED_EDGE('',*,*,#3715,.T.);
#2620=ORIENTED_EDGE('',*,*,#3716,.F.);
#2621=ORIENTED_EDGE('',*,*,#3708,.T.);
#2622=ORIENTED_EDGE('',*,*,#3716,.T.);
#2623=ORIENTED_EDGE('',*,*,#3717,.F.);
#2624=ORIENTED_EDGE('',*,*,#3707,.T.);
#2625=ORIENTED_EDGE('',*,*,#3717,.T.);
#2626=ORIENTED_EDGE('',*,*,#3002,.F.);
#2627=ORIENTED_EDGE('',*,*,#2999,.T.);
#2628=ORIENTED_EDGE('',*,*,#2996,.F.);
#2629=ORIENTED_EDGE('',*,*,#2993,.T.);
#2630=ORIENTED_EDGE('',*,*,#2990,.F.);
#2631=ORIENTED_EDGE('',*,*,#2987,.T.);
#2632=ORIENTED_EDGE('',*,*,#2984,.F.);
#2633=ORIENTED_EDGE('',*,*,#2981,.T.);
#2634=ORIENTED_EDGE('',*,*,#3026,.F.);
#2635=ORIENTED_EDGE('',*,*,#3023,.T.);
#2636=ORIENTED_EDGE('',*,*,#3020,.F.);
#2637=ORIENTED_EDGE('',*,*,#3017,.T.);
#2638=ORIENTED_EDGE('',*,*,#3014,.F.);
#2639=ORIENTED_EDGE('',*,*,#3011,.T.);
#2640=ORIENTED_EDGE('',*,*,#3008,.F.);
#2641=ORIENTED_EDGE('',*,*,#3005,.T.);
#2642=ORIENTED_EDGE('',*,*,#3050,.F.);
#2643=ORIENTED_EDGE('',*,*,#3047,.T.);
#2644=ORIENTED_EDGE('',*,*,#3044,.F.);
#2645=ORIENTED_EDGE('',*,*,#3041,.T.);
#2646=ORIENTED_EDGE('',*,*,#3038,.F.);
#2647=ORIENTED_EDGE('',*,*,#3035,.T.);
#2648=ORIENTED_EDGE('',*,*,#3032,.F.);
#2649=ORIENTED_EDGE('',*,*,#3029,.T.);
#2650=ORIENTED_EDGE('',*,*,#3074,.F.);
#2651=ORIENTED_EDGE('',*,*,#3071,.T.);
#2652=ORIENTED_EDGE('',*,*,#3068,.F.);
#2653=ORIENTED_EDGE('',*,*,#3065,.T.);
#2654=ORIENTED_EDGE('',*,*,#3062,.F.);
#2655=ORIENTED_EDGE('',*,*,#3059,.T.);
#2656=ORIENTED_EDGE('',*,*,#3056,.F.);
#2657=ORIENTED_EDGE('',*,*,#3053,.T.);
#2658=ORIENTED_EDGE('',*,*,#3098,.F.);
#2659=ORIENTED_EDGE('',*,*,#3095,.T.);
#2660=ORIENTED_EDGE('',*,*,#3092,.F.);
#2661=ORIENTED_EDGE('',*,*,#3089,.T.);
#2662=ORIENTED_EDGE('',*,*,#3086,.F.);
#2663=ORIENTED_EDGE('',*,*,#3083,.T.);
#2664=ORIENTED_EDGE('',*,*,#3080,.F.);
#2665=ORIENTED_EDGE('',*,*,#3077,.T.);
#2666=ORIENTED_EDGE('',*,*,#3122,.F.);
#2667=ORIENTED_EDGE('',*,*,#3119,.T.);
#2668=ORIENTED_EDGE('',*,*,#3116,.F.);
#2669=ORIENTED_EDGE('',*,*,#3113,.T.);
#2670=ORIENTED_EDGE('',*,*,#3110,.F.);
#2671=ORIENTED_EDGE('',*,*,#3107,.T.);
#2672=ORIENTED_EDGE('',*,*,#3104,.F.);
#2673=ORIENTED_EDGE('',*,*,#3101,.T.);
#2674=ORIENTED_EDGE('',*,*,#3146,.F.);
#2675=ORIENTED_EDGE('',*,*,#3143,.T.);
#2676=ORIENTED_EDGE('',*,*,#3140,.F.);
#2677=ORIENTED_EDGE('',*,*,#3137,.T.);
#2678=ORIENTED_EDGE('',*,*,#3134,.F.);
#2679=ORIENTED_EDGE('',*,*,#3131,.T.);
#2680=ORIENTED_EDGE('',*,*,#3128,.F.);
#2681=ORIENTED_EDGE('',*,*,#3125,.T.);
#2682=ORIENTED_EDGE('',*,*,#3170,.F.);
#2683=ORIENTED_EDGE('',*,*,#3167,.T.);
#2684=ORIENTED_EDGE('',*,*,#3164,.F.);
#2685=ORIENTED_EDGE('',*,*,#3161,.T.);
#2686=ORIENTED_EDGE('',*,*,#3158,.F.);
#2687=ORIENTED_EDGE('',*,*,#3155,.T.);
#2688=ORIENTED_EDGE('',*,*,#3152,.F.);
#2689=ORIENTED_EDGE('',*,*,#3149,.T.);
#2690=ORIENTED_EDGE('',*,*,#3194,.F.);
#2691=ORIENTED_EDGE('',*,*,#3191,.T.);
#2692=ORIENTED_EDGE('',*,*,#3188,.F.);
#2693=ORIENTED_EDGE('',*,*,#3185,.T.);
#2694=ORIENTED_EDGE('',*,*,#3182,.F.);
#2695=ORIENTED_EDGE('',*,*,#3179,.T.);
#2696=ORIENTED_EDGE('',*,*,#3176,.F.);
#2697=ORIENTED_EDGE('',*,*,#3173,.T.);
#2698=ORIENTED_EDGE('',*,*,#3218,.F.);
#2699=ORIENTED_EDGE('',*,*,#3215,.T.);
#2700=ORIENTED_EDGE('',*,*,#3212,.F.);
#2701=ORIENTED_EDGE('',*,*,#3209,.T.);
#2702=ORIENTED_EDGE('',*,*,#3206,.F.);
#2703=ORIENTED_EDGE('',*,*,#3203,.T.);
#2704=ORIENTED_EDGE('',*,*,#3200,.F.);
#2705=ORIENTED_EDGE('',*,*,#3197,.T.);
#2706=ORIENTED_EDGE('',*,*,#3242,.F.);
#2707=ORIENTED_EDGE('',*,*,#3239,.T.);
#2708=ORIENTED_EDGE('',*,*,#3236,.F.);
#2709=ORIENTED_EDGE('',*,*,#3233,.T.);
#2710=ORIENTED_EDGE('',*,*,#3230,.F.);
#2711=ORIENTED_EDGE('',*,*,#3227,.T.);
#2712=ORIENTED_EDGE('',*,*,#3224,.F.);
#2713=ORIENTED_EDGE('',*,*,#3221,.T.);
#2714=ORIENTED_EDGE('',*,*,#3266,.F.);
#2715=ORIENTED_EDGE('',*,*,#3263,.T.);
#2716=ORIENTED_EDGE('',*,*,#3260,.F.);
#2717=ORIENTED_EDGE('',*,*,#3257,.T.);
#2718=ORIENTED_EDGE('',*,*,#3254,.F.);
#2719=ORIENTED_EDGE('',*,*,#3251,.T.);
#2720=ORIENTED_EDGE('',*,*,#3248,.F.);
#2721=ORIENTED_EDGE('',*,*,#3245,.T.);
#2722=ORIENTED_EDGE('',*,*,#3290,.F.);
#2723=ORIENTED_EDGE('',*,*,#3287,.T.);
#2724=ORIENTED_EDGE('',*,*,#3284,.F.);
#2725=ORIENTED_EDGE('',*,*,#3281,.T.);
#2726=ORIENTED_EDGE('',*,*,#3278,.F.);
#2727=ORIENTED_EDGE('',*,*,#3275,.T.);
#2728=ORIENTED_EDGE('',*,*,#3272,.F.);
#2729=ORIENTED_EDGE('',*,*,#3269,.T.);
#2730=ORIENTED_EDGE('',*,*,#3314,.F.);
#2731=ORIENTED_EDGE('',*,*,#3311,.T.);
#2732=ORIENTED_EDGE('',*,*,#3308,.F.);
#2733=ORIENTED_EDGE('',*,*,#3305,.T.);
#2734=ORIENTED_EDGE('',*,*,#3302,.F.);
#2735=ORIENTED_EDGE('',*,*,#3299,.T.);
#2736=ORIENTED_EDGE('',*,*,#3296,.F.);
#2737=ORIENTED_EDGE('',*,*,#3293,.T.);
#2738=ORIENTED_EDGE('',*,*,#3338,.F.);
#2739=ORIENTED_EDGE('',*,*,#3335,.T.);
#2740=ORIENTED_EDGE('',*,*,#3332,.F.);
#2741=ORIENTED_EDGE('',*,*,#3329,.T.);
#2742=ORIENTED_EDGE('',*,*,#3326,.F.);
#2743=ORIENTED_EDGE('',*,*,#3323,.T.);
#2744=ORIENTED_EDGE('',*,*,#3320,.F.);
#2745=ORIENTED_EDGE('',*,*,#3317,.T.);
#2746=ORIENTED_EDGE('',*,*,#3362,.F.);
#2747=ORIENTED_EDGE('',*,*,#3359,.T.);
#2748=ORIENTED_EDGE('',*,*,#3356,.F.);
#2749=ORIENTED_EDGE('',*,*,#3353,.T.);
#2750=ORIENTED_EDGE('',*,*,#3350,.F.);
#2751=ORIENTED_EDGE('',*,*,#3347,.T.);
#2752=ORIENTED_EDGE('',*,*,#3344,.F.);
#2753=ORIENTED_EDGE('',*,*,#3341,.T.);
#2754=ORIENTED_EDGE('',*,*,#3386,.F.);
#2755=ORIENTED_EDGE('',*,*,#3383,.T.);
#2756=ORIENTED_EDGE('',*,*,#3380,.F.);
#2757=ORIENTED_EDGE('',*,*,#3377,.T.);
#2758=ORIENTED_EDGE('',*,*,#3374,.F.);
#2759=ORIENTED_EDGE('',*,*,#3371,.T.);
#2760=ORIENTED_EDGE('',*,*,#3368,.F.);
#2761=ORIENTED_EDGE('',*,*,#3365,.T.);
#2762=ORIENTED_EDGE('',*,*,#3410,.F.);
#2763=ORIENTED_EDGE('',*,*,#3407,.T.);
#2764=ORIENTED_EDGE('',*,*,#3404,.F.);
#2765=ORIENTED_EDGE('',*,*,#3401,.T.);
#2766=ORIENTED_EDGE('',*,*,#3398,.F.);
#2767=ORIENTED_EDGE('',*,*,#3395,.T.);
#2768=ORIENTED_EDGE('',*,*,#3392,.F.);
#2769=ORIENTED_EDGE('',*,*,#3389,.T.);
#2770=ORIENTED_EDGE('',*,*,#3434,.F.);
#2771=ORIENTED_EDGE('',*,*,#3431,.T.);
#2772=ORIENTED_EDGE('',*,*,#3428,.F.);
#2773=ORIENTED_EDGE('',*,*,#3425,.T.);
#2774=ORIENTED_EDGE('',*,*,#3422,.F.);
#2775=ORIENTED_EDGE('',*,*,#3419,.T.);
#2776=ORIENTED_EDGE('',*,*,#3416,.F.);
#2777=ORIENTED_EDGE('',*,*,#3413,.T.);
#2778=ORIENTED_EDGE('',*,*,#3458,.F.);
#2779=ORIENTED_EDGE('',*,*,#3455,.T.);
#2780=ORIENTED_EDGE('',*,*,#3452,.F.);
#2781=ORIENTED_EDGE('',*,*,#3449,.T.);
#2782=ORIENTED_EDGE('',*,*,#3446,.F.);
#2783=ORIENTED_EDGE('',*,*,#3443,.T.);
#2784=ORIENTED_EDGE('',*,*,#3440,.F.);
#2785=ORIENTED_EDGE('',*,*,#3437,.T.);
#2786=ORIENTED_EDGE('',*,*,#3482,.F.);
#2787=ORIENTED_EDGE('',*,*,#3479,.T.);
#2788=ORIENTED_EDGE('',*,*,#3476,.F.);
#2789=ORIENTED_EDGE('',*,*,#3473,.T.);
#2790=ORIENTED_EDGE('',*,*,#3470,.F.);
#2791=ORIENTED_EDGE('',*,*,#3467,.T.);
#2792=ORIENTED_EDGE('',*,*,#3464,.F.);
#2793=ORIENTED_EDGE('',*,*,#3461,.T.);
#2794=ORIENTED_EDGE('',*,*,#3506,.F.);
#2795=ORIENTED_EDGE('',*,*,#3503,.T.);
#2796=ORIENTED_EDGE('',*,*,#3500,.F.);
#2797=ORIENTED_EDGE('',*,*,#3497,.T.);
#2798=ORIENTED_EDGE('',*,*,#3494,.F.);
#2799=ORIENTED_EDGE('',*,*,#3491,.T.);
#2800=ORIENTED_EDGE('',*,*,#3488,.F.);
#2801=ORIENTED_EDGE('',*,*,#3485,.T.);
#2802=ORIENTED_EDGE('',*,*,#3530,.F.);
#2803=ORIENTED_EDGE('',*,*,#3527,.T.);
#2804=ORIENTED_EDGE('',*,*,#3524,.F.);
#2805=ORIENTED_EDGE('',*,*,#3521,.T.);
#2806=ORIENTED_EDGE('',*,*,#3518,.F.);
#2807=ORIENTED_EDGE('',*,*,#3515,.T.);
#2808=ORIENTED_EDGE('',*,*,#3512,.F.);
#2809=ORIENTED_EDGE('',*,*,#3509,.T.);
#2810=ORIENTED_EDGE('',*,*,#3554,.F.);
#2811=ORIENTED_EDGE('',*,*,#3551,.T.);
#2812=ORIENTED_EDGE('',*,*,#3548,.F.);
#2813=ORIENTED_EDGE('',*,*,#3545,.T.);
#2814=ORIENTED_EDGE('',*,*,#3542,.F.);
#2815=ORIENTED_EDGE('',*,*,#3539,.T.);
#2816=ORIENTED_EDGE('',*,*,#3536,.F.);
#2817=ORIENTED_EDGE('',*,*,#3533,.T.);
#2818=ORIENTED_EDGE('',*,*,#3578,.F.);
#2819=ORIENTED_EDGE('',*,*,#3575,.T.);
#2820=ORIENTED_EDGE('',*,*,#3572,.F.);
#2821=ORIENTED_EDGE('',*,*,#3569,.T.);
#2822=ORIENTED_EDGE('',*,*,#3566,.F.);
#2823=ORIENTED_EDGE('',*,*,#3563,.T.);
#2824=ORIENTED_EDGE('',*,*,#3560,.F.);
#2825=ORIENTED_EDGE('',*,*,#3557,.T.);
#2826=ORIENTED_EDGE('',*,*,#3602,.F.);
#2827=ORIENTED_EDGE('',*,*,#3599,.T.);
#2828=ORIENTED_EDGE('',*,*,#3596,.F.);
#2829=ORIENTED_EDGE('',*,*,#3593,.T.);
#2830=ORIENTED_EDGE('',*,*,#3590,.F.);
#2831=ORIENTED_EDGE('',*,*,#3587,.T.);
#2832=ORIENTED_EDGE('',*,*,#3584,.F.);
#2833=ORIENTED_EDGE('',*,*,#3581,.T.);
#2834=ORIENTED_EDGE('',*,*,#3626,.F.);
#2835=ORIENTED_EDGE('',*,*,#3623,.T.);
#2836=ORIENTED_EDGE('',*,*,#3620,.F.);
#2837=ORIENTED_EDGE('',*,*,#3617,.T.);
#2838=ORIENTED_EDGE('',*,*,#3614,.F.);
#2839=ORIENTED_EDGE('',*,*,#3611,.T.);
#2840=ORIENTED_EDGE('',*,*,#3608,.F.);
#2841=ORIENTED_EDGE('',*,*,#3605,.T.);
#2842=ORIENTED_EDGE('',*,*,#3650,.F.);
#2843=ORIENTED_EDGE('',*,*,#3647,.T.);
#2844=ORIENTED_EDGE('',*,*,#3644,.F.);
#2845=ORIENTED_EDGE('',*,*,#3641,.T.);
#2846=ORIENTED_EDGE('',*,*,#3638,.F.);
#2847=ORIENTED_EDGE('',*,*,#3635,.T.);
#2848=ORIENTED_EDGE('',*,*,#3632,.F.);
#2849=ORIENTED_EDGE('',*,*,#3629,.T.);
#2850=ORIENTED_EDGE('',*,*,#3674,.F.);
#2851=ORIENTED_EDGE('',*,*,#3671,.T.);
#2852=ORIENTED_EDGE('',*,*,#3668,.F.);
#2853=ORIENTED_EDGE('',*,*,#3665,.T.);
#2854=ORIENTED_EDGE('',*,*,#3662,.F.);
#2855=ORIENTED_EDGE('',*,*,#3659,.T.);
#2856=ORIENTED_EDGE('',*,*,#3656,.F.);
#2857=ORIENTED_EDGE('',*,*,#3653,.T.);
#2858=ORIENTED_EDGE('',*,*,#3698,.F.);
#2859=ORIENTED_EDGE('',*,*,#3695,.T.);
#2860=ORIENTED_EDGE('',*,*,#3692,.F.);
#2861=ORIENTED_EDGE('',*,*,#3689,.T.);
#2862=ORIENTED_EDGE('',*,*,#3686,.F.);
#2863=ORIENTED_EDGE('',*,*,#3683,.T.);
#2864=ORIENTED_EDGE('',*,*,#3680,.F.);
#2865=ORIENTED_EDGE('',*,*,#3677,.T.);
#2866=ORIENTED_EDGE('',*,*,#3703,.F.);
#2867=ORIENTED_EDGE('',*,*,#2977,.F.);
#2868=ORIENTED_EDGE('',*,*,#3705,.T.);
#2869=ORIENTED_EDGE('',*,*,#3712,.F.);
#2870=EDGE_CURVE('',#3718,#3718,#4322,.T.);
#2871=EDGE_CURVE('',#3719,#3719,#4323,.T.);
#2872=EDGE_CURVE('',#3720,#3720,#4324,.T.);
#2873=EDGE_CURVE('',#3721,#3721,#4325,.T.);
#2874=EDGE_CURVE('',#3722,#3722,#4326,.T.);
#2875=EDGE_CURVE('',#3723,#3723,#4327,.T.);
#2876=EDGE_CURVE('',#3724,#3724,#4328,.T.);
#2877=EDGE_CURVE('',#3725,#3725,#4329,.T.);
#2878=EDGE_CURVE('',#3726,#3726,#4330,.T.);
#2879=EDGE_CURVE('',#3727,#3727,#4331,.T.);
#2880=EDGE_CURVE('',#3728,#3728,#4332,.T.);
#2881=EDGE_CURVE('',#3729,#3729,#4333,.T.);
#2882=EDGE_CURVE('',#3730,#3730,#4334,.T.);
#2883=EDGE_CURVE('',#3731,#3731,#4335,.T.);
#2884=EDGE_CURVE('',#3732,#3732,#4336,.T.);
#2885=EDGE_CURVE('',#3733,#3733,#4337,.T.);
#2886=EDGE_CURVE('',#3734,#3734,#4338,.T.);
#2887=EDGE_CURVE('',#3735,#3735,#4339,.T.);
#2888=EDGE_CURVE('',#3736,#3736,#4340,.T.);
#2889=EDGE_CURVE('',#3737,#3737,#4341,.T.);
#2890=EDGE_CURVE('',#3738,#3738,#4342,.T.);
#2891=EDGE_CURVE('',#3739,#3739,#4343,.T.);
#2892=EDGE_CURVE('',#3740,#3740,#4344,.T.);
#2893=EDGE_CURVE('',#3741,#3741,#4345,.T.);
#2894=EDGE_CURVE('',#3742,#3742,#4346,.T.);
#2895=EDGE_CURVE('',#3743,#3743,#4347,.T.);
#2896=EDGE_CURVE('',#3744,#3744,#4348,.T.);
#2897=EDGE_CURVE('',#3745,#3745,#4349,.T.);
#2898=EDGE_CURVE('',#3746,#3746,#4350,.T.);
#2899=EDGE_CURVE('',#3747,#3747,#4351,.T.);
#2900=EDGE_CURVE('',#3748,#3748,#4352,.T.);
#2901=EDGE_CURVE('',#3749,#3749,#4353,.T.);
#2902=EDGE_CURVE('',#3750,#3750,#4354,.T.);
#2903=EDGE_CURVE('',#3751,#3751,#4355,.T.);
#2904=EDGE_CURVE('',#3752,#3752,#4356,.T.);
#2905=EDGE_CURVE('',#3753,#3753,#4357,.T.);
#2906=EDGE_CURVE('',#3754,#3754,#4358,.F.);
#2907=EDGE_CURVE('',#3755,#3755,#4359,.F.);
#2908=EDGE_CURVE('',#3756,#3756,#4360,.F.);
#2909=EDGE_CURVE('',#3757,#3757,#4361,.F.);
#2910=EDGE_CURVE('',#3758,#3758,#4362,.F.);
#2911=EDGE_CURVE('',#3759,#3759,#4363,.F.);
#2912=EDGE_CURVE('',#3760,#3760,#4364,.F.);
#2913=EDGE_CURVE('',#3761,#3761,#4365,.F.);
#2914=EDGE_CURVE('',#3762,#3762,#4366,.F.);
#2915=EDGE_CURVE('',#3763,#3763,#4367,.F.);
#2916=EDGE_CURVE('',#3764,#3764,#4368,.F.);
#2917=EDGE_CURVE('',#3765,#3765,#4369,.F.);
#2918=EDGE_CURVE('',#3766,#3766,#4370,.F.);
#2919=EDGE_CURVE('',#3767,#3767,#4371,.F.);
#2920=EDGE_CURVE('',#3768,#3768,#4372,.F.);
#2921=EDGE_CURVE('',#3769,#3769,#4373,.F.);
#2922=EDGE_CURVE('',#3770,#3770,#4374,.F.);
#2923=EDGE_CURVE('',#3771,#3771,#4375,.F.);
#2924=EDGE_CURVE('',#3772,#3772,#4376,.F.);
#2925=EDGE_CURVE('',#3773,#3773,#4377,.F.);
#2926=EDGE_CURVE('',#3774,#3774,#4378,.F.);
#2927=EDGE_CURVE('',#3775,#3775,#4379,.F.);
#2928=EDGE_CURVE('',#3776,#3776,#4380,.F.);
#2929=EDGE_CURVE('',#3777,#3777,#4381,.F.);
#2930=EDGE_CURVE('',#3778,#3778,#4382,.F.);
#2931=EDGE_CURVE('',#3779,#3779,#4383,.F.);
#2932=EDGE_CURVE('',#3780,#3780,#4384,.F.);
#2933=EDGE_CURVE('',#3781,#3781,#4385,.F.);
#2934=EDGE_CURVE('',#3782,#3782,#4386,.F.);
#2935=EDGE_CURVE('',#3783,#3783,#4387,.F.);
#2936=EDGE_CURVE('',#3784,#3784,#4388,.F.);
#2937=EDGE_CURVE('',#3785,#3785,#4389,.F.);
#2938=EDGE_CURVE('',#3786,#3786,#4390,.F.);
#2939=EDGE_CURVE('',#3787,#3787,#4391,.F.);
#2940=EDGE_CURVE('',#3788,#3788,#4392,.F.);
#2941=EDGE_CURVE('',#3789,#3789,#4393,.F.);
#2942=EDGE_CURVE('',#3790,#3790,#4394,.F.);
#2943=EDGE_CURVE('',#3791,#3791,#4395,.F.);
#2944=EDGE_CURVE('',#3792,#3792,#4396,.F.);
#2945=EDGE_CURVE('',#3793,#3793,#4397,.F.);
#2946=EDGE_CURVE('',#3794,#3794,#4398,.F.);
#2947=EDGE_CURVE('',#3795,#3795,#4399,.F.);
#2948=EDGE_CURVE('',#3796,#3796,#4400,.F.);
#2949=EDGE_CURVE('',#3797,#3797,#4401,.F.);
#2950=EDGE_CURVE('',#3798,#3798,#4402,.F.);
#2951=EDGE_CURVE('',#3799,#3799,#4403,.F.);
#2952=EDGE_CURVE('',#3800,#3800,#4404,.F.);
#2953=EDGE_CURVE('',#3801,#3801,#4405,.F.);
#2954=EDGE_CURVE('',#3802,#3802,#4406,.F.);
#2955=EDGE_CURVE('',#3803,#3803,#4407,.F.);
#2956=EDGE_CURVE('',#3804,#3804,#4408,.F.);
#2957=EDGE_CURVE('',#3805,#3805,#4409,.F.);
#2958=EDGE_CURVE('',#3806,#3806,#4410,.F.);
#2959=EDGE_CURVE('',#3807,#3807,#4411,.F.);
#2960=EDGE_CURVE('',#3808,#3808,#4412,.F.);
#2961=EDGE_CURVE('',#3809,#3809,#4413,.F.);
#2962=EDGE_CURVE('',#3810,#3810,#4414,.F.);
#2963=EDGE_CURVE('',#3811,#3811,#4415,.F.);
#2964=EDGE_CURVE('',#3812,#3812,#4416,.F.);
#2965=EDGE_CURVE('',#3813,#3813,#4417,.F.);
#2966=EDGE_CURVE('',#3814,#3814,#4418,.T.);
#2967=EDGE_CURVE('',#3815,#3815,#4419,.T.);
#2968=EDGE_CURVE('',#3816,#3816,#4420,.T.);
#2969=EDGE_CURVE('',#3817,#3817,#4421,.T.);
#2970=EDGE_CURVE('',#3818,#3818,#4422,.T.);
#2971=EDGE_CURVE('',#3819,#3819,#4423,.T.);
#2972=EDGE_CURVE('',#3820,#3820,#4424,.T.);
#2973=EDGE_CURVE('',#3821,#3821,#4425,.T.);
#2974=EDGE_CURVE('',#3822,#3822,#4426,.T.);
#2975=EDGE_CURVE('',#3823,#3823,#4427,.T.);
#2976=EDGE_CURVE('',#3824,#3825,#12,.T.);
#2977=EDGE_CURVE('',#3825,#3826,#13,.T.);
#2978=EDGE_CURVE('',#3827,#3826,#14,.T.);
#2979=EDGE_CURVE('',#3824,#3827,#15,.T.);
#2980=EDGE_CURVE('',#3828,#3829,#16,.T.);
#2981=EDGE_CURVE('',#3830,#3829,#4428,.T.);
#2982=EDGE_CURVE('',#3830,#3831,#17,.F.);
#2983=EDGE_CURVE('',#3831,#3828,#4429,.T.);
#2984=EDGE_CURVE('',#3830,#3832,#18,.T.);
#2985=EDGE_CURVE('',#3833,#3832,#19,.T.);
#2986=EDGE_CURVE('',#3831,#3833,#20,.T.);
#2987=EDGE_CURVE('',#3834,#3832,#4430,.T.);
#2988=EDGE_CURVE('',#3834,#3835,#21,.T.);
#2989=EDGE_CURVE('',#3835,#3833,#4431,.T.);
#2990=EDGE_CURVE('',#3834,#3836,#22,.T.);
#2991=EDGE_CURVE('',#3837,#3836,#23,.F.);
#2992=EDGE_CURVE('',#3835,#3837,#24,.T.);
#2993=EDGE_CURVE('',#3838,#3836,#4432,.T.);
#2994=EDGE_CURVE('',#3838,#3839,#25,.T.);
#2995=EDGE_CURVE('',#3839,#3837,#4433,.T.);
#2996=EDGE_CURVE('',#3838,#3840,#26,.T.);
#2997=EDGE_CURVE('',#3841,#3840,#27,.F.);
#2998=EDGE_CURVE('',#3839,#3841,#28,.T.);
#2999=EDGE_CURVE('',#3842,#3840,#4434,.T.);
#3000=EDGE_CURVE('',#3842,#3843,#29,.F.);
#3001=EDGE_CURVE('',#3843,#3841,#4435,.T.);
#3002=EDGE_CURVE('',#3842,#3829,#30,.T.);
#3003=EDGE_CURVE('',#3843,#3828,#31,.T.);
#3004=EDGE_CURVE('',#3844,#3845,#32,.F.);
#3005=EDGE_CURVE('',#3846,#3845,#4436,.T.);
#3006=EDGE_CURVE('',#3846,#3847,#33,.T.);
#3007=EDGE_CURVE('',#3847,#3844,#4437,.T.);
#3008=EDGE_CURVE('',#3846,#3848,#34,.T.);
#3009=EDGE_CURVE('',#3849,#3848,#35,.F.);
#3010=EDGE_CURVE('',#3847,#3849,#36,.T.);
#3011=EDGE_CURVE('',#3850,#3848,#4438,.T.);
#3012=EDGE_CURVE('',#3850,#3851,#37,.F.);
#3013=EDGE_CURVE('',#3851,#3849,#4439,.T.);
#3014=EDGE_CURVE('',#3850,#3852,#38,.T.);
#3015=EDGE_CURVE('',#3853,#3852,#39,.T.);
#3016=EDGE_CURVE('',#3851,#3853,#40,.T.);
#3017=EDGE_CURVE('',#3854,#3852,#4440,.T.);
#3018=EDGE_CURVE('',#3854,#3855,#41,.F.);
#3019=EDGE_CURVE('',#3855,#3853,#4441,.T.);
#3020=EDGE_CURVE('',#3854,#3856,#42,.T.);
#3021=EDGE_CURVE('',#3857,#3856,#43,.T.);
#3022=EDGE_CURVE('',#3855,#3857,#44,.T.);
#3023=EDGE_CURVE('',#3858,#3856,#4442,.T.);
#3024=EDGE_CURVE('',#3858,#3859,#45,.T.);
#3025=EDGE_CURVE('',#3859,#3857,#4443,.T.);
#3026=EDGE_CURVE('',#3858,#3845,#46,.T.);
#3027=EDGE_CURVE('',#3859,#3844,#47,.T.);
#3028=EDGE_CURVE('',#3860,#3861,#48,.F.);
#3029=EDGE_CURVE('',#3862,#3861,#4444,.T.);
#3030=EDGE_CURVE('',#3862,#3863,#49,.T.);
#3031=EDGE_CURVE('',#3863,#3860,#4445,.T.);
#3032=EDGE_CURVE('',#3862,#3864,#50,.T.);
#3033=EDGE_CURVE('',#3865,#3864,#51,.F.);
#3034=EDGE_CURVE('',#3863,#3865,#52,.T.);
#3035=EDGE_CURVE('',#3866,#3864,#4446,.T.);
#3036=EDGE_CURVE('',#3866,#3867,#53,.F.);
#3037=EDGE_CURVE('',#3867,#3865,#4447,.T.);
#3038=EDGE_CURVE('',#3866,#3868,#54,.T.);
#3039=EDGE_CURVE('',#3869,#3868,#55,.T.);
#3040=EDGE_CURVE('',#3867,#3869,#56,.T.);
#3041=EDGE_CURVE('',#3870,#3868,#4448,.T.);
#3042=EDGE_CURVE('',#3870,#3871,#57,.F.);
#3043=EDGE_CURVE('',#3871,#3869,#4449,.T.);
#3044=EDGE_CURVE('',#3870,#3872,#58,.T.);
#3045=EDGE_CURVE('',#3873,#3872,#59,.T.);
#3046=EDGE_CURVE('',#3871,#3873,#60,.T.);
#3047=EDGE_CURVE('',#3874,#3872,#4450,.T.);
#3048=EDGE_CURVE('',#3874,#3875,#61,.T.);
#3049=EDGE_CURVE('',#3875,#3873,#4451,.T.);
#3050=EDGE_CURVE('',#3874,#3861,#62,.T.);
#3051=EDGE_CURVE('',#3875,#3860,#63,.T.);
#3052=EDGE_CURVE('',#3876,#3877,#64,.T.);
#3053=EDGE_CURVE('',#3878,#3877,#4452,.T.);
#3054=EDGE_CURVE('',#3878,#3879,#65,.F.);
#3055=EDGE_CURVE('',#3879,#3876,#4453,.T.);
#3056=EDGE_CURVE('',#3878,#3880,#66,.T.);
#3057=EDGE_CURVE('',#3881,#3880,#67,.T.);
#3058=EDGE_CURVE('',#3879,#3881,#68,.T.);
#3059=EDGE_CURVE('',#3882,#3880,#4454,.T.);
#3060=EDGE_CURVE('',#3882,#3883,#69,.T.);
#3061=EDGE_CURVE('',#3883,#3881,#4455,.T.);
#3062=EDGE_CURVE('',#3882,#3884,#70,.T.);
#3063=EDGE_CURVE('',#3885,#3884,#71,.F.);
#3064=EDGE_CURVE('',#3883,#3885,#72,.T.);
#3065=EDGE_CURVE('',#3886,#3884,#4456,.T.);
#3066=EDGE_CURVE('',#3886,#3887,#73,.T.);
#3067=EDGE_CURVE('',#3887,#3885,#4457,.T.);
#3068=EDGE_CURVE('',#3886,#3888,#74,.T.);
#3069=EDGE_CURVE('',#3889,#3888,#75,.F.);
#3070=EDGE_CURVE('',#3887,#3889,#76,.T.);
#3071=EDGE_CURVE('',#3890,#3888,#4458,.T.);
#3072=EDGE_CURVE('',#3890,#3891,#77,.F.);
#3073=EDGE_CURVE('',#3891,#3889,#4459,.T.);
#3074=EDGE_CURVE('',#3890,#3877,#78,.T.);
#3075=EDGE_CURVE('',#3891,#3876,#79,.T.);
#3076=EDGE_CURVE('',#3892,#3893,#80,.T.);
#3077=EDGE_CURVE('',#3894,#3893,#4460,.T.);
#3078=EDGE_CURVE('',#3894,#3895,#81,.F.);
#3079=EDGE_CURVE('',#3895,#3892,#4461,.T.);
#3080=EDGE_CURVE('',#3894,#3896,#82,.T.);
#3081=EDGE_CURVE('',#3897,#3896,#83,.T.);
#3082=EDGE_CURVE('',#3895,#3897,#84,.T.);
#3083=EDGE_CURVE('',#3898,#3896,#4462,.T.);
#3084=EDGE_CURVE('',#3898,#3899,#85,.T.);
#3085=EDGE_CURVE('',#3899,#3897,#4463,.T.);
#3086=EDGE_CURVE('',#3898,#3900,#86,.T.);
#3087=EDGE_CURVE('',#3901,#3900,#87,.F.);
#3088=EDGE_CURVE('',#3899,#3901,#88,.T.);
#3089=EDGE_CURVE('',#3902,#3900,#4464,.T.);
#3090=EDGE_CURVE('',#3902,#3903,#89,.T.);
#3091=EDGE_CURVE('',#3903,#3901,#4465,.T.);
#3092=EDGE_CURVE('',#3902,#3904,#90,.T.);
#3093=EDGE_CURVE('',#3905,#3904,#91,.F.);
#3094=EDGE_CURVE('',#3903,#3905,#92,.T.);
#3095=EDGE_CURVE('',#3906,#3904,#4466,.T.);
#3096=EDGE_CURVE('',#3906,#3907,#93,.F.);
#3097=EDGE_CURVE('',#3907,#3905,#4467,.T.);
#3098=EDGE_CURVE('',#3906,#3893,#94,.T.);
#3099=EDGE_CURVE('',#3907,#3892,#95,.T.);
#3100=EDGE_CURVE('',#3908,#3909,#96,.F.);
#3101=EDGE_CURVE('',#3910,#3909,#4468,.T.);
#3102=EDGE_CURVE('',#3910,#3911,#97,.T.);
#3103=EDGE_CURVE('',#3911,#3908,#4469,.T.);
#3104=EDGE_CURVE('',#3910,#3912,#98,.T.);
#3105=EDGE_CURVE('',#3913,#3912,#99,.F.);
#3106=EDGE_CURVE('',#3911,#3913,#100,.T.);
#3107=EDGE_CURVE('',#3914,#3912,#4470,.T.);
#3108=EDGE_CURVE('',#3914,#3915,#101,.F.);
#3109=EDGE_CURVE('',#3915,#3913,#4471,.T.);
#3110=EDGE_CURVE('',#3914,#3916,#102,.T.);
#3111=EDGE_CURVE('',#3917,#3916,#103,.T.);
#3112=EDGE_CURVE('',#3915,#3917,#104,.T.);
#3113=EDGE_CURVE('',#3918,#3916,#4472,.T.);
#3114=EDGE_CURVE('',#3918,#3919,#105,.F.);
#3115=EDGE_CURVE('',#3919,#3917,#4473,.T.);
#3116=EDGE_CURVE('',#3918,#3920,#106,.T.);
#3117=EDGE_CURVE('',#3921,#3920,#107,.T.);
#3118=EDGE_CURVE('',#3919,#3921,#108,.T.);
#3119=EDGE_CURVE('',#3922,#3920,#4474,.T.);
#3120=EDGE_CURVE('',#3922,#3923,#109,.T.);
#3121=EDGE_CURVE('',#3923,#3921,#4475,.T.);
#3122=EDGE_CURVE('',#3922,#3909,#110,.T.);
#3123=EDGE_CURVE('',#3923,#3908,#111,.T.);
#3124=EDGE_CURVE('',#3924,#3925,#112,.T.);
#3125=EDGE_CURVE('',#3926,#3925,#4476,.T.);
#3126=EDGE_CURVE('',#3926,#3927,#113,.F.);
#3127=EDGE_CURVE('',#3927,#3924,#4477,.T.);
#3128=EDGE_CURVE('',#3926,#3928,#114,.T.);
#3129=EDGE_CURVE('',#3929,#3928,#115,.T.);
#3130=EDGE_CURVE('',#3927,#3929,#116,.T.);
#3131=EDGE_CURVE('',#3930,#3928,#4478,.T.);
#3132=EDGE_CURVE('',#3930,#3931,#117,.T.);
#3133=EDGE_CURVE('',#3931,#3929,#4479,.T.);
#3134=EDGE_CURVE('',#3930,#3932,#118,.T.);
#3135=EDGE_CURVE('',#3933,#3932,#119,.F.);
#3136=EDGE_CURVE('',#3931,#3933,#120,.T.);
#3137=EDGE_CURVE('',#3934,#3932,#4480,.T.);
#3138=EDGE_CURVE('',#3934,#3935,#121,.T.);
#3139=EDGE_CURVE('',#3935,#3933,#4481,.T.);
#3140=EDGE_CURVE('',#3934,#3936,#122,.T.);
#3141=EDGE_CURVE('',#3937,#3936,#123,.F.);
#3142=EDGE_CURVE('',#3935,#3937,#124,.T.);
#3143=EDGE_CURVE('',#3938,#3936,#4482,.T.);
#3144=EDGE_CURVE('',#3938,#3939,#125,.F.);
#3145=EDGE_CURVE('',#3939,#3937,#4483,.T.);
#3146=EDGE_CURVE('',#3938,#3925,#126,.T.);
#3147=EDGE_CURVE('',#3939,#3924,#127,.T.);
#3148=EDGE_CURVE('',#3940,#3941,#128,.F.);
#3149=EDGE_CURVE('',#3942,#3941,#4484,.T.);
#3150=EDGE_CURVE('',#3942,#3943,#129,.T.);
#3151=EDGE_CURVE('',#3943,#3940,#4485,.T.);
#3152=EDGE_CURVE('',#3942,#3944,#130,.T.);
#3153=EDGE_CURVE('',#3945,#3944,#131,.F.);
#3154=EDGE_CURVE('',#3943,#3945,#132,.T.);
#3155=EDGE_CURVE('',#3946,#3944,#4486,.T.);
#3156=EDGE_CURVE('',#3946,#3947,#133,.F.);
#3157=EDGE_CURVE('',#3947,#3945,#4487,.T.);
#3158=EDGE_CURVE('',#3946,#3948,#134,.T.);
#3159=EDGE_CURVE('',#3949,#3948,#135,.T.);
#3160=EDGE_CURVE('',#3947,#3949,#136,.T.);
#3161=EDGE_CURVE('',#3950,#3948,#4488,.T.);
#3162=EDGE_CURVE('',#3950,#3951,#137,.F.);
#3163=EDGE_CURVE('',#3951,#3949,#4489,.T.);
#3164=EDGE_CURVE('',#3950,#3952,#138,.T.);
#3165=EDGE_CURVE('',#3953,#3952,#139,.T.);
#3166=EDGE_CURVE('',#3951,#3953,#140,.T.);
#3167=EDGE_CURVE('',#3954,#3952,#4490,.T.);
#3168=EDGE_CURVE('',#3954,#3955,#141,.T.);
#3169=EDGE_CURVE('',#3955,#3953,#4491,.T.);
#3170=EDGE_CURVE('',#3954,#3941,#142,.T.);
#3171=EDGE_CURVE('',#3955,#3940,#143,.T.);
#3172=EDGE_CURVE('',#3956,#3957,#144,.F.);
#3173=EDGE_CURVE('',#3958,#3957,#4492,.T.);
#3174=EDGE_CURVE('',#3958,#3959,#145,.F.);
#3175=EDGE_CURVE('',#3959,#3956,#4493,.T.);
#3176=EDGE_CURVE('',#3958,#3960,#146,.T.);
#3177=EDGE_CURVE('',#3961,#3960,#147,.T.);
#3178=EDGE_CURVE('',#3959,#3961,#148,.T.);
#3179=EDGE_CURVE('',#3962,#3960,#4494,.T.);
#3180=EDGE_CURVE('',#3962,#3963,#149,.F.);
#3181=EDGE_CURVE('',#3963,#3961,#4495,.T.);
#3182=EDGE_CURVE('',#3962,#3964,#150,.T.);
#3183=EDGE_CURVE('',#3965,#3964,#151,.T.);
#3184=EDGE_CURVE('',#3963,#3965,#152,.T.);
#3185=EDGE_CURVE('',#3966,#3964,#4496,.T.);
#3186=EDGE_CURVE('',#3966,#3967,#153,.T.);
#3187=EDGE_CURVE('',#3967,#3965,#4497,.T.);
#3188=EDGE_CURVE('',#3966,#3968,#154,.T.);
#3189=EDGE_CURVE('',#3969,#3968,#155,.F.);
#3190=EDGE_CURVE('',#3967,#3969,#156,.T.);
#3191=EDGE_CURVE('',#3970,#3968,#4498,.T.);
#3192=EDGE_CURVE('',#3970,#3971,#157,.T.);
#3193=EDGE_CURVE('',#3971,#3969,#4499,.T.);
#3194=EDGE_CURVE('',#3970,#3957,#158,.T.);
#3195=EDGE_CURVE('',#3971,#3956,#159,.T.);
#3196=EDGE_CURVE('',#3972,#3973,#160,.T.);
#3197=EDGE_CURVE('',#3974,#3973,#4500,.T.);
#3198=EDGE_CURVE('',#3974,#3975,#161,.F.);
#3199=EDGE_CURVE('',#3975,#3972,#4501,.T.);
#3200=EDGE_CURVE('',#3974,#3976,#162,.T.);
#3201=EDGE_CURVE('',#3977,#3976,#163,.T.);
#3202=EDGE_CURVE('',#3975,#3977,#164,.T.);
#3203=EDGE_CURVE('',#3978,#3976,#4502,.T.);
#3204=EDGE_CURVE('',#3978,#3979,#165,.T.);
#3205=EDGE_CURVE('',#3979,#3977,#4503,.T.);
#3206=EDGE_CURVE('',#3978,#3980,#166,.T.);
#3207=EDGE_CURVE('',#3981,#3980,#167,.F.);
#3208=EDGE_CURVE('',#3979,#3981,#168,.T.);
#3209=EDGE_CURVE('',#3982,#3980,#4504,.T.);
#3210=EDGE_CURVE('',#3982,#3983,#169,.T.);
#3211=EDGE_CURVE('',#3983,#3981,#4505,.T.);
#3212=EDGE_CURVE('',#3982,#3984,#170,.T.);
#3213=EDGE_CURVE('',#3985,#3984,#171,.F.);
#3214=EDGE_CURVE('',#3983,#3985,#172,.T.);
#3215=EDGE_CURVE('',#3986,#3984,#4506,.T.);
#3216=EDGE_CURVE('',#3986,#3987,#173,.F.);
#3217=EDGE_CURVE('',#3987,#3985,#4507,.T.);
#3218=EDGE_CURVE('',#3986,#3973,#174,.T.);
#3219=EDGE_CURVE('',#3987,#3972,#175,.T.);
#3220=EDGE_CURVE('',#3988,#3989,#176,.F.);
#3221=EDGE_CURVE('',#3990,#3989,#4508,.T.);
#3222=EDGE_CURVE('',#3990,#3991,#177,.F.);
#3223=EDGE_CURVE('',#3991,#3988,#4509,.T.);
#3224=EDGE_CURVE('',#3990,#3992,#178,.T.);
#3225=EDGE_CURVE('',#3993,#3992,#179,.T.);
#3226=EDGE_CURVE('',#3991,#3993,#180,.T.);
#3227=EDGE_CURVE('',#3994,#3992,#4510,.T.);
#3228=EDGE_CURVE('',#3994,#3995,#181,.F.);
#3229=EDGE_CURVE('',#3995,#3993,#4511,.T.);
#3230=EDGE_CURVE('',#3994,#3996,#182,.T.);
#3231=EDGE_CURVE('',#3997,#3996,#183,.T.);
#3232=EDGE_CURVE('',#3995,#3997,#184,.T.);
#3233=EDGE_CURVE('',#3998,#3996,#4512,.T.);
#3234=EDGE_CURVE('',#3998,#3999,#185,.T.);
#3235=EDGE_CURVE('',#3999,#3997,#4513,.T.);
#3236=EDGE_CURVE('',#3998,#4000,#186,.T.);
#3237=EDGE_CURVE('',#4001,#4000,#187,.F.);
#3238=EDGE_CURVE('',#3999,#4001,#188,.T.);
#3239=EDGE_CURVE('',#4002,#4000,#4514,.T.);
#3240=EDGE_CURVE('',#4002,#4003,#189,.T.);
#3241=EDGE_CURVE('',#4003,#4001,#4515,.T.);
#3242=EDGE_CURVE('',#4002,#3989,#190,.T.);
#3243=EDGE_CURVE('',#4003,#3988,#191,.T.);
#3244=EDGE_CURVE('',#4004,#4005,#192,.T.);
#3245=EDGE_CURVE('',#4006,#4005,#4516,.T.);
#3246=EDGE_CURVE('',#4006,#4007,#193,.F.);
#3247=EDGE_CURVE('',#4007,#4004,#4517,.T.);
#3248=EDGE_CURVE('',#4006,#4008,#194,.T.);
#3249=EDGE_CURVE('',#4009,#4008,#195,.T.);
#3250=EDGE_CURVE('',#4007,#4009,#196,.T.);
#3251=EDGE_CURVE('',#4010,#4008,#4518,.T.);
#3252=EDGE_CURVE('',#4010,#4011,#197,.T.);
#3253=EDGE_CURVE('',#4011,#4009,#4519,.T.);
#3254=EDGE_CURVE('',#4010,#4012,#198,.T.);
#3255=EDGE_CURVE('',#4013,#4012,#199,.F.);
#3256=EDGE_CURVE('',#4011,#4013,#200,.T.);
#3257=EDGE_CURVE('',#4014,#4012,#4520,.T.);
#3258=EDGE_CURVE('',#4014,#4015,#201,.T.);
#3259=EDGE_CURVE('',#4015,#4013,#4521,.T.);
#3260=EDGE_CURVE('',#4014,#4016,#202,.T.);
#3261=EDGE_CURVE('',#4017,#4016,#203,.F.);
#3262=EDGE_CURVE('',#4015,#4017,#204,.T.);
#3263=EDGE_CURVE('',#4018,#4016,#4522,.T.);
#3264=EDGE_CURVE('',#4018,#4019,#205,.F.);
#3265=EDGE_CURVE('',#4019,#4017,#4523,.T.);
#3266=EDGE_CURVE('',#4018,#4005,#206,.T.);
#3267=EDGE_CURVE('',#4019,#4004,#207,.T.);
#3268=EDGE_CURVE('',#4020,#4021,#208,.F.);
#3269=EDGE_CURVE('',#4022,#4021,#4524,.T.);
#3270=EDGE_CURVE('',#4022,#4023,#209,.T.);
#3271=EDGE_CURVE('',#4023,#4020,#4525,.T.);
#3272=EDGE_CURVE('',#4022,#4024,#210,.T.);
#3273=EDGE_CURVE('',#4025,#4024,#211,.F.);
#3274=EDGE_CURVE('',#4023,#4025,#212,.T.);
#3275=EDGE_CURVE('',#4026,#4024,#4526,.T.);
#3276=EDGE_CURVE('',#4026,#4027,#213,.F.);
#3277=EDGE_CURVE('',#4027,#4025,#4527,.T.);
#3278=EDGE_CURVE('',#4026,#4028,#214,.T.);
#3279=EDGE_CURVE('',#4029,#4028,#215,.T.);
#3280=EDGE_CURVE('',#4027,#4029,#216,.T.);
#3281=EDGE_CURVE('',#4030,#4028,#4528,.T.);
#3282=EDGE_CURVE('',#4030,#4031,#217,.F.);
#3283=EDGE_CURVE('',#4031,#4029,#4529,.T.);
#3284=EDGE_CURVE('',#4030,#4032,#218,.T.);
#3285=EDGE_CURVE('',#4033,#4032,#219,.T.);
#3286=EDGE_CURVE('',#4031,#4033,#220,.T.);
#3287=EDGE_CURVE('',#4034,#4032,#4530,.T.);
#3288=EDGE_CURVE('',#4034,#4035,#221,.T.);
#3289=EDGE_CURVE('',#4035,#4033,#4531,.T.);
#3290=EDGE_CURVE('',#4034,#4021,#222,.T.);
#3291=EDGE_CURVE('',#4035,#4020,#223,.T.);
#3292=EDGE_CURVE('',#4036,#4037,#224,.T.);
#3293=EDGE_CURVE('',#4038,#4037,#4532,.T.);
#3294=EDGE_CURVE('',#4038,#4039,#225,.F.);
#3295=EDGE_CURVE('',#4039,#4036,#4533,.T.);
#3296=EDGE_CURVE('',#4038,#4040,#226,.T.);
#3297=EDGE_CURVE('',#4041,#4040,#227,.T.);
#3298=EDGE_CURVE('',#4039,#4041,#228,.T.);
#3299=EDGE_CURVE('',#4042,#4040,#4534,.T.);
#3300=EDGE_CURVE('',#4042,#4043,#229,.T.);
#3301=EDGE_CURVE('',#4043,#4041,#4535,.T.);
#3302=EDGE_CURVE('',#4042,#4044,#230,.T.);
#3303=EDGE_CURVE('',#4045,#4044,#231,.F.);
#3304=EDGE_CURVE('',#4043,#4045,#232,.T.);
#3305=EDGE_CURVE('',#4046,#4044,#4536,.T.);
#3306=EDGE_CURVE('',#4046,#4047,#233,.T.);
#3307=EDGE_CURVE('',#4047,#4045,#4537,.T.);
#3308=EDGE_CURVE('',#4046,#4048,#234,.T.);
#3309=EDGE_CURVE('',#4049,#4048,#235,.F.);
#3310=EDGE_CURVE('',#4047,#4049,#236,.T.);
#3311=EDGE_CURVE('',#4050,#4048,#4538,.T.);
#3312=EDGE_CURVE('',#4050,#4051,#237,.F.);
#3313=EDGE_CURVE('',#4051,#4049,#4539,.T.);
#3314=EDGE_CURVE('',#4050,#4037,#238,.T.);
#3315=EDGE_CURVE('',#4051,#4036,#239,.T.);
#3316=EDGE_CURVE('',#4052,#4053,#240,.F.);
#3317=EDGE_CURVE('',#4054,#4053,#4540,.T.);
#3318=EDGE_CURVE('',#4054,#4055,#241,.T.);
#3319=EDGE_CURVE('',#4055,#4052,#4541,.T.);
#3320=EDGE_CURVE('',#4054,#4056,#242,.T.);
#3321=EDGE_CURVE('',#4057,#4056,#243,.F.);
#3322=EDGE_CURVE('',#4055,#4057,#244,.T.);
#3323=EDGE_CURVE('',#4058,#4056,#4542,.T.);
#3324=EDGE_CURVE('',#4058,#4059,#245,.F.);
#3325=EDGE_CURVE('',#4059,#4057,#4543,.T.);
#3326=EDGE_CURVE('',#4058,#4060,#246,.T.);
#3327=EDGE_CURVE('',#4061,#4060,#247,.T.);
#3328=EDGE_CURVE('',#4059,#4061,#248,.T.);
#3329=EDGE_CURVE('',#4062,#4060,#4544,.T.);
#3330=EDGE_CURVE('',#4062,#4063,#249,.F.);
#3331=EDGE_CURVE('',#4063,#4061,#4545,.T.);
#3332=EDGE_CURVE('',#4062,#4064,#250,.T.);
#3333=EDGE_CURVE('',#4065,#4064,#251,.T.);
#3334=EDGE_CURVE('',#4063,#4065,#252,.T.);
#3335=EDGE_CURVE('',#4066,#4064,#4546,.T.);
#3336=EDGE_CURVE('',#4066,#4067,#253,.T.);
#3337=EDGE_CURVE('',#4067,#4065,#4547,.T.);
#3338=EDGE_CURVE('',#4066,#4053,#254,.T.);
#3339=EDGE_CURVE('',#4067,#4052,#255,.T.);
#3340=EDGE_CURVE('',#4068,#4069,#256,.F.);
#3341=EDGE_CURVE('',#4070,#4069,#4548,.T.);
#3342=EDGE_CURVE('',#4070,#4071,#257,.T.);
#3343=EDGE_CURVE('',#4071,#4068,#4549,.T.);
#3344=EDGE_CURVE('',#4070,#4072,#258,.T.);
#3345=EDGE_CURVE('',#4073,#4072,#259,.F.);
#3346=EDGE_CURVE('',#4071,#4073,#260,.T.);
#3347=EDGE_CURVE('',#4074,#4072,#4550,.T.);
#3348=EDGE_CURVE('',#4074,#4075,#261,.F.);
#3349=EDGE_CURVE('',#4075,#4073,#4551,.T.);
#3350=EDGE_CURVE('',#4074,#4076,#262,.T.);
#3351=EDGE_CURVE('',#4077,#4076,#263,.T.);
#3352=EDGE_CURVE('',#4075,#4077,#264,.T.);
#3353=EDGE_CURVE('',#4078,#4076,#4552,.T.);
#3354=EDGE_CURVE('',#4078,#4079,#265,.F.);
#3355=EDGE_CURVE('',#4079,#4077,#4553,.T.);
#3356=EDGE_CURVE('',#4078,#4080,#266,.T.);
#3357=EDGE_CURVE('',#4081,#4080,#267,.T.);
#3358=EDGE_CURVE('',#4079,#4081,#268,.T.);
#3359=EDGE_CURVE('',#4082,#4080,#4554,.T.);
#3360=EDGE_CURVE('',#4082,#4083,#269,.T.);
#3361=EDGE_CURVE('',#4083,#4081,#4555,.T.);
#3362=EDGE_CURVE('',#4082,#4069,#270,.T.);
#3363=EDGE_CURVE('',#4083,#4068,#271,.T.);
#3364=EDGE_CURVE('',#4084,#4085,#272,.T.);
#3365=EDGE_CURVE('',#4086,#4085,#4556,.T.);
#3366=EDGE_CURVE('',#4086,#4087,#273,.F.);
#3367=EDGE_CURVE('',#4087,#4084,#4557,.T.);
#3368=EDGE_CURVE('',#4086,#4088,#274,.T.);
#3369=EDGE_CURVE('',#4089,#4088,#275,.T.);
#3370=EDGE_CURVE('',#4087,#4089,#276,.T.);
#3371=EDGE_CURVE('',#4090,#4088,#4558,.T.);
#3372=EDGE_CURVE('',#4090,#4091,#277,.T.);
#3373=EDGE_CURVE('',#4091,#4089,#4559,.T.);
#3374=EDGE_CURVE('',#4090,#4092,#278,.T.);
#3375=EDGE_CURVE('',#4093,#4092,#279,.F.);
#3376=EDGE_CURVE('',#4091,#4093,#280,.T.);
#3377=EDGE_CURVE('',#4094,#4092,#4560,.T.);
#3378=EDGE_CURVE('',#4094,#4095,#281,.T.);
#3379=EDGE_CURVE('',#4095,#4093,#4561,.T.);
#3380=EDGE_CURVE('',#4094,#4096,#282,.T.);
#3381=EDGE_CURVE('',#4097,#4096,#283,.F.);
#3382=EDGE_CURVE('',#4095,#4097,#284,.T.);
#3383=EDGE_CURVE('',#4098,#4096,#4562,.T.);
#3384=EDGE_CURVE('',#4098,#4099,#285,.F.);
#3385=EDGE_CURVE('',#4099,#4097,#4563,.T.);
#3386=EDGE_CURVE('',#4098,#4085,#286,.T.);
#3387=EDGE_CURVE('',#4099,#4084,#287,.T.);
#3388=EDGE_CURVE('',#4100,#4101,#288,.F.);
#3389=EDGE_CURVE('',#4102,#4101,#4564,.T.);
#3390=EDGE_CURVE('',#4102,#4103,#289,.T.);
#3391=EDGE_CURVE('',#4103,#4100,#4565,.T.);
#3392=EDGE_CURVE('',#4102,#4104,#290,.T.);
#3393=EDGE_CURVE('',#4105,#4104,#291,.F.);
#3394=EDGE_CURVE('',#4103,#4105,#292,.T.);
#3395=EDGE_CURVE('',#4106,#4104,#4566,.T.);
#3396=EDGE_CURVE('',#4106,#4107,#293,.F.);
#3397=EDGE_CURVE('',#4107,#4105,#4567,.T.);
#3398=EDGE_CURVE('',#4106,#4108,#294,.T.);
#3399=EDGE_CURVE('',#4109,#4108,#295,.T.);
#3400=EDGE_CURVE('',#4107,#4109,#296,.T.);
#3401=EDGE_CURVE('',#4110,#4108,#4568,.T.);
#3402=EDGE_CURVE('',#4110,#4111,#297,.F.);
#3403=EDGE_CURVE('',#4111,#4109,#4569,.T.);
#3404=EDGE_CURVE('',#4110,#4112,#298,.T.);
#3405=EDGE_CURVE('',#4113,#4112,#299,.T.);
#3406=EDGE_CURVE('',#4111,#4113,#300,.T.);
#3407=EDGE_CURVE('',#4114,#4112,#4570,.T.);
#3408=EDGE_CURVE('',#4114,#4115,#301,.T.);
#3409=EDGE_CURVE('',#4115,#4113,#4571,.T.);
#3410=EDGE_CURVE('',#4114,#4101,#302,.T.);
#3411=EDGE_CURVE('',#4115,#4100,#303,.T.);
#3412=EDGE_CURVE('',#4116,#4117,#304,.T.);
#3413=EDGE_CURVE('',#4118,#4117,#4572,.T.);
#3414=EDGE_CURVE('',#4118,#4119,#305,.F.);
#3415=EDGE_CURVE('',#4119,#4116,#4573,.T.);
#3416=EDGE_CURVE('',#4118,#4120,#306,.T.);
#3417=EDGE_CURVE('',#4121,#4120,#307,.T.);
#3418=EDGE_CURVE('',#4119,#4121,#308,.T.);
#3419=EDGE_CURVE('',#4122,#4120,#4574,.T.);
#3420=EDGE_CURVE('',#4122,#4123,#309,.T.);
#3421=EDGE_CURVE('',#4123,#4121,#4575,.T.);
#3422=EDGE_CURVE('',#4122,#4124,#310,.T.);
#3423=EDGE_CURVE('',#4125,#4124,#311,.F.);
#3424=EDGE_CURVE('',#4123,#4125,#312,.T.);
#3425=EDGE_CURVE('',#4126,#4124,#4576,.T.);
#3426=EDGE_CURVE('',#4126,#4127,#313,.T.);
#3427=EDGE_CURVE('',#4127,#4125,#4577,.T.);
#3428=EDGE_CURVE('',#4126,#4128,#314,.T.);
#3429=EDGE_CURVE('',#4129,#4128,#315,.F.);
#3430=EDGE_CURVE('',#4127,#4129,#316,.T.);
#3431=EDGE_CURVE('',#4130,#4128,#4578,.T.);
#3432=EDGE_CURVE('',#4130,#4131,#317,.F.);
#3433=EDGE_CURVE('',#4131,#4129,#4579,.T.);
#3434=EDGE_CURVE('',#4130,#4117,#318,.T.);
#3435=EDGE_CURVE('',#4131,#4116,#319,.T.);
#3436=EDGE_CURVE('',#4132,#4133,#320,.T.);
#3437=EDGE_CURVE('',#4134,#4133,#4580,.T.);
#3438=EDGE_CURVE('',#4134,#4135,#321,.F.);
#3439=EDGE_CURVE('',#4135,#4132,#4581,.T.);
#3440=EDGE_CURVE('',#4134,#4136,#322,.T.);
#3441=EDGE_CURVE('',#4137,#4136,#323,.T.);
#3442=EDGE_CURVE('',#4135,#4137,#324,.T.);
#3443=EDGE_CURVE('',#4138,#4136,#4582,.T.);
#3444=EDGE_CURVE('',#4138,#4139,#325,.T.);
#3445=EDGE_CURVE('',#4139,#4137,#4583,.T.);
#3446=EDGE_CURVE('',#4138,#4140,#326,.T.);
#3447=EDGE_CURVE('',#4141,#4140,#327,.F.);
#3448=EDGE_CURVE('',#4139,#4141,#328,.T.);
#3449=EDGE_CURVE('',#4142,#4140,#4584,.T.);
#3450=EDGE_CURVE('',#4142,#4143,#329,.T.);
#3451=EDGE_CURVE('',#4143,#4141,#4585,.T.);
#3452=EDGE_CURVE('',#4142,#4144,#330,.T.);
#3453=EDGE_CURVE('',#4145,#4144,#331,.F.);
#3454=EDGE_CURVE('',#4143,#4145,#332,.T.);
#3455=EDGE_CURVE('',#4146,#4144,#4586,.T.);
#3456=EDGE_CURVE('',#4146,#4147,#333,.F.);
#3457=EDGE_CURVE('',#4147,#4145,#4587,.T.);
#3458=EDGE_CURVE('',#4146,#4133,#334,.T.);
#3459=EDGE_CURVE('',#4147,#4132,#335,.T.);
#3460=EDGE_CURVE('',#4148,#4149,#336,.F.);
#3461=EDGE_CURVE('',#4150,#4149,#4588,.T.);
#3462=EDGE_CURVE('',#4150,#4151,#337,.T.);
#3463=EDGE_CURVE('',#4151,#4148,#4589,.T.);
#3464=EDGE_CURVE('',#4150,#4152,#338,.T.);
#3465=EDGE_CURVE('',#4153,#4152,#339,.F.);
#3466=EDGE_CURVE('',#4151,#4153,#340,.T.);
#3467=EDGE_CURVE('',#4154,#4152,#4590,.T.);
#3468=EDGE_CURVE('',#4154,#4155,#341,.F.);
#3469=EDGE_CURVE('',#4155,#4153,#4591,.T.);
#3470=EDGE_CURVE('',#4154,#4156,#342,.T.);
#3471=EDGE_CURVE('',#4157,#4156,#343,.T.);
#3472=EDGE_CURVE('',#4155,#4157,#344,.T.);
#3473=EDGE_CURVE('',#4158,#4156,#4592,.T.);
#3474=EDGE_CURVE('',#4158,#4159,#345,.F.);
#3475=EDGE_CURVE('',#4159,#4157,#4593,.T.);
#3476=EDGE_CURVE('',#4158,#4160,#346,.T.);
#3477=EDGE_CURVE('',#4161,#4160,#347,.T.);
#3478=EDGE_CURVE('',#4159,#4161,#348,.T.);
#3479=EDGE_CURVE('',#4162,#4160,#4594,.T.);
#3480=EDGE_CURVE('',#4162,#4163,#349,.T.);
#3481=EDGE_CURVE('',#4163,#4161,#4595,.T.);
#3482=EDGE_CURVE('',#4162,#4149,#350,.T.);
#3483=EDGE_CURVE('',#4163,#4148,#351,.T.);
#3484=EDGE_CURVE('',#4164,#4165,#352,.T.);
#3485=EDGE_CURVE('',#4166,#4165,#4596,.T.);
#3486=EDGE_CURVE('',#4166,#4167,#353,.F.);
#3487=EDGE_CURVE('',#4167,#4164,#4597,.T.);
#3488=EDGE_CURVE('',#4166,#4168,#354,.T.);
#3489=EDGE_CURVE('',#4169,#4168,#355,.T.);
#3490=EDGE_CURVE('',#4167,#4169,#356,.T.);
#3491=EDGE_CURVE('',#4170,#4168,#4598,.T.);
#3492=EDGE_CURVE('',#4170,#4171,#357,.T.);
#3493=EDGE_CURVE('',#4171,#4169,#4599,.T.);
#3494=EDGE_CURVE('',#4170,#4172,#358,.T.);
#3495=EDGE_CURVE('',#4173,#4172,#359,.F.);
#3496=EDGE_CURVE('',#4171,#4173,#360,.T.);
#3497=EDGE_CURVE('',#4174,#4172,#4600,.T.);
#3498=EDGE_CURVE('',#4174,#4175,#361,.T.);
#3499=EDGE_CURVE('',#4175,#4173,#4601,.T.);
#3500=EDGE_CURVE('',#4174,#4176,#362,.T.);
#3501=EDGE_CURVE('',#4177,#4176,#363,.F.);
#3502=EDGE_CURVE('',#4175,#4177,#364,.T.);
#3503=EDGE_CURVE('',#4178,#4176,#4602,.T.);
#3504=EDGE_CURVE('',#4178,#4179,#365,.F.);
#3505=EDGE_CURVE('',#4179,#4177,#4603,.T.);
#3506=EDGE_CURVE('',#4178,#4165,#366,.T.);
#3507=EDGE_CURVE('',#4179,#4164,#367,.T.);
#3508=EDGE_CURVE('',#4180,#4181,#368,.F.);
#3509=EDGE_CURVE('',#4182,#4181,#4604,.T.);
#3510=EDGE_CURVE('',#4182,#4183,#369,.T.);
#3511=EDGE_CURVE('',#4183,#4180,#4605,.T.);
#3512=EDGE_CURVE('',#4182,#4184,#370,.T.);
#3513=EDGE_CURVE('',#4185,#4184,#371,.F.);
#3514=EDGE_CURVE('',#4183,#4185,#372,.T.);
#3515=EDGE_CURVE('',#4186,#4184,#4606,.T.);
#3516=EDGE_CURVE('',#4186,#4187,#373,.F.);
#3517=EDGE_CURVE('',#4187,#4185,#4607,.T.);
#3518=EDGE_CURVE('',#4186,#4188,#374,.T.);
#3519=EDGE_CURVE('',#4189,#4188,#375,.T.);
#3520=EDGE_CURVE('',#4187,#4189,#376,.T.);
#3521=EDGE_CURVE('',#4190,#4188,#4608,.T.);
#3522=EDGE_CURVE('',#4190,#4191,#377,.F.);
#3523=EDGE_CURVE('',#4191,#4189,#4609,.T.);
#3524=EDGE_CURVE('',#4190,#4192,#378,.T.);
#3525=EDGE_CURVE('',#4193,#4192,#379,.T.);
#3526=EDGE_CURVE('',#4191,#4193,#380,.T.);
#3527=EDGE_CURVE('',#4194,#4192,#4610,.T.);
#3528=EDGE_CURVE('',#4194,#4195,#381,.T.);
#3529=EDGE_CURVE('',#4195,#4193,#4611,.T.);
#3530=EDGE_CURVE('',#4194,#4181,#382,.T.);
#3531=EDGE_CURVE('',#4195,#4180,#383,.T.);
#3532=EDGE_CURVE('',#4196,#4197,#384,.T.);
#3533=EDGE_CURVE('',#4198,#4197,#4612,.T.);
#3534=EDGE_CURVE('',#4198,#4199,#385,.F.);
#3535=EDGE_CURVE('',#4199,#4196,#4613,.T.);
#3536=EDGE_CURVE('',#4198,#4200,#386,.T.);
#3537=EDGE_CURVE('',#4201,#4200,#387,.T.);
#3538=EDGE_CURVE('',#4199,#4201,#388,.T.);
#3539=EDGE_CURVE('',#4202,#4200,#4614,.T.);
#3540=EDGE_CURVE('',#4202,#4203,#389,.T.);
#3541=EDGE_CURVE('',#4203,#4201,#4615,.T.);
#3542=EDGE_CURVE('',#4202,#4204,#390,.T.);
#3543=EDGE_CURVE('',#4205,#4204,#391,.F.);
#3544=EDGE_CURVE('',#4203,#4205,#392,.T.);
#3545=EDGE_CURVE('',#4206,#4204,#4616,.T.);
#3546=EDGE_CURVE('',#4206,#4207,#393,.T.);
#3547=EDGE_CURVE('',#4207,#4205,#4617,.T.);
#3548=EDGE_CURVE('',#4206,#4208,#394,.T.);
#3549=EDGE_CURVE('',#4209,#4208,#395,.F.);
#3550=EDGE_CURVE('',#4207,#4209,#396,.T.);
#3551=EDGE_CURVE('',#4210,#4208,#4618,.T.);
#3552=EDGE_CURVE('',#4210,#4211,#397,.F.);
#3553=EDGE_CURVE('',#4211,#4209,#4619,.T.);
#3554=EDGE_CURVE('',#4210,#4197,#398,.T.);
#3555=EDGE_CURVE('',#4211,#4196,#399,.T.);
#3556=EDGE_CURVE('',#4212,#4213,#400,.F.);
#3557=EDGE_CURVE('',#4214,#4213,#4620,.T.);
#3558=EDGE_CURVE('',#4214,#4215,#401,.T.);
#3559=EDGE_CURVE('',#4215,#4212,#4621,.T.);
#3560=EDGE_CURVE('',#4214,#4216,#402,.T.);
#3561=EDGE_CURVE('',#4217,#4216,#403,.F.);
#3562=EDGE_CURVE('',#4215,#4217,#404,.T.);
#3563=EDGE_CURVE('',#4218,#4216,#4622,.T.);
#3564=EDGE_CURVE('',#4218,#4219,#405,.F.);
#3565=EDGE_CURVE('',#4219,#4217,#4623,.T.);
#3566=EDGE_CURVE('',#4218,#4220,#406,.T.);
#3567=EDGE_CURVE('',#4221,#4220,#407,.T.);
#3568=EDGE_CURVE('',#4219,#4221,#408,.T.);
#3569=EDGE_CURVE('',#4222,#4220,#4624,.T.);
#3570=EDGE_CURVE('',#4222,#4223,#409,.F.);
#3571=EDGE_CURVE('',#4223,#4221,#4625,.T.);
#3572=EDGE_CURVE('',#4222,#4224,#410,.T.);
#3573=EDGE_CURVE('',#4225,#4224,#411,.T.);
#3574=EDGE_CURVE('',#4223,#4225,#412,.T.);
#3575=EDGE_CURVE('',#4226,#4224,#4626,.T.);
#3576=EDGE_CURVE('',#4226,#4227,#413,.T.);
#3577=EDGE_CURVE('',#4227,#4225,#4627,.T.);
#3578=EDGE_CURVE('',#4226,#4213,#414,.T.);
#3579=EDGE_CURVE('',#4227,#4212,#415,.T.);
#3580=EDGE_CURVE('',#4228,#4229,#416,.T.);
#3581=EDGE_CURVE('',#4230,#4229,#4628,.T.);
#3582=EDGE_CURVE('',#4230,#4231,#417,.F.);
#3583=EDGE_CURVE('',#4231,#4228,#4629,.T.);
#3584=EDGE_CURVE('',#4230,#4232,#418,.T.);
#3585=EDGE_CURVE('',#4233,#4232,#419,.T.);
#3586=EDGE_CURVE('',#4231,#4233,#420,.T.);
#3587=EDGE_CURVE('',#4234,#4232,#4630,.T.);
#3588=EDGE_CURVE('',#4234,#4235,#421,.T.);
#3589=EDGE_CURVE('',#4235,#4233,#4631,.T.);
#3590=EDGE_CURVE('',#4234,#4236,#422,.T.);
#3591=EDGE_CURVE('',#4237,#4236,#423,.F.);
#3592=EDGE_CURVE('',#4235,#4237,#424,.T.);
#3593=EDGE_CURVE('',#4238,#4236,#4632,.T.);
#3594=EDGE_CURVE('',#4238,#4239,#425,.T.);
#3595=EDGE_CURVE('',#4239,#4237,#4633,.T.);
#3596=EDGE_CURVE('',#4238,#4240,#426,.T.);
#3597=EDGE_CURVE('',#4241,#4240,#427,.F.);
#3598=EDGE_CURVE('',#4239,#4241,#428,.T.);
#3599=EDGE_CURVE('',#4242,#4240,#4634,.T.);
#3600=EDGE_CURVE('',#4242,#4243,#429,.F.);
#3601=EDGE_CURVE('',#4243,#4241,#4635,.T.);
#3602=EDGE_CURVE('',#4242,#4229,#430,.T.);
#3603=EDGE_CURVE('',#4243,#4228,#431,.T.);
#3604=EDGE_CURVE('',#4244,#4245,#432,.F.);
#3605=EDGE_CURVE('',#4246,#4245,#4636,.T.);
#3606=EDGE_CURVE('',#4246,#4247,#433,.T.);
#3607=EDGE_CURVE('',#4247,#4244,#4637,.T.);
#3608=EDGE_CURVE('',#4246,#4248,#434,.T.);
#3609=EDGE_CURVE('',#4249,#4248,#435,.F.);
#3610=EDGE_CURVE('',#4247,#4249,#436,.T.);
#3611=EDGE_CURVE('',#4250,#4248,#4638,.T.);
#3612=EDGE_CURVE('',#4250,#4251,#437,.F.);
#3613=EDGE_CURVE('',#4251,#4249,#4639,.T.);
#3614=EDGE_CURVE('',#4250,#4252,#438,.T.);
#3615=EDGE_CURVE('',#4253,#4252,#439,.T.);
#3616=EDGE_CURVE('',#4251,#4253,#440,.T.);
#3617=EDGE_CURVE('',#4254,#4252,#4640,.T.);
#3618=EDGE_CURVE('',#4254,#4255,#441,.F.);
#3619=EDGE_CURVE('',#4255,#4253,#4641,.T.);
#3620=EDGE_CURVE('',#4254,#4256,#442,.T.);
#3621=EDGE_CURVE('',#4257,#4256,#443,.T.);
#3622=EDGE_CURVE('',#4255,#4257,#444,.T.);
#3623=EDGE_CURVE('',#4258,#4256,#4642,.T.);
#3624=EDGE_CURVE('',#4258,#4259,#445,.T.);
#3625=EDGE_CURVE('',#4259,#4257,#4643,.T.);
#3626=EDGE_CURVE('',#4258,#4245,#446,.T.);
#3627=EDGE_CURVE('',#4259,#4244,#447,.T.);
#3628=EDGE_CURVE('',#4260,#4261,#448,.T.);
#3629=EDGE_CURVE('',#4262,#4261,#4644,.T.);
#3630=EDGE_CURVE('',#4262,#4263,#449,.F.);
#3631=EDGE_CURVE('',#4263,#4260,#4645,.T.);
#3632=EDGE_CURVE('',#4262,#4264,#450,.T.);
#3633=EDGE_CURVE('',#4265,#4264,#451,.T.);
#3634=EDGE_CURVE('',#4263,#4265,#452,.T.);
#3635=EDGE_CURVE('',#4266,#4264,#4646,.T.);
#3636=EDGE_CURVE('',#4266,#4267,#453,.T.);
#3637=EDGE_CURVE('',#4267,#4265,#4647,.T.);
#3638=EDGE_CURVE('',#4266,#4268,#454,.T.);
#3639=EDGE_CURVE('',#4269,#4268,#455,.F.);
#3640=EDGE_CURVE('',#4267,#4269,#456,.T.);
#3641=EDGE_CURVE('',#4270,#4268,#4648,.T.);
#3642=EDGE_CURVE('',#4270,#4271,#457,.T.);
#3643=EDGE_CURVE('',#4271,#4269,#4649,.T.);
#3644=EDGE_CURVE('',#4270,#4272,#458,.T.);
#3645=EDGE_CURVE('',#4273,#4272,#459,.F.);
#3646=EDGE_CURVE('',#4271,#4273,#460,.T.);
#3647=EDGE_CURVE('',#4274,#4272,#4650,.T.);
#3648=EDGE_CURVE('',#4274,#4275,#461,.F.);
#3649=EDGE_CURVE('',#4275,#4273,#4651,.T.);
#3650=EDGE_CURVE('',#4274,#4261,#462,.T.);
#3651=EDGE_CURVE('',#4275,#4260,#463,.T.);
#3652=EDGE_CURVE('',#4276,#4277,#464,.F.);
#3653=EDGE_CURVE('',#4278,#4277,#4652,.T.);
#3654=EDGE_CURVE('',#4278,#4279,#465,.T.);
#3655=EDGE_CURVE('',#4279,#4276,#4653,.T.);
#3656=EDGE_CURVE('',#4278,#4280,#466,.T.);
#3657=EDGE_CURVE('',#4281,#4280,#467,.F.);
#3658=EDGE_CURVE('',#4279,#4281,#468,.T.);
#3659=EDGE_CURVE('',#4282,#4280,#4654,.T.);
#3660=EDGE_CURVE('',#4282,#4283,#469,.F.);
#3661=EDGE_CURVE('',#4283,#4281,#4655,.T.);
#3662=EDGE_CURVE('',#4282,#4284,#470,.T.);
#3663=EDGE_CURVE('',#4285,#4284,#471,.T.);
#3664=EDGE_CURVE('',#4283,#4285,#472,.T.);
#3665=EDGE_CURVE('',#4286,#4284,#4656,.T.);
#3666=EDGE_CURVE('',#4286,#4287,#473,.F.);
#3667=EDGE_CURVE('',#4287,#4285,#4657,.T.);
#3668=EDGE_CURVE('',#4286,#4288,#474,.T.);
#3669=EDGE_CURVE('',#4289,#4288,#475,.T.);
#3670=EDGE_CURVE('',#4287,#4289,#476,.T.);
#3671=EDGE_CURVE('',#4290,#4288,#4658,.T.);
#3672=EDGE_CURVE('',#4290,#4291,#477,.T.);
#3673=EDGE_CURVE('',#4291,#4289,#4659,.T.);
#3674=EDGE_CURVE('',#4290,#4277,#478,.T.);
#3675=EDGE_CURVE('',#4291,#4276,#479,.T.);
#3676=EDGE_CURVE('',#4292,#4293,#480,.T.);
#3677=EDGE_CURVE('',#4294,#4293,#4660,.T.);
#3678=EDGE_CURVE('',#4294,#4295,#481,.F.);
#3679=EDGE_CURVE('',#4295,#4292,#4661,.T.);
#3680=EDGE_CURVE('',#4294,#4296,#482,.T.);
#3681=EDGE_CURVE('',#4297,#4296,#483,.T.);
#3682=EDGE_CURVE('',#4295,#4297,#484,.T.);
#3683=EDGE_CURVE('',#4298,#4296,#4662,.T.);
#3684=EDGE_CURVE('',#4298,#4299,#485,.T.);
#3685=EDGE_CURVE('',#4299,#4297,#4663,.T.);
#3686=EDGE_CURVE('',#4298,#4300,#486,.T.);
#3687=EDGE_CURVE('',#4301,#4300,#487,.F.);
#3688=EDGE_CURVE('',#4299,#4301,#488,.T.);
#3689=EDGE_CURVE('',#4302,#4300,#4664,.T.);
#3690=EDGE_CURVE('',#4302,#4303,#489,.T.);
#3691=EDGE_CURVE('',#4303,#4301,#4665,.T.);
#3692=EDGE_CURVE('',#4302,#4304,#490,.T.);
#3693=EDGE_CURVE('',#4305,#4304,#491,.F.);
#3694=EDGE_CURVE('',#4303,#4305,#492,.T.);
#3695=EDGE_CURVE('',#4306,#4304,#4666,.T.);
#3696=EDGE_CURVE('',#4306,#4307,#493,.F.);
#3697=EDGE_CURVE('',#4307,#4305,#4667,.T.);
#3698=EDGE_CURVE('',#4306,#4293,#494,.T.);
#3699=EDGE_CURVE('',#4307,#4292,#495,.T.);
#3700=EDGE_CURVE('',#4308,#4309,#496,.T.);
#3701=EDGE_CURVE('',#3824,#4308,#497,.T.);
#3702=EDGE_CURVE('',#3827,#4309,#498,.T.);
#3703=EDGE_CURVE('',#3826,#4310,#499,.T.);
#3704=EDGE_CURVE('',#4310,#4309,#500,.T.);
#3705=EDGE_CURVE('',#3825,#4311,#501,.T.);
#3706=EDGE_CURVE('',#4311,#4308,#502,.T.);
#3707=EDGE_CURVE('',#4312,#4312,#4668,.F.);
#3708=EDGE_CURVE('',#4313,#4313,#4669,.F.);
#3709=EDGE_CURVE('',#4314,#4314,#4670,.F.);
#3710=EDGE_CURVE('',#4315,#4315,#4671,.F.);
#3711=EDGE_CURVE('',#4316,#4316,#4672,.F.);
#3712=EDGE_CURVE('',#4310,#4311,#503,.T.);
#3713=EDGE_CURVE('',#4317,#4317,#4673,.T.);
#3714=EDGE_CURVE('',#4318,#4318,#4674,.T.);
#3715=EDGE_CURVE('',#4319,#4319,#4675,.T.);
#3716=EDGE_CURVE('',#4320,#4320,#4676,.T.);
#3717=EDGE_CURVE('',#4321,#4321,#4677,.T.);
#3718=VERTEX_POINT('',#8844);
#3719=VERTEX_POINT('',#8847);
#3720=VERTEX_POINT('',#8850);
#3721=VERTEX_POINT('',#8853);
#3722=VERTEX_POINT('',#8856);
#3723=VERTEX_POINT('',#8859);
#3724=VERTEX_POINT('',#8862);
#3725=VERTEX_POINT('',#8865);
#3726=VERTEX_POINT('',#8868);
#3727=VERTEX_POINT('',#8871);
#3728=VERTEX_POINT('',#8874);
#3729=VERTEX_POINT('',#8877);
#3730=VERTEX_POINT('',#8880);
#3731=VERTEX_POINT('',#8883);
#3732=VERTEX_POINT('',#8886);
#3733=VERTEX_POINT('',#8889);
#3734=VERTEX_POINT('',#8892);
#3735=VERTEX_POINT('',#8895);
#3736=VERTEX_POINT('',#8898);
#3737=VERTEX_POINT('',#8901);
#3738=VERTEX_POINT('',#8904);
#3739=VERTEX_POINT('',#8907);
#3740=VERTEX_POINT('',#8910);
#3741=VERTEX_POINT('',#8913);
#3742=VERTEX_POINT('',#8916);
#3743=VERTEX_POINT('',#8919);
#3744=VERTEX_POINT('',#8922);
#3745=VERTEX_POINT('',#8925);
#3746=VERTEX_POINT('',#8928);
#3747=VERTEX_POINT('',#8931);
#3748=VERTEX_POINT('',#8934);
#3749=VERTEX_POINT('',#8937);
#3750=VERTEX_POINT('',#8940);
#3751=VERTEX_POINT('',#8943);
#3752=VERTEX_POINT('',#8946);
#3753=VERTEX_POINT('',#8949);
#3754=VERTEX_POINT('',#8952);
#3755=VERTEX_POINT('',#8955);
#3756=VERTEX_POINT('',#8957);
#3757=VERTEX_POINT('',#8960);
#3758=VERTEX_POINT('',#8963);
#3759=VERTEX_POINT('',#8966);
#3760=VERTEX_POINT('',#8968);
#3761=VERTEX_POINT('',#8971);
#3762=VERTEX_POINT('',#8974);
#3763=VERTEX_POINT('',#8977);
#3764=VERTEX_POINT('',#8980);
#3765=VERTEX_POINT('',#8982);
#3766=VERTEX_POINT('',#8985);
#3767=VERTEX_POINT('',#8987);
#3768=VERTEX_POINT('',#8990);
#3769=VERTEX_POINT('',#8992);
#3770=VERTEX_POINT('',#8995);
#3771=VERTEX_POINT('',#8998);
#3772=VERTEX_POINT('',#9000);
#3773=VERTEX_POINT('',#9003);
#3774=VERTEX_POINT('',#9005);
#3775=VERTEX_POINT('',#9008);
#3776=VERTEX_POINT('',#9011);
#3777=VERTEX_POINT('',#9014);
#3778=VERTEX_POINT('',#9016);
#3779=VERTEX_POINT('',#9019);
#3780=VERTEX_POINT('',#9021);
#3781=VERTEX_POINT('',#9024);
#3782=VERTEX_POINT('',#9026);
#3783=VERTEX_POINT('',#9029);
#3784=VERTEX_POINT('',#9031);
#3785=VERTEX_POINT('',#9034);
#3786=VERTEX_POINT('',#9036);
#3787=VERTEX_POINT('',#9039);
#3788=VERTEX_POINT('',#9041);
#3789=VERTEX_POINT('',#9044);
#3790=VERTEX_POINT('',#9046);
#3791=VERTEX_POINT('',#9049);
#3792=VERTEX_POINT('',#9051);
#3793=VERTEX_POINT('',#9054);
#3794=VERTEX_POINT('',#9056);
#3795=VERTEX_POINT('',#9059);
#3796=VERTEX_POINT('',#9061);
#3797=VERTEX_POINT('',#9064);
#3798=VERTEX_POINT('',#9066);
#3799=VERTEX_POINT('',#9069);
#3800=VERTEX_POINT('',#9071);
#3801=VERTEX_POINT('',#9074);
#3802=VERTEX_POINT('',#9076);
#3803=VERTEX_POINT('',#9079);
#3804=VERTEX_POINT('',#9081);
#3805=VERTEX_POINT('',#9084);
#3806=VERTEX_POINT('',#9087);
#3807=VERTEX_POINT('',#9089);
#3808=VERTEX_POINT('',#9092);
#3809=VERTEX_POINT('',#9094);
#3810=VERTEX_POINT('',#9097);
#3811=VERTEX_POINT('',#9100);
#3812=VERTEX_POINT('',#9103);
#3813=VERTEX_POINT('',#9105);
#3814=VERTEX_POINT('',#9108);
#3815=VERTEX_POINT('',#9111);
#3816=VERTEX_POINT('',#9114);
#3817=VERTEX_POINT('',#9117);
#3818=VERTEX_POINT('',#9120);
#3819=VERTEX_POINT('',#9123);
#3820=VERTEX_POINT('',#9126);
#3821=VERTEX_POINT('',#9129);
#3822=VERTEX_POINT('',#9132);
#3823=VERTEX_POINT('',#9135);
#3824=VERTEX_POINT('',#9138);
#3825=VERTEX_POINT('',#9139);
#3826=VERTEX_POINT('',#9141);
#3827=VERTEX_POINT('',#9143);
#3828=VERTEX_POINT('',#9147);
#3829=VERTEX_POINT('',#9148);
#3830=VERTEX_POINT('',#9150);
#3831=VERTEX_POINT('',#9152);
#3832=VERTEX_POINT('',#9156);
#3833=VERTEX_POINT('',#9158);
#3834=VERTEX_POINT('',#9162);
#3835=VERTEX_POINT('',#9164);
#3836=VERTEX_POINT('',#9168);
#3837=VERTEX_POINT('',#9170);
#3838=VERTEX_POINT('',#9174);
#3839=VERTEX_POINT('',#9176);
#3840=VERTEX_POINT('',#9180);
#3841=VERTEX_POINT('',#9182);
#3842=VERTEX_POINT('',#9186);
#3843=VERTEX_POINT('',#9188);
#3844=VERTEX_POINT('',#9195);
#3845=VERTEX_POINT('',#9196);
#3846=VERTEX_POINT('',#9198);
#3847=VERTEX_POINT('',#9200);
#3848=VERTEX_POINT('',#9204);
#3849=VERTEX_POINT('',#9206);
#3850=VERTEX_POINT('',#9210);
#3851=VERTEX_POINT('',#9212);
#3852=VERTEX_POINT('',#9216);
#3853=VERTEX_POINT('',#9218);
#3854=VERTEX_POINT('',#9222);
#3855=VERTEX_POINT('',#9224);
#3856=VERTEX_POINT('',#9228);
#3857=VERTEX_POINT('',#9230);
#3858=VERTEX_POINT('',#9234);
#3859=VERTEX_POINT('',#9236);
#3860=VERTEX_POINT('',#9243);
#3861=VERTEX_POINT('',#9244);
#3862=VERTEX_POINT('',#9246);
#3863=VERTEX_POINT('',#9248);
#3864=VERTEX_POINT('',#9252);
#3865=VERTEX_POINT('',#9254);
#3866=VERTEX_POINT('',#9258);
#3867=VERTEX_POINT('',#9260);
#3868=VERTEX_POINT('',#9264);
#3869=VERTEX_POINT('',#9266);
#3870=VERTEX_POINT('',#9270);
#3871=VERTEX_POINT('',#9272);
#3872=VERTEX_POINT('',#9276);
#3873=VERTEX_POINT('',#9278);
#3874=VERTEX_POINT('',#9282);
#3875=VERTEX_POINT('',#9284);
#3876=VERTEX_POINT('',#9291);
#3877=VERTEX_POINT('',#9292);
#3878=VERTEX_POINT('',#9294);
#3879=VERTEX_POINT('',#9296);
#3880=VERTEX_POINT('',#9300);
#3881=VERTEX_POINT('',#9302);
#3882=VERTEX_POINT('',#9306);
#3883=VERTEX_POINT('',#9308);
#3884=VERTEX_POINT('',#9312);
#3885=VERTEX_POINT('',#9314);
#3886=VERTEX_POINT('',#9318);
#3887=VERTEX_POINT('',#9320);
#3888=VERTEX_POINT('',#9324);
#3889=VERTEX_POINT('',#9326);
#3890=VERTEX_POINT('',#9330);
#3891=VERTEX_POINT('',#9332);
#3892=VERTEX_POINT('',#9339);
#3893=VERTEX_POINT('',#9340);
#3894=VERTEX_POINT('',#9342);
#3895=VERTEX_POINT('',#9344);
#3896=VERTEX_POINT('',#9348);
#3897=VERTEX_POINT('',#9350);
#3898=VERTEX_POINT('',#9354);
#3899=VERTEX_POINT('',#9356);
#3900=VERTEX_POINT('',#9360);
#3901=VERTEX_POINT('',#9362);
#3902=VERTEX_POINT('',#9366);
#3903=VERTEX_POINT('',#9368);
#3904=VERTEX_POINT('',#9372);
#3905=VERTEX_POINT('',#9374);
#3906=VERTEX_POINT('',#9378);
#3907=VERTEX_POINT('',#9380);
#3908=VERTEX_POINT('',#9387);
#3909=VERTEX_POINT('',#9388);
#3910=VERTEX_POINT('',#9390);
#3911=VERTEX_POINT('',#9392);
#3912=VERTEX_POINT('',#9396);
#3913=VERTEX_POINT('',#9398);
#3914=VERTEX_POINT('',#9402);
#3915=VERTEX_POINT('',#9404);
#3916=VERTEX_POINT('',#9408);
#3917=VERTEX_POINT('',#9410);
#3918=VERTEX_POINT('',#9414);
#3919=VERTEX_POINT('',#9416);
#3920=VERTEX_POINT('',#9420);
#3921=VERTEX_POINT('',#9422);
#3922=VERTEX_POINT('',#9426);
#3923=VERTEX_POINT('',#9428);
#3924=VERTEX_POINT('',#9435);
#3925=VERTEX_POINT('',#9436);
#3926=VERTEX_POINT('',#9438);
#3927=VERTEX_POINT('',#9440);
#3928=VERTEX_POINT('',#9444);
#3929=VERTEX_POINT('',#9446);
#3930=VERTEX_POINT('',#9450);
#3931=VERTEX_POINT('',#9452);
#3932=VERTEX_POINT('',#9456);
#3933=VERTEX_POINT('',#9458);
#3934=VERTEX_POINT('',#9462);
#3935=VERTEX_POINT('',#9464);
#3936=VERTEX_POINT('',#9468);
#3937=VERTEX_POINT('',#9470);
#3938=VERTEX_POINT('',#9474);
#3939=VERTEX_POINT('',#9476);
#3940=VERTEX_POINT('',#9483);
#3941=VERTEX_POINT('',#9484);
#3942=VERTEX_POINT('',#9486);
#3943=VERTEX_POINT('',#9488);
#3944=VERTEX_POINT('',#9492);
#3945=VERTEX_POINT('',#9494);
#3946=VERTEX_POINT('',#9498);
#3947=VERTEX_POINT('',#9500);
#3948=VERTEX_POINT('',#9504);
#3949=VERTEX_POINT('',#9506);
#3950=VERTEX_POINT('',#9510);
#3951=VERTEX_POINT('',#9512);
#3952=VERTEX_POINT('',#9516);
#3953=VERTEX_POINT('',#9518);
#3954=VERTEX_POINT('',#9522);
#3955=VERTEX_POINT('',#9524);
#3956=VERTEX_POINT('',#9531);
#3957=VERTEX_POINT('',#9532);
#3958=VERTEX_POINT('',#9534);
#3959=VERTEX_POINT('',#9536);
#3960=VERTEX_POINT('',#9540);
#3961=VERTEX_POINT('',#9542);
#3962=VERTEX_POINT('',#9546);
#3963=VERTEX_POINT('',#9548);
#3964=VERTEX_POINT('',#9552);
#3965=VERTEX_POINT('',#9554);
#3966=VERTEX_POINT('',#9558);
#3967=VERTEX_POINT('',#9560);
#3968=VERTEX_POINT('',#9564);
#3969=VERTEX_POINT('',#9566);
#3970=VERTEX_POINT('',#9570);
#3971=VERTEX_POINT('',#9572);
#3972=VERTEX_POINT('',#9579);
#3973=VERTEX_POINT('',#9580);
#3974=VERTEX_POINT('',#9582);
#3975=VERTEX_POINT('',#9584);
#3976=VERTEX_POINT('',#9588);
#3977=VERTEX_POINT('',#9590);
#3978=VERTEX_POINT('',#9594);
#3979=VERTEX_POINT('',#9596);
#3980=VERTEX_POINT('',#9600);
#3981=VERTEX_POINT('',#9602);
#3982=VERTEX_POINT('',#9606);
#3983=VERTEX_POINT('',#9608);
#3984=VERTEX_POINT('',#9612);
#3985=VERTEX_POINT('',#9614);
#3986=VERTEX_POINT('',#9618);
#3987=VERTEX_POINT('',#9620);
#3988=VERTEX_POINT('',#9627);
#3989=VERTEX_POINT('',#9628);
#3990=VERTEX_POINT('',#9630);
#3991=VERTEX_POINT('',#9632);
#3992=VERTEX_POINT('',#9636);
#3993=VERTEX_POINT('',#9638);
#3994=VERTEX_POINT('',#9642);
#3995=VERTEX_POINT('',#9644);
#3996=VERTEX_POINT('',#9648);
#3997=VERTEX_POINT('',#9650);
#3998=VERTEX_POINT('',#9654);
#3999=VERTEX_POINT('',#9656);
#4000=VERTEX_POINT('',#9660);
#4001=VERTEX_POINT('',#9662);
#4002=VERTEX_POINT('',#9666);
#4003=VERTEX_POINT('',#9668);
#4004=VERTEX_POINT('',#9675);
#4005=VERTEX_POINT('',#9676);
#4006=VERTEX_POINT('',#9678);
#4007=VERTEX_POINT('',#9680);
#4008=VERTEX_POINT('',#9684);
#4009=VERTEX_POINT('',#9686);
#4010=VERTEX_POINT('',#9690);
#4011=VERTEX_POINT('',#9692);
#4012=VERTEX_POINT('',#9696);
#4013=VERTEX_POINT('',#9698);
#4014=VERTEX_POINT('',#9702);
#4015=VERTEX_POINT('',#9704);
#4016=VERTEX_POINT('',#9708);
#4017=VERTEX_POINT('',#9710);
#4018=VERTEX_POINT('',#9714);
#4019=VERTEX_POINT('',#9716);
#4020=VERTEX_POINT('',#9723);
#4021=VERTEX_POINT('',#9724);
#4022=VERTEX_POINT('',#9726);
#4023=VERTEX_POINT('',#9728);
#4024=VERTEX_POINT('',#9732);
#4025=VERTEX_POINT('',#9734);
#4026=VERTEX_POINT('',#9738);
#4027=VERTEX_POINT('',#9740);
#4028=VERTEX_POINT('',#9744);
#4029=VERTEX_POINT('',#9746);
#4030=VERTEX_POINT('',#9750);
#4031=VERTEX_POINT('',#9752);
#4032=VERTEX_POINT('',#9756);
#4033=VERTEX_POINT('',#9758);
#4034=VERTEX_POINT('',#9762);
#4035=VERTEX_POINT('',#9764);
#4036=VERTEX_POINT('',#9771);
#4037=VERTEX_POINT('',#9772);
#4038=VERTEX_POINT('',#9774);
#4039=VERTEX_POINT('',#9776);
#4040=VERTEX_POINT('',#9780);
#4041=VERTEX_POINT('',#9782);
#4042=VERTEX_POINT('',#9786);
#4043=VERTEX_POINT('',#9788);
#4044=VERTEX_POINT('',#9792);
#4045=VERTEX_POINT('',#9794);
#4046=VERTEX_POINT('',#9798);
#4047=VERTEX_POINT('',#9800);
#4048=VERTEX_POINT('',#9804);
#4049=VERTEX_POINT('',#9806);
#4050=VERTEX_POINT('',#9810);
#4051=VERTEX_POINT('',#9812);
#4052=VERTEX_POINT('',#9819);
#4053=VERTEX_POINT('',#9820);
#4054=VERTEX_POINT('',#9822);
#4055=VERTEX_POINT('',#9824);
#4056=VERTEX_POINT('',#9828);
#4057=VERTEX_POINT('',#9830);
#4058=VERTEX_POINT('',#9834);
#4059=VERTEX_POINT('',#9836);
#4060=VERTEX_POINT('',#9840);
#4061=VERTEX_POINT('',#9842);
#4062=VERTEX_POINT('',#9846);
#4063=VERTEX_POINT('',#9848);
#4064=VERTEX_POINT('',#9852);
#4065=VERTEX_POINT('',#9854);
#4066=VERTEX_POINT('',#9858);
#4067=VERTEX_POINT('',#9860);
#4068=VERTEX_POINT('',#9867);
#4069=VERTEX_POINT('',#9868);
#4070=VERTEX_POINT('',#9870);
#4071=VERTEX_POINT('',#9872);
#4072=VERTEX_POINT('',#9876);
#4073=VERTEX_POINT('',#9878);
#4074=VERTEX_POINT('',#9882);
#4075=VERTEX_POINT('',#9884);
#4076=VERTEX_POINT('',#9888);
#4077=VERTEX_POINT('',#9890);
#4078=VERTEX_POINT('',#9894);
#4079=VERTEX_POINT('',#9896);
#4080=VERTEX_POINT('',#9900);
#4081=VERTEX_POINT('',#9902);
#4082=VERTEX_POINT('',#9906);
#4083=VERTEX_POINT('',#9908);
#4084=VERTEX_POINT('',#9915);
#4085=VERTEX_POINT('',#9916);
#4086=VERTEX_POINT('',#9918);
#4087=VERTEX_POINT('',#9920);
#4088=VERTEX_POINT('',#9924);
#4089=VERTEX_POINT('',#9926);
#4090=VERTEX_POINT('',#9930);
#4091=VERTEX_POINT('',#9932);
#4092=VERTEX_POINT('',#9936);
#4093=VERTEX_POINT('',#9938);
#4094=VERTEX_POINT('',#9942);
#4095=VERTEX_POINT('',#9944);
#4096=VERTEX_POINT('',#9948);
#4097=VERTEX_POINT('',#9950);
#4098=VERTEX_POINT('',#9954);
#4099=VERTEX_POINT('',#9956);
#4100=VERTEX_POINT('',#9963);
#4101=VERTEX_POINT('',#9964);
#4102=VERTEX_POINT('',#9966);
#4103=VERTEX_POINT('',#9968);
#4104=VERTEX_POINT('',#9972);
#4105=VERTEX_POINT('',#9974);
#4106=VERTEX_POINT('',#9978);
#4107=VERTEX_POINT('',#9980);
#4108=VERTEX_POINT('',#9984);
#4109=VERTEX_POINT('',#9986);
#4110=VERTEX_POINT('',#9990);
#4111=VERTEX_POINT('',#9992);
#4112=VERTEX_POINT('',#9996);
#4113=VERTEX_POINT('',#9998);
#4114=VERTEX_POINT('',#10002);
#4115=VERTEX_POINT('',#10004);
#4116=VERTEX_POINT('',#10011);
#4117=VERTEX_POINT('',#10012);
#4118=VERTEX_POINT('',#10014);
#4119=VERTEX_POINT('',#10016);
#4120=VERTEX_POINT('',#10020);
#4121=VERTEX_POINT('',#10022);
#4122=VERTEX_POINT('',#10026);
#4123=VERTEX_POINT('',#10028);
#4124=VERTEX_POINT('',#10032);
#4125=VERTEX_POINT('',#10034);
#4126=VERTEX_POINT('',#10038);
#4127=VERTEX_POINT('',#10040);
#4128=VERTEX_POINT('',#10044);
#4129=VERTEX_POINT('',#10046);
#4130=VERTEX_POINT('',#10050);
#4131=VERTEX_POINT('',#10052);
#4132=VERTEX_POINT('',#10059);
#4133=VERTEX_POINT('',#10060);
#4134=VERTEX_POINT('',#10062);
#4135=VERTEX_POINT('',#10064);
#4136=VERTEX_POINT('',#10068);
#4137=VERTEX_POINT('',#10070);
#4138=VERTEX_POINT('',#10074);
#4139=VERTEX_POINT('',#10076);
#4140=VERTEX_POINT('',#10080);
#4141=VERTEX_POINT('',#10082);
#4142=VERTEX_POINT('',#10086);
#4143=VERTEX_POINT('',#10088);
#4144=VERTEX_POINT('',#10092);
#4145=VERTEX_POINT('',#10094);
#4146=VERTEX_POINT('',#10098);
#4147=VERTEX_POINT('',#10100);
#4148=VERTEX_POINT('',#10107);
#4149=VERTEX_POINT('',#10108);
#4150=VERTEX_POINT('',#10110);
#4151=VERTEX_POINT('',#10112);
#4152=VERTEX_POINT('',#10116);
#4153=VERTEX_POINT('',#10118);
#4154=VERTEX_POINT('',#10122);
#4155=VERTEX_POINT('',#10124);
#4156=VERTEX_POINT('',#10128);
#4157=VERTEX_POINT('',#10130);
#4158=VERTEX_POINT('',#10134);
#4159=VERTEX_POINT('',#10136);
#4160=VERTEX_POINT('',#10140);
#4161=VERTEX_POINT('',#10142);
#4162=VERTEX_POINT('',#10146);
#4163=VERTEX_POINT('',#10148);
#4164=VERTEX_POINT('',#10155);
#4165=VERTEX_POINT('',#10156);
#4166=VERTEX_POINT('',#10158);
#4167=VERTEX_POINT('',#10160);
#4168=VERTEX_POINT('',#10164);
#4169=VERTEX_POINT('',#10166);
#4170=VERTEX_POINT('',#10170);
#4171=VERTEX_POINT('',#10172);
#4172=VERTEX_POINT('',#10176);
#4173=VERTEX_POINT('',#10178);
#4174=VERTEX_POINT('',#10182);
#4175=VERTEX_POINT('',#10184);
#4176=VERTEX_POINT('',#10188);
#4177=VERTEX_POINT('',#10190);
#4178=VERTEX_POINT('',#10194);
#4179=VERTEX_POINT('',#10196);
#4180=VERTEX_POINT('',#10203);
#4181=VERTEX_POINT('',#10204);
#4182=VERTEX_POINT('',#10206);
#4183=VERTEX_POINT('',#10208);
#4184=VERTEX_POINT('',#10212);
#4185=VERTEX_POINT('',#10214);
#4186=VERTEX_POINT('',#10218);
#4187=VERTEX_POINT('',#10220);
#4188=VERTEX_POINT('',#10224);
#4189=VERTEX_POINT('',#10226);
#4190=VERTEX_POINT('',#10230);
#4191=VERTEX_POINT('',#10232);
#4192=VERTEX_POINT('',#10236);
#4193=VERTEX_POINT('',#10238);
#4194=VERTEX_POINT('',#10242);
#4195=VERTEX_POINT('',#10244);
#4196=VERTEX_POINT('',#10251);
#4197=VERTEX_POINT('',#10252);
#4198=VERTEX_POINT('',#10254);
#4199=VERTEX_POINT('',#10256);
#4200=VERTEX_POINT('',#10260);
#4201=VERTEX_POINT('',#10262);
#4202=VERTEX_POINT('',#10266);
#4203=VERTEX_POINT('',#10268);
#4204=VERTEX_POINT('',#10272);
#4205=VERTEX_POINT('',#10274);
#4206=VERTEX_POINT('',#10278);
#4207=VERTEX_POINT('',#10280);
#4208=VERTEX_POINT('',#10284);
#4209=VERTEX_POINT('',#10286);
#4210=VERTEX_POINT('',#10290);
#4211=VERTEX_POINT('',#10292);
#4212=VERTEX_POINT('',#10299);
#4213=VERTEX_POINT('',#10300);
#4214=VERTEX_POINT('',#10302);
#4215=VERTEX_POINT('',#10304);
#4216=VERTEX_POINT('',#10308);
#4217=VERTEX_POINT('',#10310);
#4218=VERTEX_POINT('',#10314);
#4219=VERTEX_POINT('',#10316);
#4220=VERTEX_POINT('',#10320);
#4221=VERTEX_POINT('',#10322);
#4222=VERTEX_POINT('',#10326);
#4223=VERTEX_POINT('',#10328);
#4224=VERTEX_POINT('',#10332);
#4225=VERTEX_POINT('',#10334);
#4226=VERTEX_POINT('',#10338);
#4227=VERTEX_POINT('',#10340);
#4228=VERTEX_POINT('',#10347);
#4229=VERTEX_POINT('',#10348);
#4230=VERTEX_POINT('',#10350);
#4231=VERTEX_POINT('',#10352);
#4232=VERTEX_POINT('',#10356);
#4233=VERTEX_POINT('',#10358);
#4234=VERTEX_POINT('',#10362);
#4235=VERTEX_POINT('',#10364);
#4236=VERTEX_POINT('',#10368);
#4237=VERTEX_POINT('',#10370);
#4238=VERTEX_POINT('',#10374);
#4239=VERTEX_POINT('',#10376);
#4240=VERTEX_POINT('',#10380);
#4241=VERTEX_POINT('',#10382);
#4242=VERTEX_POINT('',#10386);
#4243=VERTEX_POINT('',#10388);
#4244=VERTEX_POINT('',#10395);
#4245=VERTEX_POINT('',#10396);
#4246=VERTEX_POINT('',#10398);
#4247=VERTEX_POINT('',#10400);
#4248=VERTEX_POINT('',#10404);
#4249=VERTEX_POINT('',#10406);
#4250=VERTEX_POINT('',#10410);
#4251=VERTEX_POINT('',#10412);
#4252=VERTEX_POINT('',#10416);
#4253=VERTEX_POINT('',#10418);
#4254=VERTEX_POINT('',#10422);
#4255=VERTEX_POINT('',#10424);
#4256=VERTEX_POINT('',#10428);
#4257=VERTEX_POINT('',#10430);
#4258=VERTEX_POINT('',#10434);
#4259=VERTEX_POINT('',#10436);
#4260=VERTEX_POINT('',#10443);
#4261=VERTEX_POINT('',#10444);
#4262=VERTEX_POINT('',#10446);
#4263=VERTEX_POINT('',#10448);
#4264=VERTEX_POINT('',#10452);
#4265=VERTEX_POINT('',#10454);
#4266=VERTEX_POINT('',#10458);
#4267=VERTEX_POINT('',#10460);
#4268=VERTEX_POINT('',#10464);
#4269=VERTEX_POINT('',#10466);
#4270=VERTEX_POINT('',#10470);
#4271=VERTEX_POINT('',#10472);
#4272=VERTEX_POINT('',#10476);
#4273=VERTEX_POINT('',#10478);
#4274=VERTEX_POINT('',#10482);
#4275=VERTEX_POINT('',#10484);
#4276=VERTEX_POINT('',#10491);
#4277=VERTEX_POINT('',#10492);
#4278=VERTEX_POINT('',#10494);
#4279=VERTEX_POINT('',#10496);
#4280=VERTEX_POINT('',#10500);
#4281=VERTEX_POINT('',#10502);
#4282=VERTEX_POINT('',#10506);
#4283=VERTEX_POINT('',#10508);
#4284=VERTEX_POINT('',#10512);
#4285=VERTEX_POINT('',#10514);
#4286=VERTEX_POINT('',#10518);
#4287=VERTEX_POINT('',#10520);
#4288=VERTEX_POINT('',#10524);
#4289=VERTEX_POINT('',#10526);
#4290=VERTEX_POINT('',#10530);
#4291=VERTEX_POINT('',#10532);
#4292=VERTEX_POINT('',#10539);
#4293=VERTEX_POINT('',#10540);
#4294=VERTEX_POINT('',#10542);
#4295=VERTEX_POINT('',#10544);
#4296=VERTEX_POINT('',#10548);
#4297=VERTEX_POINT('',#10550);
#4298=VERTEX_POINT('',#10554);
#4299=VERTEX_POINT('',#10556);
#4300=VERTEX_POINT('',#10560);
#4301=VERTEX_POINT('',#10562);
#4302=VERTEX_POINT('',#10566);
#4303=VERTEX_POINT('',#10568);
#4304=VERTEX_POINT('',#10572);
#4305=VERTEX_POINT('',#10574);
#4306=VERTEX_POINT('',#10578);
#4307=VERTEX_POINT('',#10580);
#4308=VERTEX_POINT('',#10587);
#4309=VERTEX_POINT('',#10588);
#4310=VERTEX_POINT('',#10593);
#4311=VERTEX_POINT('',#10597);
#4312=VERTEX_POINT('',#10601);
#4313=VERTEX_POINT('',#10603);
#4314=VERTEX_POINT('',#10605);
#4315=VERTEX_POINT('',#10607);
#4316=VERTEX_POINT('',#10609);
#4317=VERTEX_POINT('',#10613);
#4318=VERTEX_POINT('',#10617);
#4319=VERTEX_POINT('',#10621);
#4320=VERTEX_POINT('',#10625);
#4321=VERTEX_POINT('',#10629);
#4322=CIRCLE('',#6266,0.002625);
#4323=CIRCLE('',#6268,0.002625);
#4324=CIRCLE('',#6270,0.002625);
#4325=CIRCLE('',#6272,0.002625);
#4326=CIRCLE('',#6274,0.002625);
#4327=CIRCLE('',#6276,0.002625);
#4328=CIRCLE('',#6278,0.002625);
#4329=CIRCLE('',#6280,0.002625);
#4330=CIRCLE('',#6282,0.002625);
#4331=CIRCLE('',#6284,0.002625);
#4332=CIRCLE('',#6286,0.002625);
#4333=CIRCLE('',#6288,0.002625);
#4334=CIRCLE('',#6290,0.002625);
#4335=CIRCLE('',#6292,0.002625);
#4336=CIRCLE('',#6294,0.002625);
#4337=CIRCLE('',#6296,0.002625);
#4338=CIRCLE('',#6298,0.002625);
#4339=CIRCLE('',#6300,0.002625);
#4340=CIRCLE('',#6302,0.002625);
#4341=CIRCLE('',#6304,0.002625);
#4342=CIRCLE('',#6306,0.002625);
#4343=CIRCLE('',#6308,0.002625);
#4344=CIRCLE('',#6310,0.002625);
#4345=CIRCLE('',#6312,0.002625);
#4346=CIRCLE('',#6314,0.002625);
#4347=CIRCLE('',#6316,0.002625);
#4348=CIRCLE('',#6318,0.002625);
#4349=CIRCLE('',#6320,0.002625);
#4350=CIRCLE('',#6322,0.002625);
#4351=CIRCLE('',#6324,0.002625);
#4352=CIRCLE('',#6326,0.002625);
#4353=CIRCLE('',#6328,0.002625);
#4354=CIRCLE('',#6330,0.002625);
#4355=CIRCLE('',#6332,0.002625);
#4356=CIRCLE('',#6334,0.002625);
#4357=CIRCLE('',#6336,0.002625);
#4358=CIRCLE('',#6338,0.002625);
#4359=CIRCLE('',#6340,0.002625);
#4360=CIRCLE('',#6341,0.002625);
#4361=CIRCLE('',#6343,0.002625);
#4362=CIRCLE('',#6345,0.002625);
#4363=CIRCLE('',#6347,0.002625);
#4364=CIRCLE('',#6348,0.002625);
#4365=CIRCLE('',#6350,0.002625);
#4366=CIRCLE('',#6352,0.002625);
#4367=CIRCLE('',#6354,0.002625);
#4368=CIRCLE('',#6356,0.002625);
#4369=CIRCLE('',#6357,0.002625);
#4370=CIRCLE('',#6359,0.002625);
#4371=CIRCLE('',#6360,0.002625);
#4372=CIRCLE('',#6362,0.002625);
#4373=CIRCLE('',#6363,0.002625);
#4374=CIRCLE('',#6365,0.002625);
#4375=CIRCLE('',#6367,0.002625);
#4376=CIRCLE('',#6368,0.002625);
#4377=CIRCLE('',#6370,0.002625);
#4378=CIRCLE('',#6371,0.002625);
#4379=CIRCLE('',#6373,0.002625);
#4380=CIRCLE('',#6375,0.002625);
#4381=CIRCLE('',#6377,0.002625);
#4382=CIRCLE('',#6378,0.002625);
#4383=CIRCLE('',#6380,0.002625);
#4384=CIRCLE('',#6381,0.002625);
#4385=CIRCLE('',#6383,0.002625);
#4386=CIRCLE('',#6384,0.002625);
#4387=CIRCLE('',#6386,0.002625);
#4388=CIRCLE('',#6387,0.002625);
#4389=CIRCLE('',#6389,0.002625);
#4390=CIRCLE('',#6390,0.002625);
#4391=CIRCLE('',#6392,0.002625);
#4392=CIRCLE('',#6393,0.002625);
#4393=CIRCLE('',#6395,0.002625);
#4394=CIRCLE('',#6396,0.002625);
#4395=CIRCLE('',#6398,0.002625);
#4396=CIRCLE('',#6399,0.002625);
#4397=CIRCLE('',#6401,0.002625);
#4398=CIRCLE('',#6402,0.002625);
#4399=CIRCLE('',#6404,0.002625);
#4400=CIRCLE('',#6405,0.002625);
#4401=CIRCLE('',#6407,0.002625);
#4402=CIRCLE('',#6408,0.002625);
#4403=CIRCLE('',#6410,0.002625);
#4404=CIRCLE('',#6411,0.002625);
#4405=CIRCLE('',#6413,0.002625);
#4406=CIRCLE('',#6414,0.002625);
#4407=CIRCLE('',#6416,0.002625);
#4408=CIRCLE('',#6417,0.002625);
#4409=CIRCLE('',#6419,0.002625);
#4410=CIRCLE('',#6421,0.002625);
#4411=CIRCLE('',#6422,0.002625);
#4412=CIRCLE('',#6424,0.002625);
#4413=CIRCLE('',#6425,0.002625);
#4414=CIRCLE('',#6427,0.002625);
#4415=CIRCLE('',#6429,0.002625);
#4416=CIRCLE('',#6431,0.002625);
#4417=CIRCLE('',#6432,0.002625);
#4418=CIRCLE('',#6434,0.002625);
#4419=CIRCLE('',#6436,0.002625);
#4420=CIRCLE('',#6438,0.002625);
#4421=CIRCLE('',#6440,0.002625);
#4422=CIRCLE('',#6442,0.002625);
#4423=CIRCLE('',#6444,0.002625);
#4424=CIRCLE('',#6446,0.002625);
#4425=CIRCLE('',#6448,0.002625);
#4426=CIRCLE('',#6450,0.002625);
#4427=CIRCLE('',#6452,0.002625);
#4428=CIRCLE('',#6455,0.0023);
#4429=CIRCLE('',#6456,0.0023);
#4430=CIRCLE('',#6459,0.0023);
#4431=CIRCLE('',#6460,0.0023);
#4432=CIRCLE('',#6463,0.0023);
#4433=CIRCLE('',#6464,0.0023);
#4434=CIRCLE('',#6467,0.0023);
#4435=CIRCLE('',#6468,0.0023);
#4436=CIRCLE('',#6471,0.0023);
#4437=CIRCLE('',#6472,0.0023);
#4438=CIRCLE('',#6475,0.0023);
#4439=CIRCLE('',#6476,0.0023);
#4440=CIRCLE('',#6479,0.0023);
#4441=CIRCLE('',#6480,0.0023);
#4442=CIRCLE('',#6483,0.0023);
#4443=CIRCLE('',#6484,0.0023);
#4444=CIRCLE('',#6487,0.0023);
#4445=CIRCLE('',#6488,0.0023);
#4446=CIRCLE('',#6491,0.0023);
#4447=CIRCLE('',#6492,0.0023);
#4448=CIRCLE('',#6495,0.0023);
#4449=CIRCLE('',#6496,0.0023);
#4450=CIRCLE('',#6499,0.0023);
#4451=CIRCLE('',#6500,0.0023);
#4452=CIRCLE('',#6503,0.0023);
#4453=CIRCLE('',#6504,0.0023);
#4454=CIRCLE('',#6507,0.0023);
#4455=CIRCLE('',#6508,0.0023);
#4456=CIRCLE('',#6511,0.0023);
#4457=CIRCLE('',#6512,0.0023);
#4458=CIRCLE('',#6515,0.0023);
#4459=CIRCLE('',#6516,0.0023);
#4460=CIRCLE('',#6519,0.0023);
#4461=CIRCLE('',#6520,0.0023);
#4462=CIRCLE('',#6523,0.0023);
#4463=CIRCLE('',#6524,0.0023);
#4464=CIRCLE('',#6527,0.0023);
#4465=CIRCLE('',#6528,0.0023);
#4466=CIRCLE('',#6531,0.0023);
#4467=CIRCLE('',#6532,0.0023);
#4468=CIRCLE('',#6535,0.0023);
#4469=CIRCLE('',#6536,0.0023);
#4470=CIRCLE('',#6539,0.0023);
#4471=CIRCLE('',#6540,0.0023);
#4472=CIRCLE('',#6543,0.0023);
#4473=CIRCLE('',#6544,0.0023);
#4474=CIRCLE('',#6547,0.0023);
#4475=CIRCLE('',#6548,0.0023);
#4476=CIRCLE('',#6551,0.0023);
#4477=CIRCLE('',#6552,0.0023);
#4478=CIRCLE('',#6555,0.0023);
#4479=CIRCLE('',#6556,0.0023);
#4480=CIRCLE('',#6559,0.0023);
#4481=CIRCLE('',#6560,0.0023);
#4482=CIRCLE('',#6563,0.0023);
#4483=CIRCLE('',#6564,0.0023);
#4484=CIRCLE('',#6567,0.0023);
#4485=CIRCLE('',#6568,0.0023);
#4486=CIRCLE('',#6571,0.0023);
#4487=CIRCLE('',#6572,0.0023);
#4488=CIRCLE('',#6575,0.0023);
#4489=CIRCLE('',#6576,0.0023);
#4490=CIRCLE('',#6579,0.0023);
#4491=CIRCLE('',#6580,0.0023);
#4492=CIRCLE('',#6583,0.0023);
#4493=CIRCLE('',#6584,0.0023);
#4494=CIRCLE('',#6587,0.0023);
#4495=CIRCLE('',#6588,0.0023);
#4496=CIRCLE('',#6591,0.0023);
#4497=CIRCLE('',#6592,0.0023);
#4498=CIRCLE('',#6595,0.0023);
#4499=CIRCLE('',#6596,0.0023);
#4500=CIRCLE('',#6599,0.0023);
#4501=CIRCLE('',#6600,0.0023);
#4502=CIRCLE('',#6603,0.0023);
#4503=CIRCLE('',#6604,0.0023);
#4504=CIRCLE('',#6607,0.0023);
#4505=CIRCLE('',#6608,0.0023);
#4506=CIRCLE('',#6611,0.0023);
#4507=CIRCLE('',#6612,0.0023);
#4508=CIRCLE('',#6615,0.0023);
#4509=CIRCLE('',#6616,0.0023);
#4510=CIRCLE('',#6619,0.0023);
#4511=CIRCLE('',#6620,0.0023);
#4512=CIRCLE('',#6623,0.0023);
#4513=CIRCLE('',#6624,0.0023);
#4514=CIRCLE('',#6627,0.0023);
#4515=CIRCLE('',#6628,0.0023);
#4516=CIRCLE('',#6631,0.0023);
#4517=CIRCLE('',#6632,0.0023);
#4518=CIRCLE('',#6635,0.0023);
#4519=CIRCLE('',#6636,0.0023);
#4520=CIRCLE('',#6639,0.0023);
#4521=CIRCLE('',#6640,0.0023);
#4522=CIRCLE('',#6643,0.0023);
#4523=CIRCLE('',#6644,0.0023);
#4524=CIRCLE('',#6647,0.0023);
#4525=CIRCLE('',#6648,0.0023);
#4526=CIRCLE('',#6651,0.0023);
#4527=CIRCLE('',#6652,0.0023);
#4528=CIRCLE('',#6655,0.0023);
#4529=CIRCLE('',#6656,0.0023);
#4530=CIRCLE('',#6659,0.0023);
#4531=CIRCLE('',#6660,0.0023);
#4532=CIRCLE('',#6663,0.0023);
#4533=CIRCLE('',#6664,0.0023);
#4534=CIRCLE('',#6667,0.0023);
#4535=CIRCLE('',#6668,0.0023);
#4536=CIRCLE('',#6671,0.0023);
#4537=CIRCLE('',#6672,0.0023);
#4538=CIRCLE('',#6675,0.0023);
#4539=CIRCLE('',#6676,0.0023);
#4540=CIRCLE('',#6679,0.0023);
#4541=CIRCLE('',#6680,0.0023);
#4542=CIRCLE('',#6683,0.0023);
#4543=CIRCLE('',#6684,0.0023);
#4544=CIRCLE('',#6687,0.0023);
#4545=CIRCLE('',#6688,0.0023);
#4546=CIRCLE('',#6691,0.0023);
#4547=CIRCLE('',#6692,0.0023);
#4548=CIRCLE('',#6695,0.0023);
#4549=CIRCLE('',#6696,0.0023);
#4550=CIRCLE('',#6699,0.0023);
#4551=CIRCLE('',#6700,0.0023);
#4552=CIRCLE('',#6703,0.0023);
#4553=CIRCLE('',#6704,0.0023);
#4554=CIRCLE('',#6707,0.0023);
#4555=CIRCLE('',#6708,0.0023);
#4556=CIRCLE('',#6711,0.0023);
#4557=CIRCLE('',#6712,0.0023);
#4558=CIRCLE('',#6715,0.0023);
#4559=CIRCLE('',#6716,0.0023);
#4560=CIRCLE('',#6719,0.0023);
#4561=CIRCLE('',#6720,0.0023);
#4562=CIRCLE('',#6723,0.0023);
#4563=CIRCLE('',#6724,0.0023);
#4564=CIRCLE('',#6727,0.0023);
#4565=CIRCLE('',#6728,0.0023);
#4566=CIRCLE('',#6731,0.0023);
#4567=CIRCLE('',#6732,0.0023);
#4568=CIRCLE('',#6735,0.0023);
#4569=CIRCLE('',#6736,0.0023);
#4570=CIRCLE('',#6739,0.0023);
#4571=CIRCLE('',#6740,0.0023);
#4572=CIRCLE('',#6743,0.0023);
#4573=CIRCLE('',#6744,0.0023);
#4574=CIRCLE('',#6747,0.0023);
#4575=CIRCLE('',#6748,0.0023);
#4576=CIRCLE('',#6751,0.0023);
#4577=CIRCLE('',#6752,0.0023);
#4578=CIRCLE('',#6755,0.0023);
#4579=CIRCLE('',#6756,0.0023);
#4580=CIRCLE('',#6759,0.0023);
#4581=CIRCLE('',#6760,0.0023);
#4582=CIRCLE('',#6763,0.0023);
#4583=CIRCLE('',#6764,0.0023);
#4584=CIRCLE('',#6767,0.0023);
#4585=CIRCLE('',#6768,0.0023);
#4586=CIRCLE('',#6771,0.0023);
#4587=CIRCLE('',#6772,0.0023);
#4588=CIRCLE('',#6775,0.0023);
#4589=CIRCLE('',#6776,0.0023);
#4590=CIRCLE('',#6779,0.0023);
#4591=CIRCLE('',#6780,0.0023);
#4592=CIRCLE('',#6783,0.0023);
#4593=CIRCLE('',#6784,0.0023);
#4594=CIRCLE('',#6787,0.0023);
#4595=CIRCLE('',#6788,0.0023);
#4596=CIRCLE('',#6791,0.0023);
#4597=CIRCLE('',#6792,0.0023);
#4598=CIRCLE('',#6795,0.0023);
#4599=CIRCLE('',#6796,0.0023);
#4600=CIRCLE('',#6799,0.0023);
#4601=CIRCLE('',#6800,0.0023);
#4602=CIRCLE('',#6803,0.0023);
#4603=CIRCLE('',#6804,0.0023);
#4604=CIRCLE('',#6807,0.0023);
#4605=CIRCLE('',#6808,0.0023);
#4606=CIRCLE('',#6811,0.0023);
#4607=CIRCLE('',#6812,0.0023);
#4608=CIRCLE('',#6815,0.0023);
#4609=CIRCLE('',#6816,0.0023);
#4610=CIRCLE('',#6819,0.0023);
#4611=CIRCLE('',#6820,0.0023);
#4612=CIRCLE('',#6823,0.0023);
#4613=CIRCLE('',#6824,0.0023);
#4614=CIRCLE('',#6827,0.0023);
#4615=CIRCLE('',#6828,0.0023);
#4616=CIRCLE('',#6831,0.0023);
#4617=CIRCLE('',#6832,0.0023);
#4618=CIRCLE('',#6835,0.0023);
#4619=CIRCLE('',#6836,0.0023);
#4620=CIRCLE('',#6839,0.0023);
#4621=CIRCLE('',#6840,0.0023);
#4622=CIRCLE('',#6843,0.0023);
#4623=CIRCLE('',#6844,0.0023);
#4624=CIRCLE('',#6847,0.0023);
#4625=CIRCLE('',#6848,0.0023);
#4626=CIRCLE('',#6851,0.0023);
#4627=CIRCLE('',#6852,0.0023);
#4628=CIRCLE('',#6855,0.0023);
#4629=CIRCLE('',#6856,0.0023);
#4630=CIRCLE('',#6859,0.0023);
#4631=CIRCLE('',#6860,0.0023);
#4632=CIRCLE('',#6863,0.0023);
#4633=CIRCLE('',#6864,0.0023);
#4634=CIRCLE('',#6867,0.0023);
#4635=CIRCLE('',#6868,0.0023);
#4636=CIRCLE('',#6871,0.0023);
#4637=CIRCLE('',#6872,0.0023);
#4638=CIRCLE('',#6875,0.0023);
#4639=CIRCLE('',#6876,0.0023);
#4640=CIRCLE('',#6879,0.0023);
#4641=CIRCLE('',#6880,0.0023);
#4642=CIRCLE('',#6883,0.0023);
#4643=CIRCLE('',#6884,0.0023);
#4644=CIRCLE('',#6887,0.0023);
#4645=CIRCLE('',#6888,0.0023);
#4646=CIRCLE('',#6891,0.0023);
#4647=CIRCLE('',#6892,0.0023);
#4648=CIRCLE('',#6895,0.0023);
#4649=CIRCLE('',#6896,0.0023);
#4650=CIRCLE('',#6899,0.0023);
#4651=CIRCLE('',#6900,0.0023);
#4652=CIRCLE('',#6903,0.0023);
#4653=CIRCLE('',#6904,0.0023);
#4654=CIRCLE('',#6907,0.0023);
#4655=CIRCLE('',#6908,0.0023);
#4656=CIRCLE('',#6911,0.0023);
#4657=CIRCLE('',#6912,0.0023);
#4658=CIRCLE('',#6915,0.0023);
#4659=CIRCLE('',#6916,0.0023);
#4660=CIRCLE('',#6919,0.0023);
#4661=CIRCLE('',#6920,0.0023);
#4662=CIRCLE('',#6923,0.0023);
#4663=CIRCLE('',#6924,0.0023);
#4664=CIRCLE('',#6927,0.0023);
#4665=CIRCLE('',#6928,0.0023);
#4666=CIRCLE('',#6931,0.0023);
#4667=CIRCLE('',#6932,0.0023);
#4668=CIRCLE('',#6938,0.002625);
#4669=CIRCLE('',#6939,0.002625);
#4670=CIRCLE('',#6940,0.002625);
#4671=CIRCLE('',#6941,0.002625);
#4672=CIRCLE('',#6942,0.002625);
#4673=CIRCLE('',#6944,0.002625);
#4674=CIRCLE('',#6947,0.002625);
#4675=CIRCLE('',#6950,0.002625);
#4676=CIRCLE('',#6953,0.002625);
#4677=CIRCLE('',#6956,0.002625);
#4678=EDGE_LOOP('',(#1174));
#4679=EDGE_LOOP('',(#1175));
#4680=EDGE_LOOP('',(#1176));
#4681=EDGE_LOOP('',(#1177));
#4682=EDGE_LOOP('',(#1178));
#4683=EDGE_LOOP('',(#1179));
#4684=EDGE_LOOP('',(#1180));
#4685=EDGE_LOOP('',(#1181));
#4686=EDGE_LOOP('',(#1182));
#4687=EDGE_LOOP('',(#1183));
#4688=EDGE_LOOP('',(#1184));
#4689=EDGE_LOOP('',(#1185));
#4690=EDGE_LOOP('',(#1186));
#4691=EDGE_LOOP('',(#1187));
#4692=EDGE_LOOP('',(#1188));
#4693=EDGE_LOOP('',(#1189));
#4694=EDGE_LOOP('',(#1190));
#4695=EDGE_LOOP('',(#1191));
#4696=EDGE_LOOP('',(#1192));
#4697=EDGE_LOOP('',(#1193));
#4698=EDGE_LOOP('',(#1194));
#4699=EDGE_LOOP('',(#1195));
#4700=EDGE_LOOP('',(#1196));
#4701=EDGE_LOOP('',(#1197));
#4702=EDGE_LOOP('',(#1198));
#4703=EDGE_LOOP('',(#1199));
#4704=EDGE_LOOP('',(#1200));
#4705=EDGE_LOOP('',(#1201));
#4706=EDGE_LOOP('',(#1202));
#4707=EDGE_LOOP('',(#1203));
#4708=EDGE_LOOP('',(#1204));
#4709=EDGE_LOOP('',(#1205));
#4710=EDGE_LOOP('',(#1206));
#4711=EDGE_LOOP('',(#1207));
#4712=EDGE_LOOP('',(#1208));
#4713=EDGE_LOOP('',(#1209));
#4714=EDGE_LOOP('',(#1210));
#4715=EDGE_LOOP('',(#1211));
#4716=EDGE_LOOP('',(#1212));
#4717=EDGE_LOOP('',(#1213));
#4718=EDGE_LOOP('',(#1214));
#4719=EDGE_LOOP('',(#1215));
#4720=EDGE_LOOP('',(#1216));
#4721=EDGE_LOOP('',(#1217));
#4722=EDGE_LOOP('',(#1218));
#4723=EDGE_LOOP('',(#1219));
#4724=EDGE_LOOP('',(#1220));
#4725=EDGE_LOOP('',(#1221));
#4726=EDGE_LOOP('',(#1222));
#4727=EDGE_LOOP('',(#1223));
#4728=EDGE_LOOP('',(#1224));
#4729=EDGE_LOOP('',(#1225));
#4730=EDGE_LOOP('',(#1226));
#4731=EDGE_LOOP('',(#1227));
#4732=EDGE_LOOP('',(#1228));
#4733=EDGE_LOOP('',(#1229));
#4734=EDGE_LOOP('',(#1230));
#4735=EDGE_LOOP('',(#1231));
#4736=EDGE_LOOP('',(#1232));
#4737=EDGE_LOOP('',(#1233));
#4738=EDGE_LOOP('',(#1234));
#4739=EDGE_LOOP('',(#1235));
#4740=EDGE_LOOP('',(#1236));
#4741=EDGE_LOOP('',(#1237));
#4742=EDGE_LOOP('',(#1238));
#4743=EDGE_LOOP('',(#1239));
#4744=EDGE_LOOP('',(#1240));
#4745=EDGE_LOOP('',(#1241));
#4746=EDGE_LOOP('',(#1242));
#4747=EDGE_LOOP('',(#1243));
#4748=EDGE_LOOP('',(#1244));
#4749=EDGE_LOOP('',(#1245));
#4750=EDGE_LOOP('',(#1246));
#4751=EDGE_LOOP('',(#1247));
#4752=EDGE_LOOP('',(#1248));
#4753=EDGE_LOOP('',(#1249));
#4754=EDGE_LOOP('',(#1250));
#4755=EDGE_LOOP('',(#1251));
#4756=EDGE_LOOP('',(#1252));
#4757=EDGE_LOOP('',(#1253));
#4758=EDGE_LOOP('',(#1254));
#4759=EDGE_LOOP('',(#1255));
#4760=EDGE_LOOP('',(#1256));
#4761=EDGE_LOOP('',(#1257));
#4762=EDGE_LOOP('',(#1258));
#4763=EDGE_LOOP('',(#1259));
#4764=EDGE_LOOP('',(#1260));
#4765=EDGE_LOOP('',(#1261));
#4766=EDGE_LOOP('',(#1262));
#4767=EDGE_LOOP('',(#1263));
#4768=EDGE_LOOP('',(#1264));
#4769=EDGE_LOOP('',(#1265));
#4770=EDGE_LOOP('',(#1266));
#4771=EDGE_LOOP('',(#1267));
#4772=EDGE_LOOP('',(#1268));
#4773=EDGE_LOOP('',(#1269));
#4774=EDGE_LOOP('',(#1270));
#4775=EDGE_LOOP('',(#1271));
#4776=EDGE_LOOP('',(#1272));
#4777=EDGE_LOOP('',(#1273));
#4778=EDGE_LOOP('',(#1274));
#4779=EDGE_LOOP('',(#1275));
#4780=EDGE_LOOP('',(#1276));
#4781=EDGE_LOOP('',(#1277));
#4782=EDGE_LOOP('',(#1278));
#4783=EDGE_LOOP('',(#1279));
#4784=EDGE_LOOP('',(#1280));
#4785=EDGE_LOOP('',(#1281));
#4786=EDGE_LOOP('',(#1282));
#4787=EDGE_LOOP('',(#1283));
#4788=EDGE_LOOP('',(#1284));
#4789=EDGE_LOOP('',(#1285));
#4790=EDGE_LOOP('',(#1286));
#4791=EDGE_LOOP('',(#1287));
#4792=EDGE_LOOP('',(#1288));
#4793=EDGE_LOOP('',(#1289));
#4794=EDGE_LOOP('',(#1290));
#4795=EDGE_LOOP('',(#1291));
#4796=EDGE_LOOP('',(#1292));
#4797=EDGE_LOOP('',(#1293));
#4798=EDGE_LOOP('',(#1294));
#4799=EDGE_LOOP('',(#1295));
#4800=EDGE_LOOP('',(#1296));
#4801=EDGE_LOOP('',(#1297));
#4802=EDGE_LOOP('',(#1298));
#4803=EDGE_LOOP('',(#1299));
#4804=EDGE_LOOP('',(#1300));
#4805=EDGE_LOOP('',(#1301));
#4806=EDGE_LOOP('',(#1302));
#4807=EDGE_LOOP('',(#1303));
#4808=EDGE_LOOP('',(#1304));
#4809=EDGE_LOOP('',(#1305));
#4810=EDGE_LOOP('',(#1306));
#4811=EDGE_LOOP('',(#1307));
#4812=EDGE_LOOP('',(#1308));
#4813=EDGE_LOOP('',(#1309));
#4814=EDGE_LOOP('',(#1310));
#4815=EDGE_LOOP('',(#1311));
#4816=EDGE_LOOP('',(#1312));
#4817=EDGE_LOOP('',(#1313));
#4818=EDGE_LOOP('',(#1314));
#4819=EDGE_LOOP('',(#1315));
#4820=EDGE_LOOP('',(#1316,#1317,#1318,#1319));
#4821=EDGE_LOOP('',(#1320,#1321,#1322,#1323));
#4822=EDGE_LOOP('',(#1324,#1325,#1326,#1327));
#4823=EDGE_LOOP('',(#1328,#1329,#1330,#1331));
#4824=EDGE_LOOP('',(#1332,#1333,#1334,#1335));
#4825=EDGE_LOOP('',(#1336));
#4826=EDGE_LOOP('',(#1337,#1338,#1339,#1340));
#4827=EDGE_LOOP('',(#1341,#1342,#1343,#1344));
#4828=EDGE_LOOP('',(#1345,#1346,#1347,#1348));
#4829=EDGE_LOOP('',(#1349,#1350,#1351,#1352));
#4830=EDGE_LOOP('',(#1353));
#4831=EDGE_LOOP('',(#1354,#1355,#1356,#1357));
#4832=EDGE_LOOP('',(#1358,#1359,#1360,#1361));
#4833=EDGE_LOOP('',(#1362,#1363,#1364,#1365));
#4834=EDGE_LOOP('',(#1366,#1367,#1368,#1369));
#4835=EDGE_LOOP('',(#1370));
#4836=EDGE_LOOP('',(#1371,#1372,#1373,#1374));
#4837=EDGE_LOOP('',(#1375,#1376,#1377,#1378));
#4838=EDGE_LOOP('',(#1379,#1380,#1381,#1382));
#4839=EDGE_LOOP('',(#1383,#1384,#1385,#1386));
#4840=EDGE_LOOP('',(#1387));
#4841=EDGE_LOOP('',(#1388,#1389,#1390,#1391));
#4842=EDGE_LOOP('',(#1392,#1393,#1394,#1395));
#4843=EDGE_LOOP('',(#1396,#1397,#1398,#1399));
#4844=EDGE_LOOP('',(#1400,#1401,#1402,#1403));
#4845=EDGE_LOOP('',(#1404));
#4846=EDGE_LOOP('',(#1405,#1406,#1407,#1408));
#4847=EDGE_LOOP('',(#1409,#1410,#1411,#1412));
#4848=EDGE_LOOP('',(#1413,#1414,#1415,#1416));
#4849=EDGE_LOOP('',(#1417,#1418,#1419,#1420));
#4850=EDGE_LOOP('',(#1421));
#4851=EDGE_LOOP('',(#1422,#1423,#1424,#1425));
#4852=EDGE_LOOP('',(#1426,#1427,#1428,#1429));
#4853=EDGE_LOOP('',(#1430,#1431,#1432,#1433));
#4854=EDGE_LOOP('',(#1434,#1435,#1436,#1437));
#4855=EDGE_LOOP('',(#1438));
#4856=EDGE_LOOP('',(#1439,#1440,#1441,#1442));
#4857=EDGE_LOOP('',(#1443,#1444,#1445,#1446));
#4858=EDGE_LOOP('',(#1447,#1448,#1449,#1450));
#4859=EDGE_LOOP('',(#1451,#1452,#1453,#1454));
#4860=EDGE_LOOP('',(#1455));
#4861=EDGE_LOOP('',(#1456,#1457,#1458,#1459));
#4862=EDGE_LOOP('',(#1460,#1461,#1462,#1463));
#4863=EDGE_LOOP('',(#1464,#1465,#1466,#1467));
#4864=EDGE_LOOP('',(#1468,#1469,#1470,#1471));
#4865=EDGE_LOOP('',(#1472));
#4866=EDGE_LOOP('',(#1473,#1474,#1475,#1476));
#4867=EDGE_LOOP('',(#1477,#1478,#1479,#1480));
#4868=EDGE_LOOP('',(#1481,#1482,#1483,#1484));
#4869=EDGE_LOOP('',(#1485,#1486,#1487,#1488));
#4870=EDGE_LOOP('',(#1489));
#4871=EDGE_LOOP('',(#1490,#1491,#1492,#1493));
#4872=EDGE_LOOP('',(#1494,#1495,#1496,#1497));
#4873=EDGE_LOOP('',(#1498,#1499,#1500,#1501));
#4874=EDGE_LOOP('',(#1502,#1503,#1504,#1505));
#4875=EDGE_LOOP('',(#1506));
#4876=EDGE_LOOP('',(#1507,#1508,#1509,#1510));
#4877=EDGE_LOOP('',(#1511,#1512,#1513,#1514));
#4878=EDGE_LOOP('',(#1515,#1516,#1517,#1518));
#4879=EDGE_LOOP('',(#1519,#1520,#1521,#1522));
#4880=EDGE_LOOP('',(#1523));
#4881=EDGE_LOOP('',(#1524,#1525,#1526,#1527));
#4882=EDGE_LOOP('',(#1528,#1529,#1530,#1531));
#4883=EDGE_LOOP('',(#1532,#1533,#1534,#1535));
#4884=EDGE_LOOP('',(#1536,#1537,#1538,#1539));
#4885=EDGE_LOOP('',(#1540));
#4886=EDGE_LOOP('',(#1541,#1542,#1543,#1544));
#4887=EDGE_LOOP('',(#1545,#1546,#1547,#1548));
#4888=EDGE_LOOP('',(#1549,#1550,#1551,#1552));
#4889=EDGE_LOOP('',(#1553,#1554,#1555,#1556));
#4890=EDGE_LOOP('',(#1557));
#4891=EDGE_LOOP('',(#1558,#1559,#1560,#1561));
#4892=EDGE_LOOP('',(#1562,#1563,#1564,#1565));
#4893=EDGE_LOOP('',(#1566,#1567,#1568,#1569));
#4894=EDGE_LOOP('',(#1570,#1571,#1572,#1573));
#4895=EDGE_LOOP('',(#1574));
#4896=EDGE_LOOP('',(#1575,#1576,#1577,#1578));
#4897=EDGE_LOOP('',(#1579,#1580,#1581,#1582));
#4898=EDGE_LOOP('',(#1583,#1584,#1585,#1586));
#4899=EDGE_LOOP('',(#1587,#1588,#1589,#1590));
#4900=EDGE_LOOP('',(#1591));
#4901=EDGE_LOOP('',(#1592,#1593,#1594,#1595));
#4902=EDGE_LOOP('',(#1596,#1597,#1598,#1599));
#4903=EDGE_LOOP('',(#1600));
#4904=EDGE_LOOP('',(#1601,#1602,#1603,#1604));
#4905=EDGE_LOOP('',(#1605,#1606,#1607,#1608));
#4906=EDGE_LOOP('',(#1609,#1610,#1611,#1612));
#4907=EDGE_LOOP('',(#1613,#1614,#1615,#1616));
#4908=EDGE_LOOP('',(#1617));
#4909=EDGE_LOOP('',(#1618,#1619,#1620,#1621));
#4910=EDGE_LOOP('',(#1622,#1623,#1624,#1625));
#4911=EDGE_LOOP('',(#1626,#1627,#1628,#1629));
#4912=EDGE_LOOP('',(#1630,#1631,#1632,#1633));
#4913=EDGE_LOOP('',(#1634,#1635,#1636,#1637));
#4914=EDGE_LOOP('',(#1638,#1639,#1640,#1641));
#4915=EDGE_LOOP('',(#1642));
#4916=EDGE_LOOP('',(#1643,#1644,#1645,#1646));
#4917=EDGE_LOOP('',(#1647,#1648,#1649,#1650));
#4918=EDGE_LOOP('',(#1651,#1652,#1653,#1654));
#4919=EDGE_LOOP('',(#1655,#1656,#1657,#1658));
#4920=EDGE_LOOP('',(#1659));
#4921=EDGE_LOOP('',(#1660,#1661,#1662,#1663));
#4922=EDGE_LOOP('',(#1664,#1665,#1666,#1667));
#4923=EDGE_LOOP('',(#1668));
#4924=EDGE_LOOP('',(#1669,#1670,#1671,#1672));
#4925=EDGE_LOOP('',(#1673,#1674,#1675,#1676));
#4926=EDGE_LOOP('',(#1677,#1678,#1679,#1680));
#4927=EDGE_LOOP('',(#1681,#1682,#1683,#1684));
#4928=EDGE_LOOP('',(#1685));
#4929=EDGE_LOOP('',(#1686,#1687,#1688,#1689));
#4930=EDGE_LOOP('',(#1690,#1691,#1692,#1693));
#4931=EDGE_LOOP('',(#1694,#1695,#1696,#1697));
#4932=EDGE_LOOP('',(#1698,#1699,#1700,#1701));
#4933=EDGE_LOOP('',(#1702,#1703,#1704,#1705));
#4934=EDGE_LOOP('',(#1706,#1707,#1708,#1709));
#4935=EDGE_LOOP('',(#1710));
#4936=EDGE_LOOP('',(#1711,#1712,#1713,#1714));
#4937=EDGE_LOOP('',(#1715,#1716,#1717,#1718));
#4938=EDGE_LOOP('',(#1719,#1720,#1721,#1722));
#4939=EDGE_LOOP('',(#1723,#1724,#1725,#1726));
#4940=EDGE_LOOP('',(#1727));
#4941=EDGE_LOOP('',(#1728,#1729,#1730,#1731));
#4942=EDGE_LOOP('',(#1732,#1733,#1734,#1735));
#4943=EDGE_LOOP('',(#1736,#1737,#1738,#1739));
#4944=EDGE_LOOP('',(#1740,#1741,#1742,#1743));
#4945=EDGE_LOOP('',(#1744));
#4946=EDGE_LOOP('',(#1745,#1746,#1747,#1748));
#4947=EDGE_LOOP('',(#1749,#1750,#1751,#1752));
#4948=EDGE_LOOP('',(#1753,#1754,#1755,#1756));
#4949=EDGE_LOOP('',(#1757,#1758,#1759,#1760));
#4950=EDGE_LOOP('',(#1761));
#4951=EDGE_LOOP('',(#1762,#1763,#1764,#1765));
#4952=EDGE_LOOP('',(#1766,#1767,#1768,#1769));
#4953=EDGE_LOOP('',(#1770,#1771,#1772,#1773));
#4954=EDGE_LOOP('',(#1774,#1775,#1776,#1777));
#4955=EDGE_LOOP('',(#1778));
#4956=EDGE_LOOP('',(#1779,#1780,#1781,#1782));
#4957=EDGE_LOOP('',(#1783,#1784,#1785,#1786));
#4958=EDGE_LOOP('',(#1787,#1788,#1789,#1790));
#4959=EDGE_LOOP('',(#1791,#1792,#1793,#1794));
#4960=EDGE_LOOP('',(#1795));
#4961=EDGE_LOOP('',(#1796,#1797,#1798,#1799));
#4962=EDGE_LOOP('',(#1800,#1801,#1802,#1803));
#4963=EDGE_LOOP('',(#1804,#1805,#1806,#1807));
#4964=EDGE_LOOP('',(#1808,#1809,#1810,#1811));
#4965=EDGE_LOOP('',(#1812));
#4966=EDGE_LOOP('',(#1813,#1814,#1815,#1816));
#4967=EDGE_LOOP('',(#1817,#1818,#1819,#1820));
#4968=EDGE_LOOP('',(#1821,#1822,#1823,#1824));
#4969=EDGE_LOOP('',(#1825,#1826,#1827,#1828));
#4970=EDGE_LOOP('',(#1829));
#4971=EDGE_LOOP('',(#1830,#1831,#1832,#1833));
#4972=EDGE_LOOP('',(#1834,#1835,#1836,#1837));
#4973=EDGE_LOOP('',(#1838,#1839,#1840,#1841));
#4974=EDGE_LOOP('',(#1842,#1843,#1844,#1845));
#4975=EDGE_LOOP('',(#1846));
#4976=EDGE_LOOP('',(#1847,#1848,#1849,#1850));
#4977=EDGE_LOOP('',(#1851,#1852,#1853,#1854));
#4978=EDGE_LOOP('',(#1855,#1856,#1857,#1858));
#4979=EDGE_LOOP('',(#1859,#1860,#1861,#1862));
#4980=EDGE_LOOP('',(#1863));
#4981=EDGE_LOOP('',(#1864,#1865,#1866,#1867));
#4982=EDGE_LOOP('',(#1868,#1869,#1870,#1871));
#4983=EDGE_LOOP('',(#1872,#1873,#1874,#1875));
#4984=EDGE_LOOP('',(#1876,#1877,#1878,#1879));
#4985=EDGE_LOOP('',(#1880));
#4986=EDGE_LOOP('',(#1881,#1882,#1883,#1884));
#4987=EDGE_LOOP('',(#1885,#1886,#1887,#1888));
#4988=EDGE_LOOP('',(#1889,#1890,#1891,#1892));
#4989=EDGE_LOOP('',(#1893,#1894,#1895,#1896));
#4990=EDGE_LOOP('',(#1897));
#4991=EDGE_LOOP('',(#1898,#1899,#1900,#1901));
#4992=EDGE_LOOP('',(#1902,#1903,#1904,#1905));
#4993=EDGE_LOOP('',(#1906,#1907,#1908,#1909));
#4994=EDGE_LOOP('',(#1910,#1911,#1912,#1913));
#4995=EDGE_LOOP('',(#1914));
#4996=EDGE_LOOP('',(#1915,#1916,#1917,#1918));
#4997=EDGE_LOOP('',(#1919,#1920,#1921,#1922));
#4998=EDGE_LOOP('',(#1923,#1924,#1925,#1926));
#4999=EDGE_LOOP('',(#1927,#1928,#1929,#1930));
#5000=EDGE_LOOP('',(#1931));
#5001=EDGE_LOOP('',(#1932,#1933,#1934,#1935));
#5002=EDGE_LOOP('',(#1936,#1937,#1938,#1939));
#5003=EDGE_LOOP('',(#1940,#1941,#1942,#1943));
#5004=EDGE_LOOP('',(#1944,#1945,#1946,#1947));
#5005=EDGE_LOOP('',(#1948));
#5006=EDGE_LOOP('',(#1949,#1950,#1951,#1952));
#5007=EDGE_LOOP('',(#1953,#1954,#1955,#1956));
#5008=EDGE_LOOP('',(#1957,#1958,#1959,#1960));
#5009=EDGE_LOOP('',(#1961,#1962,#1963,#1964));
#5010=EDGE_LOOP('',(#1965));
#5011=EDGE_LOOP('',(#1966,#1967,#1968,#1969));
#5012=EDGE_LOOP('',(#1970,#1971,#1972,#1973));
#5013=EDGE_LOOP('',(#1974,#1975,#1976,#1977));
#5014=EDGE_LOOP('',(#1978,#1979,#1980,#1981));
#5015=EDGE_LOOP('',(#1982));
#5016=EDGE_LOOP('',(#1983,#1984,#1985,#1986));
#5017=EDGE_LOOP('',(#1987,#1988,#1989,#1990));
#5018=EDGE_LOOP('',(#1991,#1992,#1993,#1994));
#5019=EDGE_LOOP('',(#1995,#1996,#1997,#1998));
#5020=EDGE_LOOP('',(#1999));
#5021=EDGE_LOOP('',(#2000,#2001,#2002,#2003));
#5022=EDGE_LOOP('',(#2004,#2005,#2006,#2007));
#5023=EDGE_LOOP('',(#2008,#2009,#2010,#2011));
#5024=EDGE_LOOP('',(#2012,#2013,#2014,#2015));
#5025=EDGE_LOOP('',(#2016));
#5026=EDGE_LOOP('',(#2017,#2018,#2019,#2020));
#5027=EDGE_LOOP('',(#2021,#2022,#2023,#2024));
#5028=EDGE_LOOP('',(#2025,#2026,#2027,#2028));
#5029=EDGE_LOOP('',(#2029,#2030,#2031,#2032));
#5030=EDGE_LOOP('',(#2033));
#5031=EDGE_LOOP('',(#2034,#2035,#2036,#2037));
#5032=EDGE_LOOP('',(#2038,#2039,#2040,#2041));
#5033=EDGE_LOOP('',(#2042,#2043,#2044,#2045));
#5034=EDGE_LOOP('',(#2046,#2047,#2048,#2049));
#5035=EDGE_LOOP('',(#2050));
#5036=EDGE_LOOP('',(#2051,#2052,#2053,#2054));
#5037=EDGE_LOOP('',(#2055,#2056,#2057,#2058));
#5038=EDGE_LOOP('',(#2059,#2060,#2061,#2062));
#5039=EDGE_LOOP('',(#2063,#2064,#2065,#2066));
#5040=EDGE_LOOP('',(#2067));
#5041=EDGE_LOOP('',(#2068,#2069,#2070,#2071));
#5042=EDGE_LOOP('',(#2072,#2073,#2074,#2075));
#5043=EDGE_LOOP('',(#2076,#2077,#2078,#2079));
#5044=EDGE_LOOP('',(#2080,#2081,#2082,#2083));
#5045=EDGE_LOOP('',(#2084));
#5046=EDGE_LOOP('',(#2085,#2086,#2087,#2088));
#5047=EDGE_LOOP('',(#2089,#2090,#2091,#2092));
#5048=EDGE_LOOP('',(#2093,#2094,#2095,#2096));
#5049=EDGE_LOOP('',(#2097,#2098,#2099,#2100));
#5050=EDGE_LOOP('',(#2101));
#5051=EDGE_LOOP('',(#2102,#2103,#2104,#2105));
#5052=EDGE_LOOP('',(#2106,#2107,#2108,#2109));
#5053=EDGE_LOOP('',(#2110,#2111,#2112,#2113));
#5054=EDGE_LOOP('',(#2114,#2115,#2116,#2117));
#5055=EDGE_LOOP('',(#2118));
#5056=EDGE_LOOP('',(#2119,#2120,#2121,#2122));
#5057=EDGE_LOOP('',(#2123,#2124,#2125,#2126));
#5058=EDGE_LOOP('',(#2127,#2128,#2129,#2130));
#5059=EDGE_LOOP('',(#2131,#2132,#2133,#2134));
#5060=EDGE_LOOP('',(#2135));
#5061=EDGE_LOOP('',(#2136,#2137,#2138,#2139));
#5062=EDGE_LOOP('',(#2140,#2141,#2142,#2143));
#5063=EDGE_LOOP('',(#2144,#2145,#2146,#2147));
#5064=EDGE_LOOP('',(#2148,#2149,#2150,#2151));
#5065=EDGE_LOOP('',(#2152));
#5066=EDGE_LOOP('',(#2153,#2154,#2155,#2156));
#5067=EDGE_LOOP('',(#2157,#2158,#2159,#2160));
#5068=EDGE_LOOP('',(#2161,#2162,#2163,#2164));
#5069=EDGE_LOOP('',(#2165,#2166,#2167,#2168));
#5070=EDGE_LOOP('',(#2169));
#5071=EDGE_LOOP('',(#2170,#2171,#2172,#2173));
#5072=EDGE_LOOP('',(#2174,#2175,#2176,#2177));
#5073=EDGE_LOOP('',(#2178,#2179,#2180,#2181));
#5074=EDGE_LOOP('',(#2182,#2183,#2184,#2185));
#5075=EDGE_LOOP('',(#2186));
#5076=EDGE_LOOP('',(#2187,#2188,#2189,#2190));
#5077=EDGE_LOOP('',(#2191,#2192,#2193,#2194));
#5078=EDGE_LOOP('',(#2195,#2196,#2197,#2198));
#5079=EDGE_LOOP('',(#2199,#2200,#2201,#2202));
#5080=EDGE_LOOP('',(#2203));
#5081=EDGE_LOOP('',(#2204,#2205,#2206,#2207));
#5082=EDGE_LOOP('',(#2208,#2209,#2210,#2211));
#5083=EDGE_LOOP('',(#2212,#2213,#2214,#2215));
#5084=EDGE_LOOP('',(#2216,#2217,#2218,#2219));
#5085=EDGE_LOOP('',(#2220));
#5086=EDGE_LOOP('',(#2221,#2222,#2223,#2224));
#5087=EDGE_LOOP('',(#2225,#2226,#2227,#2228));
#5088=EDGE_LOOP('',(#2229,#2230,#2231,#2232));
#5089=EDGE_LOOP('',(#2233,#2234,#2235,#2236));
#5090=EDGE_LOOP('',(#2237));
#5091=EDGE_LOOP('',(#2238,#2239,#2240,#2241));
#5092=EDGE_LOOP('',(#2242,#2243,#2244,#2245));
#5093=EDGE_LOOP('',(#2246,#2247,#2248,#2249));
#5094=EDGE_LOOP('',(#2250,#2251,#2252,#2253));
#5095=EDGE_LOOP('',(#2254));
#5096=EDGE_LOOP('',(#2255,#2256,#2257,#2258));
#5097=EDGE_LOOP('',(#2259,#2260,#2261,#2262));
#5098=EDGE_LOOP('',(#2263,#2264,#2265,#2266));
#5099=EDGE_LOOP('',(#2267,#2268,#2269,#2270));
#5100=EDGE_LOOP('',(#2271));
#5101=EDGE_LOOP('',(#2272,#2273,#2274,#2275));
#5102=EDGE_LOOP('',(#2276,#2277,#2278,#2279));
#5103=EDGE_LOOP('',(#2280,#2281,#2282,#2283));
#5104=EDGE_LOOP('',(#2284,#2285,#2286,#2287));
#5105=EDGE_LOOP('',(#2288));
#5106=EDGE_LOOP('',(#2289,#2290,#2291,#2292));
#5107=EDGE_LOOP('',(#2293,#2294,#2295,#2296));
#5108=EDGE_LOOP('',(#2297,#2298,#2299,#2300));
#5109=EDGE_LOOP('',(#2301,#2302,#2303,#2304));
#5110=EDGE_LOOP('',(#2305));
#5111=EDGE_LOOP('',(#2306,#2307,#2308,#2309));
#5112=EDGE_LOOP('',(#2310,#2311,#2312,#2313));
#5113=EDGE_LOOP('',(#2314,#2315,#2316,#2317));
#5114=EDGE_LOOP('',(#2318,#2319,#2320,#2321));
#5115=EDGE_LOOP('',(#2322));
#5116=EDGE_LOOP('',(#2323,#2324,#2325,#2326));
#5117=EDGE_LOOP('',(#2327,#2328,#2329,#2330));
#5118=EDGE_LOOP('',(#2331,#2332,#2333,#2334));
#5119=EDGE_LOOP('',(#2335,#2336,#2337,#2338));
#5120=EDGE_LOOP('',(#2339));
#5121=EDGE_LOOP('',(#2340,#2341,#2342,#2343));
#5122=EDGE_LOOP('',(#2344,#2345,#2346,#2347,#2348,#2349,#2350,#2351));
#5123=EDGE_LOOP('',(#2352,#2353,#2354,#2355,#2356,#2357,#2358,#2359));
#5124=EDGE_LOOP('',(#2360,#2361,#2362,#2363,#2364,#2365,#2366,#2367));
#5125=EDGE_LOOP('',(#2368,#2369,#2370,#2371,#2372,#2373,#2374,#2375));
#5126=EDGE_LOOP('',(#2376,#2377,#2378,#2379,#2380,#2381,#2382,#2383));
#5127=EDGE_LOOP('',(#2384,#2385,#2386,#2387,#2388,#2389,#2390,#2391));
#5128=EDGE_LOOP('',(#2392,#2393,#2394,#2395,#2396,#2397,#2398,#2399));
#5129=EDGE_LOOP('',(#2400,#2401,#2402,#2403,#2404,#2405,#2406,#2407));
#5130=EDGE_LOOP('',(#2408,#2409,#2410,#2411,#2412,#2413,#2414,#2415));
#5131=EDGE_LOOP('',(#2416,#2417,#2418,#2419,#2420,#2421,#2422,#2423));
#5132=EDGE_LOOP('',(#2424,#2425,#2426,#2427,#2428,#2429,#2430,#2431));
#5133=EDGE_LOOP('',(#2432,#2433,#2434,#2435,#2436,#2437,#2438,#2439));
#5134=EDGE_LOOP('',(#2440,#2441,#2442,#2443,#2444,#2445,#2446,#2447));
#5135=EDGE_LOOP('',(#2448,#2449,#2450,#2451,#2452,#2453,#2454,#2455));
#5136=EDGE_LOOP('',(#2456,#2457,#2458,#2459,#2460,#2461,#2462,#2463));
#5137=EDGE_LOOP('',(#2464,#2465,#2466,#2467,#2468,#2469,#2470,#2471));
#5138=EDGE_LOOP('',(#2472,#2473,#2474,#2475,#2476,#2477,#2478,#2479));
#5139=EDGE_LOOP('',(#2480,#2481,#2482,#2483,#2484,#2485,#2486,#2487));
#5140=EDGE_LOOP('',(#2488,#2489,#2490,#2491,#2492,#2493,#2494,#2495));
#5141=EDGE_LOOP('',(#2496,#2497,#2498,#2499,#2500,#2501,#2502,#2503));
#5142=EDGE_LOOP('',(#2504,#2505,#2506,#2507,#2508,#2509,#2510,#2511));
#5143=EDGE_LOOP('',(#2512,#2513,#2514,#2515,#2516,#2517,#2518,#2519));
#5144=EDGE_LOOP('',(#2520,#2521,#2522,#2523,#2524,#2525,#2526,#2527));
#5145=EDGE_LOOP('',(#2528,#2529,#2530,#2531,#2532,#2533,#2534,#2535));
#5146=EDGE_LOOP('',(#2536,#2537,#2538,#2539,#2540,#2541,#2542,#2543));
#5147=EDGE_LOOP('',(#2544,#2545,#2546,#2547,#2548,#2549,#2550,#2551));
#5148=EDGE_LOOP('',(#2552,#2553,#2554,#2555,#2556,#2557,#2558,#2559));
#5149=EDGE_LOOP('',(#2560,#2561,#2562,#2563,#2564,#2565,#2566,#2567));
#5150=EDGE_LOOP('',(#2568,#2569,#2570,#2571,#2572,#2573,#2574,#2575));
#5151=EDGE_LOOP('',(#2576,#2577,#2578,#2579,#2580,#2581,#2582,#2583));
#5152=EDGE_LOOP('',(#2584));
#5153=EDGE_LOOP('',(#2585));
#5154=EDGE_LOOP('',(#2586));
#5155=EDGE_LOOP('',(#2587));
#5156=EDGE_LOOP('',(#2588));
#5157=EDGE_LOOP('',(#2589,#2590,#2591,#2592));
#5158=EDGE_LOOP('',(#2593,#2594,#2595,#2596));
#5159=EDGE_LOOP('',(#2597));
#5160=EDGE_LOOP('',(#2598));
#5161=EDGE_LOOP('',(#2599));
#5162=EDGE_LOOP('',(#2600));
#5163=EDGE_LOOP('',(#2601));
#5164=EDGE_LOOP('',(#2602));
#5165=EDGE_LOOP('',(#2603));
#5166=EDGE_LOOP('',(#2604));
#5167=EDGE_LOOP('',(#2605));
#5168=EDGE_LOOP('',(#2606));
#5169=EDGE_LOOP('',(#2607,#2608,#2609,#2610));
#5170=EDGE_LOOP('',(#2611));
#5171=EDGE_LOOP('',(#2612));
#5172=EDGE_LOOP('',(#2613));
#5173=EDGE_LOOP('',(#2614));
#5174=EDGE_LOOP('',(#2615));
#5175=EDGE_LOOP('',(#2616));
#5176=EDGE_LOOP('',(#2617));
#5177=EDGE_LOOP('',(#2618));
#5178=EDGE_LOOP('',(#2619));
#5179=EDGE_LOOP('',(#2620));
#5180=EDGE_LOOP('',(#2621));
#5181=EDGE_LOOP('',(#2622));
#5182=EDGE_LOOP('',(#2623));
#5183=EDGE_LOOP('',(#2624));
#5184=EDGE_LOOP('',(#2625));
#5185=EDGE_LOOP('',(#2626,#2627,#2628,#2629,#2630,#2631,#2632,#2633));
#5186=EDGE_LOOP('',(#2634,#2635,#2636,#2637,#2638,#2639,#2640,#2641));
#5187=EDGE_LOOP('',(#2642,#2643,#2644,#2645,#2646,#2647,#2648,#2649));
#5188=EDGE_LOOP('',(#2650,#2651,#2652,#2653,#2654,#2655,#2656,#2657));
#5189=EDGE_LOOP('',(#2658,#2659,#2660,#2661,#2662,#2663,#2664,#2665));
#5190=EDGE_LOOP('',(#2666,#2667,#2668,#2669,#2670,#2671,#2672,#2673));
#5191=EDGE_LOOP('',(#2674,#2675,#2676,#2677,#2678,#2679,#2680,#2681));
#5192=EDGE_LOOP('',(#2682,#2683,#2684,#2685,#2686,#2687,#2688,#2689));
#5193=EDGE_LOOP('',(#2690,#2691,#2692,#2693,#2694,#2695,#2696,#2697));
#5194=EDGE_LOOP('',(#2698,#2699,#2700,#2701,#2702,#2703,#2704,#2705));
#5195=EDGE_LOOP('',(#2706,#2707,#2708,#2709,#2710,#2711,#2712,#2713));
#5196=EDGE_LOOP('',(#2714,#2715,#2716,#2717,#2718,#2719,#2720,#2721));
#5197=EDGE_LOOP('',(#2722,#2723,#2724,#2725,#2726,#2727,#2728,#2729));
#5198=EDGE_LOOP('',(#2730,#2731,#2732,#2733,#2734,#2735,#2736,#2737));
#5199=EDGE_LOOP('',(#2738,#2739,#2740,#2741,#2742,#2743,#2744,#2745));
#5200=EDGE_LOOP('',(#2746,#2747,#2748,#2749,#2750,#2751,#2752,#2753));
#5201=EDGE_LOOP('',(#2754,#2755,#2756,#2757,#2758,#2759,#2760,#2761));
#5202=EDGE_LOOP('',(#2762,#2763,#2764,#2765,#2766,#2767,#2768,#2769));
#5203=EDGE_LOOP('',(#2770,#2771,#2772,#2773,#2774,#2775,#2776,#2777));
#5204=EDGE_LOOP('',(#2778,#2779,#2780,#2781,#2782,#2783,#2784,#2785));
#5205=EDGE_LOOP('',(#2786,#2787,#2788,#2789,#2790,#2791,#2792,#2793));
#5206=EDGE_LOOP('',(#2794,#2795,#2796,#2797,#2798,#2799,#2800,#2801));
#5207=EDGE_LOOP('',(#2802,#2803,#2804,#2805,#2806,#2807,#2808,#2809));
#5208=EDGE_LOOP('',(#2810,#2811,#2812,#2813,#2814,#2815,#2816,#2817));
#5209=EDGE_LOOP('',(#2818,#2819,#2820,#2821,#2822,#2823,#2824,#2825));
#5210=EDGE_LOOP('',(#2826,#2827,#2828,#2829,#2830,#2831,#2832,#2833));
#5211=EDGE_LOOP('',(#2834,#2835,#2836,#2837,#2838,#2839,#2840,#2841));
#5212=EDGE_LOOP('',(#2842,#2843,#2844,#2845,#2846,#2847,#2848,#2849));
#5213=EDGE_LOOP('',(#2850,#2851,#2852,#2853,#2854,#2855,#2856,#2857));
#5214=EDGE_LOOP('',(#2858,#2859,#2860,#2861,#2862,#2863,#2864,#2865));
#5215=EDGE_LOOP('',(#2866,#2867,#2868,#2869));
#5216=FACE_BOUND('',#4678,.T.);
#5217=FACE_BOUND('',#4679,.T.);
#5218=FACE_BOUND('',#4680,.T.);
#5219=FACE_BOUND('',#4681,.T.);
#5220=FACE_BOUND('',#4682,.T.);
#5221=FACE_BOUND('',#4683,.T.);
#5222=FACE_BOUND('',#4684,.T.);
#5223=FACE_BOUND('',#4685,.T.);
#5224=FACE_BOUND('',#4686,.T.);
#5225=FACE_BOUND('',#4687,.T.);
#5226=FACE_BOUND('',#4688,.T.);
#5227=FACE_BOUND('',#4689,.T.);
#5228=FACE_BOUND('',#4690,.T.);
#5229=FACE_BOUND('',#4691,.T.);
#5230=FACE_BOUND('',#4692,.T.);
#5231=FACE_BOUND('',#4693,.T.);
#5232=FACE_BOUND('',#4694,.T.);
#5233=FACE_BOUND('',#4695,.T.);
#5234=FACE_BOUND('',#4696,.T.);
#5235=FACE_BOUND('',#4697,.T.);
#5236=FACE_BOUND('',#4698,.T.);
#5237=FACE_BOUND('',#4699,.T.);
#5238=FACE_BOUND('',#4700,.T.);
#5239=FACE_BOUND('',#4701,.T.);
#5240=FACE_BOUND('',#4702,.T.);
#5241=FACE_BOUND('',#4703,.T.);
#5242=FACE_BOUND('',#4704,.T.);
#5243=FACE_BOUND('',#4705,.T.);
#5244=FACE_BOUND('',#4706,.T.);
#5245=FACE_BOUND('',#4707,.T.);
#5246=FACE_BOUND('',#4708,.T.);
#5247=FACE_BOUND('',#4709,.T.);
#5248=FACE_BOUND('',#4710,.T.);
#5249=FACE_BOUND('',#4711,.T.);
#5250=FACE_BOUND('',#4712,.T.);
#5251=FACE_BOUND('',#4713,.T.);
#5252=FACE_BOUND('',#4714,.T.);
#5253=FACE_BOUND('',#4715,.T.);
#5254=FACE_BOUND('',#4716,.T.);
#5255=FACE_BOUND('',#4717,.T.);
#5256=FACE_BOUND('',#4718,.T.);
#5257=FACE_BOUND('',#4719,.T.);
#5258=FACE_BOUND('',#4720,.T.);
#5259=FACE_BOUND('',#4721,.T.);
#5260=FACE_BOUND('',#4722,.T.);
#5261=FACE_BOUND('',#4723,.T.);
#5262=FACE_BOUND('',#4724,.T.);
#5263=FACE_BOUND('',#4725,.T.);
#5264=FACE_BOUND('',#4726,.T.);
#5265=FACE_BOUND('',#4727,.T.);
#5266=FACE_BOUND('',#4728,.T.);
#5267=FACE_BOUND('',#4729,.T.);
#5268=FACE_BOUND('',#4730,.T.);
#5269=FACE_BOUND('',#4731,.T.);
#5270=FACE_BOUND('',#4732,.T.);
#5271=FACE_BOUND('',#4733,.T.);
#5272=FACE_BOUND('',#4734,.T.);
#5273=FACE_BOUND('',#4735,.T.);
#5274=FACE_BOUND('',#4736,.T.);
#5275=FACE_BOUND('',#4737,.T.);
#5276=FACE_BOUND('',#4738,.T.);
#5277=FACE_BOUND('',#4739,.T.);
#5278=FACE_BOUND('',#4740,.T.);
#5279=FACE_BOUND('',#4741,.T.);
#5280=FACE_BOUND('',#4742,.T.);
#5281=FACE_BOUND('',#4743,.T.);
#5282=FACE_BOUND('',#4744,.T.);
#5283=FACE_BOUND('',#4745,.T.);
#5284=FACE_BOUND('',#4746,.T.);
#5285=FACE_BOUND('',#4747,.T.);
#5286=FACE_BOUND('',#4748,.T.);
#5287=FACE_BOUND('',#4749,.T.);
#5288=FACE_BOUND('',#4750,.T.);
#5289=FACE_BOUND('',#4751,.T.);
#5290=FACE_BOUND('',#4752,.T.);
#5291=FACE_BOUND('',#4753,.T.);
#5292=FACE_BOUND('',#4754,.T.);
#5293=FACE_BOUND('',#4755,.T.);
#5294=FACE_BOUND('',#4756,.T.);
#5295=FACE_BOUND('',#4757,.T.);
#5296=FACE_BOUND('',#4758,.T.);
#5297=FACE_BOUND('',#4759,.T.);
#5298=FACE_BOUND('',#4760,.T.);
#5299=FACE_BOUND('',#4761,.T.);
#5300=FACE_BOUND('',#4762,.T.);
#5301=FACE_BOUND('',#4763,.T.);
#5302=FACE_BOUND('',#4764,.T.);
#5303=FACE_BOUND('',#4765,.T.);
#5304=FACE_BOUND('',#4766,.T.);
#5305=FACE_BOUND('',#4767,.T.);
#5306=FACE_BOUND('',#4768,.T.);
#5307=FACE_BOUND('',#4769,.T.);
#5308=FACE_BOUND('',#4770,.T.);
#5309=FACE_BOUND('',#4771,.T.);
#5310=FACE_BOUND('',#4772,.T.);
#5311=FACE_BOUND('',#4773,.T.);
#5312=FACE_BOUND('',#4774,.T.);
#5313=FACE_BOUND('',#4775,.T.);
#5314=FACE_BOUND('',#4776,.T.);
#5315=FACE_BOUND('',#4777,.T.);
#5316=FACE_BOUND('',#4778,.T.);
#5317=FACE_BOUND('',#4779,.T.);
#5318=FACE_BOUND('',#4780,.T.);
#5319=FACE_BOUND('',#4781,.T.);
#5320=FACE_BOUND('',#4782,.T.);
#5321=FACE_BOUND('',#4783,.T.);
#5322=FACE_BOUND('',#4784,.T.);
#5323=FACE_BOUND('',#4785,.T.);
#5324=FACE_BOUND('',#4786,.T.);
#5325=FACE_BOUND('',#4787,.T.);
#5326=FACE_BOUND('',#4788,.T.);
#5327=FACE_BOUND('',#4789,.T.);
#5328=FACE_BOUND('',#4790,.T.);
#5329=FACE_BOUND('',#4791,.T.);
#5330=FACE_BOUND('',#4792,.T.);
#5331=FACE_BOUND('',#4793,.T.);
#5332=FACE_BOUND('',#4794,.T.);
#5333=FACE_BOUND('',#4795,.T.);
#5334=FACE_BOUND('',#4796,.T.);
#5335=FACE_BOUND('',#4797,.T.);
#5336=FACE_BOUND('',#4798,.T.);
#5337=FACE_BOUND('',#4799,.T.);
#5338=FACE_BOUND('',#4800,.T.);
#5339=FACE_BOUND('',#4801,.T.);
#5340=FACE_BOUND('',#4802,.T.);
#5341=FACE_BOUND('',#4803,.T.);
#5342=FACE_BOUND('',#4804,.T.);
#5343=FACE_BOUND('',#4805,.T.);
#5344=FACE_BOUND('',#4806,.T.);
#5345=FACE_BOUND('',#4807,.T.);
#5346=FACE_BOUND('',#4808,.T.);
#5347=FACE_BOUND('',#4809,.T.);
#5348=FACE_BOUND('',#4810,.T.);
#5349=FACE_BOUND('',#4811,.T.);
#5350=FACE_BOUND('',#4812,.T.);
#5351=FACE_BOUND('',#4813,.T.);
#5352=FACE_BOUND('',#4814,.T.);
#5353=FACE_BOUND('',#4815,.T.);
#5354=FACE_BOUND('',#4816,.T.);
#5355=FACE_BOUND('',#4817,.T.);
#5356=FACE_BOUND('',#4818,.T.);
#5357=FACE_BOUND('',#4819,.T.);
#5358=FACE_BOUND('',#4820,.T.);
#5359=FACE_BOUND('',#4821,.T.);
#5360=FACE_BOUND('',#4822,.T.);
#5361=FACE_BOUND('',#4823,.T.);
#5362=FACE_BOUND('',#4824,.T.);
#5363=FACE_BOUND('',#4825,.T.);
#5364=FACE_BOUND('',#4826,.T.);
#5365=FACE_BOUND('',#4827,.T.);
#5366=FACE_BOUND('',#4828,.T.);
#5367=FACE_BOUND('',#4829,.T.);
#5368=FACE_BOUND('',#4830,.T.);
#5369=FACE_BOUND('',#4831,.T.);
#5370=FACE_BOUND('',#4832,.T.);
#5371=FACE_BOUND('',#4833,.T.);
#5372=FACE_BOUND('',#4834,.T.);
#5373=FACE_BOUND('',#4835,.T.);
#5374=FACE_BOUND('',#4836,.T.);
#5375=FACE_BOUND('',#4837,.T.);
#5376=FACE_BOUND('',#4838,.T.);
#5377=FACE_BOUND('',#4839,.T.);
#5378=FACE_BOUND('',#4840,.T.);
#5379=FACE_BOUND('',#4841,.T.);
#5380=FACE_BOUND('',#4842,.T.);
#5381=FACE_BOUND('',#4843,.T.);
#5382=FACE_BOUND('',#4844,.T.);
#5383=FACE_BOUND('',#4845,.T.);
#5384=FACE_BOUND('',#4846,.T.);
#5385=FACE_BOUND('',#4847,.T.);
#5386=FACE_BOUND('',#4848,.T.);
#5387=FACE_BOUND('',#4849,.T.);
#5388=FACE_BOUND('',#4850,.T.);
#5389=FACE_BOUND('',#4851,.T.);
#5390=FACE_BOUND('',#4852,.T.);
#5391=FACE_BOUND('',#4853,.T.);
#5392=FACE_BOUND('',#4854,.T.);
#5393=FACE_BOUND('',#4855,.T.);
#5394=FACE_BOUND('',#4856,.T.);
#5395=FACE_BOUND('',#4857,.T.);
#5396=FACE_BOUND('',#4858,.T.);
#5397=FACE_BOUND('',#4859,.T.);
#5398=FACE_BOUND('',#4860,.T.);
#5399=FACE_BOUND('',#4861,.T.);
#5400=FACE_BOUND('',#4862,.T.);
#5401=FACE_BOUND('',#4863,.T.);
#5402=FACE_BOUND('',#4864,.T.);
#5403=FACE_BOUND('',#4865,.T.);
#5404=FACE_BOUND('',#4866,.T.);
#5405=FACE_BOUND('',#4867,.T.);
#5406=FACE_BOUND('',#4868,.T.);
#5407=FACE_BOUND('',#4869,.T.);
#5408=FACE_BOUND('',#4870,.T.);
#5409=FACE_BOUND('',#4871,.T.);
#5410=FACE_BOUND('',#4872,.T.);
#5411=FACE_BOUND('',#4873,.T.);
#5412=FACE_BOUND('',#4874,.T.);
#5413=FACE_BOUND('',#4875,.T.);
#5414=FACE_BOUND('',#4876,.T.);
#5415=FACE_BOUND('',#4877,.T.);
#5416=FACE_BOUND('',#4878,.T.);
#5417=FACE_BOUND('',#4879,.T.);
#5418=FACE_BOUND('',#4880,.T.);
#5419=FACE_BOUND('',#4881,.T.);
#5420=FACE_BOUND('',#4882,.T.);
#5421=FACE_BOUND('',#4883,.T.);
#5422=FACE_BOUND('',#4884,.T.);
#5423=FACE_BOUND('',#4885,.T.);
#5424=FACE_BOUND('',#4886,.T.);
#5425=FACE_BOUND('',#4887,.T.);
#5426=FACE_BOUND('',#4888,.T.);
#5427=FACE_BOUND('',#4889,.T.);
#5428=FACE_BOUND('',#4890,.T.);
#5429=FACE_BOUND('',#4891,.T.);
#5430=FACE_BOUND('',#4892,.T.);
#5431=FACE_BOUND('',#4893,.T.);
#5432=FACE_BOUND('',#4894,.T.);
#5433=FACE_BOUND('',#4895,.T.);
#5434=FACE_BOUND('',#4896,.T.);
#5435=FACE_BOUND('',#4897,.T.);
#5436=FACE_BOUND('',#4898,.T.);
#5437=FACE_BOUND('',#4899,.T.);
#5438=FACE_BOUND('',#4900,.T.);
#5439=FACE_BOUND('',#4901,.T.);
#5440=FACE_BOUND('',#4902,.T.);
#5441=FACE_BOUND('',#4903,.T.);
#5442=FACE_BOUND('',#4904,.T.);
#5443=FACE_BOUND('',#4905,.T.);
#5444=FACE_BOUND('',#4906,.T.);
#5445=FACE_BOUND('',#4907,.T.);
#5446=FACE_BOUND('',#4908,.T.);
#5447=FACE_BOUND('',#4909,.T.);
#5448=FACE_BOUND('',#4910,.T.);
#5449=FACE_BOUND('',#4911,.T.);
#5450=FACE_BOUND('',#4912,.T.);
#5451=FACE_BOUND('',#4913,.T.);
#5452=FACE_BOUND('',#4914,.T.);
#5453=FACE_BOUND('',#4915,.T.);
#5454=FACE_BOUND('',#4916,.T.);
#5455=FACE_BOUND('',#4917,.T.);
#5456=FACE_BOUND('',#4918,.T.);
#5457=FACE_BOUND('',#4919,.T.);
#5458=FACE_BOUND('',#4920,.T.);
#5459=FACE_BOUND('',#4921,.T.);
#5460=FACE_BOUND('',#4922,.T.);
#5461=FACE_BOUND('',#4923,.T.);
#5462=FACE_BOUND('',#4924,.T.);
#5463=FACE_BOUND('',#4925,.T.);
#5464=FACE_BOUND('',#4926,.T.);
#5465=FACE_BOUND('',#4927,.T.);
#5466=FACE_BOUND('',#4928,.T.);
#5467=FACE_BOUND('',#4929,.T.);
#5468=FACE_BOUND('',#4930,.T.);
#5469=FACE_BOUND('',#4931,.T.);
#5470=FACE_BOUND('',#4932,.T.);
#5471=FACE_BOUND('',#4933,.T.);
#5472=FACE_BOUND('',#4934,.T.);
#5473=FACE_BOUND('',#4935,.T.);
#5474=FACE_BOUND('',#4936,.T.);
#5475=FACE_BOUND('',#4937,.T.);
#5476=FACE_BOUND('',#4938,.T.);
#5477=FACE_BOUND('',#4939,.T.);
#5478=FACE_BOUND('',#4940,.T.);
#5479=FACE_BOUND('',#4941,.T.);
#5480=FACE_BOUND('',#4942,.T.);
#5481=FACE_BOUND('',#4943,.T.);
#5482=FACE_BOUND('',#4944,.T.);
#5483=FACE_BOUND('',#4945,.T.);
#5484=FACE_BOUND('',#4946,.T.);
#5485=FACE_BOUND('',#4947,.T.);
#5486=FACE_BOUND('',#4948,.T.);
#5487=FACE_BOUND('',#4949,.T.);
#5488=FACE_BOUND('',#4950,.T.);
#5489=FACE_BOUND('',#4951,.T.);
#5490=FACE_BOUND('',#4952,.T.);
#5491=FACE_BOUND('',#4953,.T.);
#5492=FACE_BOUND('',#4954,.T.);
#5493=FACE_BOUND('',#4955,.T.);
#5494=FACE_BOUND('',#4956,.T.);
#5495=FACE_BOUND('',#4957,.T.);
#5496=FACE_BOUND('',#4958,.T.);
#5497=FACE_BOUND('',#4959,.T.);
#5498=FACE_BOUND('',#4960,.T.);
#5499=FACE_BOUND('',#4961,.T.);
#5500=FACE_BOUND('',#4962,.T.);
#5501=FACE_BOUND('',#4963,.T.);
#5502=FACE_BOUND('',#4964,.T.);
#5503=FACE_BOUND('',#4965,.T.);
#5504=FACE_BOUND('',#4966,.T.);
#5505=FACE_BOUND('',#4967,.T.);
#5506=FACE_BOUND('',#4968,.T.);
#5507=FACE_BOUND('',#4969,.T.);
#5508=FACE_BOUND('',#4970,.T.);
#5509=FACE_BOUND('',#4971,.T.);
#5510=FACE_BOUND('',#4972,.T.);
#5511=FACE_BOUND('',#4973,.T.);
#5512=FACE_BOUND('',#4974,.T.);
#5513=FACE_BOUND('',#4975,.T.);
#5514=FACE_BOUND('',#4976,.T.);
#5515=FACE_BOUND('',#4977,.T.);
#5516=FACE_BOUND('',#4978,.T.);
#5517=FACE_BOUND('',#4979,.T.);
#5518=FACE_BOUND('',#4980,.T.);
#5519=FACE_BOUND('',#4981,.T.);
#5520=FACE_BOUND('',#4982,.T.);
#5521=FACE_BOUND('',#4983,.T.);
#5522=FACE_BOUND('',#4984,.T.);
#5523=FACE_BOUND('',#4985,.T.);
#5524=FACE_BOUND('',#4986,.T.);
#5525=FACE_BOUND('',#4987,.T.);
#5526=FACE_BOUND('',#4988,.T.);
#5527=FACE_BOUND('',#4989,.T.);
#5528=FACE_BOUND('',#4990,.T.);
#5529=FACE_BOUND('',#4991,.T.);
#5530=FACE_BOUND('',#4992,.T.);
#5531=FACE_BOUND('',#4993,.T.);
#5532=FACE_BOUND('',#4994,.T.);
#5533=FACE_BOUND('',#4995,.T.);
#5534=FACE_BOUND('',#4996,.T.);
#5535=FACE_BOUND('',#4997,.T.);
#5536=FACE_BOUND('',#4998,.T.);
#5537=FACE_BOUND('',#4999,.T.);
#5538=FACE_BOUND('',#5000,.T.);
#5539=FACE_BOUND('',#5001,.T.);
#5540=FACE_BOUND('',#5002,.T.);
#5541=FACE_BOUND('',#5003,.T.);
#5542=FACE_BOUND('',#5004,.T.);
#5543=FACE_BOUND('',#5005,.T.);
#5544=FACE_BOUND('',#5006,.T.);
#5545=FACE_BOUND('',#5007,.T.);
#5546=FACE_BOUND('',#5008,.T.);
#5547=FACE_BOUND('',#5009,.T.);
#5548=FACE_BOUND('',#5010,.T.);
#5549=FACE_BOUND('',#5011,.T.);
#5550=FACE_BOUND('',#5012,.T.);
#5551=FACE_BOUND('',#5013,.T.);
#5552=FACE_BOUND('',#5014,.T.);
#5553=FACE_BOUND('',#5015,.T.);
#5554=FACE_BOUND('',#5016,.T.);
#5555=FACE_BOUND('',#5017,.T.);
#5556=FACE_BOUND('',#5018,.T.);
#5557=FACE_BOUND('',#5019,.T.);
#5558=FACE_BOUND('',#5020,.T.);
#5559=FACE_BOUND('',#5021,.T.);
#5560=FACE_BOUND('',#5022,.T.);
#5561=FACE_BOUND('',#5023,.T.);
#5562=FACE_BOUND('',#5024,.T.);
#5563=FACE_BOUND('',#5025,.T.);
#5564=FACE_BOUND('',#5026,.T.);
#5565=FACE_BOUND('',#5027,.T.);
#5566=FACE_BOUND('',#5028,.T.);
#5567=FACE_BOUND('',#5029,.T.);
#5568=FACE_BOUND('',#5030,.T.);
#5569=FACE_BOUND('',#5031,.T.);
#5570=FACE_BOUND('',#5032,.T.);
#5571=FACE_BOUND('',#5033,.T.);
#5572=FACE_BOUND('',#5034,.T.);
#5573=FACE_BOUND('',#5035,.T.);
#5574=FACE_BOUND('',#5036,.T.);
#5575=FACE_BOUND('',#5037,.T.);
#5576=FACE_BOUND('',#5038,.T.);
#5577=FACE_BOUND('',#5039,.T.);
#5578=FACE_BOUND('',#5040,.T.);
#5579=FACE_BOUND('',#5041,.T.);
#5580=FACE_BOUND('',#5042,.T.);
#5581=FACE_BOUND('',#5043,.T.);
#5582=FACE_BOUND('',#5044,.T.);
#5583=FACE_BOUND('',#5045,.T.);
#5584=FACE_BOUND('',#5046,.T.);
#5585=FACE_BOUND('',#5047,.T.);
#5586=FACE_BOUND('',#5048,.T.);
#5587=FACE_BOUND('',#5049,.T.);
#5588=FACE_BOUND('',#5050,.T.);
#5589=FACE_BOUND('',#5051,.T.);
#5590=FACE_BOUND('',#5052,.T.);
#5591=FACE_BOUND('',#5053,.T.);
#5592=FACE_BOUND('',#5054,.T.);
#5593=FACE_BOUND('',#5055,.T.);
#5594=FACE_BOUND('',#5056,.T.);
#5595=FACE_BOUND('',#5057,.T.);
#5596=FACE_BOUND('',#5058,.T.);
#5597=FACE_BOUND('',#5059,.T.);
#5598=FACE_BOUND('',#5060,.T.);
#5599=FACE_BOUND('',#5061,.T.);
#5600=FACE_BOUND('',#5062,.T.);
#5601=FACE_BOUND('',#5063,.T.);
#5602=FACE_BOUND('',#5064,.T.);
#5603=FACE_BOUND('',#5065,.T.);
#5604=FACE_BOUND('',#5066,.T.);
#5605=FACE_BOUND('',#5067,.T.);
#5606=FACE_BOUND('',#5068,.T.);
#5607=FACE_BOUND('',#5069,.T.);
#5608=FACE_BOUND('',#5070,.T.);
#5609=FACE_BOUND('',#5071,.T.);
#5610=FACE_BOUND('',#5072,.T.);
#5611=FACE_BOUND('',#5073,.T.);
#5612=FACE_BOUND('',#5074,.T.);
#5613=FACE_BOUND('',#5075,.T.);
#5614=FACE_BOUND('',#5076,.T.);
#5615=FACE_BOUND('',#5077,.T.);
#5616=FACE_BOUND('',#5078,.T.);
#5617=FACE_BOUND('',#5079,.T.);
#5618=FACE_BOUND('',#5080,.T.);
#5619=FACE_BOUND('',#5081,.T.);
#5620=FACE_BOUND('',#5082,.T.);
#5621=FACE_BOUND('',#5083,.T.);
#5622=FACE_BOUND('',#5084,.T.);
#5623=FACE_BOUND('',#5085,.T.);
#5624=FACE_BOUND('',#5086,.T.);
#5625=FACE_BOUND('',#5087,.T.);
#5626=FACE_BOUND('',#5088,.T.);
#5627=FACE_BOUND('',#5089,.T.);
#5628=FACE_BOUND('',#5090,.T.);
#5629=FACE_BOUND('',#5091,.T.);
#5630=FACE_BOUND('',#5092,.T.);
#5631=FACE_BOUND('',#5093,.T.);
#5632=FACE_BOUND('',#5094,.T.);
#5633=FACE_BOUND('',#5095,.T.);
#5634=FACE_BOUND('',#5096,.T.);
#5635=FACE_BOUND('',#5097,.T.);
#5636=FACE_BOUND('',#5098,.T.);
#5637=FACE_BOUND('',#5099,.T.);
#5638=FACE_BOUND('',#5100,.T.);
#5639=FACE_BOUND('',#5101,.T.);
#5640=FACE_BOUND('',#5102,.T.);
#5641=FACE_BOUND('',#5103,.T.);
#5642=FACE_BOUND('',#5104,.T.);
#5643=FACE_BOUND('',#5105,.T.);
#5644=FACE_BOUND('',#5106,.T.);
#5645=FACE_BOUND('',#5107,.T.);
#5646=FACE_BOUND('',#5108,.T.);
#5647=FACE_BOUND('',#5109,.T.);
#5648=FACE_BOUND('',#5110,.T.);
#5649=FACE_BOUND('',#5111,.T.);
#5650=FACE_BOUND('',#5112,.T.);
#5651=FACE_BOUND('',#5113,.T.);
#5652=FACE_BOUND('',#5114,.T.);
#5653=FACE_BOUND('',#5115,.T.);
#5654=FACE_BOUND('',#5116,.T.);
#5655=FACE_BOUND('',#5117,.T.);
#5656=FACE_BOUND('',#5118,.T.);
#5657=FACE_BOUND('',#5119,.T.);
#5658=FACE_BOUND('',#5120,.T.);
#5659=FACE_BOUND('',#5121,.T.);
#5660=FACE_BOUND('',#5122,.T.);
#5661=FACE_BOUND('',#5123,.T.);
#5662=FACE_BOUND('',#5124,.T.);
#5663=FACE_BOUND('',#5125,.T.);
#5664=FACE_BOUND('',#5126,.T.);
#5665=FACE_BOUND('',#5127,.T.);
#5666=FACE_BOUND('',#5128,.T.);
#5667=FACE_BOUND('',#5129,.T.);
#5668=FACE_BOUND('',#5130,.T.);
#5669=FACE_BOUND('',#5131,.T.);
#5670=FACE_BOUND('',#5132,.T.);
#5671=FACE_BOUND('',#5133,.T.);
#5672=FACE_BOUND('',#5134,.T.);
#5673=FACE_BOUND('',#5135,.T.);
#5674=FACE_BOUND('',#5136,.T.);
#5675=FACE_BOUND('',#5137,.T.);
#5676=FACE_BOUND('',#5138,.T.);
#5677=FACE_BOUND('',#5139,.T.);
#5678=FACE_BOUND('',#5140,.T.);
#5679=FACE_BOUND('',#5141,.T.);
#5680=FACE_BOUND('',#5142,.T.);
#5681=FACE_BOUND('',#5143,.T.);
#5682=FACE_BOUND('',#5144,.T.);
#5683=FACE_BOUND('',#5145,.T.);
#5684=FACE_BOUND('',#5146,.T.);
#5685=FACE_BOUND('',#5147,.T.);
#5686=FACE_BOUND('',#5148,.T.);
#5687=FACE_BOUND('',#5149,.T.);
#5688=FACE_BOUND('',#5150,.T.);
#5689=FACE_BOUND('',#5151,.T.);
#5690=FACE_BOUND('',#5152,.T.);
#5691=FACE_BOUND('',#5153,.T.);
#5692=FACE_BOUND('',#5154,.T.);
#5693=FACE_BOUND('',#5155,.T.);
#5694=FACE_BOUND('',#5156,.T.);
#5695=FACE_BOUND('',#5157,.T.);
#5696=FACE_BOUND('',#5158,.T.);
#5697=FACE_BOUND('',#5159,.T.);
#5698=FACE_BOUND('',#5160,.T.);
#5699=FACE_BOUND('',#5161,.T.);
#5700=FACE_BOUND('',#5162,.T.);
#5701=FACE_BOUND('',#5163,.T.);
#5702=FACE_BOUND('',#5164,.T.);
#5703=FACE_BOUND('',#5165,.T.);
#5704=FACE_BOUND('',#5166,.T.);
#5705=FACE_BOUND('',#5167,.T.);
#5706=FACE_BOUND('',#5168,.T.);
#5707=FACE_BOUND('',#5169,.T.);
#5708=FACE_BOUND('',#5170,.T.);
#5709=FACE_BOUND('',#5171,.T.);
#5710=FACE_BOUND('',#5172,.T.);
#5711=FACE_BOUND('',#5173,.T.);
#5712=FACE_BOUND('',#5174,.T.);
#5713=FACE_BOUND('',#5175,.T.);
#5714=FACE_BOUND('',#5176,.T.);
#5715=FACE_BOUND('',#5177,.T.);
#5716=FACE_BOUND('',#5178,.T.);
#5717=FACE_BOUND('',#5179,.T.);
#5718=FACE_BOUND('',#5180,.T.);
#5719=FACE_BOUND('',#5181,.T.);
#5720=FACE_BOUND('',#5182,.T.);
#5721=FACE_BOUND('',#5183,.T.);
#5722=FACE_BOUND('',#5184,.T.);
#5723=FACE_BOUND('',#5185,.T.);
#5724=FACE_BOUND('',#5186,.T.);
#5725=FACE_BOUND('',#5187,.T.);
#5726=FACE_BOUND('',#5188,.T.);
#5727=FACE_BOUND('',#5189,.T.);
#5728=FACE_BOUND('',#5190,.T.);
#5729=FACE_BOUND('',#5191,.T.);
#5730=FACE_BOUND('',#5192,.T.);
#5731=FACE_BOUND('',#5193,.T.);
#5732=FACE_BOUND('',#5194,.T.);
#5733=FACE_BOUND('',#5195,.T.);
#5734=FACE_BOUND('',#5196,.T.);
#5735=FACE_BOUND('',#5197,.T.);
#5736=FACE_BOUND('',#5198,.T.);
#5737=FACE_BOUND('',#5199,.T.);
#5738=FACE_BOUND('',#5200,.T.);
#5739=FACE_BOUND('',#5201,.T.);
#5740=FACE_BOUND('',#5202,.T.);
#5741=FACE_BOUND('',#5203,.T.);
#5742=FACE_BOUND('',#5204,.T.);
#5743=FACE_BOUND('',#5205,.T.);
#5744=FACE_BOUND('',#5206,.T.);
#5745=FACE_BOUND('',#5207,.T.);
#5746=FACE_BOUND('',#5208,.T.);
#5747=FACE_BOUND('',#5209,.T.);
#5748=FACE_BOUND('',#5210,.T.);
#5749=FACE_BOUND('',#5211,.T.);
#5750=FACE_BOUND('',#5212,.T.);
#5751=FACE_BOUND('',#5213,.T.);
#5752=FACE_BOUND('',#5214,.T.);
#5753=FACE_BOUND('',#5215,.T.);
#5754=PLANE('',#6265);
#5755=PLANE('',#6267);
#5756=PLANE('',#6269);
#5757=PLANE('',#6271);
#5758=PLANE('',#6273);
#5759=PLANE('',#6275);
#5760=PLANE('',#6277);
#5761=PLANE('',#6279);
#5762=PLANE('',#6281);
#5763=PLANE('',#6283);
#5764=PLANE('',#6285);
#5765=PLANE('',#6287);
#5766=PLANE('',#6289);
#5767=PLANE('',#6291);
#5768=PLANE('',#6293);
#5769=PLANE('',#6295);
#5770=PLANE('',#6297);
#5771=PLANE('',#6299);
#5772=PLANE('',#6301);
#5773=PLANE('',#6303);
#5774=PLANE('',#6305);
#5775=PLANE('',#6307);
#5776=PLANE('',#6309);
#5777=PLANE('',#6311);
#5778=PLANE('',#6313);
#5779=PLANE('',#6315);
#5780=PLANE('',#6317);
#5781=PLANE('',#6319);
#5782=PLANE('',#6321);
#5783=PLANE('',#6453);
#5784=PLANE('',#6457);
#5785=PLANE('',#6461);
#5786=PLANE('',#6465);
#5787=PLANE('',#6469);
#5788=PLANE('',#6473);
#5789=PLANE('',#6477);
#5790=PLANE('',#6481);
#5791=PLANE('',#6485);
#5792=PLANE('',#6489);
#5793=PLANE('',#6493);
#5794=PLANE('',#6497);
#5795=PLANE('',#6501);
#5796=PLANE('',#6505);
#5797=PLANE('',#6509);
#5798=PLANE('',#6513);
#5799=PLANE('',#6517);
#5800=PLANE('',#6521);
#5801=PLANE('',#6525);
#5802=PLANE('',#6529);
#5803=PLANE('',#6533);
#5804=PLANE('',#6537);
#5805=PLANE('',#6541);
#5806=PLANE('',#6545);
#5807=PLANE('',#6549);
#5808=PLANE('',#6553);
#5809=PLANE('',#6557);
#5810=PLANE('',#6561);
#5811=PLANE('',#6565);
#5812=PLANE('',#6569);
#5813=PLANE('',#6573);
#5814=PLANE('',#6577);
#5815=PLANE('',#6581);
#5816=PLANE('',#6585);
#5817=PLANE('',#6589);
#5818=PLANE('',#6593);
#5819=PLANE('',#6597);
#5820=PLANE('',#6601);
#5821=PLANE('',#6605);
#5822=PLANE('',#6609);
#5823=PLANE('',#6613);
#5824=PLANE('',#6617);
#5825=PLANE('',#6621);
#5826=PLANE('',#6625);
#5827=PLANE('',#6629);
#5828=PLANE('',#6633);
#5829=PLANE('',#6637);
#5830=PLANE('',#6641);
#5831=PLANE('',#6645);
#5832=PLANE('',#6649);
#5833=PLANE('',#6653);
#5834=PLANE('',#6657);
#5835=PLANE('',#6661);
#5836=PLANE('',#6665);
#5837=PLANE('',#6669);
#5838=PLANE('',#6673);
#5839=PLANE('',#6677);
#5840=PLANE('',#6681);
#5841=PLANE('',#6685);
#5842=PLANE('',#6689);
#5843=PLANE('',#6693);
#5844=PLANE('',#6697);
#5845=PLANE('',#6701);
#5846=PLANE('',#6705);
#5847=PLANE('',#6709);
#5848=PLANE('',#6713);
#5849=PLANE('',#6717);
#5850=PLANE('',#6721);
#5851=PLANE('',#6725);
#5852=PLANE('',#6729);
#5853=PLANE('',#6733);
#5854=PLANE('',#6737);
#5855=PLANE('',#6741);
#5856=PLANE('',#6745);
#5857=PLANE('',#6749);
#5858=PLANE('',#6753);
#5859=PLANE('',#6757);
#5860=PLANE('',#6761);
#5861=PLANE('',#6765);
#5862=PLANE('',#6769);
#5863=PLANE('',#6773);
#5864=PLANE('',#6777);
#5865=PLANE('',#6781);
#5866=PLANE('',#6785);
#5867=PLANE('',#6789);
#5868=PLANE('',#6793);
#5869=PLANE('',#6797);
#5870=PLANE('',#6801);
#5871=PLANE('',#6805);
#5872=PLANE('',#6809);
#5873=PLANE('',#6813);
#5874=PLANE('',#6817);
#5875=PLANE('',#6821);
#5876=PLANE('',#6825);
#5877=PLANE('',#6829);
#5878=PLANE('',#6833);
#5879=PLANE('',#6837);
#5880=PLANE('',#6841);
#5881=PLANE('',#6845);
#5882=PLANE('',#6849);
#5883=PLANE('',#6853);
#5884=PLANE('',#6857);
#5885=PLANE('',#6861);
#5886=PLANE('',#6865);
#5887=PLANE('',#6869);
#5888=PLANE('',#6873);
#5889=PLANE('',#6877);
#5890=PLANE('',#6881);
#5891=PLANE('',#6885);
#5892=PLANE('',#6889);
#5893=PLANE('',#6893);
#5894=PLANE('',#6897);
#5895=PLANE('',#6901);
#5896=PLANE('',#6905);
#5897=PLANE('',#6909);
#5898=PLANE('',#6913);
#5899=PLANE('',#6917);
#5900=PLANE('',#6921);
#5901=PLANE('',#6925);
#5902=PLANE('',#6929);
#5903=PLANE('',#6933);
#5904=PLANE('',#6934);
#5905=PLANE('',#6935);
#5906=PLANE('',#6936);
#5907=PLANE('',#6937);
#5908=PLANE('',#6945);
#5909=PLANE('',#6948);
#5910=PLANE('',#6951);
#5911=PLANE('',#6954);
#5912=PLANE('',#6957);
#5913=PLANE('',#6958);
#5914=ADVANCED_FACE('',(#5216),#5754,.F.);
#5915=ADVANCED_FACE('',(#5217),#5755,.F.);
#5916=ADVANCED_FACE('',(#5218),#5756,.F.);
#5917=ADVANCED_FACE('',(#5219),#5757,.F.);
#5918=ADVANCED_FACE('',(#5220),#5758,.F.);
#5919=ADVANCED_FACE('',(#5221),#5759,.F.);
#5920=ADVANCED_FACE('',(#5222),#5760,.F.);
#5921=ADVANCED_FACE('',(#5223),#5761,.T.);
#5922=ADVANCED_FACE('',(#5224),#5762,.T.);
#5923=ADVANCED_FACE('',(#5225),#5763,.T.);
#5924=ADVANCED_FACE('',(#5226),#5764,.T.);
#5925=ADVANCED_FACE('',(#5227),#5765,.T.);
#5926=ADVANCED_FACE('',(#5228),#5766,.T.);
#5927=ADVANCED_FACE('',(#5229),#5767,.F.);
#5928=ADVANCED_FACE('',(#5230),#5768,.F.);
#5929=ADVANCED_FACE('',(#5231),#5769,.F.);
#5930=ADVANCED_FACE('',(#5232),#5770,.F.);
#5931=ADVANCED_FACE('',(#5233),#5771,.F.);
#5932=ADVANCED_FACE('',(#5234),#5772,.F.);
#5933=ADVANCED_FACE('',(#5235),#5773,.T.);
#5934=ADVANCED_FACE('',(#5236),#5774,.T.);
#5935=ADVANCED_FACE('',(#5237),#5775,.T.);
#5936=ADVANCED_FACE('',(#5238),#5776,.T.);
#5937=ADVANCED_FACE('',(#5239),#5777,.T.);
#5938=ADVANCED_FACE('',(#5240),#5778,.F.);
#5939=ADVANCED_FACE('',(#5241),#5779,.F.);
#5940=ADVANCED_FACE('',(#5242),#5780,.F.);
#5941=ADVANCED_FACE('',(#5243),#5781,.F.);
#5942=ADVANCED_FACE('',(#5244),#5782,.F.);
#5943=ADVANCED_FACE('',(#5245,#5246),#996,.F.);
#5944=ADVANCED_FACE('',(#5247,#5248),#997,.F.);
#5945=ADVANCED_FACE('',(#5249,#5250),#998,.F.);
#5946=ADVANCED_FACE('',(#5251,#5252),#999,.F.);
#5947=ADVANCED_FACE('',(#5253,#5254),#1000,.F.);
#5948=ADVANCED_FACE('',(#5255,#5256),#1001,.F.);
#5949=ADVANCED_FACE('',(#5257,#5258),#1002,.F.);
#5950=ADVANCED_FACE('',(#5259,#5260),#1003,.F.);
#5951=ADVANCED_FACE('',(#5261,#5262),#1004,.F.);
#5952=ADVANCED_FACE('',(#5263,#5264),#1005,.F.);
#5953=ADVANCED_FACE('',(#5265,#5266),#1006,.F.);
#5954=ADVANCED_FACE('',(#5267,#5268),#1007,.F.);
#5955=ADVANCED_FACE('',(#5269,#5270),#1008,.F.);
#5956=ADVANCED_FACE('',(#5271,#5272),#1009,.F.);
#5957=ADVANCED_FACE('',(#5273,#5274),#1010,.F.);
#5958=ADVANCED_FACE('',(#5275,#5276),#1011,.F.);
#5959=ADVANCED_FACE('',(#5277,#5278),#1012,.F.);
#5960=ADVANCED_FACE('',(#5279,#5280),#1013,.F.);
#5961=ADVANCED_FACE('',(#5281,#5282),#1014,.F.);
#5962=ADVANCED_FACE('',(#5283,#5284),#1015,.F.);
#5963=ADVANCED_FACE('',(#5285,#5286),#1016,.F.);
#5964=ADVANCED_FACE('',(#5287,#5288),#1017,.F.);
#5965=ADVANCED_FACE('',(#5289,#5290),#1018,.F.);
#5966=ADVANCED_FACE('',(#5291,#5292),#1019,.F.);
#5967=ADVANCED_FACE('',(#5293,#5294),#1020,.F.);
#5968=ADVANCED_FACE('',(#5295,#5296),#1021,.F.);
#5969=ADVANCED_FACE('',(#5297,#5298),#1022,.F.);
#5970=ADVANCED_FACE('',(#5299,#5300),#1023,.F.);
#5971=ADVANCED_FACE('',(#5301,#5302),#1024,.F.);
#5972=ADVANCED_FACE('',(#5303,#5304),#1025,.F.);
#5973=ADVANCED_FACE('',(#5305,#5306),#1026,.F.);
#5974=ADVANCED_FACE('',(#5307,#5308),#1027,.F.);
#5975=ADVANCED_FACE('',(#5309,#5310),#1028,.F.);
#5976=ADVANCED_FACE('',(#5311,#5312),#1029,.F.);
#5977=ADVANCED_FACE('',(#5313,#5314),#1030,.F.);
#5978=ADVANCED_FACE('',(#5315,#5316),#1031,.F.);
#5979=ADVANCED_FACE('',(#5317,#5318),#1032,.F.);
#5980=ADVANCED_FACE('',(#5319,#5320),#1033,.F.);
#5981=ADVANCED_FACE('',(#5321,#5322),#1034,.F.);
#5982=ADVANCED_FACE('',(#5323,#5324),#1035,.F.);
#5983=ADVANCED_FACE('',(#5325,#5326),#1036,.F.);
#5984=ADVANCED_FACE('',(#5327,#5328),#1037,.F.);
#5985=ADVANCED_FACE('',(#5329,#5330),#1038,.F.);
#5986=ADVANCED_FACE('',(#5331,#5332),#1039,.F.);
#5987=ADVANCED_FACE('',(#5333,#5334),#1040,.F.);
#5988=ADVANCED_FACE('',(#5335,#5336),#1041,.F.);
#5989=ADVANCED_FACE('',(#5337,#5338),#1042,.F.);
#5990=ADVANCED_FACE('',(#5339,#5340),#1043,.F.);
#5991=ADVANCED_FACE('',(#5341,#5342),#1044,.F.);
#5992=ADVANCED_FACE('',(#5343,#5344),#1045,.F.);
#5993=ADVANCED_FACE('',(#5345,#5346),#1046,.F.);
#5994=ADVANCED_FACE('',(#5347,#5348),#1047,.F.);
#5995=ADVANCED_FACE('',(#5349,#5350),#1048,.F.);
#5996=ADVANCED_FACE('',(#5351,#5352,#5353,#5354,#5355,#5356,#5357,#5358),
#5783,.F.);
#5997=ADVANCED_FACE('',(#5359),#1049,.F.);
#5998=ADVANCED_FACE('',(#5360),#5784,.T.);
#5999=ADVANCED_FACE('',(#5361),#1050,.F.);
#6000=ADVANCED_FACE('',(#5362,#5363),#5785,.T.);
#6001=ADVANCED_FACE('',(#5364),#1051,.F.);
#6002=ADVANCED_FACE('',(#5365),#5786,.T.);
#6003=ADVANCED_FACE('',(#5366),#1052,.F.);
#6004=ADVANCED_FACE('',(#5367,#5368),#5787,.T.);
#6005=ADVANCED_FACE('',(#5369),#1053,.F.);
#6006=ADVANCED_FACE('',(#5370),#5788,.T.);
#6007=ADVANCED_FACE('',(#5371),#1054,.F.);
#6008=ADVANCED_FACE('',(#5372,#5373),#5789,.T.);
#6009=ADVANCED_FACE('',(#5374),#1055,.F.);
#6010=ADVANCED_FACE('',(#5375),#5790,.T.);
#6011=ADVANCED_FACE('',(#5376),#1056,.F.);
#6012=ADVANCED_FACE('',(#5377,#5378),#5791,.T.);
#6013=ADVANCED_FACE('',(#5379),#1057,.F.);
#6014=ADVANCED_FACE('',(#5380),#5792,.T.);
#6015=ADVANCED_FACE('',(#5381),#1058,.F.);
#6016=ADVANCED_FACE('',(#5382,#5383),#5793,.T.);
#6017=ADVANCED_FACE('',(#5384),#1059,.F.);
#6018=ADVANCED_FACE('',(#5385),#5794,.T.);
#6019=ADVANCED_FACE('',(#5386),#1060,.F.);
#6020=ADVANCED_FACE('',(#5387,#5388),#5795,.T.);
#6021=ADVANCED_FACE('',(#5389),#1061,.F.);
#6022=ADVANCED_FACE('',(#5390),#5796,.T.);
#6023=ADVANCED_FACE('',(#5391),#1062,.F.);
#6024=ADVANCED_FACE('',(#5392,#5393),#5797,.T.);
#6025=ADVANCED_FACE('',(#5394),#1063,.F.);
#6026=ADVANCED_FACE('',(#5395),#5798,.T.);
#6027=ADVANCED_FACE('',(#5396),#1064,.F.);
#6028=ADVANCED_FACE('',(#5397,#5398),#5799,.T.);
#6029=ADVANCED_FACE('',(#5399),#1065,.F.);
#6030=ADVANCED_FACE('',(#5400),#5800,.T.);
#6031=ADVANCED_FACE('',(#5401),#1066,.F.);
#6032=ADVANCED_FACE('',(#5402,#5403),#5801,.T.);
#6033=ADVANCED_FACE('',(#5404),#1067,.F.);
#6034=ADVANCED_FACE('',(#5405),#5802,.T.);
#6035=ADVANCED_FACE('',(#5406),#1068,.F.);
#6036=ADVANCED_FACE('',(#5407,#5408),#5803,.T.);
#6037=ADVANCED_FACE('',(#5409),#1069,.F.);
#6038=ADVANCED_FACE('',(#5410),#5804,.T.);
#6039=ADVANCED_FACE('',(#5411),#1070,.F.);
#6040=ADVANCED_FACE('',(#5412,#5413),#5805,.T.);
#6041=ADVANCED_FACE('',(#5414),#1071,.F.);
#6042=ADVANCED_FACE('',(#5415),#5806,.T.);
#6043=ADVANCED_FACE('',(#5416),#1072,.F.);
#6044=ADVANCED_FACE('',(#5417,#5418),#5807,.T.);
#6045=ADVANCED_FACE('',(#5419),#1073,.F.);
#6046=ADVANCED_FACE('',(#5420),#5808,.T.);
#6047=ADVANCED_FACE('',(#5421),#1074,.F.);
#6048=ADVANCED_FACE('',(#5422,#5423),#5809,.T.);
#6049=ADVANCED_FACE('',(#5424),#1075,.F.);
#6050=ADVANCED_FACE('',(#5425),#5810,.T.);
#6051=ADVANCED_FACE('',(#5426),#1076,.F.);
#6052=ADVANCED_FACE('',(#5427,#5428),#5811,.T.);
#6053=ADVANCED_FACE('',(#5429),#1077,.F.);
#6054=ADVANCED_FACE('',(#5430),#5812,.T.);
#6055=ADVANCED_FACE('',(#5431),#1078,.F.);
#6056=ADVANCED_FACE('',(#5432,#5433),#5813,.T.);
#6057=ADVANCED_FACE('',(#5434),#1079,.F.);
#6058=ADVANCED_FACE('',(#5435),#5814,.T.);
#6059=ADVANCED_FACE('',(#5436),#1080,.F.);
#6060=ADVANCED_FACE('',(#5437,#5438),#5815,.T.);
#6061=ADVANCED_FACE('',(#5439),#1081,.F.);
#6062=ADVANCED_FACE('',(#5440,#5441),#5816,.T.);
#6063=ADVANCED_FACE('',(#5442),#1082,.F.);
#6064=ADVANCED_FACE('',(#5443),#5817,.T.);
#6065=ADVANCED_FACE('',(#5444),#1083,.F.);
#6066=ADVANCED_FACE('',(#5445,#5446),#5818,.T.);
#6067=ADVANCED_FACE('',(#5447),#1084,.F.);
#6068=ADVANCED_FACE('',(#5448),#5819,.T.);
#6069=ADVANCED_FACE('',(#5449),#1085,.F.);
#6070=ADVANCED_FACE('',(#5450),#5820,.T.);
#6071=ADVANCED_FACE('',(#5451),#1086,.F.);
#6072=ADVANCED_FACE('',(#5452,#5453),#5821,.T.);
#6073=ADVANCED_FACE('',(#5454),#1087,.F.);
#6074=ADVANCED_FACE('',(#5455),#5822,.T.);
#6075=ADVANCED_FACE('',(#5456),#1088,.F.);
#6076=ADVANCED_FACE('',(#5457,#5458),#5823,.T.);
#6077=ADVANCED_FACE('',(#5459),#1089,.F.);
#6078=ADVANCED_FACE('',(#5460,#5461),#5824,.T.);
#6079=ADVANCED_FACE('',(#5462),#1090,.F.);
#6080=ADVANCED_FACE('',(#5463),#5825,.T.);
#6081=ADVANCED_FACE('',(#5464),#1091,.F.);
#6082=ADVANCED_FACE('',(#5465,#5466),#5826,.T.);
#6083=ADVANCED_FACE('',(#5467),#1092,.F.);
#6084=ADVANCED_FACE('',(#5468),#5827,.T.);
#6085=ADVANCED_FACE('',(#5469),#1093,.F.);
#6086=ADVANCED_FACE('',(#5470),#5828,.T.);
#6087=ADVANCED_FACE('',(#5471),#1094,.F.);
#6088=ADVANCED_FACE('',(#5472,#5473),#5829,.T.);
#6089=ADVANCED_FACE('',(#5474),#1095,.F.);
#6090=ADVANCED_FACE('',(#5475),#5830,.T.);
#6091=ADVANCED_FACE('',(#5476),#1096,.F.);
#6092=ADVANCED_FACE('',(#5477,#5478),#5831,.T.);
#6093=ADVANCED_FACE('',(#5479),#1097,.F.);
#6094=ADVANCED_FACE('',(#5480),#5832,.T.);
#6095=ADVANCED_FACE('',(#5481),#1098,.F.);
#6096=ADVANCED_FACE('',(#5482,#5483),#5833,.T.);
#6097=ADVANCED_FACE('',(#5484),#1099,.F.);
#6098=ADVANCED_FACE('',(#5485),#5834,.T.);
#6099=ADVANCED_FACE('',(#5486),#1100,.F.);
#6100=ADVANCED_FACE('',(#5487,#5488),#5835,.T.);
#6101=ADVANCED_FACE('',(#5489),#1101,.F.);
#6102=ADVANCED_FACE('',(#5490),#5836,.T.);
#6103=ADVANCED_FACE('',(#5491),#1102,.F.);
#6104=ADVANCED_FACE('',(#5492,#5493),#5837,.T.);
#6105=ADVANCED_FACE('',(#5494),#1103,.F.);
#6106=ADVANCED_FACE('',(#5495),#5838,.T.);
#6107=ADVANCED_FACE('',(#5496),#1104,.F.);
#6108=ADVANCED_FACE('',(#5497,#5498),#5839,.T.);
#6109=ADVANCED_FACE('',(#5499),#1105,.F.);
#6110=ADVANCED_FACE('',(#5500),#5840,.T.);
#6111=ADVANCED_FACE('',(#5501),#1106,.F.);
#6112=ADVANCED_FACE('',(#5502,#5503),#5841,.T.);
#6113=ADVANCED_FACE('',(#5504),#1107,.F.);
#6114=ADVANCED_FACE('',(#5505),#5842,.T.);
#6115=ADVANCED_FACE('',(#5506),#1108,.F.);
#6116=ADVANCED_FACE('',(#5507,#5508),#5843,.T.);
#6117=ADVANCED_FACE('',(#5509),#1109,.F.);
#6118=ADVANCED_FACE('',(#5510),#5844,.T.);
#6119=ADVANCED_FACE('',(#5511),#1110,.F.);
#6120=ADVANCED_FACE('',(#5512,#5513),#5845,.T.);
#6121=ADVANCED_FACE('',(#5514),#1111,.F.);
#6122=ADVANCED_FACE('',(#5515),#5846,.T.);
#6123=ADVANCED_FACE('',(#5516),#1112,.F.);
#6124=ADVANCED_FACE('',(#5517,#5518),#5847,.T.);
#6125=ADVANCED_FACE('',(#5519),#1113,.F.);
#6126=ADVANCED_FACE('',(#5520),#5848,.T.);
#6127=ADVANCED_FACE('',(#5521),#1114,.F.);
#6128=ADVANCED_FACE('',(#5522,#5523),#5849,.T.);
#6129=ADVANCED_FACE('',(#5524),#1115,.F.);
#6130=ADVANCED_FACE('',(#5525),#5850,.T.);
#6131=ADVANCED_FACE('',(#5526),#1116,.F.);
#6132=ADVANCED_FACE('',(#5527,#5528),#5851,.T.);
#6133=ADVANCED_FACE('',(#5529),#1117,.F.);
#6134=ADVANCED_FACE('',(#5530),#5852,.T.);
#6135=ADVANCED_FACE('',(#5531),#1118,.F.);
#6136=ADVANCED_FACE('',(#5532,#5533),#5853,.T.);
#6137=ADVANCED_FACE('',(#5534),#1119,.F.);
#6138=ADVANCED_FACE('',(#5535),#5854,.T.);
#6139=ADVANCED_FACE('',(#5536),#1120,.F.);
#6140=ADVANCED_FACE('',(#5537,#5538),#5855,.T.);
#6141=ADVANCED_FACE('',(#5539),#1121,.F.);
#6142=ADVANCED_FACE('',(#5540),#5856,.T.);
#6143=ADVANCED_FACE('',(#5541),#1122,.F.);
#6144=ADVANCED_FACE('',(#5542,#5543),#5857,.T.);
#6145=ADVANCED_FACE('',(#5544),#1123,.F.);
#6146=ADVANCED_FACE('',(#5545),#5858,.T.);
#6147=ADVANCED_FACE('',(#5546),#1124,.F.);
#6148=ADVANCED_FACE('',(#5547,#5548),#5859,.T.);
#6149=ADVANCED_FACE('',(#5549),#1125,.F.);
#6150=ADVANCED_FACE('',(#5550),#5860,.T.);
#6151=ADVANCED_FACE('',(#5551),#1126,.F.);
#6152=ADVANCED_FACE('',(#5552,#5553),#5861,.T.);
#6153=ADVANCED_FACE('',(#5554),#1127,.F.);
#6154=ADVANCED_FACE('',(#5555),#5862,.T.);
#6155=ADVANCED_FACE('',(#5556),#1128,.F.);
#6156=ADVANCED_FACE('',(#5557,#5558),#5863,.T.);
#6157=ADVANCED_FACE('',(#5559),#1129,.F.);
#6158=ADVANCED_FACE('',(#5560),#5864,.T.);
#6159=ADVANCED_FACE('',(#5561),#1130,.F.);
#6160=ADVANCED_FACE('',(#5562,#5563),#5865,.T.);
#6161=ADVANCED_FACE('',(#5564),#1131,.F.);
#6162=ADVANCED_FACE('',(#5565),#5866,.T.);
#6163=ADVANCED_FACE('',(#5566),#1132,.F.);
#6164=ADVANCED_FACE('',(#5567,#5568),#5867,.T.);
#6165=ADVANCED_FACE('',(#5569),#1133,.F.);
#6166=ADVANCED_FACE('',(#5570),#5868,.T.);
#6167=ADVANCED_FACE('',(#5571),#1134,.F.);
#6168=ADVANCED_FACE('',(#5572,#5573),#5869,.T.);
#6169=ADVANCED_FACE('',(#5574),#1135,.F.);
#6170=ADVANCED_FACE('',(#5575),#5870,.T.);
#6171=ADVANCED_FACE('',(#5576),#1136,.F.);
#6172=ADVANCED_FACE('',(#5577,#5578),#5871,.T.);
#6173=ADVANCED_FACE('',(#5579),#1137,.F.);
#6174=ADVANCED_FACE('',(#5580),#5872,.T.);
#6175=ADVANCED_FACE('',(#5581),#1138,.F.);
#6176=ADVANCED_FACE('',(#5582,#5583),#5873,.T.);
#6177=ADVANCED_FACE('',(#5584),#1139,.F.);
#6178=ADVANCED_FACE('',(#5585),#5874,.T.);
#6179=ADVANCED_FACE('',(#5586),#1140,.F.);
#6180=ADVANCED_FACE('',(#5587,#5588),#5875,.T.);
#6181=ADVANCED_FACE('',(#5589),#1141,.F.);
#6182=ADVANCED_FACE('',(#5590),#5876,.T.);
#6183=ADVANCED_FACE('',(#5591),#1142,.F.);
#6184=ADVANCED_FACE('',(#5592,#5593),#5877,.T.);
#6185=ADVANCED_FACE('',(#5594),#1143,.F.);
#6186=ADVANCED_FACE('',(#5595),#5878,.T.);
#6187=ADVANCED_FACE('',(#5596),#1144,.F.);
#6188=ADVANCED_FACE('',(#5597,#5598),#5879,.T.);
#6189=ADVANCED_FACE('',(#5599),#1145,.F.);
#6190=ADVANCED_FACE('',(#5600),#5880,.T.);
#6191=ADVANCED_FACE('',(#5601),#1146,.F.);
#6192=ADVANCED_FACE('',(#5602,#5603),#5881,.T.);
#6193=ADVANCED_FACE('',(#5604),#1147,.F.);
#6194=ADVANCED_FACE('',(#5605),#5882,.T.);
#6195=ADVANCED_FACE('',(#5606),#1148,.F.);
#6196=ADVANCED_FACE('',(#5607,#5608),#5883,.T.);
#6197=ADVANCED_FACE('',(#5609),#1149,.F.);
#6198=ADVANCED_FACE('',(#5610),#5884,.T.);
#6199=ADVANCED_FACE('',(#5611),#1150,.F.);
#6200=ADVANCED_FACE('',(#5612,#5613),#5885,.T.);
#6201=ADVANCED_FACE('',(#5614),#1151,.F.);
#6202=ADVANCED_FACE('',(#5615),#5886,.T.);
#6203=ADVANCED_FACE('',(#5616),#1152,.F.);
#6204=ADVANCED_FACE('',(#5617,#5618),#5887,.T.);
#6205=ADVANCED_FACE('',(#5619),#1153,.F.);
#6206=ADVANCED_FACE('',(#5620),#5888,.T.);
#6207=ADVANCED_FACE('',(#5621),#1154,.F.);
#6208=ADVANCED_FACE('',(#5622,#5623),#5889,.T.);
#6209=ADVANCED_FACE('',(#5624),#1155,.F.);
#6210=ADVANCED_FACE('',(#5625),#5890,.T.);
#6211=ADVANCED_FACE('',(#5626),#1156,.F.);
#6212=ADVANCED_FACE('',(#5627,#5628),#5891,.T.);
#6213=ADVANCED_FACE('',(#5629),#1157,.F.);
#6214=ADVANCED_FACE('',(#5630),#5892,.T.);
#6215=ADVANCED_FACE('',(#5631),#1158,.F.);
#6216=ADVANCED_FACE('',(#5632,#5633),#5893,.T.);
#6217=ADVANCED_FACE('',(#5634),#1159,.F.);
#6218=ADVANCED_FACE('',(#5635),#5894,.T.);
#6219=ADVANCED_FACE('',(#5636),#1160,.F.);
#6220=ADVANCED_FACE('',(#5637,#5638),#5895,.T.);
#6221=ADVANCED_FACE('',(#5639),#1161,.F.);
#6222=ADVANCED_FACE('',(#5640),#5896,.T.);
#6223=ADVANCED_FACE('',(#5641),#1162,.F.);
#6224=ADVANCED_FACE('',(#5642,#5643),#5897,.T.);
#6225=ADVANCED_FACE('',(#5644),#1163,.F.);
#6226=ADVANCED_FACE('',(#5645),#5898,.T.);
#6227=ADVANCED_FACE('',(#5646),#1164,.F.);
#6228=ADVANCED_FACE('',(#5647,#5648),#5899,.T.);
#6229=ADVANCED_FACE('',(#5649),#1165,.F.);
#6230=ADVANCED_FACE('',(#5650),#5900,.T.);
#6231=ADVANCED_FACE('',(#5651),#1166,.F.);
#6232=ADVANCED_FACE('',(#5652,#5653),#5901,.T.);
#6233=ADVANCED_FACE('',(#5654),#1167,.F.);
#6234=ADVANCED_FACE('',(#5655),#5902,.T.);
#6235=ADVANCED_FACE('',(#5656),#1168,.F.);
#6236=ADVANCED_FACE('',(#5657,#5658),#5903,.T.);
#6237=ADVANCED_FACE('',(#5659,#5660,#5661,#5662,#5663,#5664,#5665,#5666,
#5667,#5668,#5669,#5670,#5671,#5672,#5673,#5674,#5675,#5676,#5677,#5678,
#5679,#5680,#5681,#5682,#5683,#5684,#5685,#5686,#5687,#5688,#5689),#5904,
 .T.);
#6238=ADVANCED_FACE('',(#5690,#5691,#5692,#5693,#5694,#5695),#5905,.F.);
#6239=ADVANCED_FACE('',(#5696,#5697,#5698,#5699,#5700,#5701),#5906,.T.);
#6240=ADVANCED_FACE('',(#5702,#5703,#5704,#5705,#5706,#5707),#5907,.F.);
#6241=ADVANCED_FACE('',(#5708,#5709),#1169,.F.);
#6242=ADVANCED_FACE('',(#5710),#5908,.T.);
#6243=ADVANCED_FACE('',(#5711,#5712),#1170,.F.);
#6244=ADVANCED_FACE('',(#5713),#5909,.T.);
#6245=ADVANCED_FACE('',(#5714,#5715),#1171,.F.);
#6246=ADVANCED_FACE('',(#5716),#5910,.T.);
#6247=ADVANCED_FACE('',(#5717,#5718),#1172,.F.);
#6248=ADVANCED_FACE('',(#5719),#5911,.T.);
#6249=ADVANCED_FACE('',(#5720,#5721),#1173,.F.);
#6250=ADVANCED_FACE('',(#5722),#5912,.T.);
#6251=ADVANCED_FACE('',(#5723,#5724,#5725,#5726,#5727,#5728,#5729,#5730,
#5731,#5732,#5733,#5734,#5735,#5736,#5737,#5738,#5739,#5740,#5741,#5742,
#5743,#5744,#5745,#5746,#5747,#5748,#5749,#5750,#5751,#5752,#5753),#5913,
 .F.);
#6252=CLOSED_SHELL('',(#5914,#5915,#5916,#5917,#5918,#5919,#5920,#5921,
#5922,#5923,#5924,#5925,#5926,#5927,#5928,#5929,#5930,#5931,#5932,#5933,
#5934,#5935,#5936,#5937,#5938,#5939,#5940,#5941,#5942,#5943,#5944,#5945,
#5946,#5947,#5948,#5949,#5950,#5951,#5952,#5953,#5954,#5955,#5956,#5957,
#5958,#5959,#5960,#5961,#5962,#5963,#5964,#5965,#5966,#5967,#5968,#5969,
#5970,#5971,#5972,#5973,#5974,#5975,#5976,#5977,#5978,#5979,#5980,#5981,
#5982,#5983,#5984,#5985,#5986,#5987,#5988,#5989,#5990,#5991,#5992,#5993,
#5994,#5995,#5996,#5997,#5998,#5999,#6000,#6001,#6002,#6003,#6004,#6005,
#6006,#6007,#6008,#6009,#6010,#6011,#6012,#6013,#6014,#6015,#6016,#6017,
#6018,#6019,#6020,#6021,#6022,#6023,#6024,#6025,#6026,#6027,#6028,#6029,
#6030,#6031,#6032,#6033,#6034,#6035,#6036,#6037,#6038,#6039,#6040,#6041,
#6042,#6043,#6044,#6045,#6046,#6047,#6048,#6049,#6050,#6051,#6052,#6053,
#6054,#6055,#6056,#6057,#6058,#6059,#6060,#6061,#6062,#6063,#6064,#6065,
#6066,#6067,#6068,#6069,#6070,#6071,#6072,#6073,#6074,#6075,#6076,#6077,
#6078,#6079,#6080,#6081,#6082,#6083,#6084,#6085,#6086,#6087,#6088,#6089,
#6090,#6091,#6092,#6093,#6094,#6095,#6096,#6097,#6098,#6099,#6100,#6101,
#6102,#6103,#6104,#6105,#6106,#6107,#6108,#6109,#6110,#6111,#6112,#6113,
#6114,#6115,#6116,#6117,#6118,#6119,#6120,#6121,#6122,#6123,#6124,#6125,
#6126,#6127,#6128,#6129,#6130,#6131,#6132,#6133,#6134,#6135,#6136,#6137,
#6138,#6139,#6140,#6141,#6142,#6143,#6144,#6145,#6146,#6147,#6148,#6149,
#6150,#6151,#6152,#6153,#6154,#6155,#6156,#6157,#6158,#6159,#6160,#6161,
#6162,#6163,#6164,#6165,#6166,#6167,#6168,#6169,#6170,#6171,#6172,#6173,
#6174,#6175,#6176,#6177,#6178,#6179,#6180,#6181,#6182,#6183,#6184,#6185,
#6186,#6187,#6188,#6189,#6190,#6191,#6192,#6193,#6194,#6195,#6196,#6197,
#6198,#6199,#6200,#6201,#6202,#6203,#6204,#6205,#6206,#6207,#6208,#6209,
#6210,#6211,#6212,#6213,#6214,#6215,#6216,#6217,#6218,#6219,#6220,#6221,
#6222,#6223,#6224,#6225,#6226,#6227,#6228,#6229,#6230,#6231,#6232,#6233,
#6234,#6235,#6236,#6237,#6238,#6239,#6240,#6241,#6242,#6243,#6244,#6245,
#6246,#6247,#6248,#6249,#6250,#6251));
#6253=STYLED_ITEM('',(#6254),#6261);
#6254=PRESENTATION_STYLE_ASSIGNMENT((#6255));
#6255=SURFACE_STYLE_USAGE(.BOTH.,#6256);
#6256=SURFACE_SIDE_STYLE('',(#6257));
#6257=SURFACE_STYLE_FILL_AREA(#6258);
#6258=FILL_AREA_STYLE('',(#6259));
#6259=FILL_AREA_STYLE_COLOUR('',#6260);
#6260=COLOUR_RGB('',0.647058823529412,0.647058823529412,0.647058823529412);
#6261=MANIFOLD_SOLID_BREP('keyFrame',#6252);
#6262=SHAPE_DEFINITION_REPRESENTATION(#10638,#6263);
#6263=SHAPE_REPRESENTATION('keyFrame',(#6264),#10633);
#6264=AXIS2_PLACEMENT_3D('',#8841,#6959,#6960);
#6265=AXIS2_PLACEMENT_3D('',#8842,#6961,#6962);
#6266=AXIS2_PLACEMENT_3D('',#8843,#6963,#6964);
#6267=AXIS2_PLACEMENT_3D('',#8845,#6965,#6966);
#6268=AXIS2_PLACEMENT_3D('',#8846,#6967,#6968);
#6269=AXIS2_PLACEMENT_3D('',#8848,#6969,#6970);
#6270=AXIS2_PLACEMENT_3D('',#8849,#6971,#6972);
#6271=AXIS2_PLACEMENT_3D('',#8851,#6973,#6974);
#6272=AXIS2_PLACEMENT_3D('',#8852,#6975,#6976);
#6273=AXIS2_PLACEMENT_3D('',#8854,#6977,#6978);
#6274=AXIS2_PLACEMENT_3D('',#8855,#6979,#6980);
#6275=AXIS2_PLACEMENT_3D('',#8857,#6981,#6982);
#6276=AXIS2_PLACEMENT_3D('',#8858,#6983,#6984);
#6277=AXIS2_PLACEMENT_3D('',#8860,#6985,#6986);
#6278=AXIS2_PLACEMENT_3D('',#8861,#6987,#6988);
#6279=AXIS2_PLACEMENT_3D('',#8863,#6989,#6990);
#6280=AXIS2_PLACEMENT_3D('',#8864,#6991,#6992);
#6281=AXIS2_PLACEMENT_3D('',#8866,#6993,#6994);
#6282=AXIS2_PLACEMENT_3D('',#8867,#6995,#6996);
#6283=AXIS2_PLACEMENT_3D('',#8869,#6997,#6998);
#6284=AXIS2_PLACEMENT_3D('',#8870,#6999,#7000);
#6285=AXIS2_PLACEMENT_3D('',#8872,#7001,#7002);
#6286=AXIS2_PLACEMENT_3D('',#8873,#7003,#7004);
#6287=AXIS2_PLACEMENT_3D('',#8875,#7005,#7006);
#6288=AXIS2_PLACEMENT_3D('',#8876,#7007,#7008);
#6289=AXIS2_PLACEMENT_3D('',#8878,#7009,#7010);
#6290=AXIS2_PLACEMENT_3D('',#8879,#7011,#7012);
#6291=AXIS2_PLACEMENT_3D('',#8881,#7013,#7014);
#6292=AXIS2_PLACEMENT_3D('',#8882,#7015,#7016);
#6293=AXIS2_PLACEMENT_3D('',#8884,#7017,#7018);
#6294=AXIS2_PLACEMENT_3D('',#8885,#7019,#7020);
#6295=AXIS2_PLACEMENT_3D('',#8887,#7021,#7022);
#6296=AXIS2_PLACEMENT_3D('',#8888,#7023,#7024);
#6297=AXIS2_PLACEMENT_3D('',#8890,#7025,#7026);
#6298=AXIS2_PLACEMENT_3D('',#8891,#7027,#7028);
#6299=AXIS2_PLACEMENT_3D('',#8893,#7029,#7030);
#6300=AXIS2_PLACEMENT_3D('',#8894,#7031,#7032);
#6301=AXIS2_PLACEMENT_3D('',#8896,#7033,#7034);
#6302=AXIS2_PLACEMENT_3D('',#8897,#7035,#7036);
#6303=AXIS2_PLACEMENT_3D('',#8899,#7037,#7038);
#6304=AXIS2_PLACEMENT_3D('',#8900,#7039,#7040);
#6305=AXIS2_PLACEMENT_3D('',#8902,#7041,#7042);
#6306=AXIS2_PLACEMENT_3D('',#8903,#7043,#7044);
#6307=AXIS2_PLACEMENT_3D('',#8905,#7045,#7046);
#6308=AXIS2_PLACEMENT_3D('',#8906,#7047,#7048);
#6309=AXIS2_PLACEMENT_3D('',#8908,#7049,#7050);
#6310=AXIS2_PLACEMENT_3D('',#8909,#7051,#7052);
#6311=AXIS2_PLACEMENT_3D('',#8911,#7053,#7054);
#6312=AXIS2_PLACEMENT_3D('',#8912,#7055,#7056);
#6313=AXIS2_PLACEMENT_3D('',#8914,#7057,#7058);
#6314=AXIS2_PLACEMENT_3D('',#8915,#7059,#7060);
#6315=AXIS2_PLACEMENT_3D('',#8917,#7061,#7062);
#6316=AXIS2_PLACEMENT_3D('',#8918,#7063,#7064);
#6317=AXIS2_PLACEMENT_3D('',#8920,#7065,#7066);
#6318=AXIS2_PLACEMENT_3D('',#8921,#7067,#7068);
#6319=AXIS2_PLACEMENT_3D('',#8923,#7069,#7070);
#6320=AXIS2_PLACEMENT_3D('',#8924,#7071,#7072);
#6321=AXIS2_PLACEMENT_3D('',#8926,#7073,#7074);
#6322=AXIS2_PLACEMENT_3D('',#8927,#7075,#7076);
#6323=AXIS2_PLACEMENT_3D('',#8929,#7077,#7078);
#6324=AXIS2_PLACEMENT_3D('',#8930,#7079,#7080);
#6325=AXIS2_PLACEMENT_3D('',#8932,#7081,#7082);
#6326=AXIS2_PLACEMENT_3D('',#8933,#7083,#7084);
#6327=AXIS2_PLACEMENT_3D('',#8935,#7085,#7086);
#6328=AXIS2_PLACEMENT_3D('',#8936,#7087,#7088);
#6329=AXIS2_PLACEMENT_3D('',#8938,#7089,#7090);
#6330=AXIS2_PLACEMENT_3D('',#8939,#7091,#7092);
#6331=AXIS2_PLACEMENT_3D('',#8941,#7093,#7094);
#6332=AXIS2_PLACEMENT_3D('',#8942,#7095,#7096);
#6333=AXIS2_PLACEMENT_3D('',#8944,#7097,#7098);
#6334=AXIS2_PLACEMENT_3D('',#8945,#7099,#7100);
#6335=AXIS2_PLACEMENT_3D('',#8947,#7101,#7102);
#6336=AXIS2_PLACEMENT_3D('',#8948,#7103,#7104);
#6337=AXIS2_PLACEMENT_3D('',#8950,#7105,#7106);
#6338=AXIS2_PLACEMENT_3D('',#8951,#7107,#7108);
#6339=AXIS2_PLACEMENT_3D('',#8953,#7109,#7110);
#6340=AXIS2_PLACEMENT_3D('',#8954,#7111,#7112);
#6341=AXIS2_PLACEMENT_3D('',#8956,#7113,#7114);
#6342=AXIS2_PLACEMENT_3D('',#8958,#7115,#7116);
#6343=AXIS2_PLACEMENT_3D('',#8959,#7117,#7118);
#6344=AXIS2_PLACEMENT_3D('',#8961,#7119,#7120);
#6345=AXIS2_PLACEMENT_3D('',#8962,#7121,#7122);
#6346=AXIS2_PLACEMENT_3D('',#8964,#7123,#7124);
#6347=AXIS2_PLACEMENT_3D('',#8965,#7125,#7126);
#6348=AXIS2_PLACEMENT_3D('',#8967,#7127,#7128);
#6349=AXIS2_PLACEMENT_3D('',#8969,#7129,#7130);
#6350=AXIS2_PLACEMENT_3D('',#8970,#7131,#7132);
#6351=AXIS2_PLACEMENT_3D('',#8972,#7133,#7134);
#6352=AXIS2_PLACEMENT_3D('',#8973,#7135,#7136);
#6353=AXIS2_PLACEMENT_3D('',#8975,#7137,#7138);
#6354=AXIS2_PLACEMENT_3D('',#8976,#7139,#7140);
#6355=AXIS2_PLACEMENT_3D('',#8978,#7141,#7142);
#6356=AXIS2_PLACEMENT_3D('',#8979,#7143,#7144);
#6357=AXIS2_PLACEMENT_3D('',#8981,#7145,#7146);
#6358=AXIS2_PLACEMENT_3D('',#8983,#7147,#7148);
#6359=AXIS2_PLACEMENT_3D('',#8984,#7149,#7150);
#6360=AXIS2_PLACEMENT_3D('',#8986,#7151,#7152);
#6361=AXIS2_PLACEMENT_3D('',#8988,#7153,#7154);
#6362=AXIS2_PLACEMENT_3D('',#8989,#7155,#7156);
#6363=AXIS2_PLACEMENT_3D('',#8991,#7157,#7158);
#6364=AXIS2_PLACEMENT_3D('',#8993,#7159,#7160);
#6365=AXIS2_PLACEMENT_3D('',#8994,#7161,#7162);
#6366=AXIS2_PLACEMENT_3D('',#8996,#7163,#7164);
#6367=AXIS2_PLACEMENT_3D('',#8997,#7165,#7166);
#6368=AXIS2_PLACEMENT_3D('',#8999,#7167,#7168);
#6369=AXIS2_PLACEMENT_3D('',#9001,#7169,#7170);
#6370=AXIS2_PLACEMENT_3D('',#9002,#7171,#7172);
#6371=AXIS2_PLACEMENT_3D('',#9004,#7173,#7174);
#6372=AXIS2_PLACEMENT_3D('',#9006,#7175,#7176);
#6373=AXIS2_PLACEMENT_3D('',#9007,#7177,#7178);
#6374=AXIS2_PLACEMENT_3D('',#9009,#7179,#7180);
#6375=AXIS2_PLACEMENT_3D('',#9010,#7181,#7182);
#6376=AXIS2_PLACEMENT_3D('',#9012,#7183,#7184);
#6377=AXIS2_PLACEMENT_3D('',#9013,#7185,#7186);
#6378=AXIS2_PLACEMENT_3D('',#9015,#7187,#7188);
#6379=AXIS2_PLACEMENT_3D('',#9017,#7189,#7190);
#6380=AXIS2_PLACEMENT_3D('',#9018,#7191,#7192);
#6381=AXIS2_PLACEMENT_3D('',#9020,#7193,#7194);
#6382=AXIS2_PLACEMENT_3D('',#9022,#7195,#7196);
#6383=AXIS2_PLACEMENT_3D('',#9023,#7197,#7198);
#6384=AXIS2_PLACEMENT_3D('',#9025,#7199,#7200);
#6385=AXIS2_PLACEMENT_3D('',#9027,#7201,#7202);
#6386=AXIS2_PLACEMENT_3D('',#9028,#7203,#7204);
#6387=AXIS2_PLACEMENT_3D('',#9030,#7205,#7206);
#6388=AXIS2_PLACEMENT_3D('',#9032,#7207,#7208);
#6389=AXIS2_PLACEMENT_3D('',#9033,#7209,#7210);
#6390=AXIS2_PLACEMENT_3D('',#9035,#7211,#7212);
#6391=AXIS2_PLACEMENT_3D('',#9037,#7213,#7214);
#6392=AXIS2_PLACEMENT_3D('',#9038,#7215,#7216);
#6393=AXIS2_PLACEMENT_3D('',#9040,#7217,#7218);
#6394=AXIS2_PLACEMENT_3D('',#9042,#7219,#7220);
#6395=AXIS2_PLACEMENT_3D('',#9043,#7221,#7222);
#6396=AXIS2_PLACEMENT_3D('',#9045,#7223,#7224);
#6397=AXIS2_PLACEMENT_3D('',#9047,#7225,#7226);
#6398=AXIS2_PLACEMENT_3D('',#9048,#7227,#7228);
#6399=AXIS2_PLACEMENT_3D('',#9050,#7229,#7230);
#6400=AXIS2_PLACEMENT_3D('',#9052,#7231,#7232);
#6401=AXIS2_PLACEMENT_3D('',#9053,#7233,#7234);
#6402=AXIS2_PLACEMENT_3D('',#9055,#7235,#7236);
#6403=AXIS2_PLACEMENT_3D('',#9057,#7237,#7238);
#6404=AXIS2_PLACEMENT_3D('',#9058,#7239,#7240);
#6405=AXIS2_PLACEMENT_3D('',#9060,#7241,#7242);
#6406=AXIS2_PLACEMENT_3D('',#9062,#7243,#7244);
#6407=AXIS2_PLACEMENT_3D('',#9063,#7245,#7246);
#6408=AXIS2_PLACEMENT_3D('',#9065,#7247,#7248);
#6409=AXIS2_PLACEMENT_3D('',#9067,#7249,#7250);
#6410=AXIS2_PLACEMENT_3D('',#9068,#7251,#7252);
#6411=AXIS2_PLACEMENT_3D('',#9070,#7253,#7254);
#6412=AXIS2_PLACEMENT_3D('',#9072,#7255,#7256);
#6413=AXIS2_PLACEMENT_3D('',#9073,#7257,#7258);
#6414=AXIS2_PLACEMENT_3D('',#9075,#7259,#7260);
#6415=AXIS2_PLACEMENT_3D('',#9077,#7261,#7262);
#6416=AXIS2_PLACEMENT_3D('',#9078,#7263,#7264);
#6417=AXIS2_PLACEMENT_3D('',#9080,#7265,#7266);
#6418=AXIS2_PLACEMENT_3D('',#9082,#7267,#7268);
#6419=AXIS2_PLACEMENT_3D('',#9083,#7269,#7270);
#6420=AXIS2_PLACEMENT_3D('',#9085,#7271,#7272);
#6421=AXIS2_PLACEMENT_3D('',#9086,#7273,#7274);
#6422=AXIS2_PLACEMENT_3D('',#9088,#7275,#7276);
#6423=AXIS2_PLACEMENT_3D('',#9090,#7277,#7278);
#6424=AXIS2_PLACEMENT_3D('',#9091,#7279,#7280);
#6425=AXIS2_PLACEMENT_3D('',#9093,#7281,#7282);
#6426=AXIS2_PLACEMENT_3D('',#9095,#7283,#7284);
#6427=AXIS2_PLACEMENT_3D('',#9096,#7285,#7286);
#6428=AXIS2_PLACEMENT_3D('',#9098,#7287,#7288);
#6429=AXIS2_PLACEMENT_3D('',#9099,#7289,#7290);
#6430=AXIS2_PLACEMENT_3D('',#9101,#7291,#7292);
#6431=AXIS2_PLACEMENT_3D('',#9102,#7293,#7294);
#6432=AXIS2_PLACEMENT_3D('',#9104,#7295,#7296);
#6433=AXIS2_PLACEMENT_3D('',#9106,#7297,#7298);
#6434=AXIS2_PLACEMENT_3D('',#9107,#7299,#7300);
#6435=AXIS2_PLACEMENT_3D('',#9109,#7301,#7302);
#6436=AXIS2_PLACEMENT_3D('',#9110,#7303,#7304);
#6437=AXIS2_PLACEMENT_3D('',#9112,#7305,#7306);
#6438=AXIS2_PLACEMENT_3D('',#9113,#7307,#7308);
#6439=AXIS2_PLACEMENT_3D('',#9115,#7309,#7310);
#6440=AXIS2_PLACEMENT_3D('',#9116,#7311,#7312);
#6441=AXIS2_PLACEMENT_3D('',#9118,#7313,#7314);
#6442=AXIS2_PLACEMENT_3D('',#9119,#7315,#7316);
#6443=AXIS2_PLACEMENT_3D('',#9121,#7317,#7318);
#6444=AXIS2_PLACEMENT_3D('',#9122,#7319,#7320);
#6445=AXIS2_PLACEMENT_3D('',#9124,#7321,#7322);
#6446=AXIS2_PLACEMENT_3D('',#9125,#7323,#7324);
#6447=AXIS2_PLACEMENT_3D('',#9127,#7325,#7326);
#6448=AXIS2_PLACEMENT_3D('',#9128,#7327,#7328);
#6449=AXIS2_PLACEMENT_3D('',#9130,#7329,#7330);
#6450=AXIS2_PLACEMENT_3D('',#9131,#7331,#7332);
#6451=AXIS2_PLACEMENT_3D('',#9133,#7333,#7334);
#6452=AXIS2_PLACEMENT_3D('',#9134,#7335,#7336);
#6453=AXIS2_PLACEMENT_3D('',#9136,#7337,#7338);
#6454=AXIS2_PLACEMENT_3D('',#9145,#7343,#7344);
#6455=AXIS2_PLACEMENT_3D('',#9149,#7346,#7347);
#6456=AXIS2_PLACEMENT_3D('',#9153,#7349,#7350);
#6457=AXIS2_PLACEMENT_3D('',#9154,#7351,#7352);
#6458=AXIS2_PLACEMENT_3D('',#9160,#7356,#7357);
#6459=AXIS2_PLACEMENT_3D('',#9161,#7358,#7359);
#6460=AXIS2_PLACEMENT_3D('',#9165,#7361,#7362);
#6461=AXIS2_PLACEMENT_3D('',#9166,#7363,#7364);
#6462=AXIS2_PLACEMENT_3D('',#9172,#7368,#7369);
#6463=AXIS2_PLACEMENT_3D('',#9173,#7370,#7371);
#6464=AXIS2_PLACEMENT_3D('',#9177,#7373,#7374);
#6465=AXIS2_PLACEMENT_3D('',#9178,#7375,#7376);
#6466=AXIS2_PLACEMENT_3D('',#9184,#7380,#7381);
#6467=AXIS2_PLACEMENT_3D('',#9185,#7382,#7383);
#6468=AXIS2_PLACEMENT_3D('',#9189,#7385,#7386);
#6469=AXIS2_PLACEMENT_3D('',#9190,#7387,#7388);
#6470=AXIS2_PLACEMENT_3D('',#9193,#7391,#7392);
#6471=AXIS2_PLACEMENT_3D('',#9197,#7394,#7395);
#6472=AXIS2_PLACEMENT_3D('',#9201,#7397,#7398);
#6473=AXIS2_PLACEMENT_3D('',#9202,#7399,#7400);
#6474=AXIS2_PLACEMENT_3D('',#9208,#7404,#7405);
#6475=AXIS2_PLACEMENT_3D('',#9209,#7406,#7407);
#6476=AXIS2_PLACEMENT_3D('',#9213,#7409,#7410);
#6477=AXIS2_PLACEMENT_3D('',#9214,#7411,#7412);
#6478=AXIS2_PLACEMENT_3D('',#9220,#7416,#7417);
#6479=AXIS2_PLACEMENT_3D('',#9221,#7418,#7419);
#6480=AXIS2_PLACEMENT_3D('',#9225,#7421,#7422);
#6481=AXIS2_PLACEMENT_3D('',#9226,#7423,#7424);
#6482=AXIS2_PLACEMENT_3D('',#9232,#7428,#7429);
#6483=AXIS2_PLACEMENT_3D('',#9233,#7430,#7431);
#6484=AXIS2_PLACEMENT_3D('',#9237,#7433,#7434);
#6485=AXIS2_PLACEMENT_3D('',#9238,#7435,#7436);
#6486=AXIS2_PLACEMENT_3D('',#9241,#7439,#7440);
#6487=AXIS2_PLACEMENT_3D('',#9245,#7442,#7443);
#6488=AXIS2_PLACEMENT_3D('',#9249,#7445,#7446);
#6489=AXIS2_PLACEMENT_3D('',#9250,#7447,#7448);
#6490=AXIS2_PLACEMENT_3D('',#9256,#7452,#7453);
#6491=AXIS2_PLACEMENT_3D('',#9257,#7454,#7455);
#6492=AXIS2_PLACEMENT_3D('',#9261,#7457,#7458);
#6493=AXIS2_PLACEMENT_3D('',#9262,#7459,#7460);
#6494=AXIS2_PLACEMENT_3D('',#9268,#7464,#7465);
#6495=AXIS2_PLACEMENT_3D('',#9269,#7466,#7467);
#6496=AXIS2_PLACEMENT_3D('',#9273,#7469,#7470);
#6497=AXIS2_PLACEMENT_3D('',#9274,#7471,#7472);
#6498=AXIS2_PLACEMENT_3D('',#9280,#7476,#7477);
#6499=AXIS2_PLACEMENT_3D('',#9281,#7478,#7479);
#6500=AXIS2_PLACEMENT_3D('',#9285,#7481,#7482);
#6501=AXIS2_PLACEMENT_3D('',#9286,#7483,#7484);
#6502=AXIS2_PLACEMENT_3D('',#9289,#7487,#7488);
#6503=AXIS2_PLACEMENT_3D('',#9293,#7490,#7491);
#6504=AXIS2_PLACEMENT_3D('',#9297,#7493,#7494);
#6505=AXIS2_PLACEMENT_3D('',#9298,#7495,#7496);
#6506=AXIS2_PLACEMENT_3D('',#9304,#7500,#7501);
#6507=AXIS2_PLACEMENT_3D('',#9305,#7502,#7503);
#6508=AXIS2_PLACEMENT_3D('',#9309,#7505,#7506);
#6509=AXIS2_PLACEMENT_3D('',#9310,#7507,#7508);
#6510=AXIS2_PLACEMENT_3D('',#9316,#7512,#7513);
#6511=AXIS2_PLACEMENT_3D('',#9317,#7514,#7515);
#6512=AXIS2_PLACEMENT_3D('',#9321,#7517,#7518);
#6513=AXIS2_PLACEMENT_3D('',#9322,#7519,#7520);
#6514=AXIS2_PLACEMENT_3D('',#9328,#7524,#7525);
#6515=AXIS2_PLACEMENT_3D('',#9329,#7526,#7527);
#6516=AXIS2_PLACEMENT_3D('',#9333,#7529,#7530);
#6517=AXIS2_PLACEMENT_3D('',#9334,#7531,#7532);
#6518=AXIS2_PLACEMENT_3D('',#9337,#7535,#7536);
#6519=AXIS2_PLACEMENT_3D('',#9341,#7538,#7539);
#6520=AXIS2_PLACEMENT_3D('',#9345,#7541,#7542);
#6521=AXIS2_PLACEMENT_3D('',#9346,#7543,#7544);
#6522=AXIS2_PLACEMENT_3D('',#9352,#7548,#7549);
#6523=AXIS2_PLACEMENT_3D('',#9353,#7550,#7551);
#6524=AXIS2_PLACEMENT_3D('',#9357,#7553,#7554);
#6525=AXIS2_PLACEMENT_3D('',#9358,#7555,#7556);
#6526=AXIS2_PLACEMENT_3D('',#9364,#7560,#7561);
#6527=AXIS2_PLACEMENT_3D('',#9365,#7562,#7563);
#6528=AXIS2_PLACEMENT_3D('',#9369,#7565,#7566);
#6529=AXIS2_PLACEMENT_3D('',#9370,#7567,#7568);
#6530=AXIS2_PLACEMENT_3D('',#9376,#7572,#7573);
#6531=AXIS2_PLACEMENT_3D('',#9377,#7574,#7575);
#6532=AXIS2_PLACEMENT_3D('',#9381,#7577,#7578);
#6533=AXIS2_PLACEMENT_3D('',#9382,#7579,#7580);
#6534=AXIS2_PLACEMENT_3D('',#9385,#7583,#7584);
#6535=AXIS2_PLACEMENT_3D('',#9389,#7586,#7587);
#6536=AXIS2_PLACEMENT_3D('',#9393,#7589,#7590);
#6537=AXIS2_PLACEMENT_3D('',#9394,#7591,#7592);
#6538=AXIS2_PLACEMENT_3D('',#9400,#7596,#7597);
#6539=AXIS2_PLACEMENT_3D('',#9401,#7598,#7599);
#6540=AXIS2_PLACEMENT_3D('',#9405,#7601,#7602);
#6541=AXIS2_PLACEMENT_3D('',#9406,#7603,#7604);
#6542=AXIS2_PLACEMENT_3D('',#9412,#7608,#7609);
#6543=AXIS2_PLACEMENT_3D('',#9413,#7610,#7611);
#6544=AXIS2_PLACEMENT_3D('',#9417,#7613,#7614);
#6545=AXIS2_PLACEMENT_3D('',#9418,#7615,#7616);
#6546=AXIS2_PLACEMENT_3D('',#9424,#7620,#7621);
#6547=AXIS2_PLACEMENT_3D('',#9425,#7622,#7623);
#6548=AXIS2_PLACEMENT_3D('',#9429,#7625,#7626);
#6549=AXIS2_PLACEMENT_3D('',#9430,#7627,#7628);
#6550=AXIS2_PLACEMENT_3D('',#9433,#7631,#7632);
#6551=AXIS2_PLACEMENT_3D('',#9437,#7634,#7635);
#6552=AXIS2_PLACEMENT_3D('',#9441,#7637,#7638);
#6553=AXIS2_PLACEMENT_3D('',#9442,#7639,#7640);
#6554=AXIS2_PLACEMENT_3D('',#9448,#7644,#7645);
#6555=AXIS2_PLACEMENT_3D('',#9449,#7646,#7647);
#6556=AXIS2_PLACEMENT_3D('',#9453,#7649,#7650);
#6557=AXIS2_PLACEMENT_3D('',#9454,#7651,#7652);
#6558=AXIS2_PLACEMENT_3D('',#9460,#7656,#7657);
#6559=AXIS2_PLACEMENT_3D('',#9461,#7658,#7659);
#6560=AXIS2_PLACEMENT_3D('',#9465,#7661,#7662);
#6561=AXIS2_PLACEMENT_3D('',#9466,#7663,#7664);
#6562=AXIS2_PLACEMENT_3D('',#9472,#7668,#7669);
#6563=AXIS2_PLACEMENT_3D('',#9473,#7670,#7671);
#6564=AXIS2_PLACEMENT_3D('',#9477,#7673,#7674);
#6565=AXIS2_PLACEMENT_3D('',#9478,#7675,#7676);
#6566=AXIS2_PLACEMENT_3D('',#9481,#7679,#7680);
#6567=AXIS2_PLACEMENT_3D('',#9485,#7682,#7683);
#6568=AXIS2_PLACEMENT_3D('',#9489,#7685,#7686);
#6569=AXIS2_PLACEMENT_3D('',#9490,#7687,#7688);
#6570=AXIS2_PLACEMENT_3D('',#9496,#7692,#7693);
#6571=AXIS2_PLACEMENT_3D('',#9497,#7694,#7695);
#6572=AXIS2_PLACEMENT_3D('',#9501,#7697,#7698);
#6573=AXIS2_PLACEMENT_3D('',#9502,#7699,#7700);
#6574=AXIS2_PLACEMENT_3D('',#9508,#7704,#7705);
#6575=AXIS2_PLACEMENT_3D('',#9509,#7706,#7707);
#6576=AXIS2_PLACEMENT_3D('',#9513,#7709,#7710);
#6577=AXIS2_PLACEMENT_3D('',#9514,#7711,#7712);
#6578=AXIS2_PLACEMENT_3D('',#9520,#7716,#7717);
#6579=AXIS2_PLACEMENT_3D('',#9521,#7718,#7719);
#6580=AXIS2_PLACEMENT_3D('',#9525,#7721,#7722);
#6581=AXIS2_PLACEMENT_3D('',#9526,#7723,#7724);
#6582=AXIS2_PLACEMENT_3D('',#9529,#7727,#7728);
#6583=AXIS2_PLACEMENT_3D('',#9533,#7730,#7731);
#6584=AXIS2_PLACEMENT_3D('',#9537,#7733,#7734);
#6585=AXIS2_PLACEMENT_3D('',#9538,#7735,#7736);
#6586=AXIS2_PLACEMENT_3D('',#9544,#7740,#7741);
#6587=AXIS2_PLACEMENT_3D('',#9545,#7742,#7743);
#6588=AXIS2_PLACEMENT_3D('',#9549,#7745,#7746);
#6589=AXIS2_PLACEMENT_3D('',#9550,#7747,#7748);
#6590=AXIS2_PLACEMENT_3D('',#9556,#7752,#7753);
#6591=AXIS2_PLACEMENT_3D('',#9557,#7754,#7755);
#6592=AXIS2_PLACEMENT_3D('',#9561,#7757,#7758);
#6593=AXIS2_PLACEMENT_3D('',#9562,#7759,#7760);
#6594=AXIS2_PLACEMENT_3D('',#9568,#7764,#7765);
#6595=AXIS2_PLACEMENT_3D('',#9569,#7766,#7767);
#6596=AXIS2_PLACEMENT_3D('',#9573,#7769,#7770);
#6597=AXIS2_PLACEMENT_3D('',#9574,#7771,#7772);
#6598=AXIS2_PLACEMENT_3D('',#9577,#7775,#7776);
#6599=AXIS2_PLACEMENT_3D('',#9581,#7778,#7779);
#6600=AXIS2_PLACEMENT_3D('',#9585,#7781,#7782);
#6601=AXIS2_PLACEMENT_3D('',#9586,#7783,#7784);
#6602=AXIS2_PLACEMENT_3D('',#9592,#7788,#7789);
#6603=AXIS2_PLACEMENT_3D('',#9593,#7790,#7791);
#6604=AXIS2_PLACEMENT_3D('',#9597,#7793,#7794);
#6605=AXIS2_PLACEMENT_3D('',#9598,#7795,#7796);
#6606=AXIS2_PLACEMENT_3D('',#9604,#7800,#7801);
#6607=AXIS2_PLACEMENT_3D('',#9605,#7802,#7803);
#6608=AXIS2_PLACEMENT_3D('',#9609,#7805,#7806);
#6609=AXIS2_PLACEMENT_3D('',#9610,#7807,#7808);
#6610=AXIS2_PLACEMENT_3D('',#9616,#7812,#7813);
#6611=AXIS2_PLACEMENT_3D('',#9617,#7814,#7815);
#6612=AXIS2_PLACEMENT_3D('',#9621,#7817,#7818);
#6613=AXIS2_PLACEMENT_3D('',#9622,#7819,#7820);
#6614=AXIS2_PLACEMENT_3D('',#9625,#7823,#7824);
#6615=AXIS2_PLACEMENT_3D('',#9629,#7826,#7827);
#6616=AXIS2_PLACEMENT_3D('',#9633,#7829,#7830);
#6617=AXIS2_PLACEMENT_3D('',#9634,#7831,#7832);
#6618=AXIS2_PLACEMENT_3D('',#9640,#7836,#7837);
#6619=AXIS2_PLACEMENT_3D('',#9641,#7838,#7839);
#6620=AXIS2_PLACEMENT_3D('',#9645,#7841,#7842);
#6621=AXIS2_PLACEMENT_3D('',#9646,#7843,#7844);
#6622=AXIS2_PLACEMENT_3D('',#9652,#7848,#7849);
#6623=AXIS2_PLACEMENT_3D('',#9653,#7850,#7851);
#6624=AXIS2_PLACEMENT_3D('',#9657,#7853,#7854);
#6625=AXIS2_PLACEMENT_3D('',#9658,#7855,#7856);
#6626=AXIS2_PLACEMENT_3D('',#9664,#7860,#7861);
#6627=AXIS2_PLACEMENT_3D('',#9665,#7862,#7863);
#6628=AXIS2_PLACEMENT_3D('',#9669,#7865,#7866);
#6629=AXIS2_PLACEMENT_3D('',#9670,#7867,#7868);
#6630=AXIS2_PLACEMENT_3D('',#9673,#7871,#7872);
#6631=AXIS2_PLACEMENT_3D('',#9677,#7874,#7875);
#6632=AXIS2_PLACEMENT_3D('',#9681,#7877,#7878);
#6633=AXIS2_PLACEMENT_3D('',#9682,#7879,#7880);
#6634=AXIS2_PLACEMENT_3D('',#9688,#7884,#7885);
#6635=AXIS2_PLACEMENT_3D('',#9689,#7886,#7887);
#6636=AXIS2_PLACEMENT_3D('',#9693,#7889,#7890);
#6637=AXIS2_PLACEMENT_3D('',#9694,#7891,#7892);
#6638=AXIS2_PLACEMENT_3D('',#9700,#7896,#7897);
#6639=AXIS2_PLACEMENT_3D('',#9701,#7898,#7899);
#6640=AXIS2_PLACEMENT_3D('',#9705,#7901,#7902);
#6641=AXIS2_PLACEMENT_3D('',#9706,#7903,#7904);
#6642=AXIS2_PLACEMENT_3D('',#9712,#7908,#7909);
#6643=AXIS2_PLACEMENT_3D('',#9713,#7910,#7911);
#6644=AXIS2_PLACEMENT_3D('',#9717,#7913,#7914);
#6645=AXIS2_PLACEMENT_3D('',#9718,#7915,#7916);
#6646=AXIS2_PLACEMENT_3D('',#9721,#7919,#7920);
#6647=AXIS2_PLACEMENT_3D('',#9725,#7922,#7923);
#6648=AXIS2_PLACEMENT_3D('',#9729,#7925,#7926);
#6649=AXIS2_PLACEMENT_3D('',#9730,#7927,#7928);
#6650=AXIS2_PLACEMENT_3D('',#9736,#7932,#7933);
#6651=AXIS2_PLACEMENT_3D('',#9737,#7934,#7935);
#6652=AXIS2_PLACEMENT_3D('',#9741,#7937,#7938);
#6653=AXIS2_PLACEMENT_3D('',#9742,#7939,#7940);
#6654=AXIS2_PLACEMENT_3D('',#9748,#7944,#7945);
#6655=AXIS2_PLACEMENT_3D('',#9749,#7946,#7947);
#6656=AXIS2_PLACEMENT_3D('',#9753,#7949,#7950);
#6657=AXIS2_PLACEMENT_3D('',#9754,#7951,#7952);
#6658=AXIS2_PLACEMENT_3D('',#9760,#7956,#7957);
#6659=AXIS2_PLACEMENT_3D('',#9761,#7958,#7959);
#6660=AXIS2_PLACEMENT_3D('',#9765,#7961,#7962);
#6661=AXIS2_PLACEMENT_3D('',#9766,#7963,#7964);
#6662=AXIS2_PLACEMENT_3D('',#9769,#7967,#7968);
#6663=AXIS2_PLACEMENT_3D('',#9773,#7970,#7971);
#6664=AXIS2_PLACEMENT_3D('',#9777,#7973,#7974);
#6665=AXIS2_PLACEMENT_3D('',#9778,#7975,#7976);
#6666=AXIS2_PLACEMENT_3D('',#9784,#7980,#7981);
#6667=AXIS2_PLACEMENT_3D('',#9785,#7982,#7983);
#6668=AXIS2_PLACEMENT_3D('',#9789,#7985,#7986);
#6669=AXIS2_PLACEMENT_3D('',#9790,#7987,#7988);
#6670=AXIS2_PLACEMENT_3D('',#9796,#7992,#7993);
#6671=AXIS2_PLACEMENT_3D('',#9797,#7994,#7995);
#6672=AXIS2_PLACEMENT_3D('',#9801,#7997,#7998);
#6673=AXIS2_PLACEMENT_3D('',#9802,#7999,#8000);
#6674=AXIS2_PLACEMENT_3D('',#9808,#8004,#8005);
#6675=AXIS2_PLACEMENT_3D('',#9809,#8006,#8007);
#6676=AXIS2_PLACEMENT_3D('',#9813,#8009,#8010);
#6677=AXIS2_PLACEMENT_3D('',#9814,#8011,#8012);
#6678=AXIS2_PLACEMENT_3D('',#9817,#8015,#8016);
#6679=AXIS2_PLACEMENT_3D('',#9821,#8018,#8019);
#6680=AXIS2_PLACEMENT_3D('',#9825,#8021,#8022);
#6681=AXIS2_PLACEMENT_3D('',#9826,#8023,#8024);
#6682=AXIS2_PLACEMENT_3D('',#9832,#8028,#8029);
#6683=AXIS2_PLACEMENT_3D('',#9833,#8030,#8031);
#6684=AXIS2_PLACEMENT_3D('',#9837,#8033,#8034);
#6685=AXIS2_PLACEMENT_3D('',#9838,#8035,#8036);
#6686=AXIS2_PLACEMENT_3D('',#9844,#8040,#8041);
#6687=AXIS2_PLACEMENT_3D('',#9845,#8042,#8043);
#6688=AXIS2_PLACEMENT_3D('',#9849,#8045,#8046);
#6689=AXIS2_PLACEMENT_3D('',#9850,#8047,#8048);
#6690=AXIS2_PLACEMENT_3D('',#9856,#8052,#8053);
#6691=AXIS2_PLACEMENT_3D('',#9857,#8054,#8055);
#6692=AXIS2_PLACEMENT_3D('',#9861,#8057,#8058);
#6693=AXIS2_PLACEMENT_3D('',#9862,#8059,#8060);
#6694=AXIS2_PLACEMENT_3D('',#9865,#8063,#8064);
#6695=AXIS2_PLACEMENT_3D('',#9869,#8066,#8067);
#6696=AXIS2_PLACEMENT_3D('',#9873,#8069,#8070);
#6697=AXIS2_PLACEMENT_3D('',#9874,#8071,#8072);
#6698=AXIS2_PLACEMENT_3D('',#9880,#8076,#8077);
#6699=AXIS2_PLACEMENT_3D('',#9881,#8078,#8079);
#6700=AXIS2_PLACEMENT_3D('',#9885,#8081,#8082);
#6701=AXIS2_PLACEMENT_3D('',#9886,#8083,#8084);
#6702=AXIS2_PLACEMENT_3D('',#9892,#8088,#8089);
#6703=AXIS2_PLACEMENT_3D('',#9893,#8090,#8091);
#6704=AXIS2_PLACEMENT_3D('',#9897,#8093,#8094);
#6705=AXIS2_PLACEMENT_3D('',#9898,#8095,#8096);
#6706=AXIS2_PLACEMENT_3D('',#9904,#8100,#8101);
#6707=AXIS2_PLACEMENT_3D('',#9905,#8102,#8103);
#6708=AXIS2_PLACEMENT_3D('',#9909,#8105,#8106);
#6709=AXIS2_PLACEMENT_3D('',#9910,#8107,#8108);
#6710=AXIS2_PLACEMENT_3D('',#9913,#8111,#8112);
#6711=AXIS2_PLACEMENT_3D('',#9917,#8114,#8115);
#6712=AXIS2_PLACEMENT_3D('',#9921,#8117,#8118);
#6713=AXIS2_PLACEMENT_3D('',#9922,#8119,#8120);
#6714=AXIS2_PLACEMENT_3D('',#9928,#8124,#8125);
#6715=AXIS2_PLACEMENT_3D('',#9929,#8126,#8127);
#6716=AXIS2_PLACEMENT_3D('',#9933,#8129,#8130);
#6717=AXIS2_PLACEMENT_3D('',#9934,#8131,#8132);
#6718=AXIS2_PLACEMENT_3D('',#9940,#8136,#8137);
#6719=AXIS2_PLACEMENT_3D('',#9941,#8138,#8139);
#6720=AXIS2_PLACEMENT_3D('',#9945,#8141,#8142);
#6721=AXIS2_PLACEMENT_3D('',#9946,#8143,#8144);
#6722=AXIS2_PLACEMENT_3D('',#9952,#8148,#8149);
#6723=AXIS2_PLACEMENT_3D('',#9953,#8150,#8151);
#6724=AXIS2_PLACEMENT_3D('',#9957,#8153,#8154);
#6725=AXIS2_PLACEMENT_3D('',#9958,#8155,#8156);
#6726=AXIS2_PLACEMENT_3D('',#9961,#8159,#8160);
#6727=AXIS2_PLACEMENT_3D('',#9965,#8162,#8163);
#6728=AXIS2_PLACEMENT_3D('',#9969,#8165,#8166);
#6729=AXIS2_PLACEMENT_3D('',#9970,#8167,#8168);
#6730=AXIS2_PLACEMENT_3D('',#9976,#8172,#8173);
#6731=AXIS2_PLACEMENT_3D('',#9977,#8174,#8175);
#6732=AXIS2_PLACEMENT_3D('',#9981,#8177,#8178);
#6733=AXIS2_PLACEMENT_3D('',#9982,#8179,#8180);
#6734=AXIS2_PLACEMENT_3D('',#9988,#8184,#8185);
#6735=AXIS2_PLACEMENT_3D('',#9989,#8186,#8187);
#6736=AXIS2_PLACEMENT_3D('',#9993,#8189,#8190);
#6737=AXIS2_PLACEMENT_3D('',#9994,#8191,#8192);
#6738=AXIS2_PLACEMENT_3D('',#10000,#8196,#8197);
#6739=AXIS2_PLACEMENT_3D('',#10001,#8198,#8199);
#6740=AXIS2_PLACEMENT_3D('',#10005,#8201,#8202);
#6741=AXIS2_PLACEMENT_3D('',#10006,#8203,#8204);
#6742=AXIS2_PLACEMENT_3D('',#10009,#8207,#8208);
#6743=AXIS2_PLACEMENT_3D('',#10013,#8210,#8211);
#6744=AXIS2_PLACEMENT_3D('',#10017,#8213,#8214);
#6745=AXIS2_PLACEMENT_3D('',#10018,#8215,#8216);
#6746=AXIS2_PLACEMENT_3D('',#10024,#8220,#8221);
#6747=AXIS2_PLACEMENT_3D('',#10025,#8222,#8223);
#6748=AXIS2_PLACEMENT_3D('',#10029,#8225,#8226);
#6749=AXIS2_PLACEMENT_3D('',#10030,#8227,#8228);
#6750=AXIS2_PLACEMENT_3D('',#10036,#8232,#8233);
#6751=AXIS2_PLACEMENT_3D('',#10037,#8234,#8235);
#6752=AXIS2_PLACEMENT_3D('',#10041,#8237,#8238);
#6753=AXIS2_PLACEMENT_3D('',#10042,#8239,#8240);
#6754=AXIS2_PLACEMENT_3D('',#10048,#8244,#8245);
#6755=AXIS2_PLACEMENT_3D('',#10049,#8246,#8247);
#6756=AXIS2_PLACEMENT_3D('',#10053,#8249,#8250);
#6757=AXIS2_PLACEMENT_3D('',#10054,#8251,#8252);
#6758=AXIS2_PLACEMENT_3D('',#10057,#8255,#8256);
#6759=AXIS2_PLACEMENT_3D('',#10061,#8258,#8259);
#6760=AXIS2_PLACEMENT_3D('',#10065,#8261,#8262);
#6761=AXIS2_PLACEMENT_3D('',#10066,#8263,#8264);
#6762=AXIS2_PLACEMENT_3D('',#10072,#8268,#8269);
#6763=AXIS2_PLACEMENT_3D('',#10073,#8270,#8271);
#6764=AXIS2_PLACEMENT_3D('',#10077,#8273,#8274);
#6765=AXIS2_PLACEMENT_3D('',#10078,#8275,#8276);
#6766=AXIS2_PLACEMENT_3D('',#10084,#8280,#8281);
#6767=AXIS2_PLACEMENT_3D('',#10085,#8282,#8283);
#6768=AXIS2_PLACEMENT_3D('',#10089,#8285,#8286);
#6769=AXIS2_PLACEMENT_3D('',#10090,#8287,#8288);
#6770=AXIS2_PLACEMENT_3D('',#10096,#8292,#8293);
#6771=AXIS2_PLACEMENT_3D('',#10097,#8294,#8295);
#6772=AXIS2_PLACEMENT_3D('',#10101,#8297,#8298);
#6773=AXIS2_PLACEMENT_3D('',#10102,#8299,#8300);
#6774=AXIS2_PLACEMENT_3D('',#10105,#8303,#8304);
#6775=AXIS2_PLACEMENT_3D('',#10109,#8306,#8307);
#6776=AXIS2_PLACEMENT_3D('',#10113,#8309,#8310);
#6777=AXIS2_PLACEMENT_3D('',#10114,#8311,#8312);
#6778=AXIS2_PLACEMENT_3D('',#10120,#8316,#8317);
#6779=AXIS2_PLACEMENT_3D('',#10121,#8318,#8319);
#6780=AXIS2_PLACEMENT_3D('',#10125,#8321,#8322);
#6781=AXIS2_PLACEMENT_3D('',#10126,#8323,#8324);
#6782=AXIS2_PLACEMENT_3D('',#10132,#8328,#8329);
#6783=AXIS2_PLACEMENT_3D('',#10133,#8330,#8331);
#6784=AXIS2_PLACEMENT_3D('',#10137,#8333,#8334);
#6785=AXIS2_PLACEMENT_3D('',#10138,#8335,#8336);
#6786=AXIS2_PLACEMENT_3D('',#10144,#8340,#8341);
#6787=AXIS2_PLACEMENT_3D('',#10145,#8342,#8343);
#6788=AXIS2_PLACEMENT_3D('',#10149,#8345,#8346);
#6789=AXIS2_PLACEMENT_3D('',#10150,#8347,#8348);
#6790=AXIS2_PLACEMENT_3D('',#10153,#8351,#8352);
#6791=AXIS2_PLACEMENT_3D('',#10157,#8354,#8355);
#6792=AXIS2_PLACEMENT_3D('',#10161,#8357,#8358);
#6793=AXIS2_PLACEMENT_3D('',#10162,#8359,#8360);
#6794=AXIS2_PLACEMENT_3D('',#10168,#8364,#8365);
#6795=AXIS2_PLACEMENT_3D('',#10169,#8366,#8367);
#6796=AXIS2_PLACEMENT_3D('',#10173,#8369,#8370);
#6797=AXIS2_PLACEMENT_3D('',#10174,#8371,#8372);
#6798=AXIS2_PLACEMENT_3D('',#10180,#8376,#8377);
#6799=AXIS2_PLACEMENT_3D('',#10181,#8378,#8379);
#6800=AXIS2_PLACEMENT_3D('',#10185,#8381,#8382);
#6801=AXIS2_PLACEMENT_3D('',#10186,#8383,#8384);
#6802=AXIS2_PLACEMENT_3D('',#10192,#8388,#8389);
#6803=AXIS2_PLACEMENT_3D('',#10193,#8390,#8391);
#6804=AXIS2_PLACEMENT_3D('',#10197,#8393,#8394);
#6805=AXIS2_PLACEMENT_3D('',#10198,#8395,#8396);
#6806=AXIS2_PLACEMENT_3D('',#10201,#8399,#8400);
#6807=AXIS2_PLACEMENT_3D('',#10205,#8402,#8403);
#6808=AXIS2_PLACEMENT_3D('',#10209,#8405,#8406);
#6809=AXIS2_PLACEMENT_3D('',#10210,#8407,#8408);
#6810=AXIS2_PLACEMENT_3D('',#10216,#8412,#8413);
#6811=AXIS2_PLACEMENT_3D('',#10217,#8414,#8415);
#6812=AXIS2_PLACEMENT_3D('',#10221,#8417,#8418);
#6813=AXIS2_PLACEMENT_3D('',#10222,#8419,#8420);
#6814=AXIS2_PLACEMENT_3D('',#10228,#8424,#8425);
#6815=AXIS2_PLACEMENT_3D('',#10229,#8426,#8427);
#6816=AXIS2_PLACEMENT_3D('',#10233,#8429,#8430);
#6817=AXIS2_PLACEMENT_3D('',#10234,#8431,#8432);
#6818=AXIS2_PLACEMENT_3D('',#10240,#8436,#8437);
#6819=AXIS2_PLACEMENT_3D('',#10241,#8438,#8439);
#6820=AXIS2_PLACEMENT_3D('',#10245,#8441,#8442);
#6821=AXIS2_PLACEMENT_3D('',#10246,#8443,#8444);
#6822=AXIS2_PLACEMENT_3D('',#10249,#8447,#8448);
#6823=AXIS2_PLACEMENT_3D('',#10253,#8450,#8451);
#6824=AXIS2_PLACEMENT_3D('',#10257,#8453,#8454);
#6825=AXIS2_PLACEMENT_3D('',#10258,#8455,#8456);
#6826=AXIS2_PLACEMENT_3D('',#10264,#8460,#8461);
#6827=AXIS2_PLACEMENT_3D('',#10265,#8462,#8463);
#6828=AXIS2_PLACEMENT_3D('',#10269,#8465,#8466);
#6829=AXIS2_PLACEMENT_3D('',#10270,#8467,#8468);
#6830=AXIS2_PLACEMENT_3D('',#10276,#8472,#8473);
#6831=AXIS2_PLACEMENT_3D('',#10277,#8474,#8475);
#6832=AXIS2_PLACEMENT_3D('',#10281,#8477,#8478);
#6833=AXIS2_PLACEMENT_3D('',#10282,#8479,#8480);
#6834=AXIS2_PLACEMENT_3D('',#10288,#8484,#8485);
#6835=AXIS2_PLACEMENT_3D('',#10289,#8486,#8487);
#6836=AXIS2_PLACEMENT_3D('',#10293,#8489,#8490);
#6837=AXIS2_PLACEMENT_3D('',#10294,#8491,#8492);
#6838=AXIS2_PLACEMENT_3D('',#10297,#8495,#8496);
#6839=AXIS2_PLACEMENT_3D('',#10301,#8498,#8499);
#6840=AXIS2_PLACEMENT_3D('',#10305,#8501,#8502);
#6841=AXIS2_PLACEMENT_3D('',#10306,#8503,#8504);
#6842=AXIS2_PLACEMENT_3D('',#10312,#8508,#8509);
#6843=AXIS2_PLACEMENT_3D('',#10313,#8510,#8511);
#6844=AXIS2_PLACEMENT_3D('',#10317,#8513,#8514);
#6845=AXIS2_PLACEMENT_3D('',#10318,#8515,#8516);
#6846=AXIS2_PLACEMENT_3D('',#10324,#8520,#8521);
#6847=AXIS2_PLACEMENT_3D('',#10325,#8522,#8523);
#6848=AXIS2_PLACEMENT_3D('',#10329,#8525,#8526);
#6849=AXIS2_PLACEMENT_3D('',#10330,#8527,#8528);
#6850=AXIS2_PLACEMENT_3D('',#10336,#8532,#8533);
#6851=AXIS2_PLACEMENT_3D('',#10337,#8534,#8535);
#6852=AXIS2_PLACEMENT_3D('',#10341,#8537,#8538);
#6853=AXIS2_PLACEMENT_3D('',#10342,#8539,#8540);
#6854=AXIS2_PLACEMENT_3D('',#10345,#8543,#8544);
#6855=AXIS2_PLACEMENT_3D('',#10349,#8546,#8547);
#6856=AXIS2_PLACEMENT_3D('',#10353,#8549,#8550);
#6857=AXIS2_PLACEMENT_3D('',#10354,#8551,#8552);
#6858=AXIS2_PLACEMENT_3D('',#10360,#8556,#8557);
#6859=AXIS2_PLACEMENT_3D('',#10361,#8558,#8559);
#6860=AXIS2_PLACEMENT_3D('',#10365,#8561,#8562);
#6861=AXIS2_PLACEMENT_3D('',#10366,#8563,#8564);
#6862=AXIS2_PLACEMENT_3D('',#10372,#8568,#8569);
#6863=AXIS2_PLACEMENT_3D('',#10373,#8570,#8571);
#6864=AXIS2_PLACEMENT_3D('',#10377,#8573,#8574);
#6865=AXIS2_PLACEMENT_3D('',#10378,#8575,#8576);
#6866=AXIS2_PLACEMENT_3D('',#10384,#8580,#8581);
#6867=AXIS2_PLACEMENT_3D('',#10385,#8582,#8583);
#6868=AXIS2_PLACEMENT_3D('',#10389,#8585,#8586);
#6869=AXIS2_PLACEMENT_3D('',#10390,#8587,#8588);
#6870=AXIS2_PLACEMENT_3D('',#10393,#8591,#8592);
#6871=AXIS2_PLACEMENT_3D('',#10397,#8594,#8595);
#6872=AXIS2_PLACEMENT_3D('',#10401,#8597,#8598);
#6873=AXIS2_PLACEMENT_3D('',#10402,#8599,#8600);
#6874=AXIS2_PLACEMENT_3D('',#10408,#8604,#8605);
#6875=AXIS2_PLACEMENT_3D('',#10409,#8606,#8607);
#6876=AXIS2_PLACEMENT_3D('',#10413,#8609,#8610);
#6877=AXIS2_PLACEMENT_3D('',#10414,#8611,#8612);
#6878=AXIS2_PLACEMENT_3D('',#10420,#8616,#8617);
#6879=AXIS2_PLACEMENT_3D('',#10421,#8618,#8619);
#6880=AXIS2_PLACEMENT_3D('',#10425,#8621,#8622);
#6881=AXIS2_PLACEMENT_3D('',#10426,#8623,#8624);
#6882=AXIS2_PLACEMENT_3D('',#10432,#8628,#8629);
#6883=AXIS2_PLACEMENT_3D('',#10433,#8630,#8631);
#6884=AXIS2_PLACEMENT_3D('',#10437,#8633,#8634);
#6885=AXIS2_PLACEMENT_3D('',#10438,#8635,#8636);
#6886=AXIS2_PLACEMENT_3D('',#10441,#8639,#8640);
#6887=AXIS2_PLACEMENT_3D('',#10445,#8642,#8643);
#6888=AXIS2_PLACEMENT_3D('',#10449,#8645,#8646);
#6889=AXIS2_PLACEMENT_3D('',#10450,#8647,#8648);
#6890=AXIS2_PLACEMENT_3D('',#10456,#8652,#8653);
#6891=AXIS2_PLACEMENT_3D('',#10457,#8654,#8655);
#6892=AXIS2_PLACEMENT_3D('',#10461,#8657,#8658);
#6893=AXIS2_PLACEMENT_3D('',#10462,#8659,#8660);
#6894=AXIS2_PLACEMENT_3D('',#10468,#8664,#8665);
#6895=AXIS2_PLACEMENT_3D('',#10469,#8666,#8667);
#6896=AXIS2_PLACEMENT_3D('',#10473,#8669,#8670);
#6897=AXIS2_PLACEMENT_3D('',#10474,#8671,#8672);
#6898=AXIS2_PLACEMENT_3D('',#10480,#8676,#8677);
#6899=AXIS2_PLACEMENT_3D('',#10481,#8678,#8679);
#6900=AXIS2_PLACEMENT_3D('',#10485,#8681,#8682);
#6901=AXIS2_PLACEMENT_3D('',#10486,#8683,#8684);
#6902=AXIS2_PLACEMENT_3D('',#10489,#8687,#8688);
#6903=AXIS2_PLACEMENT_3D('',#10493,#8690,#8691);
#6904=AXIS2_PLACEMENT_3D('',#10497,#8693,#8694);
#6905=AXIS2_PLACEMENT_3D('',#10498,#8695,#8696);
#6906=AXIS2_PLACEMENT_3D('',#10504,#8700,#8701);
#6907=AXIS2_PLACEMENT_3D('',#10505,#8702,#8703);
#6908=AXIS2_PLACEMENT_3D('',#10509,#8705,#8706);
#6909=AXIS2_PLACEMENT_3D('',#10510,#8707,#8708);
#6910=AXIS2_PLACEMENT_3D('',#10516,#8712,#8713);
#6911=AXIS2_PLACEMENT_3D('',#10517,#8714,#8715);
#6912=AXIS2_PLACEMENT_3D('',#10521,#8717,#8718);
#6913=AXIS2_PLACEMENT_3D('',#10522,#8719,#8720);
#6914=AXIS2_PLACEMENT_3D('',#10528,#8724,#8725);
#6915=AXIS2_PLACEMENT_3D('',#10529,#8726,#8727);
#6916=AXIS2_PLACEMENT_3D('',#10533,#8729,#8730);
#6917=AXIS2_PLACEMENT_3D('',#10534,#8731,#8732);
#6918=AXIS2_PLACEMENT_3D('',#10537,#8735,#8736);
#6919=AXIS2_PLACEMENT_3D('',#10541,#8738,#8739);
#6920=AXIS2_PLACEMENT_3D('',#10545,#8741,#8742);
#6921=AXIS2_PLACEMENT_3D('',#10546,#8743,#8744);
#6922=AXIS2_PLACEMENT_3D('',#10552,#8748,#8749);
#6923=AXIS2_PLACEMENT_3D('',#10553,#8750,#8751);
#6924=AXIS2_PLACEMENT_3D('',#10557,#8753,#8754);
#6925=AXIS2_PLACEMENT_3D('',#10558,#8755,#8756);
#6926=AXIS2_PLACEMENT_3D('',#10564,#8760,#8761);
#6927=AXIS2_PLACEMENT_3D('',#10565,#8762,#8763);
#6928=AXIS2_PLACEMENT_3D('',#10569,#8765,#8766);
#6929=AXIS2_PLACEMENT_3D('',#10570,#8767,#8768);
#6930=AXIS2_PLACEMENT_3D('',#10576,#8772,#8773);
#6931=AXIS2_PLACEMENT_3D('',#10577,#8774,#8775);
#6932=AXIS2_PLACEMENT_3D('',#10581,#8777,#8778);
#6933=AXIS2_PLACEMENT_3D('',#10582,#8779,#8780);
#6934=AXIS2_PLACEMENT_3D('',#10585,#8783,#8784);
#6935=AXIS2_PLACEMENT_3D('',#10591,#8788,#8789);
#6936=AXIS2_PLACEMENT_3D('',#10595,#8792,#8793);
#6937=AXIS2_PLACEMENT_3D('',#10599,#8796,#8797);
#6938=AXIS2_PLACEMENT_3D('',#10600,#8798,#8799);
#6939=AXIS2_PLACEMENT_3D('',#10602,#8800,#8801);
#6940=AXIS2_PLACEMENT_3D('',#10604,#8802,#8803);
#6941=AXIS2_PLACEMENT_3D('',#10606,#8804,#8805);
#6942=AXIS2_PLACEMENT_3D('',#10608,#8806,#8807);
#6943=AXIS2_PLACEMENT_3D('',#10611,#8809,#8810);
#6944=AXIS2_PLACEMENT_3D('',#10612,#8811,#8812);
#6945=AXIS2_PLACEMENT_3D('',#10614,#8813,#8814);
#6946=AXIS2_PLACEMENT_3D('',#10615,#8815,#8816);
#6947=AXIS2_PLACEMENT_3D('',#10616,#8817,#8818);
#6948=AXIS2_PLACEMENT_3D('',#10618,#8819,#8820);
#6949=AXIS2_PLACEMENT_3D('',#10619,#8821,#8822);
#6950=AXIS2_PLACEMENT_3D('',#10620,#8823,#8824);
#6951=AXIS2_PLACEMENT_3D('',#10622,#8825,#8826);
#6952=AXIS2_PLACEMENT_3D('',#10623,#8827,#8828);
#6953=AXIS2_PLACEMENT_3D('',#10624,#8829,#8830);
#6954=AXIS2_PLACEMENT_3D('',#10626,#8831,#8832);
#6955=AXIS2_PLACEMENT_3D('',#10627,#8833,#8834);
#6956=AXIS2_PLACEMENT_3D('',#10628,#8835,#8836);
#6957=AXIS2_PLACEMENT_3D('',#10630,#8837,#8838);
#6958=AXIS2_PLACEMENT_3D('',#10631,#8839,#8840);
#6959=DIRECTION('',(0.,0.,1.));
#6960=DIRECTION('',(1.,0.,0.));
#6961=DIRECTION('',(-1.,0.,0.));
#6962=DIRECTION('',(0.,-1.,0.));
#6963=DIRECTION('',(-1.,0.,0.));
#6964=DIRECTION('',(0.,0.,1.));
#6965=DIRECTION('',(-1.,0.,0.));
#6966=DIRECTION('',(0.,-1.,0.));
#6967=DIRECTION('',(-1.,0.,0.));
#6968=DIRECTION('',(0.,0.,1.));
#6969=DIRECTION('',(-1.,0.,0.));
#6970=DIRECTION('',(0.,-1.,0.));
#6971=DIRECTION('',(-1.,0.,0.));
#6972=DIRECTION('',(0.,0.,1.));
#6973=DIRECTION('',(-1.,0.,0.));
#6974=DIRECTION('',(0.,-1.,0.));
#6975=DIRECTION('',(-1.,0.,0.));
#6976=DIRECTION('',(0.,0.,1.));
#6977=DIRECTION('',(-1.,0.,0.));
#6978=DIRECTION('',(0.,-1.,0.));
#6979=DIRECTION('',(-1.,0.,0.));
#6980=DIRECTION('',(0.,0.,1.));
#6981=DIRECTION('',(-1.,0.,0.));
#6982=DIRECTION('',(0.,-1.,0.));
#6983=DIRECTION('',(-1.,0.,0.));
#6984=DIRECTION('',(0.,0.,1.));
#6985=DIRECTION('',(-1.,0.,0.));
#6986=DIRECTION('',(0.,-1.,0.));
#6987=DIRECTION('',(-1.,0.,0.));
#6988=DIRECTION('',(0.,0.,1.));
#6989=DIRECTION('',(1.,0.,0.));
#6990=DIRECTION('',(0.,1.,0.));
#6991=DIRECTION('',(1.,0.,0.));
#6992=DIRECTION('',(0.,0.,-1.));
#6993=DIRECTION('',(1.,0.,0.));
#6994=DIRECTION('',(0.,1.,0.));
#6995=DIRECTION('',(1.,0.,0.));
#6996=DIRECTION('',(0.,0.,-1.));
#6997=DIRECTION('',(1.,0.,0.));
#6998=DIRECTION('',(0.,1.,0.));
#6999=DIRECTION('',(1.,0.,0.));
#7000=DIRECTION('',(0.,0.,-1.));
#7001=DIRECTION('',(1.,0.,0.));
#7002=DIRECTION('',(0.,1.,0.));
#7003=DIRECTION('',(1.,0.,0.));
#7004=DIRECTION('',(0.,0.,-1.));
#7005=DIRECTION('',(1.,0.,0.));
#7006=DIRECTION('',(0.,1.,0.));
#7007=DIRECTION('',(1.,0.,0.));
#7008=DIRECTION('',(0.,0.,-1.));
#7009=DIRECTION('',(1.,0.,0.));
#7010=DIRECTION('',(0.,1.,0.));
#7011=DIRECTION('',(1.,0.,0.));
#7012=DIRECTION('',(0.,0.,-1.));
#7013=DIRECTION('',(1.,0.,0.));
#7014=DIRECTION('',(0.,1.,0.));
#7015=DIRECTION('',(1.,0.,0.));
#7016=DIRECTION('',(0.,0.,-1.));
#7017=DIRECTION('',(1.,0.,0.));
#7018=DIRECTION('',(0.,1.,0.));
#7019=DIRECTION('',(1.,0.,0.));
#7020=DIRECTION('',(0.,0.,-1.));
#7021=DIRECTION('',(1.,0.,0.));
#7022=DIRECTION('',(0.,1.,0.));
#7023=DIRECTION('',(1.,0.,0.));
#7024=DIRECTION('',(0.,0.,-1.));
#7025=DIRECTION('',(1.,0.,0.));
#7026=DIRECTION('',(0.,1.,0.));
#7027=DIRECTION('',(1.,0.,0.));
#7028=DIRECTION('',(0.,0.,-1.));
#7029=DIRECTION('',(1.,0.,0.));
#7030=DIRECTION('',(0.,1.,0.));
#7031=DIRECTION('',(1.,0.,0.));
#7032=DIRECTION('',(0.,0.,-1.));
#7033=DIRECTION('',(1.,0.,0.));
#7034=DIRECTION('',(0.,1.,0.));
#7035=DIRECTION('',(1.,0.,0.));
#7036=DIRECTION('',(0.,0.,-1.));
#7037=DIRECTION('',(1.38382499508121E-16,-1.,0.));
#7038=DIRECTION('',(1.,1.38382499508121E-16,0.));
#7039=DIRECTION('',(1.38382499508121E-16,-1.,0.));
#7040=DIRECTION('',(1.,1.38382499508121E-16,0.));
#7041=DIRECTION('',(1.38382499508121E-16,-1.,0.));
#7042=DIRECTION('',(1.,1.38382499508121E-16,0.));
#7043=DIRECTION('',(1.38382499508121E-16,-1.,0.));
#7044=DIRECTION('',(1.,1.38382499508121E-16,0.));
#7045=DIRECTION('',(1.38382499508121E-16,-1.,0.));
#7046=DIRECTION('',(1.,1.38382499508121E-16,0.));
#7047=DIRECTION('',(1.38382499508121E-16,-1.,0.));
#7048=DIRECTION('',(1.,1.38382499508121E-16,0.));
#7049=DIRECTION('',(1.38382499508121E-16,-1.,0.));
#7050=DIRECTION('',(1.,1.38382499508121E-16,0.));
#7051=DIRECTION('',(1.38382499508121E-16,-1.,0.));
#7052=DIRECTION('',(1.,1.38382499508121E-16,0.));
#7053=DIRECTION('',(1.38382499508121E-16,-1.,0.));
#7054=DIRECTION('',(1.,1.38382499508121E-16,0.));
#7055=DIRECTION('',(1.38382499508121E-16,-1.,0.));
#7056=DIRECTION('',(1.,1.38382499508121E-16,0.));
#7057=DIRECTION('',(1.38382499508121E-16,-1.,0.));
#7058=DIRECTION('',(1.,1.38382499508121E-16,0.));
#7059=DIRECTION('',(1.38382499508121E-16,-1.,0.));
#7060=DIRECTION('',(1.,1.38382499508121E-16,0.));
#7061=DIRECTION('',(1.38382499508121E-16,-1.,0.));
#7062=DIRECTION('',(1.,1.38382499508121E-16,0.));
#7063=DIRECTION('',(1.38382499508121E-16,-1.,0.));
#7064=DIRECTION('',(1.,1.38382499508121E-16,0.));
#7065=DIRECTION('',(1.38382499508121E-16,-1.,0.));
#7066=DIRECTION('',(1.,1.38382499508121E-16,0.));
#7067=DIRECTION('',(1.38382499508121E-16,-1.,0.));
#7068=DIRECTION('',(1.,1.38382499508121E-16,0.));
#7069=DIRECTION('',(1.38382499508121E-16,-1.,0.));
#7070=DIRECTION('',(1.,1.38382499508121E-16,0.));
#7071=DIRECTION('',(1.38382499508121E-16,-1.,0.));
#7072=DIRECTION('',(1.,1.38382499508121E-16,0.));
#7073=DIRECTION('',(1.38382499508121E-16,-1.,0.));
#7074=DIRECTION('',(1.,1.38382499508121E-16,0.));
#7075=DIRECTION('',(1.38382499508121E-16,-1.,0.));
#7076=DIRECTION('',(1.,1.38382499508121E-16,0.));
#7077=DIRECTION('',(1.,0.,0.));
#7078=DIRECTION('',(0.,0.,-1.));
#7079=DIRECTION('',(-1.,0.,0.));
#7080=DIRECTION('',(0.,0.,1.));
#7081=DIRECTION('',(1.,0.,0.));
#7082=DIRECTION('',(0.,0.,-1.));
#7083=DIRECTION('',(-1.,0.,0.));
#7084=DIRECTION('',(0.,0.,1.));
#7085=DIRECTION('',(1.,0.,0.));
#7086=DIRECTION('',(0.,0.,-1.));
#7087=DIRECTION('',(-1.,0.,0.));
#7088=DIRECTION('',(0.,0.,1.));
#7089=DIRECTION('',(1.,0.,0.));
#7090=DIRECTION('',(0.,0.,-1.));
#7091=DIRECTION('',(-1.,0.,0.));
#7092=DIRECTION('',(0.,0.,1.));
#7093=DIRECTION('',(1.,0.,0.));
#7094=DIRECTION('',(0.,0.,-1.));
#7095=DIRECTION('',(-1.,0.,0.));
#7096=DIRECTION('',(0.,0.,1.));
#7097=DIRECTION('',(1.,0.,0.));
#7098=DIRECTION('',(0.,0.,-1.));
#7099=DIRECTION('',(-1.,0.,0.));
#7100=DIRECTION('',(0.,0.,1.));
#7101=DIRECTION('',(1.,0.,0.));
#7102=DIRECTION('',(0.,0.,-1.));
#7103=DIRECTION('',(-1.,0.,0.));
#7104=DIRECTION('',(0.,0.,1.));
#7105=DIRECTION('',(-1.,0.,0.));
#7106=DIRECTION('',(0.,0.,1.));
#7107=DIRECTION('',(1.,0.,0.));
#7108=DIRECTION('',(0.,0.,-1.));
#7109=DIRECTION('',(-1.,0.,0.));
#7110=DIRECTION('',(0.,0.,1.));
#7111=DIRECTION('',(1.,0.,0.));
#7112=DIRECTION('',(0.,0.,-1.));
#7113=DIRECTION('',(-1.,-1.79068229778251E-15,0.));
#7114=DIRECTION('',(1.79068229778251E-15,-1.,0.));
#7115=DIRECTION('',(-1.,0.,0.));
#7116=DIRECTION('',(0.,0.,1.));
#7117=DIRECTION('',(1.,0.,0.));
#7118=DIRECTION('',(0.,0.,-1.));
#7119=DIRECTION('',(-1.,0.,0.));
#7120=DIRECTION('',(0.,0.,1.));
#7121=DIRECTION('',(1.,0.,0.));
#7122=DIRECTION('',(0.,0.,-1.));
#7123=DIRECTION('',(-1.,0.,0.));
#7124=DIRECTION('',(0.,0.,1.));
#7125=DIRECTION('',(-1.,-1.79068229778251E-15,0.));
#7126=DIRECTION('',(1.79068229778251E-15,-1.,0.));
#7127=DIRECTION('',(1.,0.,0.));
#7128=DIRECTION('',(0.,0.,-1.));
#7129=DIRECTION('',(-1.,0.,0.));
#7130=DIRECTION('',(0.,0.,1.));
#7131=DIRECTION('',(1.,0.,0.));
#7132=DIRECTION('',(0.,0.,-1.));
#7133=DIRECTION('',(-1.,0.,0.));
#7134=DIRECTION('',(0.,0.,1.));
#7135=DIRECTION('',(1.,0.,0.));
#7136=DIRECTION('',(0.,0.,-1.));
#7137=DIRECTION('',(-1.,0.,0.));
#7138=DIRECTION('',(0.,0.,1.));
#7139=DIRECTION('',(1.,0.,0.));
#7140=DIRECTION('',(0.,0.,-1.));
#7141=DIRECTION('',(-1.,0.,0.));
#7142=DIRECTION('',(0.,0.,1.));
#7143=DIRECTION('',(-1.,-1.79068229778251E-15,0.));
#7144=DIRECTION('',(1.79068229778251E-15,-1.,0.));
#7145=DIRECTION('',(1.,0.,0.));
#7146=DIRECTION('',(0.,0.,-1.));
#7147=DIRECTION('',(-1.,0.,0.));
#7148=DIRECTION('',(0.,0.,1.));
#7149=DIRECTION('',(-1.,-3.58136459556502E-15,0.));
#7150=DIRECTION('',(3.58136459556502E-15,-1.,0.));
#7151=DIRECTION('',(1.,0.,0.));
#7152=DIRECTION('',(0.,0.,-1.));
#7153=DIRECTION('',(-1.,0.,0.));
#7154=DIRECTION('',(0.,0.,1.));
#7155=DIRECTION('',(-1.,-3.58136459556502E-15,0.));
#7156=DIRECTION('',(3.58136459556502E-15,-1.,0.));
#7157=DIRECTION('',(1.,0.,0.));
#7158=DIRECTION('',(0.,0.,-1.));
#7159=DIRECTION('',(-1.,0.,0.));
#7160=DIRECTION('',(0.,0.,1.));
#7161=DIRECTION('',(-1.,-3.58136459556502E-15,0.));
#7162=DIRECTION('',(3.58136459556502E-15,-1.,0.));
#7163=DIRECTION('',(-1.,0.,0.));
#7164=DIRECTION('',(0.,0.,1.));
#7165=DIRECTION('',(-1.,0.,0.));
#7166=DIRECTION('',(0.,0.,1.));
#7167=DIRECTION('',(1.,0.,0.));
#7168=DIRECTION('',(0.,0.,-1.));
#7169=DIRECTION('',(-1.,0.,0.));
#7170=DIRECTION('',(0.,0.,1.));
#7171=DIRECTION('',(-1.,-3.58136459556502E-15,0.));
#7172=DIRECTION('',(3.58136459556502E-15,-1.,0.));
#7173=DIRECTION('',(1.,0.,0.));
#7174=DIRECTION('',(0.,0.,-1.));
#7175=DIRECTION('',(-1.,0.,0.));
#7176=DIRECTION('',(0.,0.,1.));
#7177=DIRECTION('',(-1.,-3.58136459556502E-15,0.));
#7178=DIRECTION('',(3.58136459556502E-15,-1.,0.));
#7179=DIRECTION('',(-1.,0.,0.));
#7180=DIRECTION('',(0.,0.,1.));
#7181=DIRECTION('',(-1.,0.,0.));
#7182=DIRECTION('',(0.,0.,1.));
#7183=DIRECTION('',(-1.,0.,0.));
#7184=DIRECTION('',(0.,0.,1.));
#7185=DIRECTION('',(-1.,0.,0.));
#7186=DIRECTION('',(0.,0.,1.));
#7187=DIRECTION('',(1.,0.,0.));
#7188=DIRECTION('',(0.,0.,-1.));
#7189=DIRECTION('',(-1.,0.,0.));
#7190=DIRECTION('',(0.,0.,1.));
#7191=DIRECTION('',(1.,0.,0.));
#7192=DIRECTION('',(0.,0.,-1.));
#7193=DIRECTION('',(-1.,0.,0.));
#7194=DIRECTION('',(0.,0.,1.));
#7195=DIRECTION('',(-1.,0.,0.));
#7196=DIRECTION('',(0.,0.,1.));
#7197=DIRECTION('',(1.,0.,0.));
#7198=DIRECTION('',(0.,0.,-1.));
#7199=DIRECTION('',(-1.,0.,0.));
#7200=DIRECTION('',(0.,0.,1.));
#7201=DIRECTION('',(-1.,0.,0.));
#7202=DIRECTION('',(0.,0.,1.));
#7203=DIRECTION('',(1.,0.,0.));
#7204=DIRECTION('',(0.,0.,-1.));
#7205=DIRECTION('',(-1.,0.,0.));
#7206=DIRECTION('',(0.,0.,1.));
#7207=DIRECTION('',(-1.,0.,0.));
#7208=DIRECTION('',(0.,0.,1.));
#7209=DIRECTION('',(-1.,-1.79068229778251E-15,0.));
#7210=DIRECTION('',(1.79068229778251E-15,-1.,0.));
#7211=DIRECTION('',(1.,0.,0.));
#7212=DIRECTION('',(0.,0.,-1.));
#7213=DIRECTION('',(-1.,0.,0.));
#7214=DIRECTION('',(0.,0.,1.));
#7215=DIRECTION('',(1.,0.,0.));
#7216=DIRECTION('',(0.,0.,-1.));
#7217=DIRECTION('',(-1.,-3.58136459556502E-15,0.));
#7218=DIRECTION('',(3.58136459556502E-15,-1.,0.));
#7219=DIRECTION('',(-1.,0.,0.));
#7220=DIRECTION('',(0.,0.,1.));
#7221=DIRECTION('',(1.,0.,0.));
#7222=DIRECTION('',(0.,0.,-1.));
#7223=DIRECTION('',(-1.,-1.79068229778251E-15,0.));
#7224=DIRECTION('',(1.79068229778251E-15,-1.,0.));
#7225=DIRECTION('',(-1.,0.,0.));
#7226=DIRECTION('',(0.,0.,1.));
#7227=DIRECTION('',(-1.,-1.79068229778251E-15,0.));
#7228=DIRECTION('',(1.79068229778251E-15,-1.,0.));
#7229=DIRECTION('',(1.,0.,0.));
#7230=DIRECTION('',(0.,0.,-1.));
#7231=DIRECTION('',(-1.,0.,0.));
#7232=DIRECTION('',(0.,0.,1.));
#7233=DIRECTION('',(-1.,-1.79068229778251E-15,0.));
#7234=DIRECTION('',(1.79068229778251E-15,-1.,0.));
#7235=DIRECTION('',(1.,0.,0.));
#7236=DIRECTION('',(0.,0.,-1.));
#7237=DIRECTION('',(-1.,0.,0.));
#7238=DIRECTION('',(0.,0.,1.));
#7239=DIRECTION('',(1.,0.,0.));
#7240=DIRECTION('',(0.,0.,-1.));
#7241=DIRECTION('',(-1.,-1.79068229778251E-15,0.));
#7242=DIRECTION('',(1.79068229778251E-15,-1.,0.));
#7243=DIRECTION('',(-1.,0.,0.));
#7244=DIRECTION('',(0.,0.,1.));
#7245=DIRECTION('',(1.,0.,0.));
#7246=DIRECTION('',(0.,0.,-1.));
#7247=DIRECTION('',(-1.,-1.79068229778251E-15,0.));
#7248=DIRECTION('',(1.79068229778251E-15,-1.,0.));
#7249=DIRECTION('',(-1.,0.,0.));
#7250=DIRECTION('',(0.,0.,1.));
#7251=DIRECTION('',(-1.,-1.79068229778251E-15,0.));
#7252=DIRECTION('',(1.79068229778251E-15,-1.,0.));
#7253=DIRECTION('',(1.,0.,0.));
#7254=DIRECTION('',(0.,0.,-1.));
#7255=DIRECTION('',(-1.,0.,0.));
#7256=DIRECTION('',(0.,0.,1.));
#7257=DIRECTION('',(-1.,-1.79068229778251E-15,0.));
#7258=DIRECTION('',(1.79068229778251E-15,-1.,0.));
#7259=DIRECTION('',(1.,0.,0.));
#7260=DIRECTION('',(0.,0.,-1.));
#7261=DIRECTION('',(-1.,0.,0.));
#7262=DIRECTION('',(0.,0.,1.));
#7263=DIRECTION('',(1.,0.,0.));
#7264=DIRECTION('',(0.,0.,-1.));
#7265=DIRECTION('',(-1.,-1.79068229778251E-15,0.));
#7266=DIRECTION('',(1.79068229778251E-15,-1.,0.));
#7267=DIRECTION('',(-1.,0.,0.));
#7268=DIRECTION('',(0.,0.,1.));
#7269=DIRECTION('',(-1.,0.,0.));
#7270=DIRECTION('',(0.,0.,1.));
#7271=DIRECTION('',(-1.,0.,0.));
#7272=DIRECTION('',(0.,0.,1.));
#7273=DIRECTION('',(-1.,0.,0.));
#7274=DIRECTION('',(0.,0.,1.));
#7275=DIRECTION('',(1.,0.,0.));
#7276=DIRECTION('',(0.,0.,-1.));
#7277=DIRECTION('',(-1.,0.,0.));
#7278=DIRECTION('',(0.,0.,1.));
#7279=DIRECTION('',(-1.,0.,0.));
#7280=DIRECTION('',(0.,0.,1.));
#7281=DIRECTION('',(1.,0.,0.));
#7282=DIRECTION('',(0.,0.,-1.));
#7283=DIRECTION('',(-1.,0.,0.));
#7284=DIRECTION('',(0.,0.,1.));
#7285=DIRECTION('',(-1.,0.,0.));
#7286=DIRECTION('',(0.,0.,1.));
#7287=DIRECTION('',(-1.,0.,0.));
#7288=DIRECTION('',(0.,0.,1.));
#7289=DIRECTION('',(-1.,0.,0.));
#7290=DIRECTION('',(0.,0.,1.));
#7291=DIRECTION('',(-1.,0.,0.));
#7292=DIRECTION('',(0.,0.,1.));
#7293=DIRECTION('',(-1.,0.,0.));
#7294=DIRECTION('',(0.,0.,1.));
#7295=DIRECTION('',(1.,0.,0.));
#7296=DIRECTION('',(0.,0.,-1.));
#7297=DIRECTION('',(1.38382499508121E-16,-1.,0.));
#7298=DIRECTION('',(1.,1.38382499508121E-16,0.));
#7299=DIRECTION('',(1.38382499508121E-16,-1.,0.));
#7300=DIRECTION('',(1.,1.38382499508121E-16,0.));
#7301=DIRECTION('',(1.38382499508121E-16,-1.,0.));
#7302=DIRECTION('',(1.,1.38382499508121E-16,0.));
#7303=DIRECTION('',(1.38382499508121E-16,-1.,0.));
#7304=DIRECTION('',(1.,1.38382499508121E-16,0.));
#7305=DIRECTION('',(1.38382499508121E-16,-1.,0.));
#7306=DIRECTION('',(1.,1.38382499508121E-16,0.));
#7307=DIRECTION('',(1.38382499508121E-16,-1.,0.));
#7308=DIRECTION('',(1.,1.38382499508121E-16,0.));
#7309=DIRECTION('',(1.38382499508121E-16,-1.,0.));
#7310=DIRECTION('',(1.,1.38382499508121E-16,0.));
#7311=DIRECTION('',(1.38382499508121E-16,-1.,0.));
#7312=DIRECTION('',(1.,1.38382499508121E-16,0.));
#7313=DIRECTION('',(1.38382499508121E-16,-1.,0.));
#7314=DIRECTION('',(1.,1.38382499508121E-16,0.));
#7315=DIRECTION('',(1.38382499508121E-16,-1.,0.));
#7316=DIRECTION('',(1.,1.38382499508121E-16,0.));
#7317=DIRECTION('',(-1.38382499508121E-16,1.,0.));
#7318=DIRECTION('',(-1.,-1.38382499508121E-16,0.));
#7319=DIRECTION('',(1.38382499508121E-16,-1.,0.));
#7320=DIRECTION('',(1.,1.38382499508121E-16,0.));
#7321=DIRECTION('',(-1.38382499508121E-16,1.,0.));
#7322=DIRECTION('',(-1.,-1.38382499508121E-16,0.));
#7323=DIRECTION('',(1.38382499508121E-16,-1.,0.));
#7324=DIRECTION('',(1.,1.38382499508121E-16,0.));
#7325=DIRECTION('',(-1.38382499508121E-16,1.,0.));
#7326=DIRECTION('',(-1.,-1.38382499508121E-16,0.));
#7327=DIRECTION('',(1.38382499508121E-16,-1.,0.));
#7328=DIRECTION('',(1.,1.38382499508121E-16,0.));
#7329=DIRECTION('',(-1.38382499508121E-16,1.,0.));
#7330=DIRECTION('',(-1.,-1.38382499508121E-16,0.));
#7331=DIRECTION('',(1.38382499508121E-16,-1.,0.));
#7332=DIRECTION('',(1.,1.38382499508121E-16,0.));
#7333=DIRECTION('',(-1.38382499508121E-16,1.,0.));
#7334=DIRECTION('',(-1.,-1.38382499508121E-16,0.));
#7335=DIRECTION('',(1.38382499508121E-16,-1.,0.));
#7336=DIRECTION('',(1.,1.38382499508121E-16,0.));
#7337=DIRECTION('',(-1.,0.,0.));
#7338=DIRECTION('',(0.,0.,1.));
#7339=DIRECTION('',(0.,0.,-1.));
#7340=DIRECTION('',(0.,1.,0.));
#7341=DIRECTION('',(0.,0.,-1.));
#7342=DIRECTION('',(0.,1.,0.));
#7343=DIRECTION('',(0.,0.,-1.));
#7344=DIRECTION('',(-1.,0.,0.));
#7345=DIRECTION('',(0.,0.,-1.));
#7346=DIRECTION('',(0.,0.,1.));
#7347=DIRECTION('',(1.,0.,0.));
#7348=DIRECTION('',(0.,0.,-1.));
#7349=DIRECTION('',(0.,0.,1.));
#7350=DIRECTION('',(1.,0.,0.));
#7351=DIRECTION('',(0.,-1.,0.));
#7352=DIRECTION('',(0.,0.,-1.));
#7353=DIRECTION('',(1.,0.,0.));
#7354=DIRECTION('',(0.,0.,-1.));
#7355=DIRECTION('',(1.,0.,0.));
#7356=DIRECTION('',(0.,0.,-1.));
#7357=DIRECTION('',(-1.,0.,0.));
#7358=DIRECTION('',(0.,0.,1.));
#7359=DIRECTION('',(1.,0.,0.));
#7360=DIRECTION('',(0.,0.,1.));
#7361=DIRECTION('',(0.,0.,1.));
#7362=DIRECTION('',(1.,0.,0.));
#7363=DIRECTION('',(-1.,-1.79068229778251E-15,0.));
#7364=DIRECTION('',(1.79068229778251E-15,-1.,0.));
#7365=DIRECTION('',(1.79068229778251E-15,-1.,0.));
#7366=DIRECTION('',(0.,0.,1.));
#7367=DIRECTION('',(1.79068229778251E-15,-1.,0.));
#7368=DIRECTION('',(0.,0.,-1.));
#7369=DIRECTION('',(-1.,0.,0.));
#7370=DIRECTION('',(0.,0.,1.));
#7371=DIRECTION('',(1.,0.,0.));
#7372=DIRECTION('',(0.,0.,1.));
#7373=DIRECTION('',(0.,0.,1.));
#7374=DIRECTION('',(1.,0.,0.));
#7375=DIRECTION('',(0.,1.,0.));
#7376=DIRECTION('',(0.,0.,1.));
#7377=DIRECTION('',(-1.,0.,0.));
#7378=DIRECTION('',(0.,0.,1.));
#7379=DIRECTION('',(-1.,0.,0.));
#7380=DIRECTION('',(0.,0.,-1.));
#7381=DIRECTION('',(-1.,0.,0.));
#7382=DIRECTION('',(0.,0.,1.));
#7383=DIRECTION('',(1.,0.,0.));
#7384=DIRECTION('',(0.,0.,-1.));
#7385=DIRECTION('',(0.,0.,1.));
#7386=DIRECTION('',(1.,0.,0.));
#7387=DIRECTION('',(1.,0.,0.));
#7388=DIRECTION('',(0.,0.,-1.));
#7389=DIRECTION('',(0.,1.,0.));
#7390=DIRECTION('',(0.,1.,0.));
#7391=DIRECTION('',(0.,0.,-1.));
#7392=DIRECTION('',(-1.,0.,0.));
#7393=DIRECTION('',(0.,0.,1.));
#7394=DIRECTION('',(0.,0.,1.));
#7395=DIRECTION('',(1.,0.,0.));
#7396=DIRECTION('',(0.,0.,1.));
#7397=DIRECTION('',(0.,0.,1.));
#7398=DIRECTION('',(1.,0.,0.));
#7399=DIRECTION('',(0.,1.,0.));
#7400=DIRECTION('',(0.,0.,1.));
#7401=DIRECTION('',(-1.,0.,0.));
#7402=DIRECTION('',(0.,0.,1.));
#7403=DIRECTION('',(-1.,0.,0.));
#7404=DIRECTION('',(0.,0.,-1.));
#7405=DIRECTION('',(-1.,0.,0.));
#7406=DIRECTION('',(0.,0.,1.));
#7407=DIRECTION('',(1.,0.,0.));
#7408=DIRECTION('',(0.,0.,-1.));
#7409=DIRECTION('',(0.,0.,1.));
#7410=DIRECTION('',(1.,0.,0.));
#7411=DIRECTION('',(1.,0.,0.));
#7412=DIRECTION('',(0.,0.,-1.));
#7413=DIRECTION('',(0.,1.,0.));
#7414=DIRECTION('',(0.,0.,-1.));
#7415=DIRECTION('',(0.,1.,0.));
#7416=DIRECTION('',(0.,0.,-1.));
#7417=DIRECTION('',(-1.,0.,0.));
#7418=DIRECTION('',(0.,0.,1.));
#7419=DIRECTION('',(1.,0.,0.));
#7420=DIRECTION('',(0.,0.,-1.));
#7421=DIRECTION('',(0.,0.,1.));
#7422=DIRECTION('',(1.,0.,0.));
#7423=DIRECTION('',(0.,-1.,0.));
#7424=DIRECTION('',(0.,0.,-1.));
#7425=DIRECTION('',(1.,0.,0.));
#7426=DIRECTION('',(0.,0.,-1.));
#7427=DIRECTION('',(1.,0.,0.));
#7428=DIRECTION('',(0.,0.,-1.));
#7429=DIRECTION('',(-1.,0.,0.));
#7430=DIRECTION('',(0.,0.,1.));
#7431=DIRECTION('',(1.,0.,0.));
#7432=DIRECTION('',(0.,0.,1.));
#7433=DIRECTION('',(0.,0.,1.));
#7434=DIRECTION('',(1.,0.,0.));
#7435=DIRECTION('',(-1.,-1.79068229778251E-15,0.));
#7436=DIRECTION('',(1.79068229778251E-15,-1.,0.));
#7437=DIRECTION('',(1.79068229778251E-15,-1.,0.));
#7438=DIRECTION('',(1.79068229778251E-15,-1.,0.));
#7439=DIRECTION('',(0.,0.,-1.));
#7440=DIRECTION('',(-1.,0.,0.));
#7441=DIRECTION('',(0.,0.,1.));
#7442=DIRECTION('',(0.,0.,1.));
#7443=DIRECTION('',(1.,0.,0.));
#7444=DIRECTION('',(0.,0.,1.));
#7445=DIRECTION('',(0.,0.,1.));
#7446=DIRECTION('',(1.,0.,0.));
#7447=DIRECTION('',(0.,1.,0.));
#7448=DIRECTION('',(0.,0.,1.));
#7449=DIRECTION('',(-1.,0.,0.));
#7450=DIRECTION('',(0.,0.,1.));
#7451=DIRECTION('',(-1.,0.,0.));
#7452=DIRECTION('',(0.,0.,-1.));
#7453=DIRECTION('',(-1.,0.,0.));
#7454=DIRECTION('',(0.,0.,1.));
#7455=DIRECTION('',(1.,0.,0.));
#7456=DIRECTION('',(0.,0.,-1.));
#7457=DIRECTION('',(0.,0.,1.));
#7458=DIRECTION('',(1.,0.,0.));
#7459=DIRECTION('',(1.,0.,0.));
#7460=DIRECTION('',(0.,0.,-1.));
#7461=DIRECTION('',(0.,1.,0.));
#7462=DIRECTION('',(0.,0.,-1.));
#7463=DIRECTION('',(0.,1.,0.));
#7464=DIRECTION('',(0.,0.,-1.));
#7465=DIRECTION('',(-1.,0.,0.));
#7466=DIRECTION('',(0.,0.,1.));
#7467=DIRECTION('',(1.,0.,0.));
#7468=DIRECTION('',(0.,0.,-1.));
#7469=DIRECTION('',(0.,0.,1.));
#7470=DIRECTION('',(1.,0.,0.));
#7471=DIRECTION('',(0.,-1.,0.));
#7472=DIRECTION('',(0.,0.,-1.));
#7473=DIRECTION('',(1.,0.,0.));
#7474=DIRECTION('',(0.,0.,-1.));
#7475=DIRECTION('',(1.,0.,0.));
#7476=DIRECTION('',(0.,0.,-1.));
#7477=DIRECTION('',(-1.,0.,0.));
#7478=DIRECTION('',(0.,0.,1.));
#7479=DIRECTION('',(1.,0.,0.));
#7480=DIRECTION('',(0.,0.,1.));
#7481=DIRECTION('',(0.,0.,1.));
#7482=DIRECTION('',(1.,0.,0.));
#7483=DIRECTION('',(-1.,-1.79068229778251E-15,0.));
#7484=DIRECTION('',(1.79068229778251E-15,-1.,0.));
#7485=DIRECTION('',(1.79068229778251E-15,-1.,0.));
#7486=DIRECTION('',(1.79068229778251E-15,-1.,0.));
#7487=DIRECTION('',(0.,0.,-1.));
#7488=DIRECTION('',(-1.,0.,0.));
#7489=DIRECTION('',(0.,0.,-1.));
#7490=DIRECTION('',(0.,0.,1.));
#7491=DIRECTION('',(1.,0.,0.));
#7492=DIRECTION('',(0.,0.,-1.));
#7493=DIRECTION('',(0.,0.,1.));
#7494=DIRECTION('',(1.,0.,0.));
#7495=DIRECTION('',(0.,-1.,0.));
#7496=DIRECTION('',(0.,0.,-1.));
#7497=DIRECTION('',(1.,0.,0.));
#7498=DIRECTION('',(0.,0.,-1.));
#7499=DIRECTION('',(1.,0.,0.));
#7500=DIRECTION('',(0.,0.,-1.));
#7501=DIRECTION('',(-1.,0.,0.));
#7502=DIRECTION('',(0.,0.,1.));
#7503=DIRECTION('',(1.,0.,0.));
#7504=DIRECTION('',(0.,0.,1.));
#7505=DIRECTION('',(0.,0.,1.));
#7506=DIRECTION('',(1.,0.,0.));
#7507=DIRECTION('',(-1.,-1.79068229778251E-15,0.));
#7508=DIRECTION('',(1.79068229778251E-15,-1.,0.));
#7509=DIRECTION('',(1.79068229778251E-15,-1.,0.));
#7510=DIRECTION('',(0.,0.,1.));
#7511=DIRECTION('',(1.79068229778251E-15,-1.,0.));
#7512=DIRECTION('',(0.,0.,-1.));
#7513=DIRECTION('',(-1.,0.,0.));
#7514=DIRECTION('',(0.,0.,1.));
#7515=DIRECTION('',(1.,0.,0.));
#7516=DIRECTION('',(0.,0.,1.));
#7517=DIRECTION('',(0.,0.,1.));
#7518=DIRECTION('',(1.,0.,0.));
#7519=DIRECTION('',(0.,1.,0.));
#7520=DIRECTION('',(0.,0.,1.));
#7521=DIRECTION('',(-1.,0.,0.));
#7522=DIRECTION('',(0.,0.,1.));
#7523=DIRECTION('',(-1.,0.,0.));
#7524=DIRECTION('',(0.,0.,-1.));
#7525=DIRECTION('',(-1.,0.,0.));
#7526=DIRECTION('',(0.,0.,1.));
#7527=DIRECTION('',(1.,0.,0.));
#7528=DIRECTION('',(0.,0.,-1.));
#7529=DIRECTION('',(0.,0.,1.));
#7530=DIRECTION('',(1.,0.,0.));
#7531=DIRECTION('',(1.,0.,0.));
#7532=DIRECTION('',(0.,0.,-1.));
#7533=DIRECTION('',(0.,1.,0.));
#7534=DIRECTION('',(0.,1.,0.));
#7535=DIRECTION('',(0.,0.,-1.));
#7536=DIRECTION('',(-1.,0.,0.));
#7537=DIRECTION('',(0.,0.,-1.));
#7538=DIRECTION('',(0.,0.,1.));
#7539=DIRECTION('',(1.,0.,0.));
#7540=DIRECTION('',(0.,0.,-1.));
#7541=DIRECTION('',(0.,0.,1.));
#7542=DIRECTION('',(1.,0.,0.));
#7543=DIRECTION('',(0.,-1.,0.));
#7544=DIRECTION('',(0.,0.,-1.));
#7545=DIRECTION('',(1.,0.,0.));
#7546=DIRECTION('',(0.,0.,-1.));
#7547=DIRECTION('',(1.,0.,0.));
#7548=DIRECTION('',(0.,0.,-1.));
#7549=DIRECTION('',(-1.,0.,0.));
#7550=DIRECTION('',(0.,0.,1.));
#7551=DIRECTION('',(1.,0.,0.));
#7552=DIRECTION('',(0.,0.,1.));
#7553=DIRECTION('',(0.,0.,1.));
#7554=DIRECTION('',(1.,0.,0.));
#7555=DIRECTION('',(-1.,-1.79068229778251E-15,0.));
#7556=DIRECTION('',(1.79068229778251E-15,-1.,0.));
#7557=DIRECTION('',(1.79068229778251E-15,-1.,0.));
#7558=DIRECTION('',(0.,0.,1.));
#7559=DIRECTION('',(1.79068229778251E-15,-1.,0.));
#7560=DIRECTION('',(0.,0.,-1.));
#7561=DIRECTION('',(-1.,0.,0.));
#7562=DIRECTION('',(0.,0.,1.));
#7563=DIRECTION('',(1.,0.,0.));
#7564=DIRECTION('',(0.,0.,1.));
#7565=DIRECTION('',(0.,0.,1.));
#7566=DIRECTION('',(1.,0.,0.));
#7567=DIRECTION('',(0.,1.,0.));
#7568=DIRECTION('',(0.,0.,1.));
#7569=DIRECTION('',(-1.,0.,0.));
#7570=DIRECTION('',(0.,0.,1.));
#7571=DIRECTION('',(-1.,0.,0.));
#7572=DIRECTION('',(0.,0.,-1.));
#7573=DIRECTION('',(-1.,0.,0.));
#7574=DIRECTION('',(0.,0.,1.));
#7575=DIRECTION('',(1.,0.,0.));
#7576=DIRECTION('',(0.,0.,-1.));
#7577=DIRECTION('',(0.,0.,1.));
#7578=DIRECTION('',(1.,0.,0.));
#7579=DIRECTION('',(1.,0.,0.));
#7580=DIRECTION('',(0.,0.,-1.));
#7581=DIRECTION('',(0.,1.,0.));
#7582=DIRECTION('',(0.,1.,0.));
#7583=DIRECTION('',(0.,0.,-1.));
#7584=DIRECTION('',(-1.,0.,0.));
#7585=DIRECTION('',(0.,0.,1.));
#7586=DIRECTION('',(0.,0.,1.));
#7587=DIRECTION('',(1.,0.,0.));
#7588=DIRECTION('',(0.,0.,1.));
#7589=DIRECTION('',(0.,0.,1.));
#7590=DIRECTION('',(1.,0.,0.));
#7591=DIRECTION('',(0.,1.,0.));
#7592=DIRECTION('',(0.,0.,1.));
#7593=DIRECTION('',(-1.,0.,0.));
#7594=DIRECTION('',(0.,0.,1.));
#7595=DIRECTION('',(-1.,0.,0.));
#7596=DIRECTION('',(0.,0.,-1.));
#7597=DIRECTION('',(-1.,0.,0.));
#7598=DIRECTION('',(0.,0.,1.));
#7599=DIRECTION('',(1.,0.,0.));
#7600=DIRECTION('',(0.,0.,-1.));
#7601=DIRECTION('',(0.,0.,1.));
#7602=DIRECTION('',(1.,0.,0.));
#7603=DIRECTION('',(1.,0.,0.));
#7604=DIRECTION('',(0.,0.,-1.));
#7605=DIRECTION('',(0.,1.,0.));
#7606=DIRECTION('',(0.,0.,-1.));
#7607=DIRECTION('',(0.,1.,0.));
#7608=DIRECTION('',(0.,0.,-1.));
#7609=DIRECTION('',(-1.,0.,0.));
#7610=DIRECTION('',(0.,0.,1.));
#7611=DIRECTION('',(1.,0.,0.));
#7612=DIRECTION('',(0.,0.,-1.));
#7613=DIRECTION('',(0.,0.,1.));
#7614=DIRECTION('',(1.,0.,0.));
#7615=DIRECTION('',(0.,-1.,0.));
#7616=DIRECTION('',(0.,0.,-1.));
#7617=DIRECTION('',(1.,0.,0.));
#7618=DIRECTION('',(0.,0.,-1.));
#7619=DIRECTION('',(1.,0.,0.));
#7620=DIRECTION('',(0.,0.,-1.));
#7621=DIRECTION('',(-1.,0.,0.));
#7622=DIRECTION('',(0.,0.,1.));
#7623=DIRECTION('',(1.,0.,0.));
#7624=DIRECTION('',(0.,0.,1.));
#7625=DIRECTION('',(0.,0.,1.));
#7626=DIRECTION('',(1.,0.,0.));
#7627=DIRECTION('',(-1.,-1.79068229778251E-15,0.));
#7628=DIRECTION('',(1.79068229778251E-15,-1.,0.));
#7629=DIRECTION('',(1.79068229778251E-15,-1.,0.));
#7630=DIRECTION('',(1.79068229778251E-15,-1.,0.));
#7631=DIRECTION('',(0.,0.,-1.));
#7632=DIRECTION('',(-1.,0.,0.));
#7633=DIRECTION('',(0.,0.,-1.));
#7634=DIRECTION('',(0.,0.,1.));
#7635=DIRECTION('',(1.,0.,0.));
#7636=DIRECTION('',(0.,0.,-1.));
#7637=DIRECTION('',(0.,0.,1.));
#7638=DIRECTION('',(1.,0.,0.));
#7639=DIRECTION('',(0.,-1.,0.));
#7640=DIRECTION('',(0.,0.,-1.));
#7641=DIRECTION('',(1.,0.,0.));
#7642=DIRECTION('',(0.,0.,-1.));
#7643=DIRECTION('',(1.,0.,0.));
#7644=DIRECTION('',(0.,0.,-1.));
#7645=DIRECTION('',(-1.,0.,0.));
#7646=DIRECTION('',(0.,0.,1.));
#7647=DIRECTION('',(1.,0.,0.));
#7648=DIRECTION('',(0.,0.,1.));
#7649=DIRECTION('',(0.,0.,1.));
#7650=DIRECTION('',(1.,0.,0.));
#7651=DIRECTION('',(-1.,-1.79068229778251E-15,0.));
#7652=DIRECTION('',(1.79068229778251E-15,-1.,0.));
#7653=DIRECTION('',(1.79068229778251E-15,-1.,0.));
#7654=DIRECTION('',(0.,0.,1.));
#7655=DIRECTION('',(1.79068229778251E-15,-1.,0.));
#7656=DIRECTION('',(0.,0.,-1.));
#7657=DIRECTION('',(-1.,0.,0.));
#7658=DIRECTION('',(0.,0.,1.));
#7659=DIRECTION('',(1.,0.,0.));
#7660=DIRECTION('',(0.,0.,1.));
#7661=DIRECTION('',(0.,0.,1.));
#7662=DIRECTION('',(1.,0.,0.));
#7663=DIRECTION('',(0.,1.,0.));
#7664=DIRECTION('',(0.,0.,1.));
#7665=DIRECTION('',(-1.,0.,0.));
#7666=DIRECTION('',(0.,0.,1.));
#7667=DIRECTION('',(-1.,0.,0.));
#7668=DIRECTION('',(0.,0.,-1.));
#7669=DIRECTION('',(-1.,0.,0.));
#7670=DIRECTION('',(0.,0.,1.));
#7671=DIRECTION('',(1.,0.,0.));
#7672=DIRECTION('',(0.,0.,-1.));
#7673=DIRECTION('',(0.,0.,1.));
#7674=DIRECTION('',(1.,0.,0.));
#7675=DIRECTION('',(1.,0.,0.));
#7676=DIRECTION('',(0.,0.,-1.));
#7677=DIRECTION('',(0.,1.,0.));
#7678=DIRECTION('',(0.,1.,0.));
#7679=DIRECTION('',(0.,0.,-1.));
#7680=DIRECTION('',(-1.,0.,0.));
#7681=DIRECTION('',(0.,0.,1.));
#7682=DIRECTION('',(0.,0.,1.));
#7683=DIRECTION('',(1.,0.,0.));
#7684=DIRECTION('',(0.,0.,1.));
#7685=DIRECTION('',(0.,0.,1.));
#7686=DIRECTION('',(1.,0.,0.));
#7687=DIRECTION('',(0.,1.,0.));
#7688=DIRECTION('',(0.,0.,1.));
#7689=DIRECTION('',(-1.,0.,0.));
#7690=DIRECTION('',(0.,0.,1.));
#7691=DIRECTION('',(-1.,0.,0.));
#7692=DIRECTION('',(0.,0.,-1.));
#7693=DIRECTION('',(-1.,0.,0.));
#7694=DIRECTION('',(0.,0.,1.));
#7695=DIRECTION('',(1.,0.,0.));
#7696=DIRECTION('',(0.,0.,-1.));
#7697=DIRECTION('',(0.,0.,1.));
#7698=DIRECTION('',(1.,0.,0.));
#7699=DIRECTION('',(1.,0.,0.));
#7700=DIRECTION('',(0.,0.,-1.));
#7701=DIRECTION('',(0.,1.,0.));
#7702=DIRECTION('',(0.,0.,-1.));
#7703=DIRECTION('',(0.,1.,0.));
#7704=DIRECTION('',(0.,0.,-1.));
#7705=DIRECTION('',(-1.,0.,0.));
#7706=DIRECTION('',(0.,0.,1.));
#7707=DIRECTION('',(1.,0.,0.));
#7708=DIRECTION('',(0.,0.,-1.));
#7709=DIRECTION('',(0.,0.,1.));
#7710=DIRECTION('',(1.,0.,0.));
#7711=DIRECTION('',(0.,-1.,0.));
#7712=DIRECTION('',(0.,0.,-1.));
#7713=DIRECTION('',(1.,0.,0.));
#7714=DIRECTION('',(0.,0.,-1.));
#7715=DIRECTION('',(1.,0.,0.));
#7716=DIRECTION('',(0.,0.,-1.));
#7717=DIRECTION('',(-1.,0.,0.));
#7718=DIRECTION('',(0.,0.,1.));
#7719=DIRECTION('',(1.,0.,0.));
#7720=DIRECTION('',(0.,0.,1.));
#7721=DIRECTION('',(0.,0.,1.));
#7722=DIRECTION('',(1.,0.,0.));
#7723=DIRECTION('',(-1.,-1.79068229778251E-15,0.));
#7724=DIRECTION('',(1.79068229778251E-15,-1.,0.));
#7725=DIRECTION('',(1.79068229778251E-15,-1.,0.));
#7726=DIRECTION('',(1.79068229778251E-15,-1.,0.));
#7727=DIRECTION('',(0.,0.,-1.));
#7728=DIRECTION('',(-1.,0.,0.));
#7729=DIRECTION('',(0.,0.,1.));
#7730=DIRECTION('',(0.,0.,1.));
#7731=DIRECTION('',(1.,0.,0.));
#7732=DIRECTION('',(0.,0.,-1.));
#7733=DIRECTION('',(0.,0.,1.));
#7734=DIRECTION('',(1.,0.,0.));
#7735=DIRECTION('',(1.,0.,0.));
#7736=DIRECTION('',(0.,0.,-1.));
#7737=DIRECTION('',(0.,1.,0.));
#7738=DIRECTION('',(0.,0.,-1.));
#7739=DIRECTION('',(0.,1.,0.));
#7740=DIRECTION('',(0.,0.,-1.));
#7741=DIRECTION('',(-1.,0.,0.));
#7742=DIRECTION('',(0.,0.,1.));
#7743=DIRECTION('',(1.,0.,0.));
#7744=DIRECTION('',(0.,0.,-1.));
#7745=DIRECTION('',(0.,0.,1.));
#7746=DIRECTION('',(1.,0.,0.));
#7747=DIRECTION('',(0.,-1.,0.));
#7748=DIRECTION('',(0.,0.,-1.));
#7749=DIRECTION('',(1.,0.,0.));
#7750=DIRECTION('',(0.,0.,-1.));
#7751=DIRECTION('',(1.,0.,0.));
#7752=DIRECTION('',(0.,0.,-1.));
#7753=DIRECTION('',(-1.,0.,0.));
#7754=DIRECTION('',(0.,0.,1.));
#7755=DIRECTION('',(1.,0.,0.));
#7756=DIRECTION('',(0.,0.,1.));
#7757=DIRECTION('',(0.,0.,1.));
#7758=DIRECTION('',(1.,0.,0.));
#7759=DIRECTION('',(-1.,-3.58136459556502E-15,0.));
#7760=DIRECTION('',(3.58136459556502E-15,-1.,0.));
#7761=DIRECTION('',(3.58136459556502E-15,-1.,0.));
#7762=DIRECTION('',(0.,0.,1.));
#7763=DIRECTION('',(3.58136459556502E-15,-1.,0.));
#7764=DIRECTION('',(0.,0.,-1.));
#7765=DIRECTION('',(-1.,0.,0.));
#7766=DIRECTION('',(0.,0.,1.));
#7767=DIRECTION('',(1.,0.,0.));
#7768=DIRECTION('',(0.,0.,1.));
#7769=DIRECTION('',(0.,0.,1.));
#7770=DIRECTION('',(1.,0.,0.));
#7771=DIRECTION('',(0.,1.,0.));
#7772=DIRECTION('',(0.,0.,1.));
#7773=DIRECTION('',(-1.,0.,0.));
#7774=DIRECTION('',(-1.,0.,0.));
#7775=DIRECTION('',(0.,0.,-1.));
#7776=DIRECTION('',(-1.,0.,0.));
#7777=DIRECTION('',(0.,0.,-1.));
#7778=DIRECTION('',(0.,0.,1.));
#7779=DIRECTION('',(1.,0.,0.));
#7780=DIRECTION('',(0.,0.,-1.));
#7781=DIRECTION('',(0.,0.,1.));
#7782=DIRECTION('',(1.,0.,0.));
#7783=DIRECTION('',(0.,-1.,0.));
#7784=DIRECTION('',(0.,0.,-1.));
#7785=DIRECTION('',(1.,0.,0.));
#7786=DIRECTION('',(0.,0.,-1.));
#7787=DIRECTION('',(1.,0.,0.));
#7788=DIRECTION('',(0.,0.,-1.));
#7789=DIRECTION('',(-1.,0.,0.));
#7790=DIRECTION('',(0.,0.,1.));
#7791=DIRECTION('',(1.,0.,0.));
#7792=DIRECTION('',(0.,0.,1.));
#7793=DIRECTION('',(0.,0.,1.));
#7794=DIRECTION('',(1.,0.,0.));
#7795=DIRECTION('',(-1.,-3.58136459556502E-15,0.));
#7796=DIRECTION('',(3.58136459556502E-15,-1.,0.));
#7797=DIRECTION('',(3.58136459556502E-15,-1.,0.));
#7798=DIRECTION('',(0.,0.,1.));
#7799=DIRECTION('',(3.58136459556502E-15,-1.,0.));
#7800=DIRECTION('',(0.,0.,-1.));
#7801=DIRECTION('',(-1.,0.,0.));
#7802=DIRECTION('',(0.,0.,1.));
#7803=DIRECTION('',(1.,0.,0.));
#7804=DIRECTION('',(0.,0.,1.));
#7805=DIRECTION('',(0.,0.,1.));
#7806=DIRECTION('',(1.,0.,0.));
#7807=DIRECTION('',(0.,1.,0.));
#7808=DIRECTION('',(0.,0.,1.));
#7809=DIRECTION('',(-1.,0.,0.));
#7810=DIRECTION('',(0.,0.,1.));
#7811=DIRECTION('',(-1.,0.,0.));
#7812=DIRECTION('',(0.,0.,-1.));
#7813=DIRECTION('',(-1.,0.,0.));
#7814=DIRECTION('',(0.,0.,1.));
#7815=DIRECTION('',(1.,0.,0.));
#7816=DIRECTION('',(0.,0.,-1.));
#7817=DIRECTION('',(0.,0.,1.));
#7818=DIRECTION('',(1.,0.,0.));
#7819=DIRECTION('',(1.,0.,0.));
#7820=DIRECTION('',(0.,0.,-1.));
#7821=DIRECTION('',(0.,1.,0.));
#7822=DIRECTION('',(0.,1.,0.));
#7823=DIRECTION('',(0.,0.,-1.));
#7824=DIRECTION('',(-1.,0.,0.));
#7825=DIRECTION('',(0.,0.,1.));
#7826=DIRECTION('',(0.,0.,1.));
#7827=DIRECTION('',(1.,0.,0.));
#7828=DIRECTION('',(0.,0.,-1.));
#7829=DIRECTION('',(0.,0.,1.));
#7830=DIRECTION('',(1.,0.,0.));
#7831=DIRECTION('',(1.,0.,0.));
#7832=DIRECTION('',(0.,0.,-1.));
#7833=DIRECTION('',(0.,1.,0.));
#7834=DIRECTION('',(0.,0.,-1.));
#7835=DIRECTION('',(0.,1.,0.));
#7836=DIRECTION('',(0.,0.,-1.));
#7837=DIRECTION('',(-1.,0.,0.));
#7838=DIRECTION('',(0.,0.,1.));
#7839=DIRECTION('',(1.,0.,0.));
#7840=DIRECTION('',(0.,0.,-1.));
#7841=DIRECTION('',(0.,0.,1.));
#7842=DIRECTION('',(1.,0.,0.));
#7843=DIRECTION('',(0.,-1.,0.));
#7844=DIRECTION('',(0.,0.,-1.));
#7845=DIRECTION('',(1.,0.,0.));
#7846=DIRECTION('',(0.,0.,-1.));
#7847=DIRECTION('',(1.,0.,0.));
#7848=DIRECTION('',(0.,0.,-1.));
#7849=DIRECTION('',(-1.,0.,0.));
#7850=DIRECTION('',(0.,0.,1.));
#7851=DIRECTION('',(1.,0.,0.));
#7852=DIRECTION('',(0.,0.,1.));
#7853=DIRECTION('',(0.,0.,1.));
#7854=DIRECTION('',(1.,0.,0.));
#7855=DIRECTION('',(-1.,-3.58136459556502E-15,0.));
#7856=DIRECTION('',(3.58136459556502E-15,-1.,0.));
#7857=DIRECTION('',(3.58136459556502E-15,-1.,0.));
#7858=DIRECTION('',(0.,0.,1.));
#7859=DIRECTION('',(3.58136459556502E-15,-1.,0.));
#7860=DIRECTION('',(0.,0.,-1.));
#7861=DIRECTION('',(-1.,0.,0.));
#7862=DIRECTION('',(0.,0.,1.));
#7863=DIRECTION('',(1.,0.,0.));
#7864=DIRECTION('',(0.,0.,1.));
#7865=DIRECTION('',(0.,0.,1.));
#7866=DIRECTION('',(1.,0.,0.));
#7867=DIRECTION('',(0.,1.,0.));
#7868=DIRECTION('',(0.,0.,1.));
#7869=DIRECTION('',(-1.,0.,0.));
#7870=DIRECTION('',(-1.,0.,0.));
#7871=DIRECTION('',(0.,0.,-1.));
#7872=DIRECTION('',(-1.,0.,0.));
#7873=DIRECTION('',(0.,0.,-1.));
#7874=DIRECTION('',(0.,0.,1.));
#7875=DIRECTION('',(1.,0.,0.));
#7876=DIRECTION('',(0.,0.,-1.));
#7877=DIRECTION('',(0.,0.,1.));
#7878=DIRECTION('',(1.,0.,0.));
#7879=DIRECTION('',(0.,-1.,0.));
#7880=DIRECTION('',(0.,0.,-1.));
#7881=DIRECTION('',(1.,0.,0.));
#7882=DIRECTION('',(0.,0.,-1.));
#7883=DIRECTION('',(1.,0.,0.));
#7884=DIRECTION('',(0.,0.,-1.));
#7885=DIRECTION('',(-1.,0.,0.));
#7886=DIRECTION('',(0.,0.,1.));
#7887=DIRECTION('',(1.,0.,0.));
#7888=DIRECTION('',(0.,0.,1.));
#7889=DIRECTION('',(0.,0.,1.));
#7890=DIRECTION('',(1.,0.,0.));
#7891=DIRECTION('',(-1.,0.,0.));
#7892=DIRECTION('',(0.,0.,1.));
#7893=DIRECTION('',(0.,-1.,0.));
#7894=DIRECTION('',(0.,0.,1.));
#7895=DIRECTION('',(0.,-1.,0.));
#7896=DIRECTION('',(0.,0.,-1.));
#7897=DIRECTION('',(-1.,0.,0.));
#7898=DIRECTION('',(0.,0.,1.));
#7899=DIRECTION('',(1.,0.,0.));
#7900=DIRECTION('',(0.,0.,1.));
#7901=DIRECTION('',(0.,0.,1.));
#7902=DIRECTION('',(1.,0.,0.));
#7903=DIRECTION('',(0.,1.,0.));
#7904=DIRECTION('',(0.,0.,1.));
#7905=DIRECTION('',(-1.,0.,0.));
#7906=DIRECTION('',(0.,0.,1.));
#7907=DIRECTION('',(-1.,0.,0.));
#7908=DIRECTION('',(0.,0.,-1.));
#7909=DIRECTION('',(-1.,0.,0.));
#7910=DIRECTION('',(0.,0.,1.));
#7911=DIRECTION('',(1.,0.,0.));
#7912=DIRECTION('',(0.,0.,-1.));
#7913=DIRECTION('',(0.,0.,1.));
#7914=DIRECTION('',(1.,0.,0.));
#7915=DIRECTION('',(1.,0.,0.));
#7916=DIRECTION('',(0.,0.,-1.));
#7917=DIRECTION('',(0.,1.,0.));
#7918=DIRECTION('',(0.,1.,0.));
#7919=DIRECTION('',(0.,0.,-1.));
#7920=DIRECTION('',(-1.,0.,0.));
#7921=DIRECTION('',(0.,0.,1.));
#7922=DIRECTION('',(0.,0.,1.));
#7923=DIRECTION('',(1.,0.,0.));
#7924=DIRECTION('',(0.,0.,1.));
#7925=DIRECTION('',(0.,0.,1.));
#7926=DIRECTION('',(1.,0.,0.));
#7927=DIRECTION('',(0.,1.,0.));
#7928=DIRECTION('',(0.,0.,1.));
#7929=DIRECTION('',(-1.,0.,0.));
#7930=DIRECTION('',(0.,0.,1.));
#7931=DIRECTION('',(-1.,0.,0.));
#7932=DIRECTION('',(0.,0.,-1.));
#7933=DIRECTION('',(-1.,0.,0.));
#7934=DIRECTION('',(0.,0.,1.));
#7935=DIRECTION('',(1.,0.,0.));
#7936=DIRECTION('',(0.,0.,-1.));
#7937=DIRECTION('',(0.,0.,1.));
#7938=DIRECTION('',(1.,0.,0.));
#7939=DIRECTION('',(1.,0.,0.));
#7940=DIRECTION('',(0.,0.,-1.));
#7941=DIRECTION('',(0.,1.,0.));
#7942=DIRECTION('',(0.,0.,-1.));
#7943=DIRECTION('',(0.,1.,0.));
#7944=DIRECTION('',(0.,0.,-1.));
#7945=DIRECTION('',(-1.,0.,0.));
#7946=DIRECTION('',(0.,0.,1.));
#7947=DIRECTION('',(1.,0.,0.));
#7948=DIRECTION('',(0.,0.,-1.));
#7949=DIRECTION('',(0.,0.,1.));
#7950=DIRECTION('',(1.,0.,0.));
#7951=DIRECTION('',(0.,-1.,0.));
#7952=DIRECTION('',(0.,0.,-1.));
#7953=DIRECTION('',(1.,0.,0.));
#7954=DIRECTION('',(0.,0.,-1.));
#7955=DIRECTION('',(1.,0.,0.));
#7956=DIRECTION('',(0.,0.,-1.));
#7957=DIRECTION('',(-1.,0.,0.));
#7958=DIRECTION('',(0.,0.,1.));
#7959=DIRECTION('',(1.,0.,0.));
#7960=DIRECTION('',(0.,0.,1.));
#7961=DIRECTION('',(0.,0.,1.));
#7962=DIRECTION('',(1.,0.,0.));
#7963=DIRECTION('',(-1.,0.,0.));
#7964=DIRECTION('',(0.,0.,1.));
#7965=DIRECTION('',(0.,-1.,0.));
#7966=DIRECTION('',(0.,-1.,0.));
#7967=DIRECTION('',(0.,0.,-1.));
#7968=DIRECTION('',(-1.,0.,0.));
#7969=DIRECTION('',(0.,0.,-1.));
#7970=DIRECTION('',(0.,0.,1.));
#7971=DIRECTION('',(1.,0.,0.));
#7972=DIRECTION('',(0.,0.,-1.));
#7973=DIRECTION('',(0.,0.,1.));
#7974=DIRECTION('',(1.,0.,0.));
#7975=DIRECTION('',(0.,-1.,0.));
#7976=DIRECTION('',(0.,0.,-1.));
#7977=DIRECTION('',(1.,0.,0.));
#7978=DIRECTION('',(0.,0.,-1.));
#7979=DIRECTION('',(1.,0.,0.));
#7980=DIRECTION('',(0.,0.,-1.));
#7981=DIRECTION('',(-1.,0.,0.));
#7982=DIRECTION('',(0.,0.,1.));
#7983=DIRECTION('',(1.,0.,0.));
#7984=DIRECTION('',(0.,0.,1.));
#7985=DIRECTION('',(0.,0.,1.));
#7986=DIRECTION('',(1.,0.,0.));
#7987=DIRECTION('',(-1.,-3.58136459556502E-15,0.));
#7988=DIRECTION('',(3.58136459556502E-15,-1.,0.));
#7989=DIRECTION('',(3.58136459556502E-15,-1.,0.));
#7990=DIRECTION('',(0.,0.,1.));
#7991=DIRECTION('',(3.58136459556502E-15,-1.,0.));
#7992=DIRECTION('',(0.,0.,-1.));
#7993=DIRECTION('',(-1.,0.,0.));
#7994=DIRECTION('',(0.,0.,1.));
#7995=DIRECTION('',(1.,0.,0.));
#7996=DIRECTION('',(0.,0.,1.));
#7997=DIRECTION('',(0.,0.,1.));
#7998=DIRECTION('',(1.,0.,0.));
#7999=DIRECTION('',(0.,1.,0.));
#8000=DIRECTION('',(0.,0.,1.));
#8001=DIRECTION('',(-1.,0.,0.));
#8002=DIRECTION('',(0.,0.,1.));
#8003=DIRECTION('',(-1.,0.,0.));
#8004=DIRECTION('',(0.,0.,-1.));
#8005=DIRECTION('',(-1.,0.,0.));
#8006=DIRECTION('',(0.,0.,1.));
#8007=DIRECTION('',(1.,0.,0.));
#8008=DIRECTION('',(0.,0.,-1.));
#8009=DIRECTION('',(0.,0.,1.));
#8010=DIRECTION('',(1.,0.,0.));
#8011=DIRECTION('',(1.,0.,0.));
#8012=DIRECTION('',(0.,0.,-1.));
#8013=DIRECTION('',(0.,1.,0.));
#8014=DIRECTION('',(0.,1.,0.));
#8015=DIRECTION('',(0.,0.,-1.));
#8016=DIRECTION('',(-1.,0.,0.));
#8017=DIRECTION('',(0.,0.,1.));
#8018=DIRECTION('',(0.,0.,1.));
#8019=DIRECTION('',(1.,0.,0.));
#8020=DIRECTION('',(0.,0.,1.));
#8021=DIRECTION('',(0.,0.,1.));
#8022=DIRECTION('',(1.,0.,0.));
#8023=DIRECTION('',(0.,1.,0.));
#8024=DIRECTION('',(0.,0.,1.));
#8025=DIRECTION('',(-1.,0.,0.));
#8026=DIRECTION('',(0.,0.,1.));
#8027=DIRECTION('',(-1.,0.,0.));
#8028=DIRECTION('',(0.,0.,-1.));
#8029=DIRECTION('',(-1.,0.,0.));
#8030=DIRECTION('',(0.,0.,1.));
#8031=DIRECTION('',(1.,0.,0.));
#8032=DIRECTION('',(0.,0.,-1.));
#8033=DIRECTION('',(0.,0.,1.));
#8034=DIRECTION('',(1.,0.,0.));
#8035=DIRECTION('',(1.,0.,0.));
#8036=DIRECTION('',(0.,0.,-1.));
#8037=DIRECTION('',(0.,1.,0.));
#8038=DIRECTION('',(0.,0.,-1.));
#8039=DIRECTION('',(0.,1.,0.));
#8040=DIRECTION('',(0.,0.,-1.));
#8041=DIRECTION('',(-1.,0.,0.));
#8042=DIRECTION('',(0.,0.,1.));
#8043=DIRECTION('',(1.,0.,0.));
#8044=DIRECTION('',(0.,0.,-1.));
#8045=DIRECTION('',(0.,0.,1.));
#8046=DIRECTION('',(1.,0.,0.));
#8047=DIRECTION('',(0.,-1.,0.));
#8048=DIRECTION('',(0.,0.,-1.));
#8049=DIRECTION('',(1.,0.,0.));
#8050=DIRECTION('',(0.,0.,-1.));
#8051=DIRECTION('',(1.,0.,0.));
#8052=DIRECTION('',(0.,0.,-1.));
#8053=DIRECTION('',(-1.,0.,0.));
#8054=DIRECTION('',(0.,0.,1.));
#8055=DIRECTION('',(1.,0.,0.));
#8056=DIRECTION('',(0.,0.,1.));
#8057=DIRECTION('',(0.,0.,1.));
#8058=DIRECTION('',(1.,0.,0.));
#8059=DIRECTION('',(-1.,0.,0.));
#8060=DIRECTION('',(0.,0.,1.));
#8061=DIRECTION('',(0.,-1.,0.));
#8062=DIRECTION('',(0.,-1.,0.));
#8063=DIRECTION('',(0.,0.,-1.));
#8064=DIRECTION('',(-1.,0.,0.));
#8065=DIRECTION('',(0.,0.,1.));
#8066=DIRECTION('',(0.,0.,1.));
#8067=DIRECTION('',(1.,0.,0.));
#8068=DIRECTION('',(0.,0.,1.));
#8069=DIRECTION('',(0.,0.,1.));
#8070=DIRECTION('',(1.,0.,0.));
#8071=DIRECTION('',(0.,1.,0.));
#8072=DIRECTION('',(0.,0.,1.));
#8073=DIRECTION('',(-1.,0.,0.));
#8074=DIRECTION('',(0.,0.,1.));
#8075=DIRECTION('',(-1.,0.,0.));
#8076=DIRECTION('',(0.,0.,-1.));
#8077=DIRECTION('',(-1.,0.,0.));
#8078=DIRECTION('',(0.,0.,1.));
#8079=DIRECTION('',(1.,0.,0.));
#8080=DIRECTION('',(0.,0.,-1.));
#8081=DIRECTION('',(0.,0.,1.));
#8082=DIRECTION('',(1.,0.,0.));
#8083=DIRECTION('',(1.,0.,0.));
#8084=DIRECTION('',(0.,0.,-1.));
#8085=DIRECTION('',(0.,1.,0.));
#8086=DIRECTION('',(0.,0.,-1.));
#8087=DIRECTION('',(0.,1.,0.));
#8088=DIRECTION('',(0.,0.,-1.));
#8089=DIRECTION('',(-1.,0.,0.));
#8090=DIRECTION('',(0.,0.,1.));
#8091=DIRECTION('',(1.,0.,0.));
#8092=DIRECTION('',(0.,0.,-1.));
#8093=DIRECTION('',(0.,0.,1.));
#8094=DIRECTION('',(1.,0.,0.));
#8095=DIRECTION('',(0.,-1.,0.));
#8096=DIRECTION('',(0.,0.,-1.));
#8097=DIRECTION('',(1.,0.,0.));
#8098=DIRECTION('',(0.,0.,-1.));
#8099=DIRECTION('',(1.,0.,0.));
#8100=DIRECTION('',(0.,0.,-1.));
#8101=DIRECTION('',(-1.,0.,0.));
#8102=DIRECTION('',(0.,0.,1.));
#8103=DIRECTION('',(1.,0.,0.));
#8104=DIRECTION('',(0.,0.,1.));
#8105=DIRECTION('',(0.,0.,1.));
#8106=DIRECTION('',(1.,0.,0.));
#8107=DIRECTION('',(-1.,0.,0.));
#8108=DIRECTION('',(0.,0.,1.));
#8109=DIRECTION('',(0.,-1.,0.));
#8110=DIRECTION('',(0.,-1.,0.));
#8111=DIRECTION('',(0.,0.,-1.));
#8112=DIRECTION('',(-1.,0.,0.));
#8113=DIRECTION('',(0.,0.,-1.));
#8114=DIRECTION('',(0.,0.,1.));
#8115=DIRECTION('',(1.,0.,0.));
#8116=DIRECTION('',(0.,0.,-1.));
#8117=DIRECTION('',(0.,0.,1.));
#8118=DIRECTION('',(1.,0.,0.));
#8119=DIRECTION('',(0.,-1.,0.));
#8120=DIRECTION('',(0.,0.,-1.));
#8121=DIRECTION('',(1.,0.,0.));
#8122=DIRECTION('',(0.,0.,-1.));
#8123=DIRECTION('',(1.,0.,0.));
#8124=DIRECTION('',(0.,0.,-1.));
#8125=DIRECTION('',(-1.,0.,0.));
#8126=DIRECTION('',(0.,0.,1.));
#8127=DIRECTION('',(1.,0.,0.));
#8128=DIRECTION('',(0.,0.,1.));
#8129=DIRECTION('',(0.,0.,1.));
#8130=DIRECTION('',(1.,0.,0.));
#8131=DIRECTION('',(-1.,0.,0.));
#8132=DIRECTION('',(0.,0.,1.));
#8133=DIRECTION('',(0.,-1.,0.));
#8134=DIRECTION('',(0.,0.,1.));
#8135=DIRECTION('',(0.,-1.,0.));
#8136=DIRECTION('',(0.,0.,-1.));
#8137=DIRECTION('',(-1.,0.,0.));
#8138=DIRECTION('',(0.,0.,1.));
#8139=DIRECTION('',(1.,0.,0.));
#8140=DIRECTION('',(0.,0.,1.));
#8141=DIRECTION('',(0.,0.,1.));
#8142=DIRECTION('',(1.,0.,0.));
#8143=DIRECTION('',(0.,1.,0.));
#8144=DIRECTION('',(0.,0.,1.));
#8145=DIRECTION('',(-1.,0.,0.));
#8146=DIRECTION('',(0.,0.,1.));
#8147=DIRECTION('',(-1.,0.,0.));
#8148=DIRECTION('',(0.,0.,-1.));
#8149=DIRECTION('',(-1.,0.,0.));
#8150=DIRECTION('',(0.,0.,1.));
#8151=DIRECTION('',(1.,0.,0.));
#8152=DIRECTION('',(0.,0.,-1.));
#8153=DIRECTION('',(0.,0.,1.));
#8154=DIRECTION('',(1.,0.,0.));
#8155=DIRECTION('',(1.,0.,0.));
#8156=DIRECTION('',(0.,0.,-1.));
#8157=DIRECTION('',(0.,1.,0.));
#8158=DIRECTION('',(0.,1.,0.));
#8159=DIRECTION('',(0.,0.,-1.));
#8160=DIRECTION('',(-1.,0.,0.));
#8161=DIRECTION('',(0.,0.,1.));
#8162=DIRECTION('',(0.,0.,1.));
#8163=DIRECTION('',(1.,0.,0.));
#8164=DIRECTION('',(0.,0.,1.));
#8165=DIRECTION('',(0.,0.,1.));
#8166=DIRECTION('',(1.,0.,0.));
#8167=DIRECTION('',(0.,1.,0.));
#8168=DIRECTION('',(0.,0.,1.));
#8169=DIRECTION('',(-1.,0.,0.));
#8170=DIRECTION('',(0.,0.,1.));
#8171=DIRECTION('',(-1.,0.,0.));
#8172=DIRECTION('',(0.,0.,-1.));
#8173=DIRECTION('',(-1.,0.,0.));
#8174=DIRECTION('',(0.,0.,1.));
#8175=DIRECTION('',(1.,0.,0.));
#8176=DIRECTION('',(0.,0.,-1.));
#8177=DIRECTION('',(0.,0.,1.));
#8178=DIRECTION('',(1.,0.,0.));
#8179=DIRECTION('',(1.,0.,0.));
#8180=DIRECTION('',(0.,0.,-1.));
#8181=DIRECTION('',(0.,1.,0.));
#8182=DIRECTION('',(0.,0.,-1.));
#8183=DIRECTION('',(0.,1.,0.));
#8184=DIRECTION('',(0.,0.,-1.));
#8185=DIRECTION('',(-1.,0.,0.));
#8186=DIRECTION('',(0.,0.,1.));
#8187=DIRECTION('',(1.,0.,0.));
#8188=DIRECTION('',(0.,0.,-1.));
#8189=DIRECTION('',(0.,0.,1.));
#8190=DIRECTION('',(1.,0.,0.));
#8191=DIRECTION('',(0.,-1.,0.));
#8192=DIRECTION('',(0.,0.,-1.));
#8193=DIRECTION('',(1.,0.,0.));
#8194=DIRECTION('',(0.,0.,-1.));
#8195=DIRECTION('',(1.,0.,0.));
#8196=DIRECTION('',(0.,0.,-1.));
#8197=DIRECTION('',(-1.,0.,0.));
#8198=DIRECTION('',(0.,0.,1.));
#8199=DIRECTION('',(1.,0.,0.));
#8200=DIRECTION('',(0.,0.,1.));
#8201=DIRECTION('',(0.,0.,1.));
#8202=DIRECTION('',(1.,0.,0.));
#8203=DIRECTION('',(-1.,-3.58136459556502E-15,0.));
#8204=DIRECTION('',(3.58136459556502E-15,-1.,0.));
#8205=DIRECTION('',(3.58136459556502E-15,-1.,0.));
#8206=DIRECTION('',(3.58136459556502E-15,-1.,0.));
#8207=DIRECTION('',(0.,0.,-1.));
#8208=DIRECTION('',(-1.,0.,0.));
#8209=DIRECTION('',(0.,0.,-1.));
#8210=DIRECTION('',(0.,0.,1.));
#8211=DIRECTION('',(1.,0.,0.));
#8212=DIRECTION('',(0.,0.,-1.));
#8213=DIRECTION('',(0.,0.,1.));
#8214=DIRECTION('',(1.,0.,0.));
#8215=DIRECTION('',(0.,-1.,0.));
#8216=DIRECTION('',(0.,0.,-1.));
#8217=DIRECTION('',(1.,0.,0.));
#8218=DIRECTION('',(0.,0.,-1.));
#8219=DIRECTION('',(1.,0.,0.));
#8220=DIRECTION('',(0.,0.,-1.));
#8221=DIRECTION('',(-1.,0.,0.));
#8222=DIRECTION('',(0.,0.,1.));
#8223=DIRECTION('',(1.,0.,0.));
#8224=DIRECTION('',(0.,0.,1.));
#8225=DIRECTION('',(0.,0.,1.));
#8226=DIRECTION('',(1.,0.,0.));
#8227=DIRECTION('',(-1.,0.,0.));
#8228=DIRECTION('',(0.,0.,1.));
#8229=DIRECTION('',(0.,-1.,0.));
#8230=DIRECTION('',(0.,0.,1.));
#8231=DIRECTION('',(0.,-1.,0.));
#8232=DIRECTION('',(0.,0.,-1.));
#8233=DIRECTION('',(-1.,0.,0.));
#8234=DIRECTION('',(0.,0.,1.));
#8235=DIRECTION('',(1.,0.,0.));
#8236=DIRECTION('',(0.,0.,1.));
#8237=DIRECTION('',(0.,0.,1.));
#8238=DIRECTION('',(1.,0.,0.));
#8239=DIRECTION('',(0.,1.,0.));
#8240=DIRECTION('',(0.,0.,1.));
#8241=DIRECTION('',(-1.,0.,0.));
#8242=DIRECTION('',(0.,0.,1.));
#8243=DIRECTION('',(-1.,0.,0.));
#8244=DIRECTION('',(0.,0.,-1.));
#8245=DIRECTION('',(-1.,0.,0.));
#8246=DIRECTION('',(0.,0.,1.));
#8247=DIRECTION('',(1.,0.,0.));
#8248=DIRECTION('',(0.,0.,-1.));
#8249=DIRECTION('',(0.,0.,1.));
#8250=DIRECTION('',(1.,0.,0.));
#8251=DIRECTION('',(1.,0.,0.));
#8252=DIRECTION('',(0.,0.,-1.));
#8253=DIRECTION('',(0.,1.,0.));
#8254=DIRECTION('',(0.,1.,0.));
#8255=DIRECTION('',(0.,0.,-1.));
#8256=DIRECTION('',(-1.,0.,0.));
#8257=DIRECTION('',(0.,0.,-1.));
#8258=DIRECTION('',(0.,0.,1.));
#8259=DIRECTION('',(1.,0.,0.));
#8260=DIRECTION('',(0.,0.,-1.));
#8261=DIRECTION('',(0.,0.,1.));
#8262=DIRECTION('',(1.,0.,0.));
#8263=DIRECTION('',(0.,-1.,0.));
#8264=DIRECTION('',(0.,0.,-1.));
#8265=DIRECTION('',(1.,0.,0.));
#8266=DIRECTION('',(0.,0.,-1.));
#8267=DIRECTION('',(1.,0.,0.));
#8268=DIRECTION('',(0.,0.,-1.));
#8269=DIRECTION('',(-1.,0.,0.));
#8270=DIRECTION('',(0.,0.,1.));
#8271=DIRECTION('',(1.,0.,0.));
#8272=DIRECTION('',(0.,0.,1.));
#8273=DIRECTION('',(0.,0.,1.));
#8274=DIRECTION('',(1.,0.,0.));
#8275=DIRECTION('',(-1.,0.,0.));
#8276=DIRECTION('',(0.,0.,1.));
#8277=DIRECTION('',(0.,-1.,0.));
#8278=DIRECTION('',(0.,0.,1.));
#8279=DIRECTION('',(0.,-1.,0.));
#8280=DIRECTION('',(0.,0.,-1.));
#8281=DIRECTION('',(-1.,0.,0.));
#8282=DIRECTION('',(0.,0.,1.));
#8283=DIRECTION('',(1.,0.,0.));
#8284=DIRECTION('',(0.,0.,1.));
#8285=DIRECTION('',(0.,0.,1.));
#8286=DIRECTION('',(1.,0.,0.));
#8287=DIRECTION('',(0.,1.,0.));
#8288=DIRECTION('',(0.,0.,1.));
#8289=DIRECTION('',(-1.,0.,0.));
#8290=DIRECTION('',(0.,0.,1.));
#8291=DIRECTION('',(-1.,0.,0.));
#8292=DIRECTION('',(0.,0.,-1.));
#8293=DIRECTION('',(-1.,0.,0.));
#8294=DIRECTION('',(0.,0.,1.));
#8295=DIRECTION('',(1.,0.,0.));
#8296=DIRECTION('',(0.,0.,-1.));
#8297=DIRECTION('',(0.,0.,1.));
#8298=DIRECTION('',(1.,0.,0.));
#8299=DIRECTION('',(1.,0.,0.));
#8300=DIRECTION('',(0.,0.,-1.));
#8301=DIRECTION('',(0.,1.,0.));
#8302=DIRECTION('',(0.,1.,0.));
#8303=DIRECTION('',(0.,0.,-1.));
#8304=DIRECTION('',(-1.,0.,0.));
#8305=DIRECTION('',(0.,0.,1.));
#8306=DIRECTION('',(0.,0.,1.));
#8307=DIRECTION('',(1.,0.,0.));
#8308=DIRECTION('',(0.,0.,1.));
#8309=DIRECTION('',(0.,0.,1.));
#8310=DIRECTION('',(1.,0.,0.));
#8311=DIRECTION('',(0.,1.,0.));
#8312=DIRECTION('',(0.,0.,1.));
#8313=DIRECTION('',(-1.,0.,0.));
#8314=DIRECTION('',(0.,0.,1.));
#8315=DIRECTION('',(-1.,0.,0.));
#8316=DIRECTION('',(0.,0.,-1.));
#8317=DIRECTION('',(-1.,0.,0.));
#8318=DIRECTION('',(0.,0.,1.));
#8319=DIRECTION('',(1.,0.,0.));
#8320=DIRECTION('',(0.,0.,-1.));
#8321=DIRECTION('',(0.,0.,1.));
#8322=DIRECTION('',(1.,0.,0.));
#8323=DIRECTION('',(1.,0.,0.));
#8324=DIRECTION('',(0.,0.,-1.));
#8325=DIRECTION('',(0.,1.,0.));
#8326=DIRECTION('',(0.,0.,-1.));
#8327=DIRECTION('',(0.,1.,0.));
#8328=DIRECTION('',(0.,0.,-1.));
#8329=DIRECTION('',(-1.,0.,0.));
#8330=DIRECTION('',(0.,0.,1.));
#8331=DIRECTION('',(1.,0.,0.));
#8332=DIRECTION('',(0.,0.,-1.));
#8333=DIRECTION('',(0.,0.,1.));
#8334=DIRECTION('',(1.,0.,0.));
#8335=DIRECTION('',(0.,-1.,0.));
#8336=DIRECTION('',(0.,0.,-1.));
#8337=DIRECTION('',(1.,0.,0.));
#8338=DIRECTION('',(0.,0.,-1.));
#8339=DIRECTION('',(1.,0.,0.));
#8340=DIRECTION('',(0.,0.,-1.));
#8341=DIRECTION('',(-1.,0.,0.));
#8342=DIRECTION('',(0.,0.,1.));
#8343=DIRECTION('',(1.,0.,0.));
#8344=DIRECTION('',(0.,0.,1.));
#8345=DIRECTION('',(0.,0.,1.));
#8346=DIRECTION('',(1.,0.,0.));
#8347=DIRECTION('',(-1.,0.,0.));
#8348=DIRECTION('',(0.,0.,1.));
#8349=DIRECTION('',(0.,-1.,0.));
#8350=DIRECTION('',(0.,-1.,0.));
#8351=DIRECTION('',(0.,0.,-1.));
#8352=DIRECTION('',(-1.,0.,0.));
#8353=DIRECTION('',(0.,0.,-1.));
#8354=DIRECTION('',(0.,0.,1.));
#8355=DIRECTION('',(1.,0.,0.));
#8356=DIRECTION('',(0.,0.,-1.));
#8357=DIRECTION('',(0.,0.,1.));
#8358=DIRECTION('',(1.,0.,0.));
#8359=DIRECTION('',(0.,-1.,0.));
#8360=DIRECTION('',(0.,0.,-1.));
#8361=DIRECTION('',(1.,0.,0.));
#8362=DIRECTION('',(0.,0.,-1.));
#8363=DIRECTION('',(1.,0.,0.));
#8364=DIRECTION('',(0.,0.,-1.));
#8365=DIRECTION('',(-1.,0.,0.));
#8366=DIRECTION('',(0.,0.,1.));
#8367=DIRECTION('',(1.,0.,0.));
#8368=DIRECTION('',(0.,0.,1.));
#8369=DIRECTION('',(0.,0.,1.));
#8370=DIRECTION('',(1.,0.,0.));
#8371=DIRECTION('',(-1.,0.,0.));
#8372=DIRECTION('',(0.,0.,1.));
#8373=DIRECTION('',(0.,-1.,0.));
#8374=DIRECTION('',(0.,0.,1.));
#8375=DIRECTION('',(0.,-1.,0.));
#8376=DIRECTION('',(0.,0.,-1.));
#8377=DIRECTION('',(-1.,0.,0.));
#8378=DIRECTION('',(0.,0.,1.));
#8379=DIRECTION('',(1.,0.,0.));
#8380=DIRECTION('',(0.,0.,1.));
#8381=DIRECTION('',(0.,0.,1.));
#8382=DIRECTION('',(1.,0.,0.));
#8383=DIRECTION('',(0.,1.,0.));
#8384=DIRECTION('',(0.,0.,1.));
#8385=DIRECTION('',(-1.,0.,0.));
#8386=DIRECTION('',(0.,0.,1.));
#8387=DIRECTION('',(-1.,0.,0.));
#8388=DIRECTION('',(0.,0.,-1.));
#8389=DIRECTION('',(-1.,0.,0.));
#8390=DIRECTION('',(0.,0.,1.));
#8391=DIRECTION('',(1.,0.,0.));
#8392=DIRECTION('',(0.,0.,-1.));
#8393=DIRECTION('',(0.,0.,1.));
#8394=DIRECTION('',(1.,0.,0.));
#8395=DIRECTION('',(1.,0.,0.));
#8396=DIRECTION('',(0.,0.,-1.));
#8397=DIRECTION('',(0.,1.,0.));
#8398=DIRECTION('',(0.,1.,0.));
#8399=DIRECTION('',(0.,0.,-1.));
#8400=DIRECTION('',(-1.,0.,0.));
#8401=DIRECTION('',(0.,0.,1.));
#8402=DIRECTION('',(0.,0.,1.));
#8403=DIRECTION('',(1.,0.,0.));
#8404=DIRECTION('',(0.,0.,1.));
#8405=DIRECTION('',(0.,0.,1.));
#8406=DIRECTION('',(1.,0.,0.));
#8407=DIRECTION('',(0.,1.,0.));
#8408=DIRECTION('',(0.,0.,1.));
#8409=DIRECTION('',(-1.,0.,0.));
#8410=DIRECTION('',(0.,0.,1.));
#8411=DIRECTION('',(-1.,0.,0.));
#8412=DIRECTION('',(0.,0.,-1.));
#8413=DIRECTION('',(-1.,0.,0.));
#8414=DIRECTION('',(0.,0.,1.));
#8415=DIRECTION('',(1.,0.,0.));
#8416=DIRECTION('',(0.,0.,-1.));
#8417=DIRECTION('',(0.,0.,1.));
#8418=DIRECTION('',(1.,0.,0.));
#8419=DIRECTION('',(1.,0.,0.));
#8420=DIRECTION('',(0.,0.,-1.));
#8421=DIRECTION('',(0.,1.,0.));
#8422=DIRECTION('',(0.,0.,-1.));
#8423=DIRECTION('',(0.,1.,0.));
#8424=DIRECTION('',(0.,0.,-1.));
#8425=DIRECTION('',(-1.,0.,0.));
#8426=DIRECTION('',(0.,0.,1.));
#8427=DIRECTION('',(1.,0.,0.));
#8428=DIRECTION('',(0.,0.,-1.));
#8429=DIRECTION('',(0.,0.,1.));
#8430=DIRECTION('',(1.,0.,0.));
#8431=DIRECTION('',(0.,-1.,0.));
#8432=DIRECTION('',(0.,0.,-1.));
#8433=DIRECTION('',(1.,0.,0.));
#8434=DIRECTION('',(0.,0.,-1.));
#8435=DIRECTION('',(1.,0.,0.));
#8436=DIRECTION('',(0.,0.,-1.));
#8437=DIRECTION('',(-1.,0.,0.));
#8438=DIRECTION('',(0.,0.,1.));
#8439=DIRECTION('',(1.,0.,0.));
#8440=DIRECTION('',(0.,0.,1.));
#8441=DIRECTION('',(0.,0.,1.));
#8442=DIRECTION('',(1.,0.,0.));
#8443=DIRECTION('',(-1.,-3.58136459556502E-15,0.));
#8444=DIRECTION('',(3.58136459556502E-15,-1.,0.));
#8445=DIRECTION('',(3.58136459556502E-15,-1.,0.));
#8446=DIRECTION('',(3.58136459556502E-15,-1.,0.));
#8447=DIRECTION('',(0.,0.,-1.));
#8448=DIRECTION('',(-1.,0.,0.));
#8449=DIRECTION('',(0.,0.,-1.));
#8450=DIRECTION('',(0.,0.,1.));
#8451=DIRECTION('',(1.,0.,0.));
#8452=DIRECTION('',(0.,0.,-1.));
#8453=DIRECTION('',(0.,0.,1.));
#8454=DIRECTION('',(1.,0.,0.));
#8455=DIRECTION('',(0.,-1.,0.));
#8456=DIRECTION('',(0.,0.,-1.));
#8457=DIRECTION('',(1.,0.,0.));
#8458=DIRECTION('',(0.,0.,-1.));
#8459=DIRECTION('',(1.,0.,0.));
#8460=DIRECTION('',(0.,0.,-1.));
#8461=DIRECTION('',(-1.,0.,0.));
#8462=DIRECTION('',(0.,0.,1.));
#8463=DIRECTION('',(1.,0.,0.));
#8464=DIRECTION('',(0.,0.,1.));
#8465=DIRECTION('',(0.,0.,1.));
#8466=DIRECTION('',(1.,0.,0.));
#8467=DIRECTION('',(-1.,-1.79068229778251E-15,0.));
#8468=DIRECTION('',(1.79068229778251E-15,-1.,0.));
#8469=DIRECTION('',(1.79068229778251E-15,-1.,0.));
#8470=DIRECTION('',(0.,0.,1.));
#8471=DIRECTION('',(1.79068229778251E-15,-1.,0.));
#8472=DIRECTION('',(0.,0.,-1.));
#8473=DIRECTION('',(-1.,0.,0.));
#8474=DIRECTION('',(0.,0.,1.));
#8475=DIRECTION('',(1.,0.,0.));
#8476=DIRECTION('',(0.,0.,1.));
#8477=DIRECTION('',(0.,0.,1.));
#8478=DIRECTION('',(1.,0.,0.));
#8479=DIRECTION('',(0.,1.,0.));
#8480=DIRECTION('',(0.,0.,1.));
#8481=DIRECTION('',(-1.,0.,0.));
#8482=DIRECTION('',(0.,0.,1.));
#8483=DIRECTION('',(-1.,0.,0.));
#8484=DIRECTION('',(0.,0.,-1.));
#8485=DIRECTION('',(-1.,0.,0.));
#8486=DIRECTION('',(0.,0.,1.));
#8487=DIRECTION('',(1.,0.,0.));
#8488=DIRECTION('',(0.,0.,-1.));
#8489=DIRECTION('',(0.,0.,1.));
#8490=DIRECTION('',(1.,0.,0.));
#8491=DIRECTION('',(1.,0.,0.));
#8492=DIRECTION('',(0.,0.,-1.));
#8493=DIRECTION('',(0.,1.,0.));
#8494=DIRECTION('',(0.,1.,0.));
#8495=DIRECTION('',(0.,0.,-1.));
#8496=DIRECTION('',(-1.,0.,0.));
#8497=DIRECTION('',(0.,0.,1.));
#8498=DIRECTION('',(0.,0.,1.));
#8499=DIRECTION('',(1.,0.,0.));
#8500=DIRECTION('',(0.,0.,1.));
#8501=DIRECTION('',(0.,0.,1.));
#8502=DIRECTION('',(1.,0.,0.));
#8503=DIRECTION('',(0.,1.,0.));
#8504=DIRECTION('',(0.,0.,1.));
#8505=DIRECTION('',(-1.,0.,0.));
#8506=DIRECTION('',(0.,0.,1.));
#8507=DIRECTION('',(-1.,0.,0.));
#8508=DIRECTION('',(0.,0.,-1.));
#8509=DIRECTION('',(-1.,0.,0.));
#8510=DIRECTION('',(0.,0.,1.));
#8511=DIRECTION('',(1.,0.,0.));
#8512=DIRECTION('',(0.,0.,-1.));
#8513=DIRECTION('',(0.,0.,1.));
#8514=DIRECTION('',(1.,0.,0.));
#8515=DIRECTION('',(1.,0.,0.));
#8516=DIRECTION('',(0.,0.,-1.));
#8517=DIRECTION('',(0.,1.,0.));
#8518=DIRECTION('',(0.,0.,-1.));
#8519=DIRECTION('',(0.,1.,0.));
#8520=DIRECTION('',(0.,0.,-1.));
#8521=DIRECTION('',(-1.,0.,0.));
#8522=DIRECTION('',(0.,0.,1.));
#8523=DIRECTION('',(1.,0.,0.));
#8524=DIRECTION('',(0.,0.,-1.));
#8525=DIRECTION('',(0.,0.,1.));
#8526=DIRECTION('',(1.,0.,0.));
#8527=DIRECTION('',(0.,-1.,0.));
#8528=DIRECTION('',(0.,0.,-1.));
#8529=DIRECTION('',(1.,0.,0.));
#8530=DIRECTION('',(0.,0.,-1.));
#8531=DIRECTION('',(1.,0.,0.));
#8532=DIRECTION('',(0.,0.,-1.));
#8533=DIRECTION('',(-1.,0.,0.));
#8534=DIRECTION('',(0.,0.,1.));
#8535=DIRECTION('',(1.,0.,0.));
#8536=DIRECTION('',(0.,0.,1.));
#8537=DIRECTION('',(0.,0.,1.));
#8538=DIRECTION('',(1.,0.,0.));
#8539=DIRECTION('',(-1.,-1.79068229778251E-15,0.));
#8540=DIRECTION('',(1.79068229778251E-15,-1.,0.));
#8541=DIRECTION('',(1.79068229778251E-15,-1.,0.));
#8542=DIRECTION('',(1.79068229778251E-15,-1.,0.));
#8543=DIRECTION('',(0.,0.,-1.));
#8544=DIRECTION('',(-1.,0.,0.));
#8545=DIRECTION('',(0.,0.,-1.));
#8546=DIRECTION('',(0.,0.,1.));
#8547=DIRECTION('',(1.,0.,0.));
#8548=DIRECTION('',(0.,0.,-1.));
#8549=DIRECTION('',(0.,0.,1.));
#8550=DIRECTION('',(1.,0.,0.));
#8551=DIRECTION('',(0.,-1.,0.));
#8552=DIRECTION('',(0.,0.,-1.));
#8553=DIRECTION('',(1.,0.,0.));
#8554=DIRECTION('',(0.,0.,-1.));
#8555=DIRECTION('',(1.,0.,0.));
#8556=DIRECTION('',(0.,0.,-1.));
#8557=DIRECTION('',(-1.,0.,0.));
#8558=DIRECTION('',(0.,0.,1.));
#8559=DIRECTION('',(1.,0.,0.));
#8560=DIRECTION('',(0.,0.,1.));
#8561=DIRECTION('',(0.,0.,1.));
#8562=DIRECTION('',(1.,0.,0.));
#8563=DIRECTION('',(-1.,-1.79068229778251E-15,0.));
#8564=DIRECTION('',(1.79068229778251E-15,-1.,0.));
#8565=DIRECTION('',(1.79068229778251E-15,-1.,0.));
#8566=DIRECTION('',(0.,0.,1.));
#8567=DIRECTION('',(1.79068229778251E-15,-1.,0.));
#8568=DIRECTION('',(0.,0.,-1.));
#8569=DIRECTION('',(-1.,0.,0.));
#8570=DIRECTION('',(0.,0.,1.));
#8571=DIRECTION('',(1.,0.,0.));
#8572=DIRECTION('',(0.,0.,1.));
#8573=DIRECTION('',(0.,0.,1.));
#8574=DIRECTION('',(1.,0.,0.));
#8575=DIRECTION('',(0.,1.,0.));
#8576=DIRECTION('',(0.,0.,1.));
#8577=DIRECTION('',(-1.,0.,0.));
#8578=DIRECTION('',(0.,0.,1.));
#8579=DIRECTION('',(-1.,0.,0.));
#8580=DIRECTION('',(0.,0.,-1.));
#8581=DIRECTION('',(-1.,0.,0.));
#8582=DIRECTION('',(0.,0.,1.));
#8583=DIRECTION('',(1.,0.,0.));
#8584=DIRECTION('',(0.,0.,-1.));
#8585=DIRECTION('',(0.,0.,1.));
#8586=DIRECTION('',(1.,0.,0.));
#8587=DIRECTION('',(1.,0.,0.));
#8588=DIRECTION('',(0.,0.,-1.));
#8589=DIRECTION('',(0.,1.,0.));
#8590=DIRECTION('',(0.,1.,0.));
#8591=DIRECTION('',(0.,0.,-1.));
#8592=DIRECTION('',(-1.,0.,0.));
#8593=DIRECTION('',(0.,0.,1.));
#8594=DIRECTION('',(0.,0.,1.));
#8595=DIRECTION('',(1.,0.,0.));
#8596=DIRECTION('',(0.,0.,1.));
#8597=DIRECTION('',(0.,0.,1.));
#8598=DIRECTION('',(1.,0.,0.));
#8599=DIRECTION('',(0.,1.,0.));
#8600=DIRECTION('',(0.,0.,1.));
#8601=DIRECTION('',(-1.,0.,0.));
#8602=DIRECTION('',(0.,0.,1.));
#8603=DIRECTION('',(-1.,0.,0.));
#8604=DIRECTION('',(0.,0.,-1.));
#8605=DIRECTION('',(-1.,0.,0.));
#8606=DIRECTION('',(0.,0.,1.));
#8607=DIRECTION('',(1.,0.,0.));
#8608=DIRECTION('',(0.,0.,-1.));
#8609=DIRECTION('',(0.,0.,1.));
#8610=DIRECTION('',(1.,0.,0.));
#8611=DIRECTION('',(1.,0.,0.));
#8612=DIRECTION('',(0.,0.,-1.));
#8613=DIRECTION('',(0.,1.,0.));
#8614=DIRECTION('',(0.,0.,-1.));
#8615=DIRECTION('',(0.,1.,0.));
#8616=DIRECTION('',(0.,0.,-1.));
#8617=DIRECTION('',(-1.,0.,0.));
#8618=DIRECTION('',(0.,0.,1.));
#8619=DIRECTION('',(1.,0.,0.));
#8620=DIRECTION('',(0.,0.,-1.));
#8621=DIRECTION('',(0.,0.,1.));
#8622=DIRECTION('',(1.,0.,0.));
#8623=DIRECTION('',(0.,-1.,0.));
#8624=DIRECTION('',(0.,0.,-1.));
#8625=DIRECTION('',(1.,0.,0.));
#8626=DIRECTION('',(0.,0.,-1.));
#8627=DIRECTION('',(1.,0.,0.));
#8628=DIRECTION('',(0.,0.,-1.));
#8629=DIRECTION('',(-1.,0.,0.));
#8630=DIRECTION('',(0.,0.,1.));
#8631=DIRECTION('',(1.,0.,0.));
#8632=DIRECTION('',(0.,0.,1.));
#8633=DIRECTION('',(0.,0.,1.));
#8634=DIRECTION('',(1.,0.,0.));
#8635=DIRECTION('',(-1.,-1.79068229778251E-15,0.));
#8636=DIRECTION('',(1.79068229778251E-15,-1.,0.));
#8637=DIRECTION('',(1.79068229778251E-15,-1.,0.));
#8638=DIRECTION('',(1.79068229778251E-15,-1.,0.));
#8639=DIRECTION('',(0.,0.,-1.));
#8640=DIRECTION('',(-1.,0.,0.));
#8641=DIRECTION('',(0.,0.,-1.));
#8642=DIRECTION('',(0.,0.,1.));
#8643=DIRECTION('',(1.,0.,0.));
#8644=DIRECTION('',(0.,0.,-1.));
#8645=DIRECTION('',(0.,0.,1.));
#8646=DIRECTION('',(1.,0.,0.));
#8647=DIRECTION('',(0.,-1.,0.));
#8648=DIRECTION('',(0.,0.,-1.));
#8649=DIRECTION('',(1.,0.,0.));
#8650=DIRECTION('',(0.,0.,-1.));
#8651=DIRECTION('',(1.,0.,0.));
#8652=DIRECTION('',(0.,0.,-1.));
#8653=DIRECTION('',(-1.,0.,0.));
#8654=DIRECTION('',(0.,0.,1.));
#8655=DIRECTION('',(1.,0.,0.));
#8656=DIRECTION('',(0.,0.,1.));
#8657=DIRECTION('',(0.,0.,1.));
#8658=DIRECTION('',(1.,0.,0.));
#8659=DIRECTION('',(-1.,0.,0.));
#8660=DIRECTION('',(0.,0.,1.));
#8661=DIRECTION('',(0.,-1.,0.));
#8662=DIRECTION('',(0.,0.,1.));
#8663=DIRECTION('',(0.,-1.,0.));
#8664=DIRECTION('',(0.,0.,-1.));
#8665=DIRECTION('',(-1.,0.,0.));
#8666=DIRECTION('',(0.,0.,1.));
#8667=DIRECTION('',(1.,0.,0.));
#8668=DIRECTION('',(0.,0.,1.));
#8669=DIRECTION('',(0.,0.,1.));
#8670=DIRECTION('',(1.,0.,0.));
#8671=DIRECTION('',(0.,1.,0.));
#8672=DIRECTION('',(0.,0.,1.));
#8673=DIRECTION('',(-1.,0.,0.));
#8674=DIRECTION('',(0.,0.,1.));
#8675=DIRECTION('',(-1.,0.,0.));
#8676=DIRECTION('',(0.,0.,-1.));
#8677=DIRECTION('',(-1.,0.,0.));
#8678=DIRECTION('',(0.,0.,1.));
#8679=DIRECTION('',(1.,0.,0.));
#8680=DIRECTION('',(0.,0.,-1.));
#8681=DIRECTION('',(0.,0.,1.));
#8682=DIRECTION('',(1.,0.,0.));
#8683=DIRECTION('',(1.,0.,0.));
#8684=DIRECTION('',(0.,0.,-1.));
#8685=DIRECTION('',(0.,1.,0.));
#8686=DIRECTION('',(0.,1.,0.));
#8687=DIRECTION('',(0.,0.,-1.));
#8688=DIRECTION('',(-1.,0.,0.));
#8689=DIRECTION('',(0.,0.,1.));
#8690=DIRECTION('',(0.,0.,1.));
#8691=DIRECTION('',(1.,0.,0.));
#8692=DIRECTION('',(0.,0.,1.));
#8693=DIRECTION('',(0.,0.,1.));
#8694=DIRECTION('',(1.,0.,0.));
#8695=DIRECTION('',(0.,1.,0.));
#8696=DIRECTION('',(0.,0.,1.));
#8697=DIRECTION('',(-1.,0.,0.));
#8698=DIRECTION('',(0.,0.,1.));
#8699=DIRECTION('',(-1.,0.,0.));
#8700=DIRECTION('',(0.,0.,-1.));
#8701=DIRECTION('',(-1.,0.,0.));
#8702=DIRECTION('',(0.,0.,1.));
#8703=DIRECTION('',(1.,0.,0.));
#8704=DIRECTION('',(0.,0.,-1.));
#8705=DIRECTION('',(0.,0.,1.));
#8706=DIRECTION('',(1.,0.,0.));
#8707=DIRECTION('',(1.,0.,0.));
#8708=DIRECTION('',(0.,0.,-1.));
#8709=DIRECTION('',(0.,1.,0.));
#8710=DIRECTION('',(0.,0.,-1.));
#8711=DIRECTION('',(0.,1.,0.));
#8712=DIRECTION('',(0.,0.,-1.));
#8713=DIRECTION('',(-1.,0.,0.));
#8714=DIRECTION('',(0.,0.,1.));
#8715=DIRECTION('',(1.,0.,0.));
#8716=DIRECTION('',(0.,0.,-1.));
#8717=DIRECTION('',(0.,0.,1.));
#8718=DIRECTION('',(1.,0.,0.));
#8719=DIRECTION('',(0.,-1.,0.));
#8720=DIRECTION('',(0.,0.,-1.));
#8721=DIRECTION('',(1.,0.,0.));
#8722=DIRECTION('',(0.,0.,-1.));
#8723=DIRECTION('',(1.,0.,0.));
#8724=DIRECTION('',(0.,0.,-1.));
#8725=DIRECTION('',(-1.,0.,0.));
#8726=DIRECTION('',(0.,0.,1.));
#8727=DIRECTION('',(1.,0.,0.));
#8728=DIRECTION('',(0.,0.,1.));
#8729=DIRECTION('',(0.,0.,1.));
#8730=DIRECTION('',(1.,0.,0.));
#8731=DIRECTION('',(-1.,0.,0.));
#8732=DIRECTION('',(0.,0.,1.));
#8733=DIRECTION('',(0.,-1.,0.));
#8734=DIRECTION('',(0.,-1.,0.));
#8735=DIRECTION('',(0.,0.,-1.));
#8736=DIRECTION('',(-1.,0.,0.));
#8737=DIRECTION('',(0.,0.,-1.));
#8738=DIRECTION('',(0.,0.,1.));
#8739=DIRECTION('',(1.,0.,0.));
#8740=DIRECTION('',(0.,0.,-1.));
#8741=DIRECTION('',(0.,0.,1.));
#8742=DIRECTION('',(1.,0.,0.));
#8743=DIRECTION('',(0.,-1.,0.));
#8744=DIRECTION('',(0.,0.,-1.));
#8745=DIRECTION('',(1.,0.,0.));
#8746=DIRECTION('',(0.,0.,-1.));
#8747=DIRECTION('',(1.,0.,0.));
#8748=DIRECTION('',(0.,0.,-1.));
#8749=DIRECTION('',(-1.,0.,0.));
#8750=DIRECTION('',(0.,0.,1.));
#8751=DIRECTION('',(1.,0.,0.));
#8752=DIRECTION('',(0.,0.,1.));
#8753=DIRECTION('',(0.,0.,1.));
#8754=DIRECTION('',(1.,0.,0.));
#8755=DIRECTION('',(-1.,0.,0.));
#8756=DIRECTION('',(0.,0.,1.));
#8757=DIRECTION('',(0.,-1.,0.));
#8758=DIRECTION('',(0.,0.,1.));
#8759=DIRECTION('',(0.,-1.,0.));
#8760=DIRECTION('',(0.,0.,-1.));
#8761=DIRECTION('',(-1.,0.,0.));
#8762=DIRECTION('',(0.,0.,1.));
#8763=DIRECTION('',(1.,0.,0.));
#8764=DIRECTION('',(0.,0.,1.));
#8765=DIRECTION('',(0.,0.,1.));
#8766=DIRECTION('',(1.,0.,0.));
#8767=DIRECTION('',(0.,1.,0.));
#8768=DIRECTION('',(0.,0.,1.));
#8769=DIRECTION('',(-1.,0.,0.));
#8770=DIRECTION('',(0.,0.,1.));
#8771=DIRECTION('',(-1.,0.,0.));
#8772=DIRECTION('',(0.,0.,-1.));
#8773=DIRECTION('',(-1.,0.,0.));
#8774=DIRECTION('',(0.,0.,1.));
#8775=DIRECTION('',(1.,0.,0.));
#8776=DIRECTION('',(0.,0.,-1.));
#8777=DIRECTION('',(0.,0.,1.));
#8778=DIRECTION('',(1.,0.,0.));
#8779=DIRECTION('',(1.,0.,0.));
#8780=DIRECTION('',(0.,0.,-1.));
#8781=DIRECTION('',(0.,1.,0.));
#8782=DIRECTION('',(0.,1.,0.));
#8783=DIRECTION('',(0.,0.,1.));
#8784=DIRECTION('',(1.,0.,0.));
#8785=DIRECTION('',(0.,1.,0.));
#8786=DIRECTION('',(-1.,-1.38382499508121E-16,0.));
#8787=DIRECTION('',(-1.,-1.18613571006961E-16,0.));
#8788=DIRECTION('',(1.18613571006961E-16,-1.,0.));
#8789=DIRECTION('',(1.,1.18613571006961E-16,0.));
#8790=DIRECTION('',(-1.,-1.18613571006961E-16,0.));
#8791=DIRECTION('',(0.,0.,1.));
#8792=DIRECTION('',(1.38382499508121E-16,-1.,0.));
#8793=DIRECTION('',(1.,1.38382499508121E-16,0.));
#8794=DIRECTION('',(-1.,-1.38382499508121E-16,0.));
#8795=DIRECTION('',(0.,0.,1.));
#8796=DIRECTION('',(1.,0.,0.));
#8797=DIRECTION('',(0.,1.,0.));
#8798=DIRECTION('',(1.,0.,0.));
#8799=DIRECTION('',(0.,0.,-1.));
#8800=DIRECTION('',(1.,0.,0.));
#8801=DIRECTION('',(0.,0.,-1.));
#8802=DIRECTION('',(1.,0.,0.));
#8803=DIRECTION('',(0.,0.,-1.));
#8804=DIRECTION('',(1.,0.,0.));
#8805=DIRECTION('',(0.,0.,-1.));
#8806=DIRECTION('',(1.,0.,0.));
#8807=DIRECTION('',(0.,0.,-1.));
#8808=DIRECTION('',(0.,-1.,0.));
#8809=DIRECTION('',(1.,0.,0.));
#8810=DIRECTION('',(0.,0.,-1.));
#8811=DIRECTION('',(-1.,0.,0.));
#8812=DIRECTION('',(0.,0.,1.));
#8813=DIRECTION('',(-1.,0.,0.));
#8814=DIRECTION('',(0.,-1.,0.));
#8815=DIRECTION('',(1.,0.,0.));
#8816=DIRECTION('',(0.,0.,-1.));
#8817=DIRECTION('',(-1.,0.,0.));
#8818=DIRECTION('',(0.,0.,1.));
#8819=DIRECTION('',(-1.,0.,0.));
#8820=DIRECTION('',(0.,-1.,0.));
#8821=DIRECTION('',(1.,0.,0.));
#8822=DIRECTION('',(0.,0.,-1.));
#8823=DIRECTION('',(-1.,0.,0.));
#8824=DIRECTION('',(0.,0.,1.));
#8825=DIRECTION('',(-1.,0.,0.));
#8826=DIRECTION('',(0.,-1.,0.));
#8827=DIRECTION('',(1.,0.,0.));
#8828=DIRECTION('',(0.,0.,-1.));
#8829=DIRECTION('',(-1.,0.,0.));
#8830=DIRECTION('',(0.,0.,1.));
#8831=DIRECTION('',(-1.,0.,0.));
#8832=DIRECTION('',(0.,-1.,0.));
#8833=DIRECTION('',(1.,0.,0.));
#8834=DIRECTION('',(0.,0.,-1.));
#8835=DIRECTION('',(-1.,0.,0.));
#8836=DIRECTION('',(0.,0.,1.));
#8837=DIRECTION('',(-1.,0.,0.));
#8838=DIRECTION('',(0.,-1.,0.));
#8839=DIRECTION('',(0.,0.,1.));
#8840=DIRECTION('',(1.,0.,0.));
#8841=CARTESIAN_POINT('',(0.,0.,0.));
#8842=CARTESIAN_POINT('',(0.17325,-2.77555756156289E-17,0.003375));
#8843=CARTESIAN_POINT('',(0.17325,-0.0485,0.003375));
#8844=CARTESIAN_POINT('',(0.17325,-0.0485,0.006));
#8845=CARTESIAN_POINT('',(0.17325,-2.77555756156289E-17,0.003375));
#8846=CARTESIAN_POINT('',(0.17325,-0.0335,0.003375));
#8847=CARTESIAN_POINT('',(0.17325,-0.0335,0.006));
#8848=CARTESIAN_POINT('',(0.17325,-2.77555756156289E-17,0.003375));
#8849=CARTESIAN_POINT('',(0.17325,-0.01675,0.003375));
#8850=CARTESIAN_POINT('',(0.17325,-0.01675,0.006));
#8851=CARTESIAN_POINT('',(0.17325,-2.77555756156289E-17,0.003375));
#8852=CARTESIAN_POINT('',(0.17325,-2.75948407232408E-17,0.003375));
#8853=CARTESIAN_POINT('',(0.17325,-2.75948407232408E-17,0.006));
#8854=CARTESIAN_POINT('',(0.17325,-2.77555756156289E-17,0.003375));
#8855=CARTESIAN_POINT('',(0.17325,0.01675,0.003375));
#8856=CARTESIAN_POINT('',(0.17325,0.01675,0.006));
#8857=CARTESIAN_POINT('',(0.17325,-2.77555756156289E-17,0.003375));
#8858=CARTESIAN_POINT('',(0.17325,0.0335,0.003375));
#8859=CARTESIAN_POINT('',(0.17325,0.0335,0.006));
#8860=CARTESIAN_POINT('',(0.17325,-2.77555756156289E-17,0.003375));
#8861=CARTESIAN_POINT('',(0.17325,0.0485,0.003375));
#8862=CARTESIAN_POINT('',(0.17325,0.0485,0.006));
#8863=CARTESIAN_POINT('',(0.085225,0.00156249999999996,0.003375));
#8864=CARTESIAN_POINT('',(0.085225,0.041875,0.003375));
#8865=CARTESIAN_POINT('',(0.085225,0.041875,0.00075));
#8866=CARTESIAN_POINT('',(0.085225,0.00156249999999996,0.003375));
#8867=CARTESIAN_POINT('',(0.085225,-0.041875,0.003375));
#8868=CARTESIAN_POINT('',(0.085225,-0.041875,0.00075));
#8869=CARTESIAN_POINT('',(0.085225,0.00156249999999996,0.003375));
#8870=CARTESIAN_POINT('',(0.085225,-0.025125,0.003375));
#8871=CARTESIAN_POINT('',(0.085225,-0.025125,0.00075));
#8872=CARTESIAN_POINT('',(0.085225,0.00156249999999996,0.003375));
#8873=CARTESIAN_POINT('',(0.085225,0.025125,0.003375));
#8874=CARTESIAN_POINT('',(0.085225,0.025125,0.00075));
#8875=CARTESIAN_POINT('',(0.085225,0.00156249999999996,0.003375));
#8876=CARTESIAN_POINT('',(0.085225,0.008375,0.003375));
#8877=CARTESIAN_POINT('',(0.085225,0.008375,0.00075));
#8878=CARTESIAN_POINT('',(0.085225,0.00156249999999996,0.003375));
#8879=CARTESIAN_POINT('',(0.085225,-0.008375,0.003375));
#8880=CARTESIAN_POINT('',(0.085225,-0.008375,0.00075));
#8881=CARTESIAN_POINT('',(0.170925,0.00156249999999996,0.003375));
#8882=CARTESIAN_POINT('',(0.170925,0.041875,0.003375));
#8883=CARTESIAN_POINT('',(0.170925,0.041875,0.00075));
#8884=CARTESIAN_POINT('',(0.170925,0.00156249999999996,0.003375));
#8885=CARTESIAN_POINT('',(0.170925,-0.041875,0.003375));
#8886=CARTESIAN_POINT('',(0.170925,-0.041875,0.00075));
#8887=CARTESIAN_POINT('',(0.170925,0.00156249999999996,0.003375));
#8888=CARTESIAN_POINT('',(0.170925,-0.025125,0.003375));
#8889=CARTESIAN_POINT('',(0.170925,-0.025125,0.00075));
#8890=CARTESIAN_POINT('',(0.170925,0.00156249999999996,0.003375));
#8891=CARTESIAN_POINT('',(0.170925,0.025125,0.003375));
#8892=CARTESIAN_POINT('',(0.170925,0.025125,0.00075));
#8893=CARTESIAN_POINT('',(0.170925,0.00156249999999996,0.003375));
#8894=CARTESIAN_POINT('',(0.170925,-0.008375,0.003375));
#8895=CARTESIAN_POINT('',(0.170925,-0.008375,0.00075));
#8896=CARTESIAN_POINT('',(0.170925,0.00156249999999996,0.003375));
#8897=CARTESIAN_POINT('',(0.170925,0.008375,0.003375));
#8898=CARTESIAN_POINT('',(0.170925,0.008375,0.00075));
#8899=CARTESIAN_POINT('',(7.02291185003716E-18,-0.05075,0.003375));
#8900=CARTESIAN_POINT('',(0.1525,-0.05075,0.003375));
#8901=CARTESIAN_POINT('',(0.155125,-0.05075,0.003375));
#8902=CARTESIAN_POINT('',(7.02291185003716E-18,-0.05075,0.003375));
#8903=CARTESIAN_POINT('',(0.13725,-0.05075,0.003375));
#8904=CARTESIAN_POINT('',(0.139875,-0.05075,0.003375));
#8905=CARTESIAN_POINT('',(7.02291185003716E-18,-0.05075,0.003375));
#8906=CARTESIAN_POINT('',(0.122,-0.05075,0.003375));
#8907=CARTESIAN_POINT('',(0.124625,-0.05075,0.003375));
#8908=CARTESIAN_POINT('',(7.02291185003716E-18,-0.05075,0.003375));
#8909=CARTESIAN_POINT('',(0.10675,-0.05075,0.003375));
#8910=CARTESIAN_POINT('',(0.109375,-0.05075,0.003375));
#8911=CARTESIAN_POINT('',(7.02291185003716E-18,-0.05075,0.003375));
#8912=CARTESIAN_POINT('',(0.0915,-0.05075,0.003375));
#8913=CARTESIAN_POINT('',(0.094125,-0.05075,0.003375));
#8914=CARTESIAN_POINT('',(-7.02291185003716E-18,0.05075,0.003375));
#8915=CARTESIAN_POINT('',(0.1525,0.05075,0.003375));
#8916=CARTESIAN_POINT('',(0.155125,0.05075,0.003375));
#8917=CARTESIAN_POINT('',(-7.02291185003716E-18,0.05075,0.003375));
#8918=CARTESIAN_POINT('',(0.13725,0.05075,0.003375));
#8919=CARTESIAN_POINT('',(0.139875,0.05075,0.003375));
#8920=CARTESIAN_POINT('',(-7.02291185003716E-18,0.05075,0.003375));
#8921=CARTESIAN_POINT('',(0.122,0.05075,0.003375));
#8922=CARTESIAN_POINT('',(0.124625,0.05075,0.003375));
#8923=CARTESIAN_POINT('',(-7.02291185003716E-18,0.05075,0.003375));
#8924=CARTESIAN_POINT('',(0.10675,0.05075,0.003375));
#8925=CARTESIAN_POINT('',(0.109375,0.05075,0.003375));
#8926=CARTESIAN_POINT('',(-7.02291185003716E-18,0.05075,0.003375));
#8927=CARTESIAN_POINT('',(0.0915,0.05075,0.003375));
#8928=CARTESIAN_POINT('',(0.094125,0.05075,0.003375));
#8929=CARTESIAN_POINT('',(0.17325,-0.0485,0.003375));
#8930=CARTESIAN_POINT('',(0.1755,-0.0485,0.003375));
#8931=CARTESIAN_POINT('',(0.1755,-0.0485,0.006));
#8932=CARTESIAN_POINT('',(0.17325,-0.0335,0.003375));
#8933=CARTESIAN_POINT('',(0.1755,-0.0335,0.003375));
#8934=CARTESIAN_POINT('',(0.1755,-0.0335,0.006));
#8935=CARTESIAN_POINT('',(0.17325,-0.01675,0.003375));
#8936=CARTESIAN_POINT('',(0.1755,-0.01675,0.003375));
#8937=CARTESIAN_POINT('',(0.1755,-0.01675,0.006));
#8938=CARTESIAN_POINT('',(0.17325,-2.75948407232408E-17,0.003375));
#8939=CARTESIAN_POINT('',(0.1755,-2.75948407232408E-17,0.003375));
#8940=CARTESIAN_POINT('',(0.1755,-2.75948407232408E-17,0.006));
#8941=CARTESIAN_POINT('',(0.17325,0.01675,0.003375));
#8942=CARTESIAN_POINT('',(0.1755,0.01675,0.003375));
#8943=CARTESIAN_POINT('',(0.1755,0.01675,0.006));
#8944=CARTESIAN_POINT('',(0.17325,0.0335,0.003375));
#8945=CARTESIAN_POINT('',(0.1755,0.0335,0.003375));
#8946=CARTESIAN_POINT('',(0.1755,0.0335,0.006));
#8947=CARTESIAN_POINT('',(0.17325,0.0485,0.003375));
#8948=CARTESIAN_POINT('',(0.1755,0.0485,0.003375));
#8949=CARTESIAN_POINT('',(0.1755,0.0485,0.006));
#8950=CARTESIAN_POINT('',(0.170925,0.041875,0.003375));
#8951=CARTESIAN_POINT('',(0.086825,0.041875,0.003375));
#8952=CARTESIAN_POINT('',(0.086825,0.041875,0.00075));
#8953=CARTESIAN_POINT('',(0.170925,0.041875,0.003375));
#8954=CARTESIAN_POINT('',(0.103575,0.041875,0.003375));
#8955=CARTESIAN_POINT('',(0.103575,0.041875,0.00075));
#8956=CARTESIAN_POINT('',(0.102925,0.041875,0.003375));
#8957=CARTESIAN_POINT('',(0.102925,0.03925,0.003375));
#8958=CARTESIAN_POINT('',(0.170925,-0.041875,0.003375));
#8959=CARTESIAN_POINT('',(0.086825,-0.041875,0.003375));
#8960=CARTESIAN_POINT('',(0.086825,-0.041875,0.00075));
#8961=CARTESIAN_POINT('',(0.170925,-0.025125,0.003375));
#8962=CARTESIAN_POINT('',(0.086825,-0.025125,0.003375));
#8963=CARTESIAN_POINT('',(0.086825,-0.025125,0.00075));
#8964=CARTESIAN_POINT('',(0.170925,-0.041875,0.003375));
#8965=CARTESIAN_POINT('',(0.102925,-0.041875,0.003375));
#8966=CARTESIAN_POINT('',(0.102925,-0.0445,0.003375));
#8967=CARTESIAN_POINT('',(0.103575,-0.041875,0.003375));
#8968=CARTESIAN_POINT('',(0.103575,-0.041875,0.00075));
#8969=CARTESIAN_POINT('',(0.170925,0.025125,0.003375));
#8970=CARTESIAN_POINT('',(0.086825,0.025125,0.003375));
#8971=CARTESIAN_POINT('',(0.086825,0.025125,0.00075));
#8972=CARTESIAN_POINT('',(0.170925,0.008375,0.003375));
#8973=CARTESIAN_POINT('',(0.086825,0.008375,0.003375));
#8974=CARTESIAN_POINT('',(0.086825,0.008375,0.00075));
#8975=CARTESIAN_POINT('',(0.170925,-0.008375,0.003375));
#8976=CARTESIAN_POINT('',(0.086825,-0.008375,0.003375));
#8977=CARTESIAN_POINT('',(0.086825,-0.008375,0.00075));
#8978=CARTESIAN_POINT('',(0.170925,0.041875,0.003375));
#8979=CARTESIAN_POINT('',(0.119675,0.041875,0.003375));
#8980=CARTESIAN_POINT('',(0.119675,0.03925,0.003375));
#8981=CARTESIAN_POINT('',(0.120325,0.041875,0.003375));
#8982=CARTESIAN_POINT('',(0.120325,0.041875,0.00075));
#8983=CARTESIAN_POINT('',(0.170925,0.041875,0.003375));
#8984=CARTESIAN_POINT('',(0.136425,0.041875,0.003375));
#8985=CARTESIAN_POINT('',(0.136425,0.03925,0.003375));
#8986=CARTESIAN_POINT('',(0.137075,0.041875,0.003375));
#8987=CARTESIAN_POINT('',(0.137075,0.041875,0.00075));
#8988=CARTESIAN_POINT('',(0.170925,0.041875,0.003375));
#8989=CARTESIAN_POINT('',(0.153175,0.041875,0.003375));
#8990=CARTESIAN_POINT('',(0.153175,0.03925,0.003375));
#8991=CARTESIAN_POINT('',(0.153825,0.041875,0.003375));
#8992=CARTESIAN_POINT('',(0.153825,0.041875,0.00075));
#8993=CARTESIAN_POINT('',(0.170925,0.041875,0.003375));
#8994=CARTESIAN_POINT('',(0.169925,0.041875,0.003375));
#8995=CARTESIAN_POINT('',(0.169925,0.03925,0.003375));
#8996=CARTESIAN_POINT('',(0.170925,0.025125,0.003375));
#8997=CARTESIAN_POINT('',(0.136425,0.025125,0.003375));
#8998=CARTESIAN_POINT('',(0.136425,0.025125,0.006));
#8999=CARTESIAN_POINT('',(0.137075,0.025125,0.003375));
#9000=CARTESIAN_POINT('',(0.137075,0.025125,0.00075));
#9001=CARTESIAN_POINT('',(0.170925,-0.041875,0.003375));
#9002=CARTESIAN_POINT('',(0.153175,-0.041875,0.003375));
#9003=CARTESIAN_POINT('',(0.153175,-0.0445,0.003375));
#9004=CARTESIAN_POINT('',(0.153825,-0.041875,0.003375));
#9005=CARTESIAN_POINT('',(0.153825,-0.041875,0.00075));
#9006=CARTESIAN_POINT('',(0.170925,-0.041875,0.003375));
#9007=CARTESIAN_POINT('',(0.169925,-0.041875,0.003375));
#9008=CARTESIAN_POINT('',(0.169925,-0.0445,0.003375));
#9009=CARTESIAN_POINT('',(0.170925,-0.025125,0.003375));
#9010=CARTESIAN_POINT('',(0.169925,-0.025125,0.003375));
#9011=CARTESIAN_POINT('',(0.169925,-0.025125,0.006));
#9012=CARTESIAN_POINT('',(0.170925,-0.025125,0.003375));
#9013=CARTESIAN_POINT('',(0.153175,-0.025125,0.003375));
#9014=CARTESIAN_POINT('',(0.153175,-0.025125,0.006));
#9015=CARTESIAN_POINT('',(0.153825,-0.025125,0.003375));
#9016=CARTESIAN_POINT('',(0.153825,-0.025125,0.00075));
#9017=CARTESIAN_POINT('',(0.170925,0.008375,0.003375));
#9018=CARTESIAN_POINT('',(0.137075,0.008375,0.003375));
#9019=CARTESIAN_POINT('',(0.137075,0.008375,0.00075));
#9020=CARTESIAN_POINT('',(0.136425,0.008375,0.003375));
#9021=CARTESIAN_POINT('',(0.136425,0.008375,0.006));
#9022=CARTESIAN_POINT('',(0.170925,-0.008375,0.003375));
#9023=CARTESIAN_POINT('',(0.137075,-0.008375,0.003375));
#9024=CARTESIAN_POINT('',(0.137075,-0.008375,0.00075));
#9025=CARTESIAN_POINT('',(0.136425,-0.008375,0.003375));
#9026=CARTESIAN_POINT('',(0.136425,-0.008375,0.006));
#9027=CARTESIAN_POINT('',(0.170925,-0.025125,0.003375));
#9028=CARTESIAN_POINT('',(0.137075,-0.025125,0.003375));
#9029=CARTESIAN_POINT('',(0.137075,-0.025125,0.00075));
#9030=CARTESIAN_POINT('',(0.136425,-0.025125,0.003375));
#9031=CARTESIAN_POINT('',(0.136425,-0.025125,0.006));
#9032=CARTESIAN_POINT('',(0.170925,-0.041875,0.003375));
#9033=CARTESIAN_POINT('',(0.119675,-0.041875,0.003375));
#9034=CARTESIAN_POINT('',(0.119675,-0.0445,0.003375));
#9035=CARTESIAN_POINT('',(0.120325,-0.041875,0.003375));
#9036=CARTESIAN_POINT('',(0.120325,-0.041875,0.00075));
#9037=CARTESIAN_POINT('',(0.170925,-0.041875,0.003375));
#9038=CARTESIAN_POINT('',(0.137075,-0.041875,0.003375));
#9039=CARTESIAN_POINT('',(0.137075,-0.041875,0.00075));
#9040=CARTESIAN_POINT('',(0.136425,-0.041875,0.003375));
#9041=CARTESIAN_POINT('',(0.136425,-0.0445,0.003375));
#9042=CARTESIAN_POINT('',(0.170925,0.025125,0.003375));
#9043=CARTESIAN_POINT('',(0.120325,0.025125,0.003375));
#9044=CARTESIAN_POINT('',(0.120325,0.025125,0.00075));
#9045=CARTESIAN_POINT('',(0.119675,0.025125,0.003375));
#9046=CARTESIAN_POINT('',(0.119675,0.0225,0.003375));
#9047=CARTESIAN_POINT('',(0.170925,0.025125,0.003375));
#9048=CARTESIAN_POINT('',(0.102925,0.025125,0.003375));
#9049=CARTESIAN_POINT('',(0.102925,0.0225,0.003375));
#9050=CARTESIAN_POINT('',(0.103575,0.025125,0.003375));
#9051=CARTESIAN_POINT('',(0.103575,0.025125,0.00075));
#9052=CARTESIAN_POINT('',(0.170925,0.008375,0.003375));
#9053=CARTESIAN_POINT('',(0.102925,0.008375,0.003375));
#9054=CARTESIAN_POINT('',(0.102925,0.00575,0.003375));
#9055=CARTESIAN_POINT('',(0.103575,0.008375,0.003375));
#9056=CARTESIAN_POINT('',(0.103575,0.008375,0.00075));
#9057=CARTESIAN_POINT('',(0.170925,0.008375,0.003375));
#9058=CARTESIAN_POINT('',(0.120325,0.008375,0.003375));
#9059=CARTESIAN_POINT('',(0.120325,0.008375,0.00075));
#9060=CARTESIAN_POINT('',(0.119675,0.008375,0.003375));
#9061=CARTESIAN_POINT('',(0.119675,0.00575,0.003375));
#9062=CARTESIAN_POINT('',(0.170925,-0.008375,0.003375));
#9063=CARTESIAN_POINT('',(0.120325,-0.008375,0.003375));
#9064=CARTESIAN_POINT('',(0.120325,-0.008375,0.00075));
#9065=CARTESIAN_POINT('',(0.119675,-0.008375,0.003375));
#9066=CARTESIAN_POINT('',(0.119675,-0.011,0.003375));
#9067=CARTESIAN_POINT('',(0.170925,-0.008375,0.003375));
#9068=CARTESIAN_POINT('',(0.102925,-0.008375,0.003375));
#9069=CARTESIAN_POINT('',(0.102925,-0.011,0.003375));
#9070=CARTESIAN_POINT('',(0.103575,-0.008375,0.003375));
#9071=CARTESIAN_POINT('',(0.103575,-0.008375,0.00075));
#9072=CARTESIAN_POINT('',(0.170925,-0.025125,0.003375));
#9073=CARTESIAN_POINT('',(0.102925,-0.025125,0.003375));
#9074=CARTESIAN_POINT('',(0.102925,-0.02775,0.003375));
#9075=CARTESIAN_POINT('',(0.103575,-0.025125,0.003375));
#9076=CARTESIAN_POINT('',(0.103575,-0.025125,0.00075));
#9077=CARTESIAN_POINT('',(0.170925,-0.025125,0.003375));
#9078=CARTESIAN_POINT('',(0.120325,-0.025125,0.003375));
#9079=CARTESIAN_POINT('',(0.120325,-0.025125,0.00075));
#9080=CARTESIAN_POINT('',(0.119675,-0.025125,0.003375));
#9081=CARTESIAN_POINT('',(0.119675,-0.02775,0.003375));
#9082=CARTESIAN_POINT('',(0.170925,0.025125,0.003375));
#9083=CARTESIAN_POINT('',(0.169925,0.025125,0.003375));
#9084=CARTESIAN_POINT('',(0.169925,0.025125,0.006));
#9085=CARTESIAN_POINT('',(0.170925,0.025125,0.003375));
#9086=CARTESIAN_POINT('',(0.153175,0.025125,0.003375));
#9087=CARTESIAN_POINT('',(0.153175,0.025125,0.006));
#9088=CARTESIAN_POINT('',(0.153825,0.025125,0.003375));
#9089=CARTESIAN_POINT('',(0.153825,0.025125,0.00075));
#9090=CARTESIAN_POINT('',(0.170925,-0.008375,0.003375));
#9091=CARTESIAN_POINT('',(0.153175,-0.008375,0.003375));
#9092=CARTESIAN_POINT('',(0.153175,-0.008375,0.006));
#9093=CARTESIAN_POINT('',(0.153825,-0.008375,0.003375));
#9094=CARTESIAN_POINT('',(0.153825,-0.008375,0.00075));
#9095=CARTESIAN_POINT('',(0.170925,-0.008375,0.003375));
#9096=CARTESIAN_POINT('',(0.169925,-0.008375,0.003375));
#9097=CARTESIAN_POINT('',(0.169925,-0.008375,0.006));
#9098=CARTESIAN_POINT('',(0.170925,0.008375,0.003375));
#9099=CARTESIAN_POINT('',(0.169925,0.008375,0.003375));
#9100=CARTESIAN_POINT('',(0.169925,0.008375,0.006));
#9101=CARTESIAN_POINT('',(0.170925,0.008375,0.003375));
#9102=CARTESIAN_POINT('',(0.153175,0.008375,0.003375));
#9103=CARTESIAN_POINT('',(0.153175,0.008375,0.006));
#9104=CARTESIAN_POINT('',(0.153825,0.008375,0.003375));
#9105=CARTESIAN_POINT('',(0.153825,0.008375,0.00075));
#9106=CARTESIAN_POINT('',(0.1525,-0.05075,0.003375));
#9107=CARTESIAN_POINT('',(0.1525,-0.053,0.003375));
#9108=CARTESIAN_POINT('',(0.155125,-0.053,0.003375));
#9109=CARTESIAN_POINT('',(0.13725,-0.05075,0.003375));
#9110=CARTESIAN_POINT('',(0.13725,-0.053,0.003375));
#9111=CARTESIAN_POINT('',(0.139875,-0.053,0.003375));
#9112=CARTESIAN_POINT('',(0.122,-0.05075,0.003375));
#9113=CARTESIAN_POINT('',(0.122,-0.053,0.003375));
#9114=CARTESIAN_POINT('',(0.124625,-0.053,0.003375));
#9115=CARTESIAN_POINT('',(0.10675,-0.05075,0.003375));
#9116=CARTESIAN_POINT('',(0.10675,-0.053,0.003375));
#9117=CARTESIAN_POINT('',(0.109375,-0.053,0.003375));
#9118=CARTESIAN_POINT('',(0.0915,-0.05075,0.003375));
#9119=CARTESIAN_POINT('',(0.0915,-0.053,0.003375));
#9120=CARTESIAN_POINT('',(0.094125,-0.053,0.003375));
#9121=CARTESIAN_POINT('',(0.1525,0.05075,0.003375));
#9122=CARTESIAN_POINT('',(0.1525,0.053,0.003375));
#9123=CARTESIAN_POINT('',(0.155125,0.053,0.003375));
#9124=CARTESIAN_POINT('',(0.13725,0.05075,0.003375));
#9125=CARTESIAN_POINT('',(0.13725,0.053,0.003375));
#9126=CARTESIAN_POINT('',(0.139875,0.053,0.003375));
#9127=CARTESIAN_POINT('',(0.122,0.05075,0.003375));
#9128=CARTESIAN_POINT('',(0.122,0.053,0.003375));
#9129=CARTESIAN_POINT('',(0.124625,0.053,0.003375));
#9130=CARTESIAN_POINT('',(0.10675,0.05075,0.003375));
#9131=CARTESIAN_POINT('',(0.10675,0.053,0.003375));
#9132=CARTESIAN_POINT('',(0.109375,0.053,0.003375));
#9133=CARTESIAN_POINT('',(0.0915,0.05075,0.003375));
#9134=CARTESIAN_POINT('',(0.0915,0.053,0.003375));
#9135=CARTESIAN_POINT('',(0.094125,0.053,0.003375));
#9136=CARTESIAN_POINT('',(0.1755,1.38777878078145E-17,0.00675));
#9137=CARTESIAN_POINT('',(0.1755,-0.053,0.00675));
#9138=CARTESIAN_POINT('',(0.1755,-0.053,0.00675));
#9139=CARTESIAN_POINT('',(0.1755,-0.053,0.));
#9140=CARTESIAN_POINT('',(0.1755,1.38777878078145E-17,0.));
#9141=CARTESIAN_POINT('',(0.1755,0.053,0.));
#9142=CARTESIAN_POINT('',(0.1755,0.053,0.00675));
#9143=CARTESIAN_POINT('',(0.1755,0.053,0.00675));
#9144=CARTESIAN_POINT('',(0.1755,1.38777878078145E-17,0.00675));
#9145=CARTESIAN_POINT('',(0.105875,0.047625,0.01925));
#9146=CARTESIAN_POINT('',(0.103575,0.047625,0.01925));
#9147=CARTESIAN_POINT('',(0.103575,0.047625,0.00675));
#9148=CARTESIAN_POINT('',(0.103575,0.047625,0.));
#9149=CARTESIAN_POINT('',(0.105875,0.047625,0.));
#9150=CARTESIAN_POINT('',(0.105875,0.049925,0.));
#9151=CARTESIAN_POINT('',(0.105875,0.049925,0.01925));
#9152=CARTESIAN_POINT('',(0.105875,0.049925,0.00675));
#9153=CARTESIAN_POINT('',(0.105875,0.047625,0.00675));
#9154=CARTESIAN_POINT('',(0.111625,0.049925,0.01925));
#9155=CARTESIAN_POINT('',(0.,0.049925,0.));
#9156=CARTESIAN_POINT('',(0.117375,0.049925,0.));
#9157=CARTESIAN_POINT('',(0.117375,0.049925,0.01925));
#9158=CARTESIAN_POINT('',(0.117375,0.049925,0.00675));
#9159=CARTESIAN_POINT('',(0.,0.049925,0.00675));
#9160=CARTESIAN_POINT('',(0.117375,0.047625,0.01925));
#9161=CARTESIAN_POINT('',(0.117375,0.047625,0.));
#9162=CARTESIAN_POINT('',(0.119675,0.047625,0.));
#9163=CARTESIAN_POINT('',(0.119675,0.047625,0.01925));
#9164=CARTESIAN_POINT('',(0.119675,0.047625,0.00675));
#9165=CARTESIAN_POINT('',(0.117375,0.047625,0.00675));
#9166=CARTESIAN_POINT('',(0.119675,0.041875,0.01925));
#9167=CARTESIAN_POINT('',(0.119675,2.07361010083215E-16,0.));
#9168=CARTESIAN_POINT('',(0.119675,0.036125,0.));
#9169=CARTESIAN_POINT('',(0.119675,0.036125,0.01925));
#9170=CARTESIAN_POINT('',(0.119675,0.036125,0.00675));
#9171=CARTESIAN_POINT('',(0.119675,2.07361010083215E-16,0.00675));
#9172=CARTESIAN_POINT('',(0.117375,0.036125,0.01925));
#9173=CARTESIAN_POINT('',(0.117375,0.036125,0.));
#9174=CARTESIAN_POINT('',(0.117375,0.033825,0.));
#9175=CARTESIAN_POINT('',(0.117375,0.033825,0.01925));
#9176=CARTESIAN_POINT('',(0.117375,0.033825,0.00675));
#9177=CARTESIAN_POINT('',(0.117375,0.036125,0.00675));
#9178=CARTESIAN_POINT('',(0.111625,0.033825,0.01925));
#9179=CARTESIAN_POINT('',(0.,0.033825,0.));
#9180=CARTESIAN_POINT('',(0.105875,0.033825,0.));
#9181=CARTESIAN_POINT('',(0.105875,0.033825,0.01925));
#9182=CARTESIAN_POINT('',(0.105875,0.033825,0.00675));
#9183=CARTESIAN_POINT('',(0.,0.033825,0.00675));
#9184=CARTESIAN_POINT('',(0.105875,0.036125,0.01925));
#9185=CARTESIAN_POINT('',(0.105875,0.036125,0.));
#9186=CARTESIAN_POINT('',(0.103575,0.036125,0.));
#9187=CARTESIAN_POINT('',(0.103575,0.036125,0.01925));
#9188=CARTESIAN_POINT('',(0.103575,0.036125,0.00675));
#9189=CARTESIAN_POINT('',(0.105875,0.036125,0.00675));
#9190=CARTESIAN_POINT('',(0.103575,0.041875,0.01925));
#9191=CARTESIAN_POINT('',(0.103575,-6.93889390390723E-18,0.));
#9192=CARTESIAN_POINT('',(0.103575,-6.93889390390723E-18,0.00675));
#9193=CARTESIAN_POINT('',(0.100625,0.036125,0.01925));
#9194=CARTESIAN_POINT('',(0.102925,0.036125,0.01925));
#9195=CARTESIAN_POINT('',(0.102925,0.036125,0.00675));
#9196=CARTESIAN_POINT('',(0.102925,0.036125,0.));
#9197=CARTESIAN_POINT('',(0.100625,0.036125,0.));
#9198=CARTESIAN_POINT('',(0.100625,0.033825,0.));
#9199=CARTESIAN_POINT('',(0.100625,0.033825,0.01925));
#9200=CARTESIAN_POINT('',(0.100625,0.033825,0.00675));
#9201=CARTESIAN_POINT('',(0.100625,0.036125,0.00675));
#9202=CARTESIAN_POINT('',(0.094875,0.033825,0.01925));
#9203=CARTESIAN_POINT('',(0.,0.033825,0.));
#9204=CARTESIAN_POINT('',(0.089125,0.033825,0.));
#9205=CARTESIAN_POINT('',(0.089125,0.033825,0.01925));
#9206=CARTESIAN_POINT('',(0.089125,0.033825,0.00675));
#9207=CARTESIAN_POINT('',(0.,0.033825,0.00675));
#9208=CARTESIAN_POINT('',(0.089125,0.036125,0.01925));
#9209=CARTESIAN_POINT('',(0.089125,0.036125,0.));
#9210=CARTESIAN_POINT('',(0.086825,0.036125,0.));
#9211=CARTESIAN_POINT('',(0.086825,0.036125,0.01925));
#9212=CARTESIAN_POINT('',(0.086825,0.036125,0.00675));
#9213=CARTESIAN_POINT('',(0.089125,0.036125,0.00675));
#9214=CARTESIAN_POINT('',(0.086825,0.041875,0.01925));
#9215=CARTESIAN_POINT('',(0.086825,-6.93889390390723E-18,0.));
#9216=CARTESIAN_POINT('',(0.086825,0.047625,0.));
#9217=CARTESIAN_POINT('',(0.086825,0.047625,0.01925));
#9218=CARTESIAN_POINT('',(0.086825,0.047625,0.00675));
#9219=CARTESIAN_POINT('',(0.086825,-6.93889390390723E-18,0.00675));
#9220=CARTESIAN_POINT('',(0.089125,0.047625,0.01925));
#9221=CARTESIAN_POINT('',(0.089125,0.047625,0.));
#9222=CARTESIAN_POINT('',(0.089125,0.049925,0.));
#9223=CARTESIAN_POINT('',(0.089125,0.049925,0.01925));
#9224=CARTESIAN_POINT('',(0.089125,0.049925,0.00675));
#9225=CARTESIAN_POINT('',(0.089125,0.047625,0.00675));
#9226=CARTESIAN_POINT('',(0.094875,0.049925,0.01925));
#9227=CARTESIAN_POINT('',(0.,0.049925,0.));
#9228=CARTESIAN_POINT('',(0.100625,0.049925,0.));
#9229=CARTESIAN_POINT('',(0.100625,0.049925,0.01925));
#9230=CARTESIAN_POINT('',(0.100625,0.049925,0.00675));
#9231=CARTESIAN_POINT('',(0.,0.049925,0.00675));
#9232=CARTESIAN_POINT('',(0.100625,0.047625,0.01925));
#9233=CARTESIAN_POINT('',(0.100625,0.047625,0.));
#9234=CARTESIAN_POINT('',(0.102925,0.047625,0.));
#9235=CARTESIAN_POINT('',(0.102925,0.047625,0.01925));
#9236=CARTESIAN_POINT('',(0.102925,0.047625,0.00675));
#9237=CARTESIAN_POINT('',(0.100625,0.047625,0.00675));
#9238=CARTESIAN_POINT('',(0.102925,0.041875,0.01925));
#9239=CARTESIAN_POINT('',(0.102925,1.77367081595358E-16,0.));
#9240=CARTESIAN_POINT('',(0.102925,1.77367081595358E-16,0.00675));
#9241=CARTESIAN_POINT('',(0.100625,-0.047625,0.01925));
#9242=CARTESIAN_POINT('',(0.102925,-0.047625,0.01925));
#9243=CARTESIAN_POINT('',(0.102925,-0.047625,0.00675));
#9244=CARTESIAN_POINT('',(0.102925,-0.047625,0.));
#9245=CARTESIAN_POINT('',(0.100625,-0.047625,0.));
#9246=CARTESIAN_POINT('',(0.100625,-0.049925,0.));
#9247=CARTESIAN_POINT('',(0.100625,-0.049925,0.01925));
#9248=CARTESIAN_POINT('',(0.100625,-0.049925,0.00675));
#9249=CARTESIAN_POINT('',(0.100625,-0.047625,0.00675));
#9250=CARTESIAN_POINT('',(0.094875,-0.049925,0.01925));
#9251=CARTESIAN_POINT('',(0.,-0.049925,0.));
#9252=CARTESIAN_POINT('',(0.089125,-0.049925,0.));
#9253=CARTESIAN_POINT('',(0.089125,-0.049925,0.01925));
#9254=CARTESIAN_POINT('',(0.089125,-0.049925,0.00675));
#9255=CARTESIAN_POINT('',(0.,-0.049925,0.00675));
#9256=CARTESIAN_POINT('',(0.089125,-0.047625,0.01925));
#9257=CARTESIAN_POINT('',(0.089125,-0.047625,0.));
#9258=CARTESIAN_POINT('',(0.086825,-0.047625,0.));
#9259=CARTESIAN_POINT('',(0.086825,-0.047625,0.01925));
#9260=CARTESIAN_POINT('',(0.086825,-0.047625,0.00675));
#9261=CARTESIAN_POINT('',(0.089125,-0.047625,0.00675));
#9262=CARTESIAN_POINT('',(0.086825,-0.041875,0.01925));
#9263=CARTESIAN_POINT('',(0.086825,-6.93889390390723E-18,0.));
#9264=CARTESIAN_POINT('',(0.086825,-0.036125,0.));
#9265=CARTESIAN_POINT('',(0.086825,-0.036125,0.01925));
#9266=CARTESIAN_POINT('',(0.086825,-0.036125,0.00675));
#9267=CARTESIAN_POINT('',(0.086825,-6.93889390390723E-18,0.00675));
#9268=CARTESIAN_POINT('',(0.089125,-0.036125,0.01925));
#9269=CARTESIAN_POINT('',(0.089125,-0.036125,0.));
#9270=CARTESIAN_POINT('',(0.089125,-0.033825,0.));
#9271=CARTESIAN_POINT('',(0.089125,-0.033825,0.01925));
#9272=CARTESIAN_POINT('',(0.089125,-0.033825,0.00675));
#9273=CARTESIAN_POINT('',(0.089125,-0.036125,0.00675));
#9274=CARTESIAN_POINT('',(0.094875,-0.033825,0.01925));
#9275=CARTESIAN_POINT('',(0.,-0.033825,0.));
#9276=CARTESIAN_POINT('',(0.100625,-0.033825,0.));
#9277=CARTESIAN_POINT('',(0.100625,-0.033825,0.01925));
#9278=CARTESIAN_POINT('',(0.100625,-0.033825,0.00675));
#9279=CARTESIAN_POINT('',(0.,-0.033825,0.00675));
#9280=CARTESIAN_POINT('',(0.100625,-0.036125,0.01925));
#9281=CARTESIAN_POINT('',(0.100625,-0.036125,0.));
#9282=CARTESIAN_POINT('',(0.102925,-0.036125,0.));
#9283=CARTESIAN_POINT('',(0.102925,-0.036125,0.01925));
#9284=CARTESIAN_POINT('',(0.102925,-0.036125,0.00675));
#9285=CARTESIAN_POINT('',(0.100625,-0.036125,0.00675));
#9286=CARTESIAN_POINT('',(0.102925,-0.041875,0.01925));
#9287=CARTESIAN_POINT('',(0.102925,1.77367081595357E-16,0.));
#9288=CARTESIAN_POINT('',(0.102925,1.77367081595357E-16,0.00675));
#9289=CARTESIAN_POINT('',(0.089125,-0.019375,0.01925));
#9290=CARTESIAN_POINT('',(0.086825,-0.019375,0.01925));
#9291=CARTESIAN_POINT('',(0.086825,-0.019375,0.00675));
#9292=CARTESIAN_POINT('',(0.086825,-0.019375,0.));
#9293=CARTESIAN_POINT('',(0.089125,-0.019375,0.));
#9294=CARTESIAN_POINT('',(0.089125,-0.017075,0.));
#9295=CARTESIAN_POINT('',(0.089125,-0.017075,0.01925));
#9296=CARTESIAN_POINT('',(0.089125,-0.017075,0.00675));
#9297=CARTESIAN_POINT('',(0.089125,-0.019375,0.00675));
#9298=CARTESIAN_POINT('',(0.094875,-0.017075,0.01925));
#9299=CARTESIAN_POINT('',(0.,-0.017075,0.));
#9300=CARTESIAN_POINT('',(0.100625,-0.017075,0.));
#9301=CARTESIAN_POINT('',(0.100625,-0.017075,0.01925));
#9302=CARTESIAN_POINT('',(0.100625,-0.017075,0.00675));
#9303=CARTESIAN_POINT('',(0.,-0.017075,0.00675));
#9304=CARTESIAN_POINT('',(0.100625,-0.019375,0.01925));
#9305=CARTESIAN_POINT('',(0.100625,-0.019375,0.));
#9306=CARTESIAN_POINT('',(0.102925,-0.019375,0.));
#9307=CARTESIAN_POINT('',(0.102925,-0.019375,0.01925));
#9308=CARTESIAN_POINT('',(0.102925,-0.019375,0.00675));
#9309=CARTESIAN_POINT('',(0.100625,-0.019375,0.00675));
#9310=CARTESIAN_POINT('',(0.102925,-0.025125,0.01925));
#9311=CARTESIAN_POINT('',(0.102925,1.77367081595357E-16,0.));
#9312=CARTESIAN_POINT('',(0.102925,-0.030875,0.));
#9313=CARTESIAN_POINT('',(0.102925,-0.030875,0.01925));
#9314=CARTESIAN_POINT('',(0.102925,-0.030875,0.00675));
#9315=CARTESIAN_POINT('',(0.102925,1.77367081595357E-16,0.00675));
#9316=CARTESIAN_POINT('',(0.100625,-0.030875,0.01925));
#9317=CARTESIAN_POINT('',(0.100625,-0.030875,0.));
#9318=CARTESIAN_POINT('',(0.100625,-0.033175,0.));
#9319=CARTESIAN_POINT('',(0.100625,-0.033175,0.01925));
#9320=CARTESIAN_POINT('',(0.100625,-0.033175,0.00675));
#9321=CARTESIAN_POINT('',(0.100625,-0.030875,0.00675));
#9322=CARTESIAN_POINT('',(0.094875,-0.033175,0.01925));
#9323=CARTESIAN_POINT('',(0.,-0.033175,0.));
#9324=CARTESIAN_POINT('',(0.089125,-0.033175,0.));
#9325=CARTESIAN_POINT('',(0.089125,-0.033175,0.01925));
#9326=CARTESIAN_POINT('',(0.089125,-0.033175,0.00675));
#9327=CARTESIAN_POINT('',(0.,-0.033175,0.00675));
#9328=CARTESIAN_POINT('',(0.089125,-0.030875,0.01925));
#9329=CARTESIAN_POINT('',(0.089125,-0.030875,0.));
#9330=CARTESIAN_POINT('',(0.086825,-0.030875,0.));
#9331=CARTESIAN_POINT('',(0.086825,-0.030875,0.01925));
#9332=CARTESIAN_POINT('',(0.086825,-0.030875,0.00675));
#9333=CARTESIAN_POINT('',(0.089125,-0.030875,0.00675));
#9334=CARTESIAN_POINT('',(0.086825,-0.025125,0.01925));
#9335=CARTESIAN_POINT('',(0.086825,-6.93889390390723E-18,0.));
#9336=CARTESIAN_POINT('',(0.086825,-6.93889390390723E-18,0.00675));
#9337=CARTESIAN_POINT('',(0.105875,-0.036125,0.01925));
#9338=CARTESIAN_POINT('',(0.103575,-0.036125,0.01925));
#9339=CARTESIAN_POINT('',(0.103575,-0.036125,0.00675));
#9340=CARTESIAN_POINT('',(0.103575,-0.036125,0.));
#9341=CARTESIAN_POINT('',(0.105875,-0.036125,0.));
#9342=CARTESIAN_POINT('',(0.105875,-0.033825,0.));
#9343=CARTESIAN_POINT('',(0.105875,-0.033825,0.01925));
#9344=CARTESIAN_POINT('',(0.105875,-0.033825,0.00675));
#9345=CARTESIAN_POINT('',(0.105875,-0.036125,0.00675));
#9346=CARTESIAN_POINT('',(0.111625,-0.033825,0.01925));
#9347=CARTESIAN_POINT('',(0.,-0.033825,0.));
#9348=CARTESIAN_POINT('',(0.117375,-0.033825,0.));
#9349=CARTESIAN_POINT('',(0.117375,-0.033825,0.01925));
#9350=CARTESIAN_POINT('',(0.117375,-0.033825,0.00675));
#9351=CARTESIAN_POINT('',(0.,-0.033825,0.00675));
#9352=CARTESIAN_POINT('',(0.117375,-0.036125,0.01925));
#9353=CARTESIAN_POINT('',(0.117375,-0.036125,0.));
#9354=CARTESIAN_POINT('',(0.119675,-0.036125,0.));
#9355=CARTESIAN_POINT('',(0.119675,-0.036125,0.01925));
#9356=CARTESIAN_POINT('',(0.119675,-0.036125,0.00675));
#9357=CARTESIAN_POINT('',(0.117375,-0.036125,0.00675));
#9358=CARTESIAN_POINT('',(0.119675,-0.041875,0.01925));
#9359=CARTESIAN_POINT('',(0.119675,2.07361010083214E-16,0.));
#9360=CARTESIAN_POINT('',(0.119675,-0.047625,0.));
#9361=CARTESIAN_POINT('',(0.119675,-0.047625,0.01925));
#9362=CARTESIAN_POINT('',(0.119675,-0.047625,0.00675));
#9363=CARTESIAN_POINT('',(0.119675,2.07361010083214E-16,0.00675));
#9364=CARTESIAN_POINT('',(0.117375,-0.047625,0.01925));
#9365=CARTESIAN_POINT('',(0.117375,-0.047625,0.));
#9366=CARTESIAN_POINT('',(0.117375,-0.049925,0.));
#9367=CARTESIAN_POINT('',(0.117375,-0.049925,0.01925));
#9368=CARTESIAN_POINT('',(0.117375,-0.049925,0.00675));
#9369=CARTESIAN_POINT('',(0.117375,-0.047625,0.00675));
#9370=CARTESIAN_POINT('',(0.111625,-0.049925,0.01925));
#9371=CARTESIAN_POINT('',(0.,-0.049925,0.));
#9372=CARTESIAN_POINT('',(0.105875,-0.049925,0.));
#9373=CARTESIAN_POINT('',(0.105875,-0.049925,0.01925));
#9374=CARTESIAN_POINT('',(0.105875,-0.049925,0.00675));
#9375=CARTESIAN_POINT('',(0.,-0.049925,0.00675));
#9376=CARTESIAN_POINT('',(0.105875,-0.047625,0.01925));
#9377=CARTESIAN_POINT('',(0.105875,-0.047625,0.));
#9378=CARTESIAN_POINT('',(0.103575,-0.047625,0.));
#9379=CARTESIAN_POINT('',(0.103575,-0.047625,0.01925));
#9380=CARTESIAN_POINT('',(0.103575,-0.047625,0.00675));
#9381=CARTESIAN_POINT('',(0.105875,-0.047625,0.00675));
#9382=CARTESIAN_POINT('',(0.103575,-0.041875,0.01925));
#9383=CARTESIAN_POINT('',(0.103575,-6.93889390390723E-18,0.));
#9384=CARTESIAN_POINT('',(0.103575,-6.93889390390723E-18,0.00675));
#9385=CARTESIAN_POINT('',(0.100625,0.019375,0.01925));
#9386=CARTESIAN_POINT('',(0.102925,0.019375,0.01925));
#9387=CARTESIAN_POINT('',(0.102925,0.019375,0.00675));
#9388=CARTESIAN_POINT('',(0.102925,0.019375,0.));
#9389=CARTESIAN_POINT('',(0.100625,0.019375,0.));
#9390=CARTESIAN_POINT('',(0.100625,0.017075,0.));
#9391=CARTESIAN_POINT('',(0.100625,0.017075,0.01925));
#9392=CARTESIAN_POINT('',(0.100625,0.017075,0.00675));
#9393=CARTESIAN_POINT('',(0.100625,0.019375,0.00675));
#9394=CARTESIAN_POINT('',(0.094875,0.017075,0.01925));
#9395=CARTESIAN_POINT('',(0.,0.017075,0.));
#9396=CARTESIAN_POINT('',(0.089125,0.017075,0.));
#9397=CARTESIAN_POINT('',(0.089125,0.017075,0.01925));
#9398=CARTESIAN_POINT('',(0.089125,0.017075,0.00675));
#9399=CARTESIAN_POINT('',(0.,0.017075,0.00675));
#9400=CARTESIAN_POINT('',(0.089125,0.019375,0.01925));
#9401=CARTESIAN_POINT('',(0.089125,0.019375,0.));
#9402=CARTESIAN_POINT('',(0.086825,0.019375,0.));
#9403=CARTESIAN_POINT('',(0.086825,0.019375,0.01925));
#9404=CARTESIAN_POINT('',(0.086825,0.019375,0.00675));
#9405=CARTESIAN_POINT('',(0.089125,0.019375,0.00675));
#9406=CARTESIAN_POINT('',(0.086825,0.025125,0.01925));
#9407=CARTESIAN_POINT('',(0.086825,-6.93889390390723E-18,0.));
#9408=CARTESIAN_POINT('',(0.086825,0.030875,0.));
#9409=CARTESIAN_POINT('',(0.086825,0.030875,0.01925));
#9410=CARTESIAN_POINT('',(0.086825,0.030875,0.00675));
#9411=CARTESIAN_POINT('',(0.086825,-6.93889390390723E-18,0.00675));
#9412=CARTESIAN_POINT('',(0.089125,0.030875,0.01925));
#9413=CARTESIAN_POINT('',(0.089125,0.030875,0.));
#9414=CARTESIAN_POINT('',(0.089125,0.033175,0.));
#9415=CARTESIAN_POINT('',(0.089125,0.033175,0.01925));
#9416=CARTESIAN_POINT('',(0.089125,0.033175,0.00675));
#9417=CARTESIAN_POINT('',(0.089125,0.030875,0.00675));
#9418=CARTESIAN_POINT('',(0.094875,0.033175,0.01925));
#9419=CARTESIAN_POINT('',(0.,0.033175,0.));
#9420=CARTESIAN_POINT('',(0.100625,0.033175,0.));
#9421=CARTESIAN_POINT('',(0.100625,0.033175,0.01925));
#9422=CARTESIAN_POINT('',(0.100625,0.033175,0.00675));
#9423=CARTESIAN_POINT('',(0.,0.033175,0.00675));
#9424=CARTESIAN_POINT('',(0.100625,0.030875,0.01925));
#9425=CARTESIAN_POINT('',(0.100625,0.030875,0.));
#9426=CARTESIAN_POINT('',(0.102925,0.030875,0.));
#9427=CARTESIAN_POINT('',(0.102925,0.030875,0.01925));
#9428=CARTESIAN_POINT('',(0.102925,0.030875,0.00675));
#9429=CARTESIAN_POINT('',(0.100625,0.030875,0.00675));
#9430=CARTESIAN_POINT('',(0.102925,0.025125,0.01925));
#9431=CARTESIAN_POINT('',(0.102925,1.77367081595358E-16,0.));
#9432=CARTESIAN_POINT('',(0.102925,1.77367081595358E-16,0.00675));
#9433=CARTESIAN_POINT('',(0.089125,0.014125,0.01925));
#9434=CARTESIAN_POINT('',(0.086825,0.014125,0.01925));
#9435=CARTESIAN_POINT('',(0.086825,0.014125,0.00675));
#9436=CARTESIAN_POINT('',(0.086825,0.014125,0.));
#9437=CARTESIAN_POINT('',(0.089125,0.014125,0.));
#9438=CARTESIAN_POINT('',(0.089125,0.016425,0.));
#9439=CARTESIAN_POINT('',(0.089125,0.016425,0.01925));
#9440=CARTESIAN_POINT('',(0.089125,0.016425,0.00675));
#9441=CARTESIAN_POINT('',(0.089125,0.014125,0.00675));
#9442=CARTESIAN_POINT('',(0.094875,0.016425,0.01925));
#9443=CARTESIAN_POINT('',(0.,0.016425,0.));
#9444=CARTESIAN_POINT('',(0.100625,0.016425,0.));
#9445=CARTESIAN_POINT('',(0.100625,0.016425,0.01925));
#9446=CARTESIAN_POINT('',(0.100625,0.016425,0.00675));
#9447=CARTESIAN_POINT('',(0.,0.016425,0.00675));
#9448=CARTESIAN_POINT('',(0.100625,0.014125,0.01925));
#9449=CARTESIAN_POINT('',(0.100625,0.014125,0.));
#9450=CARTESIAN_POINT('',(0.102925,0.014125,0.));
#9451=CARTESIAN_POINT('',(0.102925,0.014125,0.01925));
#9452=CARTESIAN_POINT('',(0.102925,0.014125,0.00675));
#9453=CARTESIAN_POINT('',(0.100625,0.014125,0.00675));
#9454=CARTESIAN_POINT('',(0.102925,0.008375,0.01925));
#9455=CARTESIAN_POINT('',(0.102925,1.77367081595358E-16,0.));
#9456=CARTESIAN_POINT('',(0.102925,0.00262499999999997,0.));
#9457=CARTESIAN_POINT('',(0.102925,0.00262499999999997,0.01925));
#9458=CARTESIAN_POINT('',(0.102925,0.00262499999999997,0.00675));
#9459=CARTESIAN_POINT('',(0.102925,1.77367081595358E-16,0.00675));
#9460=CARTESIAN_POINT('',(0.100625,0.00262499999999996,0.01925));
#9461=CARTESIAN_POINT('',(0.100625,0.00262499999999996,0.));
#9462=CARTESIAN_POINT('',(0.100625,0.000324999999999959,0.));
#9463=CARTESIAN_POINT('',(0.100625,0.000324999999999959,0.01925));
#9464=CARTESIAN_POINT('',(0.100625,0.000324999999999959,0.00675));
#9465=CARTESIAN_POINT('',(0.100625,0.00262499999999996,0.00675));
#9466=CARTESIAN_POINT('',(0.094875,0.000324999999999959,0.01925));
#9467=CARTESIAN_POINT('',(0.,0.000324999999999959,0.));
#9468=CARTESIAN_POINT('',(0.089125,0.000324999999999959,0.));
#9469=CARTESIAN_POINT('',(0.089125,0.000324999999999959,0.01925));
#9470=CARTESIAN_POINT('',(0.089125,0.000324999999999959,0.00675));
#9471=CARTESIAN_POINT('',(0.,0.000324999999999959,0.00675));
#9472=CARTESIAN_POINT('',(0.089125,0.00262499999999996,0.01925));
#9473=CARTESIAN_POINT('',(0.089125,0.00262499999999996,0.));
#9474=CARTESIAN_POINT('',(0.086825,0.00262499999999996,0.));
#9475=CARTESIAN_POINT('',(0.086825,0.00262499999999996,0.01925));
#9476=CARTESIAN_POINT('',(0.086825,0.00262499999999996,0.00675));
#9477=CARTESIAN_POINT('',(0.089125,0.00262499999999996,0.00675));
#9478=CARTESIAN_POINT('',(0.086825,0.008375,0.01925));
#9479=CARTESIAN_POINT('',(0.086825,-6.93889390390723E-18,0.));
#9480=CARTESIAN_POINT('',(0.086825,-6.93889390390723E-18,0.00675));
#9481=CARTESIAN_POINT('',(0.100625,-0.014125,0.01925));
#9482=CARTESIAN_POINT('',(0.102925,-0.014125,0.01925));
#9483=CARTESIAN_POINT('',(0.102925,-0.014125,0.00675));
#9484=CARTESIAN_POINT('',(0.102925,-0.014125,0.));
#9485=CARTESIAN_POINT('',(0.100625,-0.014125,0.));
#9486=CARTESIAN_POINT('',(0.100625,-0.016425,0.));
#9487=CARTESIAN_POINT('',(0.100625,-0.016425,0.01925));
#9488=CARTESIAN_POINT('',(0.100625,-0.016425,0.00675));
#9489=CARTESIAN_POINT('',(0.100625,-0.014125,0.00675));
#9490=CARTESIAN_POINT('',(0.094875,-0.016425,0.01925));
#9491=CARTESIAN_POINT('',(0.,-0.016425,0.));
#9492=CARTESIAN_POINT('',(0.089125,-0.016425,0.));
#9493=CARTESIAN_POINT('',(0.089125,-0.016425,0.01925));
#9494=CARTESIAN_POINT('',(0.089125,-0.016425,0.00675));
#9495=CARTESIAN_POINT('',(0.,-0.016425,0.00675));
#9496=CARTESIAN_POINT('',(0.089125,-0.014125,0.01925));
#9497=CARTESIAN_POINT('',(0.089125,-0.014125,0.));
#9498=CARTESIAN_POINT('',(0.086825,-0.014125,0.));
#9499=CARTESIAN_POINT('',(0.086825,-0.014125,0.01925));
#9500=CARTESIAN_POINT('',(0.086825,-0.014125,0.00675));
#9501=CARTESIAN_POINT('',(0.089125,-0.014125,0.00675));
#9502=CARTESIAN_POINT('',(0.086825,-0.008375,0.01925));
#9503=CARTESIAN_POINT('',(0.086825,-6.93889390390723E-18,0.));
#9504=CARTESIAN_POINT('',(0.086825,-0.00262500000000004,0.));
#9505=CARTESIAN_POINT('',(0.086825,-0.00262500000000004,0.01925));
#9506=CARTESIAN_POINT('',(0.086825,-0.00262500000000004,0.00675));
#9507=CARTESIAN_POINT('',(0.086825,-6.93889390390723E-18,0.00675));
#9508=CARTESIAN_POINT('',(0.089125,-0.00262500000000004,0.01925));
#9509=CARTESIAN_POINT('',(0.089125,-0.00262500000000004,0.));
#9510=CARTESIAN_POINT('',(0.089125,-0.000325000000000035,0.));
#9511=CARTESIAN_POINT('',(0.089125,-0.000325000000000035,0.01925));
#9512=CARTESIAN_POINT('',(0.089125,-0.000325000000000035,0.00675));
#9513=CARTESIAN_POINT('',(0.089125,-0.00262500000000004,0.00675));
#9514=CARTESIAN_POINT('',(0.094875,-0.000325000000000035,0.01925));
#9515=CARTESIAN_POINT('',(0.,-0.000325000000000035,0.));
#9516=CARTESIAN_POINT('',(0.100625,-0.000325000000000035,0.));
#9517=CARTESIAN_POINT('',(0.100625,-0.000325000000000035,0.01925));
#9518=CARTESIAN_POINT('',(0.100625,-0.000325000000000035,0.00675));
#9519=CARTESIAN_POINT('',(0.,-0.000325000000000035,0.00675));
#9520=CARTESIAN_POINT('',(0.100625,-0.00262500000000004,0.01925));
#9521=CARTESIAN_POINT('',(0.100625,-0.00262500000000004,0.));
#9522=CARTESIAN_POINT('',(0.102925,-0.002625,0.));
#9523=CARTESIAN_POINT('',(0.102925,-0.002625,0.01925));
#9524=CARTESIAN_POINT('',(0.102925,-0.002625,0.00675));
#9525=CARTESIAN_POINT('',(0.100625,-0.00262500000000004,0.00675));
#9526=CARTESIAN_POINT('',(0.102925,-0.008375,0.01925));
#9527=CARTESIAN_POINT('',(0.102925,1.77367081595357E-16,0.));
#9528=CARTESIAN_POINT('',(0.102925,1.77367081595357E-16,0.00675));
#9529=CARTESIAN_POINT('',(0.122625,0.036125,0.01925));
#9530=CARTESIAN_POINT('',(0.122625,0.033825,0.01925));
#9531=CARTESIAN_POINT('',(0.122625,0.033825,0.00675));
#9532=CARTESIAN_POINT('',(0.122625,0.033825,0.));
#9533=CARTESIAN_POINT('',(0.122625,0.036125,0.));
#9534=CARTESIAN_POINT('',(0.120325,0.036125,0.));
#9535=CARTESIAN_POINT('',(0.120325,0.036125,0.01925));
#9536=CARTESIAN_POINT('',(0.120325,0.036125,0.00675));
#9537=CARTESIAN_POINT('',(0.122625,0.036125,0.00675));
#9538=CARTESIAN_POINT('',(0.120325,0.041875,0.01925));
#9539=CARTESIAN_POINT('',(0.120325,-6.93889390390723E-18,0.));
#9540=CARTESIAN_POINT('',(0.120325,0.047625,0.));
#9541=CARTESIAN_POINT('',(0.120325,0.047625,0.01925));
#9542=CARTESIAN_POINT('',(0.120325,0.047625,0.00675));
#9543=CARTESIAN_POINT('',(0.120325,-6.93889390390723E-18,0.00675));
#9544=CARTESIAN_POINT('',(0.122625,0.047625,0.01925));
#9545=CARTESIAN_POINT('',(0.122625,0.047625,0.));
#9546=CARTESIAN_POINT('',(0.122625,0.049925,0.));
#9547=CARTESIAN_POINT('',(0.122625,0.049925,0.01925));
#9548=CARTESIAN_POINT('',(0.122625,0.049925,0.00675));
#9549=CARTESIAN_POINT('',(0.122625,0.047625,0.00675));
#9550=CARTESIAN_POINT('',(0.128375,0.049925,0.01925));
#9551=CARTESIAN_POINT('',(0.,0.049925,0.));
#9552=CARTESIAN_POINT('',(0.134125,0.049925,0.));
#9553=CARTESIAN_POINT('',(0.134125,0.049925,0.01925));
#9554=CARTESIAN_POINT('',(0.134125,0.049925,0.00675));
#9555=CARTESIAN_POINT('',(0.,0.049925,0.00675));
#9556=CARTESIAN_POINT('',(0.134125,0.047625,0.01925));
#9557=CARTESIAN_POINT('',(0.134125,0.047625,0.));
#9558=CARTESIAN_POINT('',(0.136425,0.047625,0.));
#9559=CARTESIAN_POINT('',(0.136425,0.047625,0.01925));
#9560=CARTESIAN_POINT('',(0.136425,0.047625,0.00675));
#9561=CARTESIAN_POINT('',(0.134125,0.047625,0.00675));
#9562=CARTESIAN_POINT('',(0.136425,0.041875,0.01925));
#9563=CARTESIAN_POINT('',(0.136425,4.81648771046051E-16,0.));
#9564=CARTESIAN_POINT('',(0.136425,0.036125,0.));
#9565=CARTESIAN_POINT('',(0.136425,0.036125,0.01925));
#9566=CARTESIAN_POINT('',(0.136425,0.036125,0.00675));
#9567=CARTESIAN_POINT('',(0.136425,4.81648771046051E-16,0.00675));
#9568=CARTESIAN_POINT('',(0.134125,0.036125,0.01925));
#9569=CARTESIAN_POINT('',(0.134125,0.036125,0.));
#9570=CARTESIAN_POINT('',(0.134125,0.033825,0.));
#9571=CARTESIAN_POINT('',(0.134125,0.033825,0.01925));
#9572=CARTESIAN_POINT('',(0.134125,0.033825,0.00675));
#9573=CARTESIAN_POINT('',(0.134125,0.036125,0.00675));
#9574=CARTESIAN_POINT('',(0.128375,0.033825,0.01925));
#9575=CARTESIAN_POINT('',(0.,0.033825,0.));
#9576=CARTESIAN_POINT('',(0.,0.033825,0.00675));
#9577=CARTESIAN_POINT('',(0.139375,0.047625,0.01925));
#9578=CARTESIAN_POINT('',(0.137075,0.047625,0.01925));
#9579=CARTESIAN_POINT('',(0.137075,0.047625,0.00675));
#9580=CARTESIAN_POINT('',(0.137075,0.047625,0.));
#9581=CARTESIAN_POINT('',(0.139375,0.047625,0.));
#9582=CARTESIAN_POINT('',(0.139375,0.049925,0.));
#9583=CARTESIAN_POINT('',(0.139375,0.049925,0.01925));
#9584=CARTESIAN_POINT('',(0.139375,0.049925,0.00675));
#9585=CARTESIAN_POINT('',(0.139375,0.047625,0.00675));
#9586=CARTESIAN_POINT('',(0.145125,0.049925,0.01925));
#9587=CARTESIAN_POINT('',(0.,0.049925,0.));
#9588=CARTESIAN_POINT('',(0.150875,0.049925,0.));
#9589=CARTESIAN_POINT('',(0.150875,0.049925,0.01925));
#9590=CARTESIAN_POINT('',(0.150875,0.049925,0.00675));
#9591=CARTESIAN_POINT('',(0.,0.049925,0.00675));
#9592=CARTESIAN_POINT('',(0.150875,0.047625,0.01925));
#9593=CARTESIAN_POINT('',(0.150875,0.047625,0.));
#9594=CARTESIAN_POINT('',(0.153175,0.047625,0.));
#9595=CARTESIAN_POINT('',(0.153175,0.047625,0.01925));
#9596=CARTESIAN_POINT('',(0.153175,0.047625,0.00675));
#9597=CARTESIAN_POINT('',(0.150875,0.047625,0.00675));
#9598=CARTESIAN_POINT('',(0.153175,0.041875,0.01925));
#9599=CARTESIAN_POINT('',(0.153175,5.41636628021765E-16,0.));
#9600=CARTESIAN_POINT('',(0.153175,0.036125,0.));
#9601=CARTESIAN_POINT('',(0.153175,0.036125,0.01925));
#9602=CARTESIAN_POINT('',(0.153175,0.036125,0.00675));
#9603=CARTESIAN_POINT('',(0.153175,5.41636628021765E-16,0.00675));
#9604=CARTESIAN_POINT('',(0.150875,0.036125,0.01925));
#9605=CARTESIAN_POINT('',(0.150875,0.036125,0.));
#9606=CARTESIAN_POINT('',(0.150875,0.033825,0.));
#9607=CARTESIAN_POINT('',(0.150875,0.033825,0.01925));
#9608=CARTESIAN_POINT('',(0.150875,0.033825,0.00675));
#9609=CARTESIAN_POINT('',(0.150875,0.036125,0.00675));
#9610=CARTESIAN_POINT('',(0.145125,0.033825,0.01925));
#9611=CARTESIAN_POINT('',(0.,0.033825,0.));
#9612=CARTESIAN_POINT('',(0.139375,0.033825,0.));
#9613=CARTESIAN_POINT('',(0.139375,0.033825,0.01925));
#9614=CARTESIAN_POINT('',(0.139375,0.033825,0.00675));
#9615=CARTESIAN_POINT('',(0.,0.033825,0.00675));
#9616=CARTESIAN_POINT('',(0.139375,0.036125,0.01925));
#9617=CARTESIAN_POINT('',(0.139375,0.036125,0.));
#9618=CARTESIAN_POINT('',(0.137075,0.036125,0.));
#9619=CARTESIAN_POINT('',(0.137075,0.036125,0.01925));
#9620=CARTESIAN_POINT('',(0.137075,0.036125,0.00675));
#9621=CARTESIAN_POINT('',(0.139375,0.036125,0.00675));
#9622=CARTESIAN_POINT('',(0.137075,0.041875,0.01925));
#9623=CARTESIAN_POINT('',(0.137075,-6.93889390390723E-18,0.));
#9624=CARTESIAN_POINT('',(0.137075,-6.93889390390723E-18,0.00675));
#9625=CARTESIAN_POINT('',(0.156125,0.036125,0.01925));
#9626=CARTESIAN_POINT('',(0.156125,0.033825,0.01925));
#9627=CARTESIAN_POINT('',(0.156125,0.033825,0.00675));
#9628=CARTESIAN_POINT('',(0.156125,0.033825,0.));
#9629=CARTESIAN_POINT('',(0.156125,0.036125,0.));
#9630=CARTESIAN_POINT('',(0.153825,0.036125,0.));
#9631=CARTESIAN_POINT('',(0.153825,0.036125,0.01925));
#9632=CARTESIAN_POINT('',(0.153825,0.036125,0.00675));
#9633=CARTESIAN_POINT('',(0.156125,0.036125,0.00675));
#9634=CARTESIAN_POINT('',(0.153825,0.041875,0.01925));
#9635=CARTESIAN_POINT('',(0.153825,-6.93889390390723E-18,0.));
#9636=CARTESIAN_POINT('',(0.153825,0.047625,0.));
#9637=CARTESIAN_POINT('',(0.153825,0.047625,0.01925));
#9638=CARTESIAN_POINT('',(0.153825,0.047625,0.00675));
#9639=CARTESIAN_POINT('',(0.153825,-6.93889390390723E-18,0.00675));
#9640=CARTESIAN_POINT('',(0.156125,0.047625,0.01925));
#9641=CARTESIAN_POINT('',(0.156125,0.047625,0.));
#9642=CARTESIAN_POINT('',(0.156125,0.049925,0.));
#9643=CARTESIAN_POINT('',(0.156125,0.049925,0.01925));
#9644=CARTESIAN_POINT('',(0.156125,0.049925,0.00675));
#9645=CARTESIAN_POINT('',(0.156125,0.047625,0.00675));
#9646=CARTESIAN_POINT('',(0.161875,0.049925,0.01925));
#9647=CARTESIAN_POINT('',(0.,0.049925,0.));
#9648=CARTESIAN_POINT('',(0.167625,0.049925,0.));
#9649=CARTESIAN_POINT('',(0.167625,0.049925,0.01925));
#9650=CARTESIAN_POINT('',(0.167625,0.049925,0.00675));
#9651=CARTESIAN_POINT('',(0.,0.049925,0.00675));
#9652=CARTESIAN_POINT('',(0.167625,0.047625,0.01925));
#9653=CARTESIAN_POINT('',(0.167625,0.047625,0.));
#9654=CARTESIAN_POINT('',(0.169925,0.047625,0.));
#9655=CARTESIAN_POINT('',(0.169925,0.047625,0.01925));
#9656=CARTESIAN_POINT('',(0.169925,0.047625,0.00675));
#9657=CARTESIAN_POINT('',(0.167625,0.047625,0.00675));
#9658=CARTESIAN_POINT('',(0.169925,0.041875,0.01925));
#9659=CARTESIAN_POINT('',(0.169925,6.01624484997479E-16,0.));
#9660=CARTESIAN_POINT('',(0.169925,0.036125,0.));
#9661=CARTESIAN_POINT('',(0.169925,0.036125,0.01925));
#9662=CARTESIAN_POINT('',(0.169925,0.036125,0.00675));
#9663=CARTESIAN_POINT('',(0.169925,6.01624484997479E-16,0.00675));
#9664=CARTESIAN_POINT('',(0.167625,0.036125,0.01925));
#9665=CARTESIAN_POINT('',(0.167625,0.036125,0.));
#9666=CARTESIAN_POINT('',(0.167625,0.033825,0.));
#9667=CARTESIAN_POINT('',(0.167625,0.033825,0.01925));
#9668=CARTESIAN_POINT('',(0.167625,0.033825,0.00675));
#9669=CARTESIAN_POINT('',(0.167625,0.036125,0.00675));
#9670=CARTESIAN_POINT('',(0.161875,0.033825,0.01925));
#9671=CARTESIAN_POINT('',(0.,0.033825,0.));
#9672=CARTESIAN_POINT('',(0.,0.033825,0.00675));
#9673=CARTESIAN_POINT('',(0.139375,-0.00262500000000004,0.01925));
#9674=CARTESIAN_POINT('',(0.137075,-0.00262500000000004,0.01925));
#9675=CARTESIAN_POINT('',(0.137075,-0.00262500000000004,0.00675));
#9676=CARTESIAN_POINT('',(0.137075,-0.00262500000000004,0.));
#9677=CARTESIAN_POINT('',(0.139375,-0.00262500000000004,0.));
#9678=CARTESIAN_POINT('',(0.139375,-0.000325000000000035,0.));
#9679=CARTESIAN_POINT('',(0.139375,-0.000325000000000035,0.01925));
#9680=CARTESIAN_POINT('',(0.139375,-0.000325000000000035,0.00675));
#9681=CARTESIAN_POINT('',(0.139375,-0.00262500000000004,0.00675));
#9682=CARTESIAN_POINT('',(0.145125,-0.000325000000000035,0.01925));
#9683=CARTESIAN_POINT('',(0.,-0.000325000000000035,0.));
#9684=CARTESIAN_POINT('',(0.150875,-0.000325000000000035,0.));
#9685=CARTESIAN_POINT('',(0.150875,-0.000325000000000035,0.01925));
#9686=CARTESIAN_POINT('',(0.150875,-0.000325000000000035,0.00675));
#9687=CARTESIAN_POINT('',(0.,-0.000325000000000035,0.00675));
#9688=CARTESIAN_POINT('',(0.150875,-0.00262500000000004,0.01925));
#9689=CARTESIAN_POINT('',(0.150875,-0.00262500000000004,0.));
#9690=CARTESIAN_POINT('',(0.153175,-0.00262500000000004,0.));
#9691=CARTESIAN_POINT('',(0.153175,-0.00262500000000004,0.01925));
#9692=CARTESIAN_POINT('',(0.153175,-0.00262500000000004,0.00675));
#9693=CARTESIAN_POINT('',(0.150875,-0.00262500000000004,0.00675));
#9694=CARTESIAN_POINT('',(0.153175,-0.008375,0.01925));
#9695=CARTESIAN_POINT('',(0.153175,-6.93889390390723E-18,0.));
#9696=CARTESIAN_POINT('',(0.153175,-0.014125,0.));
#9697=CARTESIAN_POINT('',(0.153175,-0.014125,0.01925));
#9698=CARTESIAN_POINT('',(0.153175,-0.014125,0.00675));
#9699=CARTESIAN_POINT('',(0.153175,-6.93889390390723E-18,0.00675));
#9700=CARTESIAN_POINT('',(0.150875,-0.014125,0.01925));
#9701=CARTESIAN_POINT('',(0.150875,-0.014125,0.));
#9702=CARTESIAN_POINT('',(0.150875,-0.016425,0.));
#9703=CARTESIAN_POINT('',(0.150875,-0.016425,0.01925));
#9704=CARTESIAN_POINT('',(0.150875,-0.016425,0.00675));
#9705=CARTESIAN_POINT('',(0.150875,-0.014125,0.00675));
#9706=CARTESIAN_POINT('',(0.145125,-0.016425,0.01925));
#9707=CARTESIAN_POINT('',(0.,-0.016425,0.));
#9708=CARTESIAN_POINT('',(0.139375,-0.016425,0.));
#9709=CARTESIAN_POINT('',(0.139375,-0.016425,0.01925));
#9710=CARTESIAN_POINT('',(0.139375,-0.016425,0.00675));
#9711=CARTESIAN_POINT('',(0.,-0.016425,0.00675));
#9712=CARTESIAN_POINT('',(0.139375,-0.014125,0.01925));
#9713=CARTESIAN_POINT('',(0.139375,-0.014125,0.));
#9714=CARTESIAN_POINT('',(0.137075,-0.014125,0.));
#9715=CARTESIAN_POINT('',(0.137075,-0.014125,0.01925));
#9716=CARTESIAN_POINT('',(0.137075,-0.014125,0.00675));
#9717=CARTESIAN_POINT('',(0.139375,-0.014125,0.00675));
#9718=CARTESIAN_POINT('',(0.137075,-0.008375,0.01925));
#9719=CARTESIAN_POINT('',(0.137075,-6.93889390390723E-18,0.));
#9720=CARTESIAN_POINT('',(0.137075,-6.93889390390723E-18,0.00675));
#9721=CARTESIAN_POINT('',(0.150875,-0.030875,0.01925));
#9722=CARTESIAN_POINT('',(0.153175,-0.030875,0.01925));
#9723=CARTESIAN_POINT('',(0.153175,-0.030875,0.00675));
#9724=CARTESIAN_POINT('',(0.153175,-0.030875,0.));
#9725=CARTESIAN_POINT('',(0.150875,-0.030875,0.));
#9726=CARTESIAN_POINT('',(0.150875,-0.033175,0.));
#9727=CARTESIAN_POINT('',(0.150875,-0.033175,0.01925));
#9728=CARTESIAN_POINT('',(0.150875,-0.033175,0.00675));
#9729=CARTESIAN_POINT('',(0.150875,-0.030875,0.00675));
#9730=CARTESIAN_POINT('',(0.145125,-0.033175,0.01925));
#9731=CARTESIAN_POINT('',(0.,-0.033175,0.));
#9732=CARTESIAN_POINT('',(0.139375,-0.033175,0.));
#9733=CARTESIAN_POINT('',(0.139375,-0.033175,0.01925));
#9734=CARTESIAN_POINT('',(0.139375,-0.033175,0.00675));
#9735=CARTESIAN_POINT('',(0.,-0.033175,0.00675));
#9736=CARTESIAN_POINT('',(0.139375,-0.030875,0.01925));
#9737=CARTESIAN_POINT('',(0.139375,-0.030875,0.));
#9738=CARTESIAN_POINT('',(0.137075,-0.030875,0.));
#9739=CARTESIAN_POINT('',(0.137075,-0.030875,0.01925));
#9740=CARTESIAN_POINT('',(0.137075,-0.030875,0.00675));
#9741=CARTESIAN_POINT('',(0.139375,-0.030875,0.00675));
#9742=CARTESIAN_POINT('',(0.137075,-0.025125,0.01925));
#9743=CARTESIAN_POINT('',(0.137075,-6.93889390390723E-18,0.));
#9744=CARTESIAN_POINT('',(0.137075,-0.019375,0.));
#9745=CARTESIAN_POINT('',(0.137075,-0.019375,0.01925));
#9746=CARTESIAN_POINT('',(0.137075,-0.019375,0.00675));
#9747=CARTESIAN_POINT('',(0.137075,-6.93889390390723E-18,0.00675));
#9748=CARTESIAN_POINT('',(0.139375,-0.019375,0.01925));
#9749=CARTESIAN_POINT('',(0.139375,-0.019375,0.));
#9750=CARTESIAN_POINT('',(0.139375,-0.017075,0.));
#9751=CARTESIAN_POINT('',(0.139375,-0.017075,0.01925));
#9752=CARTESIAN_POINT('',(0.139375,-0.017075,0.00675));
#9753=CARTESIAN_POINT('',(0.139375,-0.019375,0.00675));
#9754=CARTESIAN_POINT('',(0.145125,-0.017075,0.01925));
#9755=CARTESIAN_POINT('',(0.,-0.017075,0.));
#9756=CARTESIAN_POINT('',(0.150875,-0.017075,0.));
#9757=CARTESIAN_POINT('',(0.150875,-0.017075,0.01925));
#9758=CARTESIAN_POINT('',(0.150875,-0.017075,0.00675));
#9759=CARTESIAN_POINT('',(0.,-0.017075,0.00675));
#9760=CARTESIAN_POINT('',(0.150875,-0.019375,0.01925));
#9761=CARTESIAN_POINT('',(0.150875,-0.019375,0.));
#9762=CARTESIAN_POINT('',(0.153175,-0.019375,0.));
#9763=CARTESIAN_POINT('',(0.153175,-0.019375,0.01925));
#9764=CARTESIAN_POINT('',(0.153175,-0.019375,0.00675));
#9765=CARTESIAN_POINT('',(0.150875,-0.019375,0.00675));
#9766=CARTESIAN_POINT('',(0.153175,-0.025125,0.01925));
#9767=CARTESIAN_POINT('',(0.153175,-6.93889390390723E-18,0.));
#9768=CARTESIAN_POINT('',(0.153175,-6.93889390390723E-18,0.00675));
#9769=CARTESIAN_POINT('',(0.139375,-0.036125,0.01925));
#9770=CARTESIAN_POINT('',(0.137075,-0.036125,0.01925));
#9771=CARTESIAN_POINT('',(0.137075,-0.036125,0.00675));
#9772=CARTESIAN_POINT('',(0.137075,-0.036125,0.));
#9773=CARTESIAN_POINT('',(0.139375,-0.036125,0.));
#9774=CARTESIAN_POINT('',(0.139375,-0.033825,0.));
#9775=CARTESIAN_POINT('',(0.139375,-0.033825,0.01925));
#9776=CARTESIAN_POINT('',(0.139375,-0.033825,0.00675));
#9777=CARTESIAN_POINT('',(0.139375,-0.036125,0.00675));
#9778=CARTESIAN_POINT('',(0.145125,-0.033825,0.01925));
#9779=CARTESIAN_POINT('',(0.,-0.033825,0.));
#9780=CARTESIAN_POINT('',(0.150875,-0.033825,0.));
#9781=CARTESIAN_POINT('',(0.150875,-0.033825,0.01925));
#9782=CARTESIAN_POINT('',(0.150875,-0.033825,0.00675));
#9783=CARTESIAN_POINT('',(0.,-0.033825,0.00675));
#9784=CARTESIAN_POINT('',(0.150875,-0.036125,0.01925));
#9785=CARTESIAN_POINT('',(0.150875,-0.036125,0.));
#9786=CARTESIAN_POINT('',(0.153175,-0.036125,0.));
#9787=CARTESIAN_POINT('',(0.153175,-0.036125,0.01925));
#9788=CARTESIAN_POINT('',(0.153175,-0.036125,0.00675));
#9789=CARTESIAN_POINT('',(0.150875,-0.036125,0.00675));
#9790=CARTESIAN_POINT('',(0.153175,-0.041875,0.01925));
#9791=CARTESIAN_POINT('',(0.153175,5.41636628021764E-16,0.));
#9792=CARTESIAN_POINT('',(0.153175,-0.047625,0.));
#9793=CARTESIAN_POINT('',(0.153175,-0.047625,0.01925));
#9794=CARTESIAN_POINT('',(0.153175,-0.047625,0.00675));
#9795=CARTESIAN_POINT('',(0.153175,5.41636628021764E-16,0.00675));
#9796=CARTESIAN_POINT('',(0.150875,-0.047625,0.01925));
#9797=CARTESIAN_POINT('',(0.150875,-0.047625,0.));
#9798=CARTESIAN_POINT('',(0.150875,-0.049925,0.));
#9799=CARTESIAN_POINT('',(0.150875,-0.049925,0.01925));
#9800=CARTESIAN_POINT('',(0.150875,-0.049925,0.00675));
#9801=CARTESIAN_POINT('',(0.150875,-0.047625,0.00675));
#9802=CARTESIAN_POINT('',(0.145125,-0.049925,0.01925));
#9803=CARTESIAN_POINT('',(0.,-0.049925,0.));
#9804=CARTESIAN_POINT('',(0.139375,-0.049925,0.));
#9805=CARTESIAN_POINT('',(0.139375,-0.049925,0.01925));
#9806=CARTESIAN_POINT('',(0.139375,-0.049925,0.00675));
#9807=CARTESIAN_POINT('',(0.,-0.049925,0.00675));
#9808=CARTESIAN_POINT('',(0.139375,-0.047625,0.01925));
#9809=CARTESIAN_POINT('',(0.139375,-0.047625,0.));
#9810=CARTESIAN_POINT('',(0.137075,-0.047625,0.));
#9811=CARTESIAN_POINT('',(0.137075,-0.047625,0.01925));
#9812=CARTESIAN_POINT('',(0.137075,-0.047625,0.00675));
#9813=CARTESIAN_POINT('',(0.139375,-0.047625,0.00675));
#9814=CARTESIAN_POINT('',(0.137075,-0.041875,0.01925));
#9815=CARTESIAN_POINT('',(0.137075,-6.93889390390723E-18,0.));
#9816=CARTESIAN_POINT('',(0.137075,-6.93889390390723E-18,0.00675));
#9817=CARTESIAN_POINT('',(0.134125,0.019375,0.01925));
#9818=CARTESIAN_POINT('',(0.136425,0.019375,0.01925));
#9819=CARTESIAN_POINT('',(0.136425,0.019375,0.00675));
#9820=CARTESIAN_POINT('',(0.136425,0.019375,0.));
#9821=CARTESIAN_POINT('',(0.134125,0.019375,0.));
#9822=CARTESIAN_POINT('',(0.134125,0.017075,0.));
#9823=CARTESIAN_POINT('',(0.134125,0.017075,0.01925));
#9824=CARTESIAN_POINT('',(0.134125,0.017075,0.00675));
#9825=CARTESIAN_POINT('',(0.134125,0.019375,0.00675));
#9826=CARTESIAN_POINT('',(0.128375,0.017075,0.01925));
#9827=CARTESIAN_POINT('',(0.,0.017075,0.));
#9828=CARTESIAN_POINT('',(0.122625,0.017075,0.));
#9829=CARTESIAN_POINT('',(0.122625,0.017075,0.01925));
#9830=CARTESIAN_POINT('',(0.122625,0.017075,0.00675));
#9831=CARTESIAN_POINT('',(0.,0.017075,0.00675));
#9832=CARTESIAN_POINT('',(0.122625,0.019375,0.01925));
#9833=CARTESIAN_POINT('',(0.122625,0.019375,0.));
#9834=CARTESIAN_POINT('',(0.120325,0.019375,0.));
#9835=CARTESIAN_POINT('',(0.120325,0.019375,0.01925));
#9836=CARTESIAN_POINT('',(0.120325,0.019375,0.00675));
#9837=CARTESIAN_POINT('',(0.122625,0.019375,0.00675));
#9838=CARTESIAN_POINT('',(0.120325,0.025125,0.01925));
#9839=CARTESIAN_POINT('',(0.120325,-6.93889390390723E-18,0.));
#9840=CARTESIAN_POINT('',(0.120325,0.030875,0.));
#9841=CARTESIAN_POINT('',(0.120325,0.030875,0.01925));
#9842=CARTESIAN_POINT('',(0.120325,0.030875,0.00675));
#9843=CARTESIAN_POINT('',(0.120325,-6.93889390390723E-18,0.00675));
#9844=CARTESIAN_POINT('',(0.122625,0.030875,0.01925));
#9845=CARTESIAN_POINT('',(0.122625,0.030875,0.));
#9846=CARTESIAN_POINT('',(0.122625,0.033175,0.));
#9847=CARTESIAN_POINT('',(0.122625,0.033175,0.01925));
#9848=CARTESIAN_POINT('',(0.122625,0.033175,0.00675));
#9849=CARTESIAN_POINT('',(0.122625,0.030875,0.00675));
#9850=CARTESIAN_POINT('',(0.128375,0.033175,0.01925));
#9851=CARTESIAN_POINT('',(0.,0.033175,0.));
#9852=CARTESIAN_POINT('',(0.134125,0.033175,0.));
#9853=CARTESIAN_POINT('',(0.134125,0.033175,0.01925));
#9854=CARTESIAN_POINT('',(0.134125,0.033175,0.00675));
#9855=CARTESIAN_POINT('',(0.,0.033175,0.00675));
#9856=CARTESIAN_POINT('',(0.134125,0.030875,0.01925));
#9857=CARTESIAN_POINT('',(0.134125,0.030875,0.));
#9858=CARTESIAN_POINT('',(0.136425,0.030875,0.));
#9859=CARTESIAN_POINT('',(0.136425,0.030875,0.01925));
#9860=CARTESIAN_POINT('',(0.136425,0.030875,0.00675));
#9861=CARTESIAN_POINT('',(0.134125,0.030875,0.00675));
#9862=CARTESIAN_POINT('',(0.136425,0.025125,0.01925));
#9863=CARTESIAN_POINT('',(0.136425,-6.93889390390723E-18,0.));
#9864=CARTESIAN_POINT('',(0.136425,-6.93889390390723E-18,0.00675));
#9865=CARTESIAN_POINT('',(0.150875,0.00262499999999996,0.01925));
#9866=CARTESIAN_POINT('',(0.153175,0.00262499999999996,0.01925));
#9867=CARTESIAN_POINT('',(0.153175,0.00262499999999996,0.00675));
#9868=CARTESIAN_POINT('',(0.153175,0.00262499999999996,0.));
#9869=CARTESIAN_POINT('',(0.150875,0.00262499999999996,0.));
#9870=CARTESIAN_POINT('',(0.150875,0.000324999999999959,0.));
#9871=CARTESIAN_POINT('',(0.150875,0.000324999999999959,0.01925));
#9872=CARTESIAN_POINT('',(0.150875,0.000324999999999959,0.00675));
#9873=CARTESIAN_POINT('',(0.150875,0.00262499999999996,0.00675));
#9874=CARTESIAN_POINT('',(0.145125,0.000324999999999959,0.01925));
#9875=CARTESIAN_POINT('',(0.,0.000324999999999959,0.));
#9876=CARTESIAN_POINT('',(0.139375,0.000324999999999959,0.));
#9877=CARTESIAN_POINT('',(0.139375,0.000324999999999959,0.01925));
#9878=CARTESIAN_POINT('',(0.139375,0.000324999999999959,0.00675));
#9879=CARTESIAN_POINT('',(0.,0.000324999999999959,0.00675));
#9880=CARTESIAN_POINT('',(0.139375,0.00262499999999996,0.01925));
#9881=CARTESIAN_POINT('',(0.139375,0.00262499999999996,0.));
#9882=CARTESIAN_POINT('',(0.137075,0.00262499999999996,0.));
#9883=CARTESIAN_POINT('',(0.137075,0.00262499999999996,0.01925));
#9884=CARTESIAN_POINT('',(0.137075,0.00262499999999996,0.00675));
#9885=CARTESIAN_POINT('',(0.139375,0.00262499999999996,0.00675));
#9886=CARTESIAN_POINT('',(0.137075,0.008375,0.01925));
#9887=CARTESIAN_POINT('',(0.137075,-6.93889390390723E-18,0.));
#9888=CARTESIAN_POINT('',(0.137075,0.014125,0.));
#9889=CARTESIAN_POINT('',(0.137075,0.014125,0.01925));
#9890=CARTESIAN_POINT('',(0.137075,0.014125,0.00675));
#9891=CARTESIAN_POINT('',(0.137075,-6.93889390390723E-18,0.00675));
#9892=CARTESIAN_POINT('',(0.139375,0.014125,0.01925));
#9893=CARTESIAN_POINT('',(0.139375,0.014125,0.));
#9894=CARTESIAN_POINT('',(0.139375,0.016425,0.));
#9895=CARTESIAN_POINT('',(0.139375,0.016425,0.01925));
#9896=CARTESIAN_POINT('',(0.139375,0.016425,0.00675));
#9897=CARTESIAN_POINT('',(0.139375,0.014125,0.00675));
#9898=CARTESIAN_POINT('',(0.145125,0.016425,0.01925));
#9899=CARTESIAN_POINT('',(0.,0.016425,0.));
#9900=CARTESIAN_POINT('',(0.150875,0.016425,0.));
#9901=CARTESIAN_POINT('',(0.150875,0.016425,0.01925));
#9902=CARTESIAN_POINT('',(0.150875,0.016425,0.00675));
#9903=CARTESIAN_POINT('',(0.,0.016425,0.00675));
#9904=CARTESIAN_POINT('',(0.150875,0.014125,0.01925));
#9905=CARTESIAN_POINT('',(0.150875,0.014125,0.));
#9906=CARTESIAN_POINT('',(0.153175,0.014125,0.));
#9907=CARTESIAN_POINT('',(0.153175,0.014125,0.01925));
#9908=CARTESIAN_POINT('',(0.153175,0.014125,0.00675));
#9909=CARTESIAN_POINT('',(0.150875,0.014125,0.00675));
#9910=CARTESIAN_POINT('',(0.153175,0.008375,0.01925));
#9911=CARTESIAN_POINT('',(0.153175,-6.93889390390723E-18,0.));
#9912=CARTESIAN_POINT('',(0.153175,-6.93889390390723E-18,0.00675));
#9913=CARTESIAN_POINT('',(0.139375,0.030875,0.01925));
#9914=CARTESIAN_POINT('',(0.137075,0.030875,0.01925));
#9915=CARTESIAN_POINT('',(0.137075,0.030875,0.00675));
#9916=CARTESIAN_POINT('',(0.137075,0.030875,0.));
#9917=CARTESIAN_POINT('',(0.139375,0.030875,0.));
#9918=CARTESIAN_POINT('',(0.139375,0.033175,0.));
#9919=CARTESIAN_POINT('',(0.139375,0.033175,0.01925));
#9920=CARTESIAN_POINT('',(0.139375,0.033175,0.00675));
#9921=CARTESIAN_POINT('',(0.139375,0.030875,0.00675));
#9922=CARTESIAN_POINT('',(0.145125,0.033175,0.01925));
#9923=CARTESIAN_POINT('',(0.,0.033175,0.));
#9924=CARTESIAN_POINT('',(0.150875,0.033175,0.));
#9925=CARTESIAN_POINT('',(0.150875,0.033175,0.01925));
#9926=CARTESIAN_POINT('',(0.150875,0.033175,0.00675));
#9927=CARTESIAN_POINT('',(0.,0.033175,0.00675));
#9928=CARTESIAN_POINT('',(0.150875,0.030875,0.01925));
#9929=CARTESIAN_POINT('',(0.150875,0.030875,0.));
#9930=CARTESIAN_POINT('',(0.153175,0.030875,0.));
#9931=CARTESIAN_POINT('',(0.153175,0.030875,0.01925));
#9932=CARTESIAN_POINT('',(0.153175,0.030875,0.00675));
#9933=CARTESIAN_POINT('',(0.150875,0.030875,0.00675));
#9934=CARTESIAN_POINT('',(0.153175,0.025125,0.01925));
#9935=CARTESIAN_POINT('',(0.153175,-6.93889390390723E-18,0.));
#9936=CARTESIAN_POINT('',(0.153175,0.019375,0.));
#9937=CARTESIAN_POINT('',(0.153175,0.019375,0.01925));
#9938=CARTESIAN_POINT('',(0.153175,0.019375,0.00675));
#9939=CARTESIAN_POINT('',(0.153175,-6.93889390390723E-18,0.00675));
#9940=CARTESIAN_POINT('',(0.150875,0.019375,0.01925));
#9941=CARTESIAN_POINT('',(0.150875,0.019375,0.));
#9942=CARTESIAN_POINT('',(0.150875,0.017075,0.));
#9943=CARTESIAN_POINT('',(0.150875,0.017075,0.01925));
#9944=CARTESIAN_POINT('',(0.150875,0.017075,0.00675));
#9945=CARTESIAN_POINT('',(0.150875,0.019375,0.00675));
#9946=CARTESIAN_POINT('',(0.145125,0.017075,0.01925));
#9947=CARTESIAN_POINT('',(0.,0.017075,0.));
#9948=CARTESIAN_POINT('',(0.139375,0.017075,0.));
#9949=CARTESIAN_POINT('',(0.139375,0.017075,0.01925));
#9950=CARTESIAN_POINT('',(0.139375,0.017075,0.00675));
#9951=CARTESIAN_POINT('',(0.,0.017075,0.00675));
#9952=CARTESIAN_POINT('',(0.139375,0.019375,0.01925));
#9953=CARTESIAN_POINT('',(0.139375,0.019375,0.));
#9954=CARTESIAN_POINT('',(0.137075,0.019375,0.));
#9955=CARTESIAN_POINT('',(0.137075,0.019375,0.01925));
#9956=CARTESIAN_POINT('',(0.137075,0.019375,0.00675));
#9957=CARTESIAN_POINT('',(0.139375,0.019375,0.00675));
#9958=CARTESIAN_POINT('',(0.137075,0.025125,0.01925));
#9959=CARTESIAN_POINT('',(0.137075,-6.93889390390723E-18,0.));
#9960=CARTESIAN_POINT('',(0.137075,-6.93889390390723E-18,0.00675));
#9961=CARTESIAN_POINT('',(0.167625,-0.047625,0.01925));
#9962=CARTESIAN_POINT('',(0.169925,-0.047625,0.01925));
#9963=CARTESIAN_POINT('',(0.169925,-0.047625,0.00675));
#9964=CARTESIAN_POINT('',(0.169925,-0.047625,0.));
#9965=CARTESIAN_POINT('',(0.167625,-0.047625,0.));
#9966=CARTESIAN_POINT('',(0.167625,-0.049925,0.));
#9967=CARTESIAN_POINT('',(0.167625,-0.049925,0.01925));
#9968=CARTESIAN_POINT('',(0.167625,-0.049925,0.00675));
#9969=CARTESIAN_POINT('',(0.167625,-0.047625,0.00675));
#9970=CARTESIAN_POINT('',(0.161875,-0.049925,0.01925));
#9971=CARTESIAN_POINT('',(0.,-0.049925,0.));
#9972=CARTESIAN_POINT('',(0.156125,-0.049925,0.));
#9973=CARTESIAN_POINT('',(0.156125,-0.049925,0.01925));
#9974=CARTESIAN_POINT('',(0.156125,-0.049925,0.00675));
#9975=CARTESIAN_POINT('',(0.,-0.049925,0.00675));
#9976=CARTESIAN_POINT('',(0.156125,-0.047625,0.01925));
#9977=CARTESIAN_POINT('',(0.156125,-0.047625,0.));
#9978=CARTESIAN_POINT('',(0.153825,-0.047625,0.));
#9979=CARTESIAN_POINT('',(0.153825,-0.047625,0.01925));
#9980=CARTESIAN_POINT('',(0.153825,-0.047625,0.00675));
#9981=CARTESIAN_POINT('',(0.156125,-0.047625,0.00675));
#9982=CARTESIAN_POINT('',(0.153825,-0.041875,0.01925));
#9983=CARTESIAN_POINT('',(0.153825,-6.93889390390723E-18,0.));
#9984=CARTESIAN_POINT('',(0.153825,-0.036125,0.));
#9985=CARTESIAN_POINT('',(0.153825,-0.036125,0.01925));
#9986=CARTESIAN_POINT('',(0.153825,-0.036125,0.00675));
#9987=CARTESIAN_POINT('',(0.153825,-6.93889390390723E-18,0.00675));
#9988=CARTESIAN_POINT('',(0.156125,-0.036125,0.01925));
#9989=CARTESIAN_POINT('',(0.156125,-0.036125,0.));
#9990=CARTESIAN_POINT('',(0.156125,-0.033825,0.));
#9991=CARTESIAN_POINT('',(0.156125,-0.033825,0.01925));
#9992=CARTESIAN_POINT('',(0.156125,-0.033825,0.00675));
#9993=CARTESIAN_POINT('',(0.156125,-0.036125,0.00675));
#9994=CARTESIAN_POINT('',(0.161875,-0.033825,0.01925));
#9995=CARTESIAN_POINT('',(0.,-0.033825,0.));
#9996=CARTESIAN_POINT('',(0.167625,-0.033825,0.));
#9997=CARTESIAN_POINT('',(0.167625,-0.033825,0.01925));
#9998=CARTESIAN_POINT('',(0.167625,-0.033825,0.00675));
#9999=CARTESIAN_POINT('',(0.,-0.033825,0.00675));
#10000=CARTESIAN_POINT('',(0.167625,-0.036125,0.01925));
#10001=CARTESIAN_POINT('',(0.167625,-0.036125,0.));
#10002=CARTESIAN_POINT('',(0.169925,-0.036125,0.));
#10003=CARTESIAN_POINT('',(0.169925,-0.036125,0.01925));
#10004=CARTESIAN_POINT('',(0.169925,-0.036125,0.00675));
#10005=CARTESIAN_POINT('',(0.167625,-0.036125,0.00675));
#10006=CARTESIAN_POINT('',(0.169925,-0.041875,0.01925));
#10007=CARTESIAN_POINT('',(0.169925,6.01624484997478E-16,0.));
#10008=CARTESIAN_POINT('',(0.169925,6.01624484997478E-16,0.00675));
#10009=CARTESIAN_POINT('',(0.156125,-0.019375,0.01925));
#10010=CARTESIAN_POINT('',(0.153825,-0.019375,0.01925));
#10011=CARTESIAN_POINT('',(0.153825,-0.019375,0.00675));
#10012=CARTESIAN_POINT('',(0.153825,-0.019375,0.));
#10013=CARTESIAN_POINT('',(0.156125,-0.019375,0.));
#10014=CARTESIAN_POINT('',(0.156125,-0.017075,0.));
#10015=CARTESIAN_POINT('',(0.156125,-0.017075,0.01925));
#10016=CARTESIAN_POINT('',(0.156125,-0.017075,0.00675));
#10017=CARTESIAN_POINT('',(0.156125,-0.019375,0.00675));
#10018=CARTESIAN_POINT('',(0.161875,-0.017075,0.01925));
#10019=CARTESIAN_POINT('',(0.,-0.017075,0.));
#10020=CARTESIAN_POINT('',(0.167625,-0.017075,0.));
#10021=CARTESIAN_POINT('',(0.167625,-0.017075,0.01925));
#10022=CARTESIAN_POINT('',(0.167625,-0.017075,0.00675));
#10023=CARTESIAN_POINT('',(0.,-0.017075,0.00675));
#10024=CARTESIAN_POINT('',(0.167625,-0.019375,0.01925));
#10025=CARTESIAN_POINT('',(0.167625,-0.019375,0.));
#10026=CARTESIAN_POINT('',(0.169925,-0.019375,0.));
#10027=CARTESIAN_POINT('',(0.169925,-0.019375,0.01925));
#10028=CARTESIAN_POINT('',(0.169925,-0.019375,0.00675));
#10029=CARTESIAN_POINT('',(0.167625,-0.019375,0.00675));
#10030=CARTESIAN_POINT('',(0.169925,-0.025125,0.01925));
#10031=CARTESIAN_POINT('',(0.169925,-6.93889390390723E-18,0.));
#10032=CARTESIAN_POINT('',(0.169925,-0.030875,0.));
#10033=CARTESIAN_POINT('',(0.169925,-0.030875,0.01925));
#10034=CARTESIAN_POINT('',(0.169925,-0.030875,0.00675));
#10035=CARTESIAN_POINT('',(0.169925,-6.93889390390723E-18,0.00675));
#10036=CARTESIAN_POINT('',(0.167625,-0.030875,0.01925));
#10037=CARTESIAN_POINT('',(0.167625,-0.030875,0.));
#10038=CARTESIAN_POINT('',(0.167625,-0.033175,0.));
#10039=CARTESIAN_POINT('',(0.167625,-0.033175,0.01925));
#10040=CARTESIAN_POINT('',(0.167625,-0.033175,0.00675));
#10041=CARTESIAN_POINT('',(0.167625,-0.030875,0.00675));
#10042=CARTESIAN_POINT('',(0.161875,-0.033175,0.01925));
#10043=CARTESIAN_POINT('',(0.,-0.033175,0.));
#10044=CARTESIAN_POINT('',(0.156125,-0.033175,0.));
#10045=CARTESIAN_POINT('',(0.156125,-0.033175,0.01925));
#10046=CARTESIAN_POINT('',(0.156125,-0.033175,0.00675));
#10047=CARTESIAN_POINT('',(0.,-0.033175,0.00675));
#10048=CARTESIAN_POINT('',(0.156125,-0.030875,0.01925));
#10049=CARTESIAN_POINT('',(0.156125,-0.030875,0.));
#10050=CARTESIAN_POINT('',(0.153825,-0.030875,0.));
#10051=CARTESIAN_POINT('',(0.153825,-0.030875,0.01925));
#10052=CARTESIAN_POINT('',(0.153825,-0.030875,0.00675));
#10053=CARTESIAN_POINT('',(0.156125,-0.030875,0.00675));
#10054=CARTESIAN_POINT('',(0.153825,-0.025125,0.01925));
#10055=CARTESIAN_POINT('',(0.153825,-6.93889390390723E-18,0.));
#10056=CARTESIAN_POINT('',(0.153825,-6.93889390390723E-18,0.00675));
#10057=CARTESIAN_POINT('',(0.122625,0.014125,0.01925));
#10058=CARTESIAN_POINT('',(0.120325,0.014125,0.01925));
#10059=CARTESIAN_POINT('',(0.120325,0.014125,0.00675));
#10060=CARTESIAN_POINT('',(0.120325,0.014125,0.));
#10061=CARTESIAN_POINT('',(0.122625,0.014125,0.));
#10062=CARTESIAN_POINT('',(0.122625,0.016425,0.));
#10063=CARTESIAN_POINT('',(0.122625,0.016425,0.01925));
#10064=CARTESIAN_POINT('',(0.122625,0.016425,0.00675));
#10065=CARTESIAN_POINT('',(0.122625,0.014125,0.00675));
#10066=CARTESIAN_POINT('',(0.128375,0.016425,0.01925));
#10067=CARTESIAN_POINT('',(0.,0.016425,0.));
#10068=CARTESIAN_POINT('',(0.134125,0.016425,0.));
#10069=CARTESIAN_POINT('',(0.134125,0.016425,0.01925));
#10070=CARTESIAN_POINT('',(0.134125,0.016425,0.00675));
#10071=CARTESIAN_POINT('',(0.,0.016425,0.00675));
#10072=CARTESIAN_POINT('',(0.134125,0.014125,0.01925));
#10073=CARTESIAN_POINT('',(0.134125,0.014125,0.));
#10074=CARTESIAN_POINT('',(0.136425,0.014125,0.));
#10075=CARTESIAN_POINT('',(0.136425,0.014125,0.01925));
#10076=CARTESIAN_POINT('',(0.136425,0.014125,0.00675));
#10077=CARTESIAN_POINT('',(0.134125,0.014125,0.00675));
#10078=CARTESIAN_POINT('',(0.136425,0.008375,0.01925));
#10079=CARTESIAN_POINT('',(0.136425,-6.93889390390723E-18,0.));
#10080=CARTESIAN_POINT('',(0.136425,0.00262499999999996,0.));
#10081=CARTESIAN_POINT('',(0.136425,0.00262499999999996,0.01925));
#10082=CARTESIAN_POINT('',(0.136425,0.00262499999999996,0.00675));
#10083=CARTESIAN_POINT('',(0.136425,-6.93889390390723E-18,0.00675));
#10084=CARTESIAN_POINT('',(0.134125,0.00262499999999996,0.01925));
#10085=CARTESIAN_POINT('',(0.134125,0.00262499999999996,0.));
#10086=CARTESIAN_POINT('',(0.134125,0.000324999999999959,0.));
#10087=CARTESIAN_POINT('',(0.134125,0.000324999999999959,0.01925));
#10088=CARTESIAN_POINT('',(0.134125,0.000324999999999959,0.00675));
#10089=CARTESIAN_POINT('',(0.134125,0.00262499999999996,0.00675));
#10090=CARTESIAN_POINT('',(0.128375,0.000324999999999959,0.01925));
#10091=CARTESIAN_POINT('',(0.,0.000324999999999959,0.));
#10092=CARTESIAN_POINT('',(0.122625,0.000324999999999959,0.));
#10093=CARTESIAN_POINT('',(0.122625,0.000324999999999959,0.01925));
#10094=CARTESIAN_POINT('',(0.122625,0.000324999999999959,0.00675));
#10095=CARTESIAN_POINT('',(0.,0.000324999999999959,0.00675));
#10096=CARTESIAN_POINT('',(0.122625,0.00262499999999996,0.01925));
#10097=CARTESIAN_POINT('',(0.122625,0.00262499999999996,0.));
#10098=CARTESIAN_POINT('',(0.120325,0.00262499999999996,0.));
#10099=CARTESIAN_POINT('',(0.120325,0.00262499999999996,0.01925));
#10100=CARTESIAN_POINT('',(0.120325,0.00262499999999996,0.00675));
#10101=CARTESIAN_POINT('',(0.122625,0.00262499999999996,0.00675));
#10102=CARTESIAN_POINT('',(0.120325,0.008375,0.01925));
#10103=CARTESIAN_POINT('',(0.120325,-6.93889390390723E-18,0.));
#10104=CARTESIAN_POINT('',(0.120325,-6.93889390390723E-18,0.00675));
#10105=CARTESIAN_POINT('',(0.134125,-0.014125,0.01925));
#10106=CARTESIAN_POINT('',(0.136425,-0.014125,0.01925));
#10107=CARTESIAN_POINT('',(0.136425,-0.014125,0.00675));
#10108=CARTESIAN_POINT('',(0.136425,-0.014125,0.));
#10109=CARTESIAN_POINT('',(0.134125,-0.014125,0.));
#10110=CARTESIAN_POINT('',(0.134125,-0.016425,0.));
#10111=CARTESIAN_POINT('',(0.134125,-0.016425,0.01925));
#10112=CARTESIAN_POINT('',(0.134125,-0.016425,0.00675));
#10113=CARTESIAN_POINT('',(0.134125,-0.014125,0.00675));
#10114=CARTESIAN_POINT('',(0.128375,-0.016425,0.01925));
#10115=CARTESIAN_POINT('',(0.,-0.016425,0.));
#10116=CARTESIAN_POINT('',(0.122625,-0.016425,0.));
#10117=CARTESIAN_POINT('',(0.122625,-0.016425,0.01925));
#10118=CARTESIAN_POINT('',(0.122625,-0.016425,0.00675));
#10119=CARTESIAN_POINT('',(0.,-0.016425,0.00675));
#10120=CARTESIAN_POINT('',(0.122625,-0.014125,0.01925));
#10121=CARTESIAN_POINT('',(0.122625,-0.014125,0.));
#10122=CARTESIAN_POINT('',(0.120325,-0.014125,0.));
#10123=CARTESIAN_POINT('',(0.120325,-0.014125,0.01925));
#10124=CARTESIAN_POINT('',(0.120325,-0.014125,0.00675));
#10125=CARTESIAN_POINT('',(0.122625,-0.014125,0.00675));
#10126=CARTESIAN_POINT('',(0.120325,-0.008375,0.01925));
#10127=CARTESIAN_POINT('',(0.120325,-6.93889390390723E-18,0.));
#10128=CARTESIAN_POINT('',(0.120325,-0.00262500000000004,0.));
#10129=CARTESIAN_POINT('',(0.120325,-0.00262500000000004,0.01925));
#10130=CARTESIAN_POINT('',(0.120325,-0.00262500000000004,0.00675));
#10131=CARTESIAN_POINT('',(0.120325,-6.93889390390723E-18,0.00675));
#10132=CARTESIAN_POINT('',(0.122625,-0.00262500000000004,0.01925));
#10133=CARTESIAN_POINT('',(0.122625,-0.00262500000000004,0.));
#10134=CARTESIAN_POINT('',(0.122625,-0.000325000000000035,0.));
#10135=CARTESIAN_POINT('',(0.122625,-0.000325000000000035,0.01925));
#10136=CARTESIAN_POINT('',(0.122625,-0.000325000000000035,0.00675));
#10137=CARTESIAN_POINT('',(0.122625,-0.00262500000000004,0.00675));
#10138=CARTESIAN_POINT('',(0.128375,-0.000325000000000035,0.01925));
#10139=CARTESIAN_POINT('',(0.,-0.000325000000000035,0.));
#10140=CARTESIAN_POINT('',(0.134125,-0.000325000000000035,0.));
#10141=CARTESIAN_POINT('',(0.134125,-0.000325000000000035,0.01925));
#10142=CARTESIAN_POINT('',(0.134125,-0.000325000000000035,0.00675));
#10143=CARTESIAN_POINT('',(0.,-0.000325000000000035,0.00675));
#10144=CARTESIAN_POINT('',(0.134125,-0.00262500000000004,0.01925));
#10145=CARTESIAN_POINT('',(0.134125,-0.00262500000000004,0.));
#10146=CARTESIAN_POINT('',(0.136425,-0.00262500000000004,0.));
#10147=CARTESIAN_POINT('',(0.136425,-0.00262500000000004,0.01925));
#10148=CARTESIAN_POINT('',(0.136425,-0.00262500000000004,0.00675));
#10149=CARTESIAN_POINT('',(0.134125,-0.00262500000000004,0.00675));
#10150=CARTESIAN_POINT('',(0.136425,-0.008375,0.01925));
#10151=CARTESIAN_POINT('',(0.136425,-6.93889390390723E-18,0.));
#10152=CARTESIAN_POINT('',(0.136425,-6.93889390390723E-18,0.00675));
#10153=CARTESIAN_POINT('',(0.122625,-0.019375,0.01925));
#10154=CARTESIAN_POINT('',(0.120325,-0.019375,0.01925));
#10155=CARTESIAN_POINT('',(0.120325,-0.019375,0.00675));
#10156=CARTESIAN_POINT('',(0.120325,-0.019375,0.));
#10157=CARTESIAN_POINT('',(0.122625,-0.019375,0.));
#10158=CARTESIAN_POINT('',(0.122625,-0.017075,0.));
#10159=CARTESIAN_POINT('',(0.122625,-0.017075,0.01925));
#10160=CARTESIAN_POINT('',(0.122625,-0.017075,0.00675));
#10161=CARTESIAN_POINT('',(0.122625,-0.019375,0.00675));
#10162=CARTESIAN_POINT('',(0.128375,-0.017075,0.01925));
#10163=CARTESIAN_POINT('',(0.,-0.017075,0.));
#10164=CARTESIAN_POINT('',(0.134125,-0.017075,0.));
#10165=CARTESIAN_POINT('',(0.134125,-0.017075,0.01925));
#10166=CARTESIAN_POINT('',(0.134125,-0.017075,0.00675));
#10167=CARTESIAN_POINT('',(0.,-0.017075,0.00675));
#10168=CARTESIAN_POINT('',(0.134125,-0.019375,0.01925));
#10169=CARTESIAN_POINT('',(0.134125,-0.019375,0.));
#10170=CARTESIAN_POINT('',(0.136425,-0.019375,0.));
#10171=CARTESIAN_POINT('',(0.136425,-0.019375,0.01925));
#10172=CARTESIAN_POINT('',(0.136425,-0.019375,0.00675));
#10173=CARTESIAN_POINT('',(0.134125,-0.019375,0.00675));
#10174=CARTESIAN_POINT('',(0.136425,-0.025125,0.01925));
#10175=CARTESIAN_POINT('',(0.136425,-6.93889390390723E-18,0.));
#10176=CARTESIAN_POINT('',(0.136425,-0.030875,0.));
#10177=CARTESIAN_POINT('',(0.136425,-0.030875,0.01925));
#10178=CARTESIAN_POINT('',(0.136425,-0.030875,0.00675));
#10179=CARTESIAN_POINT('',(0.136425,-6.93889390390723E-18,0.00675));
#10180=CARTESIAN_POINT('',(0.134125,-0.030875,0.01925));
#10181=CARTESIAN_POINT('',(0.134125,-0.030875,0.));
#10182=CARTESIAN_POINT('',(0.134125,-0.033175,0.));
#10183=CARTESIAN_POINT('',(0.134125,-0.033175,0.01925));
#10184=CARTESIAN_POINT('',(0.134125,-0.033175,0.00675));
#10185=CARTESIAN_POINT('',(0.134125,-0.030875,0.00675));
#10186=CARTESIAN_POINT('',(0.128375,-0.033175,0.01925));
#10187=CARTESIAN_POINT('',(0.,-0.033175,0.));
#10188=CARTESIAN_POINT('',(0.122625,-0.033175,0.));
#10189=CARTESIAN_POINT('',(0.122625,-0.033175,0.01925));
#10190=CARTESIAN_POINT('',(0.122625,-0.033175,0.00675));
#10191=CARTESIAN_POINT('',(0.,-0.033175,0.00675));
#10192=CARTESIAN_POINT('',(0.122625,-0.030875,0.01925));
#10193=CARTESIAN_POINT('',(0.122625,-0.030875,0.));
#10194=CARTESIAN_POINT('',(0.120325,-0.030875,0.));
#10195=CARTESIAN_POINT('',(0.120325,-0.030875,0.01925));
#10196=CARTESIAN_POINT('',(0.120325,-0.030875,0.00675));
#10197=CARTESIAN_POINT('',(0.122625,-0.030875,0.00675));
#10198=CARTESIAN_POINT('',(0.120325,-0.025125,0.01925));
#10199=CARTESIAN_POINT('',(0.120325,-6.93889390390723E-18,0.));
#10200=CARTESIAN_POINT('',(0.120325,-6.93889390390723E-18,0.00675));
#10201=CARTESIAN_POINT('',(0.134125,-0.047625,0.01925));
#10202=CARTESIAN_POINT('',(0.136425,-0.047625,0.01925));
#10203=CARTESIAN_POINT('',(0.136425,-0.047625,0.00675));
#10204=CARTESIAN_POINT('',(0.136425,-0.047625,0.));
#10205=CARTESIAN_POINT('',(0.134125,-0.047625,0.));
#10206=CARTESIAN_POINT('',(0.134125,-0.049925,0.));
#10207=CARTESIAN_POINT('',(0.134125,-0.049925,0.01925));
#10208=CARTESIAN_POINT('',(0.134125,-0.049925,0.00675));
#10209=CARTESIAN_POINT('',(0.134125,-0.047625,0.00675));
#10210=CARTESIAN_POINT('',(0.128375,-0.049925,0.01925));
#10211=CARTESIAN_POINT('',(0.,-0.049925,0.));
#10212=CARTESIAN_POINT('',(0.122625,-0.049925,0.));
#10213=CARTESIAN_POINT('',(0.122625,-0.049925,0.01925));
#10214=CARTESIAN_POINT('',(0.122625,-0.049925,0.00675));
#10215=CARTESIAN_POINT('',(0.,-0.049925,0.00675));
#10216=CARTESIAN_POINT('',(0.122625,-0.047625,0.01925));
#10217=CARTESIAN_POINT('',(0.122625,-0.047625,0.));
#10218=CARTESIAN_POINT('',(0.120325,-0.047625,0.));
#10219=CARTESIAN_POINT('',(0.120325,-0.047625,0.01925));
#10220=CARTESIAN_POINT('',(0.120325,-0.047625,0.00675));
#10221=CARTESIAN_POINT('',(0.122625,-0.047625,0.00675));
#10222=CARTESIAN_POINT('',(0.120325,-0.041875,0.01925));
#10223=CARTESIAN_POINT('',(0.120325,-6.93889390390723E-18,0.));
#10224=CARTESIAN_POINT('',(0.120325,-0.036125,0.));
#10225=CARTESIAN_POINT('',(0.120325,-0.036125,0.01925));
#10226=CARTESIAN_POINT('',(0.120325,-0.036125,0.00675));
#10227=CARTESIAN_POINT('',(0.120325,-6.93889390390723E-18,0.00675));
#10228=CARTESIAN_POINT('',(0.122625,-0.036125,0.01925));
#10229=CARTESIAN_POINT('',(0.122625,-0.036125,0.));
#10230=CARTESIAN_POINT('',(0.122625,-0.033825,0.));
#10231=CARTESIAN_POINT('',(0.122625,-0.033825,0.01925));
#10232=CARTESIAN_POINT('',(0.122625,-0.033825,0.00675));
#10233=CARTESIAN_POINT('',(0.122625,-0.036125,0.00675));
#10234=CARTESIAN_POINT('',(0.128375,-0.033825,0.01925));
#10235=CARTESIAN_POINT('',(0.,-0.033825,0.));
#10236=CARTESIAN_POINT('',(0.134125,-0.033825,0.));
#10237=CARTESIAN_POINT('',(0.134125,-0.033825,0.01925));
#10238=CARTESIAN_POINT('',(0.134125,-0.033825,0.00675));
#10239=CARTESIAN_POINT('',(0.,-0.033825,0.00675));
#10240=CARTESIAN_POINT('',(0.134125,-0.036125,0.01925));
#10241=CARTESIAN_POINT('',(0.134125,-0.036125,0.));
#10242=CARTESIAN_POINT('',(0.136425,-0.036125,0.));
#10243=CARTESIAN_POINT('',(0.136425,-0.036125,0.01925));
#10244=CARTESIAN_POINT('',(0.136425,-0.036125,0.00675));
#10245=CARTESIAN_POINT('',(0.134125,-0.036125,0.00675));
#10246=CARTESIAN_POINT('',(0.136425,-0.041875,0.01925));
#10247=CARTESIAN_POINT('',(0.136425,4.8164877104605E-16,0.));
#10248=CARTESIAN_POINT('',(0.136425,4.8164877104605E-16,0.00675));
#10249=CARTESIAN_POINT('',(0.105875,0.030875,0.01925));
#10250=CARTESIAN_POINT('',(0.103575,0.030875,0.01925));
#10251=CARTESIAN_POINT('',(0.103575,0.030875,0.00675));
#10252=CARTESIAN_POINT('',(0.103575,0.030875,0.));
#10253=CARTESIAN_POINT('',(0.105875,0.030875,0.));
#10254=CARTESIAN_POINT('',(0.105875,0.033175,0.));
#10255=CARTESIAN_POINT('',(0.105875,0.033175,0.01925));
#10256=CARTESIAN_POINT('',(0.105875,0.033175,0.00675));
#10257=CARTESIAN_POINT('',(0.105875,0.030875,0.00675));
#10258=CARTESIAN_POINT('',(0.111625,0.033175,0.01925));
#10259=CARTESIAN_POINT('',(0.,0.033175,0.));
#10260=CARTESIAN_POINT('',(0.117375,0.033175,0.));
#10261=CARTESIAN_POINT('',(0.117375,0.033175,0.01925));
#10262=CARTESIAN_POINT('',(0.117375,0.033175,0.00675));
#10263=CARTESIAN_POINT('',(0.,0.033175,0.00675));
#10264=CARTESIAN_POINT('',(0.117375,0.030875,0.01925));
#10265=CARTESIAN_POINT('',(0.117375,0.030875,0.));
#10266=CARTESIAN_POINT('',(0.119675,0.030875,0.));
#10267=CARTESIAN_POINT('',(0.119675,0.030875,0.01925));
#10268=CARTESIAN_POINT('',(0.119675,0.030875,0.00675));
#10269=CARTESIAN_POINT('',(0.117375,0.030875,0.00675));
#10270=CARTESIAN_POINT('',(0.119675,0.025125,0.01925));
#10271=CARTESIAN_POINT('',(0.119675,2.07361010083215E-16,0.));
#10272=CARTESIAN_POINT('',(0.119675,0.019375,0.));
#10273=CARTESIAN_POINT('',(0.119675,0.019375,0.01925));
#10274=CARTESIAN_POINT('',(0.119675,0.019375,0.00675));
#10275=CARTESIAN_POINT('',(0.119675,2.07361010083215E-16,0.00675));
#10276=CARTESIAN_POINT('',(0.117375,0.019375,0.01925));
#10277=CARTESIAN_POINT('',(0.117375,0.019375,0.));
#10278=CARTESIAN_POINT('',(0.117375,0.017075,0.));
#10279=CARTESIAN_POINT('',(0.117375,0.017075,0.01925));
#10280=CARTESIAN_POINT('',(0.117375,0.017075,0.00675));
#10281=CARTESIAN_POINT('',(0.117375,0.019375,0.00675));
#10282=CARTESIAN_POINT('',(0.111625,0.017075,0.01925));
#10283=CARTESIAN_POINT('',(0.,0.017075,0.));
#10284=CARTESIAN_POINT('',(0.105875,0.017075,0.));
#10285=CARTESIAN_POINT('',(0.105875,0.017075,0.01925));
#10286=CARTESIAN_POINT('',(0.105875,0.017075,0.00675));
#10287=CARTESIAN_POINT('',(0.,0.017075,0.00675));
#10288=CARTESIAN_POINT('',(0.105875,0.019375,0.01925));
#10289=CARTESIAN_POINT('',(0.105875,0.019375,0.));
#10290=CARTESIAN_POINT('',(0.103575,0.019375,0.));
#10291=CARTESIAN_POINT('',(0.103575,0.019375,0.01925));
#10292=CARTESIAN_POINT('',(0.103575,0.019375,0.00675));
#10293=CARTESIAN_POINT('',(0.105875,0.019375,0.00675));
#10294=CARTESIAN_POINT('',(0.103575,0.025125,0.01925));
#10295=CARTESIAN_POINT('',(0.103575,-6.93889390390723E-18,0.));
#10296=CARTESIAN_POINT('',(0.103575,-6.93889390390723E-18,0.00675));
#10297=CARTESIAN_POINT('',(0.117375,0.00262499999999996,0.01925));
#10298=CARTESIAN_POINT('',(0.119675,0.00262499999999997,0.01925));
#10299=CARTESIAN_POINT('',(0.119675,0.00262499999999997,0.00675));
#10300=CARTESIAN_POINT('',(0.119675,0.00262499999999997,0.));
#10301=CARTESIAN_POINT('',(0.117375,0.00262499999999996,0.));
#10302=CARTESIAN_POINT('',(0.117375,0.000324999999999959,0.));
#10303=CARTESIAN_POINT('',(0.117375,0.000324999999999959,0.01925));
#10304=CARTESIAN_POINT('',(0.117375,0.000324999999999959,0.00675));
#10305=CARTESIAN_POINT('',(0.117375,0.00262499999999996,0.00675));
#10306=CARTESIAN_POINT('',(0.111625,0.000324999999999959,0.01925));
#10307=CARTESIAN_POINT('',(0.,0.000324999999999959,0.));
#10308=CARTESIAN_POINT('',(0.105875,0.000324999999999959,0.));
#10309=CARTESIAN_POINT('',(0.105875,0.000324999999999959,0.01925));
#10310=CARTESIAN_POINT('',(0.105875,0.000324999999999959,0.00675));
#10311=CARTESIAN_POINT('',(0.,0.000324999999999959,0.00675));
#10312=CARTESIAN_POINT('',(0.105875,0.00262499999999996,0.01925));
#10313=CARTESIAN_POINT('',(0.105875,0.00262499999999996,0.));
#10314=CARTESIAN_POINT('',(0.103575,0.00262499999999996,0.));
#10315=CARTESIAN_POINT('',(0.103575,0.00262499999999996,0.01925));
#10316=CARTESIAN_POINT('',(0.103575,0.00262499999999996,0.00675));
#10317=CARTESIAN_POINT('',(0.105875,0.00262499999999996,0.00675));
#10318=CARTESIAN_POINT('',(0.103575,0.008375,0.01925));
#10319=CARTESIAN_POINT('',(0.103575,-6.93889390390723E-18,0.));
#10320=CARTESIAN_POINT('',(0.103575,0.014125,0.));
#10321=CARTESIAN_POINT('',(0.103575,0.014125,0.01925));
#10322=CARTESIAN_POINT('',(0.103575,0.014125,0.00675));
#10323=CARTESIAN_POINT('',(0.103575,-6.93889390390723E-18,0.00675));
#10324=CARTESIAN_POINT('',(0.105875,0.014125,0.01925));
#10325=CARTESIAN_POINT('',(0.105875,0.014125,0.));
#10326=CARTESIAN_POINT('',(0.105875,0.016425,0.));
#10327=CARTESIAN_POINT('',(0.105875,0.016425,0.01925));
#10328=CARTESIAN_POINT('',(0.105875,0.016425,0.00675));
#10329=CARTESIAN_POINT('',(0.105875,0.014125,0.00675));
#10330=CARTESIAN_POINT('',(0.111625,0.016425,0.01925));
#10331=CARTESIAN_POINT('',(0.,0.016425,0.));
#10332=CARTESIAN_POINT('',(0.117375,0.016425,0.));
#10333=CARTESIAN_POINT('',(0.117375,0.016425,0.01925));
#10334=CARTESIAN_POINT('',(0.117375,0.016425,0.00675));
#10335=CARTESIAN_POINT('',(0.,0.016425,0.00675));
#10336=CARTESIAN_POINT('',(0.117375,0.014125,0.01925));
#10337=CARTESIAN_POINT('',(0.117375,0.014125,0.));
#10338=CARTESIAN_POINT('',(0.119675,0.014125,0.));
#10339=CARTESIAN_POINT('',(0.119675,0.014125,0.01925));
#10340=CARTESIAN_POINT('',(0.119675,0.014125,0.00675));
#10341=CARTESIAN_POINT('',(0.117375,0.014125,0.00675));
#10342=CARTESIAN_POINT('',(0.119675,0.008375,0.01925));
#10343=CARTESIAN_POINT('',(0.119675,2.07361010083215E-16,0.));
#10344=CARTESIAN_POINT('',(0.119675,2.07361010083215E-16,0.00675));
#10345=CARTESIAN_POINT('',(0.105875,-0.00262500000000004,0.01925));
#10346=CARTESIAN_POINT('',(0.103575,-0.00262500000000004,0.01925));
#10347=CARTESIAN_POINT('',(0.103575,-0.00262500000000004,0.00675));
#10348=CARTESIAN_POINT('',(0.103575,-0.00262500000000004,0.));
#10349=CARTESIAN_POINT('',(0.105875,-0.00262500000000004,0.));
#10350=CARTESIAN_POINT('',(0.105875,-0.000325000000000035,0.));
#10351=CARTESIAN_POINT('',(0.105875,-0.000325000000000035,0.01925));
#10352=CARTESIAN_POINT('',(0.105875,-0.000325000000000035,0.00675));
#10353=CARTESIAN_POINT('',(0.105875,-0.00262500000000004,0.00675));
#10354=CARTESIAN_POINT('',(0.111625,-0.000325000000000035,0.01925));
#10355=CARTESIAN_POINT('',(0.,-0.000325000000000035,0.));
#10356=CARTESIAN_POINT('',(0.117375,-0.000325000000000035,0.));
#10357=CARTESIAN_POINT('',(0.117375,-0.000325000000000035,0.01925));
#10358=CARTESIAN_POINT('',(0.117375,-0.000325000000000035,0.00675));
#10359=CARTESIAN_POINT('',(0.,-0.000325000000000035,0.00675));
#10360=CARTESIAN_POINT('',(0.117375,-0.00262500000000004,0.01925));
#10361=CARTESIAN_POINT('',(0.117375,-0.00262500000000004,0.));
#10362=CARTESIAN_POINT('',(0.119675,-0.002625,0.));
#10363=CARTESIAN_POINT('',(0.119675,-0.002625,0.01925));
#10364=CARTESIAN_POINT('',(0.119675,-0.00262500000000004,0.00675));
#10365=CARTESIAN_POINT('',(0.117375,-0.00262500000000004,0.00675));
#10366=CARTESIAN_POINT('',(0.119675,-0.008375,0.01925));
#10367=CARTESIAN_POINT('',(0.119675,2.07361010083214E-16,0.));
#10368=CARTESIAN_POINT('',(0.119675,-0.014125,0.));
#10369=CARTESIAN_POINT('',(0.119675,-0.014125,0.01925));
#10370=CARTESIAN_POINT('',(0.119675,-0.014125,0.00675));
#10371=CARTESIAN_POINT('',(0.119675,2.07361010083214E-16,0.00675));
#10372=CARTESIAN_POINT('',(0.117375,-0.014125,0.01925));
#10373=CARTESIAN_POINT('',(0.117375,-0.014125,0.));
#10374=CARTESIAN_POINT('',(0.117375,-0.016425,0.));
#10375=CARTESIAN_POINT('',(0.117375,-0.016425,0.01925));
#10376=CARTESIAN_POINT('',(0.117375,-0.016425,0.00675));
#10377=CARTESIAN_POINT('',(0.117375,-0.014125,0.00675));
#10378=CARTESIAN_POINT('',(0.111625,-0.016425,0.01925));
#10379=CARTESIAN_POINT('',(0.,-0.016425,0.));
#10380=CARTESIAN_POINT('',(0.105875,-0.016425,0.));
#10381=CARTESIAN_POINT('',(0.105875,-0.016425,0.01925));
#10382=CARTESIAN_POINT('',(0.105875,-0.016425,0.00675));
#10383=CARTESIAN_POINT('',(0.,-0.016425,0.00675));
#10384=CARTESIAN_POINT('',(0.105875,-0.014125,0.01925));
#10385=CARTESIAN_POINT('',(0.105875,-0.014125,0.));
#10386=CARTESIAN_POINT('',(0.103575,-0.014125,0.));
#10387=CARTESIAN_POINT('',(0.103575,-0.014125,0.01925));
#10388=CARTESIAN_POINT('',(0.103575,-0.014125,0.00675));
#10389=CARTESIAN_POINT('',(0.105875,-0.014125,0.00675));
#10390=CARTESIAN_POINT('',(0.103575,-0.008375,0.01925));
#10391=CARTESIAN_POINT('',(0.103575,-6.93889390390723E-18,0.));
#10392=CARTESIAN_POINT('',(0.103575,-6.93889390390723E-18,0.00675));
#10393=CARTESIAN_POINT('',(0.117375,-0.030875,0.01925));
#10394=CARTESIAN_POINT('',(0.119675,-0.030875,0.01925));
#10395=CARTESIAN_POINT('',(0.119675,-0.030875,0.00675));
#10396=CARTESIAN_POINT('',(0.119675,-0.030875,0.));
#10397=CARTESIAN_POINT('',(0.117375,-0.030875,0.));
#10398=CARTESIAN_POINT('',(0.117375,-0.033175,0.));
#10399=CARTESIAN_POINT('',(0.117375,-0.033175,0.01925));
#10400=CARTESIAN_POINT('',(0.117375,-0.033175,0.00675));
#10401=CARTESIAN_POINT('',(0.117375,-0.030875,0.00675));
#10402=CARTESIAN_POINT('',(0.111625,-0.033175,0.01925));
#10403=CARTESIAN_POINT('',(0.,-0.033175,0.));
#10404=CARTESIAN_POINT('',(0.105875,-0.033175,0.));
#10405=CARTESIAN_POINT('',(0.105875,-0.033175,0.01925));
#10406=CARTESIAN_POINT('',(0.105875,-0.033175,0.00675));
#10407=CARTESIAN_POINT('',(0.,-0.033175,0.00675));
#10408=CARTESIAN_POINT('',(0.105875,-0.030875,0.01925));
#10409=CARTESIAN_POINT('',(0.105875,-0.030875,0.));
#10410=CARTESIAN_POINT('',(0.103575,-0.030875,0.));
#10411=CARTESIAN_POINT('',(0.103575,-0.030875,0.01925));
#10412=CARTESIAN_POINT('',(0.103575,-0.030875,0.00675));
#10413=CARTESIAN_POINT('',(0.105875,-0.030875,0.00675));
#10414=CARTESIAN_POINT('',(0.103575,-0.025125,0.01925));
#10415=CARTESIAN_POINT('',(0.103575,-6.93889390390723E-18,0.));
#10416=CARTESIAN_POINT('',(0.103575,-0.019375,0.));
#10417=CARTESIAN_POINT('',(0.103575,-0.019375,0.01925));
#10418=CARTESIAN_POINT('',(0.103575,-0.019375,0.00675));
#10419=CARTESIAN_POINT('',(0.103575,-6.93889390390723E-18,0.00675));
#10420=CARTESIAN_POINT('',(0.105875,-0.019375,0.01925));
#10421=CARTESIAN_POINT('',(0.105875,-0.019375,0.));
#10422=CARTESIAN_POINT('',(0.105875,-0.017075,0.));
#10423=CARTESIAN_POINT('',(0.105875,-0.017075,0.01925));
#10424=CARTESIAN_POINT('',(0.105875,-0.017075,0.00675));
#10425=CARTESIAN_POINT('',(0.105875,-0.019375,0.00675));
#10426=CARTESIAN_POINT('',(0.111625,-0.017075,0.01925));
#10427=CARTESIAN_POINT('',(0.,-0.017075,0.));
#10428=CARTESIAN_POINT('',(0.117375,-0.017075,0.));
#10429=CARTESIAN_POINT('',(0.117375,-0.017075,0.01925));
#10430=CARTESIAN_POINT('',(0.117375,-0.017075,0.00675));
#10431=CARTESIAN_POINT('',(0.,-0.017075,0.00675));
#10432=CARTESIAN_POINT('',(0.117375,-0.019375,0.01925));
#10433=CARTESIAN_POINT('',(0.117375,-0.019375,0.));
#10434=CARTESIAN_POINT('',(0.119675,-0.019375,0.));
#10435=CARTESIAN_POINT('',(0.119675,-0.019375,0.01925));
#10436=CARTESIAN_POINT('',(0.119675,-0.019375,0.00675));
#10437=CARTESIAN_POINT('',(0.117375,-0.019375,0.00675));
#10438=CARTESIAN_POINT('',(0.119675,-0.025125,0.01925));
#10439=CARTESIAN_POINT('',(0.119675,2.07361010083214E-16,0.));
#10440=CARTESIAN_POINT('',(0.119675,2.07361010083214E-16,0.00675));
#10441=CARTESIAN_POINT('',(0.156125,0.030875,0.01925));
#10442=CARTESIAN_POINT('',(0.153825,0.030875,0.01925));
#10443=CARTESIAN_POINT('',(0.153825,0.030875,0.00675));
#10444=CARTESIAN_POINT('',(0.153825,0.030875,0.));
#10445=CARTESIAN_POINT('',(0.156125,0.030875,0.));
#10446=CARTESIAN_POINT('',(0.156125,0.033175,0.));
#10447=CARTESIAN_POINT('',(0.156125,0.033175,0.01925));
#10448=CARTESIAN_POINT('',(0.156125,0.033175,0.00675));
#10449=CARTESIAN_POINT('',(0.156125,0.030875,0.00675));
#10450=CARTESIAN_POINT('',(0.161875,0.033175,0.01925));
#10451=CARTESIAN_POINT('',(0.,0.033175,0.));
#10452=CARTESIAN_POINT('',(0.167625,0.033175,0.));
#10453=CARTESIAN_POINT('',(0.167625,0.033175,0.01925));
#10454=CARTESIAN_POINT('',(0.167625,0.033175,0.00675));
#10455=CARTESIAN_POINT('',(0.,0.033175,0.00675));
#10456=CARTESIAN_POINT('',(0.167625,0.030875,0.01925));
#10457=CARTESIAN_POINT('',(0.167625,0.030875,0.));
#10458=CARTESIAN_POINT('',(0.169925,0.030875,0.));
#10459=CARTESIAN_POINT('',(0.169925,0.030875,0.01925));
#10460=CARTESIAN_POINT('',(0.169925,0.030875,0.00675));
#10461=CARTESIAN_POINT('',(0.167625,0.030875,0.00675));
#10462=CARTESIAN_POINT('',(0.169925,0.025125,0.01925));
#10463=CARTESIAN_POINT('',(0.169925,-6.93889390390723E-18,0.));
#10464=CARTESIAN_POINT('',(0.169925,0.019375,0.));
#10465=CARTESIAN_POINT('',(0.169925,0.019375,0.01925));
#10466=CARTESIAN_POINT('',(0.169925,0.019375,0.00675));
#10467=CARTESIAN_POINT('',(0.169925,-6.93889390390723E-18,0.00675));
#10468=CARTESIAN_POINT('',(0.167625,0.019375,0.01925));
#10469=CARTESIAN_POINT('',(0.167625,0.019375,0.));
#10470=CARTESIAN_POINT('',(0.167625,0.017075,0.));
#10471=CARTESIAN_POINT('',(0.167625,0.017075,0.01925));
#10472=CARTESIAN_POINT('',(0.167625,0.017075,0.00675));
#10473=CARTESIAN_POINT('',(0.167625,0.019375,0.00675));
#10474=CARTESIAN_POINT('',(0.161875,0.017075,0.01925));
#10475=CARTESIAN_POINT('',(0.,0.017075,0.));
#10476=CARTESIAN_POINT('',(0.156125,0.017075,0.));
#10477=CARTESIAN_POINT('',(0.156125,0.017075,0.01925));
#10478=CARTESIAN_POINT('',(0.156125,0.017075,0.00675));
#10479=CARTESIAN_POINT('',(0.,0.017075,0.00675));
#10480=CARTESIAN_POINT('',(0.156125,0.019375,0.01925));
#10481=CARTESIAN_POINT('',(0.156125,0.019375,0.));
#10482=CARTESIAN_POINT('',(0.153825,0.019375,0.));
#10483=CARTESIAN_POINT('',(0.153825,0.019375,0.01925));
#10484=CARTESIAN_POINT('',(0.153825,0.019375,0.00675));
#10485=CARTESIAN_POINT('',(0.156125,0.019375,0.00675));
#10486=CARTESIAN_POINT('',(0.153825,0.025125,0.01925));
#10487=CARTESIAN_POINT('',(0.153825,-6.93889390390723E-18,0.));
#10488=CARTESIAN_POINT('',(0.153825,-6.93889390390723E-18,0.00675));
#10489=CARTESIAN_POINT('',(0.167625,-0.014125,0.01925));
#10490=CARTESIAN_POINT('',(0.169925,-0.014125,0.01925));
#10491=CARTESIAN_POINT('',(0.169925,-0.014125,0.00675));
#10492=CARTESIAN_POINT('',(0.169925,-0.014125,0.));
#10493=CARTESIAN_POINT('',(0.167625,-0.014125,0.));
#10494=CARTESIAN_POINT('',(0.167625,-0.016425,0.));
#10495=CARTESIAN_POINT('',(0.167625,-0.016425,0.01925));
#10496=CARTESIAN_POINT('',(0.167625,-0.016425,0.00675));
#10497=CARTESIAN_POINT('',(0.167625,-0.014125,0.00675));
#10498=CARTESIAN_POINT('',(0.161875,-0.016425,0.01925));
#10499=CARTESIAN_POINT('',(0.,-0.016425,0.));
#10500=CARTESIAN_POINT('',(0.156125,-0.016425,0.));
#10501=CARTESIAN_POINT('',(0.156125,-0.016425,0.01925));
#10502=CARTESIAN_POINT('',(0.156125,-0.016425,0.00675));
#10503=CARTESIAN_POINT('',(0.,-0.016425,0.00675));
#10504=CARTESIAN_POINT('',(0.156125,-0.014125,0.01925));
#10505=CARTESIAN_POINT('',(0.156125,-0.014125,0.));
#10506=CARTESIAN_POINT('',(0.153825,-0.014125,0.));
#10507=CARTESIAN_POINT('',(0.153825,-0.014125,0.01925));
#10508=CARTESIAN_POINT('',(0.153825,-0.014125,0.00675));
#10509=CARTESIAN_POINT('',(0.156125,-0.014125,0.00675));
#10510=CARTESIAN_POINT('',(0.153825,-0.008375,0.01925));
#10511=CARTESIAN_POINT('',(0.153825,-6.93889390390723E-18,0.));
#10512=CARTESIAN_POINT('',(0.153825,-0.00262500000000004,0.));
#10513=CARTESIAN_POINT('',(0.153825,-0.00262500000000004,0.01925));
#10514=CARTESIAN_POINT('',(0.153825,-0.00262500000000004,0.00675));
#10515=CARTESIAN_POINT('',(0.153825,-6.93889390390723E-18,0.00675));
#10516=CARTESIAN_POINT('',(0.156125,-0.00262500000000004,0.01925));
#10517=CARTESIAN_POINT('',(0.156125,-0.00262500000000004,0.));
#10518=CARTESIAN_POINT('',(0.156125,-0.000325000000000035,0.));
#10519=CARTESIAN_POINT('',(0.156125,-0.000325000000000035,0.01925));
#10520=CARTESIAN_POINT('',(0.156125,-0.000325000000000035,0.00675));
#10521=CARTESIAN_POINT('',(0.156125,-0.00262500000000004,0.00675));
#10522=CARTESIAN_POINT('',(0.161875,-0.000325000000000035,0.01925));
#10523=CARTESIAN_POINT('',(0.,-0.000325000000000035,0.));
#10524=CARTESIAN_POINT('',(0.167625,-0.000325000000000035,0.));
#10525=CARTESIAN_POINT('',(0.167625,-0.000325000000000035,0.01925));
#10526=CARTESIAN_POINT('',(0.167625,-0.000325000000000035,0.00675));
#10527=CARTESIAN_POINT('',(0.,-0.000325000000000035,0.00675));
#10528=CARTESIAN_POINT('',(0.167625,-0.00262500000000004,0.01925));
#10529=CARTESIAN_POINT('',(0.167625,-0.00262500000000004,0.));
#10530=CARTESIAN_POINT('',(0.169925,-0.00262500000000004,0.));
#10531=CARTESIAN_POINT('',(0.169925,-0.00262500000000004,0.01925));
#10532=CARTESIAN_POINT('',(0.169925,-0.00262500000000004,0.00675));
#10533=CARTESIAN_POINT('',(0.167625,-0.00262500000000004,0.00675));
#10534=CARTESIAN_POINT('',(0.169925,-0.008375,0.01925));
#10535=CARTESIAN_POINT('',(0.169925,-6.93889390390723E-18,0.));
#10536=CARTESIAN_POINT('',(0.169925,-6.93889390390723E-18,0.00675));
#10537=CARTESIAN_POINT('',(0.156125,0.014125,0.01925));
#10538=CARTESIAN_POINT('',(0.153825,0.014125,0.01925));
#10539=CARTESIAN_POINT('',(0.153825,0.014125,0.00675));
#10540=CARTESIAN_POINT('',(0.153825,0.014125,0.));
#10541=CARTESIAN_POINT('',(0.156125,0.014125,0.));
#10542=CARTESIAN_POINT('',(0.156125,0.016425,0.));
#10543=CARTESIAN_POINT('',(0.156125,0.016425,0.01925));
#10544=CARTESIAN_POINT('',(0.156125,0.016425,0.00675));
#10545=CARTESIAN_POINT('',(0.156125,0.014125,0.00675));
#10546=CARTESIAN_POINT('',(0.161875,0.016425,0.01925));
#10547=CARTESIAN_POINT('',(0.,0.016425,0.));
#10548=CARTESIAN_POINT('',(0.167625,0.016425,0.));
#10549=CARTESIAN_POINT('',(0.167625,0.016425,0.01925));
#10550=CARTESIAN_POINT('',(0.167625,0.016425,0.00675));
#10551=CARTESIAN_POINT('',(0.,0.016425,0.00675));
#10552=CARTESIAN_POINT('',(0.167625,0.014125,0.01925));
#10553=CARTESIAN_POINT('',(0.167625,0.014125,0.));
#10554=CARTESIAN_POINT('',(0.169925,0.014125,0.));
#10555=CARTESIAN_POINT('',(0.169925,0.014125,0.01925));
#10556=CARTESIAN_POINT('',(0.169925,0.014125,0.00675));
#10557=CARTESIAN_POINT('',(0.167625,0.014125,0.00675));
#10558=CARTESIAN_POINT('',(0.169925,0.008375,0.01925));
#10559=CARTESIAN_POINT('',(0.169925,-6.93889390390723E-18,0.));
#10560=CARTESIAN_POINT('',(0.169925,0.00262499999999996,0.));
#10561=CARTESIAN_POINT('',(0.169925,0.00262499999999996,0.01925));
#10562=CARTESIAN_POINT('',(0.169925,0.00262499999999996,0.00675));
#10563=CARTESIAN_POINT('',(0.169925,-6.93889390390723E-18,0.00675));
#10564=CARTESIAN_POINT('',(0.167625,0.00262499999999996,0.01925));
#10565=CARTESIAN_POINT('',(0.167625,0.00262499999999996,0.));
#10566=CARTESIAN_POINT('',(0.167625,0.000324999999999959,0.));
#10567=CARTESIAN_POINT('',(0.167625,0.000324999999999959,0.01925));
#10568=CARTESIAN_POINT('',(0.167625,0.000324999999999959,0.00675));
#10569=CARTESIAN_POINT('',(0.167625,0.00262499999999996,0.00675));
#10570=CARTESIAN_POINT('',(0.161875,0.000324999999999959,0.01925));
#10571=CARTESIAN_POINT('',(0.,0.000324999999999959,0.));
#10572=CARTESIAN_POINT('',(0.156125,0.000324999999999959,0.));
#10573=CARTESIAN_POINT('',(0.156125,0.000324999999999959,0.01925));
#10574=CARTESIAN_POINT('',(0.156125,0.000324999999999959,0.00675));
#10575=CARTESIAN_POINT('',(0.,0.000324999999999959,0.00675));
#10576=CARTESIAN_POINT('',(0.156125,0.00262499999999996,0.01925));
#10577=CARTESIAN_POINT('',(0.156125,0.00262499999999996,0.));
#10578=CARTESIAN_POINT('',(0.153825,0.00262499999999996,0.));
#10579=CARTESIAN_POINT('',(0.153825,0.00262499999999996,0.01925));
#10580=CARTESIAN_POINT('',(0.153825,0.00262499999999996,0.00675));
#10581=CARTESIAN_POINT('',(0.156125,0.00262499999999996,0.00675));
#10582=CARTESIAN_POINT('',(0.153825,0.008375,0.01925));
#10583=CARTESIAN_POINT('',(0.153825,-6.93889390390723E-18,0.));
#10584=CARTESIAN_POINT('',(0.153825,-6.93889390390723E-18,0.00675));
#10585=CARTESIAN_POINT('',(0.,-6.93889390390723E-18,0.00675));
#10586=CARTESIAN_POINT('',(0.08375,-6.93889390390723E-18,0.00675));
#10587=CARTESIAN_POINT('',(0.08375,-0.053,0.00675));
#10588=CARTESIAN_POINT('',(0.08375,0.053,0.00675));
#10589=CARTESIAN_POINT('',(0.,-0.053,0.00675));
#10590=CARTESIAN_POINT('',(0.,0.053,0.00675));
#10591=CARTESIAN_POINT('',(0.,0.053,0.00675));
#10592=CARTESIAN_POINT('',(0.,0.053,0.));
#10593=CARTESIAN_POINT('',(0.08375,0.053,0.));
#10594=CARTESIAN_POINT('',(0.08375,0.053,0.00675));
#10595=CARTESIAN_POINT('',(0.,-0.053,0.00675));
#10596=CARTESIAN_POINT('',(0.,-0.053,0.));
#10597=CARTESIAN_POINT('',(0.08375,-0.053,0.));
#10598=CARTESIAN_POINT('',(0.08375,-0.053,0.00675));
#10599=CARTESIAN_POINT('',(0.08375,1.38777878078145E-17,0.00675));
#10600=CARTESIAN_POINT('',(0.08375,0.0335,0.003375));
#10601=CARTESIAN_POINT('',(0.08375,0.0335,0.00075));
#10602=CARTESIAN_POINT('',(0.08375,3.36650387599323E-18,0.003375));
#10603=CARTESIAN_POINT('',(0.08375,3.36650387599323E-18,0.00075));
#10604=CARTESIAN_POINT('',(0.08375,-0.0335,0.003375));
#10605=CARTESIAN_POINT('',(0.08375,-0.0335,0.00075));
#10606=CARTESIAN_POINT('',(0.08375,-0.01675,0.003375));
#10607=CARTESIAN_POINT('',(0.08375,-0.01675,0.00075));
#10608=CARTESIAN_POINT('',(0.08375,0.01675,0.003375));
#10609=CARTESIAN_POINT('',(0.08375,0.01675,0.00075));
#10610=CARTESIAN_POINT('',(0.08375,1.38777878078145E-17,0.));
#10611=CARTESIAN_POINT('',(0.08215,0.01675,0.003375));
#10612=CARTESIAN_POINT('',(0.08535,0.01675,0.003375));
#10613=CARTESIAN_POINT('',(0.08535,0.01675,0.006));
#10614=CARTESIAN_POINT('',(0.08535,-6.93889390390723E-18,0.001875));
#10615=CARTESIAN_POINT('',(0.08215,-0.01675,0.003375));
#10616=CARTESIAN_POINT('',(0.08535,-0.01675,0.003375));
#10617=CARTESIAN_POINT('',(0.08535,-0.01675,0.006));
#10618=CARTESIAN_POINT('',(0.08535,-6.93889390390723E-18,0.001875));
#10619=CARTESIAN_POINT('',(0.08215,-0.0335,0.003375));
#10620=CARTESIAN_POINT('',(0.08535,-0.0335,0.003375));
#10621=CARTESIAN_POINT('',(0.08535,-0.0335,0.006));
#10622=CARTESIAN_POINT('',(0.08535,-6.93889390390723E-18,0.001875));
#10623=CARTESIAN_POINT('',(0.08215,3.36650387599323E-18,0.003375));
#10624=CARTESIAN_POINT('',(0.08535,3.36650387599323E-18,0.003375));
#10625=CARTESIAN_POINT('',(0.08535,3.36650387599323E-18,0.006));
#10626=CARTESIAN_POINT('',(0.08535,-6.93889390390723E-18,0.001875));
#10627=CARTESIAN_POINT('',(0.08215,0.0335,0.003375));
#10628=CARTESIAN_POINT('',(0.08535,0.0335,0.003375));
#10629=CARTESIAN_POINT('',(0.08535,0.0335,0.006));
#10630=CARTESIAN_POINT('',(0.08535,-6.93889390390723E-18,0.001875));
#10631=CARTESIAN_POINT('',(0.,-6.93889390390723E-18,0.));
#10632=MECHANICAL_DESIGN_GEOMETRIC_PRESENTATION_REPRESENTATION('',(#6253),
#10633);
#10633=(
GEOMETRIC_REPRESENTATION_CONTEXT(3)
GLOBAL_UNCERTAINTY_ASSIGNED_CONTEXT((#10634))
GLOBAL_UNIT_ASSIGNED_CONTEXT((#10637,#10636,#10635))
REPRESENTATION_CONTEXT('keyFrame','TOP_LEVEL_ASSEMBLY_PART')
);
#10634=UNCERTAINTY_MEASURE_WITH_UNIT(LENGTH_MEASURE(1.E-8),#10637,
'DISTANCE_ACCURACY_VALUE','Maximum Tolerance applied to model');
#10635=(
NAMED_UNIT(*)
SI_UNIT($,.STERADIAN.)
SOLID_ANGLE_UNIT()
);
#10636=(
NAMED_UNIT(*)
PLANE_ANGLE_UNIT()
SI_UNIT($,.RADIAN.)
);
#10637=(
LENGTH_UNIT()
NAMED_UNIT(*)
SI_UNIT($,.METRE.)
);
#10638=PRODUCT_DEFINITION_SHAPE('','',#10639);
#10639=PRODUCT_DEFINITION('','',#10641,#10640);
#10640=PRODUCT_DEFINITION_CONTEXT('',#10647,'design');
#10641=PRODUCT_DEFINITION_FORMATION_WITH_SPECIFIED_SOURCE('','',#10643,
 .NOT_KNOWN.);
#10642=PRODUCT_RELATED_PRODUCT_CATEGORY('','',(#10643));
#10643=PRODUCT('keyFrame','keyFrame','keyFrame',(#10645));
#10644=PRODUCT_CATEGORY('','');
#10645=PRODUCT_CONTEXT('',#10647,'mechanical');
#10646=APPLICATION_PROTOCOL_DEFINITION('international standard',
'ap242_managed_model_based_3d_engineering',2011,#10647);
#10647=APPLICATION_CONTEXT('managed model based 3d engineering');
ENDSEC;
END-ISO-10303-21;
