ISO-10303-21;
HEADER;
/* Generated by software containing ST-Developer
 * from STEP Tools, Inc. (www.steptools.com) 
 */
/* OPTION: using custom renumber hook */

FILE_DESCRIPTION(
/* description */ ('STEP AP242',
'CAx-IF Rec.Pracs.---Representation and Presentation of Product Manufa
cturing Information (PMI)---4.0---2014-10-13',
'CAx-IF Rec.Pracs.---3D Tessellated Geometry---0.4---2014-09-14','2;1',
'CAx-IF Rec.Pracs.---User Defined Attributes---1.5---2016-08-15'),
/* implementation_level */ '2;1');

FILE_NAME(
/* name */ '691bf432f58c586b1ade8d6e',
/* time_stamp */ '2025-11-18T04:21:06Z',
/* author */ (''),
/* organization */ (''),
/* preprocessor_version */ 'ST-DEVELOPER v20',
/* originating_system */ 'ONSHAPE BY PTC INC, 1.206',
/* authorisation */ '  ');

FILE_SCHEMA (('AP242_MANAGED_MODEL_BASED_3D_ENGINEERING_MIM_LF { 1 0 10303 442 1 1 4 }'));
ENDSEC;

DATA;
#10=SHAPE_REPRESENTATION_RELATIONSHIP('','',#3220,#11);
#11=ADVANCED_BREP_SHAPE_REPRESENTATION('',(#3218),#5559);
#12=CYLINDRICAL_SURFACE('',#3338,0.0023);
#13=CYLINDRICAL_SURFACE('',#3339,0.0023);
#14=CYLINDRICAL_SURFACE('',#3340,0.0023);
#15=CYLINDRICAL_SURFACE('',#3341,0.0023);
#16=CYLINDRICAL_SURFACE('',#3350,0.0023);
#17=CYLINDRICAL_SURFACE('',#3351,0.0023);
#18=CYLINDRICAL_SURFACE('',#3352,0.0023);
#19=CYLINDRICAL_SURFACE('',#3353,0.0023);
#20=CYLINDRICAL_SURFACE('',#3362,0.0023);
#21=CYLINDRICAL_SURFACE('',#3363,0.0023);
#22=CYLINDRICAL_SURFACE('',#3364,0.0023);
#23=CYLINDRICAL_SURFACE('',#3365,0.0023);
#24=CYLINDRICAL_SURFACE('',#3374,0.0023);
#25=CYLINDRICAL_SURFACE('',#3375,0.0023);
#26=CYLINDRICAL_SURFACE('',#3376,0.0023);
#27=CYLINDRICAL_SURFACE('',#3377,0.0023);
#28=CYLINDRICAL_SURFACE('',#3386,0.0023);
#29=CYLINDRICAL_SURFACE('',#3387,0.0023);
#30=CYLINDRICAL_SURFACE('',#3388,0.0023);
#31=CYLINDRICAL_SURFACE('',#3389,0.0023);
#32=CYLINDRICAL_SURFACE('',#3398,0.0023);
#33=CYLINDRICAL_SURFACE('',#3399,0.0023);
#34=CYLINDRICAL_SURFACE('',#3400,0.0023);
#35=CYLINDRICAL_SURFACE('',#3401,0.0023);
#36=CYLINDRICAL_SURFACE('',#3410,0.0023);
#37=CYLINDRICAL_SURFACE('',#3411,0.0023);
#38=CYLINDRICAL_SURFACE('',#3412,0.0023);
#39=CYLINDRICAL_SURFACE('',#3413,0.0023);
#40=CYLINDRICAL_SURFACE('',#3422,0.0023);
#41=CYLINDRICAL_SURFACE('',#3423,0.0023);
#42=CYLINDRICAL_SURFACE('',#3424,0.0023);
#43=CYLINDRICAL_SURFACE('',#3425,0.0023);
#44=CYLINDRICAL_SURFACE('',#3434,0.0023);
#45=CYLINDRICAL_SURFACE('',#3435,0.0023);
#46=CYLINDRICAL_SURFACE('',#3436,0.0023);
#47=CYLINDRICAL_SURFACE('',#3437,0.0023);
#48=CYLINDRICAL_SURFACE('',#3458,0.0023);
#49=CYLINDRICAL_SURFACE('',#3459,0.0023);
#50=CYLINDRICAL_SURFACE('',#3460,0.0023);
#51=CYLINDRICAL_SURFACE('',#3461,0.0023);
#52=CYLINDRICAL_SURFACE('',#3462,0.002625);
#53=CYLINDRICAL_SURFACE('',#3463,0.002625);
#54=CYLINDRICAL_SURFACE('',#3464,0.002625);
#55=CYLINDRICAL_SURFACE('',#3465,0.002625);
#56=CYLINDRICAL_SURFACE('',#3468,0.002625);
#57=CYLINDRICAL_SURFACE('',#3471,0.002625);
#58=CYLINDRICAL_SURFACE('',#3472,0.002625);
#59=CYLINDRICAL_SURFACE('',#3473,0.002625);
#60=CYLINDRICAL_SURFACE('',#3474,0.002625);
#61=CYLINDRICAL_SURFACE('',#3475,0.002625);
#62=CYLINDRICAL_SURFACE('',#3478,0.002625);
#63=CYLINDRICAL_SURFACE('',#3481,0.002625);
#64=CYLINDRICAL_SURFACE('',#3484,0.002625);
#65=CYLINDRICAL_SURFACE('',#3487,0.002625);
#66=CYLINDRICAL_SURFACE('',#3488,0.002625);
#67=CYLINDRICAL_SURFACE('',#3489,0.002625);
#68=CYLINDRICAL_SURFACE('',#3492,0.002625);
#69=CYLINDRICAL_SURFACE('',#3495,0.002625);
#70=CYLINDRICAL_SURFACE('',#3496,0.002625);
#71=CYLINDRICAL_SURFACE('',#3497,0.002625);
#72=CYLINDRICAL_SURFACE('',#3498,0.002625);
#73=CYLINDRICAL_SURFACE('',#3501,0.002625);
#74=CYLINDRICAL_SURFACE('',#3504,0.002625);
#75=CYLINDRICAL_SURFACE('',#3507,0.002625);
#76=CYLINDRICAL_SURFACE('',#3512,0.002625);
#77=CYLINDRICAL_SURFACE('',#3515,0.002625);
#78=CYLINDRICAL_SURFACE('',#3518,0.002625);
#79=CYLINDRICAL_SURFACE('',#3521,0.002625);
#80=CYLINDRICAL_SURFACE('',#3524,0.002625);
#81=CYLINDRICAL_SURFACE('',#3527,0.002625);
#82=CYLINDRICAL_SURFACE('',#3530,0.002625);
#83=CYLINDRICAL_SURFACE('',#3533,0.002625);
#84=CYLINDRICAL_SURFACE('',#3534,0.002625);
#85=CYLINDRICAL_SURFACE('',#3537,0.002625);
#86=CYLINDRICAL_SURFACE('',#3542,0.002625);
#87=CYLINDRICAL_SURFACE('',#3547,0.002625);
#88=CYLINDRICAL_SURFACE('',#3552,0.002625);
#89=CYLINDRICAL_SURFACE('',#3557,0.002625);
#90=CYLINDRICAL_SURFACE('',#3560,0.002625);
#91=CYLINDRICAL_SURFACE('',#3565,0.002625);
#92=CYLINDRICAL_SURFACE('',#3570,0.002625);
#93=CYLINDRICAL_SURFACE('',#3573,0.002625);
#94=CYLINDRICAL_SURFACE('',#3576,0.002625);
#95=CYLINDRICAL_SURFACE('',#3579,0.002625);
#96=CYLINDRICAL_SURFACE('',#3582,0.002625);
#97=CYLINDRICAL_SURFACE('',#3585,0.002625);
#98=CYLINDRICAL_SURFACE('',#3588,0.002625);
#99=CYLINDRICAL_SURFACE('',#3591,0.002625);
#100=CYLINDRICAL_SURFACE('',#3594,0.002625);
#101=CYLINDRICAL_SURFACE('',#3597,0.002625);
#102=CYLINDRICAL_SURFACE('',#3600,0.002625);
#103=CYLINDRICAL_SURFACE('',#3603,0.002625);
#104=CYLINDRICAL_SURFACE('',#3606,0.002625);
#105=CYLINDRICAL_SURFACE('',#3609,0.002625);
#106=CYLINDRICAL_SURFACE('',#3612,0.002625);
#107=CYLINDRICAL_SURFACE('',#3615,0.002625);
#108=CYLINDRICAL_SURFACE('',#3619,0.002625);
#109=CYLINDRICAL_SURFACE('',#3622,0.002625);
#110=CYLINDRICAL_SURFACE('',#3625,0.002625);
#111=CYLINDRICAL_SURFACE('',#3628,0.002625);
#112=CYLINDRICAL_SURFACE('',#3631,0.002625);
#113=CYLINDRICAL_SURFACE('',#3634,0.002625);
#114=LINE('',#4665,#298);
#115=LINE('',#4668,#299);
#116=LINE('',#4670,#300);
#117=LINE('',#4672,#301);
#118=LINE('',#4684,#302);
#119=LINE('',#4686,#303);
#120=LINE('',#4688,#304);
#121=LINE('',#4700,#305);
#122=LINE('',#4702,#306);
#123=LINE('',#4704,#307);
#124=LINE('',#4720,#308);
#125=LINE('',#4721,#309);
#126=LINE('',#4726,#310);
#127=LINE('',#4730,#311);
#128=LINE('',#4734,#312);
#129=LINE('',#4738,#313);
#130=LINE('',#4742,#314);
#131=LINE('',#4746,#315);
#132=LINE('',#4750,#316);
#133=LINE('',#4754,#317);
#134=LINE('',#4758,#318);
#135=LINE('',#4762,#319);
#136=LINE('',#4766,#320);
#137=LINE('',#4770,#321);
#138=LINE('',#4774,#322);
#139=LINE('',#4778,#323);
#140=LINE('',#4782,#324);
#141=LINE('',#4786,#325);
#142=LINE('',#4790,#326);
#143=LINE('',#4794,#327);
#144=LINE('',#4798,#328);
#145=LINE('',#4802,#329);
#146=LINE('',#4806,#330);
#147=LINE('',#4810,#331);
#148=LINE('',#4814,#332);
#149=LINE('',#4818,#333);
#150=LINE('',#4822,#334);
#151=LINE('',#4826,#335);
#152=LINE('',#4830,#336);
#153=LINE('',#4834,#337);
#154=LINE('',#4838,#338);
#155=LINE('',#4842,#339);
#156=LINE('',#4846,#340);
#157=LINE('',#4850,#341);
#158=LINE('',#4854,#342);
#159=LINE('',#4858,#343);
#160=LINE('',#4862,#344);
#161=LINE('',#4866,#345);
#162=LINE('',#4870,#346);
#163=LINE('',#4874,#347);
#164=LINE('',#4878,#348);
#165=LINE('',#4882,#349);
#166=LINE('',#4884,#350);
#167=LINE('',#4889,#351);
#168=LINE('',#4893,#352);
#169=LINE('',#4897,#353);
#170=LINE('',#4900,#354);
#171=LINE('',#4905,#355);
#172=LINE('',#4909,#356);
#173=LINE('',#4913,#357);
#174=LINE('',#4916,#358);
#175=LINE('',#4921,#359);
#176=LINE('',#4925,#360);
#177=LINE('',#4929,#361);
#178=LINE('',#4932,#362);
#179=LINE('',#4937,#363);
#180=LINE('',#4941,#364);
#181=LINE('',#4945,#365);
#182=LINE('',#4948,#366);
#183=LINE('',#4953,#367);
#184=LINE('',#4957,#368);
#185=LINE('',#4961,#369);
#186=LINE('',#4964,#370);
#187=LINE('',#4969,#371);
#188=LINE('',#4973,#372);
#189=LINE('',#4977,#373);
#190=LINE('',#4980,#374);
#191=LINE('',#4985,#375);
#192=LINE('',#4989,#376);
#193=LINE('',#4993,#377);
#194=LINE('',#4996,#378);
#195=LINE('',#5001,#379);
#196=LINE('',#5005,#380);
#197=LINE('',#5009,#381);
#198=LINE('',#5012,#382);
#199=LINE('',#5017,#383);
#200=LINE('',#5021,#384);
#201=LINE('',#5025,#385);
#202=LINE('',#5028,#386);
#203=LINE('',#5033,#387);
#204=LINE('',#5037,#388);
#205=LINE('',#5041,#389);
#206=LINE('',#5045,#390);
#207=LINE('',#5046,#391);
#208=LINE('',#5052,#392);
#209=LINE('',#5053,#393);
#210=LINE('',#5055,#394);
#211=LINE('',#5056,#395);
#212=LINE('',#5062,#396);
#213=LINE('',#5063,#397);
#214=LINE('',#5073,#398);
#215=LINE('',#5074,#399);
#216=LINE('',#5076,#400);
#217=LINE('',#5077,#401);
#218=LINE('',#5083,#402);
#219=LINE('',#5084,#403);
#220=LINE('',#5086,#404);
#221=LINE('',#5087,#405);
#222=LINE('',#5093,#406);
#223=LINE('',#5094,#407);
#224=LINE('',#5100,#408);
#225=LINE('',#5101,#409);
#226=LINE('',#5103,#410);
#227=LINE('',#5104,#411);
#228=LINE('',#5110,#412);
#229=LINE('',#5111,#413);
#230=LINE('',#5117,#414);
#231=LINE('',#5118,#415);
#232=LINE('',#5124,#416);
#233=LINE('',#5125,#417);
#234=LINE('',#5127,#418);
#235=LINE('',#5128,#419);
#236=LINE('',#5134,#420);
#237=LINE('',#5135,#421);
#238=LINE('',#5145,#422);
#239=LINE('',#5146,#423);
#240=LINE('',#5148,#424);
#241=LINE('',#5149,#425);
#242=LINE('',#5155,#426);
#243=LINE('',#5156,#427);
#244=LINE('',#5158,#428);
#245=LINE('',#5159,#429);
#246=LINE('',#5165,#430);
#247=LINE('',#5166,#431);
#248=LINE('',#5172,#432);
#249=LINE('',#5173,#433);
#250=LINE('',#5175,#434);
#251=LINE('',#5176,#435);
#252=LINE('',#5182,#436);
#253=LINE('',#5183,#437);
#254=LINE('',#5189,#438);
#255=LINE('',#5190,#439);
#256=LINE('',#5196,#440);
#257=LINE('',#5197,#441);
#258=LINE('',#5199,#442);
#259=LINE('',#5200,#443);
#260=LINE('',#5206,#444);
#261=LINE('',#5207,#445);
#262=LINE('',#5217,#446);
#263=LINE('',#5218,#447);
#264=LINE('',#5220,#448);
#265=LINE('',#5221,#449);
#266=LINE('',#5227,#450);
#267=LINE('',#5228,#451);
#268=LINE('',#5230,#452);
#269=LINE('',#5231,#453);
#270=LINE('',#5241,#454);
#271=LINE('',#5242,#455);
#272=LINE('',#5244,#456);
#273=LINE('',#5245,#457);
#274=LINE('',#5251,#458);
#275=LINE('',#5252,#459);
#276=LINE('',#5254,#460);
#277=LINE('',#5255,#461);
#278=LINE('',#5277,#462);
#279=LINE('',#5278,#463);
#280=LINE('',#5280,#464);
#281=LINE('',#5281,#465);
#282=LINE('',#5299,#466);
#283=LINE('',#5300,#467);
#284=LINE('',#5302,#468);
#285=LINE('',#5303,#469);
#286=LINE('',#5405,#470);
#287=LINE('',#5410,#471);
#288=LINE('',#5416,#472);
#289=LINE('',#5421,#473);
#290=LINE('',#5427,#474);
#291=LINE('',#5432,#475);
#292=LINE('',#5438,#476);
#293=LINE('',#5443,#477);
#294=LINE('',#5453,#478);
#295=LINE('',#5458,#479);
#296=LINE('',#5464,#480);
#297=LINE('',#5469,#481);
#298=VECTOR('',#3651,1.);
#299=VECTOR('',#3652,1.);
#300=VECTOR('',#3653,1.);
#301=VECTOR('',#3654,1.);
#302=VECTOR('',#3667,1.);
#303=VECTOR('',#3668,1.);
#304=VECTOR('',#3669,1.);
#305=VECTOR('',#3682,1.);
#306=VECTOR('',#3683,1.);
#307=VECTOR('',#3684,1.);
#308=VECTOR('',#3701,1.);
#309=VECTOR('',#3702,1.);
#310=VECTOR('',#3707,1.);
#311=VECTOR('',#3710,1.);
#312=VECTOR('',#3713,1.);
#313=VECTOR('',#3716,1.);
#314=VECTOR('',#3719,1.);
#315=VECTOR('',#3722,1.);
#316=VECTOR('',#3725,1.);
#317=VECTOR('',#3728,1.);
#318=VECTOR('',#3731,1.);
#319=VECTOR('',#3734,1.);
#320=VECTOR('',#3737,1.);
#321=VECTOR('',#3740,1.);
#322=VECTOR('',#3743,1.);
#323=VECTOR('',#3746,1.);
#324=VECTOR('',#3749,1.);
#325=VECTOR('',#3752,1.);
#326=VECTOR('',#3755,1.);
#327=VECTOR('',#3758,1.);
#328=VECTOR('',#3761,1.);
#329=VECTOR('',#3764,1.);
#330=VECTOR('',#3767,1.);
#331=VECTOR('',#3770,1.);
#332=VECTOR('',#3773,1.);
#333=VECTOR('',#3776,1.);
#334=VECTOR('',#3779,1.);
#335=VECTOR('',#3782,1.);
#336=VECTOR('',#3785,1.);
#337=VECTOR('',#3788,1.);
#338=VECTOR('',#3791,1.);
#339=VECTOR('',#3794,1.);
#340=VECTOR('',#3797,1.);
#341=VECTOR('',#3800,1.);
#342=VECTOR('',#3803,1.);
#343=VECTOR('',#3806,1.);
#344=VECTOR('',#3809,1.);
#345=VECTOR('',#3812,1.);
#346=VECTOR('',#3815,1.);
#347=VECTOR('',#3818,1.);
#348=VECTOR('',#3821,1.);
#349=VECTOR('',#3824,1.);
#350=VECTOR('',#3827,1.);
#351=VECTOR('',#3830,1.);
#352=VECTOR('',#3833,1.);
#353=VECTOR('',#3836,1.);
#354=VECTOR('',#3839,1.);
#355=VECTOR('',#3842,1.);
#356=VECTOR('',#3845,1.);
#357=VECTOR('',#3848,1.);
#358=VECTOR('',#3851,1.);
#359=VECTOR('',#3854,1.);
#360=VECTOR('',#3857,1.);
#361=VECTOR('',#3860,1.);
#362=VECTOR('',#3863,1.);
#363=VECTOR('',#3866,1.);
#364=VECTOR('',#3869,1.);
#365=VECTOR('',#3872,1.);
#366=VECTOR('',#3875,1.);
#367=VECTOR('',#3878,1.);
#368=VECTOR('',#3881,1.);
#369=VECTOR('',#3884,1.);
#370=VECTOR('',#3887,1.);
#371=VECTOR('',#3890,1.);
#372=VECTOR('',#3893,1.);
#373=VECTOR('',#3896,1.);
#374=VECTOR('',#3899,1.);
#375=VECTOR('',#3902,1.);
#376=VECTOR('',#3905,1.);
#377=VECTOR('',#3908,1.);
#378=VECTOR('',#3911,1.);
#379=VECTOR('',#3914,1.);
#380=VECTOR('',#3917,1.);
#381=VECTOR('',#3920,1.);
#382=VECTOR('',#3923,1.);
#383=VECTOR('',#3926,1.);
#384=VECTOR('',#3929,1.);
#385=VECTOR('',#3932,1.);
#386=VECTOR('',#3935,1.);
#387=VECTOR('',#3938,1.);
#388=VECTOR('',#3941,1.);
#389=VECTOR('',#3944,1.);
#390=VECTOR('',#3949,1.);
#391=VECTOR('',#3950,1.);
#392=VECTOR('',#3957,1.);
#393=VECTOR('',#3958,1.);
#394=VECTOR('',#3961,1.);
#395=VECTOR('',#3962,1.);
#396=VECTOR('',#3969,1.);
#397=VECTOR('',#3970,1.);
#398=VECTOR('',#3985,1.);
#399=VECTOR('',#3986,1.);
#400=VECTOR('',#3989,1.);
#401=VECTOR('',#3990,1.);
#402=VECTOR('',#3997,1.);
#403=VECTOR('',#3998,1.);
#404=VECTOR('',#4001,1.);
#405=VECTOR('',#4002,1.);
#406=VECTOR('',#4013,1.);
#407=VECTOR('',#4014,1.);
#408=VECTOR('',#4021,1.);
#409=VECTOR('',#4022,1.);
#410=VECTOR('',#4025,1.);
#411=VECTOR('',#4026,1.);
#412=VECTOR('',#4033,1.);
#413=VECTOR('',#4034,1.);
#414=VECTOR('',#4045,1.);
#415=VECTOR('',#4046,1.);
#416=VECTOR('',#4053,1.);
#417=VECTOR('',#4054,1.);
#418=VECTOR('',#4057,1.);
#419=VECTOR('',#4058,1.);
#420=VECTOR('',#4065,1.);
#421=VECTOR('',#4066,1.);
#422=VECTOR('',#4081,1.);
#423=VECTOR('',#4082,1.);
#424=VECTOR('',#4085,1.);
#425=VECTOR('',#4086,1.);
#426=VECTOR('',#4093,1.);
#427=VECTOR('',#4094,1.);
#428=VECTOR('',#4097,1.);
#429=VECTOR('',#4098,1.);
#430=VECTOR('',#4109,1.);
#431=VECTOR('',#4110,1.);
#432=VECTOR('',#4117,1.);
#433=VECTOR('',#4118,1.);
#434=VECTOR('',#4121,1.);
#435=VECTOR('',#4122,1.);
#436=VECTOR('',#4129,1.);
#437=VECTOR('',#4130,1.);
#438=VECTOR('',#4141,1.);
#439=VECTOR('',#4142,1.);
#440=VECTOR('',#4149,1.);
#441=VECTOR('',#4150,1.);
#442=VECTOR('',#4153,1.);
#443=VECTOR('',#4154,1.);
#444=VECTOR('',#4161,1.);
#445=VECTOR('',#4162,1.);
#446=VECTOR('',#4177,1.);
#447=VECTOR('',#4178,1.);
#448=VECTOR('',#4181,1.);
#449=VECTOR('',#4182,1.);
#450=VECTOR('',#4189,1.);
#451=VECTOR('',#4190,1.);
#452=VECTOR('',#4193,1.);
#453=VECTOR('',#4194,1.);
#454=VECTOR('',#4209,1.);
#455=VECTOR('',#4210,1.);
#456=VECTOR('',#4213,1.);
#457=VECTOR('',#4214,1.);
#458=VECTOR('',#4221,1.);
#459=VECTOR('',#4222,1.);
#460=VECTOR('',#4225,1.);
#461=VECTOR('',#4226,1.);
#462=VECTOR('',#4253,1.);
#463=VECTOR('',#4254,1.);
#464=VECTOR('',#4257,1.);
#465=VECTOR('',#4258,1.);
#466=VECTOR('',#4277,1.);
#467=VECTOR('',#4278,1.);
#468=VECTOR('',#4281,1.);
#469=VECTOR('',#4282,1.);
#470=VECTOR('',#4443,1.);
#471=VECTOR('',#4446,1.);
#472=VECTOR('',#4455,1.);
#473=VECTOR('',#4458,1.);
#474=VECTOR('',#4467,1.);
#475=VECTOR('',#4470,1.);
#476=VECTOR('',#4479,1.);
#477=VECTOR('',#4482,1.);
#478=VECTOR('',#4497,1.);
#479=VECTOR('',#4500,1.);
#480=VECTOR('',#4509,1.);
#481=VECTOR('',#4512,1.);
#482=ORIENTED_EDGE('',*,*,#1284,.T.);
#483=ORIENTED_EDGE('',*,*,#1285,.T.);
#484=ORIENTED_EDGE('',*,*,#1286,.T.);
#485=ORIENTED_EDGE('',*,*,#1287,.T.);
#486=ORIENTED_EDGE('',*,*,#1288,.T.);
#487=ORIENTED_EDGE('',*,*,#1289,.F.);
#488=ORIENTED_EDGE('',*,*,#1290,.F.);
#489=ORIENTED_EDGE('',*,*,#1291,.T.);
#490=ORIENTED_EDGE('',*,*,#1292,.T.);
#491=ORIENTED_EDGE('',*,*,#1293,.F.);
#492=ORIENTED_EDGE('',*,*,#1294,.F.);
#493=ORIENTED_EDGE('',*,*,#1295,.F.);
#494=ORIENTED_EDGE('',*,*,#1296,.F.);
#495=ORIENTED_EDGE('',*,*,#1297,.F.);
#496=ORIENTED_EDGE('',*,*,#1298,.T.);
#497=ORIENTED_EDGE('',*,*,#1299,.F.);
#498=ORIENTED_EDGE('',*,*,#1300,.F.);
#499=ORIENTED_EDGE('',*,*,#1290,.T.);
#500=ORIENTED_EDGE('',*,*,#1301,.F.);
#501=ORIENTED_EDGE('',*,*,#1302,.F.);
#502=ORIENTED_EDGE('',*,*,#1303,.F.);
#503=ORIENTED_EDGE('',*,*,#1304,.F.);
#504=ORIENTED_EDGE('',*,*,#1305,.F.);
#505=ORIENTED_EDGE('',*,*,#1306,.T.);
#506=ORIENTED_EDGE('',*,*,#1307,.F.);
#507=ORIENTED_EDGE('',*,*,#1308,.F.);
#508=ORIENTED_EDGE('',*,*,#1299,.T.);
#509=ORIENTED_EDGE('',*,*,#1309,.T.);
#510=ORIENTED_EDGE('',*,*,#1310,.T.);
#511=ORIENTED_EDGE('',*,*,#1311,.T.);
#512=ORIENTED_EDGE('',*,*,#1312,.T.);
#513=ORIENTED_EDGE('',*,*,#1313,.T.);
#514=ORIENTED_EDGE('',*,*,#1314,.T.);
#515=ORIENTED_EDGE('',*,*,#1315,.T.);
#516=ORIENTED_EDGE('',*,*,#1316,.F.);
#517=ORIENTED_EDGE('',*,*,#1292,.F.);
#518=ORIENTED_EDGE('',*,*,#1317,.T.);
#519=ORIENTED_EDGE('',*,*,#1307,.T.);
#520=ORIENTED_EDGE('',*,*,#1318,.F.);
#521=ORIENTED_EDGE('',*,*,#1319,.F.);
#522=ORIENTED_EDGE('',*,*,#1320,.F.);
#523=ORIENTED_EDGE('',*,*,#1321,.T.);
#524=ORIENTED_EDGE('',*,*,#1322,.F.);
#525=ORIENTED_EDGE('',*,*,#1323,.T.);
#526=ORIENTED_EDGE('',*,*,#1324,.F.);
#527=ORIENTED_EDGE('',*,*,#1325,.F.);
#528=ORIENTED_EDGE('',*,*,#1326,.F.);
#529=ORIENTED_EDGE('',*,*,#1327,.T.);
#530=ORIENTED_EDGE('',*,*,#1328,.F.);
#531=ORIENTED_EDGE('',*,*,#1329,.T.);
#532=ORIENTED_EDGE('',*,*,#1330,.F.);
#533=ORIENTED_EDGE('',*,*,#1331,.F.);
#534=ORIENTED_EDGE('',*,*,#1332,.F.);
#535=ORIENTED_EDGE('',*,*,#1333,.F.);
#536=ORIENTED_EDGE('',*,*,#1334,.F.);
#537=ORIENTED_EDGE('',*,*,#1335,.F.);
#538=ORIENTED_EDGE('',*,*,#1336,.F.);
#539=ORIENTED_EDGE('',*,*,#1337,.T.);
#540=ORIENTED_EDGE('',*,*,#1338,.F.);
#541=ORIENTED_EDGE('',*,*,#1339,.T.);
#542=ORIENTED_EDGE('',*,*,#1340,.F.);
#543=ORIENTED_EDGE('',*,*,#1341,.F.);
#544=ORIENTED_EDGE('',*,*,#1342,.F.);
#545=ORIENTED_EDGE('',*,*,#1343,.T.);
#546=ORIENTED_EDGE('',*,*,#1344,.F.);
#547=ORIENTED_EDGE('',*,*,#1345,.T.);
#548=ORIENTED_EDGE('',*,*,#1346,.F.);
#549=ORIENTED_EDGE('',*,*,#1347,.F.);
#550=ORIENTED_EDGE('',*,*,#1348,.F.);
#551=ORIENTED_EDGE('',*,*,#1349,.F.);
#552=ORIENTED_EDGE('',*,*,#1350,.F.);
#553=ORIENTED_EDGE('',*,*,#1351,.F.);
#554=ORIENTED_EDGE('',*,*,#1352,.F.);
#555=ORIENTED_EDGE('',*,*,#1353,.T.);
#556=ORIENTED_EDGE('',*,*,#1354,.F.);
#557=ORIENTED_EDGE('',*,*,#1355,.T.);
#558=ORIENTED_EDGE('',*,*,#1356,.F.);
#559=ORIENTED_EDGE('',*,*,#1357,.F.);
#560=ORIENTED_EDGE('',*,*,#1358,.F.);
#561=ORIENTED_EDGE('',*,*,#1359,.T.);
#562=ORIENTED_EDGE('',*,*,#1360,.F.);
#563=ORIENTED_EDGE('',*,*,#1361,.F.);
#564=ORIENTED_EDGE('',*,*,#1362,.F.);
#565=ORIENTED_EDGE('',*,*,#1363,.T.);
#566=ORIENTED_EDGE('',*,*,#1364,.F.);
#567=ORIENTED_EDGE('',*,*,#1365,.T.);
#568=ORIENTED_EDGE('',*,*,#1366,.F.);
#569=ORIENTED_EDGE('',*,*,#1367,.F.);
#570=ORIENTED_EDGE('',*,*,#1368,.F.);
#571=ORIENTED_EDGE('',*,*,#1369,.F.);
#572=ORIENTED_EDGE('',*,*,#1370,.F.);
#573=ORIENTED_EDGE('',*,*,#1371,.T.);
#574=ORIENTED_EDGE('',*,*,#1372,.F.);
#575=ORIENTED_EDGE('',*,*,#1373,.T.);
#576=ORIENTED_EDGE('',*,*,#1374,.F.);
#577=ORIENTED_EDGE('',*,*,#1375,.F.);
#578=ORIENTED_EDGE('',*,*,#1376,.F.);
#579=ORIENTED_EDGE('',*,*,#1377,.T.);
#580=ORIENTED_EDGE('',*,*,#1378,.F.);
#581=ORIENTED_EDGE('',*,*,#1379,.T.);
#582=ORIENTED_EDGE('',*,*,#1380,.F.);
#583=ORIENTED_EDGE('',*,*,#1381,.F.);
#584=ORIENTED_EDGE('',*,*,#1382,.F.);
#585=ORIENTED_EDGE('',*,*,#1383,.F.);
#586=ORIENTED_EDGE('',*,*,#1384,.F.);
#587=ORIENTED_EDGE('',*,*,#1385,.T.);
#588=ORIENTED_EDGE('',*,*,#1386,.F.);
#589=ORIENTED_EDGE('',*,*,#1387,.T.);
#590=ORIENTED_EDGE('',*,*,#1388,.F.);
#591=ORIENTED_EDGE('',*,*,#1389,.T.);
#592=ORIENTED_EDGE('',*,*,#1390,.F.);
#593=ORIENTED_EDGE('',*,*,#1391,.F.);
#594=ORIENTED_EDGE('',*,*,#1392,.F.);
#595=ORIENTED_EDGE('',*,*,#1393,.T.);
#596=ORIENTED_EDGE('',*,*,#1394,.F.);
#597=ORIENTED_EDGE('',*,*,#1395,.T.);
#598=ORIENTED_EDGE('',*,*,#1396,.F.);
#599=ORIENTED_EDGE('',*,*,#1397,.T.);
#600=ORIENTED_EDGE('',*,*,#1291,.F.);
#601=ORIENTED_EDGE('',*,*,#1300,.T.);
#602=ORIENTED_EDGE('',*,*,#1308,.T.);
#603=ORIENTED_EDGE('',*,*,#1317,.F.);
#604=ORIENTED_EDGE('',*,*,#1398,.T.);
#605=ORIENTED_EDGE('',*,*,#1399,.T.);
#606=ORIENTED_EDGE('',*,*,#1400,.T.);
#607=ORIENTED_EDGE('',*,*,#1401,.T.);
#608=ORIENTED_EDGE('',*,*,#1402,.F.);
#609=ORIENTED_EDGE('',*,*,#1403,.T.);
#610=ORIENTED_EDGE('',*,*,#1404,.F.);
#611=ORIENTED_EDGE('',*,*,#1405,.T.);
#612=ORIENTED_EDGE('',*,*,#1406,.F.);
#613=ORIENTED_EDGE('',*,*,#1407,.T.);
#614=ORIENTED_EDGE('',*,*,#1408,.T.);
#615=ORIENTED_EDGE('',*,*,#1409,.T.);
#616=ORIENTED_EDGE('',*,*,#1410,.T.);
#617=ORIENTED_EDGE('',*,*,#1411,.T.);
#618=ORIENTED_EDGE('',*,*,#1412,.F.);
#619=ORIENTED_EDGE('',*,*,#1413,.T.);
#620=ORIENTED_EDGE('',*,*,#1414,.T.);
#621=ORIENTED_EDGE('',*,*,#1415,.T.);
#622=ORIENTED_EDGE('',*,*,#1416,.T.);
#623=ORIENTED_EDGE('',*,*,#1417,.T.);
#624=ORIENTED_EDGE('',*,*,#1418,.F.);
#625=ORIENTED_EDGE('',*,*,#1419,.T.);
#626=ORIENTED_EDGE('',*,*,#1420,.F.);
#627=ORIENTED_EDGE('',*,*,#1421,.T.);
#628=ORIENTED_EDGE('',*,*,#1422,.F.);
#629=ORIENTED_EDGE('',*,*,#1423,.T.);
#630=ORIENTED_EDGE('',*,*,#1424,.T.);
#631=ORIENTED_EDGE('',*,*,#1425,.T.);
#632=ORIENTED_EDGE('',*,*,#1426,.T.);
#633=ORIENTED_EDGE('',*,*,#1427,.T.);
#634=ORIENTED_EDGE('',*,*,#1428,.F.);
#635=ORIENTED_EDGE('',*,*,#1429,.T.);
#636=ORIENTED_EDGE('',*,*,#1430,.T.);
#637=ORIENTED_EDGE('',*,*,#1431,.T.);
#638=ORIENTED_EDGE('',*,*,#1432,.T.);
#639=ORIENTED_EDGE('',*,*,#1433,.T.);
#640=ORIENTED_EDGE('',*,*,#1434,.F.);
#641=ORIENTED_EDGE('',*,*,#1435,.T.);
#642=ORIENTED_EDGE('',*,*,#1436,.F.);
#643=ORIENTED_EDGE('',*,*,#1437,.T.);
#644=ORIENTED_EDGE('',*,*,#1438,.F.);
#645=ORIENTED_EDGE('',*,*,#1439,.T.);
#646=ORIENTED_EDGE('',*,*,#1440,.F.);
#647=ORIENTED_EDGE('',*,*,#1441,.T.);
#648=ORIENTED_EDGE('',*,*,#1442,.F.);
#649=ORIENTED_EDGE('',*,*,#1443,.T.);
#650=ORIENTED_EDGE('',*,*,#1444,.T.);
#651=ORIENTED_EDGE('',*,*,#1445,.T.);
#652=ORIENTED_EDGE('',*,*,#1446,.T.);
#653=ORIENTED_EDGE('',*,*,#1447,.T.);
#654=ORIENTED_EDGE('',*,*,#1448,.F.);
#655=ORIENTED_EDGE('',*,*,#1449,.T.);
#656=ORIENTED_EDGE('',*,*,#1450,.F.);
#657=ORIENTED_EDGE('',*,*,#1451,.T.);
#658=ORIENTED_EDGE('',*,*,#1452,.T.);
#659=ORIENTED_EDGE('',*,*,#1453,.T.);
#660=ORIENTED_EDGE('',*,*,#1454,.T.);
#661=ORIENTED_EDGE('',*,*,#1455,.T.);
#662=ORIENTED_EDGE('',*,*,#1456,.T.);
#663=ORIENTED_EDGE('',*,*,#1457,.T.);
#664=ORIENTED_EDGE('',*,*,#1458,.F.);
#665=ORIENTED_EDGE('',*,*,#1459,.T.);
#666=ORIENTED_EDGE('',*,*,#1460,.F.);
#667=ORIENTED_EDGE('',*,*,#1461,.T.);
#668=ORIENTED_EDGE('',*,*,#1462,.T.);
#669=ORIENTED_EDGE('',*,*,#1463,.T.);
#670=ORIENTED_EDGE('',*,*,#1464,.F.);
#671=ORIENTED_EDGE('',*,*,#1465,.T.);
#672=ORIENTED_EDGE('',*,*,#1466,.F.);
#673=ORIENTED_EDGE('',*,*,#1467,.T.);
#674=ORIENTED_EDGE('',*,*,#1468,.F.);
#675=ORIENTED_EDGE('',*,*,#1469,.T.);
#676=ORIENTED_EDGE('',*,*,#1470,.T.);
#677=ORIENTED_EDGE('',*,*,#1471,.T.);
#678=ORIENTED_EDGE('',*,*,#1472,.F.);
#679=ORIENTED_EDGE('',*,*,#1473,.T.);
#680=ORIENTED_EDGE('',*,*,#1474,.F.);
#681=ORIENTED_EDGE('',*,*,#1475,.T.);
#682=ORIENTED_EDGE('',*,*,#1476,.F.);
#683=ORIENTED_EDGE('',*,*,#1477,.T.);
#684=ORIENTED_EDGE('',*,*,#1289,.T.);
#685=ORIENTED_EDGE('',*,*,#1316,.T.);
#686=ORIENTED_EDGE('',*,*,#1306,.F.);
#687=ORIENTED_EDGE('',*,*,#1298,.F.);
#688=ORIENTED_EDGE('',*,*,#1478,.F.);
#689=ORIENTED_EDGE('',*,*,#1472,.T.);
#690=ORIENTED_EDGE('',*,*,#1479,.F.);
#691=ORIENTED_EDGE('',*,*,#1397,.F.);
#692=ORIENTED_EDGE('',*,*,#1480,.T.);
#693=ORIENTED_EDGE('',*,*,#1481,.T.);
#694=ORIENTED_EDGE('',*,*,#1482,.F.);
#695=ORIENTED_EDGE('',*,*,#1474,.T.);
#696=ORIENTED_EDGE('',*,*,#1483,.F.);
#697=ORIENTED_EDGE('',*,*,#1395,.F.);
#698=ORIENTED_EDGE('',*,*,#1484,.F.);
#699=ORIENTED_EDGE('',*,*,#1476,.T.);
#700=ORIENTED_EDGE('',*,*,#1485,.F.);
#701=ORIENTED_EDGE('',*,*,#1393,.F.);
#702=ORIENTED_EDGE('',*,*,#1486,.F.);
#703=ORIENTED_EDGE('',*,*,#1487,.F.);
#704=ORIENTED_EDGE('',*,*,#1391,.T.);
#705=ORIENTED_EDGE('',*,*,#1488,.F.);
#706=ORIENTED_EDGE('',*,*,#1470,.F.);
#707=ORIENTED_EDGE('',*,*,#1489,.F.);
#708=ORIENTED_EDGE('',*,*,#1396,.T.);
#709=ORIENTED_EDGE('',*,*,#1483,.T.);
#710=ORIENTED_EDGE('',*,*,#1473,.F.);
#711=ORIENTED_EDGE('',*,*,#1478,.T.);
#712=ORIENTED_EDGE('',*,*,#1390,.T.);
#713=ORIENTED_EDGE('',*,*,#1479,.T.);
#714=ORIENTED_EDGE('',*,*,#1471,.F.);
#715=ORIENTED_EDGE('',*,*,#1488,.T.);
#716=ORIENTED_EDGE('',*,*,#1392,.T.);
#717=ORIENTED_EDGE('',*,*,#1489,.T.);
#718=ORIENTED_EDGE('',*,*,#1477,.F.);
#719=ORIENTED_EDGE('',*,*,#1484,.T.);
#720=ORIENTED_EDGE('',*,*,#1394,.T.);
#721=ORIENTED_EDGE('',*,*,#1485,.T.);
#722=ORIENTED_EDGE('',*,*,#1475,.F.);
#723=ORIENTED_EDGE('',*,*,#1482,.T.);
#724=ORIENTED_EDGE('',*,*,#1490,.F.);
#725=ORIENTED_EDGE('',*,*,#1491,.F.);
#726=ORIENTED_EDGE('',*,*,#1383,.T.);
#727=ORIENTED_EDGE('',*,*,#1492,.F.);
#728=ORIENTED_EDGE('',*,*,#1462,.F.);
#729=ORIENTED_EDGE('',*,*,#1493,.F.);
#730=ORIENTED_EDGE('',*,*,#1494,.F.);
#731=ORIENTED_EDGE('',*,*,#1464,.T.);
#732=ORIENTED_EDGE('',*,*,#1495,.F.);
#733=ORIENTED_EDGE('',*,*,#1389,.F.);
#734=ORIENTED_EDGE('',*,*,#1496,.T.);
#735=ORIENTED_EDGE('',*,*,#1497,.T.);
#736=ORIENTED_EDGE('',*,*,#1498,.F.);
#737=ORIENTED_EDGE('',*,*,#1466,.T.);
#738=ORIENTED_EDGE('',*,*,#1499,.F.);
#739=ORIENTED_EDGE('',*,*,#1387,.F.);
#740=ORIENTED_EDGE('',*,*,#1500,.F.);
#741=ORIENTED_EDGE('',*,*,#1468,.T.);
#742=ORIENTED_EDGE('',*,*,#1501,.F.);
#743=ORIENTED_EDGE('',*,*,#1385,.F.);
#744=ORIENTED_EDGE('',*,*,#1382,.T.);
#745=ORIENTED_EDGE('',*,*,#1495,.T.);
#746=ORIENTED_EDGE('',*,*,#1463,.F.);
#747=ORIENTED_EDGE('',*,*,#1492,.T.);
#748=ORIENTED_EDGE('',*,*,#1388,.T.);
#749=ORIENTED_EDGE('',*,*,#1499,.T.);
#750=ORIENTED_EDGE('',*,*,#1465,.F.);
#751=ORIENTED_EDGE('',*,*,#1494,.T.);
#752=ORIENTED_EDGE('',*,*,#1384,.T.);
#753=ORIENTED_EDGE('',*,*,#1493,.T.);
#754=ORIENTED_EDGE('',*,*,#1469,.F.);
#755=ORIENTED_EDGE('',*,*,#1500,.T.);
#756=ORIENTED_EDGE('',*,*,#1386,.T.);
#757=ORIENTED_EDGE('',*,*,#1501,.T.);
#758=ORIENTED_EDGE('',*,*,#1467,.F.);
#759=ORIENTED_EDGE('',*,*,#1498,.T.);
#760=ORIENTED_EDGE('',*,*,#1502,.F.);
#761=ORIENTED_EDGE('',*,*,#1458,.T.);
#762=ORIENTED_EDGE('',*,*,#1503,.F.);
#763=ORIENTED_EDGE('',*,*,#1379,.F.);
#764=ORIENTED_EDGE('',*,*,#1504,.T.);
#765=ORIENTED_EDGE('',*,*,#1505,.T.);
#766=ORIENTED_EDGE('',*,*,#1506,.F.);
#767=ORIENTED_EDGE('',*,*,#1460,.T.);
#768=ORIENTED_EDGE('',*,*,#1507,.F.);
#769=ORIENTED_EDGE('',*,*,#1377,.F.);
#770=ORIENTED_EDGE('',*,*,#1375,.T.);
#771=ORIENTED_EDGE('',*,*,#1508,.F.);
#772=ORIENTED_EDGE('',*,*,#1454,.F.);
#773=ORIENTED_EDGE('',*,*,#1509,.F.);
#774=ORIENTED_EDGE('',*,*,#1510,.F.);
#775=ORIENTED_EDGE('',*,*,#1511,.F.);
#776=ORIENTED_EDGE('',*,*,#1381,.T.);
#777=ORIENTED_EDGE('',*,*,#1512,.F.);
#778=ORIENTED_EDGE('',*,*,#1456,.F.);
#779=ORIENTED_EDGE('',*,*,#1513,.F.);
#780=ORIENTED_EDGE('',*,*,#1374,.T.);
#781=ORIENTED_EDGE('',*,*,#1513,.T.);
#782=ORIENTED_EDGE('',*,*,#1455,.F.);
#783=ORIENTED_EDGE('',*,*,#1508,.T.);
#784=ORIENTED_EDGE('',*,*,#1376,.T.);
#785=ORIENTED_EDGE('',*,*,#1509,.T.);
#786=ORIENTED_EDGE('',*,*,#1461,.F.);
#787=ORIENTED_EDGE('',*,*,#1506,.T.);
#788=ORIENTED_EDGE('',*,*,#1380,.T.);
#789=ORIENTED_EDGE('',*,*,#1503,.T.);
#790=ORIENTED_EDGE('',*,*,#1457,.F.);
#791=ORIENTED_EDGE('',*,*,#1512,.T.);
#792=ORIENTED_EDGE('',*,*,#1378,.T.);
#793=ORIENTED_EDGE('',*,*,#1507,.T.);
#794=ORIENTED_EDGE('',*,*,#1459,.F.);
#795=ORIENTED_EDGE('',*,*,#1502,.T.);
#796=ORIENTED_EDGE('',*,*,#1367,.T.);
#797=ORIENTED_EDGE('',*,*,#1514,.F.);
#798=ORIENTED_EDGE('',*,*,#1446,.F.);
#799=ORIENTED_EDGE('',*,*,#1515,.F.);
#800=ORIENTED_EDGE('',*,*,#1516,.T.);
#801=ORIENTED_EDGE('',*,*,#1517,.T.);
#802=ORIENTED_EDGE('',*,*,#1518,.F.);
#803=ORIENTED_EDGE('',*,*,#1448,.T.);
#804=ORIENTED_EDGE('',*,*,#1519,.F.);
#805=ORIENTED_EDGE('',*,*,#1373,.F.);
#806=ORIENTED_EDGE('',*,*,#1520,.F.);
#807=ORIENTED_EDGE('',*,*,#1450,.T.);
#808=ORIENTED_EDGE('',*,*,#1521,.F.);
#809=ORIENTED_EDGE('',*,*,#1371,.F.);
#810=ORIENTED_EDGE('',*,*,#1522,.F.);
#811=ORIENTED_EDGE('',*,*,#1523,.F.);
#812=ORIENTED_EDGE('',*,*,#1369,.T.);
#813=ORIENTED_EDGE('',*,*,#1524,.F.);
#814=ORIENTED_EDGE('',*,*,#1452,.F.);
#815=ORIENTED_EDGE('',*,*,#1525,.F.);
#816=ORIENTED_EDGE('',*,*,#1366,.T.);
#817=ORIENTED_EDGE('',*,*,#1519,.T.);
#818=ORIENTED_EDGE('',*,*,#1447,.F.);
#819=ORIENTED_EDGE('',*,*,#1514,.T.);
#820=ORIENTED_EDGE('',*,*,#1368,.T.);
#821=ORIENTED_EDGE('',*,*,#1515,.T.);
#822=ORIENTED_EDGE('',*,*,#1453,.F.);
#823=ORIENTED_EDGE('',*,*,#1524,.T.);
#824=ORIENTED_EDGE('',*,*,#1372,.T.);
#825=ORIENTED_EDGE('',*,*,#1521,.T.);
#826=ORIENTED_EDGE('',*,*,#1449,.F.);
#827=ORIENTED_EDGE('',*,*,#1518,.T.);
#828=ORIENTED_EDGE('',*,*,#1370,.T.);
#829=ORIENTED_EDGE('',*,*,#1525,.T.);
#830=ORIENTED_EDGE('',*,*,#1451,.F.);
#831=ORIENTED_EDGE('',*,*,#1520,.T.);
#832=ORIENTED_EDGE('',*,*,#1526,.F.);
#833=ORIENTED_EDGE('',*,*,#1527,.F.);
#834=ORIENTED_EDGE('',*,*,#1361,.T.);
#835=ORIENTED_EDGE('',*,*,#1528,.F.);
#836=ORIENTED_EDGE('',*,*,#1444,.F.);
#837=ORIENTED_EDGE('',*,*,#1529,.F.);
#838=ORIENTED_EDGE('',*,*,#1530,.F.);
#839=ORIENTED_EDGE('',*,*,#1438,.T.);
#840=ORIENTED_EDGE('',*,*,#1531,.F.);
#841=ORIENTED_EDGE('',*,*,#1359,.F.);
#842=ORIENTED_EDGE('',*,*,#1532,.T.);
#843=ORIENTED_EDGE('',*,*,#1533,.T.);
#844=ORIENTED_EDGE('',*,*,#1534,.F.);
#845=ORIENTED_EDGE('',*,*,#1440,.T.);
#846=ORIENTED_EDGE('',*,*,#1535,.F.);
#847=ORIENTED_EDGE('',*,*,#1365,.F.);
#848=ORIENTED_EDGE('',*,*,#1536,.F.);
#849=ORIENTED_EDGE('',*,*,#1442,.T.);
#850=ORIENTED_EDGE('',*,*,#1537,.F.);
#851=ORIENTED_EDGE('',*,*,#1363,.F.);
#852=ORIENTED_EDGE('',*,*,#1360,.T.);
#853=ORIENTED_EDGE('',*,*,#1531,.T.);
#854=ORIENTED_EDGE('',*,*,#1445,.F.);
#855=ORIENTED_EDGE('',*,*,#1528,.T.);
#856=ORIENTED_EDGE('',*,*,#1358,.T.);
#857=ORIENTED_EDGE('',*,*,#1535,.T.);
#858=ORIENTED_EDGE('',*,*,#1439,.F.);
#859=ORIENTED_EDGE('',*,*,#1530,.T.);
#860=ORIENTED_EDGE('',*,*,#1364,.T.);
#861=ORIENTED_EDGE('',*,*,#1537,.T.);
#862=ORIENTED_EDGE('',*,*,#1441,.F.);
#863=ORIENTED_EDGE('',*,*,#1534,.T.);
#864=ORIENTED_EDGE('',*,*,#1362,.T.);
#865=ORIENTED_EDGE('',*,*,#1529,.T.);
#866=ORIENTED_EDGE('',*,*,#1443,.F.);
#867=ORIENTED_EDGE('',*,*,#1536,.T.);
#868=ORIENTED_EDGE('',*,*,#1357,.T.);
#869=ORIENTED_EDGE('',*,*,#1538,.F.);
#870=ORIENTED_EDGE('',*,*,#1432,.F.);
#871=ORIENTED_EDGE('',*,*,#1539,.F.);
#872=ORIENTED_EDGE('',*,*,#1540,.T.);
#873=ORIENTED_EDGE('',*,*,#1541,.T.);
#874=ORIENTED_EDGE('',*,*,#1542,.F.);
#875=ORIENTED_EDGE('',*,*,#1434,.T.);
#876=ORIENTED_EDGE('',*,*,#1543,.F.);
#877=ORIENTED_EDGE('',*,*,#1355,.F.);
#878=ORIENTED_EDGE('',*,*,#1544,.F.);
#879=ORIENTED_EDGE('',*,*,#1436,.T.);
#880=ORIENTED_EDGE('',*,*,#1545,.F.);
#881=ORIENTED_EDGE('',*,*,#1353,.F.);
#882=ORIENTED_EDGE('',*,*,#1546,.F.);
#883=ORIENTED_EDGE('',*,*,#1547,.F.);
#884=ORIENTED_EDGE('',*,*,#1351,.T.);
#885=ORIENTED_EDGE('',*,*,#1548,.F.);
#886=ORIENTED_EDGE('',*,*,#1430,.F.);
#887=ORIENTED_EDGE('',*,*,#1549,.F.);
#888=ORIENTED_EDGE('',*,*,#1356,.T.);
#889=ORIENTED_EDGE('',*,*,#1543,.T.);
#890=ORIENTED_EDGE('',*,*,#1433,.F.);
#891=ORIENTED_EDGE('',*,*,#1538,.T.);
#892=ORIENTED_EDGE('',*,*,#1350,.T.);
#893=ORIENTED_EDGE('',*,*,#1539,.T.);
#894=ORIENTED_EDGE('',*,*,#1431,.F.);
#895=ORIENTED_EDGE('',*,*,#1548,.T.);
#896=ORIENTED_EDGE('',*,*,#1352,.T.);
#897=ORIENTED_EDGE('',*,*,#1549,.T.);
#898=ORIENTED_EDGE('',*,*,#1437,.F.);
#899=ORIENTED_EDGE('',*,*,#1544,.T.);
#900=ORIENTED_EDGE('',*,*,#1354,.T.);
#901=ORIENTED_EDGE('',*,*,#1545,.T.);
#902=ORIENTED_EDGE('',*,*,#1435,.F.);
#903=ORIENTED_EDGE('',*,*,#1542,.T.);
#904=ORIENTED_EDGE('',*,*,#1550,.F.);
#905=ORIENTED_EDGE('',*,*,#1428,.T.);
#906=ORIENTED_EDGE('',*,*,#1551,.F.);
#907=ORIENTED_EDGE('',*,*,#1345,.F.);
#908=ORIENTED_EDGE('',*,*,#1552,.T.);
#909=ORIENTED_EDGE('',*,*,#1553,.T.);
#910=ORIENTED_EDGE('',*,*,#1554,.F.);
#911=ORIENTED_EDGE('',*,*,#1422,.T.);
#912=ORIENTED_EDGE('',*,*,#1555,.F.);
#913=ORIENTED_EDGE('',*,*,#1343,.F.);
#914=ORIENTED_EDGE('',*,*,#1349,.T.);
#915=ORIENTED_EDGE('',*,*,#1556,.F.);
#916=ORIENTED_EDGE('',*,*,#1424,.F.);
#917=ORIENTED_EDGE('',*,*,#1557,.F.);
#918=ORIENTED_EDGE('',*,*,#1558,.F.);
#919=ORIENTED_EDGE('',*,*,#1559,.F.);
#920=ORIENTED_EDGE('',*,*,#1347,.T.);
#921=ORIENTED_EDGE('',*,*,#1560,.F.);
#922=ORIENTED_EDGE('',*,*,#1426,.F.);
#923=ORIENTED_EDGE('',*,*,#1561,.F.);
#924=ORIENTED_EDGE('',*,*,#1348,.T.);
#925=ORIENTED_EDGE('',*,*,#1561,.T.);
#926=ORIENTED_EDGE('',*,*,#1425,.F.);
#927=ORIENTED_EDGE('',*,*,#1556,.T.);
#928=ORIENTED_EDGE('',*,*,#1342,.T.);
#929=ORIENTED_EDGE('',*,*,#1557,.T.);
#930=ORIENTED_EDGE('',*,*,#1423,.F.);
#931=ORIENTED_EDGE('',*,*,#1554,.T.);
#932=ORIENTED_EDGE('',*,*,#1344,.T.);
#933=ORIENTED_EDGE('',*,*,#1555,.T.);
#934=ORIENTED_EDGE('',*,*,#1429,.F.);
#935=ORIENTED_EDGE('',*,*,#1550,.T.);
#936=ORIENTED_EDGE('',*,*,#1346,.T.);
#937=ORIENTED_EDGE('',*,*,#1551,.T.);
#938=ORIENTED_EDGE('',*,*,#1427,.F.);
#939=ORIENTED_EDGE('',*,*,#1560,.T.);
#940=ORIENTED_EDGE('',*,*,#1562,.T.);
#941=ORIENTED_EDGE('',*,*,#1563,.T.);
#942=ORIENTED_EDGE('',*,*,#1564,.F.);
#943=ORIENTED_EDGE('',*,*,#1418,.T.);
#944=ORIENTED_EDGE('',*,*,#1565,.F.);
#945=ORIENTED_EDGE('',*,*,#1339,.F.);
#946=ORIENTED_EDGE('',*,*,#1566,.F.);
#947=ORIENTED_EDGE('',*,*,#1420,.T.);
#948=ORIENTED_EDGE('',*,*,#1567,.F.);
#949=ORIENTED_EDGE('',*,*,#1337,.F.);
#950=ORIENTED_EDGE('',*,*,#1568,.F.);
#951=ORIENTED_EDGE('',*,*,#1569,.F.);
#952=ORIENTED_EDGE('',*,*,#1335,.T.);
#953=ORIENTED_EDGE('',*,*,#1570,.F.);
#954=ORIENTED_EDGE('',*,*,#1414,.F.);
#955=ORIENTED_EDGE('',*,*,#1571,.F.);
#956=ORIENTED_EDGE('',*,*,#1341,.T.);
#957=ORIENTED_EDGE('',*,*,#1572,.F.);
#958=ORIENTED_EDGE('',*,*,#1416,.F.);
#959=ORIENTED_EDGE('',*,*,#1573,.F.);
#960=ORIENTED_EDGE('',*,*,#1340,.T.);
#961=ORIENTED_EDGE('',*,*,#1565,.T.);
#962=ORIENTED_EDGE('',*,*,#1417,.F.);
#963=ORIENTED_EDGE('',*,*,#1572,.T.);
#964=ORIENTED_EDGE('',*,*,#1334,.T.);
#965=ORIENTED_EDGE('',*,*,#1573,.T.);
#966=ORIENTED_EDGE('',*,*,#1415,.F.);
#967=ORIENTED_EDGE('',*,*,#1570,.T.);
#968=ORIENTED_EDGE('',*,*,#1336,.T.);
#969=ORIENTED_EDGE('',*,*,#1571,.T.);
#970=ORIENTED_EDGE('',*,*,#1421,.F.);
#971=ORIENTED_EDGE('',*,*,#1566,.T.);
#972=ORIENTED_EDGE('',*,*,#1338,.T.);
#973=ORIENTED_EDGE('',*,*,#1567,.T.);
#974=ORIENTED_EDGE('',*,*,#1419,.F.);
#975=ORIENTED_EDGE('',*,*,#1564,.T.);
#976=ORIENTED_EDGE('',*,*,#1574,.F.);
#977=ORIENTED_EDGE('',*,*,#1575,.F.);
#978=ORIENTED_EDGE('',*,*,#1331,.T.);
#979=ORIENTED_EDGE('',*,*,#1576,.F.);
#980=ORIENTED_EDGE('',*,*,#1410,.F.);
#981=ORIENTED_EDGE('',*,*,#1577,.F.);
#982=ORIENTED_EDGE('',*,*,#1578,.F.);
#983=ORIENTED_EDGE('',*,*,#1412,.T.);
#984=ORIENTED_EDGE('',*,*,#1579,.F.);
#985=ORIENTED_EDGE('',*,*,#1329,.F.);
#986=ORIENTED_EDGE('',*,*,#1580,.T.);
#987=ORIENTED_EDGE('',*,*,#1581,.T.);
#988=ORIENTED_EDGE('',*,*,#1582,.F.);
#989=ORIENTED_EDGE('',*,*,#1406,.T.);
#990=ORIENTED_EDGE('',*,*,#1583,.F.);
#991=ORIENTED_EDGE('',*,*,#1327,.F.);
#992=ORIENTED_EDGE('',*,*,#1333,.T.);
#993=ORIENTED_EDGE('',*,*,#1584,.F.);
#994=ORIENTED_EDGE('',*,*,#1408,.F.);
#995=ORIENTED_EDGE('',*,*,#1585,.F.);
#996=ORIENTED_EDGE('',*,*,#1332,.T.);
#997=ORIENTED_EDGE('',*,*,#1577,.T.);
#998=ORIENTED_EDGE('',*,*,#1409,.F.);
#999=ORIENTED_EDGE('',*,*,#1584,.T.);
#1000=ORIENTED_EDGE('',*,*,#1326,.T.);
#1001=ORIENTED_EDGE('',*,*,#1585,.T.);
#1002=ORIENTED_EDGE('',*,*,#1407,.F.);
#1003=ORIENTED_EDGE('',*,*,#1582,.T.);
#1004=ORIENTED_EDGE('',*,*,#1328,.T.);
#1005=ORIENTED_EDGE('',*,*,#1583,.T.);
#1006=ORIENTED_EDGE('',*,*,#1413,.F.);
#1007=ORIENTED_EDGE('',*,*,#1578,.T.);
#1008=ORIENTED_EDGE('',*,*,#1330,.T.);
#1009=ORIENTED_EDGE('',*,*,#1579,.T.);
#1010=ORIENTED_EDGE('',*,*,#1411,.F.);
#1011=ORIENTED_EDGE('',*,*,#1576,.T.);
#1012=ORIENTED_EDGE('',*,*,#1586,.F.);
#1013=ORIENTED_EDGE('',*,*,#1587,.F.);
#1014=ORIENTED_EDGE('',*,*,#1588,.F.);
#1015=ORIENTED_EDGE('',*,*,#1589,.F.);
#1016=ORIENTED_EDGE('',*,*,#1590,.F.);
#1017=ORIENTED_EDGE('',*,*,#1591,.F.);
#1018=ORIENTED_EDGE('',*,*,#1592,.F.);
#1019=ORIENTED_EDGE('',*,*,#1593,.F.);
#1020=ORIENTED_EDGE('',*,*,#1325,.T.);
#1021=ORIENTED_EDGE('',*,*,#1594,.F.);
#1022=ORIENTED_EDGE('',*,*,#1400,.F.);
#1023=ORIENTED_EDGE('',*,*,#1595,.F.);
#1024=ORIENTED_EDGE('',*,*,#1596,.F.);
#1025=ORIENTED_EDGE('',*,*,#1402,.T.);
#1026=ORIENTED_EDGE('',*,*,#1597,.F.);
#1027=ORIENTED_EDGE('',*,*,#1323,.F.);
#1028=ORIENTED_EDGE('',*,*,#1598,.T.);
#1029=ORIENTED_EDGE('',*,*,#1599,.T.);
#1030=ORIENTED_EDGE('',*,*,#1600,.T.);
#1031=ORIENTED_EDGE('',*,*,#1601,.T.);
#1032=ORIENTED_EDGE('',*,*,#1602,.T.);
#1033=ORIENTED_EDGE('',*,*,#1603,.T.);
#1034=ORIENTED_EDGE('',*,*,#1604,.T.);
#1035=ORIENTED_EDGE('',*,*,#1605,.T.);
#1036=ORIENTED_EDGE('',*,*,#1606,.F.);
#1037=ORIENTED_EDGE('',*,*,#1404,.T.);
#1038=ORIENTED_EDGE('',*,*,#1607,.F.);
#1039=ORIENTED_EDGE('',*,*,#1321,.F.);
#1040=ORIENTED_EDGE('',*,*,#1319,.T.);
#1041=ORIENTED_EDGE('',*,*,#1608,.F.);
#1042=ORIENTED_EDGE('',*,*,#1398,.F.);
#1043=ORIENTED_EDGE('',*,*,#1609,.F.);
#1044=ORIENTED_EDGE('',*,*,#1318,.T.);
#1045=ORIENTED_EDGE('',*,*,#1595,.T.);
#1046=ORIENTED_EDGE('',*,*,#1399,.F.);
#1047=ORIENTED_EDGE('',*,*,#1608,.T.);
#1048=ORIENTED_EDGE('',*,*,#1320,.T.);
#1049=ORIENTED_EDGE('',*,*,#1609,.T.);
#1050=ORIENTED_EDGE('',*,*,#1405,.F.);
#1051=ORIENTED_EDGE('',*,*,#1606,.T.);
#1052=ORIENTED_EDGE('',*,*,#1324,.T.);
#1053=ORIENTED_EDGE('',*,*,#1597,.T.);
#1054=ORIENTED_EDGE('',*,*,#1401,.F.);
#1055=ORIENTED_EDGE('',*,*,#1594,.T.);
#1056=ORIENTED_EDGE('',*,*,#1322,.T.);
#1057=ORIENTED_EDGE('',*,*,#1607,.T.);
#1058=ORIENTED_EDGE('',*,*,#1403,.F.);
#1059=ORIENTED_EDGE('',*,*,#1596,.T.);
#1060=ORIENTED_EDGE('',*,*,#1563,.F.);
#1061=ORIENTED_EDGE('',*,*,#1581,.F.);
#1062=ORIENTED_EDGE('',*,*,#1562,.F.);
#1063=ORIENTED_EDGE('',*,*,#1580,.F.);
#1064=ORIENTED_EDGE('',*,*,#1575,.T.);
#1065=ORIENTED_EDGE('',*,*,#1487,.T.);
#1066=ORIENTED_EDGE('',*,*,#1574,.T.);
#1067=ORIENTED_EDGE('',*,*,#1486,.T.);
#1068=ORIENTED_EDGE('',*,*,#1610,.F.);
#1069=ORIENTED_EDGE('',*,*,#1610,.T.);
#1070=ORIENTED_EDGE('',*,*,#1569,.T.);
#1071=ORIENTED_EDGE('',*,*,#1611,.F.);
#1072=ORIENTED_EDGE('',*,*,#1611,.T.);
#1073=ORIENTED_EDGE('',*,*,#1568,.T.);
#1074=ORIENTED_EDGE('',*,*,#1559,.T.);
#1075=ORIENTED_EDGE('',*,*,#1491,.T.);
#1076=ORIENTED_EDGE('',*,*,#1558,.T.);
#1077=ORIENTED_EDGE('',*,*,#1490,.T.);
#1078=ORIENTED_EDGE('',*,*,#1541,.F.);
#1079=ORIENTED_EDGE('',*,*,#1553,.F.);
#1080=ORIENTED_EDGE('',*,*,#1540,.F.);
#1081=ORIENTED_EDGE('',*,*,#1552,.F.);
#1082=ORIENTED_EDGE('',*,*,#1612,.F.);
#1083=ORIENTED_EDGE('',*,*,#1612,.T.);
#1084=ORIENTED_EDGE('',*,*,#1547,.T.);
#1085=ORIENTED_EDGE('',*,*,#1613,.F.);
#1086=ORIENTED_EDGE('',*,*,#1613,.T.);
#1087=ORIENTED_EDGE('',*,*,#1546,.T.);
#1088=ORIENTED_EDGE('',*,*,#1614,.T.);
#1089=ORIENTED_EDGE('',*,*,#1533,.F.);
#1090=ORIENTED_EDGE('',*,*,#1614,.F.);
#1091=ORIENTED_EDGE('',*,*,#1615,.T.);
#1092=ORIENTED_EDGE('',*,*,#1532,.F.);
#1093=ORIENTED_EDGE('',*,*,#1615,.F.);
#1094=ORIENTED_EDGE('',*,*,#1527,.T.);
#1095=ORIENTED_EDGE('',*,*,#1511,.T.);
#1096=ORIENTED_EDGE('',*,*,#1526,.T.);
#1097=ORIENTED_EDGE('',*,*,#1510,.T.);
#1098=ORIENTED_EDGE('',*,*,#1616,.F.);
#1099=ORIENTED_EDGE('',*,*,#1616,.T.);
#1100=ORIENTED_EDGE('',*,*,#1523,.T.);
#1101=ORIENTED_EDGE('',*,*,#1617,.F.);
#1102=ORIENTED_EDGE('',*,*,#1617,.T.);
#1103=ORIENTED_EDGE('',*,*,#1522,.T.);
#1104=ORIENTED_EDGE('',*,*,#1505,.F.);
#1105=ORIENTED_EDGE('',*,*,#1517,.F.);
#1106=ORIENTED_EDGE('',*,*,#1504,.F.);
#1107=ORIENTED_EDGE('',*,*,#1516,.F.);
#1108=ORIENTED_EDGE('',*,*,#1497,.F.);
#1109=ORIENTED_EDGE('',*,*,#1618,.F.);
#1110=ORIENTED_EDGE('',*,*,#1618,.T.);
#1111=ORIENTED_EDGE('',*,*,#1496,.F.);
#1112=ORIENTED_EDGE('',*,*,#1619,.F.);
#1113=ORIENTED_EDGE('',*,*,#1619,.T.);
#1114=ORIENTED_EDGE('',*,*,#1481,.F.);
#1115=ORIENTED_EDGE('',*,*,#1620,.F.);
#1116=ORIENTED_EDGE('',*,*,#1620,.T.);
#1117=ORIENTED_EDGE('',*,*,#1480,.F.);
#1118=ORIENTED_EDGE('',*,*,#1621,.F.);
#1119=ORIENTED_EDGE('',*,*,#1621,.T.);
#1120=ORIENTED_EDGE('',*,*,#1622,.F.);
#1121=ORIENTED_EDGE('',*,*,#1605,.F.);
#1122=ORIENTED_EDGE('',*,*,#1622,.T.);
#1123=ORIENTED_EDGE('',*,*,#1623,.F.);
#1124=ORIENTED_EDGE('',*,*,#1604,.F.);
#1125=ORIENTED_EDGE('',*,*,#1623,.T.);
#1126=ORIENTED_EDGE('',*,*,#1624,.F.);
#1127=ORIENTED_EDGE('',*,*,#1603,.F.);
#1128=ORIENTED_EDGE('',*,*,#1624,.T.);
#1129=ORIENTED_EDGE('',*,*,#1625,.F.);
#1130=ORIENTED_EDGE('',*,*,#1602,.F.);
#1131=ORIENTED_EDGE('',*,*,#1625,.T.);
#1132=ORIENTED_EDGE('',*,*,#1626,.F.);
#1133=ORIENTED_EDGE('',*,*,#1601,.F.);
#1134=ORIENTED_EDGE('',*,*,#1626,.T.);
#1135=ORIENTED_EDGE('',*,*,#1627,.F.);
#1136=ORIENTED_EDGE('',*,*,#1600,.F.);
#1137=ORIENTED_EDGE('',*,*,#1627,.T.);
#1138=ORIENTED_EDGE('',*,*,#1628,.F.);
#1139=ORIENTED_EDGE('',*,*,#1599,.F.);
#1140=ORIENTED_EDGE('',*,*,#1628,.T.);
#1141=ORIENTED_EDGE('',*,*,#1629,.F.);
#1142=ORIENTED_EDGE('',*,*,#1598,.F.);
#1143=ORIENTED_EDGE('',*,*,#1629,.T.);
#1144=ORIENTED_EDGE('',*,*,#1630,.F.);
#1145=ORIENTED_EDGE('',*,*,#1593,.T.);
#1146=ORIENTED_EDGE('',*,*,#1630,.T.);
#1147=ORIENTED_EDGE('',*,*,#1631,.F.);
#1148=ORIENTED_EDGE('',*,*,#1632,.F.);
#1149=ORIENTED_EDGE('',*,*,#1633,.F.);
#1150=ORIENTED_EDGE('',*,*,#1634,.F.);
#1151=ORIENTED_EDGE('',*,*,#1592,.T.);
#1152=ORIENTED_EDGE('',*,*,#1635,.F.);
#1153=ORIENTED_EDGE('',*,*,#1632,.T.);
#1154=ORIENTED_EDGE('',*,*,#1636,.F.);
#1155=ORIENTED_EDGE('',*,*,#1637,.F.);
#1156=ORIENTED_EDGE('',*,*,#1638,.F.);
#1157=ORIENTED_EDGE('',*,*,#1639,.F.);
#1158=ORIENTED_EDGE('',*,*,#1591,.T.);
#1159=ORIENTED_EDGE('',*,*,#1640,.F.);
#1160=ORIENTED_EDGE('',*,*,#1637,.T.);
#1161=ORIENTED_EDGE('',*,*,#1641,.F.);
#1162=ORIENTED_EDGE('',*,*,#1642,.F.);
#1163=ORIENTED_EDGE('',*,*,#1643,.F.);
#1164=ORIENTED_EDGE('',*,*,#1644,.F.);
#1165=ORIENTED_EDGE('',*,*,#1590,.T.);
#1166=ORIENTED_EDGE('',*,*,#1645,.F.);
#1167=ORIENTED_EDGE('',*,*,#1642,.T.);
#1168=ORIENTED_EDGE('',*,*,#1646,.F.);
#1169=ORIENTED_EDGE('',*,*,#1647,.F.);
#1170=ORIENTED_EDGE('',*,*,#1648,.F.);
#1171=ORIENTED_EDGE('',*,*,#1649,.F.);
#1172=ORIENTED_EDGE('',*,*,#1589,.T.);
#1173=ORIENTED_EDGE('',*,*,#1650,.F.);
#1174=ORIENTED_EDGE('',*,*,#1647,.T.);
#1175=ORIENTED_EDGE('',*,*,#1651,.F.);
#1176=ORIENTED_EDGE('',*,*,#1588,.T.);
#1177=ORIENTED_EDGE('',*,*,#1651,.T.);
#1178=ORIENTED_EDGE('',*,*,#1652,.F.);
#1179=ORIENTED_EDGE('',*,*,#1653,.F.);
#1180=ORIENTED_EDGE('',*,*,#1654,.F.);
#1181=ORIENTED_EDGE('',*,*,#1655,.F.);
#1182=ORIENTED_EDGE('',*,*,#1587,.T.);
#1183=ORIENTED_EDGE('',*,*,#1656,.F.);
#1184=ORIENTED_EDGE('',*,*,#1653,.T.);
#1185=ORIENTED_EDGE('',*,*,#1657,.F.);
#1186=ORIENTED_EDGE('',*,*,#1658,.F.);
#1187=ORIENTED_EDGE('',*,*,#1659,.F.);
#1188=ORIENTED_EDGE('',*,*,#1660,.F.);
#1189=ORIENTED_EDGE('',*,*,#1586,.T.);
#1190=ORIENTED_EDGE('',*,*,#1661,.F.);
#1191=ORIENTED_EDGE('',*,*,#1658,.T.);
#1192=ORIENTED_EDGE('',*,*,#1305,.T.);
#1193=ORIENTED_EDGE('',*,*,#1662,.F.);
#1194=ORIENTED_EDGE('',*,*,#1662,.T.);
#1195=ORIENTED_EDGE('',*,*,#1304,.T.);
#1196=ORIENTED_EDGE('',*,*,#1663,.F.);
#1197=ORIENTED_EDGE('',*,*,#1663,.T.);
#1198=ORIENTED_EDGE('',*,*,#1303,.T.);
#1199=ORIENTED_EDGE('',*,*,#1664,.F.);
#1200=ORIENTED_EDGE('',*,*,#1664,.T.);
#1201=ORIENTED_EDGE('',*,*,#1302,.T.);
#1202=ORIENTED_EDGE('',*,*,#1665,.F.);
#1203=ORIENTED_EDGE('',*,*,#1665,.T.);
#1204=ORIENTED_EDGE('',*,*,#1301,.T.);
#1205=ORIENTED_EDGE('',*,*,#1666,.F.);
#1206=ORIENTED_EDGE('',*,*,#1666,.T.);
#1207=ORIENTED_EDGE('',*,*,#1315,.F.);
#1208=ORIENTED_EDGE('',*,*,#1667,.T.);
#1209=ORIENTED_EDGE('',*,*,#1667,.F.);
#1210=ORIENTED_EDGE('',*,*,#1314,.F.);
#1211=ORIENTED_EDGE('',*,*,#1668,.T.);
#1212=ORIENTED_EDGE('',*,*,#1668,.F.);
#1213=ORIENTED_EDGE('',*,*,#1313,.F.);
#1214=ORIENTED_EDGE('',*,*,#1669,.T.);
#1215=ORIENTED_EDGE('',*,*,#1669,.F.);
#1216=ORIENTED_EDGE('',*,*,#1312,.F.);
#1217=ORIENTED_EDGE('',*,*,#1670,.T.);
#1218=ORIENTED_EDGE('',*,*,#1670,.F.);
#1219=ORIENTED_EDGE('',*,*,#1311,.F.);
#1220=ORIENTED_EDGE('',*,*,#1671,.T.);
#1221=ORIENTED_EDGE('',*,*,#1671,.F.);
#1222=ORIENTED_EDGE('',*,*,#1310,.F.);
#1223=ORIENTED_EDGE('',*,*,#1672,.T.);
#1224=ORIENTED_EDGE('',*,*,#1672,.F.);
#1225=ORIENTED_EDGE('',*,*,#1309,.F.);
#1226=ORIENTED_EDGE('',*,*,#1673,.T.);
#1227=ORIENTED_EDGE('',*,*,#1673,.F.);
#1228=ORIENTED_EDGE('',*,*,#1657,.T.);
#1229=ORIENTED_EDGE('',*,*,#1674,.T.);
#1230=ORIENTED_EDGE('',*,*,#1659,.T.);
#1231=ORIENTED_EDGE('',*,*,#1661,.T.);
#1232=ORIENTED_EDGE('',*,*,#1287,.F.);
#1233=ORIENTED_EDGE('',*,*,#1660,.T.);
#1234=ORIENTED_EDGE('',*,*,#1674,.F.);
#1235=ORIENTED_EDGE('',*,*,#1652,.T.);
#1236=ORIENTED_EDGE('',*,*,#1675,.T.);
#1237=ORIENTED_EDGE('',*,*,#1654,.T.);
#1238=ORIENTED_EDGE('',*,*,#1656,.T.);
#1239=ORIENTED_EDGE('',*,*,#1288,.F.);
#1240=ORIENTED_EDGE('',*,*,#1655,.T.);
#1241=ORIENTED_EDGE('',*,*,#1675,.F.);
#1242=ORIENTED_EDGE('',*,*,#1646,.T.);
#1243=ORIENTED_EDGE('',*,*,#1676,.T.);
#1244=ORIENTED_EDGE('',*,*,#1648,.T.);
#1245=ORIENTED_EDGE('',*,*,#1650,.T.);
#1246=ORIENTED_EDGE('',*,*,#1286,.F.);
#1247=ORIENTED_EDGE('',*,*,#1649,.T.);
#1248=ORIENTED_EDGE('',*,*,#1676,.F.);
#1249=ORIENTED_EDGE('',*,*,#1636,.T.);
#1250=ORIENTED_EDGE('',*,*,#1677,.T.);
#1251=ORIENTED_EDGE('',*,*,#1643,.T.);
#1252=ORIENTED_EDGE('',*,*,#1645,.T.);
#1253=ORIENTED_EDGE('',*,*,#1641,.T.);
#1254=ORIENTED_EDGE('',*,*,#1678,.T.);
#1255=ORIENTED_EDGE('',*,*,#1638,.T.);
#1256=ORIENTED_EDGE('',*,*,#1640,.T.);
#1257=ORIENTED_EDGE('',*,*,#1285,.F.);
#1258=ORIENTED_EDGE('',*,*,#1639,.T.);
#1259=ORIENTED_EDGE('',*,*,#1678,.F.);
#1260=ORIENTED_EDGE('',*,*,#1644,.T.);
#1261=ORIENTED_EDGE('',*,*,#1677,.F.);
#1262=ORIENTED_EDGE('',*,*,#1631,.T.);
#1263=ORIENTED_EDGE('',*,*,#1679,.T.);
#1264=ORIENTED_EDGE('',*,*,#1633,.T.);
#1265=ORIENTED_EDGE('',*,*,#1635,.T.);
#1266=ORIENTED_EDGE('',*,*,#1284,.F.);
#1267=ORIENTED_EDGE('',*,*,#1634,.T.);
#1268=ORIENTED_EDGE('',*,*,#1679,.F.);
#1269=ORIENTED_EDGE('',*,*,#1297,.T.);
#1270=ORIENTED_EDGE('',*,*,#1680,.F.);
#1271=ORIENTED_EDGE('',*,*,#1680,.T.);
#1272=ORIENTED_EDGE('',*,*,#1296,.T.);
#1273=ORIENTED_EDGE('',*,*,#1681,.F.);
#1274=ORIENTED_EDGE('',*,*,#1681,.T.);
#1275=ORIENTED_EDGE('',*,*,#1295,.T.);
#1276=ORIENTED_EDGE('',*,*,#1682,.F.);
#1277=ORIENTED_EDGE('',*,*,#1682,.T.);
#1278=ORIENTED_EDGE('',*,*,#1294,.T.);
#1279=ORIENTED_EDGE('',*,*,#1683,.F.);
#1280=ORIENTED_EDGE('',*,*,#1683,.T.);
#1281=ORIENTED_EDGE('',*,*,#1293,.T.);
#1282=ORIENTED_EDGE('',*,*,#1684,.F.);
#1283=ORIENTED_EDGE('',*,*,#1684,.T.);
#1284=EDGE_CURVE('',#1685,#1685,#1990,.T.);
#1285=EDGE_CURVE('',#1686,#1686,#1991,.T.);
#1286=EDGE_CURVE('',#1687,#1687,#1992,.T.);
#1287=EDGE_CURVE('',#1688,#1688,#1993,.T.);
#1288=EDGE_CURVE('',#1689,#1689,#1994,.T.);
#1289=EDGE_CURVE('',#1690,#1691,#114,.T.);
#1290=EDGE_CURVE('',#1692,#1690,#115,.T.);
#1291=EDGE_CURVE('',#1692,#1693,#116,.T.);
#1292=EDGE_CURVE('',#1693,#1691,#117,.T.);
#1293=EDGE_CURVE('',#1694,#1694,#1995,.T.);
#1294=EDGE_CURVE('',#1695,#1695,#1996,.T.);
#1295=EDGE_CURVE('',#1696,#1696,#1997,.T.);
#1296=EDGE_CURVE('',#1697,#1697,#1998,.T.);
#1297=EDGE_CURVE('',#1698,#1698,#1999,.T.);
#1298=EDGE_CURVE('',#1690,#1699,#118,.T.);
#1299=EDGE_CURVE('',#1700,#1699,#119,.T.);
#1300=EDGE_CURVE('',#1692,#1700,#120,.T.);
#1301=EDGE_CURVE('',#1701,#1701,#2000,.T.);
#1302=EDGE_CURVE('',#1702,#1702,#2001,.T.);
#1303=EDGE_CURVE('',#1703,#1703,#2002,.T.);
#1304=EDGE_CURVE('',#1704,#1704,#2003,.T.);
#1305=EDGE_CURVE('',#1705,#1705,#2004,.T.);
#1306=EDGE_CURVE('',#1699,#1706,#121,.T.);
#1307=EDGE_CURVE('',#1707,#1706,#122,.T.);
#1308=EDGE_CURVE('',#1700,#1707,#123,.T.);
#1309=EDGE_CURVE('',#1708,#1708,#2005,.T.);
#1310=EDGE_CURVE('',#1709,#1709,#2006,.T.);
#1311=EDGE_CURVE('',#1710,#1710,#2007,.T.);
#1312=EDGE_CURVE('',#1711,#1711,#2008,.T.);
#1313=EDGE_CURVE('',#1712,#1712,#2009,.T.);
#1314=EDGE_CURVE('',#1713,#1713,#2010,.T.);
#1315=EDGE_CURVE('',#1714,#1714,#2011,.T.);
#1316=EDGE_CURVE('',#1691,#1706,#124,.T.);
#1317=EDGE_CURVE('',#1693,#1707,#125,.T.);
#1318=EDGE_CURVE('',#1715,#1716,#2012,.T.);
#1319=EDGE_CURVE('',#1717,#1715,#126,.T.);
#1320=EDGE_CURVE('',#1718,#1717,#2013,.T.);
#1321=EDGE_CURVE('',#1718,#1719,#127,.T.);
#1322=EDGE_CURVE('',#1720,#1719,#2014,.T.);
#1323=EDGE_CURVE('',#1720,#1721,#128,.T.);
#1324=EDGE_CURVE('',#1722,#1721,#2015,.T.);
#1325=EDGE_CURVE('',#1716,#1722,#129,.T.);
#1326=EDGE_CURVE('',#1723,#1724,#2016,.T.);
#1327=EDGE_CURVE('',#1723,#1725,#130,.T.);
#1328=EDGE_CURVE('',#1726,#1725,#2017,.T.);
#1329=EDGE_CURVE('',#1726,#1727,#131,.T.);
#1330=EDGE_CURVE('',#1728,#1727,#2018,.T.);
#1331=EDGE_CURVE('',#1729,#1728,#132,.T.);
#1332=EDGE_CURVE('',#1730,#1729,#2019,.T.);
#1333=EDGE_CURVE('',#1724,#1730,#133,.T.);
#1334=EDGE_CURVE('',#1731,#1732,#2020,.T.);
#1335=EDGE_CURVE('',#1733,#1731,#134,.T.);
#1336=EDGE_CURVE('',#1734,#1733,#2021,.T.);
#1337=EDGE_CURVE('',#1734,#1735,#135,.T.);
#1338=EDGE_CURVE('',#1736,#1735,#2022,.T.);
#1339=EDGE_CURVE('',#1736,#1737,#136,.T.);
#1340=EDGE_CURVE('',#1738,#1737,#2023,.T.);
#1341=EDGE_CURVE('',#1732,#1738,#137,.T.);
#1342=EDGE_CURVE('',#1739,#1740,#2024,.T.);
#1343=EDGE_CURVE('',#1739,#1741,#138,.T.);
#1344=EDGE_CURVE('',#1742,#1741,#2025,.T.);
#1345=EDGE_CURVE('',#1742,#1743,#139,.T.);
#1346=EDGE_CURVE('',#1744,#1743,#2026,.T.);
#1347=EDGE_CURVE('',#1745,#1744,#140,.T.);
#1348=EDGE_CURVE('',#1746,#1745,#2027,.T.);
#1349=EDGE_CURVE('',#1740,#1746,#141,.T.);
#1350=EDGE_CURVE('',#1747,#1748,#2028,.T.);
#1351=EDGE_CURVE('',#1749,#1747,#142,.T.);
#1352=EDGE_CURVE('',#1750,#1749,#2029,.T.);
#1353=EDGE_CURVE('',#1750,#1751,#143,.T.);
#1354=EDGE_CURVE('',#1752,#1751,#2030,.T.);
#1355=EDGE_CURVE('',#1752,#1753,#144,.T.);
#1356=EDGE_CURVE('',#1754,#1753,#2031,.T.);
#1357=EDGE_CURVE('',#1748,#1754,#145,.T.);
#1358=EDGE_CURVE('',#1755,#1756,#2032,.T.);
#1359=EDGE_CURVE('',#1755,#1757,#146,.T.);
#1360=EDGE_CURVE('',#1758,#1757,#2033,.T.);
#1361=EDGE_CURVE('',#1759,#1758,#147,.T.);
#1362=EDGE_CURVE('',#1760,#1759,#2034,.T.);
#1363=EDGE_CURVE('',#1760,#1761,#148,.T.);
#1364=EDGE_CURVE('',#1762,#1761,#2035,.T.);
#1365=EDGE_CURVE('',#1762,#1756,#149,.T.);
#1366=EDGE_CURVE('',#1763,#1764,#2036,.T.);
#1367=EDGE_CURVE('',#1765,#1763,#150,.T.);
#1368=EDGE_CURVE('',#1766,#1765,#2037,.T.);
#1369=EDGE_CURVE('',#1767,#1766,#151,.T.);
#1370=EDGE_CURVE('',#1768,#1767,#2038,.T.);
#1371=EDGE_CURVE('',#1768,#1769,#152,.T.);
#1372=EDGE_CURVE('',#1770,#1769,#2039,.T.);
#1373=EDGE_CURVE('',#1770,#1764,#153,.T.);
#1374=EDGE_CURVE('',#1771,#1772,#2040,.T.);
#1375=EDGE_CURVE('',#1773,#1771,#154,.T.);
#1376=EDGE_CURVE('',#1774,#1773,#2041,.T.);
#1377=EDGE_CURVE('',#1774,#1775,#155,.T.);
#1378=EDGE_CURVE('',#1776,#1775,#2042,.T.);
#1379=EDGE_CURVE('',#1776,#1777,#156,.T.);
#1380=EDGE_CURVE('',#1778,#1777,#2043,.T.);
#1381=EDGE_CURVE('',#1772,#1778,#157,.T.);
#1382=EDGE_CURVE('',#1779,#1780,#2044,.T.);
#1383=EDGE_CURVE('',#1781,#1779,#158,.T.);
#1384=EDGE_CURVE('',#1782,#1781,#2045,.T.);
#1385=EDGE_CURVE('',#1782,#1783,#159,.T.);
#1386=EDGE_CURVE('',#1784,#1783,#2046,.T.);
#1387=EDGE_CURVE('',#1784,#1785,#160,.T.);
#1388=EDGE_CURVE('',#1786,#1785,#2047,.T.);
#1389=EDGE_CURVE('',#1786,#1780,#161,.T.);
#1390=EDGE_CURVE('',#1787,#1788,#2048,.T.);
#1391=EDGE_CURVE('',#1789,#1787,#162,.T.);
#1392=EDGE_CURVE('',#1790,#1789,#2049,.T.);
#1393=EDGE_CURVE('',#1790,#1791,#163,.T.);
#1394=EDGE_CURVE('',#1792,#1791,#2050,.T.);
#1395=EDGE_CURVE('',#1792,#1793,#164,.T.);
#1396=EDGE_CURVE('',#1794,#1793,#2051,.T.);
#1397=EDGE_CURVE('',#1794,#1788,#165,.T.);
#1398=EDGE_CURVE('',#1795,#1796,#166,.T.);
#1399=EDGE_CURVE('',#1796,#1797,#2052,.T.);
#1400=EDGE_CURVE('',#1797,#1798,#167,.T.);
#1401=EDGE_CURVE('',#1798,#1799,#2053,.T.);
#1402=EDGE_CURVE('',#1800,#1799,#168,.T.);
#1403=EDGE_CURVE('',#1800,#1801,#2054,.T.);
#1404=EDGE_CURVE('',#1802,#1801,#169,.T.);
#1405=EDGE_CURVE('',#1802,#1795,#2055,.T.);
#1406=EDGE_CURVE('',#1803,#1804,#170,.T.);
#1407=EDGE_CURVE('',#1803,#1805,#2056,.T.);
#1408=EDGE_CURVE('',#1805,#1806,#171,.T.);
#1409=EDGE_CURVE('',#1806,#1807,#2057,.T.);
#1410=EDGE_CURVE('',#1807,#1808,#172,.T.);
#1411=EDGE_CURVE('',#1808,#1809,#2058,.T.);
#1412=EDGE_CURVE('',#1810,#1809,#173,.T.);
#1413=EDGE_CURVE('',#1810,#1804,#2059,.T.);
#1414=EDGE_CURVE('',#1811,#1812,#174,.T.);
#1415=EDGE_CURVE('',#1812,#1813,#2060,.T.);
#1416=EDGE_CURVE('',#1813,#1814,#175,.T.);
#1417=EDGE_CURVE('',#1814,#1815,#2061,.T.);
#1418=EDGE_CURVE('',#1816,#1815,#176,.T.);
#1419=EDGE_CURVE('',#1816,#1817,#2062,.T.);
#1420=EDGE_CURVE('',#1818,#1817,#177,.T.);
#1421=EDGE_CURVE('',#1818,#1811,#2063,.T.);
#1422=EDGE_CURVE('',#1819,#1820,#178,.T.);
#1423=EDGE_CURVE('',#1819,#1821,#2064,.T.);
#1424=EDGE_CURVE('',#1821,#1822,#179,.T.);
#1425=EDGE_CURVE('',#1822,#1823,#2065,.T.);
#1426=EDGE_CURVE('',#1823,#1824,#180,.T.);
#1427=EDGE_CURVE('',#1824,#1825,#2066,.T.);
#1428=EDGE_CURVE('',#1826,#1825,#181,.T.);
#1429=EDGE_CURVE('',#1826,#1820,#2067,.T.);
#1430=EDGE_CURVE('',#1827,#1828,#182,.T.);
#1431=EDGE_CURVE('',#1828,#1829,#2068,.T.);
#1432=EDGE_CURVE('',#1829,#1830,#183,.T.);
#1433=EDGE_CURVE('',#1830,#1831,#2069,.T.);
#1434=EDGE_CURVE('',#1832,#1831,#184,.T.);
#1435=EDGE_CURVE('',#1832,#1833,#2070,.T.);
#1436=EDGE_CURVE('',#1834,#1833,#185,.T.);
#1437=EDGE_CURVE('',#1834,#1827,#2071,.T.);
#1438=EDGE_CURVE('',#1835,#1836,#186,.T.);
#1439=EDGE_CURVE('',#1835,#1837,#2072,.T.);
#1440=EDGE_CURVE('',#1838,#1837,#187,.T.);
#1441=EDGE_CURVE('',#1838,#1839,#2073,.T.);
#1442=EDGE_CURVE('',#1840,#1839,#188,.T.);
#1443=EDGE_CURVE('',#1840,#1841,#2074,.T.);
#1444=EDGE_CURVE('',#1841,#1842,#189,.T.);
#1445=EDGE_CURVE('',#1842,#1836,#2075,.T.);
#1446=EDGE_CURVE('',#1843,#1844,#190,.T.);
#1447=EDGE_CURVE('',#1844,#1845,#2076,.T.);
#1448=EDGE_CURVE('',#1846,#1845,#191,.T.);
#1449=EDGE_CURVE('',#1846,#1847,#2077,.T.);
#1450=EDGE_CURVE('',#1848,#1847,#192,.T.);
#1451=EDGE_CURVE('',#1848,#1849,#2078,.T.);
#1452=EDGE_CURVE('',#1849,#1850,#193,.T.);
#1453=EDGE_CURVE('',#1850,#1843,#2079,.T.);
#1454=EDGE_CURVE('',#1851,#1852,#194,.T.);
#1455=EDGE_CURVE('',#1852,#1853,#2080,.T.);
#1456=EDGE_CURVE('',#1853,#1854,#195,.T.);
#1457=EDGE_CURVE('',#1854,#1855,#2081,.T.);
#1458=EDGE_CURVE('',#1856,#1855,#196,.T.);
#1459=EDGE_CURVE('',#1856,#1857,#2082,.T.);
#1460=EDGE_CURVE('',#1858,#1857,#197,.T.);
#1461=EDGE_CURVE('',#1858,#1851,#2083,.T.);
#1462=EDGE_CURVE('',#1859,#1860,#198,.T.);
#1463=EDGE_CURVE('',#1860,#1861,#2084,.T.);
#1464=EDGE_CURVE('',#1862,#1861,#199,.T.);
#1465=EDGE_CURVE('',#1862,#1863,#2085,.T.);
#1466=EDGE_CURVE('',#1864,#1863,#200,.T.);
#1467=EDGE_CURVE('',#1864,#1865,#2086,.T.);
#1468=EDGE_CURVE('',#1866,#1865,#201,.T.);
#1469=EDGE_CURVE('',#1866,#1859,#2087,.T.);
#1470=EDGE_CURVE('',#1867,#1868,#202,.T.);
#1471=EDGE_CURVE('',#1868,#1869,#2088,.T.);
#1472=EDGE_CURVE('',#1870,#1869,#203,.T.);
#1473=EDGE_CURVE('',#1870,#1871,#2089,.T.);
#1474=EDGE_CURVE('',#1872,#1871,#204,.T.);
#1475=EDGE_CURVE('',#1872,#1873,#2090,.T.);
#1476=EDGE_CURVE('',#1874,#1873,#205,.T.);
#1477=EDGE_CURVE('',#1874,#1867,#2091,.T.);
#1478=EDGE_CURVE('',#1870,#1794,#206,.F.);
#1479=EDGE_CURVE('',#1788,#1869,#207,.T.);
#1480=EDGE_CURVE('',#1875,#1875,#2092,.F.);
#1481=EDGE_CURVE('',#1876,#1876,#2093,.F.);
#1482=EDGE_CURVE('',#1872,#1792,#208,.F.);
#1483=EDGE_CURVE('',#1793,#1871,#209,.T.);
#1484=EDGE_CURVE('',#1874,#1790,#210,.T.);
#1485=EDGE_CURVE('',#1791,#1873,#211,.F.);
#1486=EDGE_CURVE('',#1877,#1877,#2094,.F.);
#1487=EDGE_CURVE('',#1878,#1878,#2095,.F.);
#1488=EDGE_CURVE('',#1868,#1787,#212,.F.);
#1489=EDGE_CURVE('',#1789,#1867,#213,.T.);
#1490=EDGE_CURVE('',#1879,#1879,#2096,.F.);
#1491=EDGE_CURVE('',#1880,#1880,#2097,.F.);
#1492=EDGE_CURVE('',#1860,#1779,#214,.F.);
#1493=EDGE_CURVE('',#1781,#1859,#215,.T.);
#1494=EDGE_CURVE('',#1862,#1786,#216,.F.);
#1495=EDGE_CURVE('',#1780,#1861,#217,.T.);
#1496=EDGE_CURVE('',#1881,#1881,#2098,.F.);
#1497=EDGE_CURVE('',#1882,#1882,#2099,.F.);
#1498=EDGE_CURVE('',#1864,#1784,#218,.F.);
#1499=EDGE_CURVE('',#1785,#1863,#219,.T.);
#1500=EDGE_CURVE('',#1866,#1782,#220,.T.);
#1501=EDGE_CURVE('',#1783,#1865,#221,.F.);
#1502=EDGE_CURVE('',#1856,#1776,#222,.T.);
#1503=EDGE_CURVE('',#1777,#1855,#223,.F.);
#1504=EDGE_CURVE('',#1883,#1883,#2100,.F.);
#1505=EDGE_CURVE('',#1884,#1884,#2101,.F.);
#1506=EDGE_CURVE('',#1858,#1774,#224,.T.);
#1507=EDGE_CURVE('',#1775,#1857,#225,.F.);
#1508=EDGE_CURVE('',#1852,#1771,#226,.T.);
#1509=EDGE_CURVE('',#1773,#1851,#227,.F.);
#1510=EDGE_CURVE('',#1885,#1885,#2102,.F.);
#1511=EDGE_CURVE('',#1886,#1886,#2103,.F.);
#1512=EDGE_CURVE('',#1854,#1778,#228,.T.);
#1513=EDGE_CURVE('',#1772,#1853,#229,.F.);
#1514=EDGE_CURVE('',#1844,#1763,#230,.T.);
#1515=EDGE_CURVE('',#1765,#1843,#231,.F.);
#1516=EDGE_CURVE('',#1887,#1887,#2104,.F.);
#1517=EDGE_CURVE('',#1888,#1888,#2105,.F.);
#1518=EDGE_CURVE('',#1846,#1770,#232,.F.);
#1519=EDGE_CURVE('',#1764,#1845,#233,.T.);
#1520=EDGE_CURVE('',#1848,#1768,#234,.T.);
#1521=EDGE_CURVE('',#1769,#1847,#235,.F.);
#1522=EDGE_CURVE('',#1889,#1889,#2106,.F.);
#1523=EDGE_CURVE('',#1890,#1890,#2107,.F.);
#1524=EDGE_CURVE('',#1850,#1766,#236,.F.);
#1525=EDGE_CURVE('',#1767,#1849,#237,.T.);
#1526=EDGE_CURVE('',#1891,#1891,#2108,.F.);
#1527=EDGE_CURVE('',#1892,#1892,#2109,.F.);
#1528=EDGE_CURVE('',#1842,#1758,#238,.F.);
#1529=EDGE_CURVE('',#1759,#1841,#239,.T.);
#1530=EDGE_CURVE('',#1835,#1755,#240,.F.);
#1531=EDGE_CURVE('',#1757,#1836,#241,.T.);
#1532=EDGE_CURVE('',#1893,#1893,#2110,.F.);
#1533=EDGE_CURVE('',#1894,#1894,#2111,.F.);
#1534=EDGE_CURVE('',#1838,#1762,#242,.F.);
#1535=EDGE_CURVE('',#1756,#1837,#243,.T.);
#1536=EDGE_CURVE('',#1840,#1760,#244,.T.);
#1537=EDGE_CURVE('',#1761,#1839,#245,.F.);
#1538=EDGE_CURVE('',#1830,#1754,#246,.T.);
#1539=EDGE_CURVE('',#1748,#1829,#247,.F.);
#1540=EDGE_CURVE('',#1895,#1895,#2112,.F.);
#1541=EDGE_CURVE('',#1896,#1896,#2113,.F.);
#1542=EDGE_CURVE('',#1832,#1752,#248,.F.);
#1543=EDGE_CURVE('',#1753,#1831,#249,.T.);
#1544=EDGE_CURVE('',#1834,#1750,#250,.T.);
#1545=EDGE_CURVE('',#1751,#1833,#251,.F.);
#1546=EDGE_CURVE('',#1897,#1897,#2114,.F.);
#1547=EDGE_CURVE('',#1898,#1898,#2115,.F.);
#1548=EDGE_CURVE('',#1828,#1747,#252,.F.);
#1549=EDGE_CURVE('',#1749,#1827,#253,.T.);
#1550=EDGE_CURVE('',#1826,#1742,#254,.T.);
#1551=EDGE_CURVE('',#1743,#1825,#255,.F.);
#1552=EDGE_CURVE('',#1899,#1899,#2116,.F.);
#1553=EDGE_CURVE('',#1900,#1900,#2117,.F.);
#1554=EDGE_CURVE('',#1819,#1739,#256,.T.);
#1555=EDGE_CURVE('',#1741,#1820,#257,.F.);
#1556=EDGE_CURVE('',#1822,#1746,#258,.T.);
#1557=EDGE_CURVE('',#1740,#1821,#259,.F.);
#1558=EDGE_CURVE('',#1901,#1901,#2118,.F.);
#1559=EDGE_CURVE('',#1902,#1902,#2119,.F.);
#1560=EDGE_CURVE('',#1824,#1744,#260,.T.);
#1561=EDGE_CURVE('',#1745,#1823,#261,.F.);
#1562=EDGE_CURVE('',#1903,#1903,#2120,.F.);
#1563=EDGE_CURVE('',#1904,#1904,#2121,.F.);
#1564=EDGE_CURVE('',#1816,#1736,#262,.F.);
#1565=EDGE_CURVE('',#1737,#1815,#263,.T.);
#1566=EDGE_CURVE('',#1818,#1734,#264,.T.);
#1567=EDGE_CURVE('',#1735,#1817,#265,.F.);
#1568=EDGE_CURVE('',#1905,#1905,#2122,.F.);
#1569=EDGE_CURVE('',#1906,#1906,#2123,.F.);
#1570=EDGE_CURVE('',#1812,#1731,#266,.F.);
#1571=EDGE_CURVE('',#1733,#1811,#267,.T.);
#1572=EDGE_CURVE('',#1814,#1738,#268,.T.);
#1573=EDGE_CURVE('',#1732,#1813,#269,.F.);
#1574=EDGE_CURVE('',#1907,#1907,#2124,.F.);
#1575=EDGE_CURVE('',#1908,#1908,#2125,.F.);
#1576=EDGE_CURVE('',#1808,#1728,#270,.T.);
#1577=EDGE_CURVE('',#1729,#1807,#271,.F.);
#1578=EDGE_CURVE('',#1810,#1726,#272,.T.);
#1579=EDGE_CURVE('',#1727,#1809,#273,.F.);
#1580=EDGE_CURVE('',#1909,#1909,#2126,.F.);
#1581=EDGE_CURVE('',#1910,#1910,#2127,.F.);
#1582=EDGE_CURVE('',#1803,#1723,#274,.T.);
#1583=EDGE_CURVE('',#1725,#1804,#275,.F.);
#1584=EDGE_CURVE('',#1806,#1730,#276,.T.);
#1585=EDGE_CURVE('',#1724,#1805,#277,.F.);
#1586=EDGE_CURVE('',#1911,#1911,#2128,.F.);
#1587=EDGE_CURVE('',#1912,#1912,#2129,.F.);
#1588=EDGE_CURVE('',#1913,#1913,#2130,.F.);
#1589=EDGE_CURVE('',#1914,#1914,#2131,.F.);
#1590=EDGE_CURVE('',#1915,#1915,#2132,.F.);
#1591=EDGE_CURVE('',#1916,#1916,#2133,.F.);
#1592=EDGE_CURVE('',#1917,#1917,#2134,.F.);
#1593=EDGE_CURVE('',#1918,#1918,#2135,.F.);
#1594=EDGE_CURVE('',#1798,#1722,#278,.T.);
#1595=EDGE_CURVE('',#1716,#1797,#279,.F.);
#1596=EDGE_CURVE('',#1800,#1720,#280,.F.);
#1597=EDGE_CURVE('',#1721,#1799,#281,.T.);
#1598=EDGE_CURVE('',#1919,#1919,#2136,.F.);
#1599=EDGE_CURVE('',#1920,#1920,#2137,.F.);
#1600=EDGE_CURVE('',#1921,#1921,#2138,.F.);
#1601=EDGE_CURVE('',#1922,#1922,#2139,.F.);
#1602=EDGE_CURVE('',#1923,#1923,#2140,.F.);
#1603=EDGE_CURVE('',#1924,#1924,#2141,.F.);
#1604=EDGE_CURVE('',#1925,#1925,#2142,.F.);
#1605=EDGE_CURVE('',#1926,#1926,#2143,.F.);
#1606=EDGE_CURVE('',#1802,#1718,#282,.T.);
#1607=EDGE_CURVE('',#1719,#1801,#283,.F.);
#1608=EDGE_CURVE('',#1796,#1715,#284,.F.);
#1609=EDGE_CURVE('',#1717,#1795,#285,.T.);
#1610=EDGE_CURVE('',#1927,#1927,#2144,.T.);
#1611=EDGE_CURVE('',#1928,#1928,#2145,.T.);
#1612=EDGE_CURVE('',#1929,#1929,#2146,.T.);
#1613=EDGE_CURVE('',#1930,#1930,#2147,.T.);
#1614=EDGE_CURVE('',#1931,#1931,#2148,.T.);
#1615=EDGE_CURVE('',#1932,#1932,#2149,.T.);
#1616=EDGE_CURVE('',#1933,#1933,#2150,.T.);
#1617=EDGE_CURVE('',#1934,#1934,#2151,.T.);
#1618=EDGE_CURVE('',#1935,#1935,#2152,.T.);
#1619=EDGE_CURVE('',#1936,#1936,#2153,.T.);
#1620=EDGE_CURVE('',#1937,#1937,#2154,.T.);
#1621=EDGE_CURVE('',#1938,#1938,#2155,.T.);
#1622=EDGE_CURVE('',#1939,#1939,#2156,.T.);
#1623=EDGE_CURVE('',#1940,#1940,#2157,.T.);
#1624=EDGE_CURVE('',#1941,#1941,#2158,.T.);
#1625=EDGE_CURVE('',#1942,#1942,#2159,.T.);
#1626=EDGE_CURVE('',#1943,#1943,#2160,.T.);
#1627=EDGE_CURVE('',#1944,#1944,#2161,.T.);
#1628=EDGE_CURVE('',#1945,#1945,#2162,.T.);
#1629=EDGE_CURVE('',#1946,#1946,#2163,.T.);
#1630=EDGE_CURVE('',#1947,#1947,#2164,.T.);
#1631=EDGE_CURVE('',#1948,#1949,#286,.T.);
#1632=EDGE_CURVE('',#1950,#1948,#2165,.T.);
#1633=EDGE_CURVE('',#1951,#1950,#287,.F.);
#1634=EDGE_CURVE('',#1949,#1951,#2166,.T.);
#1635=EDGE_CURVE('',#1950,#1948,#2167,.T.);
#1636=EDGE_CURVE('',#1952,#1953,#288,.T.);
#1637=EDGE_CURVE('',#1954,#1952,#2168,.T.);
#1638=EDGE_CURVE('',#1955,#1954,#289,.F.);
#1639=EDGE_CURVE('',#1953,#1955,#2169,.T.);
#1640=EDGE_CURVE('',#1954,#1952,#2170,.T.);
#1641=EDGE_CURVE('',#1956,#1957,#290,.T.);
#1642=EDGE_CURVE('',#1958,#1956,#2171,.T.);
#1643=EDGE_CURVE('',#1959,#1958,#291,.F.);
#1644=EDGE_CURVE('',#1957,#1959,#2172,.T.);
#1645=EDGE_CURVE('',#1958,#1956,#2173,.T.);
#1646=EDGE_CURVE('',#1960,#1961,#292,.T.);
#1647=EDGE_CURVE('',#1962,#1960,#2174,.T.);
#1648=EDGE_CURVE('',#1963,#1962,#293,.F.);
#1649=EDGE_CURVE('',#1961,#1963,#2175,.T.);
#1650=EDGE_CURVE('',#1962,#1960,#2176,.T.);
#1651=EDGE_CURVE('',#1964,#1964,#2177,.T.);
#1652=EDGE_CURVE('',#1965,#1966,#294,.T.);
#1653=EDGE_CURVE('',#1967,#1965,#2178,.T.);
#1654=EDGE_CURVE('',#1968,#1967,#295,.F.);
#1655=EDGE_CURVE('',#1966,#1968,#2179,.T.);
#1656=EDGE_CURVE('',#1967,#1965,#2180,.T.);
#1657=EDGE_CURVE('',#1969,#1970,#296,.T.);
#1658=EDGE_CURVE('',#1971,#1969,#2181,.T.);
#1659=EDGE_CURVE('',#1972,#1971,#297,.F.);
#1660=EDGE_CURVE('',#1970,#1972,#2182,.T.);
#1661=EDGE_CURVE('',#1971,#1969,#2183,.T.);
#1662=EDGE_CURVE('',#1973,#1973,#2184,.T.);
#1663=EDGE_CURVE('',#1974,#1974,#2185,.T.);
#1664=EDGE_CURVE('',#1975,#1975,#2186,.T.);
#1665=EDGE_CURVE('',#1976,#1976,#2187,.T.);
#1666=EDGE_CURVE('',#1977,#1977,#2188,.T.);
#1667=EDGE_CURVE('',#1978,#1978,#2189,.T.);
#1668=EDGE_CURVE('',#1979,#1979,#2190,.T.);
#1669=EDGE_CURVE('',#1980,#1980,#2191,.T.);
#1670=EDGE_CURVE('',#1981,#1981,#2192,.T.);
#1671=EDGE_CURVE('',#1982,#1982,#2193,.T.);
#1672=EDGE_CURVE('',#1983,#1983,#2194,.T.);
#1673=EDGE_CURVE('',#1984,#1984,#2195,.T.);
#1674=EDGE_CURVE('',#1970,#1972,#2196,.T.);
#1675=EDGE_CURVE('',#1966,#1968,#2197,.T.);
#1676=EDGE_CURVE('',#1961,#1963,#2198,.T.);
#1677=EDGE_CURVE('',#1953,#1959,#2199,.T.);
#1678=EDGE_CURVE('',#1957,#1955,#2200,.T.);
#1679=EDGE_CURVE('',#1949,#1951,#2201,.T.);
#1680=EDGE_CURVE('',#1985,#1985,#2202,.T.);
#1681=EDGE_CURVE('',#1986,#1986,#2203,.T.);
#1682=EDGE_CURVE('',#1987,#1987,#2204,.T.);
#1683=EDGE_CURVE('',#1988,#1988,#2205,.T.);
#1684=EDGE_CURVE('',#1989,#1989,#2206,.T.);
#1685=VERTEX_POINT('',#4656);
#1686=VERTEX_POINT('',#4658);
#1687=VERTEX_POINT('',#4660);
#1688=VERTEX_POINT('',#4662);
#1689=VERTEX_POINT('',#4664);
#1690=VERTEX_POINT('',#4666);
#1691=VERTEX_POINT('',#4667);
#1692=VERTEX_POINT('',#4669);
#1693=VERTEX_POINT('',#4671);
#1694=VERTEX_POINT('',#4675);
#1695=VERTEX_POINT('',#4677);
#1696=VERTEX_POINT('',#4679);
#1697=VERTEX_POINT('',#4681);
#1698=VERTEX_POINT('',#4683);
#1699=VERTEX_POINT('',#4685);
#1700=VERTEX_POINT('',#4687);
#1701=VERTEX_POINT('',#4691);
#1702=VERTEX_POINT('',#4693);
#1703=VERTEX_POINT('',#4695);
#1704=VERTEX_POINT('',#4697);
#1705=VERTEX_POINT('',#4699);
#1706=VERTEX_POINT('',#4701);
#1707=VERTEX_POINT('',#4703);
#1708=VERTEX_POINT('',#4707);
#1709=VERTEX_POINT('',#4709);
#1710=VERTEX_POINT('',#4711);
#1711=VERTEX_POINT('',#4713);
#1712=VERTEX_POINT('',#4715);
#1713=VERTEX_POINT('',#4717);
#1714=VERTEX_POINT('',#4719);
#1715=VERTEX_POINT('',#4724);
#1716=VERTEX_POINT('',#4725);
#1717=VERTEX_POINT('',#4727);
#1718=VERTEX_POINT('',#4729);
#1719=VERTEX_POINT('',#4731);
#1720=VERTEX_POINT('',#4733);
#1721=VERTEX_POINT('',#4735);
#1722=VERTEX_POINT('',#4737);
#1723=VERTEX_POINT('',#4740);
#1724=VERTEX_POINT('',#4741);
#1725=VERTEX_POINT('',#4743);
#1726=VERTEX_POINT('',#4745);
#1727=VERTEX_POINT('',#4747);
#1728=VERTEX_POINT('',#4749);
#1729=VERTEX_POINT('',#4751);
#1730=VERTEX_POINT('',#4753);
#1731=VERTEX_POINT('',#4756);
#1732=VERTEX_POINT('',#4757);
#1733=VERTEX_POINT('',#4759);
#1734=VERTEX_POINT('',#4761);
#1735=VERTEX_POINT('',#4763);
#1736=VERTEX_POINT('',#4765);
#1737=VERTEX_POINT('',#4767);
#1738=VERTEX_POINT('',#4769);
#1739=VERTEX_POINT('',#4772);
#1740=VERTEX_POINT('',#4773);
#1741=VERTEX_POINT('',#4775);
#1742=VERTEX_POINT('',#4777);
#1743=VERTEX_POINT('',#4779);
#1744=VERTEX_POINT('',#4781);
#1745=VERTEX_POINT('',#4783);
#1746=VERTEX_POINT('',#4785);
#1747=VERTEX_POINT('',#4788);
#1748=VERTEX_POINT('',#4789);
#1749=VERTEX_POINT('',#4791);
#1750=VERTEX_POINT('',#4793);
#1751=VERTEX_POINT('',#4795);
#1752=VERTEX_POINT('',#4797);
#1753=VERTEX_POINT('',#4799);
#1754=VERTEX_POINT('',#4801);
#1755=VERTEX_POINT('',#4804);
#1756=VERTEX_POINT('',#4805);
#1757=VERTEX_POINT('',#4807);
#1758=VERTEX_POINT('',#4809);
#1759=VERTEX_POINT('',#4811);
#1760=VERTEX_POINT('',#4813);
#1761=VERTEX_POINT('',#4815);
#1762=VERTEX_POINT('',#4817);
#1763=VERTEX_POINT('',#4820);
#1764=VERTEX_POINT('',#4821);
#1765=VERTEX_POINT('',#4823);
#1766=VERTEX_POINT('',#4825);
#1767=VERTEX_POINT('',#4827);
#1768=VERTEX_POINT('',#4829);
#1769=VERTEX_POINT('',#4831);
#1770=VERTEX_POINT('',#4833);
#1771=VERTEX_POINT('',#4836);
#1772=VERTEX_POINT('',#4837);
#1773=VERTEX_POINT('',#4839);
#1774=VERTEX_POINT('',#4841);
#1775=VERTEX_POINT('',#4843);
#1776=VERTEX_POINT('',#4845);
#1777=VERTEX_POINT('',#4847);
#1778=VERTEX_POINT('',#4849);
#1779=VERTEX_POINT('',#4852);
#1780=VERTEX_POINT('',#4853);
#1781=VERTEX_POINT('',#4855);
#1782=VERTEX_POINT('',#4857);
#1783=VERTEX_POINT('',#4859);
#1784=VERTEX_POINT('',#4861);
#1785=VERTEX_POINT('',#4863);
#1786=VERTEX_POINT('',#4865);
#1787=VERTEX_POINT('',#4868);
#1788=VERTEX_POINT('',#4869);
#1789=VERTEX_POINT('',#4871);
#1790=VERTEX_POINT('',#4873);
#1791=VERTEX_POINT('',#4875);
#1792=VERTEX_POINT('',#4877);
#1793=VERTEX_POINT('',#4879);
#1794=VERTEX_POINT('',#4881);
#1795=VERTEX_POINT('',#4885);
#1796=VERTEX_POINT('',#4886);
#1797=VERTEX_POINT('',#4888);
#1798=VERTEX_POINT('',#4890);
#1799=VERTEX_POINT('',#4892);
#1800=VERTEX_POINT('',#4894);
#1801=VERTEX_POINT('',#4896);
#1802=VERTEX_POINT('',#4898);
#1803=VERTEX_POINT('',#4901);
#1804=VERTEX_POINT('',#4902);
#1805=VERTEX_POINT('',#4904);
#1806=VERTEX_POINT('',#4906);
#1807=VERTEX_POINT('',#4908);
#1808=VERTEX_POINT('',#4910);
#1809=VERTEX_POINT('',#4912);
#1810=VERTEX_POINT('',#4914);
#1811=VERTEX_POINT('',#4917);
#1812=VERTEX_POINT('',#4918);
#1813=VERTEX_POINT('',#4920);
#1814=VERTEX_POINT('',#4922);
#1815=VERTEX_POINT('',#4924);
#1816=VERTEX_POINT('',#4926);
#1817=VERTEX_POINT('',#4928);
#1818=VERTEX_POINT('',#4930);
#1819=VERTEX_POINT('',#4933);
#1820=VERTEX_POINT('',#4934);
#1821=VERTEX_POINT('',#4936);
#1822=VERTEX_POINT('',#4938);
#1823=VERTEX_POINT('',#4940);
#1824=VERTEX_POINT('',#4942);
#1825=VERTEX_POINT('',#4944);
#1826=VERTEX_POINT('',#4946);
#1827=VERTEX_POINT('',#4949);
#1828=VERTEX_POINT('',#4950);
#1829=VERTEX_POINT('',#4952);
#1830=VERTEX_POINT('',#4954);
#1831=VERTEX_POINT('',#4956);
#1832=VERTEX_POINT('',#4958);
#1833=VERTEX_POINT('',#4960);
#1834=VERTEX_POINT('',#4962);
#1835=VERTEX_POINT('',#4965);
#1836=VERTEX_POINT('',#4966);
#1837=VERTEX_POINT('',#4968);
#1838=VERTEX_POINT('',#4970);
#1839=VERTEX_POINT('',#4972);
#1840=VERTEX_POINT('',#4974);
#1841=VERTEX_POINT('',#4976);
#1842=VERTEX_POINT('',#4978);
#1843=VERTEX_POINT('',#4981);
#1844=VERTEX_POINT('',#4982);
#1845=VERTEX_POINT('',#4984);
#1846=VERTEX_POINT('',#4986);
#1847=VERTEX_POINT('',#4988);
#1848=VERTEX_POINT('',#4990);
#1849=VERTEX_POINT('',#4992);
#1850=VERTEX_POINT('',#4994);
#1851=VERTEX_POINT('',#4997);
#1852=VERTEX_POINT('',#4998);
#1853=VERTEX_POINT('',#5000);
#1854=VERTEX_POINT('',#5002);
#1855=VERTEX_POINT('',#5004);
#1856=VERTEX_POINT('',#5006);
#1857=VERTEX_POINT('',#5008);
#1858=VERTEX_POINT('',#5010);
#1859=VERTEX_POINT('',#5013);
#1860=VERTEX_POINT('',#5014);
#1861=VERTEX_POINT('',#5016);
#1862=VERTEX_POINT('',#5018);
#1863=VERTEX_POINT('',#5020);
#1864=VERTEX_POINT('',#5022);
#1865=VERTEX_POINT('',#5024);
#1866=VERTEX_POINT('',#5026);
#1867=VERTEX_POINT('',#5029);
#1868=VERTEX_POINT('',#5030);
#1869=VERTEX_POINT('',#5032);
#1870=VERTEX_POINT('',#5034);
#1871=VERTEX_POINT('',#5036);
#1872=VERTEX_POINT('',#5038);
#1873=VERTEX_POINT('',#5040);
#1874=VERTEX_POINT('',#5042);
#1875=VERTEX_POINT('',#5049);
#1876=VERTEX_POINT('',#5051);
#1877=VERTEX_POINT('',#5059);
#1878=VERTEX_POINT('',#5061);
#1879=VERTEX_POINT('',#5070);
#1880=VERTEX_POINT('',#5072);
#1881=VERTEX_POINT('',#5080);
#1882=VERTEX_POINT('',#5082);
#1883=VERTEX_POINT('',#5097);
#1884=VERTEX_POINT('',#5099);
#1885=VERTEX_POINT('',#5107);
#1886=VERTEX_POINT('',#5109);
#1887=VERTEX_POINT('',#5121);
#1888=VERTEX_POINT('',#5123);
#1889=VERTEX_POINT('',#5131);
#1890=VERTEX_POINT('',#5133);
#1891=VERTEX_POINT('',#5142);
#1892=VERTEX_POINT('',#5144);
#1893=VERTEX_POINT('',#5152);
#1894=VERTEX_POINT('',#5154);
#1895=VERTEX_POINT('',#5169);
#1896=VERTEX_POINT('',#5171);
#1897=VERTEX_POINT('',#5179);
#1898=VERTEX_POINT('',#5181);
#1899=VERTEX_POINT('',#5193);
#1900=VERTEX_POINT('',#5195);
#1901=VERTEX_POINT('',#5203);
#1902=VERTEX_POINT('',#5205);
#1903=VERTEX_POINT('',#5214);
#1904=VERTEX_POINT('',#5216);
#1905=VERTEX_POINT('',#5224);
#1906=VERTEX_POINT('',#5226);
#1907=VERTEX_POINT('',#5238);
#1908=VERTEX_POINT('',#5240);
#1909=VERTEX_POINT('',#5248);
#1910=VERTEX_POINT('',#5250);
#1911=VERTEX_POINT('',#5262);
#1912=VERTEX_POINT('',#5264);
#1913=VERTEX_POINT('',#5266);
#1914=VERTEX_POINT('',#5268);
#1915=VERTEX_POINT('',#5270);
#1916=VERTEX_POINT('',#5272);
#1917=VERTEX_POINT('',#5274);
#1918=VERTEX_POINT('',#5276);
#1919=VERTEX_POINT('',#5284);
#1920=VERTEX_POINT('',#5286);
#1921=VERTEX_POINT('',#5288);
#1922=VERTEX_POINT('',#5290);
#1923=VERTEX_POINT('',#5292);
#1924=VERTEX_POINT('',#5294);
#1925=VERTEX_POINT('',#5296);
#1926=VERTEX_POINT('',#5298);
#1927=VERTEX_POINT('',#5314);
#1928=VERTEX_POINT('',#5318);
#1929=VERTEX_POINT('',#5326);
#1930=VERTEX_POINT('',#5330);
#1931=VERTEX_POINT('',#5334);
#1932=VERTEX_POINT('',#5338);
#1933=VERTEX_POINT('',#5344);
#1934=VERTEX_POINT('',#5348);
#1935=VERTEX_POINT('',#5354);
#1936=VERTEX_POINT('',#5358);
#1937=VERTEX_POINT('',#5362);
#1938=VERTEX_POINT('',#5366);
#1939=VERTEX_POINT('',#5370);
#1940=VERTEX_POINT('',#5374);
#1941=VERTEX_POINT('',#5378);
#1942=VERTEX_POINT('',#5382);
#1943=VERTEX_POINT('',#5386);
#1944=VERTEX_POINT('',#5390);
#1945=VERTEX_POINT('',#5394);
#1946=VERTEX_POINT('',#5398);
#1947=VERTEX_POINT('',#5402);
#1948=VERTEX_POINT('',#5406);
#1949=VERTEX_POINT('',#5407);
#1950=VERTEX_POINT('',#5409);
#1951=VERTEX_POINT('',#5411);
#1952=VERTEX_POINT('',#5417);
#1953=VERTEX_POINT('',#5418);
#1954=VERTEX_POINT('',#5420);
#1955=VERTEX_POINT('',#5422);
#1956=VERTEX_POINT('',#5428);
#1957=VERTEX_POINT('',#5429);
#1958=VERTEX_POINT('',#5431);
#1959=VERTEX_POINT('',#5433);
#1960=VERTEX_POINT('',#5439);
#1961=VERTEX_POINT('',#5440);
#1962=VERTEX_POINT('',#5442);
#1963=VERTEX_POINT('',#5444);
#1964=VERTEX_POINT('',#5450);
#1965=VERTEX_POINT('',#5454);
#1966=VERTEX_POINT('',#5455);
#1967=VERTEX_POINT('',#5457);
#1968=VERTEX_POINT('',#5459);
#1969=VERTEX_POINT('',#5465);
#1970=VERTEX_POINT('',#5466);
#1971=VERTEX_POINT('',#5468);
#1972=VERTEX_POINT('',#5470);
#1973=VERTEX_POINT('',#5476);
#1974=VERTEX_POINT('',#5480);
#1975=VERTEX_POINT('',#5484);
#1976=VERTEX_POINT('',#5488);
#1977=VERTEX_POINT('',#5492);
#1978=VERTEX_POINT('',#5496);
#1979=VERTEX_POINT('',#5500);
#1980=VERTEX_POINT('',#5504);
#1981=VERTEX_POINT('',#5508);
#1982=VERTEX_POINT('',#5512);
#1983=VERTEX_POINT('',#5516);
#1984=VERTEX_POINT('',#5520);
#1985=VERTEX_POINT('',#5540);
#1986=VERTEX_POINT('',#5544);
#1987=VERTEX_POINT('',#5548);
#1988=VERTEX_POINT('',#5552);
#1989=VERTEX_POINT('',#5556);
#1990=CIRCLE('',#3223,0.002625);
#1991=CIRCLE('',#3224,0.002625);
#1992=CIRCLE('',#3225,0.002625);
#1993=CIRCLE('',#3226,0.002625);
#1994=CIRCLE('',#3227,0.002625);
#1995=CIRCLE('',#3229,0.002625);
#1996=CIRCLE('',#3230,0.002625);
#1997=CIRCLE('',#3231,0.002625);
#1998=CIRCLE('',#3232,0.002625);
#1999=CIRCLE('',#3233,0.002625);
#2000=CIRCLE('',#3235,0.002625);
#2001=CIRCLE('',#3236,0.002625);
#2002=CIRCLE('',#3237,0.002625);
#2003=CIRCLE('',#3238,0.002625);
#2004=CIRCLE('',#3239,0.002625);
#2005=CIRCLE('',#3241,0.002625);
#2006=CIRCLE('',#3242,0.002625);
#2007=CIRCLE('',#3243,0.002625);
#2008=CIRCLE('',#3244,0.002625);
#2009=CIRCLE('',#3245,0.002625);
#2010=CIRCLE('',#3246,0.002625);
#2011=CIRCLE('',#3247,0.002625);
#2012=CIRCLE('',#3249,0.0023);
#2013=CIRCLE('',#3250,0.0023);
#2014=CIRCLE('',#3251,0.0023);
#2015=CIRCLE('',#3252,0.0023);
#2016=CIRCLE('',#3253,0.0023);
#2017=CIRCLE('',#3254,0.0023);
#2018=CIRCLE('',#3255,0.0023);
#2019=CIRCLE('',#3256,0.0023);
#2020=CIRCLE('',#3257,0.0023);
#2021=CIRCLE('',#3258,0.0023);
#2022=CIRCLE('',#3259,0.0023);
#2023=CIRCLE('',#3260,0.0023);
#2024=CIRCLE('',#3261,0.0023);
#2025=CIRCLE('',#3262,0.0023);
#2026=CIRCLE('',#3263,0.0023);
#2027=CIRCLE('',#3264,0.0023);
#2028=CIRCLE('',#3265,0.0023);
#2029=CIRCLE('',#3266,0.0023);
#2030=CIRCLE('',#3267,0.0023);
#2031=CIRCLE('',#3268,0.0023);
#2032=CIRCLE('',#3269,0.0023);
#2033=CIRCLE('',#3270,0.0023);
#2034=CIRCLE('',#3271,0.0023);
#2035=CIRCLE('',#3272,0.0023);
#2036=CIRCLE('',#3273,0.0023);
#2037=CIRCLE('',#3274,0.0023);
#2038=CIRCLE('',#3275,0.0023);
#2039=CIRCLE('',#3276,0.0023);
#2040=CIRCLE('',#3277,0.0023);
#2041=CIRCLE('',#3278,0.0023);
#2042=CIRCLE('',#3279,0.0023);
#2043=CIRCLE('',#3280,0.0023);
#2044=CIRCLE('',#3281,0.0023);
#2045=CIRCLE('',#3282,0.0023);
#2046=CIRCLE('',#3283,0.0023);
#2047=CIRCLE('',#3284,0.0023);
#2048=CIRCLE('',#3285,0.0023);
#2049=CIRCLE('',#3286,0.0023);
#2050=CIRCLE('',#3287,0.0023);
#2051=CIRCLE('',#3288,0.0023);
#2052=CIRCLE('',#3290,0.0023);
#2053=CIRCLE('',#3291,0.0023);
#2054=CIRCLE('',#3292,0.0023);
#2055=CIRCLE('',#3293,0.0023);
#2056=CIRCLE('',#3294,0.0023);
#2057=CIRCLE('',#3295,0.0023);
#2058=CIRCLE('',#3296,0.0023);
#2059=CIRCLE('',#3297,0.0023);
#2060=CIRCLE('',#3298,0.0023);
#2061=CIRCLE('',#3299,0.0023);
#2062=CIRCLE('',#3300,0.0023);
#2063=CIRCLE('',#3301,0.0023);
#2064=CIRCLE('',#3302,0.0023);
#2065=CIRCLE('',#3303,0.0023);
#2066=CIRCLE('',#3304,0.0023);
#2067=CIRCLE('',#3305,0.0023);
#2068=CIRCLE('',#3306,0.0023);
#2069=CIRCLE('',#3307,0.0023);
#2070=CIRCLE('',#3308,0.0023);
#2071=CIRCLE('',#3309,0.0023);
#2072=CIRCLE('',#3310,0.0023);
#2073=CIRCLE('',#3311,0.0023);
#2074=CIRCLE('',#3312,0.0023);
#2075=CIRCLE('',#3313,0.0023);
#2076=CIRCLE('',#3314,0.0023);
#2077=CIRCLE('',#3315,0.0023);
#2078=CIRCLE('',#3316,0.0023);
#2079=CIRCLE('',#3317,0.0023);
#2080=CIRCLE('',#3318,0.0023);
#2081=CIRCLE('',#3319,0.0023);
#2082=CIRCLE('',#3320,0.0023);
#2083=CIRCLE('',#3321,0.0023);
#2084=CIRCLE('',#3322,0.0023);
#2085=CIRCLE('',#3323,0.0023);
#2086=CIRCLE('',#3324,0.0023);
#2087=CIRCLE('',#3325,0.0023);
#2088=CIRCLE('',#3326,0.0023);
#2089=CIRCLE('',#3327,0.0023);
#2090=CIRCLE('',#3328,0.0023);
#2091=CIRCLE('',#3329,0.0023);
#2092=CIRCLE('',#3332,0.002625);
#2093=CIRCLE('',#3333,0.002625);
#2094=CIRCLE('',#3336,0.002625);
#2095=CIRCLE('',#3337,0.002625);
#2096=CIRCLE('',#3343,0.002625);
#2097=CIRCLE('',#3344,0.002625);
#2098=CIRCLE('',#3347,0.002625);
#2099=CIRCLE('',#3348,0.002625);
#2100=CIRCLE('',#3356,0.002625);
#2101=CIRCLE('',#3357,0.002625);
#2102=CIRCLE('',#3360,0.002625);
#2103=CIRCLE('',#3361,0.002625);
#2104=CIRCLE('',#3368,0.002625);
#2105=CIRCLE('',#3369,0.002625);
#2106=CIRCLE('',#3372,0.002625);
#2107=CIRCLE('',#3373,0.002625);
#2108=CIRCLE('',#3379,0.002625);
#2109=CIRCLE('',#3380,0.002625);
#2110=CIRCLE('',#3383,0.002625);
#2111=CIRCLE('',#3384,0.002625);
#2112=CIRCLE('',#3392,0.002625);
#2113=CIRCLE('',#3393,0.002625);
#2114=CIRCLE('',#3396,0.002625);
#2115=CIRCLE('',#3397,0.002625);
#2116=CIRCLE('',#3404,0.002625);
#2117=CIRCLE('',#3405,0.002625);
#2118=CIRCLE('',#3408,0.002625);
#2119=CIRCLE('',#3409,0.002625);
#2120=CIRCLE('',#3415,0.002625);
#2121=CIRCLE('',#3416,0.002625);
#2122=CIRCLE('',#3419,0.002625);
#2123=CIRCLE('',#3420,0.002625);
#2124=CIRCLE('',#3427,0.002625);
#2125=CIRCLE('',#3428,0.002625);
#2126=CIRCLE('',#3431,0.002625);
#2127=CIRCLE('',#3432,0.002625);
#2128=CIRCLE('',#3439,0.002625);
#2129=CIRCLE('',#3440,0.002625);
#2130=CIRCLE('',#3441,0.002625);
#2131=CIRCLE('',#3442,0.002625);
#2132=CIRCLE('',#3443,0.002625);
#2133=CIRCLE('',#3444,0.002625);
#2134=CIRCLE('',#3445,0.002625);
#2135=CIRCLE('',#3446,0.002625);
#2136=CIRCLE('',#3449,0.002625);
#2137=CIRCLE('',#3450,0.002625);
#2138=CIRCLE('',#3451,0.002625);
#2139=CIRCLE('',#3452,0.002625);
#2140=CIRCLE('',#3453,0.002625);
#2141=CIRCLE('',#3454,0.002625);
#2142=CIRCLE('',#3455,0.002625);
#2143=CIRCLE('',#3456,0.002625);
#2144=CIRCLE('',#3467,0.002625);
#2145=CIRCLE('',#3470,0.002625);
#2146=CIRCLE('',#3477,0.002625);
#2147=CIRCLE('',#3480,0.002625);
#2148=CIRCLE('',#3483,0.002625);
#2149=CIRCLE('',#3486,0.002625);
#2150=CIRCLE('',#3491,0.002625);
#2151=CIRCLE('',#3494,0.002625);
#2152=CIRCLE('',#3499,0.002625);
#2153=CIRCLE('',#3502,0.002625);
#2154=CIRCLE('',#3505,0.002625);
#2155=CIRCLE('',#3508,0.002625);
#2156=CIRCLE('',#3511,0.002625);
#2157=CIRCLE('',#3514,0.002625);
#2158=CIRCLE('',#3517,0.002625);
#2159=CIRCLE('',#3520,0.002625);
#2160=CIRCLE('',#3523,0.002625);
#2161=CIRCLE('',#3526,0.002625);
#2162=CIRCLE('',#3529,0.002625);
#2163=CIRCLE('',#3532,0.002625);
#2164=CIRCLE('',#3535,0.002625);
#2165=CIRCLE('',#3538,0.002625);
#2166=CIRCLE('',#3539,0.002625);
#2167=CIRCLE('',#3541,0.002625);
#2168=CIRCLE('',#3543,0.002625);
#2169=CIRCLE('',#3544,0.002625);
#2170=CIRCLE('',#3546,0.002625);
#2171=CIRCLE('',#3548,0.002625);
#2172=CIRCLE('',#3549,0.002625);
#2173=CIRCLE('',#3551,0.002625);
#2174=CIRCLE('',#3553,0.002625);
#2175=CIRCLE('',#3554,0.002625);
#2176=CIRCLE('',#3556,0.002625);
#2177=CIRCLE('',#3558,0.002625);
#2178=CIRCLE('',#3561,0.002625);
#2179=CIRCLE('',#3562,0.002625);
#2180=CIRCLE('',#3564,0.002625);
#2181=CIRCLE('',#3566,0.002625);
#2182=CIRCLE('',#3567,0.002625);
#2183=CIRCLE('',#3569,0.002625);
#2184=CIRCLE('',#3571,0.002625);
#2185=CIRCLE('',#3574,0.002625);
#2186=CIRCLE('',#3577,0.002625);
#2187=CIRCLE('',#3580,0.002625);
#2188=CIRCLE('',#3583,0.002625);
#2189=CIRCLE('',#3586,0.002625);
#2190=CIRCLE('',#3589,0.002625);
#2191=CIRCLE('',#3592,0.002625);
#2192=CIRCLE('',#3595,0.002625);
#2193=CIRCLE('',#3598,0.002625);
#2194=CIRCLE('',#3601,0.002625);
#2195=CIRCLE('',#3604,0.002625);
#2196=CIRCLE('',#3607,0.002625);
#2197=CIRCLE('',#3610,0.002625);
#2198=CIRCLE('',#3613,0.002625);
#2199=CIRCLE('',#3616,0.002625);
#2200=CIRCLE('',#3617,0.002625);
#2201=CIRCLE('',#3620,0.002625);
#2202=CIRCLE('',#3623,0.002625);
#2203=CIRCLE('',#3626,0.002625);
#2204=CIRCLE('',#3629,0.002625);
#2205=CIRCLE('',#3632,0.002625);
#2206=CIRCLE('',#3635,0.002625);
#2207=EDGE_LOOP('',(#482));
#2208=EDGE_LOOP('',(#483));
#2209=EDGE_LOOP('',(#484));
#2210=EDGE_LOOP('',(#485));
#2211=EDGE_LOOP('',(#486));
#2212=EDGE_LOOP('',(#487,#488,#489,#490));
#2213=EDGE_LOOP('',(#491));
#2214=EDGE_LOOP('',(#492));
#2215=EDGE_LOOP('',(#493));
#2216=EDGE_LOOP('',(#494));
#2217=EDGE_LOOP('',(#495));
#2218=EDGE_LOOP('',(#496,#497,#498,#499));
#2219=EDGE_LOOP('',(#500));
#2220=EDGE_LOOP('',(#501));
#2221=EDGE_LOOP('',(#502));
#2222=EDGE_LOOP('',(#503));
#2223=EDGE_LOOP('',(#504));
#2224=EDGE_LOOP('',(#505,#506,#507,#508));
#2225=EDGE_LOOP('',(#509));
#2226=EDGE_LOOP('',(#510));
#2227=EDGE_LOOP('',(#511));
#2228=EDGE_LOOP('',(#512));
#2229=EDGE_LOOP('',(#513));
#2230=EDGE_LOOP('',(#514));
#2231=EDGE_LOOP('',(#515));
#2232=EDGE_LOOP('',(#516,#517,#518,#519));
#2233=EDGE_LOOP('',(#520,#521,#522,#523,#524,#525,#526,#527));
#2234=EDGE_LOOP('',(#528,#529,#530,#531,#532,#533,#534,#535));
#2235=EDGE_LOOP('',(#536,#537,#538,#539,#540,#541,#542,#543));
#2236=EDGE_LOOP('',(#544,#545,#546,#547,#548,#549,#550,#551));
#2237=EDGE_LOOP('',(#552,#553,#554,#555,#556,#557,#558,#559));
#2238=EDGE_LOOP('',(#560,#561,#562,#563,#564,#565,#566,#567));
#2239=EDGE_LOOP('',(#568,#569,#570,#571,#572,#573,#574,#575));
#2240=EDGE_LOOP('',(#576,#577,#578,#579,#580,#581,#582,#583));
#2241=EDGE_LOOP('',(#584,#585,#586,#587,#588,#589,#590,#591));
#2242=EDGE_LOOP('',(#592,#593,#594,#595,#596,#597,#598,#599));
#2243=EDGE_LOOP('',(#600,#601,#602,#603));
#2244=EDGE_LOOP('',(#604,#605,#606,#607,#608,#609,#610,#611));
#2245=EDGE_LOOP('',(#612,#613,#614,#615,#616,#617,#618,#619));
#2246=EDGE_LOOP('',(#620,#621,#622,#623,#624,#625,#626,#627));
#2247=EDGE_LOOP('',(#628,#629,#630,#631,#632,#633,#634,#635));
#2248=EDGE_LOOP('',(#636,#637,#638,#639,#640,#641,#642,#643));
#2249=EDGE_LOOP('',(#644,#645,#646,#647,#648,#649,#650,#651));
#2250=EDGE_LOOP('',(#652,#653,#654,#655,#656,#657,#658,#659));
#2251=EDGE_LOOP('',(#660,#661,#662,#663,#664,#665,#666,#667));
#2252=EDGE_LOOP('',(#668,#669,#670,#671,#672,#673,#674,#675));
#2253=EDGE_LOOP('',(#676,#677,#678,#679,#680,#681,#682,#683));
#2254=EDGE_LOOP('',(#684,#685,#686,#687));
#2255=EDGE_LOOP('',(#688,#689,#690,#691));
#2256=EDGE_LOOP('',(#692));
#2257=EDGE_LOOP('',(#693));
#2258=EDGE_LOOP('',(#694,#695,#696,#697));
#2259=EDGE_LOOP('',(#698,#699,#700,#701));
#2260=EDGE_LOOP('',(#702));
#2261=EDGE_LOOP('',(#703));
#2262=EDGE_LOOP('',(#704,#705,#706,#707));
#2263=EDGE_LOOP('',(#708,#709,#710,#711));
#2264=EDGE_LOOP('',(#712,#713,#714,#715));
#2265=EDGE_LOOP('',(#716,#717,#718,#719));
#2266=EDGE_LOOP('',(#720,#721,#722,#723));
#2267=EDGE_LOOP('',(#724));
#2268=EDGE_LOOP('',(#725));
#2269=EDGE_LOOP('',(#726,#727,#728,#729));
#2270=EDGE_LOOP('',(#730,#731,#732,#733));
#2271=EDGE_LOOP('',(#734));
#2272=EDGE_LOOP('',(#735));
#2273=EDGE_LOOP('',(#736,#737,#738,#739));
#2274=EDGE_LOOP('',(#740,#741,#742,#743));
#2275=EDGE_LOOP('',(#744,#745,#746,#747));
#2276=EDGE_LOOP('',(#748,#749,#750,#751));
#2277=EDGE_LOOP('',(#752,#753,#754,#755));
#2278=EDGE_LOOP('',(#756,#757,#758,#759));
#2279=EDGE_LOOP('',(#760,#761,#762,#763));
#2280=EDGE_LOOP('',(#764));
#2281=EDGE_LOOP('',(#765));
#2282=EDGE_LOOP('',(#766,#767,#768,#769));
#2283=EDGE_LOOP('',(#770,#771,#772,#773));
#2284=EDGE_LOOP('',(#774));
#2285=EDGE_LOOP('',(#775));
#2286=EDGE_LOOP('',(#776,#777,#778,#779));
#2287=EDGE_LOOP('',(#780,#781,#782,#783));
#2288=EDGE_LOOP('',(#784,#785,#786,#787));
#2289=EDGE_LOOP('',(#788,#789,#790,#791));
#2290=EDGE_LOOP('',(#792,#793,#794,#795));
#2291=EDGE_LOOP('',(#796,#797,#798,#799));
#2292=EDGE_LOOP('',(#800));
#2293=EDGE_LOOP('',(#801));
#2294=EDGE_LOOP('',(#802,#803,#804,#805));
#2295=EDGE_LOOP('',(#806,#807,#808,#809));
#2296=EDGE_LOOP('',(#810));
#2297=EDGE_LOOP('',(#811));
#2298=EDGE_LOOP('',(#812,#813,#814,#815));
#2299=EDGE_LOOP('',(#816,#817,#818,#819));
#2300=EDGE_LOOP('',(#820,#821,#822,#823));
#2301=EDGE_LOOP('',(#824,#825,#826,#827));
#2302=EDGE_LOOP('',(#828,#829,#830,#831));
#2303=EDGE_LOOP('',(#832));
#2304=EDGE_LOOP('',(#833));
#2305=EDGE_LOOP('',(#834,#835,#836,#837));
#2306=EDGE_LOOP('',(#838,#839,#840,#841));
#2307=EDGE_LOOP('',(#842));
#2308=EDGE_LOOP('',(#843));
#2309=EDGE_LOOP('',(#844,#845,#846,#847));
#2310=EDGE_LOOP('',(#848,#849,#850,#851));
#2311=EDGE_LOOP('',(#852,#853,#854,#855));
#2312=EDGE_LOOP('',(#856,#857,#858,#859));
#2313=EDGE_LOOP('',(#860,#861,#862,#863));
#2314=EDGE_LOOP('',(#864,#865,#866,#867));
#2315=EDGE_LOOP('',(#868,#869,#870,#871));
#2316=EDGE_LOOP('',(#872));
#2317=EDGE_LOOP('',(#873));
#2318=EDGE_LOOP('',(#874,#875,#876,#877));
#2319=EDGE_LOOP('',(#878,#879,#880,#881));
#2320=EDGE_LOOP('',(#882));
#2321=EDGE_LOOP('',(#883));
#2322=EDGE_LOOP('',(#884,#885,#886,#887));
#2323=EDGE_LOOP('',(#888,#889,#890,#891));
#2324=EDGE_LOOP('',(#892,#893,#894,#895));
#2325=EDGE_LOOP('',(#896,#897,#898,#899));
#2326=EDGE_LOOP('',(#900,#901,#902,#903));
#2327=EDGE_LOOP('',(#904,#905,#906,#907));
#2328=EDGE_LOOP('',(#908));
#2329=EDGE_LOOP('',(#909));
#2330=EDGE_LOOP('',(#910,#911,#912,#913));
#2331=EDGE_LOOP('',(#914,#915,#916,#917));
#2332=EDGE_LOOP('',(#918));
#2333=EDGE_LOOP('',(#919));
#2334=EDGE_LOOP('',(#920,#921,#922,#923));
#2335=EDGE_LOOP('',(#924,#925,#926,#927));
#2336=EDGE_LOOP('',(#928,#929,#930,#931));
#2337=EDGE_LOOP('',(#932,#933,#934,#935));
#2338=EDGE_LOOP('',(#936,#937,#938,#939));
#2339=EDGE_LOOP('',(#940));
#2340=EDGE_LOOP('',(#941));
#2341=EDGE_LOOP('',(#942,#943,#944,#945));
#2342=EDGE_LOOP('',(#946,#947,#948,#949));
#2343=EDGE_LOOP('',(#950));
#2344=EDGE_LOOP('',(#951));
#2345=EDGE_LOOP('',(#952,#953,#954,#955));
#2346=EDGE_LOOP('',(#956,#957,#958,#959));
#2347=EDGE_LOOP('',(#960,#961,#962,#963));
#2348=EDGE_LOOP('',(#964,#965,#966,#967));
#2349=EDGE_LOOP('',(#968,#969,#970,#971));
#2350=EDGE_LOOP('',(#972,#973,#974,#975));
#2351=EDGE_LOOP('',(#976));
#2352=EDGE_LOOP('',(#977));
#2353=EDGE_LOOP('',(#978,#979,#980,#981));
#2354=EDGE_LOOP('',(#982,#983,#984,#985));
#2355=EDGE_LOOP('',(#986));
#2356=EDGE_LOOP('',(#987));
#2357=EDGE_LOOP('',(#988,#989,#990,#991));
#2358=EDGE_LOOP('',(#992,#993,#994,#995));
#2359=EDGE_LOOP('',(#996,#997,#998,#999));
#2360=EDGE_LOOP('',(#1000,#1001,#1002,#1003));
#2361=EDGE_LOOP('',(#1004,#1005,#1006,#1007));
#2362=EDGE_LOOP('',(#1008,#1009,#1010,#1011));
#2363=EDGE_LOOP('',(#1012));
#2364=EDGE_LOOP('',(#1013));
#2365=EDGE_LOOP('',(#1014));
#2366=EDGE_LOOP('',(#1015));
#2367=EDGE_LOOP('',(#1016));
#2368=EDGE_LOOP('',(#1017));
#2369=EDGE_LOOP('',(#1018));
#2370=EDGE_LOOP('',(#1019));
#2371=EDGE_LOOP('',(#1020,#1021,#1022,#1023));
#2372=EDGE_LOOP('',(#1024,#1025,#1026,#1027));
#2373=EDGE_LOOP('',(#1028));
#2374=EDGE_LOOP('',(#1029));
#2375=EDGE_LOOP('',(#1030));
#2376=EDGE_LOOP('',(#1031));
#2377=EDGE_LOOP('',(#1032));
#2378=EDGE_LOOP('',(#1033));
#2379=EDGE_LOOP('',(#1034));
#2380=EDGE_LOOP('',(#1035));
#2381=EDGE_LOOP('',(#1036,#1037,#1038,#1039));
#2382=EDGE_LOOP('',(#1040,#1041,#1042,#1043));
#2383=EDGE_LOOP('',(#1044,#1045,#1046,#1047));
#2384=EDGE_LOOP('',(#1048,#1049,#1050,#1051));
#2385=EDGE_LOOP('',(#1052,#1053,#1054,#1055));
#2386=EDGE_LOOP('',(#1056,#1057,#1058,#1059));
#2387=EDGE_LOOP('',(#1060));
#2388=EDGE_LOOP('',(#1061));
#2389=EDGE_LOOP('',(#1062));
#2390=EDGE_LOOP('',(#1063));
#2391=EDGE_LOOP('',(#1064));
#2392=EDGE_LOOP('',(#1065));
#2393=EDGE_LOOP('',(#1066));
#2394=EDGE_LOOP('',(#1067));
#2395=EDGE_LOOP('',(#1068));
#2396=EDGE_LOOP('',(#1069));
#2397=EDGE_LOOP('',(#1070));
#2398=EDGE_LOOP('',(#1071));
#2399=EDGE_LOOP('',(#1072));
#2400=EDGE_LOOP('',(#1073));
#2401=EDGE_LOOP('',(#1074));
#2402=EDGE_LOOP('',(#1075));
#2403=EDGE_LOOP('',(#1076));
#2404=EDGE_LOOP('',(#1077));
#2405=EDGE_LOOP('',(#1078));
#2406=EDGE_LOOP('',(#1079));
#2407=EDGE_LOOP('',(#1080));
#2408=EDGE_LOOP('',(#1081));
#2409=EDGE_LOOP('',(#1082));
#2410=EDGE_LOOP('',(#1083));
#2411=EDGE_LOOP('',(#1084));
#2412=EDGE_LOOP('',(#1085));
#2413=EDGE_LOOP('',(#1086));
#2414=EDGE_LOOP('',(#1087));
#2415=EDGE_LOOP('',(#1088));
#2416=EDGE_LOOP('',(#1089));
#2417=EDGE_LOOP('',(#1090));
#2418=EDGE_LOOP('',(#1091));
#2419=EDGE_LOOP('',(#1092));
#2420=EDGE_LOOP('',(#1093));
#2421=EDGE_LOOP('',(#1094));
#2422=EDGE_LOOP('',(#1095));
#2423=EDGE_LOOP('',(#1096));
#2424=EDGE_LOOP('',(#1097));
#2425=EDGE_LOOP('',(#1098));
#2426=EDGE_LOOP('',(#1099));
#2427=EDGE_LOOP('',(#1100));
#2428=EDGE_LOOP('',(#1101));
#2429=EDGE_LOOP('',(#1102));
#2430=EDGE_LOOP('',(#1103));
#2431=EDGE_LOOP('',(#1104));
#2432=EDGE_LOOP('',(#1105));
#2433=EDGE_LOOP('',(#1106));
#2434=EDGE_LOOP('',(#1107));
#2435=EDGE_LOOP('',(#1108));
#2436=EDGE_LOOP('',(#1109));
#2437=EDGE_LOOP('',(#1110));
#2438=EDGE_LOOP('',(#1111));
#2439=EDGE_LOOP('',(#1112));
#2440=EDGE_LOOP('',(#1113));
#2441=EDGE_LOOP('',(#1114));
#2442=EDGE_LOOP('',(#1115));
#2443=EDGE_LOOP('',(#1116));
#2444=EDGE_LOOP('',(#1117));
#2445=EDGE_LOOP('',(#1118));
#2446=EDGE_LOOP('',(#1119));
#2447=EDGE_LOOP('',(#1120));
#2448=EDGE_LOOP('',(#1121));
#2449=EDGE_LOOP('',(#1122));
#2450=EDGE_LOOP('',(#1123));
#2451=EDGE_LOOP('',(#1124));
#2452=EDGE_LOOP('',(#1125));
#2453=EDGE_LOOP('',(#1126));
#2454=EDGE_LOOP('',(#1127));
#2455=EDGE_LOOP('',(#1128));
#2456=EDGE_LOOP('',(#1129));
#2457=EDGE_LOOP('',(#1130));
#2458=EDGE_LOOP('',(#1131));
#2459=EDGE_LOOP('',(#1132));
#2460=EDGE_LOOP('',(#1133));
#2461=EDGE_LOOP('',(#1134));
#2462=EDGE_LOOP('',(#1135));
#2463=EDGE_LOOP('',(#1136));
#2464=EDGE_LOOP('',(#1137));
#2465=EDGE_LOOP('',(#1138));
#2466=EDGE_LOOP('',(#1139));
#2467=EDGE_LOOP('',(#1140));
#2468=EDGE_LOOP('',(#1141));
#2469=EDGE_LOOP('',(#1142));
#2470=EDGE_LOOP('',(#1143));
#2471=EDGE_LOOP('',(#1144));
#2472=EDGE_LOOP('',(#1145));
#2473=EDGE_LOOP('',(#1146));
#2474=EDGE_LOOP('',(#1147,#1148,#1149,#1150));
#2475=EDGE_LOOP('',(#1151));
#2476=EDGE_LOOP('',(#1152,#1153));
#2477=EDGE_LOOP('',(#1154,#1155,#1156,#1157));
#2478=EDGE_LOOP('',(#1158));
#2479=EDGE_LOOP('',(#1159,#1160));
#2480=EDGE_LOOP('',(#1161,#1162,#1163,#1164));
#2481=EDGE_LOOP('',(#1165));
#2482=EDGE_LOOP('',(#1166,#1167));
#2483=EDGE_LOOP('',(#1168,#1169,#1170,#1171));
#2484=EDGE_LOOP('',(#1172));
#2485=EDGE_LOOP('',(#1173,#1174));
#2486=EDGE_LOOP('',(#1175));
#2487=EDGE_LOOP('',(#1176));
#2488=EDGE_LOOP('',(#1177));
#2489=EDGE_LOOP('',(#1178,#1179,#1180,#1181));
#2490=EDGE_LOOP('',(#1182));
#2491=EDGE_LOOP('',(#1183,#1184));
#2492=EDGE_LOOP('',(#1185,#1186,#1187,#1188));
#2493=EDGE_LOOP('',(#1189));
#2494=EDGE_LOOP('',(#1190,#1191));
#2495=EDGE_LOOP('',(#1192));
#2496=EDGE_LOOP('',(#1193));
#2497=EDGE_LOOP('',(#1194));
#2498=EDGE_LOOP('',(#1195));
#2499=EDGE_LOOP('',(#1196));
#2500=EDGE_LOOP('',(#1197));
#2501=EDGE_LOOP('',(#1198));
#2502=EDGE_LOOP('',(#1199));
#2503=EDGE_LOOP('',(#1200));
#2504=EDGE_LOOP('',(#1201));
#2505=EDGE_LOOP('',(#1202));
#2506=EDGE_LOOP('',(#1203));
#2507=EDGE_LOOP('',(#1204));
#2508=EDGE_LOOP('',(#1205));
#2509=EDGE_LOOP('',(#1206));
#2510=EDGE_LOOP('',(#1207));
#2511=EDGE_LOOP('',(#1208));
#2512=EDGE_LOOP('',(#1209));
#2513=EDGE_LOOP('',(#1210));
#2514=EDGE_LOOP('',(#1211));
#2515=EDGE_LOOP('',(#1212));
#2516=EDGE_LOOP('',(#1213));
#2517=EDGE_LOOP('',(#1214));
#2518=EDGE_LOOP('',(#1215));
#2519=EDGE_LOOP('',(#1216));
#2520=EDGE_LOOP('',(#1217));
#2521=EDGE_LOOP('',(#1218));
#2522=EDGE_LOOP('',(#1219));
#2523=EDGE_LOOP('',(#1220));
#2524=EDGE_LOOP('',(#1221));
#2525=EDGE_LOOP('',(#1222));
#2526=EDGE_LOOP('',(#1223));
#2527=EDGE_LOOP('',(#1224));
#2528=EDGE_LOOP('',(#1225));
#2529=EDGE_LOOP('',(#1226));
#2530=EDGE_LOOP('',(#1227));
#2531=EDGE_LOOP('',(#1228,#1229,#1230,#1231));
#2532=EDGE_LOOP('',(#1232));
#2533=EDGE_LOOP('',(#1233,#1234));
#2534=EDGE_LOOP('',(#1235,#1236,#1237,#1238));
#2535=EDGE_LOOP('',(#1239));
#2536=EDGE_LOOP('',(#1240,#1241));
#2537=EDGE_LOOP('',(#1242,#1243,#1244,#1245));
#2538=EDGE_LOOP('',(#1246));
#2539=EDGE_LOOP('',(#1247,#1248));
#2540=EDGE_LOOP('',(#1249,#1250,#1251,#1252,#1253,#1254,#1255,#1256));
#2541=EDGE_LOOP('',(#1257));
#2542=EDGE_LOOP('',(#1258,#1259,#1260,#1261));
#2543=EDGE_LOOP('',(#1262,#1263,#1264,#1265));
#2544=EDGE_LOOP('',(#1266));
#2545=EDGE_LOOP('',(#1267,#1268));
#2546=EDGE_LOOP('',(#1269));
#2547=EDGE_LOOP('',(#1270));
#2548=EDGE_LOOP('',(#1271));
#2549=EDGE_LOOP('',(#1272));
#2550=EDGE_LOOP('',(#1273));
#2551=EDGE_LOOP('',(#1274));
#2552=EDGE_LOOP('',(#1275));
#2553=EDGE_LOOP('',(#1276));
#2554=EDGE_LOOP('',(#1277));
#2555=EDGE_LOOP('',(#1278));
#2556=EDGE_LOOP('',(#1279));
#2557=EDGE_LOOP('',(#1280));
#2558=EDGE_LOOP('',(#1281));
#2559=EDGE_LOOP('',(#1282));
#2560=EDGE_LOOP('',(#1283));
#2561=FACE_BOUND('',#2207,.T.);
#2562=FACE_BOUND('',#2208,.T.);
#2563=FACE_BOUND('',#2209,.T.);
#2564=FACE_BOUND('',#2210,.T.);
#2565=FACE_BOUND('',#2211,.T.);
#2566=FACE_BOUND('',#2212,.T.);
#2567=FACE_BOUND('',#2213,.T.);
#2568=FACE_BOUND('',#2214,.T.);
#2569=FACE_BOUND('',#2215,.T.);
#2570=FACE_BOUND('',#2216,.T.);
#2571=FACE_BOUND('',#2217,.T.);
#2572=FACE_BOUND('',#2218,.T.);
#2573=FACE_BOUND('',#2219,.T.);
#2574=FACE_BOUND('',#2220,.T.);
#2575=FACE_BOUND('',#2221,.T.);
#2576=FACE_BOUND('',#2222,.T.);
#2577=FACE_BOUND('',#2223,.T.);
#2578=FACE_BOUND('',#2224,.T.);
#2579=FACE_BOUND('',#2225,.T.);
#2580=FACE_BOUND('',#2226,.T.);
#2581=FACE_BOUND('',#2227,.T.);
#2582=FACE_BOUND('',#2228,.T.);
#2583=FACE_BOUND('',#2229,.T.);
#2584=FACE_BOUND('',#2230,.T.);
#2585=FACE_BOUND('',#2231,.T.);
#2586=FACE_BOUND('',#2232,.T.);
#2587=FACE_BOUND('',#2233,.T.);
#2588=FACE_BOUND('',#2234,.T.);
#2589=FACE_BOUND('',#2235,.T.);
#2590=FACE_BOUND('',#2236,.T.);
#2591=FACE_BOUND('',#2237,.T.);
#2592=FACE_BOUND('',#2238,.T.);
#2593=FACE_BOUND('',#2239,.T.);
#2594=FACE_BOUND('',#2240,.T.);
#2595=FACE_BOUND('',#2241,.T.);
#2596=FACE_BOUND('',#2242,.T.);
#2597=FACE_BOUND('',#2243,.T.);
#2598=FACE_BOUND('',#2244,.T.);
#2599=FACE_BOUND('',#2245,.T.);
#2600=FACE_BOUND('',#2246,.T.);
#2601=FACE_BOUND('',#2247,.T.);
#2602=FACE_BOUND('',#2248,.T.);
#2603=FACE_BOUND('',#2249,.T.);
#2604=FACE_BOUND('',#2250,.T.);
#2605=FACE_BOUND('',#2251,.T.);
#2606=FACE_BOUND('',#2252,.T.);
#2607=FACE_BOUND('',#2253,.T.);
#2608=FACE_BOUND('',#2254,.T.);
#2609=FACE_BOUND('',#2255,.T.);
#2610=FACE_BOUND('',#2256,.T.);
#2611=FACE_BOUND('',#2257,.T.);
#2612=FACE_BOUND('',#2258,.T.);
#2613=FACE_BOUND('',#2259,.T.);
#2614=FACE_BOUND('',#2260,.T.);
#2615=FACE_BOUND('',#2261,.T.);
#2616=FACE_BOUND('',#2262,.T.);
#2617=FACE_BOUND('',#2263,.T.);
#2618=FACE_BOUND('',#2264,.T.);
#2619=FACE_BOUND('',#2265,.T.);
#2620=FACE_BOUND('',#2266,.T.);
#2621=FACE_BOUND('',#2267,.T.);
#2622=FACE_BOUND('',#2268,.T.);
#2623=FACE_BOUND('',#2269,.T.);
#2624=FACE_BOUND('',#2270,.T.);
#2625=FACE_BOUND('',#2271,.T.);
#2626=FACE_BOUND('',#2272,.T.);
#2627=FACE_BOUND('',#2273,.T.);
#2628=FACE_BOUND('',#2274,.T.);
#2629=FACE_BOUND('',#2275,.T.);
#2630=FACE_BOUND('',#2276,.T.);
#2631=FACE_BOUND('',#2277,.T.);
#2632=FACE_BOUND('',#2278,.T.);
#2633=FACE_BOUND('',#2279,.T.);
#2634=FACE_BOUND('',#2280,.T.);
#2635=FACE_BOUND('',#2281,.T.);
#2636=FACE_BOUND('',#2282,.T.);
#2637=FACE_BOUND('',#2283,.T.);
#2638=FACE_BOUND('',#2284,.T.);
#2639=FACE_BOUND('',#2285,.T.);
#2640=FACE_BOUND('',#2286,.T.);
#2641=FACE_BOUND('',#2287,.T.);
#2642=FACE_BOUND('',#2288,.T.);
#2643=FACE_BOUND('',#2289,.T.);
#2644=FACE_BOUND('',#2290,.T.);
#2645=FACE_BOUND('',#2291,.T.);
#2646=FACE_BOUND('',#2292,.T.);
#2647=FACE_BOUND('',#2293,.T.);
#2648=FACE_BOUND('',#2294,.T.);
#2649=FACE_BOUND('',#2295,.T.);
#2650=FACE_BOUND('',#2296,.T.);
#2651=FACE_BOUND('',#2297,.T.);
#2652=FACE_BOUND('',#2298,.T.);
#2653=FACE_BOUND('',#2299,.T.);
#2654=FACE_BOUND('',#2300,.T.);
#2655=FACE_BOUND('',#2301,.T.);
#2656=FACE_BOUND('',#2302,.T.);
#2657=FACE_BOUND('',#2303,.T.);
#2658=FACE_BOUND('',#2304,.T.);
#2659=FACE_BOUND('',#2305,.T.);
#2660=FACE_BOUND('',#2306,.T.);
#2661=FACE_BOUND('',#2307,.T.);
#2662=FACE_BOUND('',#2308,.T.);
#2663=FACE_BOUND('',#2309,.T.);
#2664=FACE_BOUND('',#2310,.T.);
#2665=FACE_BOUND('',#2311,.T.);
#2666=FACE_BOUND('',#2312,.T.);
#2667=FACE_BOUND('',#2313,.T.);
#2668=FACE_BOUND('',#2314,.T.);
#2669=FACE_BOUND('',#2315,.T.);
#2670=FACE_BOUND('',#2316,.T.);
#2671=FACE_BOUND('',#2317,.T.);
#2672=FACE_BOUND('',#2318,.T.);
#2673=FACE_BOUND('',#2319,.T.);
#2674=FACE_BOUND('',#2320,.T.);
#2675=FACE_BOUND('',#2321,.T.);
#2676=FACE_BOUND('',#2322,.T.);
#2677=FACE_BOUND('',#2323,.T.);
#2678=FACE_BOUND('',#2324,.T.);
#2679=FACE_BOUND('',#2325,.T.);
#2680=FACE_BOUND('',#2326,.T.);
#2681=FACE_BOUND('',#2327,.T.);
#2682=FACE_BOUND('',#2328,.T.);
#2683=FACE_BOUND('',#2329,.T.);
#2684=FACE_BOUND('',#2330,.T.);
#2685=FACE_BOUND('',#2331,.T.);
#2686=FACE_BOUND('',#2332,.T.);
#2687=FACE_BOUND('',#2333,.T.);
#2688=FACE_BOUND('',#2334,.T.);
#2689=FACE_BOUND('',#2335,.T.);
#2690=FACE_BOUND('',#2336,.T.);
#2691=FACE_BOUND('',#2337,.T.);
#2692=FACE_BOUND('',#2338,.T.);
#2693=FACE_BOUND('',#2339,.T.);
#2694=FACE_BOUND('',#2340,.T.);
#2695=FACE_BOUND('',#2341,.T.);
#2696=FACE_BOUND('',#2342,.T.);
#2697=FACE_BOUND('',#2343,.T.);
#2698=FACE_BOUND('',#2344,.T.);
#2699=FACE_BOUND('',#2345,.T.);
#2700=FACE_BOUND('',#2346,.T.);
#2701=FACE_BOUND('',#2347,.T.);
#2702=FACE_BOUND('',#2348,.T.);
#2703=FACE_BOUND('',#2349,.T.);
#2704=FACE_BOUND('',#2350,.T.);
#2705=FACE_BOUND('',#2351,.T.);
#2706=FACE_BOUND('',#2352,.T.);
#2707=FACE_BOUND('',#2353,.T.);
#2708=FACE_BOUND('',#2354,.T.);
#2709=FACE_BOUND('',#2355,.T.);
#2710=FACE_BOUND('',#2356,.T.);
#2711=FACE_BOUND('',#2357,.T.);
#2712=FACE_BOUND('',#2358,.T.);
#2713=FACE_BOUND('',#2359,.T.);
#2714=FACE_BOUND('',#2360,.T.);
#2715=FACE_BOUND('',#2361,.T.);
#2716=FACE_BOUND('',#2362,.T.);
#2717=FACE_BOUND('',#2363,.T.);
#2718=FACE_BOUND('',#2364,.T.);
#2719=FACE_BOUND('',#2365,.T.);
#2720=FACE_BOUND('',#2366,.T.);
#2721=FACE_BOUND('',#2367,.T.);
#2722=FACE_BOUND('',#2368,.T.);
#2723=FACE_BOUND('',#2369,.T.);
#2724=FACE_BOUND('',#2370,.T.);
#2725=FACE_BOUND('',#2371,.T.);
#2726=FACE_BOUND('',#2372,.T.);
#2727=FACE_BOUND('',#2373,.T.);
#2728=FACE_BOUND('',#2374,.T.);
#2729=FACE_BOUND('',#2375,.T.);
#2730=FACE_BOUND('',#2376,.T.);
#2731=FACE_BOUND('',#2377,.T.);
#2732=FACE_BOUND('',#2378,.T.);
#2733=FACE_BOUND('',#2379,.T.);
#2734=FACE_BOUND('',#2380,.T.);
#2735=FACE_BOUND('',#2381,.T.);
#2736=FACE_BOUND('',#2382,.T.);
#2737=FACE_BOUND('',#2383,.T.);
#2738=FACE_BOUND('',#2384,.T.);
#2739=FACE_BOUND('',#2385,.T.);
#2740=FACE_BOUND('',#2386,.T.);
#2741=FACE_BOUND('',#2387,.T.);
#2742=FACE_BOUND('',#2388,.T.);
#2743=FACE_BOUND('',#2389,.T.);
#2744=FACE_BOUND('',#2390,.T.);
#2745=FACE_BOUND('',#2391,.T.);
#2746=FACE_BOUND('',#2392,.T.);
#2747=FACE_BOUND('',#2393,.T.);
#2748=FACE_BOUND('',#2394,.T.);
#2749=FACE_BOUND('',#2395,.T.);
#2750=FACE_BOUND('',#2396,.T.);
#2751=FACE_BOUND('',#2397,.T.);
#2752=FACE_BOUND('',#2398,.T.);
#2753=FACE_BOUND('',#2399,.T.);
#2754=FACE_BOUND('',#2400,.T.);
#2755=FACE_BOUND('',#2401,.T.);
#2756=FACE_BOUND('',#2402,.T.);
#2757=FACE_BOUND('',#2403,.T.);
#2758=FACE_BOUND('',#2404,.T.);
#2759=FACE_BOUND('',#2405,.T.);
#2760=FACE_BOUND('',#2406,.T.);
#2761=FACE_BOUND('',#2407,.T.);
#2762=FACE_BOUND('',#2408,.T.);
#2763=FACE_BOUND('',#2409,.T.);
#2764=FACE_BOUND('',#2410,.T.);
#2765=FACE_BOUND('',#2411,.T.);
#2766=FACE_BOUND('',#2412,.T.);
#2767=FACE_BOUND('',#2413,.T.);
#2768=FACE_BOUND('',#2414,.T.);
#2769=FACE_BOUND('',#2415,.T.);
#2770=FACE_BOUND('',#2416,.T.);
#2771=FACE_BOUND('',#2417,.T.);
#2772=FACE_BOUND('',#2418,.T.);
#2773=FACE_BOUND('',#2419,.T.);
#2774=FACE_BOUND('',#2420,.T.);
#2775=FACE_BOUND('',#2421,.T.);
#2776=FACE_BOUND('',#2422,.T.);
#2777=FACE_BOUND('',#2423,.T.);
#2778=FACE_BOUND('',#2424,.T.);
#2779=FACE_BOUND('',#2425,.T.);
#2780=FACE_BOUND('',#2426,.T.);
#2781=FACE_BOUND('',#2427,.T.);
#2782=FACE_BOUND('',#2428,.T.);
#2783=FACE_BOUND('',#2429,.T.);
#2784=FACE_BOUND('',#2430,.T.);
#2785=FACE_BOUND('',#2431,.T.);
#2786=FACE_BOUND('',#2432,.T.);
#2787=FACE_BOUND('',#2433,.T.);
#2788=FACE_BOUND('',#2434,.T.);
#2789=FACE_BOUND('',#2435,.T.);
#2790=FACE_BOUND('',#2436,.T.);
#2791=FACE_BOUND('',#2437,.T.);
#2792=FACE_BOUND('',#2438,.T.);
#2793=FACE_BOUND('',#2439,.T.);
#2794=FACE_BOUND('',#2440,.T.);
#2795=FACE_BOUND('',#2441,.T.);
#2796=FACE_BOUND('',#2442,.T.);
#2797=FACE_BOUND('',#2443,.T.);
#2798=FACE_BOUND('',#2444,.T.);
#2799=FACE_BOUND('',#2445,.T.);
#2800=FACE_BOUND('',#2446,.T.);
#2801=FACE_BOUND('',#2447,.T.);
#2802=FACE_BOUND('',#2448,.T.);
#2803=FACE_BOUND('',#2449,.T.);
#2804=FACE_BOUND('',#2450,.T.);
#2805=FACE_BOUND('',#2451,.T.);
#2806=FACE_BOUND('',#2452,.T.);
#2807=FACE_BOUND('',#2453,.T.);
#2808=FACE_BOUND('',#2454,.T.);
#2809=FACE_BOUND('',#2455,.T.);
#2810=FACE_BOUND('',#2456,.T.);
#2811=FACE_BOUND('',#2457,.T.);
#2812=FACE_BOUND('',#2458,.T.);
#2813=FACE_BOUND('',#2459,.T.);
#2814=FACE_BOUND('',#2460,.T.);
#2815=FACE_BOUND('',#2461,.T.);
#2816=FACE_BOUND('',#2462,.T.);
#2817=FACE_BOUND('',#2463,.T.);
#2818=FACE_BOUND('',#2464,.T.);
#2819=FACE_BOUND('',#2465,.T.);
#2820=FACE_BOUND('',#2466,.T.);
#2821=FACE_BOUND('',#2467,.T.);
#2822=FACE_BOUND('',#2468,.T.);
#2823=FACE_BOUND('',#2469,.T.);
#2824=FACE_BOUND('',#2470,.T.);
#2825=FACE_BOUND('',#2471,.T.);
#2826=FACE_BOUND('',#2472,.T.);
#2827=FACE_BOUND('',#2473,.T.);
#2828=FACE_BOUND('',#2474,.T.);
#2829=FACE_BOUND('',#2475,.T.);
#2830=FACE_BOUND('',#2476,.T.);
#2831=FACE_BOUND('',#2477,.T.);
#2832=FACE_BOUND('',#2478,.T.);
#2833=FACE_BOUND('',#2479,.T.);
#2834=FACE_BOUND('',#2480,.T.);
#2835=FACE_BOUND('',#2481,.T.);
#2836=FACE_BOUND('',#2482,.T.);
#2837=FACE_BOUND('',#2483,.T.);
#2838=FACE_BOUND('',#2484,.T.);
#2839=FACE_BOUND('',#2485,.T.);
#2840=FACE_BOUND('',#2486,.T.);
#2841=FACE_BOUND('',#2487,.T.);
#2842=FACE_BOUND('',#2488,.T.);
#2843=FACE_BOUND('',#2489,.T.);
#2844=FACE_BOUND('',#2490,.T.);
#2845=FACE_BOUND('',#2491,.T.);
#2846=FACE_BOUND('',#2492,.T.);
#2847=FACE_BOUND('',#2493,.T.);
#2848=FACE_BOUND('',#2494,.T.);
#2849=FACE_BOUND('',#2495,.T.);
#2850=FACE_BOUND('',#2496,.T.);
#2851=FACE_BOUND('',#2497,.T.);
#2852=FACE_BOUND('',#2498,.T.);
#2853=FACE_BOUND('',#2499,.T.);
#2854=FACE_BOUND('',#2500,.T.);
#2855=FACE_BOUND('',#2501,.T.);
#2856=FACE_BOUND('',#2502,.T.);
#2857=FACE_BOUND('',#2503,.T.);
#2858=FACE_BOUND('',#2504,.T.);
#2859=FACE_BOUND('',#2505,.T.);
#2860=FACE_BOUND('',#2506,.T.);
#2861=FACE_BOUND('',#2507,.T.);
#2862=FACE_BOUND('',#2508,.T.);
#2863=FACE_BOUND('',#2509,.T.);
#2864=FACE_BOUND('',#2510,.T.);
#2865=FACE_BOUND('',#2511,.T.);
#2866=FACE_BOUND('',#2512,.T.);
#2867=FACE_BOUND('',#2513,.T.);
#2868=FACE_BOUND('',#2514,.T.);
#2869=FACE_BOUND('',#2515,.T.);
#2870=FACE_BOUND('',#2516,.T.);
#2871=FACE_BOUND('',#2517,.T.);
#2872=FACE_BOUND('',#2518,.T.);
#2873=FACE_BOUND('',#2519,.T.);
#2874=FACE_BOUND('',#2520,.T.);
#2875=FACE_BOUND('',#2521,.T.);
#2876=FACE_BOUND('',#2522,.T.);
#2877=FACE_BOUND('',#2523,.T.);
#2878=FACE_BOUND('',#2524,.T.);
#2879=FACE_BOUND('',#2525,.T.);
#2880=FACE_BOUND('',#2526,.T.);
#2881=FACE_BOUND('',#2527,.T.);
#2882=FACE_BOUND('',#2528,.T.);
#2883=FACE_BOUND('',#2529,.T.);
#2884=FACE_BOUND('',#2530,.T.);
#2885=FACE_BOUND('',#2531,.T.);
#2886=FACE_BOUND('',#2532,.T.);
#2887=FACE_BOUND('',#2533,.T.);
#2888=FACE_BOUND('',#2534,.T.);
#2889=FACE_BOUND('',#2535,.T.);
#2890=FACE_BOUND('',#2536,.T.);
#2891=FACE_BOUND('',#2537,.T.);
#2892=FACE_BOUND('',#2538,.T.);
#2893=FACE_BOUND('',#2539,.T.);
#2894=FACE_BOUND('',#2540,.T.);
#2895=FACE_BOUND('',#2541,.T.);
#2896=FACE_BOUND('',#2542,.T.);
#2897=FACE_BOUND('',#2543,.T.);
#2898=FACE_BOUND('',#2544,.T.);
#2899=FACE_BOUND('',#2545,.T.);
#2900=FACE_BOUND('',#2546,.T.);
#2901=FACE_BOUND('',#2547,.T.);
#2902=FACE_BOUND('',#2548,.T.);
#2903=FACE_BOUND('',#2549,.T.);
#2904=FACE_BOUND('',#2550,.T.);
#2905=FACE_BOUND('',#2551,.T.);
#2906=FACE_BOUND('',#2552,.T.);
#2907=FACE_BOUND('',#2553,.T.);
#2908=FACE_BOUND('',#2554,.T.);
#2909=FACE_BOUND('',#2555,.T.);
#2910=FACE_BOUND('',#2556,.T.);
#2911=FACE_BOUND('',#2557,.T.);
#2912=FACE_BOUND('',#2558,.T.);
#2913=FACE_BOUND('',#2559,.T.);
#2914=FACE_BOUND('',#2560,.T.);
#2915=PLANE('',#3222);
#2916=PLANE('',#3228);
#2917=PLANE('',#3234);
#2918=PLANE('',#3240);
#2919=PLANE('',#3248);
#2920=PLANE('',#3289);
#2921=PLANE('',#3330);
#2922=PLANE('',#3331);
#2923=PLANE('',#3334);
#2924=PLANE('',#3335);
#2925=PLANE('',#3342);
#2926=PLANE('',#3345);
#2927=PLANE('',#3346);
#2928=PLANE('',#3349);
#2929=PLANE('',#3354);
#2930=PLANE('',#3355);
#2931=PLANE('',#3358);
#2932=PLANE('',#3359);
#2933=PLANE('',#3366);
#2934=PLANE('',#3367);
#2935=PLANE('',#3370);
#2936=PLANE('',#3371);
#2937=PLANE('',#3378);
#2938=PLANE('',#3381);
#2939=PLANE('',#3382);
#2940=PLANE('',#3385);
#2941=PLANE('',#3390);
#2942=PLANE('',#3391);
#2943=PLANE('',#3394);
#2944=PLANE('',#3395);
#2945=PLANE('',#3402);
#2946=PLANE('',#3403);
#2947=PLANE('',#3406);
#2948=PLANE('',#3407);
#2949=PLANE('',#3414);
#2950=PLANE('',#3417);
#2951=PLANE('',#3418);
#2952=PLANE('',#3421);
#2953=PLANE('',#3426);
#2954=PLANE('',#3429);
#2955=PLANE('',#3430);
#2956=PLANE('',#3433);
#2957=PLANE('',#3438);
#2958=PLANE('',#3447);
#2959=PLANE('',#3448);
#2960=PLANE('',#3457);
#2961=PLANE('',#3466);
#2962=PLANE('',#3469);
#2963=PLANE('',#3476);
#2964=PLANE('',#3479);
#2965=PLANE('',#3482);
#2966=PLANE('',#3485);
#2967=PLANE('',#3490);
#2968=PLANE('',#3493);
#2969=PLANE('',#3500);
#2970=PLANE('',#3503);
#2971=PLANE('',#3506);
#2972=PLANE('',#3509);
#2973=PLANE('',#3510);
#2974=PLANE('',#3513);
#2975=PLANE('',#3516);
#2976=PLANE('',#3519);
#2977=PLANE('',#3522);
#2978=PLANE('',#3525);
#2979=PLANE('',#3528);
#2980=PLANE('',#3531);
#2981=PLANE('',#3536);
#2982=PLANE('',#3540);
#2983=PLANE('',#3545);
#2984=PLANE('',#3550);
#2985=PLANE('',#3555);
#2986=PLANE('',#3559);
#2987=PLANE('',#3563);
#2988=PLANE('',#3568);
#2989=PLANE('',#3572);
#2990=PLANE('',#3575);
#2991=PLANE('',#3578);
#2992=PLANE('',#3581);
#2993=PLANE('',#3584);
#2994=PLANE('',#3587);
#2995=PLANE('',#3590);
#2996=PLANE('',#3593);
#2997=PLANE('',#3596);
#2998=PLANE('',#3599);
#2999=PLANE('',#3602);
#3000=PLANE('',#3605);
#3001=PLANE('',#3608);
#3002=PLANE('',#3611);
#3003=PLANE('',#3614);
#3004=PLANE('',#3618);
#3005=PLANE('',#3621);
#3006=PLANE('',#3624);
#3007=PLANE('',#3627);
#3008=PLANE('',#3630);
#3009=PLANE('',#3633);
#3010=PLANE('',#3636);
#3011=ADVANCED_FACE('',(#2561,#2562,#2563,#2564,#2565,#2566),#2915,.T.);
#3012=ADVANCED_FACE('',(#2567,#2568,#2569,#2570,#2571,#2572),#2916,.F.);
#3013=ADVANCED_FACE('',(#2573,#2574,#2575,#2576,#2577,#2578),#2917,.F.);
#3014=ADVANCED_FACE('',(#2579,#2580,#2581,#2582,#2583,#2584,#2585,#2586),
#2918,.T.);
#3015=ADVANCED_FACE('',(#2587,#2588,#2589,#2590,#2591,#2592,#2593,#2594,
#2595,#2596,#2597),#2919,.T.);
#3016=ADVANCED_FACE('',(#2598,#2599,#2600,#2601,#2602,#2603,#2604,#2605,
#2606,#2607,#2608),#2920,.F.);
#3017=ADVANCED_FACE('',(#2609),#2921,.T.);
#3018=ADVANCED_FACE('',(#2610,#2611,#2612),#2922,.T.);
#3019=ADVANCED_FACE('',(#2613),#2923,.T.);
#3020=ADVANCED_FACE('',(#2614,#2615,#2616),#2924,.F.);
#3021=ADVANCED_FACE('',(#2617),#12,.F.);
#3022=ADVANCED_FACE('',(#2618),#13,.F.);
#3023=ADVANCED_FACE('',(#2619),#14,.F.);
#3024=ADVANCED_FACE('',(#2620),#15,.F.);
#3025=ADVANCED_FACE('',(#2621,#2622,#2623),#2925,.F.);
#3026=ADVANCED_FACE('',(#2624),#2926,.T.);
#3027=ADVANCED_FACE('',(#2625,#2626,#2627),#2927,.T.);
#3028=ADVANCED_FACE('',(#2628),#2928,.T.);
#3029=ADVANCED_FACE('',(#2629),#16,.F.);
#3030=ADVANCED_FACE('',(#2630),#17,.F.);
#3031=ADVANCED_FACE('',(#2631),#18,.F.);
#3032=ADVANCED_FACE('',(#2632),#19,.F.);
#3033=ADVANCED_FACE('',(#2633),#2929,.T.);
#3034=ADVANCED_FACE('',(#2634,#2635,#2636),#2930,.T.);
#3035=ADVANCED_FACE('',(#2637),#2931,.F.);
#3036=ADVANCED_FACE('',(#2638,#2639,#2640),#2932,.F.);
#3037=ADVANCED_FACE('',(#2641),#20,.F.);
#3038=ADVANCED_FACE('',(#2642),#21,.F.);
#3039=ADVANCED_FACE('',(#2643),#22,.F.);
#3040=ADVANCED_FACE('',(#2644),#23,.F.);
#3041=ADVANCED_FACE('',(#2645),#2933,.F.);
#3042=ADVANCED_FACE('',(#2646,#2647,#2648),#2934,.T.);
#3043=ADVANCED_FACE('',(#2649),#2935,.T.);
#3044=ADVANCED_FACE('',(#2650,#2651,#2652),#2936,.F.);
#3045=ADVANCED_FACE('',(#2653),#24,.F.);
#3046=ADVANCED_FACE('',(#2654),#25,.F.);
#3047=ADVANCED_FACE('',(#2655),#26,.F.);
#3048=ADVANCED_FACE('',(#2656),#27,.F.);
#3049=ADVANCED_FACE('',(#2657,#2658,#2659),#2937,.F.);
#3050=ADVANCED_FACE('',(#2660),#2938,.T.);
#3051=ADVANCED_FACE('',(#2661,#2662,#2663),#2939,.T.);
#3052=ADVANCED_FACE('',(#2664),#2940,.T.);
#3053=ADVANCED_FACE('',(#2665),#28,.F.);
#3054=ADVANCED_FACE('',(#2666),#29,.F.);
#3055=ADVANCED_FACE('',(#2667),#30,.F.);
#3056=ADVANCED_FACE('',(#2668),#31,.F.);
#3057=ADVANCED_FACE('',(#2669),#2941,.F.);
#3058=ADVANCED_FACE('',(#2670,#2671,#2672),#2942,.T.);
#3059=ADVANCED_FACE('',(#2673),#2943,.T.);
#3060=ADVANCED_FACE('',(#2674,#2675,#2676),#2944,.F.);
#3061=ADVANCED_FACE('',(#2677),#32,.F.);
#3062=ADVANCED_FACE('',(#2678),#33,.F.);
#3063=ADVANCED_FACE('',(#2679),#34,.F.);
#3064=ADVANCED_FACE('',(#2680),#35,.F.);
#3065=ADVANCED_FACE('',(#2681),#2945,.T.);
#3066=ADVANCED_FACE('',(#2682,#2683,#2684),#2946,.T.);
#3067=ADVANCED_FACE('',(#2685),#2947,.F.);
#3068=ADVANCED_FACE('',(#2686,#2687,#2688),#2948,.F.);
#3069=ADVANCED_FACE('',(#2689),#36,.F.);
#3070=ADVANCED_FACE('',(#2690),#37,.F.);
#3071=ADVANCED_FACE('',(#2691),#38,.F.);
#3072=ADVANCED_FACE('',(#2692),#39,.F.);
#3073=ADVANCED_FACE('',(#2693,#2694,#2695),#2949,.T.);
#3074=ADVANCED_FACE('',(#2696),#2950,.T.);
#3075=ADVANCED_FACE('',(#2697,#2698,#2699),#2951,.F.);
#3076=ADVANCED_FACE('',(#2700),#2952,.F.);
#3077=ADVANCED_FACE('',(#2701),#40,.F.);
#3078=ADVANCED_FACE('',(#2702),#41,.F.);
#3079=ADVANCED_FACE('',(#2703),#42,.F.);
#3080=ADVANCED_FACE('',(#2704),#43,.F.);
#3081=ADVANCED_FACE('',(#2705,#2706,#2707),#2953,.F.);
#3082=ADVANCED_FACE('',(#2708),#2954,.T.);
#3083=ADVANCED_FACE('',(#2709,#2710,#2711),#2955,.T.);
#3084=ADVANCED_FACE('',(#2712),#2956,.F.);
#3085=ADVANCED_FACE('',(#2713),#44,.F.);
#3086=ADVANCED_FACE('',(#2714),#45,.F.);
#3087=ADVANCED_FACE('',(#2715),#46,.F.);
#3088=ADVANCED_FACE('',(#2716),#47,.F.);
#3089=ADVANCED_FACE('',(#2717,#2718,#2719,#2720,#2721,#2722,#2723,#2724,
#2725),#2957,.F.);
#3090=ADVANCED_FACE('',(#2726),#2958,.T.);
#3091=ADVANCED_FACE('',(#2727,#2728,#2729,#2730,#2731,#2732,#2733,#2734,
#2735),#2959,.T.);
#3092=ADVANCED_FACE('',(#2736),#2960,.F.);
#3093=ADVANCED_FACE('',(#2737),#48,.F.);
#3094=ADVANCED_FACE('',(#2738),#49,.F.);
#3095=ADVANCED_FACE('',(#2739),#50,.F.);
#3096=ADVANCED_FACE('',(#2740),#51,.F.);
#3097=ADVANCED_FACE('',(#2741,#2742),#52,.F.);
#3098=ADVANCED_FACE('',(#2743,#2744),#53,.F.);
#3099=ADVANCED_FACE('',(#2745,#2746),#54,.F.);
#3100=ADVANCED_FACE('',(#2747,#2748),#55,.F.);
#3101=ADVANCED_FACE('',(#2749),#2961,.F.);
#3102=ADVANCED_FACE('',(#2750,#2751),#56,.F.);
#3103=ADVANCED_FACE('',(#2752),#2962,.F.);
#3104=ADVANCED_FACE('',(#2753,#2754),#57,.F.);
#3105=ADVANCED_FACE('',(#2755,#2756),#58,.F.);
#3106=ADVANCED_FACE('',(#2757,#2758),#59,.F.);
#3107=ADVANCED_FACE('',(#2759,#2760),#60,.F.);
#3108=ADVANCED_FACE('',(#2761,#2762),#61,.F.);
#3109=ADVANCED_FACE('',(#2763),#2963,.F.);
#3110=ADVANCED_FACE('',(#2764,#2765),#62,.F.);
#3111=ADVANCED_FACE('',(#2766),#2964,.F.);
#3112=ADVANCED_FACE('',(#2767,#2768),#63,.F.);
#3113=ADVANCED_FACE('',(#2769),#2965,.T.);
#3114=ADVANCED_FACE('',(#2770,#2771),#64,.F.);
#3115=ADVANCED_FACE('',(#2772),#2966,.T.);
#3116=ADVANCED_FACE('',(#2773,#2774),#65,.F.);
#3117=ADVANCED_FACE('',(#2775,#2776),#66,.F.);
#3118=ADVANCED_FACE('',(#2777,#2778),#67,.F.);
#3119=ADVANCED_FACE('',(#2779),#2967,.F.);
#3120=ADVANCED_FACE('',(#2780,#2781),#68,.F.);
#3121=ADVANCED_FACE('',(#2782),#2968,.F.);
#3122=ADVANCED_FACE('',(#2783,#2784),#69,.F.);
#3123=ADVANCED_FACE('',(#2785,#2786),#70,.F.);
#3124=ADVANCED_FACE('',(#2787,#2788),#71,.F.);
#3125=ADVANCED_FACE('',(#2789,#2790),#72,.F.);
#3126=ADVANCED_FACE('',(#2791),#2969,.T.);
#3127=ADVANCED_FACE('',(#2792,#2793),#73,.F.);
#3128=ADVANCED_FACE('',(#2794),#2970,.T.);
#3129=ADVANCED_FACE('',(#2795,#2796),#74,.F.);
#3130=ADVANCED_FACE('',(#2797),#2971,.T.);
#3131=ADVANCED_FACE('',(#2798,#2799),#75,.F.);
#3132=ADVANCED_FACE('',(#2800),#2972,.T.);
#3133=ADVANCED_FACE('',(#2801),#2973,.F.);
#3134=ADVANCED_FACE('',(#2802,#2803),#76,.F.);
#3135=ADVANCED_FACE('',(#2804),#2974,.F.);
#3136=ADVANCED_FACE('',(#2805,#2806),#77,.F.);
#3137=ADVANCED_FACE('',(#2807),#2975,.F.);
#3138=ADVANCED_FACE('',(#2808,#2809),#78,.F.);
#3139=ADVANCED_FACE('',(#2810),#2976,.F.);
#3140=ADVANCED_FACE('',(#2811,#2812),#79,.F.);
#3141=ADVANCED_FACE('',(#2813),#2977,.F.);
#3142=ADVANCED_FACE('',(#2814,#2815),#80,.F.);
#3143=ADVANCED_FACE('',(#2816),#2978,.F.);
#3144=ADVANCED_FACE('',(#2817,#2818),#81,.F.);
#3145=ADVANCED_FACE('',(#2819),#2979,.F.);
#3146=ADVANCED_FACE('',(#2820,#2821),#82,.F.);
#3147=ADVANCED_FACE('',(#2822),#2980,.F.);
#3148=ADVANCED_FACE('',(#2823,#2824),#83,.F.);
#3149=ADVANCED_FACE('',(#2825,#2826),#84,.F.);
#3150=ADVANCED_FACE('',(#2827),#2981,.T.);
#3151=ADVANCED_FACE('',(#2828,#2829),#85,.F.);
#3152=ADVANCED_FACE('',(#2830),#2982,.T.);
#3153=ADVANCED_FACE('',(#2831,#2832),#86,.F.);
#3154=ADVANCED_FACE('',(#2833),#2983,.T.);
#3155=ADVANCED_FACE('',(#2834,#2835),#87,.F.);
#3156=ADVANCED_FACE('',(#2836),#2984,.T.);
#3157=ADVANCED_FACE('',(#2837,#2838),#88,.F.);
#3158=ADVANCED_FACE('',(#2839),#2985,.T.);
#3159=ADVANCED_FACE('',(#2840,#2841),#89,.F.);
#3160=ADVANCED_FACE('',(#2842),#2986,.T.);
#3161=ADVANCED_FACE('',(#2843,#2844),#90,.F.);
#3162=ADVANCED_FACE('',(#2845),#2987,.T.);
#3163=ADVANCED_FACE('',(#2846,#2847),#91,.F.);
#3164=ADVANCED_FACE('',(#2848),#2988,.T.);
#3165=ADVANCED_FACE('',(#2849,#2850),#92,.F.);
#3166=ADVANCED_FACE('',(#2851),#2989,.T.);
#3167=ADVANCED_FACE('',(#2852,#2853),#93,.F.);
#3168=ADVANCED_FACE('',(#2854),#2990,.T.);
#3169=ADVANCED_FACE('',(#2855,#2856),#94,.F.);
#3170=ADVANCED_FACE('',(#2857),#2991,.T.);
#3171=ADVANCED_FACE('',(#2858,#2859),#95,.F.);
#3172=ADVANCED_FACE('',(#2860),#2992,.T.);
#3173=ADVANCED_FACE('',(#2861,#2862),#96,.F.);
#3174=ADVANCED_FACE('',(#2863),#2993,.T.);
#3175=ADVANCED_FACE('',(#2864,#2865),#97,.F.);
#3176=ADVANCED_FACE('',(#2866),#2994,.F.);
#3177=ADVANCED_FACE('',(#2867,#2868),#98,.F.);
#3178=ADVANCED_FACE('',(#2869),#2995,.F.);
#3179=ADVANCED_FACE('',(#2870,#2871),#99,.F.);
#3180=ADVANCED_FACE('',(#2872),#2996,.F.);
#3181=ADVANCED_FACE('',(#2873,#2874),#100,.F.);
#3182=ADVANCED_FACE('',(#2875),#2997,.F.);
#3183=ADVANCED_FACE('',(#2876,#2877),#101,.F.);
#3184=ADVANCED_FACE('',(#2878),#2998,.F.);
#3185=ADVANCED_FACE('',(#2879,#2880),#102,.F.);
#3186=ADVANCED_FACE('',(#2881),#2999,.F.);
#3187=ADVANCED_FACE('',(#2882,#2883),#103,.F.);
#3188=ADVANCED_FACE('',(#2884),#3000,.F.);
#3189=ADVANCED_FACE('',(#2885,#2886),#104,.F.);
#3190=ADVANCED_FACE('',(#2887),#3001,.F.);
#3191=ADVANCED_FACE('',(#2888,#2889),#105,.F.);
#3192=ADVANCED_FACE('',(#2890),#3002,.F.);
#3193=ADVANCED_FACE('',(#2891,#2892),#106,.F.);
#3194=ADVANCED_FACE('',(#2893),#3003,.F.);
#3195=ADVANCED_FACE('',(#2894,#2895),#107,.F.);
#3196=ADVANCED_FACE('',(#2896),#3004,.F.);
#3197=ADVANCED_FACE('',(#2897,#2898),#108,.F.);
#3198=ADVANCED_FACE('',(#2899),#3005,.F.);
#3199=ADVANCED_FACE('',(#2900,#2901),#109,.F.);
#3200=ADVANCED_FACE('',(#2902),#3006,.T.);
#3201=ADVANCED_FACE('',(#2903,#2904),#110,.F.);
#3202=ADVANCED_FACE('',(#2905),#3007,.T.);
#3203=ADVANCED_FACE('',(#2906,#2907),#111,.F.);
#3204=ADVANCED_FACE('',(#2908),#3008,.T.);
#3205=ADVANCED_FACE('',(#2909,#2910),#112,.F.);
#3206=ADVANCED_FACE('',(#2911),#3009,.T.);
#3207=ADVANCED_FACE('',(#2912,#2913),#113,.F.);
#3208=ADVANCED_FACE('',(#2914),#3010,.T.);
#3209=CLOSED_SHELL('',(#3011,#3012,#3013,#3014,#3015,#3016,#3017,#3018,
#3019,#3020,#3021,#3022,#3023,#3024,#3025,#3026,#3027,#3028,#3029,#3030,
#3031,#3032,#3033,#3034,#3035,#3036,#3037,#3038,#3039,#3040,#3041,#3042,
#3043,#3044,#3045,#3046,#3047,#3048,#3049,#3050,#3051,#3052,#3053,#3054,
#3055,#3056,#3057,#3058,#3059,#3060,#3061,#3062,#3063,#3064,#3065,#3066,
#3067,#3068,#3069,#3070,#3071,#3072,#3073,#3074,#3075,#3076,#3077,#3078,
#3079,#3080,#3081,#3082,#3083,#3084,#3085,#3086,#3087,#3088,#3089,#3090,
#3091,#3092,#3093,#3094,#3095,#3096,#3097,#3098,#3099,#3100,#3101,#3102,
#3103,#3104,#3105,#3106,#3107,#3108,#3109,#3110,#3111,#3112,#3113,#3114,
#3115,#3116,#3117,#3118,#3119,#3120,#3121,#3122,#3123,#3124,#3125,#3126,
#3127,#3128,#3129,#3130,#3131,#3132,#3133,#3134,#3135,#3136,#3137,#3138,
#3139,#3140,#3141,#3142,#3143,#3144,#3145,#3146,#3147,#3148,#3149,#3150,
#3151,#3152,#3153,#3154,#3155,#3156,#3157,#3158,#3159,#3160,#3161,#3162,
#3163,#3164,#3165,#3166,#3167,#3168,#3169,#3170,#3171,#3172,#3173,#3174,
#3175,#3176,#3177,#3178,#3179,#3180,#3181,#3182,#3183,#3184,#3185,#3186,
#3187,#3188,#3189,#3190,#3191,#3192,#3193,#3194,#3195,#3196,#3197,#3198,
#3199,#3200,#3201,#3202,#3203,#3204,#3205,#3206,#3207,#3208));
#3210=STYLED_ITEM('',(#3211),#3218);
#3211=PRESENTATION_STYLE_ASSIGNMENT((#3212));
#3212=SURFACE_STYLE_USAGE(.BOTH.,#3213);
#3213=SURFACE_SIDE_STYLE('',(#3214));
#3214=SURFACE_STYLE_FILL_AREA(#3215);
#3215=FILL_AREA_STYLE('',(#3216));
#3216=FILL_AREA_STYLE_COLOUR('',#3217);
#3217=COLOUR_RGB('',0.917647058823529,0.917647058823529,0.917647058823529);
#3218=MANIFOLD_SOLID_BREP('macroFrameTMP',#3209);
#3219=SHAPE_DEFINITION_REPRESENTATION(#5564,#3220);
#3220=SHAPE_REPRESENTATION('macroFrameTMP',(#3221),#5559);
#3221=AXIS2_PLACEMENT_3D('',#4653,#3637,#3638);
#3222=AXIS2_PLACEMENT_3D('',#4654,#3639,#3640);
#3223=AXIS2_PLACEMENT_3D('',#4655,#3641,#3642);
#3224=AXIS2_PLACEMENT_3D('',#4657,#3643,#3644);
#3225=AXIS2_PLACEMENT_3D('',#4659,#3645,#3646);
#3226=AXIS2_PLACEMENT_3D('',#4661,#3647,#3648);
#3227=AXIS2_PLACEMENT_3D('',#4663,#3649,#3650);
#3228=AXIS2_PLACEMENT_3D('',#4673,#3655,#3656);
#3229=AXIS2_PLACEMENT_3D('',#4674,#3657,#3658);
#3230=AXIS2_PLACEMENT_3D('',#4676,#3659,#3660);
#3231=AXIS2_PLACEMENT_3D('',#4678,#3661,#3662);
#3232=AXIS2_PLACEMENT_3D('',#4680,#3663,#3664);
#3233=AXIS2_PLACEMENT_3D('',#4682,#3665,#3666);
#3234=AXIS2_PLACEMENT_3D('',#4689,#3670,#3671);
#3235=AXIS2_PLACEMENT_3D('',#4690,#3672,#3673);
#3236=AXIS2_PLACEMENT_3D('',#4692,#3674,#3675);
#3237=AXIS2_PLACEMENT_3D('',#4694,#3676,#3677);
#3238=AXIS2_PLACEMENT_3D('',#4696,#3678,#3679);
#3239=AXIS2_PLACEMENT_3D('',#4698,#3680,#3681);
#3240=AXIS2_PLACEMENT_3D('',#4705,#3685,#3686);
#3241=AXIS2_PLACEMENT_3D('',#4706,#3687,#3688);
#3242=AXIS2_PLACEMENT_3D('',#4708,#3689,#3690);
#3243=AXIS2_PLACEMENT_3D('',#4710,#3691,#3692);
#3244=AXIS2_PLACEMENT_3D('',#4712,#3693,#3694);
#3245=AXIS2_PLACEMENT_3D('',#4714,#3695,#3696);
#3246=AXIS2_PLACEMENT_3D('',#4716,#3697,#3698);
#3247=AXIS2_PLACEMENT_3D('',#4718,#3699,#3700);
#3248=AXIS2_PLACEMENT_3D('',#4722,#3703,#3704);
#3249=AXIS2_PLACEMENT_3D('',#4723,#3705,#3706);
#3250=AXIS2_PLACEMENT_3D('',#4728,#3708,#3709);
#3251=AXIS2_PLACEMENT_3D('',#4732,#3711,#3712);
#3252=AXIS2_PLACEMENT_3D('',#4736,#3714,#3715);
#3253=AXIS2_PLACEMENT_3D('',#4739,#3717,#3718);
#3254=AXIS2_PLACEMENT_3D('',#4744,#3720,#3721);
#3255=AXIS2_PLACEMENT_3D('',#4748,#3723,#3724);
#3256=AXIS2_PLACEMENT_3D('',#4752,#3726,#3727);
#3257=AXIS2_PLACEMENT_3D('',#4755,#3729,#3730);
#3258=AXIS2_PLACEMENT_3D('',#4760,#3732,#3733);
#3259=AXIS2_PLACEMENT_3D('',#4764,#3735,#3736);
#3260=AXIS2_PLACEMENT_3D('',#4768,#3738,#3739);
#3261=AXIS2_PLACEMENT_3D('',#4771,#3741,#3742);
#3262=AXIS2_PLACEMENT_3D('',#4776,#3744,#3745);
#3263=AXIS2_PLACEMENT_3D('',#4780,#3747,#3748);
#3264=AXIS2_PLACEMENT_3D('',#4784,#3750,#3751);
#3265=AXIS2_PLACEMENT_3D('',#4787,#3753,#3754);
#3266=AXIS2_PLACEMENT_3D('',#4792,#3756,#3757);
#3267=AXIS2_PLACEMENT_3D('',#4796,#3759,#3760);
#3268=AXIS2_PLACEMENT_3D('',#4800,#3762,#3763);
#3269=AXIS2_PLACEMENT_3D('',#4803,#3765,#3766);
#3270=AXIS2_PLACEMENT_3D('',#4808,#3768,#3769);
#3271=AXIS2_PLACEMENT_3D('',#4812,#3771,#3772);
#3272=AXIS2_PLACEMENT_3D('',#4816,#3774,#3775);
#3273=AXIS2_PLACEMENT_3D('',#4819,#3777,#3778);
#3274=AXIS2_PLACEMENT_3D('',#4824,#3780,#3781);
#3275=AXIS2_PLACEMENT_3D('',#4828,#3783,#3784);
#3276=AXIS2_PLACEMENT_3D('',#4832,#3786,#3787);
#3277=AXIS2_PLACEMENT_3D('',#4835,#3789,#3790);
#3278=AXIS2_PLACEMENT_3D('',#4840,#3792,#3793);
#3279=AXIS2_PLACEMENT_3D('',#4844,#3795,#3796);
#3280=AXIS2_PLACEMENT_3D('',#4848,#3798,#3799);
#3281=AXIS2_PLACEMENT_3D('',#4851,#3801,#3802);
#3282=AXIS2_PLACEMENT_3D('',#4856,#3804,#3805);
#3283=AXIS2_PLACEMENT_3D('',#4860,#3807,#3808);
#3284=AXIS2_PLACEMENT_3D('',#4864,#3810,#3811);
#3285=AXIS2_PLACEMENT_3D('',#4867,#3813,#3814);
#3286=AXIS2_PLACEMENT_3D('',#4872,#3816,#3817);
#3287=AXIS2_PLACEMENT_3D('',#4876,#3819,#3820);
#3288=AXIS2_PLACEMENT_3D('',#4880,#3822,#3823);
#3289=AXIS2_PLACEMENT_3D('',#4883,#3825,#3826);
#3290=AXIS2_PLACEMENT_3D('',#4887,#3828,#3829);
#3291=AXIS2_PLACEMENT_3D('',#4891,#3831,#3832);
#3292=AXIS2_PLACEMENT_3D('',#4895,#3834,#3835);
#3293=AXIS2_PLACEMENT_3D('',#4899,#3837,#3838);
#3294=AXIS2_PLACEMENT_3D('',#4903,#3840,#3841);
#3295=AXIS2_PLACEMENT_3D('',#4907,#3843,#3844);
#3296=AXIS2_PLACEMENT_3D('',#4911,#3846,#3847);
#3297=AXIS2_PLACEMENT_3D('',#4915,#3849,#3850);
#3298=AXIS2_PLACEMENT_3D('',#4919,#3852,#3853);
#3299=AXIS2_PLACEMENT_3D('',#4923,#3855,#3856);
#3300=AXIS2_PLACEMENT_3D('',#4927,#3858,#3859);
#3301=AXIS2_PLACEMENT_3D('',#4931,#3861,#3862);
#3302=AXIS2_PLACEMENT_3D('',#4935,#3864,#3865);
#3303=AXIS2_PLACEMENT_3D('',#4939,#3867,#3868);
#3304=AXIS2_PLACEMENT_3D('',#4943,#3870,#3871);
#3305=AXIS2_PLACEMENT_3D('',#4947,#3873,#3874);
#3306=AXIS2_PLACEMENT_3D('',#4951,#3876,#3877);
#3307=AXIS2_PLACEMENT_3D('',#4955,#3879,#3880);
#3308=AXIS2_PLACEMENT_3D('',#4959,#3882,#3883);
#3309=AXIS2_PLACEMENT_3D('',#4963,#3885,#3886);
#3310=AXIS2_PLACEMENT_3D('',#4967,#3888,#3889);
#3311=AXIS2_PLACEMENT_3D('',#4971,#3891,#3892);
#3312=AXIS2_PLACEMENT_3D('',#4975,#3894,#3895);
#3313=AXIS2_PLACEMENT_3D('',#4979,#3897,#3898);
#3314=AXIS2_PLACEMENT_3D('',#4983,#3900,#3901);
#3315=AXIS2_PLACEMENT_3D('',#4987,#3903,#3904);
#3316=AXIS2_PLACEMENT_3D('',#4991,#3906,#3907);
#3317=AXIS2_PLACEMENT_3D('',#4995,#3909,#3910);
#3318=AXIS2_PLACEMENT_3D('',#4999,#3912,#3913);
#3319=AXIS2_PLACEMENT_3D('',#5003,#3915,#3916);
#3320=AXIS2_PLACEMENT_3D('',#5007,#3918,#3919);
#3321=AXIS2_PLACEMENT_3D('',#5011,#3921,#3922);
#3322=AXIS2_PLACEMENT_3D('',#5015,#3924,#3925);
#3323=AXIS2_PLACEMENT_3D('',#5019,#3927,#3928);
#3324=AXIS2_PLACEMENT_3D('',#5023,#3930,#3931);
#3325=AXIS2_PLACEMENT_3D('',#5027,#3933,#3934);
#3326=AXIS2_PLACEMENT_3D('',#5031,#3936,#3937);
#3327=AXIS2_PLACEMENT_3D('',#5035,#3939,#3940);
#3328=AXIS2_PLACEMENT_3D('',#5039,#3942,#3943);
#3329=AXIS2_PLACEMENT_3D('',#5043,#3945,#3946);
#3330=AXIS2_PLACEMENT_3D('',#5044,#3947,#3948);
#3331=AXIS2_PLACEMENT_3D('',#5047,#3951,#3952);
#3332=AXIS2_PLACEMENT_3D('',#5048,#3953,#3954);
#3333=AXIS2_PLACEMENT_3D('',#5050,#3955,#3956);
#3334=AXIS2_PLACEMENT_3D('',#5054,#3959,#3960);
#3335=AXIS2_PLACEMENT_3D('',#5057,#3963,#3964);
#3336=AXIS2_PLACEMENT_3D('',#5058,#3965,#3966);
#3337=AXIS2_PLACEMENT_3D('',#5060,#3967,#3968);
#3338=AXIS2_PLACEMENT_3D('',#5064,#3971,#3972);
#3339=AXIS2_PLACEMENT_3D('',#5065,#3973,#3974);
#3340=AXIS2_PLACEMENT_3D('',#5066,#3975,#3976);
#3341=AXIS2_PLACEMENT_3D('',#5067,#3977,#3978);
#3342=AXIS2_PLACEMENT_3D('',#5068,#3979,#3980);
#3343=AXIS2_PLACEMENT_3D('',#5069,#3981,#3982);
#3344=AXIS2_PLACEMENT_3D('',#5071,#3983,#3984);
#3345=AXIS2_PLACEMENT_3D('',#5075,#3987,#3988);
#3346=AXIS2_PLACEMENT_3D('',#5078,#3991,#3992);
#3347=AXIS2_PLACEMENT_3D('',#5079,#3993,#3994);
#3348=AXIS2_PLACEMENT_3D('',#5081,#3995,#3996);
#3349=AXIS2_PLACEMENT_3D('',#5085,#3999,#4000);
#3350=AXIS2_PLACEMENT_3D('',#5088,#4003,#4004);
#3351=AXIS2_PLACEMENT_3D('',#5089,#4005,#4006);
#3352=AXIS2_PLACEMENT_3D('',#5090,#4007,#4008);
#3353=AXIS2_PLACEMENT_3D('',#5091,#4009,#4010);
#3354=AXIS2_PLACEMENT_3D('',#5092,#4011,#4012);
#3355=AXIS2_PLACEMENT_3D('',#5095,#4015,#4016);
#3356=AXIS2_PLACEMENT_3D('',#5096,#4017,#4018);
#3357=AXIS2_PLACEMENT_3D('',#5098,#4019,#4020);
#3358=AXIS2_PLACEMENT_3D('',#5102,#4023,#4024);
#3359=AXIS2_PLACEMENT_3D('',#5105,#4027,#4028);
#3360=AXIS2_PLACEMENT_3D('',#5106,#4029,#4030);
#3361=AXIS2_PLACEMENT_3D('',#5108,#4031,#4032);
#3362=AXIS2_PLACEMENT_3D('',#5112,#4035,#4036);
#3363=AXIS2_PLACEMENT_3D('',#5113,#4037,#4038);
#3364=AXIS2_PLACEMENT_3D('',#5114,#4039,#4040);
#3365=AXIS2_PLACEMENT_3D('',#5115,#4041,#4042);
#3366=AXIS2_PLACEMENT_3D('',#5116,#4043,#4044);
#3367=AXIS2_PLACEMENT_3D('',#5119,#4047,#4048);
#3368=AXIS2_PLACEMENT_3D('',#5120,#4049,#4050);
#3369=AXIS2_PLACEMENT_3D('',#5122,#4051,#4052);
#3370=AXIS2_PLACEMENT_3D('',#5126,#4055,#4056);
#3371=AXIS2_PLACEMENT_3D('',#5129,#4059,#4060);
#3372=AXIS2_PLACEMENT_3D('',#5130,#4061,#4062);
#3373=AXIS2_PLACEMENT_3D('',#5132,#4063,#4064);
#3374=AXIS2_PLACEMENT_3D('',#5136,#4067,#4068);
#3375=AXIS2_PLACEMENT_3D('',#5137,#4069,#4070);
#3376=AXIS2_PLACEMENT_3D('',#5138,#4071,#4072);
#3377=AXIS2_PLACEMENT_3D('',#5139,#4073,#4074);
#3378=AXIS2_PLACEMENT_3D('',#5140,#4075,#4076);
#3379=AXIS2_PLACEMENT_3D('',#5141,#4077,#4078);
#3380=AXIS2_PLACEMENT_3D('',#5143,#4079,#4080);
#3381=AXIS2_PLACEMENT_3D('',#5147,#4083,#4084);
#3382=AXIS2_PLACEMENT_3D('',#5150,#4087,#4088);
#3383=AXIS2_PLACEMENT_3D('',#5151,#4089,#4090);
#3384=AXIS2_PLACEMENT_3D('',#5153,#4091,#4092);
#3385=AXIS2_PLACEMENT_3D('',#5157,#4095,#4096);
#3386=AXIS2_PLACEMENT_3D('',#5160,#4099,#4100);
#3387=AXIS2_PLACEMENT_3D('',#5161,#4101,#4102);
#3388=AXIS2_PLACEMENT_3D('',#5162,#4103,#4104);
#3389=AXIS2_PLACEMENT_3D('',#5163,#4105,#4106);
#3390=AXIS2_PLACEMENT_3D('',#5164,#4107,#4108);
#3391=AXIS2_PLACEMENT_3D('',#5167,#4111,#4112);
#3392=AXIS2_PLACEMENT_3D('',#5168,#4113,#4114);
#3393=AXIS2_PLACEMENT_3D('',#5170,#4115,#4116);
#3394=AXIS2_PLACEMENT_3D('',#5174,#4119,#4120);
#3395=AXIS2_PLACEMENT_3D('',#5177,#4123,#4124);
#3396=AXIS2_PLACEMENT_3D('',#5178,#4125,#4126);
#3397=AXIS2_PLACEMENT_3D('',#5180,#4127,#4128);
#3398=AXIS2_PLACEMENT_3D('',#5184,#4131,#4132);
#3399=AXIS2_PLACEMENT_3D('',#5185,#4133,#4134);
#3400=AXIS2_PLACEMENT_3D('',#5186,#4135,#4136);
#3401=AXIS2_PLACEMENT_3D('',#5187,#4137,#4138);
#3402=AXIS2_PLACEMENT_3D('',#5188,#4139,#4140);
#3403=AXIS2_PLACEMENT_3D('',#5191,#4143,#4144);
#3404=AXIS2_PLACEMENT_3D('',#5192,#4145,#4146);
#3405=AXIS2_PLACEMENT_3D('',#5194,#4147,#4148);
#3406=AXIS2_PLACEMENT_3D('',#5198,#4151,#4152);
#3407=AXIS2_PLACEMENT_3D('',#5201,#4155,#4156);
#3408=AXIS2_PLACEMENT_3D('',#5202,#4157,#4158);
#3409=AXIS2_PLACEMENT_3D('',#5204,#4159,#4160);
#3410=AXIS2_PLACEMENT_3D('',#5208,#4163,#4164);
#3411=AXIS2_PLACEMENT_3D('',#5209,#4165,#4166);
#3412=AXIS2_PLACEMENT_3D('',#5210,#4167,#4168);
#3413=AXIS2_PLACEMENT_3D('',#5211,#4169,#4170);
#3414=AXIS2_PLACEMENT_3D('',#5212,#4171,#4172);
#3415=AXIS2_PLACEMENT_3D('',#5213,#4173,#4174);
#3416=AXIS2_PLACEMENT_3D('',#5215,#4175,#4176);
#3417=AXIS2_PLACEMENT_3D('',#5219,#4179,#4180);
#3418=AXIS2_PLACEMENT_3D('',#5222,#4183,#4184);
#3419=AXIS2_PLACEMENT_3D('',#5223,#4185,#4186);
#3420=AXIS2_PLACEMENT_3D('',#5225,#4187,#4188);
#3421=AXIS2_PLACEMENT_3D('',#5229,#4191,#4192);
#3422=AXIS2_PLACEMENT_3D('',#5232,#4195,#4196);
#3423=AXIS2_PLACEMENT_3D('',#5233,#4197,#4198);
#3424=AXIS2_PLACEMENT_3D('',#5234,#4199,#4200);
#3425=AXIS2_PLACEMENT_3D('',#5235,#4201,#4202);
#3426=AXIS2_PLACEMENT_3D('',#5236,#4203,#4204);
#3427=AXIS2_PLACEMENT_3D('',#5237,#4205,#4206);
#3428=AXIS2_PLACEMENT_3D('',#5239,#4207,#4208);
#3429=AXIS2_PLACEMENT_3D('',#5243,#4211,#4212);
#3430=AXIS2_PLACEMENT_3D('',#5246,#4215,#4216);
#3431=AXIS2_PLACEMENT_3D('',#5247,#4217,#4218);
#3432=AXIS2_PLACEMENT_3D('',#5249,#4219,#4220);
#3433=AXIS2_PLACEMENT_3D('',#5253,#4223,#4224);
#3434=AXIS2_PLACEMENT_3D('',#5256,#4227,#4228);
#3435=AXIS2_PLACEMENT_3D('',#5257,#4229,#4230);
#3436=AXIS2_PLACEMENT_3D('',#5258,#4231,#4232);
#3437=AXIS2_PLACEMENT_3D('',#5259,#4233,#4234);
#3438=AXIS2_PLACEMENT_3D('',#5260,#4235,#4236);
#3439=AXIS2_PLACEMENT_3D('',#5261,#4237,#4238);
#3440=AXIS2_PLACEMENT_3D('',#5263,#4239,#4240);
#3441=AXIS2_PLACEMENT_3D('',#5265,#4241,#4242);
#3442=AXIS2_PLACEMENT_3D('',#5267,#4243,#4244);
#3443=AXIS2_PLACEMENT_3D('',#5269,#4245,#4246);
#3444=AXIS2_PLACEMENT_3D('',#5271,#4247,#4248);
#3445=AXIS2_PLACEMENT_3D('',#5273,#4249,#4250);
#3446=AXIS2_PLACEMENT_3D('',#5275,#4251,#4252);
#3447=AXIS2_PLACEMENT_3D('',#5279,#4255,#4256);
#3448=AXIS2_PLACEMENT_3D('',#5282,#4259,#4260);
#3449=AXIS2_PLACEMENT_3D('',#5283,#4261,#4262);
#3450=AXIS2_PLACEMENT_3D('',#5285,#4263,#4264);
#3451=AXIS2_PLACEMENT_3D('',#5287,#4265,#4266);
#3452=AXIS2_PLACEMENT_3D('',#5289,#4267,#4268);
#3453=AXIS2_PLACEMENT_3D('',#5291,#4269,#4270);
#3454=AXIS2_PLACEMENT_3D('',#5293,#4271,#4272);
#3455=AXIS2_PLACEMENT_3D('',#5295,#4273,#4274);
#3456=AXIS2_PLACEMENT_3D('',#5297,#4275,#4276);
#3457=AXIS2_PLACEMENT_3D('',#5301,#4279,#4280);
#3458=AXIS2_PLACEMENT_3D('',#5304,#4283,#4284);
#3459=AXIS2_PLACEMENT_3D('',#5305,#4285,#4286);
#3460=AXIS2_PLACEMENT_3D('',#5306,#4287,#4288);
#3461=AXIS2_PLACEMENT_3D('',#5307,#4289,#4290);
#3462=AXIS2_PLACEMENT_3D('',#5308,#4291,#4292);
#3463=AXIS2_PLACEMENT_3D('',#5309,#4293,#4294);
#3464=AXIS2_PLACEMENT_3D('',#5310,#4295,#4296);
#3465=AXIS2_PLACEMENT_3D('',#5311,#4297,#4298);
#3466=AXIS2_PLACEMENT_3D('',#5312,#4299,#4300);
#3467=AXIS2_PLACEMENT_3D('',#5313,#4301,#4302);
#3468=AXIS2_PLACEMENT_3D('',#5315,#4303,#4304);
#3469=AXIS2_PLACEMENT_3D('',#5316,#4305,#4306);
#3470=AXIS2_PLACEMENT_3D('',#5317,#4307,#4308);
#3471=AXIS2_PLACEMENT_3D('',#5319,#4309,#4310);
#3472=AXIS2_PLACEMENT_3D('',#5320,#4311,#4312);
#3473=AXIS2_PLACEMENT_3D('',#5321,#4313,#4314);
#3474=AXIS2_PLACEMENT_3D('',#5322,#4315,#4316);
#3475=AXIS2_PLACEMENT_3D('',#5323,#4317,#4318);
#3476=AXIS2_PLACEMENT_3D('',#5324,#4319,#4320);
#3477=AXIS2_PLACEMENT_3D('',#5325,#4321,#4322);
#3478=AXIS2_PLACEMENT_3D('',#5327,#4323,#4324);
#3479=AXIS2_PLACEMENT_3D('',#5328,#4325,#4326);
#3480=AXIS2_PLACEMENT_3D('',#5329,#4327,#4328);
#3481=AXIS2_PLACEMENT_3D('',#5331,#4329,#4330);
#3482=AXIS2_PLACEMENT_3D('',#5332,#4331,#4332);
#3483=AXIS2_PLACEMENT_3D('',#5333,#4333,#4334);
#3484=AXIS2_PLACEMENT_3D('',#5335,#4335,#4336);
#3485=AXIS2_PLACEMENT_3D('',#5336,#4337,#4338);
#3486=AXIS2_PLACEMENT_3D('',#5337,#4339,#4340);
#3487=AXIS2_PLACEMENT_3D('',#5339,#4341,#4342);
#3488=AXIS2_PLACEMENT_3D('',#5340,#4343,#4344);
#3489=AXIS2_PLACEMENT_3D('',#5341,#4345,#4346);
#3490=AXIS2_PLACEMENT_3D('',#5342,#4347,#4348);
#3491=AXIS2_PLACEMENT_3D('',#5343,#4349,#4350);
#3492=AXIS2_PLACEMENT_3D('',#5345,#4351,#4352);
#3493=AXIS2_PLACEMENT_3D('',#5346,#4353,#4354);
#3494=AXIS2_PLACEMENT_3D('',#5347,#4355,#4356);
#3495=AXIS2_PLACEMENT_3D('',#5349,#4357,#4358);
#3496=AXIS2_PLACEMENT_3D('',#5350,#4359,#4360);
#3497=AXIS2_PLACEMENT_3D('',#5351,#4361,#4362);
#3498=AXIS2_PLACEMENT_3D('',#5352,#4363,#4364);
#3499=AXIS2_PLACEMENT_3D('',#5353,#4365,#4366);
#3500=AXIS2_PLACEMENT_3D('',#5355,#4367,#4368);
#3501=AXIS2_PLACEMENT_3D('',#5356,#4369,#4370);
#3502=AXIS2_PLACEMENT_3D('',#5357,#4371,#4372);
#3503=AXIS2_PLACEMENT_3D('',#5359,#4373,#4374);
#3504=AXIS2_PLACEMENT_3D('',#5360,#4375,#4376);
#3505=AXIS2_PLACEMENT_3D('',#5361,#4377,#4378);
#3506=AXIS2_PLACEMENT_3D('',#5363,#4379,#4380);
#3507=AXIS2_PLACEMENT_3D('',#5364,#4381,#4382);
#3508=AXIS2_PLACEMENT_3D('',#5365,#4383,#4384);
#3509=AXIS2_PLACEMENT_3D('',#5367,#4385,#4386);
#3510=AXIS2_PLACEMENT_3D('',#5368,#4387,#4388);
#3511=AXIS2_PLACEMENT_3D('',#5369,#4389,#4390);
#3512=AXIS2_PLACEMENT_3D('',#5371,#4391,#4392);
#3513=AXIS2_PLACEMENT_3D('',#5372,#4393,#4394);
#3514=AXIS2_PLACEMENT_3D('',#5373,#4395,#4396);
#3515=AXIS2_PLACEMENT_3D('',#5375,#4397,#4398);
#3516=AXIS2_PLACEMENT_3D('',#5376,#4399,#4400);
#3517=AXIS2_PLACEMENT_3D('',#5377,#4401,#4402);
#3518=AXIS2_PLACEMENT_3D('',#5379,#4403,#4404);
#3519=AXIS2_PLACEMENT_3D('',#5380,#4405,#4406);
#3520=AXIS2_PLACEMENT_3D('',#5381,#4407,#4408);
#3521=AXIS2_PLACEMENT_3D('',#5383,#4409,#4410);
#3522=AXIS2_PLACEMENT_3D('',#5384,#4411,#4412);
#3523=AXIS2_PLACEMENT_3D('',#5385,#4413,#4414);
#3524=AXIS2_PLACEMENT_3D('',#5387,#4415,#4416);
#3525=AXIS2_PLACEMENT_3D('',#5388,#4417,#4418);
#3526=AXIS2_PLACEMENT_3D('',#5389,#4419,#4420);
#3527=AXIS2_PLACEMENT_3D('',#5391,#4421,#4422);
#3528=AXIS2_PLACEMENT_3D('',#5392,#4423,#4424);
#3529=AXIS2_PLACEMENT_3D('',#5393,#4425,#4426);
#3530=AXIS2_PLACEMENT_3D('',#5395,#4427,#4428);
#3531=AXIS2_PLACEMENT_3D('',#5396,#4429,#4430);
#3532=AXIS2_PLACEMENT_3D('',#5397,#4431,#4432);
#3533=AXIS2_PLACEMENT_3D('',#5399,#4433,#4434);
#3534=AXIS2_PLACEMENT_3D('',#5400,#4435,#4436);
#3535=AXIS2_PLACEMENT_3D('',#5401,#4437,#4438);
#3536=AXIS2_PLACEMENT_3D('',#5403,#4439,#4440);
#3537=AXIS2_PLACEMENT_3D('',#5404,#4441,#4442);
#3538=AXIS2_PLACEMENT_3D('',#5408,#4444,#4445);
#3539=AXIS2_PLACEMENT_3D('',#5412,#4447,#4448);
#3540=AXIS2_PLACEMENT_3D('',#5413,#4449,#4450);
#3541=AXIS2_PLACEMENT_3D('',#5414,#4451,#4452);
#3542=AXIS2_PLACEMENT_3D('',#5415,#4453,#4454);
#3543=AXIS2_PLACEMENT_3D('',#5419,#4456,#4457);
#3544=AXIS2_PLACEMENT_3D('',#5423,#4459,#4460);
#3545=AXIS2_PLACEMENT_3D('',#5424,#4461,#4462);
#3546=AXIS2_PLACEMENT_3D('',#5425,#4463,#4464);
#3547=AXIS2_PLACEMENT_3D('',#5426,#4465,#4466);
#3548=AXIS2_PLACEMENT_3D('',#5430,#4468,#4469);
#3549=AXIS2_PLACEMENT_3D('',#5434,#4471,#4472);
#3550=AXIS2_PLACEMENT_3D('',#5435,#4473,#4474);
#3551=AXIS2_PLACEMENT_3D('',#5436,#4475,#4476);
#3552=AXIS2_PLACEMENT_3D('',#5437,#4477,#4478);
#3553=AXIS2_PLACEMENT_3D('',#5441,#4480,#4481);
#3554=AXIS2_PLACEMENT_3D('',#5445,#4483,#4484);
#3555=AXIS2_PLACEMENT_3D('',#5446,#4485,#4486);
#3556=AXIS2_PLACEMENT_3D('',#5447,#4487,#4488);
#3557=AXIS2_PLACEMENT_3D('',#5448,#4489,#4490);
#3558=AXIS2_PLACEMENT_3D('',#5449,#4491,#4492);
#3559=AXIS2_PLACEMENT_3D('',#5451,#4493,#4494);
#3560=AXIS2_PLACEMENT_3D('',#5452,#4495,#4496);
#3561=AXIS2_PLACEMENT_3D('',#5456,#4498,#4499);
#3562=AXIS2_PLACEMENT_3D('',#5460,#4501,#4502);
#3563=AXIS2_PLACEMENT_3D('',#5461,#4503,#4504);
#3564=AXIS2_PLACEMENT_3D('',#5462,#4505,#4506);
#3565=AXIS2_PLACEMENT_3D('',#5463,#4507,#4508);
#3566=AXIS2_PLACEMENT_3D('',#5467,#4510,#4511);
#3567=AXIS2_PLACEMENT_3D('',#5471,#4513,#4514);
#3568=AXIS2_PLACEMENT_3D('',#5472,#4515,#4516);
#3569=AXIS2_PLACEMENT_3D('',#5473,#4517,#4518);
#3570=AXIS2_PLACEMENT_3D('',#5474,#4519,#4520);
#3571=AXIS2_PLACEMENT_3D('',#5475,#4521,#4522);
#3572=AXIS2_PLACEMENT_3D('',#5477,#4523,#4524);
#3573=AXIS2_PLACEMENT_3D('',#5478,#4525,#4526);
#3574=AXIS2_PLACEMENT_3D('',#5479,#4527,#4528);
#3575=AXIS2_PLACEMENT_3D('',#5481,#4529,#4530);
#3576=AXIS2_PLACEMENT_3D('',#5482,#4531,#4532);
#3577=AXIS2_PLACEMENT_3D('',#5483,#4533,#4534);
#3578=AXIS2_PLACEMENT_3D('',#5485,#4535,#4536);
#3579=AXIS2_PLACEMENT_3D('',#5486,#4537,#4538);
#3580=AXIS2_PLACEMENT_3D('',#5487,#4539,#4540);
#3581=AXIS2_PLACEMENT_3D('',#5489,#4541,#4542);
#3582=AXIS2_PLACEMENT_3D('',#5490,#4543,#4544);
#3583=AXIS2_PLACEMENT_3D('',#5491,#4545,#4546);
#3584=AXIS2_PLACEMENT_3D('',#5493,#4547,#4548);
#3585=AXIS2_PLACEMENT_3D('',#5494,#4549,#4550);
#3586=AXIS2_PLACEMENT_3D('',#5495,#4551,#4552);
#3587=AXIS2_PLACEMENT_3D('',#5497,#4553,#4554);
#3588=AXIS2_PLACEMENT_3D('',#5498,#4555,#4556);
#3589=AXIS2_PLACEMENT_3D('',#5499,#4557,#4558);
#3590=AXIS2_PLACEMENT_3D('',#5501,#4559,#4560);
#3591=AXIS2_PLACEMENT_3D('',#5502,#4561,#4562);
#3592=AXIS2_PLACEMENT_3D('',#5503,#4563,#4564);
#3593=AXIS2_PLACEMENT_3D('',#5505,#4565,#4566);
#3594=AXIS2_PLACEMENT_3D('',#5506,#4567,#4568);
#3595=AXIS2_PLACEMENT_3D('',#5507,#4569,#4570);
#3596=AXIS2_PLACEMENT_3D('',#5509,#4571,#4572);
#3597=AXIS2_PLACEMENT_3D('',#5510,#4573,#4574);
#3598=AXIS2_PLACEMENT_3D('',#5511,#4575,#4576);
#3599=AXIS2_PLACEMENT_3D('',#5513,#4577,#4578);
#3600=AXIS2_PLACEMENT_3D('',#5514,#4579,#4580);
#3601=AXIS2_PLACEMENT_3D('',#5515,#4581,#4582);
#3602=AXIS2_PLACEMENT_3D('',#5517,#4583,#4584);
#3603=AXIS2_PLACEMENT_3D('',#5518,#4585,#4586);
#3604=AXIS2_PLACEMENT_3D('',#5519,#4587,#4588);
#3605=AXIS2_PLACEMENT_3D('',#5521,#4589,#4590);
#3606=AXIS2_PLACEMENT_3D('',#5522,#4591,#4592);
#3607=AXIS2_PLACEMENT_3D('',#5523,#4593,#4594);
#3608=AXIS2_PLACEMENT_3D('',#5524,#4595,#4596);
#3609=AXIS2_PLACEMENT_3D('',#5525,#4597,#4598);
#3610=AXIS2_PLACEMENT_3D('',#5526,#4599,#4600);
#3611=AXIS2_PLACEMENT_3D('',#5527,#4601,#4602);
#3612=AXIS2_PLACEMENT_3D('',#5528,#4603,#4604);
#3613=AXIS2_PLACEMENT_3D('',#5529,#4605,#4606);
#3614=AXIS2_PLACEMENT_3D('',#5530,#4607,#4608);
#3615=AXIS2_PLACEMENT_3D('',#5531,#4609,#4610);
#3616=AXIS2_PLACEMENT_3D('',#5532,#4611,#4612);
#3617=AXIS2_PLACEMENT_3D('',#5533,#4613,#4614);
#3618=AXIS2_PLACEMENT_3D('',#5534,#4615,#4616);
#3619=AXIS2_PLACEMENT_3D('',#5535,#4617,#4618);
#3620=AXIS2_PLACEMENT_3D('',#5536,#4619,#4620);
#3621=AXIS2_PLACEMENT_3D('',#5537,#4621,#4622);
#3622=AXIS2_PLACEMENT_3D('',#5538,#4623,#4624);
#3623=AXIS2_PLACEMENT_3D('',#5539,#4625,#4626);
#3624=AXIS2_PLACEMENT_3D('',#5541,#4627,#4628);
#3625=AXIS2_PLACEMENT_3D('',#5542,#4629,#4630);
#3626=AXIS2_PLACEMENT_3D('',#5543,#4631,#4632);
#3627=AXIS2_PLACEMENT_3D('',#5545,#4633,#4634);
#3628=AXIS2_PLACEMENT_3D('',#5546,#4635,#4636);
#3629=AXIS2_PLACEMENT_3D('',#5547,#4637,#4638);
#3630=AXIS2_PLACEMENT_3D('',#5549,#4639,#4640);
#3631=AXIS2_PLACEMENT_3D('',#5550,#4641,#4642);
#3632=AXIS2_PLACEMENT_3D('',#5551,#4643,#4644);
#3633=AXIS2_PLACEMENT_3D('',#5553,#4645,#4646);
#3634=AXIS2_PLACEMENT_3D('',#5554,#4647,#4648);
#3635=AXIS2_PLACEMENT_3D('',#5555,#4649,#4650);
#3636=AXIS2_PLACEMENT_3D('',#5557,#4651,#4652);
#3637=DIRECTION('',(0.,0.,1.));
#3638=DIRECTION('',(1.,0.,0.));
#3639=DIRECTION('',(0.,1.,0.));
#3640=DIRECTION('',(0.,0.,1.));
#3641=DIRECTION('',(1.38382499508121E-16,-1.,0.));
#3642=DIRECTION('',(1.,1.38382499508121E-16,0.));
#3643=DIRECTION('',(1.38382499508121E-16,-1.,0.));
#3644=DIRECTION('',(1.,1.38382499508121E-16,0.));
#3645=DIRECTION('',(1.38382499508121E-16,-1.,0.));
#3646=DIRECTION('',(1.,1.38382499508121E-16,0.));
#3647=DIRECTION('',(1.38382499508121E-16,-1.,0.));
#3648=DIRECTION('',(1.,1.38382499508121E-16,0.));
#3649=DIRECTION('',(1.38382499508121E-16,-1.,0.));
#3650=DIRECTION('',(1.,1.38382499508121E-16,0.));
#3651=DIRECTION('',(1.,0.,0.));
#3652=DIRECTION('',(0.,0.,-1.));
#3653=DIRECTION('',(1.,0.,0.));
#3654=DIRECTION('',(0.,0.,-1.));
#3655=DIRECTION('',(1.,0.,0.));
#3656=DIRECTION('',(0.,0.,-1.));
#3657=DIRECTION('',(-1.,0.,0.));
#3658=DIRECTION('',(0.,0.,1.));
#3659=DIRECTION('',(-1.,0.,0.));
#3660=DIRECTION('',(0.,0.,1.));
#3661=DIRECTION('',(-1.,0.,0.));
#3662=DIRECTION('',(0.,0.,1.));
#3663=DIRECTION('',(-1.,0.,0.));
#3664=DIRECTION('',(0.,0.,1.));
#3665=DIRECTION('',(-1.,0.,0.));
#3666=DIRECTION('',(0.,0.,1.));
#3667=DIRECTION('',(0.,-1.,0.));
#3668=DIRECTION('',(0.,0.,-1.));
#3669=DIRECTION('',(0.,-1.,0.));
#3670=DIRECTION('',(0.,1.,0.));
#3671=DIRECTION('',(0.,0.,1.));
#3672=DIRECTION('',(1.38382499508121E-16,-1.,0.));
#3673=DIRECTION('',(1.,1.38382499508121E-16,0.));
#3674=DIRECTION('',(1.38382499508121E-16,-1.,0.));
#3675=DIRECTION('',(1.,1.38382499508121E-16,0.));
#3676=DIRECTION('',(1.38382499508121E-16,-1.,0.));
#3677=DIRECTION('',(1.,1.38382499508121E-16,0.));
#3678=DIRECTION('',(1.38382499508121E-16,-1.,0.));
#3679=DIRECTION('',(1.,1.38382499508121E-16,0.));
#3680=DIRECTION('',(1.38382499508121E-16,-1.,0.));
#3681=DIRECTION('',(1.,1.38382499508121E-16,0.));
#3682=DIRECTION('',(1.,0.,0.));
#3683=DIRECTION('',(0.,0.,-1.));
#3684=DIRECTION('',(1.,0.,0.));
#3685=DIRECTION('',(1.,0.,0.));
#3686=DIRECTION('',(0.,0.,-1.));
#3687=DIRECTION('',(-1.,0.,0.));
#3688=DIRECTION('',(0.,0.,1.));
#3689=DIRECTION('',(-1.,0.,0.));
#3690=DIRECTION('',(0.,0.,1.));
#3691=DIRECTION('',(-1.,0.,0.));
#3692=DIRECTION('',(0.,0.,1.));
#3693=DIRECTION('',(-1.,0.,0.));
#3694=DIRECTION('',(0.,0.,1.));
#3695=DIRECTION('',(-1.,0.,0.));
#3696=DIRECTION('',(0.,0.,1.));
#3697=DIRECTION('',(-1.,0.,0.));
#3698=DIRECTION('',(0.,0.,1.));
#3699=DIRECTION('',(-1.,0.,0.));
#3700=DIRECTION('',(0.,0.,1.));
#3701=DIRECTION('',(0.,-1.,0.));
#3702=DIRECTION('',(0.,-1.,0.));
#3703=DIRECTION('',(0.,0.,1.));
#3704=DIRECTION('',(1.,0.,0.));
#3705=DIRECTION('',(0.,0.,1.));
#3706=DIRECTION('',(1.,0.,0.));
#3707=DIRECTION('',(0.,1.,0.));
#3708=DIRECTION('',(0.,0.,1.));
#3709=DIRECTION('',(1.,0.,0.));
#3710=DIRECTION('',(-1.,0.,0.));
#3711=DIRECTION('',(0.,0.,1.));
#3712=DIRECTION('',(1.,0.,0.));
#3713=DIRECTION('',(0.,1.,0.));
#3714=DIRECTION('',(0.,0.,1.));
#3715=DIRECTION('',(1.,0.,0.));
#3716=DIRECTION('',(-1.,0.,0.));
#3717=DIRECTION('',(0.,0.,1.));
#3718=DIRECTION('',(1.,0.,0.));
#3719=DIRECTION('',(0.,-1.,0.));
#3720=DIRECTION('',(0.,0.,1.));
#3721=DIRECTION('',(1.,0.,0.));
#3722=DIRECTION('',(-1.,0.,0.));
#3723=DIRECTION('',(0.,0.,1.));
#3724=DIRECTION('',(1.,0.,0.));
#3725=DIRECTION('',(0.,-1.,0.));
#3726=DIRECTION('',(0.,0.,1.));
#3727=DIRECTION('',(1.,0.,0.));
#3728=DIRECTION('',(-1.,0.,0.));
#3729=DIRECTION('',(0.,0.,1.));
#3730=DIRECTION('',(1.,0.,0.));
#3731=DIRECTION('',(0.,1.,0.));
#3732=DIRECTION('',(0.,0.,1.));
#3733=DIRECTION('',(1.,0.,0.));
#3734=DIRECTION('',(-1.,0.,0.));
#3735=DIRECTION('',(0.,0.,1.));
#3736=DIRECTION('',(1.,0.,0.));
#3737=DIRECTION('',(0.,1.,0.));
#3738=DIRECTION('',(0.,0.,1.));
#3739=DIRECTION('',(1.,0.,0.));
#3740=DIRECTION('',(-1.,0.,0.));
#3741=DIRECTION('',(0.,0.,1.));
#3742=DIRECTION('',(1.,0.,0.));
#3743=DIRECTION('',(0.,-1.,0.));
#3744=DIRECTION('',(0.,0.,1.));
#3745=DIRECTION('',(1.,0.,0.));
#3746=DIRECTION('',(-1.,0.,0.));
#3747=DIRECTION('',(0.,0.,1.));
#3748=DIRECTION('',(1.,0.,0.));
#3749=DIRECTION('',(0.,-1.,0.));
#3750=DIRECTION('',(0.,0.,1.));
#3751=DIRECTION('',(1.,0.,0.));
#3752=DIRECTION('',(-1.,0.,0.));
#3753=DIRECTION('',(0.,0.,1.));
#3754=DIRECTION('',(1.,0.,0.));
#3755=DIRECTION('',(0.,1.,0.));
#3756=DIRECTION('',(0.,0.,1.));
#3757=DIRECTION('',(1.,0.,0.));
#3758=DIRECTION('',(-1.,0.,0.));
#3759=DIRECTION('',(0.,0.,1.));
#3760=DIRECTION('',(1.,0.,0.));
#3761=DIRECTION('',(0.,1.,0.));
#3762=DIRECTION('',(0.,0.,1.));
#3763=DIRECTION('',(1.,0.,0.));
#3764=DIRECTION('',(-1.,0.,0.));
#3765=DIRECTION('',(0.,0.,1.));
#3766=DIRECTION('',(1.,0.,0.));
#3767=DIRECTION('',(1.,0.,0.));
#3768=DIRECTION('',(0.,0.,1.));
#3769=DIRECTION('',(1.,0.,0.));
#3770=DIRECTION('',(0.,1.,0.));
#3771=DIRECTION('',(0.,0.,1.));
#3772=DIRECTION('',(1.,0.,0.));
#3773=DIRECTION('',(-1.,0.,0.));
#3774=DIRECTION('',(0.,0.,1.));
#3775=DIRECTION('',(1.,0.,0.));
#3776=DIRECTION('',(0.,1.,0.));
#3777=DIRECTION('',(0.,0.,1.));
#3778=DIRECTION('',(1.,0.,0.));
#3779=DIRECTION('',(-1.,0.,0.));
#3780=DIRECTION('',(0.,0.,1.));
#3781=DIRECTION('',(1.,0.,0.));
#3782=DIRECTION('',(0.,1.,0.));
#3783=DIRECTION('',(0.,0.,1.));
#3784=DIRECTION('',(1.,0.,0.));
#3785=DIRECTION('',(-1.,0.,0.));
#3786=DIRECTION('',(0.,0.,1.));
#3787=DIRECTION('',(1.,0.,0.));
#3788=DIRECTION('',(0.,1.,0.));
#3789=DIRECTION('',(0.,0.,1.));
#3790=DIRECTION('',(1.,0.,0.));
#3791=DIRECTION('',(-1.,0.,0.));
#3792=DIRECTION('',(0.,0.,1.));
#3793=DIRECTION('',(1.,0.,0.));
#3794=DIRECTION('',(0.,-1.,0.));
#3795=DIRECTION('',(0.,0.,1.));
#3796=DIRECTION('',(1.,0.,0.));
#3797=DIRECTION('',(-1.,0.,0.));
#3798=DIRECTION('',(0.,0.,1.));
#3799=DIRECTION('',(1.,0.,0.));
#3800=DIRECTION('',(0.,-1.,0.));
#3801=DIRECTION('',(0.,0.,1.));
#3802=DIRECTION('',(1.,0.,0.));
#3803=DIRECTION('',(0.,1.,0.));
#3804=DIRECTION('',(0.,0.,1.));
#3805=DIRECTION('',(1.,0.,0.));
#3806=DIRECTION('',(-1.,0.,0.));
#3807=DIRECTION('',(0.,0.,1.));
#3808=DIRECTION('',(1.,0.,0.));
#3809=DIRECTION('',(0.,1.,0.));
#3810=DIRECTION('',(0.,0.,1.));
#3811=DIRECTION('',(1.,0.,0.));
#3812=DIRECTION('',(1.,0.,0.));
#3813=DIRECTION('',(0.,0.,1.));
#3814=DIRECTION('',(1.,0.,0.));
#3815=DIRECTION('',(0.,1.,0.));
#3816=DIRECTION('',(0.,0.,1.));
#3817=DIRECTION('',(1.,0.,0.));
#3818=DIRECTION('',(-1.,0.,0.));
#3819=DIRECTION('',(0.,0.,1.));
#3820=DIRECTION('',(1.,0.,0.));
#3821=DIRECTION('',(0.,1.,0.));
#3822=DIRECTION('',(0.,0.,1.));
#3823=DIRECTION('',(1.,0.,0.));
#3824=DIRECTION('',(1.,0.,0.));
#3825=DIRECTION('',(0.,0.,1.));
#3826=DIRECTION('',(1.,0.,0.));
#3827=DIRECTION('',(0.,1.,0.));
#3828=DIRECTION('',(0.,0.,1.));
#3829=DIRECTION('',(1.,0.,0.));
#3830=DIRECTION('',(-1.,0.,0.));
#3831=DIRECTION('',(0.,0.,1.));
#3832=DIRECTION('',(1.,0.,0.));
#3833=DIRECTION('',(0.,1.,0.));
#3834=DIRECTION('',(0.,0.,1.));
#3835=DIRECTION('',(1.,0.,0.));
#3836=DIRECTION('',(-1.,0.,0.));
#3837=DIRECTION('',(0.,0.,1.));
#3838=DIRECTION('',(1.,0.,0.));
#3839=DIRECTION('',(0.,-1.,0.));
#3840=DIRECTION('',(0.,0.,1.));
#3841=DIRECTION('',(1.,0.,0.));
#3842=DIRECTION('',(-1.,0.,0.));
#3843=DIRECTION('',(0.,0.,1.));
#3844=DIRECTION('',(1.,0.,0.));
#3845=DIRECTION('',(0.,-1.,0.));
#3846=DIRECTION('',(0.,0.,1.));
#3847=DIRECTION('',(1.,0.,0.));
#3848=DIRECTION('',(-1.,0.,0.));
#3849=DIRECTION('',(0.,0.,1.));
#3850=DIRECTION('',(1.,0.,0.));
#3851=DIRECTION('',(0.,1.,0.));
#3852=DIRECTION('',(0.,0.,1.));
#3853=DIRECTION('',(1.,0.,0.));
#3854=DIRECTION('',(-1.,0.,0.));
#3855=DIRECTION('',(0.,0.,1.));
#3856=DIRECTION('',(1.,0.,0.));
#3857=DIRECTION('',(0.,1.,0.));
#3858=DIRECTION('',(0.,0.,1.));
#3859=DIRECTION('',(1.,0.,0.));
#3860=DIRECTION('',(-1.,0.,0.));
#3861=DIRECTION('',(0.,0.,1.));
#3862=DIRECTION('',(1.,0.,0.));
#3863=DIRECTION('',(0.,-1.,0.));
#3864=DIRECTION('',(0.,0.,1.));
#3865=DIRECTION('',(1.,0.,0.));
#3866=DIRECTION('',(-1.,0.,0.));
#3867=DIRECTION('',(0.,0.,1.));
#3868=DIRECTION('',(1.,0.,0.));
#3869=DIRECTION('',(0.,-1.,0.));
#3870=DIRECTION('',(0.,0.,1.));
#3871=DIRECTION('',(1.,0.,0.));
#3872=DIRECTION('',(-1.,0.,0.));
#3873=DIRECTION('',(0.,0.,1.));
#3874=DIRECTION('',(1.,0.,0.));
#3875=DIRECTION('',(0.,1.,0.));
#3876=DIRECTION('',(0.,0.,1.));
#3877=DIRECTION('',(1.,0.,0.));
#3878=DIRECTION('',(-1.,0.,0.));
#3879=DIRECTION('',(0.,0.,1.));
#3880=DIRECTION('',(1.,0.,0.));
#3881=DIRECTION('',(0.,1.,0.));
#3882=DIRECTION('',(0.,0.,1.));
#3883=DIRECTION('',(1.,0.,0.));
#3884=DIRECTION('',(-1.,0.,0.));
#3885=DIRECTION('',(0.,0.,1.));
#3886=DIRECTION('',(1.,0.,0.));
#3887=DIRECTION('',(1.,0.,0.));
#3888=DIRECTION('',(0.,0.,1.));
#3889=DIRECTION('',(1.,0.,0.));
#3890=DIRECTION('',(0.,1.,0.));
#3891=DIRECTION('',(0.,0.,1.));
#3892=DIRECTION('',(1.,0.,0.));
#3893=DIRECTION('',(-1.,0.,0.));
#3894=DIRECTION('',(0.,0.,1.));
#3895=DIRECTION('',(1.,0.,0.));
#3896=DIRECTION('',(0.,1.,0.));
#3897=DIRECTION('',(0.,0.,1.));
#3898=DIRECTION('',(1.,0.,0.));
#3899=DIRECTION('',(-1.,0.,0.));
#3900=DIRECTION('',(0.,0.,1.));
#3901=DIRECTION('',(1.,0.,0.));
#3902=DIRECTION('',(0.,1.,0.));
#3903=DIRECTION('',(0.,0.,1.));
#3904=DIRECTION('',(1.,0.,0.));
#3905=DIRECTION('',(-1.,0.,0.));
#3906=DIRECTION('',(0.,0.,1.));
#3907=DIRECTION('',(1.,0.,0.));
#3908=DIRECTION('',(0.,1.,0.));
#3909=DIRECTION('',(0.,0.,1.));
#3910=DIRECTION('',(1.,0.,0.));
#3911=DIRECTION('',(-1.,0.,0.));
#3912=DIRECTION('',(0.,0.,1.));
#3913=DIRECTION('',(1.,0.,0.));
#3914=DIRECTION('',(0.,-1.,0.));
#3915=DIRECTION('',(0.,0.,1.));
#3916=DIRECTION('',(1.,0.,0.));
#3917=DIRECTION('',(-1.,0.,0.));
#3918=DIRECTION('',(0.,0.,1.));
#3919=DIRECTION('',(1.,0.,0.));
#3920=DIRECTION('',(0.,-1.,0.));
#3921=DIRECTION('',(0.,0.,1.));
#3922=DIRECTION('',(1.,0.,0.));
#3923=DIRECTION('',(0.,1.,0.));
#3924=DIRECTION('',(0.,0.,1.));
#3925=DIRECTION('',(1.,0.,0.));
#3926=DIRECTION('',(1.,0.,0.));
#3927=DIRECTION('',(0.,0.,1.));
#3928=DIRECTION('',(1.,0.,0.));
#3929=DIRECTION('',(0.,1.,0.));
#3930=DIRECTION('',(0.,0.,1.));
#3931=DIRECTION('',(1.,0.,0.));
#3932=DIRECTION('',(-1.,0.,0.));
#3933=DIRECTION('',(0.,0.,1.));
#3934=DIRECTION('',(1.,0.,0.));
#3935=DIRECTION('',(0.,1.,0.));
#3936=DIRECTION('',(0.,0.,1.));
#3937=DIRECTION('',(1.,0.,0.));
#3938=DIRECTION('',(1.,0.,0.));
#3939=DIRECTION('',(0.,0.,1.));
#3940=DIRECTION('',(1.,0.,0.));
#3941=DIRECTION('',(0.,1.,0.));
#3942=DIRECTION('',(0.,0.,1.));
#3943=DIRECTION('',(1.,0.,0.));
#3944=DIRECTION('',(-1.,0.,0.));
#3945=DIRECTION('',(0.,0.,1.));
#3946=DIRECTION('',(1.,0.,0.));
#3947=DIRECTION('',(0.,-1.,0.));
#3948=DIRECTION('',(0.,0.,-1.));
#3949=DIRECTION('',(0.,0.,-1.));
#3950=DIRECTION('',(0.,0.,-1.));
#3951=DIRECTION('',(1.,0.,0.));
#3952=DIRECTION('',(0.,0.,-1.));
#3953=DIRECTION('',(1.,0.,0.));
#3954=DIRECTION('',(0.,0.,-1.));
#3955=DIRECTION('',(1.,0.,0.));
#3956=DIRECTION('',(0.,0.,-1.));
#3957=DIRECTION('',(0.,0.,-1.));
#3958=DIRECTION('',(0.,0.,-1.));
#3959=DIRECTION('',(0.,1.,0.));
#3960=DIRECTION('',(0.,0.,1.));
#3961=DIRECTION('',(0.,0.,1.));
#3962=DIRECTION('',(0.,0.,1.));
#3963=DIRECTION('',(1.,0.,0.));
#3964=DIRECTION('',(0.,0.,-1.));
#3965=DIRECTION('',(1.,0.,0.));
#3966=DIRECTION('',(0.,0.,-1.));
#3967=DIRECTION('',(1.,0.,0.));
#3968=DIRECTION('',(0.,0.,-1.));
#3969=DIRECTION('',(0.,0.,-1.));
#3970=DIRECTION('',(0.,0.,-1.));
#3971=DIRECTION('',(0.,0.,-1.));
#3972=DIRECTION('',(-1.,0.,0.));
#3973=DIRECTION('',(0.,0.,1.));
#3974=DIRECTION('',(1.,0.,0.));
#3975=DIRECTION('',(0.,0.,1.));
#3976=DIRECTION('',(1.,0.,0.));
#3977=DIRECTION('',(0.,0.,-1.));
#3978=DIRECTION('',(-1.,0.,0.));
#3979=DIRECTION('',(1.,0.,0.));
#3980=DIRECTION('',(0.,0.,-1.));
#3981=DIRECTION('',(1.,0.,0.));
#3982=DIRECTION('',(0.,0.,-1.));
#3983=DIRECTION('',(1.,0.,0.));
#3984=DIRECTION('',(0.,0.,-1.));
#3985=DIRECTION('',(0.,0.,-1.));
#3986=DIRECTION('',(0.,0.,-1.));
#3987=DIRECTION('',(0.,-1.,0.));
#3988=DIRECTION('',(0.,0.,-1.));
#3989=DIRECTION('',(0.,0.,-1.));
#3990=DIRECTION('',(0.,0.,-1.));
#3991=DIRECTION('',(1.,0.,0.));
#3992=DIRECTION('',(0.,0.,-1.));
#3993=DIRECTION('',(1.,0.,0.));
#3994=DIRECTION('',(0.,0.,-1.));
#3995=DIRECTION('',(1.,0.,0.));
#3996=DIRECTION('',(0.,0.,-1.));
#3997=DIRECTION('',(0.,0.,-1.));
#3998=DIRECTION('',(0.,0.,-1.));
#3999=DIRECTION('',(0.,1.,0.));
#4000=DIRECTION('',(0.,0.,1.));
#4001=DIRECTION('',(0.,0.,1.));
#4002=DIRECTION('',(0.,0.,1.));
#4003=DIRECTION('',(0.,0.,1.));
#4004=DIRECTION('',(1.,0.,0.));
#4005=DIRECTION('',(0.,0.,-1.));
#4006=DIRECTION('',(-1.,0.,0.));
#4007=DIRECTION('',(0.,0.,1.));
#4008=DIRECTION('',(1.,0.,0.));
#4009=DIRECTION('',(0.,0.,-1.));
#4010=DIRECTION('',(-1.,0.,0.));
#4011=DIRECTION('',(0.,1.,0.));
#4012=DIRECTION('',(0.,0.,1.));
#4013=DIRECTION('',(0.,0.,1.));
#4014=DIRECTION('',(0.,0.,1.));
#4015=DIRECTION('',(-1.,0.,0.));
#4016=DIRECTION('',(0.,0.,1.));
#4017=DIRECTION('',(-1.,0.,0.));
#4018=DIRECTION('',(0.,0.,1.));
#4019=DIRECTION('',(-1.,0.,0.));
#4020=DIRECTION('',(0.,0.,1.));
#4021=DIRECTION('',(0.,0.,1.));
#4022=DIRECTION('',(0.,0.,1.));
#4023=DIRECTION('',(0.,1.,0.));
#4024=DIRECTION('',(0.,0.,1.));
#4025=DIRECTION('',(0.,0.,1.));
#4026=DIRECTION('',(0.,0.,1.));
#4027=DIRECTION('',(-1.,0.,0.));
#4028=DIRECTION('',(0.,0.,1.));
#4029=DIRECTION('',(-1.,0.,0.));
#4030=DIRECTION('',(0.,0.,1.));
#4031=DIRECTION('',(-1.,0.,0.));
#4032=DIRECTION('',(0.,0.,1.));
#4033=DIRECTION('',(0.,0.,1.));
#4034=DIRECTION('',(0.,0.,1.));
#4035=DIRECTION('',(0.,0.,-1.));
#4036=DIRECTION('',(-1.,0.,0.));
#4037=DIRECTION('',(0.,0.,1.));
#4038=DIRECTION('',(1.,0.,0.));
#4039=DIRECTION('',(0.,0.,1.));
#4040=DIRECTION('',(1.,0.,0.));
#4041=DIRECTION('',(0.,0.,-1.));
#4042=DIRECTION('',(-1.,0.,0.));
#4043=DIRECTION('',(0.,1.,0.));
#4044=DIRECTION('',(0.,0.,1.));
#4045=DIRECTION('',(0.,0.,1.));
#4046=DIRECTION('',(0.,0.,1.));
#4047=DIRECTION('',(1.,0.,0.));
#4048=DIRECTION('',(0.,0.,-1.));
#4049=DIRECTION('',(1.,0.,0.));
#4050=DIRECTION('',(0.,0.,-1.));
#4051=DIRECTION('',(1.,0.,0.));
#4052=DIRECTION('',(0.,0.,-1.));
#4053=DIRECTION('',(0.,0.,-1.));
#4054=DIRECTION('',(0.,0.,-1.));
#4055=DIRECTION('',(0.,1.,0.));
#4056=DIRECTION('',(0.,0.,1.));
#4057=DIRECTION('',(0.,0.,1.));
#4058=DIRECTION('',(0.,0.,1.));
#4059=DIRECTION('',(1.,0.,0.));
#4060=DIRECTION('',(0.,0.,-1.));
#4061=DIRECTION('',(1.,0.,0.));
#4062=DIRECTION('',(0.,0.,-1.));
#4063=DIRECTION('',(1.,0.,0.));
#4064=DIRECTION('',(0.,0.,-1.));
#4065=DIRECTION('',(0.,0.,-1.));
#4066=DIRECTION('',(0.,0.,-1.));
#4067=DIRECTION('',(0.,0.,1.));
#4068=DIRECTION('',(1.,0.,0.));
#4069=DIRECTION('',(0.,0.,-1.));
#4070=DIRECTION('',(-1.,0.,0.));
#4071=DIRECTION('',(0.,0.,-1.));
#4072=DIRECTION('',(-1.,0.,0.));
#4073=DIRECTION('',(0.,0.,1.));
#4074=DIRECTION('',(1.,0.,0.));
#4075=DIRECTION('',(1.,0.,0.));
#4076=DIRECTION('',(0.,0.,-1.));
#4077=DIRECTION('',(1.,0.,0.));
#4078=DIRECTION('',(0.,0.,-1.));
#4079=DIRECTION('',(1.,0.,0.));
#4080=DIRECTION('',(0.,0.,-1.));
#4081=DIRECTION('',(0.,0.,-1.));
#4082=DIRECTION('',(0.,0.,-1.));
#4083=DIRECTION('',(0.,-1.,0.));
#4084=DIRECTION('',(0.,0.,-1.));
#4085=DIRECTION('',(0.,0.,-1.));
#4086=DIRECTION('',(0.,0.,-1.));
#4087=DIRECTION('',(1.,0.,0.));
#4088=DIRECTION('',(0.,0.,-1.));
#4089=DIRECTION('',(1.,0.,0.));
#4090=DIRECTION('',(0.,0.,-1.));
#4091=DIRECTION('',(1.,0.,0.));
#4092=DIRECTION('',(0.,0.,-1.));
#4093=DIRECTION('',(0.,0.,-1.));
#4094=DIRECTION('',(0.,0.,-1.));
#4095=DIRECTION('',(0.,1.,0.));
#4096=DIRECTION('',(0.,0.,1.));
#4097=DIRECTION('',(0.,0.,1.));
#4098=DIRECTION('',(0.,0.,1.));
#4099=DIRECTION('',(0.,0.,1.));
#4100=DIRECTION('',(1.,0.,0.));
#4101=DIRECTION('',(0.,0.,-1.));
#4102=DIRECTION('',(-1.,0.,0.));
#4103=DIRECTION('',(0.,0.,-1.));
#4104=DIRECTION('',(-1.,0.,0.));
#4105=DIRECTION('',(0.,0.,1.));
#4106=DIRECTION('',(1.,0.,0.));
#4107=DIRECTION('',(0.,1.,0.));
#4108=DIRECTION('',(0.,0.,1.));
#4109=DIRECTION('',(0.,0.,1.));
#4110=DIRECTION('',(0.,0.,1.));
#4111=DIRECTION('',(1.,0.,0.));
#4112=DIRECTION('',(0.,0.,-1.));
#4113=DIRECTION('',(1.,0.,0.));
#4114=DIRECTION('',(0.,0.,-1.));
#4115=DIRECTION('',(1.,0.,0.));
#4116=DIRECTION('',(0.,0.,-1.));
#4117=DIRECTION('',(0.,0.,-1.));
#4118=DIRECTION('',(0.,0.,-1.));
#4119=DIRECTION('',(0.,1.,0.));
#4120=DIRECTION('',(0.,0.,1.));
#4121=DIRECTION('',(0.,0.,1.));
#4122=DIRECTION('',(0.,0.,1.));
#4123=DIRECTION('',(1.,0.,0.));
#4124=DIRECTION('',(0.,0.,-1.));
#4125=DIRECTION('',(1.,0.,0.));
#4126=DIRECTION('',(0.,0.,-1.));
#4127=DIRECTION('',(1.,0.,0.));
#4128=DIRECTION('',(0.,0.,-1.));
#4129=DIRECTION('',(0.,0.,-1.));
#4130=DIRECTION('',(0.,0.,-1.));
#4131=DIRECTION('',(0.,0.,1.));
#4132=DIRECTION('',(1.,0.,0.));
#4133=DIRECTION('',(0.,0.,-1.));
#4134=DIRECTION('',(-1.,0.,0.));
#4135=DIRECTION('',(0.,0.,1.));
#4136=DIRECTION('',(1.,0.,0.));
#4137=DIRECTION('',(0.,0.,-1.));
#4138=DIRECTION('',(-1.,0.,0.));
#4139=DIRECTION('',(0.,1.,0.));
#4140=DIRECTION('',(0.,0.,1.));
#4141=DIRECTION('',(0.,0.,1.));
#4142=DIRECTION('',(0.,0.,1.));
#4143=DIRECTION('',(-1.,0.,0.));
#4144=DIRECTION('',(0.,0.,1.));
#4145=DIRECTION('',(-1.,0.,0.));
#4146=DIRECTION('',(0.,0.,1.));
#4147=DIRECTION('',(-1.,0.,0.));
#4148=DIRECTION('',(0.,0.,1.));
#4149=DIRECTION('',(0.,0.,1.));
#4150=DIRECTION('',(0.,0.,1.));
#4151=DIRECTION('',(0.,1.,0.));
#4152=DIRECTION('',(0.,0.,1.));
#4153=DIRECTION('',(0.,0.,1.));
#4154=DIRECTION('',(0.,0.,1.));
#4155=DIRECTION('',(-1.,0.,0.));
#4156=DIRECTION('',(0.,0.,1.));
#4157=DIRECTION('',(-1.,0.,0.));
#4158=DIRECTION('',(0.,0.,1.));
#4159=DIRECTION('',(-1.,0.,0.));
#4160=DIRECTION('',(0.,0.,1.));
#4161=DIRECTION('',(0.,0.,1.));
#4162=DIRECTION('',(0.,0.,1.));
#4163=DIRECTION('',(0.,0.,-1.));
#4164=DIRECTION('',(-1.,0.,0.));
#4165=DIRECTION('',(0.,0.,1.));
#4166=DIRECTION('',(1.,0.,0.));
#4167=DIRECTION('',(0.,0.,-1.));
#4168=DIRECTION('',(-1.,0.,0.));
#4169=DIRECTION('',(0.,0.,1.));
#4170=DIRECTION('',(1.,0.,0.));
#4171=DIRECTION('',(1.,0.,0.));
#4172=DIRECTION('',(0.,0.,-1.));
#4173=DIRECTION('',(1.,0.,0.));
#4174=DIRECTION('',(0.,0.,-1.));
#4175=DIRECTION('',(1.,0.,0.));
#4176=DIRECTION('',(0.,0.,-1.));
#4177=DIRECTION('',(0.,0.,-1.));
#4178=DIRECTION('',(0.,0.,-1.));
#4179=DIRECTION('',(0.,1.,0.));
#4180=DIRECTION('',(0.,0.,1.));
#4181=DIRECTION('',(0.,0.,1.));
#4182=DIRECTION('',(0.,0.,1.));
#4183=DIRECTION('',(1.,0.,0.));
#4184=DIRECTION('',(0.,0.,-1.));
#4185=DIRECTION('',(1.,0.,0.));
#4186=DIRECTION('',(0.,0.,-1.));
#4187=DIRECTION('',(1.,0.,0.));
#4188=DIRECTION('',(0.,0.,-1.));
#4189=DIRECTION('',(0.,0.,-1.));
#4190=DIRECTION('',(0.,0.,-1.));
#4191=DIRECTION('',(0.,1.,0.));
#4192=DIRECTION('',(0.,0.,1.));
#4193=DIRECTION('',(0.,0.,1.));
#4194=DIRECTION('',(0.,0.,1.));
#4195=DIRECTION('',(0.,0.,1.));
#4196=DIRECTION('',(1.,0.,0.));
#4197=DIRECTION('',(0.,0.,-1.));
#4198=DIRECTION('',(-1.,0.,0.));
#4199=DIRECTION('',(0.,0.,1.));
#4200=DIRECTION('',(1.,0.,0.));
#4201=DIRECTION('',(0.,0.,-1.));
#4202=DIRECTION('',(-1.,0.,0.));
#4203=DIRECTION('',(-1.,0.,0.));
#4204=DIRECTION('',(0.,0.,1.));
#4205=DIRECTION('',(-1.,0.,0.));
#4206=DIRECTION('',(0.,0.,1.));
#4207=DIRECTION('',(-1.,0.,0.));
#4208=DIRECTION('',(0.,0.,1.));
#4209=DIRECTION('',(0.,0.,1.));
#4210=DIRECTION('',(0.,0.,1.));
#4211=DIRECTION('',(0.,1.,0.));
#4212=DIRECTION('',(0.,0.,1.));
#4213=DIRECTION('',(0.,0.,1.));
#4214=DIRECTION('',(0.,0.,1.));
#4215=DIRECTION('',(-1.,0.,0.));
#4216=DIRECTION('',(0.,0.,1.));
#4217=DIRECTION('',(-1.,0.,0.));
#4218=DIRECTION('',(0.,0.,1.));
#4219=DIRECTION('',(-1.,0.,0.));
#4220=DIRECTION('',(0.,0.,1.));
#4221=DIRECTION('',(0.,0.,1.));
#4222=DIRECTION('',(0.,0.,1.));
#4223=DIRECTION('',(0.,1.,0.));
#4224=DIRECTION('',(0.,0.,1.));
#4225=DIRECTION('',(0.,0.,1.));
#4226=DIRECTION('',(0.,0.,1.));
#4227=DIRECTION('',(0.,0.,-1.));
#4228=DIRECTION('',(-1.,0.,0.));
#4229=DIRECTION('',(0.,0.,1.));
#4230=DIRECTION('',(1.,0.,0.));
#4231=DIRECTION('',(0.,0.,-1.));
#4232=DIRECTION('',(-1.,0.,0.));
#4233=DIRECTION('',(0.,0.,1.));
#4234=DIRECTION('',(1.,0.,0.));
#4235=DIRECTION('',(0.,1.,0.));
#4236=DIRECTION('',(0.,0.,1.));
#4237=DIRECTION('',(0.,1.,0.));
#4238=DIRECTION('',(0.,0.,1.));
#4239=DIRECTION('',(0.,1.,0.));
#4240=DIRECTION('',(0.,0.,1.));
#4241=DIRECTION('',(0.,1.,0.));
#4242=DIRECTION('',(0.,0.,1.));
#4243=DIRECTION('',(0.,1.,0.));
#4244=DIRECTION('',(0.,0.,1.));
#4245=DIRECTION('',(0.,1.,0.));
#4246=DIRECTION('',(0.,0.,1.));
#4247=DIRECTION('',(0.,1.,0.));
#4248=DIRECTION('',(0.,0.,1.));
#4249=DIRECTION('',(0.,1.,0.));
#4250=DIRECTION('',(0.,0.,1.));
#4251=DIRECTION('',(0.,1.,0.));
#4252=DIRECTION('',(0.,0.,1.));
#4253=DIRECTION('',(0.,0.,1.));
#4254=DIRECTION('',(0.,0.,1.));
#4255=DIRECTION('',(1.,0.,0.));
#4256=DIRECTION('',(0.,0.,-1.));
#4257=DIRECTION('',(0.,0.,-1.));
#4258=DIRECTION('',(0.,0.,-1.));
#4259=DIRECTION('',(0.,1.,0.));
#4260=DIRECTION('',(0.,0.,1.));
#4261=DIRECTION('',(0.,1.,0.));
#4262=DIRECTION('',(0.,0.,1.));
#4263=DIRECTION('',(0.,1.,0.));
#4264=DIRECTION('',(0.,0.,1.));
#4265=DIRECTION('',(0.,1.,0.));
#4266=DIRECTION('',(0.,0.,1.));
#4267=DIRECTION('',(0.,1.,0.));
#4268=DIRECTION('',(0.,0.,1.));
#4269=DIRECTION('',(0.,1.,0.));
#4270=DIRECTION('',(0.,0.,1.));
#4271=DIRECTION('',(0.,1.,0.));
#4272=DIRECTION('',(0.,0.,1.));
#4273=DIRECTION('',(0.,1.,0.));
#4274=DIRECTION('',(0.,0.,1.));
#4275=DIRECTION('',(0.,1.,0.));
#4276=DIRECTION('',(0.,0.,1.));
#4277=DIRECTION('',(0.,0.,1.));
#4278=DIRECTION('',(0.,0.,1.));
#4279=DIRECTION('',(1.,0.,0.));
#4280=DIRECTION('',(0.,0.,-1.));
#4281=DIRECTION('',(0.,0.,-1.));
#4282=DIRECTION('',(0.,0.,-1.));
#4283=DIRECTION('',(0.,0.,-1.));
#4284=DIRECTION('',(-1.,0.,0.));
#4285=DIRECTION('',(0.,0.,1.));
#4286=DIRECTION('',(1.,0.,0.));
#4287=DIRECTION('',(0.,0.,1.));
#4288=DIRECTION('',(1.,0.,0.));
#4289=DIRECTION('',(0.,0.,-1.));
#4290=DIRECTION('',(-1.,0.,0.));
#4291=DIRECTION('',(-1.,0.,0.));
#4292=DIRECTION('',(0.,0.,1.));
#4293=DIRECTION('',(-1.,0.,0.));
#4294=DIRECTION('',(0.,0.,1.));
#4295=DIRECTION('',(-1.,0.,0.));
#4296=DIRECTION('',(0.,0.,1.));
#4297=DIRECTION('',(-1.,0.,0.));
#4298=DIRECTION('',(0.,0.,1.));
#4299=DIRECTION('',(1.,0.,0.));
#4300=DIRECTION('',(0.,1.,0.));
#4301=DIRECTION('',(1.,0.,0.));
#4302=DIRECTION('',(0.,0.,-1.));
#4303=DIRECTION('',(-1.,0.,0.));
#4304=DIRECTION('',(0.,0.,1.));
#4305=DIRECTION('',(1.,0.,0.));
#4306=DIRECTION('',(0.,1.,0.));
#4307=DIRECTION('',(1.,0.,0.));
#4308=DIRECTION('',(0.,0.,-1.));
#4309=DIRECTION('',(-1.,0.,0.));
#4310=DIRECTION('',(0.,0.,1.));
#4311=DIRECTION('',(-1.,0.,0.));
#4312=DIRECTION('',(0.,0.,1.));
#4313=DIRECTION('',(-1.,0.,0.));
#4314=DIRECTION('',(0.,0.,1.));
#4315=DIRECTION('',(-1.,0.,0.));
#4316=DIRECTION('',(0.,0.,1.));
#4317=DIRECTION('',(-1.,0.,0.));
#4318=DIRECTION('',(0.,0.,1.));
#4319=DIRECTION('',(1.,0.,0.));
#4320=DIRECTION('',(0.,1.,0.));
#4321=DIRECTION('',(1.,0.,0.));
#4322=DIRECTION('',(0.,0.,-1.));
#4323=DIRECTION('',(-1.,0.,0.));
#4324=DIRECTION('',(0.,0.,1.));
#4325=DIRECTION('',(1.,0.,0.));
#4326=DIRECTION('',(0.,1.,0.));
#4327=DIRECTION('',(1.,0.,0.));
#4328=DIRECTION('',(0.,0.,-1.));
#4329=DIRECTION('',(-1.,0.,0.));
#4330=DIRECTION('',(0.,0.,1.));
#4331=DIRECTION('',(1.,0.,0.));
#4332=DIRECTION('',(0.,1.,0.));
#4333=DIRECTION('',(1.,0.,0.));
#4334=DIRECTION('',(0.,0.,-1.));
#4335=DIRECTION('',(-1.,0.,0.));
#4336=DIRECTION('',(0.,0.,1.));
#4337=DIRECTION('',(1.,0.,0.));
#4338=DIRECTION('',(0.,1.,0.));
#4339=DIRECTION('',(1.,0.,0.));
#4340=DIRECTION('',(0.,0.,-1.));
#4341=DIRECTION('',(-1.,0.,0.));
#4342=DIRECTION('',(0.,0.,1.));
#4343=DIRECTION('',(-1.,0.,0.));
#4344=DIRECTION('',(0.,0.,1.));
#4345=DIRECTION('',(-1.,0.,0.));
#4346=DIRECTION('',(0.,0.,1.));
#4347=DIRECTION('',(1.,0.,0.));
#4348=DIRECTION('',(0.,1.,0.));
#4349=DIRECTION('',(1.,0.,0.));
#4350=DIRECTION('',(0.,0.,-1.));
#4351=DIRECTION('',(-1.,0.,0.));
#4352=DIRECTION('',(0.,0.,1.));
#4353=DIRECTION('',(1.,0.,0.));
#4354=DIRECTION('',(0.,1.,0.));
#4355=DIRECTION('',(1.,0.,0.));
#4356=DIRECTION('',(0.,0.,-1.));
#4357=DIRECTION('',(-1.,0.,0.));
#4358=DIRECTION('',(0.,0.,1.));
#4359=DIRECTION('',(-1.,0.,0.));
#4360=DIRECTION('',(0.,0.,1.));
#4361=DIRECTION('',(-1.,0.,0.));
#4362=DIRECTION('',(0.,0.,1.));
#4363=DIRECTION('',(-1.,0.,0.));
#4364=DIRECTION('',(0.,0.,1.));
#4365=DIRECTION('',(1.,0.,0.));
#4366=DIRECTION('',(0.,0.,-1.));
#4367=DIRECTION('',(1.,0.,0.));
#4368=DIRECTION('',(0.,1.,0.));
#4369=DIRECTION('',(-1.,0.,0.));
#4370=DIRECTION('',(0.,0.,1.));
#4371=DIRECTION('',(1.,0.,0.));
#4372=DIRECTION('',(0.,0.,-1.));
#4373=DIRECTION('',(1.,0.,0.));
#4374=DIRECTION('',(0.,1.,0.));
#4375=DIRECTION('',(-1.,0.,0.));
#4376=DIRECTION('',(0.,0.,1.));
#4377=DIRECTION('',(1.,0.,0.));
#4378=DIRECTION('',(0.,0.,-1.));
#4379=DIRECTION('',(1.,0.,0.));
#4380=DIRECTION('',(0.,1.,0.));
#4381=DIRECTION('',(-1.,0.,0.));
#4382=DIRECTION('',(0.,0.,1.));
#4383=DIRECTION('',(1.,0.,0.));
#4384=DIRECTION('',(0.,0.,-1.));
#4385=DIRECTION('',(1.,0.,0.));
#4386=DIRECTION('',(0.,1.,0.));
#4387=DIRECTION('',(0.,-1.,0.));
#4388=DIRECTION('',(1.,0.,0.));
#4389=DIRECTION('',(0.,-1.,0.));
#4390=DIRECTION('',(0.,0.,-1.));
#4391=DIRECTION('',(0.,1.,0.));
#4392=DIRECTION('',(0.,0.,1.));
#4393=DIRECTION('',(0.,-1.,0.));
#4394=DIRECTION('',(1.,0.,0.));
#4395=DIRECTION('',(0.,-1.,0.));
#4396=DIRECTION('',(0.,0.,-1.));
#4397=DIRECTION('',(0.,1.,0.));
#4398=DIRECTION('',(0.,0.,1.));
#4399=DIRECTION('',(0.,-1.,0.));
#4400=DIRECTION('',(1.,0.,0.));
#4401=DIRECTION('',(0.,-1.,0.));
#4402=DIRECTION('',(0.,0.,-1.));
#4403=DIRECTION('',(0.,1.,0.));
#4404=DIRECTION('',(0.,0.,1.));
#4405=DIRECTION('',(0.,-1.,0.));
#4406=DIRECTION('',(1.,0.,0.));
#4407=DIRECTION('',(0.,-1.,0.));
#4408=DIRECTION('',(0.,0.,-1.));
#4409=DIRECTION('',(0.,1.,0.));
#4410=DIRECTION('',(0.,0.,1.));
#4411=DIRECTION('',(0.,-1.,0.));
#4412=DIRECTION('',(1.,0.,0.));
#4413=DIRECTION('',(0.,-1.,0.));
#4414=DIRECTION('',(0.,0.,-1.));
#4415=DIRECTION('',(0.,1.,0.));
#4416=DIRECTION('',(0.,0.,1.));
#4417=DIRECTION('',(0.,-1.,0.));
#4418=DIRECTION('',(1.,0.,0.));
#4419=DIRECTION('',(0.,-1.,0.));
#4420=DIRECTION('',(0.,0.,-1.));
#4421=DIRECTION('',(0.,1.,0.));
#4422=DIRECTION('',(0.,0.,1.));
#4423=DIRECTION('',(0.,-1.,0.));
#4424=DIRECTION('',(1.,0.,0.));
#4425=DIRECTION('',(0.,-1.,0.));
#4426=DIRECTION('',(0.,0.,-1.));
#4427=DIRECTION('',(0.,1.,0.));
#4428=DIRECTION('',(0.,0.,1.));
#4429=DIRECTION('',(0.,-1.,0.));
#4430=DIRECTION('',(1.,0.,0.));
#4431=DIRECTION('',(0.,-1.,0.));
#4432=DIRECTION('',(0.,0.,-1.));
#4433=DIRECTION('',(0.,1.,0.));
#4434=DIRECTION('',(0.,0.,1.));
#4435=DIRECTION('',(0.,1.,0.));
#4436=DIRECTION('',(0.,0.,1.));
#4437=DIRECTION('',(0.,-1.,0.));
#4438=DIRECTION('',(0.,0.,-1.));
#4439=DIRECTION('',(0.,-1.,0.));
#4440=DIRECTION('',(1.,0.,0.));
#4441=DIRECTION('',(0.,1.,0.));
#4442=DIRECTION('',(0.,0.,1.));
#4443=DIRECTION('',(1.38382499508121E-16,-1.,0.));
#4444=DIRECTION('',(0.,-1.,0.));
#4445=DIRECTION('',(0.,0.,-1.));
#4446=DIRECTION('',(1.38382499508121E-16,-1.,0.));
#4447=DIRECTION('',(1.38382499508121E-16,-1.,0.));
#4448=DIRECTION('',(1.,1.38382499508121E-16,0.));
#4449=DIRECTION('',(0.,-1.,0.));
#4450=DIRECTION('',(1.,0.,0.));
#4451=DIRECTION('',(0.,-1.,0.));
#4452=DIRECTION('',(0.,0.,-1.));
#4453=DIRECTION('',(0.,1.,0.));
#4454=DIRECTION('',(0.,0.,1.));
#4455=DIRECTION('',(1.38382499508121E-16,-1.,0.));
#4456=DIRECTION('',(0.,-1.,0.));
#4457=DIRECTION('',(0.,0.,-1.));
#4458=DIRECTION('',(1.38382499508121E-16,-1.,0.));
#4459=DIRECTION('',(1.38382499508121E-16,-1.,0.));
#4460=DIRECTION('',(1.,1.38382499508121E-16,0.));
#4461=DIRECTION('',(0.,-1.,0.));
#4462=DIRECTION('',(1.,0.,0.));
#4463=DIRECTION('',(0.,-1.,0.));
#4464=DIRECTION('',(0.,0.,-1.));
#4465=DIRECTION('',(0.,1.,0.));
#4466=DIRECTION('',(0.,0.,1.));
#4467=DIRECTION('',(1.38382499508121E-16,-1.,0.));
#4468=DIRECTION('',(0.,-1.,0.));
#4469=DIRECTION('',(0.,0.,-1.));
#4470=DIRECTION('',(1.38382499508121E-16,-1.,0.));
#4471=DIRECTION('',(1.38382499508121E-16,-1.,0.));
#4472=DIRECTION('',(1.,1.38382499508121E-16,0.));
#4473=DIRECTION('',(0.,-1.,0.));
#4474=DIRECTION('',(1.,0.,0.));
#4475=DIRECTION('',(0.,-1.,0.));
#4476=DIRECTION('',(0.,0.,-1.));
#4477=DIRECTION('',(0.,1.,0.));
#4478=DIRECTION('',(0.,0.,1.));
#4479=DIRECTION('',(1.38382499508121E-16,-1.,0.));
#4480=DIRECTION('',(0.,-1.,0.));
#4481=DIRECTION('',(0.,0.,-1.));
#4482=DIRECTION('',(1.38382499508121E-16,-1.,0.));
#4483=DIRECTION('',(1.38382499508121E-16,-1.,0.));
#4484=DIRECTION('',(1.,1.38382499508121E-16,0.));
#4485=DIRECTION('',(0.,-1.,0.));
#4486=DIRECTION('',(1.,0.,0.));
#4487=DIRECTION('',(0.,-1.,0.));
#4488=DIRECTION('',(0.,0.,-1.));
#4489=DIRECTION('',(0.,1.,0.));
#4490=DIRECTION('',(0.,0.,1.));
#4491=DIRECTION('',(0.,-1.,0.));
#4492=DIRECTION('',(0.,0.,-1.));
#4493=DIRECTION('',(0.,-1.,0.));
#4494=DIRECTION('',(1.,0.,0.));
#4495=DIRECTION('',(0.,1.,0.));
#4496=DIRECTION('',(0.,0.,1.));
#4497=DIRECTION('',(1.38382499508121E-16,-1.,0.));
#4498=DIRECTION('',(0.,-1.,0.));
#4499=DIRECTION('',(0.,0.,-1.));
#4500=DIRECTION('',(1.38382499508121E-16,-1.,0.));
#4501=DIRECTION('',(1.38382499508121E-16,-1.,0.));
#4502=DIRECTION('',(1.,1.38382499508121E-16,0.));
#4503=DIRECTION('',(0.,-1.,0.));
#4504=DIRECTION('',(1.,0.,0.));
#4505=DIRECTION('',(0.,-1.,0.));
#4506=DIRECTION('',(0.,0.,-1.));
#4507=DIRECTION('',(0.,1.,0.));
#4508=DIRECTION('',(0.,0.,1.));
#4509=DIRECTION('',(1.38382499508121E-16,-1.,0.));
#4510=DIRECTION('',(0.,-1.,0.));
#4511=DIRECTION('',(0.,0.,-1.));
#4512=DIRECTION('',(1.38382499508121E-16,-1.,0.));
#4513=DIRECTION('',(1.38382499508121E-16,-1.,0.));
#4514=DIRECTION('',(1.,1.38382499508121E-16,0.));
#4515=DIRECTION('',(0.,-1.,0.));
#4516=DIRECTION('',(1.,0.,0.));
#4517=DIRECTION('',(0.,-1.,0.));
#4518=DIRECTION('',(0.,0.,-1.));
#4519=DIRECTION('',(-1.38382499508121E-16,1.,0.));
#4520=DIRECTION('',(-1.,-1.38382499508121E-16,0.));
#4521=DIRECTION('',(1.38382499508121E-16,-1.,0.));
#4522=DIRECTION('',(1.,1.38382499508121E-16,0.));
#4523=DIRECTION('',(1.38382499508121E-16,-1.,0.));
#4524=DIRECTION('',(1.,1.38382499508121E-16,0.));
#4525=DIRECTION('',(-1.38382499508121E-16,1.,0.));
#4526=DIRECTION('',(-1.,-1.38382499508121E-16,0.));
#4527=DIRECTION('',(1.38382499508121E-16,-1.,0.));
#4528=DIRECTION('',(1.,1.38382499508121E-16,0.));
#4529=DIRECTION('',(1.38382499508121E-16,-1.,0.));
#4530=DIRECTION('',(1.,1.38382499508121E-16,0.));
#4531=DIRECTION('',(-1.38382499508121E-16,1.,0.));
#4532=DIRECTION('',(-1.,-1.38382499508121E-16,0.));
#4533=DIRECTION('',(1.38382499508121E-16,-1.,0.));
#4534=DIRECTION('',(1.,1.38382499508121E-16,0.));
#4535=DIRECTION('',(1.38382499508121E-16,-1.,0.));
#4536=DIRECTION('',(1.,1.38382499508121E-16,0.));
#4537=DIRECTION('',(-1.38382499508121E-16,1.,0.));
#4538=DIRECTION('',(-1.,-1.38382499508121E-16,0.));
#4539=DIRECTION('',(1.38382499508121E-16,-1.,0.));
#4540=DIRECTION('',(1.,1.38382499508121E-16,0.));
#4541=DIRECTION('',(1.38382499508121E-16,-1.,0.));
#4542=DIRECTION('',(1.,1.38382499508121E-16,0.));
#4543=DIRECTION('',(-1.38382499508121E-16,1.,0.));
#4544=DIRECTION('',(-1.,-1.38382499508121E-16,0.));
#4545=DIRECTION('',(1.38382499508121E-16,-1.,0.));
#4546=DIRECTION('',(1.,1.38382499508121E-16,0.));
#4547=DIRECTION('',(1.38382499508121E-16,-1.,0.));
#4548=DIRECTION('',(1.,1.38382499508121E-16,0.));
#4549=DIRECTION('',(-1.,0.,0.));
#4550=DIRECTION('',(0.,0.,1.));
#4551=DIRECTION('',(-1.,0.,0.));
#4552=DIRECTION('',(0.,0.,1.));
#4553=DIRECTION('',(-1.,0.,0.));
#4554=DIRECTION('',(0.,-1.,0.));
#4555=DIRECTION('',(-1.,0.,0.));
#4556=DIRECTION('',(0.,0.,1.));
#4557=DIRECTION('',(-1.,0.,0.));
#4558=DIRECTION('',(0.,0.,1.));
#4559=DIRECTION('',(-1.,0.,0.));
#4560=DIRECTION('',(0.,-1.,0.));
#4561=DIRECTION('',(-1.,0.,0.));
#4562=DIRECTION('',(0.,0.,1.));
#4563=DIRECTION('',(-1.,0.,0.));
#4564=DIRECTION('',(0.,0.,1.));
#4565=DIRECTION('',(-1.,0.,0.));
#4566=DIRECTION('',(0.,-1.,0.));
#4567=DIRECTION('',(-1.,0.,0.));
#4568=DIRECTION('',(0.,0.,1.));
#4569=DIRECTION('',(-1.,0.,0.));
#4570=DIRECTION('',(0.,0.,1.));
#4571=DIRECTION('',(-1.,0.,0.));
#4572=DIRECTION('',(0.,-1.,0.));
#4573=DIRECTION('',(-1.,0.,0.));
#4574=DIRECTION('',(0.,0.,1.));
#4575=DIRECTION('',(-1.,0.,0.));
#4576=DIRECTION('',(0.,0.,1.));
#4577=DIRECTION('',(-1.,0.,0.));
#4578=DIRECTION('',(0.,-1.,0.));
#4579=DIRECTION('',(-1.,0.,0.));
#4580=DIRECTION('',(0.,0.,1.));
#4581=DIRECTION('',(-1.,0.,0.));
#4582=DIRECTION('',(0.,0.,1.));
#4583=DIRECTION('',(-1.,0.,0.));
#4584=DIRECTION('',(0.,-1.,0.));
#4585=DIRECTION('',(-1.,0.,0.));
#4586=DIRECTION('',(0.,0.,1.));
#4587=DIRECTION('',(-1.,0.,0.));
#4588=DIRECTION('',(0.,0.,1.));
#4589=DIRECTION('',(-1.,0.,0.));
#4590=DIRECTION('',(0.,-1.,0.));
#4591=DIRECTION('',(1.38382499508121E-16,-1.,0.));
#4592=DIRECTION('',(1.,1.38382499508121E-16,0.));
#4593=DIRECTION('',(1.38382499508121E-16,-1.,0.));
#4594=DIRECTION('',(1.,1.38382499508121E-16,0.));
#4595=DIRECTION('',(1.38382499508121E-16,-1.,0.));
#4596=DIRECTION('',(1.,1.38382499508121E-16,0.));
#4597=DIRECTION('',(1.38382499508121E-16,-1.,0.));
#4598=DIRECTION('',(1.,1.38382499508121E-16,0.));
#4599=DIRECTION('',(1.38382499508121E-16,-1.,0.));
#4600=DIRECTION('',(1.,1.38382499508121E-16,0.));
#4601=DIRECTION('',(1.38382499508121E-16,-1.,0.));
#4602=DIRECTION('',(1.,1.38382499508121E-16,0.));
#4603=DIRECTION('',(1.38382499508121E-16,-1.,0.));
#4604=DIRECTION('',(1.,1.38382499508121E-16,0.));
#4605=DIRECTION('',(1.38382499508121E-16,-1.,0.));
#4606=DIRECTION('',(1.,1.38382499508121E-16,0.));
#4607=DIRECTION('',(1.38382499508121E-16,-1.,0.));
#4608=DIRECTION('',(1.,1.38382499508121E-16,0.));
#4609=DIRECTION('',(1.38382499508121E-16,-1.,0.));
#4610=DIRECTION('',(1.,1.38382499508121E-16,0.));
#4611=DIRECTION('',(1.38382499508121E-16,-1.,0.));
#4612=DIRECTION('',(1.,1.38382499508121E-16,0.));
#4613=DIRECTION('',(1.38382499508121E-16,-1.,0.));
#4614=DIRECTION('',(1.,1.38382499508121E-16,0.));
#4615=DIRECTION('',(1.38382499508121E-16,-1.,0.));
#4616=DIRECTION('',(1.,1.38382499508121E-16,0.));
#4617=DIRECTION('',(1.38382499508121E-16,-1.,0.));
#4618=DIRECTION('',(1.,1.38382499508121E-16,0.));
#4619=DIRECTION('',(1.38382499508121E-16,-1.,0.));
#4620=DIRECTION('',(1.,1.38382499508121E-16,0.));
#4621=DIRECTION('',(1.38382499508121E-16,-1.,0.));
#4622=DIRECTION('',(1.,1.38382499508121E-16,0.));
#4623=DIRECTION('',(1.,0.,0.));
#4624=DIRECTION('',(0.,0.,-1.));
#4625=DIRECTION('',(-1.,0.,0.));
#4626=DIRECTION('',(0.,0.,1.));
#4627=DIRECTION('',(-1.,0.,0.));
#4628=DIRECTION('',(0.,-1.,0.));
#4629=DIRECTION('',(1.,0.,0.));
#4630=DIRECTION('',(0.,0.,-1.));
#4631=DIRECTION('',(-1.,0.,0.));
#4632=DIRECTION('',(0.,0.,1.));
#4633=DIRECTION('',(-1.,0.,0.));
#4634=DIRECTION('',(0.,-1.,0.));
#4635=DIRECTION('',(1.,0.,0.));
#4636=DIRECTION('',(0.,0.,-1.));
#4637=DIRECTION('',(-1.,0.,0.));
#4638=DIRECTION('',(0.,0.,1.));
#4639=DIRECTION('',(-1.,0.,0.));
#4640=DIRECTION('',(0.,-1.,0.));
#4641=DIRECTION('',(1.,0.,0.));
#4642=DIRECTION('',(0.,0.,-1.));
#4643=DIRECTION('',(-1.,0.,0.));
#4644=DIRECTION('',(0.,0.,1.));
#4645=DIRECTION('',(-1.,0.,0.));
#4646=DIRECTION('',(0.,-1.,0.));
#4647=DIRECTION('',(1.,0.,0.));
#4648=DIRECTION('',(0.,0.,-1.));
#4649=DIRECTION('',(-1.,0.,0.));
#4650=DIRECTION('',(0.,0.,1.));
#4651=DIRECTION('',(-1.,0.,0.));
#4652=DIRECTION('',(0.,-1.,0.));
#4653=CARTESIAN_POINT('',(0.,0.,0.));
#4654=CARTESIAN_POINT('',(0.129625,0.053,0.00675));
#4655=CARTESIAN_POINT('',(0.1525,0.053,0.003375));
#4656=CARTESIAN_POINT('',(0.155125,0.053,0.003375));
#4657=CARTESIAN_POINT('',(0.13725,0.053,0.003375));
#4658=CARTESIAN_POINT('',(0.139875,0.053,0.003375));
#4659=CARTESIAN_POINT('',(0.122,0.053,0.003375));
#4660=CARTESIAN_POINT('',(0.124625,0.053,0.003375));
#4661=CARTESIAN_POINT('',(0.0915,0.053,0.003375));
#4662=CARTESIAN_POINT('',(0.094125,0.053,0.003375));
#4663=CARTESIAN_POINT('',(0.10675,0.053,0.003375));
#4664=CARTESIAN_POINT('',(0.109375,0.053,0.003375));
#4665=CARTESIAN_POINT('',(0.129625,0.053,0.));
#4666=CARTESIAN_POINT('',(0.08375,0.053,0.));
#4667=CARTESIAN_POINT('',(0.1755,0.053,0.));
#4668=CARTESIAN_POINT('',(0.08375,0.053,0.00675));
#4669=CARTESIAN_POINT('',(0.08375,0.053,0.00675));
#4670=CARTESIAN_POINT('',(0.129625,0.053,0.00675));
#4671=CARTESIAN_POINT('',(0.1755,0.053,0.00675));
#4672=CARTESIAN_POINT('',(0.1755,0.053,0.00675));
#4673=CARTESIAN_POINT('',(0.08375,1.38777878078145E-17,0.00675));
#4674=CARTESIAN_POINT('',(0.08375,0.0335,0.003375));
#4675=CARTESIAN_POINT('',(0.08375,0.0335,0.006));
#4676=CARTESIAN_POINT('',(0.08375,0.01675,0.003375));
#4677=CARTESIAN_POINT('',(0.08375,0.01675,0.006));
#4678=CARTESIAN_POINT('',(0.08375,3.36650387599323E-18,0.003375));
#4679=CARTESIAN_POINT('',(0.08375,3.36650387599323E-18,0.006));
#4680=CARTESIAN_POINT('',(0.08375,-0.01675,0.003375));
#4681=CARTESIAN_POINT('',(0.08375,-0.01675,0.006));
#4682=CARTESIAN_POINT('',(0.08375,-0.0335,0.003375));
#4683=CARTESIAN_POINT('',(0.08375,-0.0335,0.006));
#4684=CARTESIAN_POINT('',(0.08375,1.38777878078145E-17,0.));
#4685=CARTESIAN_POINT('',(0.08375,-0.053,0.));
#4686=CARTESIAN_POINT('',(0.08375,-0.053,0.00675));
#4687=CARTESIAN_POINT('',(0.08375,-0.053,0.00675));
#4688=CARTESIAN_POINT('',(0.08375,1.38777878078145E-17,0.00675));
#4689=CARTESIAN_POINT('',(0.129625,-0.053,0.00675));
#4690=CARTESIAN_POINT('',(0.0915,-0.053,0.003375));
#4691=CARTESIAN_POINT('',(0.094125,-0.053,0.003375));
#4692=CARTESIAN_POINT('',(0.10675,-0.053,0.003375));
#4693=CARTESIAN_POINT('',(0.109375,-0.053,0.003375));
#4694=CARTESIAN_POINT('',(0.122,-0.053,0.003375));
#4695=CARTESIAN_POINT('',(0.124625,-0.053,0.003375));
#4696=CARTESIAN_POINT('',(0.13725,-0.053,0.003375));
#4697=CARTESIAN_POINT('',(0.139875,-0.053,0.003375));
#4698=CARTESIAN_POINT('',(0.1525,-0.053,0.003375));
#4699=CARTESIAN_POINT('',(0.155125,-0.053,0.003375));
#4700=CARTESIAN_POINT('',(0.129625,-0.053,0.));
#4701=CARTESIAN_POINT('',(0.1755,-0.053,0.));
#4702=CARTESIAN_POINT('',(0.1755,-0.053,0.00675));
#4703=CARTESIAN_POINT('',(0.1755,-0.053,0.00675));
#4704=CARTESIAN_POINT('',(0.129625,-0.053,0.00675));
#4705=CARTESIAN_POINT('',(0.1755,-6.93889390390723E-18,0.00675));
#4706=CARTESIAN_POINT('',(0.1755,-0.0485,0.003375));
#4707=CARTESIAN_POINT('',(0.1755,-0.0485,0.006));
#4708=CARTESIAN_POINT('',(0.1755,-0.0335,0.003375));
#4709=CARTESIAN_POINT('',(0.1755,-0.0335,0.006));
#4710=CARTESIAN_POINT('',(0.1755,-0.01675,0.003375));
#4711=CARTESIAN_POINT('',(0.1755,-0.01675,0.006));
#4712=CARTESIAN_POINT('',(0.1755,-2.75948407232408E-17,0.003375));
#4713=CARTESIAN_POINT('',(0.1755,-2.75948407232408E-17,0.006));
#4714=CARTESIAN_POINT('',(0.1755,0.01675,0.003375));
#4715=CARTESIAN_POINT('',(0.1755,0.01675,0.006));
#4716=CARTESIAN_POINT('',(0.1755,0.0335,0.003375));
#4717=CARTESIAN_POINT('',(0.1755,0.0335,0.006));
#4718=CARTESIAN_POINT('',(0.1755,0.0485,0.003375));
#4719=CARTESIAN_POINT('',(0.1755,0.0485,0.006));
#4720=CARTESIAN_POINT('',(0.1755,-6.93889390390723E-18,0.));
#4721=CARTESIAN_POINT('',(0.1755,-6.93889390390723E-18,0.00675));
#4722=CARTESIAN_POINT('',(0.,1.38777878078145E-17,0.00675));
#4723=CARTESIAN_POINT('',(0.167625,0.047625,0.00675));
#4724=CARTESIAN_POINT('',(0.169925,0.047625,0.00675));
#4725=CARTESIAN_POINT('',(0.167625,0.049925,0.00675));
#4726=CARTESIAN_POINT('',(0.169925,1.38777878078145E-17,0.00675));
#4727=CARTESIAN_POINT('',(0.169925,0.036125,0.00675));
#4728=CARTESIAN_POINT('',(0.167625,0.036125,0.00675));
#4729=CARTESIAN_POINT('',(0.167625,0.033825,0.00675));
#4730=CARTESIAN_POINT('',(0.,0.033825,0.00675));
#4731=CARTESIAN_POINT('',(0.089125,0.033825,0.00675));
#4732=CARTESIAN_POINT('',(0.089125,0.036125,0.00675));
#4733=CARTESIAN_POINT('',(0.086825,0.036125,0.00675));
#4734=CARTESIAN_POINT('',(0.086825,1.38777878078145E-17,0.00675));
#4735=CARTESIAN_POINT('',(0.086825,0.047625,0.00675));
#4736=CARTESIAN_POINT('',(0.089125,0.047625,0.00675));
#4737=CARTESIAN_POINT('',(0.089125,0.049925,0.00675));
#4738=CARTESIAN_POINT('',(0.,0.049925,0.00675));
#4739=CARTESIAN_POINT('',(0.139375,-0.025625,0.00675));
#4740=CARTESIAN_POINT('',(0.141675,-0.025625,0.00675));
#4741=CARTESIAN_POINT('',(0.139375,-0.023325,0.00675));
#4742=CARTESIAN_POINT('',(0.141675,1.38777878078145E-17,0.00675));
#4743=CARTESIAN_POINT('',(0.141675,-0.047625,0.00675));
#4744=CARTESIAN_POINT('',(0.139375,-0.047625,0.00675));
#4745=CARTESIAN_POINT('',(0.139375,-0.049925,0.00675));
#4746=CARTESIAN_POINT('',(0.,-0.049925,0.00675));
#4747=CARTESIAN_POINT('',(0.117375,-0.049925,0.00675));
#4748=CARTESIAN_POINT('',(0.117375,-0.047625,0.00675));
#4749=CARTESIAN_POINT('',(0.115075,-0.047625,0.00675));
#4750=CARTESIAN_POINT('',(0.115075,1.38777878078145E-17,0.00675));
#4751=CARTESIAN_POINT('',(0.115075,-0.025625,0.00675));
#4752=CARTESIAN_POINT('',(0.117375,-0.025625,0.00675));
#4753=CARTESIAN_POINT('',(0.117375,-0.023325,0.00675));
#4754=CARTESIAN_POINT('',(0.,-0.023325,0.00675));
#4755=CARTESIAN_POINT('',(0.166625,-0.025625,0.00675));
#4756=CARTESIAN_POINT('',(0.168925,-0.025625,0.00675));
#4757=CARTESIAN_POINT('',(0.166625,-0.023325,0.00675));
#4758=CARTESIAN_POINT('',(0.168925,1.38777878078145E-17,0.00675));
#4759=CARTESIAN_POINT('',(0.168925,-0.047625,0.00675));
#4760=CARTESIAN_POINT('',(0.166625,-0.047625,0.00675));
#4761=CARTESIAN_POINT('',(0.166625,-0.049925,0.00675));
#4762=CARTESIAN_POINT('',(0.,-0.049925,0.00675));
#4763=CARTESIAN_POINT('',(0.144625,-0.049925,0.00675));
#4764=CARTESIAN_POINT('',(0.144625,-0.047625,0.00675));
#4765=CARTESIAN_POINT('',(0.142325,-0.047625,0.00675));
#4766=CARTESIAN_POINT('',(0.142325,1.38777878078145E-17,0.00675));
#4767=CARTESIAN_POINT('',(0.142325,-0.025625,0.00675));
#4768=CARTESIAN_POINT('',(0.144625,-0.025625,0.00675));
#4769=CARTESIAN_POINT('',(0.144625,-0.023325,0.00675));
#4770=CARTESIAN_POINT('',(0.,-0.023325,0.00675));
#4771=CARTESIAN_POINT('',(0.139375,0.00187499999999997,0.00675));
#4772=CARTESIAN_POINT('',(0.141675,0.00187499999999997,0.00675));
#4773=CARTESIAN_POINT('',(0.139375,0.004175,0.00675));
#4774=CARTESIAN_POINT('',(0.141675,1.38777878078145E-17,0.00675));
#4775=CARTESIAN_POINT('',(0.141675,-0.020125,0.00675));
#4776=CARTESIAN_POINT('',(0.139375,-0.020125,0.00675));
#4777=CARTESIAN_POINT('',(0.139375,-0.022425,0.00675));
#4778=CARTESIAN_POINT('',(0.,-0.022425,0.00675));
#4779=CARTESIAN_POINT('',(0.117375,-0.022425,0.00675));
#4780=CARTESIAN_POINT('',(0.117375,-0.020125,0.00675));
#4781=CARTESIAN_POINT('',(0.115075,-0.020125,0.00675));
#4782=CARTESIAN_POINT('',(0.115075,1.38777878078145E-17,0.00675));
#4783=CARTESIAN_POINT('',(0.115075,0.00187499999999997,0.00675));
#4784=CARTESIAN_POINT('',(0.117375,0.00187499999999997,0.00675));
#4785=CARTESIAN_POINT('',(0.117375,0.004175,0.00675));
#4786=CARTESIAN_POINT('',(0.,0.004175,0.00675));
#4787=CARTESIAN_POINT('',(0.166625,0.00187499999999997,0.00675));
#4788=CARTESIAN_POINT('',(0.168925,0.00187499999999997,0.00675));
#4789=CARTESIAN_POINT('',(0.166625,0.004175,0.00675));
#4790=CARTESIAN_POINT('',(0.168925,1.38777878078145E-17,0.00675));
#4791=CARTESIAN_POINT('',(0.168925,-0.020125,0.00675));
#4792=CARTESIAN_POINT('',(0.166625,-0.020125,0.00675));
#4793=CARTESIAN_POINT('',(0.166625,-0.022425,0.00675));
#4794=CARTESIAN_POINT('',(0.,-0.022425,0.00675));
#4795=CARTESIAN_POINT('',(0.144625,-0.022425,0.00675));
#4796=CARTESIAN_POINT('',(0.144625,-0.020125,0.00675));
#4797=CARTESIAN_POINT('',(0.142325,-0.020125,0.00675));
#4798=CARTESIAN_POINT('',(0.142325,1.38777878078145E-17,0.00675));
#4799=CARTESIAN_POINT('',(0.142325,0.00187499999999997,0.00675));
#4800=CARTESIAN_POINT('',(0.144625,0.00187499999999997,0.00675));
#4801=CARTESIAN_POINT('',(0.144625,0.004175,0.00675));
#4802=CARTESIAN_POINT('',(0.,0.004175,0.00675));
#4803=CARTESIAN_POINT('',(0.090125,0.029375,0.00675));
#4804=CARTESIAN_POINT('',(0.090125,0.031675,0.00675));
#4805=CARTESIAN_POINT('',(0.087825,0.029375,0.00675));
#4806=CARTESIAN_POINT('',(0.,0.031675,0.00675));
#4807=CARTESIAN_POINT('',(0.112125,0.031675,0.00675));
#4808=CARTESIAN_POINT('',(0.112125,0.029375,0.00675));
#4809=CARTESIAN_POINT('',(0.114425,0.029375,0.00675));
#4810=CARTESIAN_POINT('',(0.114425,1.38777878078145E-17,0.00675));
#4811=CARTESIAN_POINT('',(0.114425,0.007375,0.00675));
#4812=CARTESIAN_POINT('',(0.112125,0.007375,0.00675));
#4813=CARTESIAN_POINT('',(0.112125,0.005075,0.00675));
#4814=CARTESIAN_POINT('',(0.,0.005075,0.00675));
#4815=CARTESIAN_POINT('',(0.090125,0.005075,0.00675));
#4816=CARTESIAN_POINT('',(0.090125,0.007375,0.00675));
#4817=CARTESIAN_POINT('',(0.087825,0.007375,0.00675));
#4818=CARTESIAN_POINT('',(0.087825,1.38777878078145E-17,0.00675));
#4819=CARTESIAN_POINT('',(0.144625,0.029375,0.00675));
#4820=CARTESIAN_POINT('',(0.144625,0.031675,0.00675));
#4821=CARTESIAN_POINT('',(0.142325,0.029375,0.00675));
#4822=CARTESIAN_POINT('',(0.,0.031675,0.00675));
#4823=CARTESIAN_POINT('',(0.166625,0.031675,0.00675));
#4824=CARTESIAN_POINT('',(0.166625,0.029375,0.00675));
#4825=CARTESIAN_POINT('',(0.168925,0.029375,0.00675));
#4826=CARTESIAN_POINT('',(0.168925,1.38777878078145E-17,0.00675));
#4827=CARTESIAN_POINT('',(0.168925,0.007375,0.00675));
#4828=CARTESIAN_POINT('',(0.166625,0.007375,0.00675));
#4829=CARTESIAN_POINT('',(0.166625,0.005075,0.00675));
#4830=CARTESIAN_POINT('',(0.,0.005075,0.00675));
#4831=CARTESIAN_POINT('',(0.144625,0.005075,0.00675));
#4832=CARTESIAN_POINT('',(0.144625,0.007375,0.00675));
#4833=CARTESIAN_POINT('',(0.142325,0.007375,0.00675));
#4834=CARTESIAN_POINT('',(0.142325,1.38777878078145E-17,0.00675));
#4835=CARTESIAN_POINT('',(0.117375,0.029375,0.00675));
#4836=CARTESIAN_POINT('',(0.117375,0.031675,0.00675));
#4837=CARTESIAN_POINT('',(0.115075,0.029375,0.00675));
#4838=CARTESIAN_POINT('',(0.,0.031675,0.00675));
#4839=CARTESIAN_POINT('',(0.139375,0.031675,0.00675));
#4840=CARTESIAN_POINT('',(0.139375,0.029375,0.00675));
#4841=CARTESIAN_POINT('',(0.141675,0.029375,0.00675));
#4842=CARTESIAN_POINT('',(0.141675,1.38777878078145E-17,0.00675));
#4843=CARTESIAN_POINT('',(0.141675,0.007375,0.00675));
#4844=CARTESIAN_POINT('',(0.139375,0.007375,0.00675));
#4845=CARTESIAN_POINT('',(0.139375,0.005075,0.00675));
#4846=CARTESIAN_POINT('',(0.,0.005075,0.00675));
#4847=CARTESIAN_POINT('',(0.117375,0.005075,0.00675));
#4848=CARTESIAN_POINT('',(0.117375,0.007375,0.00675));
#4849=CARTESIAN_POINT('',(0.115075,0.007375,0.00675));
#4850=CARTESIAN_POINT('',(0.115075,1.38777878078145E-17,0.00675));
#4851=CARTESIAN_POINT('',(0.112125,0.00187499999999997,0.00675));
#4852=CARTESIAN_POINT('',(0.114425,0.00187499999999997,0.00675));
#4853=CARTESIAN_POINT('',(0.112125,0.004175,0.00675));
#4854=CARTESIAN_POINT('',(0.114425,1.38777878078145E-17,0.00675));
#4855=CARTESIAN_POINT('',(0.114425,-0.020125,0.00675));
#4856=CARTESIAN_POINT('',(0.112125,-0.020125,0.00675));
#4857=CARTESIAN_POINT('',(0.112125,-0.022425,0.00675));
#4858=CARTESIAN_POINT('',(0.,-0.022425,0.00675));
#4859=CARTESIAN_POINT('',(0.090125,-0.022425,0.00675));
#4860=CARTESIAN_POINT('',(0.090125,-0.020125,0.00675));
#4861=CARTESIAN_POINT('',(0.087825,-0.020125,0.00675));
#4862=CARTESIAN_POINT('',(0.087825,1.38777878078145E-17,0.00675));
#4863=CARTESIAN_POINT('',(0.087825,0.00187499999999997,0.00675));
#4864=CARTESIAN_POINT('',(0.090125,0.00187499999999997,0.00675));
#4865=CARTESIAN_POINT('',(0.090125,0.004175,0.00675));
#4866=CARTESIAN_POINT('',(0.,0.004175,0.00675));
#4867=CARTESIAN_POINT('',(0.112125,-0.025625,0.00675));
#4868=CARTESIAN_POINT('',(0.114425,-0.025625,0.00675));
#4869=CARTESIAN_POINT('',(0.112125,-0.023325,0.00675));
#4870=CARTESIAN_POINT('',(0.114425,1.38777878078145E-17,0.00675));
#4871=CARTESIAN_POINT('',(0.114425,-0.047625,0.00675));
#4872=CARTESIAN_POINT('',(0.112125,-0.047625,0.00675));
#4873=CARTESIAN_POINT('',(0.112125,-0.049925,0.00675));
#4874=CARTESIAN_POINT('',(0.,-0.049925,0.00675));
#4875=CARTESIAN_POINT('',(0.090125,-0.049925,0.00675));
#4876=CARTESIAN_POINT('',(0.090125,-0.047625,0.00675));
#4877=CARTESIAN_POINT('',(0.087825,-0.047625,0.00675));
#4878=CARTESIAN_POINT('',(0.087825,1.38777878078145E-17,0.00675));
#4879=CARTESIAN_POINT('',(0.087825,-0.025625,0.00675));
#4880=CARTESIAN_POINT('',(0.090125,-0.025625,0.00675));
#4881=CARTESIAN_POINT('',(0.090125,-0.023325,0.00675));
#4882=CARTESIAN_POINT('',(0.,-0.023325,0.00675));
#4883=CARTESIAN_POINT('',(0.,1.38777878078145E-17,0.));
#4884=CARTESIAN_POINT('',(0.169925,1.38777878078145E-17,0.));
#4885=CARTESIAN_POINT('',(0.169925,0.036125,0.));
#4886=CARTESIAN_POINT('',(0.169925,0.047625,0.));
#4887=CARTESIAN_POINT('',(0.167625,0.047625,0.));
#4888=CARTESIAN_POINT('',(0.167625,0.049925,0.));
#4889=CARTESIAN_POINT('',(0.,0.049925,0.));
#4890=CARTESIAN_POINT('',(0.089125,0.049925,0.));
#4891=CARTESIAN_POINT('',(0.089125,0.047625,0.));
#4892=CARTESIAN_POINT('',(0.086825,0.047625,0.));
#4893=CARTESIAN_POINT('',(0.086825,1.38777878078145E-17,0.));
#4894=CARTESIAN_POINT('',(0.086825,0.036125,0.));
#4895=CARTESIAN_POINT('',(0.089125,0.036125,0.));
#4896=CARTESIAN_POINT('',(0.089125,0.033825,0.));
#4897=CARTESIAN_POINT('',(0.,0.033825,0.));
#4898=CARTESIAN_POINT('',(0.167625,0.033825,0.));
#4899=CARTESIAN_POINT('',(0.167625,0.036125,0.));
#4900=CARTESIAN_POINT('',(0.141675,1.38777878078145E-17,0.));
#4901=CARTESIAN_POINT('',(0.141675,-0.025625,0.));
#4902=CARTESIAN_POINT('',(0.141675,-0.047625,0.));
#4903=CARTESIAN_POINT('',(0.139375,-0.025625,0.));
#4904=CARTESIAN_POINT('',(0.139375,-0.023325,0.));
#4905=CARTESIAN_POINT('',(0.,-0.023325,0.));
#4906=CARTESIAN_POINT('',(0.117375,-0.023325,0.));
#4907=CARTESIAN_POINT('',(0.117375,-0.025625,0.));
#4908=CARTESIAN_POINT('',(0.115075,-0.025625,0.));
#4909=CARTESIAN_POINT('',(0.115075,1.38777878078145E-17,0.));
#4910=CARTESIAN_POINT('',(0.115075,-0.047625,0.));
#4911=CARTESIAN_POINT('',(0.117375,-0.047625,0.));
#4912=CARTESIAN_POINT('',(0.117375,-0.049925,0.));
#4913=CARTESIAN_POINT('',(0.,-0.049925,0.));
#4914=CARTESIAN_POINT('',(0.139375,-0.049925,0.));
#4915=CARTESIAN_POINT('',(0.139375,-0.047625,0.));
#4916=CARTESIAN_POINT('',(0.168925,1.38777878078145E-17,0.));
#4917=CARTESIAN_POINT('',(0.168925,-0.047625,0.));
#4918=CARTESIAN_POINT('',(0.168925,-0.025625,0.));
#4919=CARTESIAN_POINT('',(0.166625,-0.025625,0.));
#4920=CARTESIAN_POINT('',(0.166625,-0.023325,0.));
#4921=CARTESIAN_POINT('',(0.,-0.023325,0.));
#4922=CARTESIAN_POINT('',(0.144625,-0.023325,0.));
#4923=CARTESIAN_POINT('',(0.144625,-0.025625,0.));
#4924=CARTESIAN_POINT('',(0.142325,-0.025625,0.));
#4925=CARTESIAN_POINT('',(0.142325,1.38777878078145E-17,0.));
#4926=CARTESIAN_POINT('',(0.142325,-0.047625,0.));
#4927=CARTESIAN_POINT('',(0.144625,-0.047625,0.));
#4928=CARTESIAN_POINT('',(0.144625,-0.049925,0.));
#4929=CARTESIAN_POINT('',(0.,-0.049925,0.));
#4930=CARTESIAN_POINT('',(0.166625,-0.049925,0.));
#4931=CARTESIAN_POINT('',(0.166625,-0.047625,0.));
#4932=CARTESIAN_POINT('',(0.141675,1.38777878078145E-17,0.));
#4933=CARTESIAN_POINT('',(0.141675,0.00187499999999997,0.));
#4934=CARTESIAN_POINT('',(0.141675,-0.020125,0.));
#4935=CARTESIAN_POINT('',(0.139375,0.00187499999999997,0.));
#4936=CARTESIAN_POINT('',(0.139375,0.004175,0.));
#4937=CARTESIAN_POINT('',(0.,0.004175,0.));
#4938=CARTESIAN_POINT('',(0.117375,0.004175,0.));
#4939=CARTESIAN_POINT('',(0.117375,0.00187499999999997,0.));
#4940=CARTESIAN_POINT('',(0.115075,0.00187499999999997,0.));
#4941=CARTESIAN_POINT('',(0.115075,1.38777878078145E-17,0.));
#4942=CARTESIAN_POINT('',(0.115075,-0.020125,0.));
#4943=CARTESIAN_POINT('',(0.117375,-0.020125,0.));
#4944=CARTESIAN_POINT('',(0.117375,-0.022425,0.));
#4945=CARTESIAN_POINT('',(0.,-0.022425,0.));
#4946=CARTESIAN_POINT('',(0.139375,-0.022425,0.));
#4947=CARTESIAN_POINT('',(0.139375,-0.020125,0.));
#4948=CARTESIAN_POINT('',(0.168925,1.38777878078145E-17,0.));
#4949=CARTESIAN_POINT('',(0.168925,-0.020125,0.));
#4950=CARTESIAN_POINT('',(0.168925,0.00187499999999997,0.));
#4951=CARTESIAN_POINT('',(0.166625,0.00187499999999997,0.));
#4952=CARTESIAN_POINT('',(0.166625,0.004175,0.));
#4953=CARTESIAN_POINT('',(0.,0.004175,0.));
#4954=CARTESIAN_POINT('',(0.144625,0.004175,0.));
#4955=CARTESIAN_POINT('',(0.144625,0.00187499999999997,0.));
#4956=CARTESIAN_POINT('',(0.142325,0.00187499999999997,0.));
#4957=CARTESIAN_POINT('',(0.142325,1.38777878078145E-17,0.));
#4958=CARTESIAN_POINT('',(0.142325,-0.020125,0.));
#4959=CARTESIAN_POINT('',(0.144625,-0.020125,0.));
#4960=CARTESIAN_POINT('',(0.144625,-0.022425,0.));
#4961=CARTESIAN_POINT('',(0.,-0.022425,0.));
#4962=CARTESIAN_POINT('',(0.166625,-0.022425,0.));
#4963=CARTESIAN_POINT('',(0.166625,-0.020125,0.));
#4964=CARTESIAN_POINT('',(0.,0.031675,0.));
#4965=CARTESIAN_POINT('',(0.090125,0.031675,0.));
#4966=CARTESIAN_POINT('',(0.112125,0.031675,0.));
#4967=CARTESIAN_POINT('',(0.090125,0.029375,0.));
#4968=CARTESIAN_POINT('',(0.087825,0.029375,0.));
#4969=CARTESIAN_POINT('',(0.087825,1.38777878078145E-17,0.));
#4970=CARTESIAN_POINT('',(0.087825,0.007375,0.));
#4971=CARTESIAN_POINT('',(0.090125,0.007375,0.));
#4972=CARTESIAN_POINT('',(0.090125,0.005075,0.));
#4973=CARTESIAN_POINT('',(0.,0.005075,0.));
#4974=CARTESIAN_POINT('',(0.112125,0.005075,0.));
#4975=CARTESIAN_POINT('',(0.112125,0.007375,0.));
#4976=CARTESIAN_POINT('',(0.114425,0.007375,0.));
#4977=CARTESIAN_POINT('',(0.114425,1.38777878078145E-17,0.));
#4978=CARTESIAN_POINT('',(0.114425,0.029375,0.));
#4979=CARTESIAN_POINT('',(0.112125,0.029375,0.));
#4980=CARTESIAN_POINT('',(0.,0.031675,0.));
#4981=CARTESIAN_POINT('',(0.166625,0.031675,0.));
#4982=CARTESIAN_POINT('',(0.144625,0.031675,0.));
#4983=CARTESIAN_POINT('',(0.144625,0.029375,0.));
#4984=CARTESIAN_POINT('',(0.142325,0.029375,0.));
#4985=CARTESIAN_POINT('',(0.142325,1.38777878078145E-17,0.));
#4986=CARTESIAN_POINT('',(0.142325,0.007375,0.));
#4987=CARTESIAN_POINT('',(0.144625,0.007375,0.));
#4988=CARTESIAN_POINT('',(0.144625,0.005075,0.));
#4989=CARTESIAN_POINT('',(0.,0.005075,0.));
#4990=CARTESIAN_POINT('',(0.166625,0.005075,0.));
#4991=CARTESIAN_POINT('',(0.166625,0.007375,0.));
#4992=CARTESIAN_POINT('',(0.168925,0.007375,0.));
#4993=CARTESIAN_POINT('',(0.168925,1.38777878078145E-17,0.));
#4994=CARTESIAN_POINT('',(0.168925,0.029375,0.));
#4995=CARTESIAN_POINT('',(0.166625,0.029375,0.));
#4996=CARTESIAN_POINT('',(0.,0.031675,0.));
#4997=CARTESIAN_POINT('',(0.139375,0.031675,0.));
#4998=CARTESIAN_POINT('',(0.117375,0.031675,0.));
#4999=CARTESIAN_POINT('',(0.117375,0.029375,0.));
#5000=CARTESIAN_POINT('',(0.115075,0.029375,0.));
#5001=CARTESIAN_POINT('',(0.115075,1.38777878078145E-17,0.));
#5002=CARTESIAN_POINT('',(0.115075,0.007375,0.));
#5003=CARTESIAN_POINT('',(0.117375,0.007375,0.));
#5004=CARTESIAN_POINT('',(0.117375,0.005075,0.));
#5005=CARTESIAN_POINT('',(0.,0.005075,0.));
#5006=CARTESIAN_POINT('',(0.139375,0.005075,0.));
#5007=CARTESIAN_POINT('',(0.139375,0.007375,0.));
#5008=CARTESIAN_POINT('',(0.141675,0.007375,0.));
#5009=CARTESIAN_POINT('',(0.141675,1.38777878078145E-17,0.));
#5010=CARTESIAN_POINT('',(0.141675,0.029375,0.));
#5011=CARTESIAN_POINT('',(0.139375,0.029375,0.));
#5012=CARTESIAN_POINT('',(0.114425,1.38777878078145E-17,0.));
#5013=CARTESIAN_POINT('',(0.114425,-0.020125,0.));
#5014=CARTESIAN_POINT('',(0.114425,0.00187499999999997,0.));
#5015=CARTESIAN_POINT('',(0.112125,0.00187499999999997,0.));
#5016=CARTESIAN_POINT('',(0.112125,0.004175,0.));
#5017=CARTESIAN_POINT('',(0.,0.004175,0.));
#5018=CARTESIAN_POINT('',(0.090125,0.004175,0.));
#5019=CARTESIAN_POINT('',(0.090125,0.00187499999999997,0.));
#5020=CARTESIAN_POINT('',(0.087825,0.00187499999999997,0.));
#5021=CARTESIAN_POINT('',(0.087825,1.38777878078145E-17,0.));
#5022=CARTESIAN_POINT('',(0.087825,-0.020125,0.));
#5023=CARTESIAN_POINT('',(0.090125,-0.020125,0.));
#5024=CARTESIAN_POINT('',(0.090125,-0.022425,0.));
#5025=CARTESIAN_POINT('',(0.,-0.022425,0.));
#5026=CARTESIAN_POINT('',(0.112125,-0.022425,0.));
#5027=CARTESIAN_POINT('',(0.112125,-0.020125,0.));
#5028=CARTESIAN_POINT('',(0.114425,1.38777878078145E-17,0.));
#5029=CARTESIAN_POINT('',(0.114425,-0.047625,0.));
#5030=CARTESIAN_POINT('',(0.114425,-0.025625,0.));
#5031=CARTESIAN_POINT('',(0.112125,-0.025625,0.));
#5032=CARTESIAN_POINT('',(0.112125,-0.023325,0.));
#5033=CARTESIAN_POINT('',(0.,-0.023325,0.));
#5034=CARTESIAN_POINT('',(0.090125,-0.023325,0.));
#5035=CARTESIAN_POINT('',(0.090125,-0.025625,0.));
#5036=CARTESIAN_POINT('',(0.087825,-0.025625,0.));
#5037=CARTESIAN_POINT('',(0.087825,1.38777878078145E-17,0.));
#5038=CARTESIAN_POINT('',(0.087825,-0.047625,0.));
#5039=CARTESIAN_POINT('',(0.090125,-0.047625,0.));
#5040=CARTESIAN_POINT('',(0.090125,-0.049925,0.));
#5041=CARTESIAN_POINT('',(0.,-0.049925,0.));
#5042=CARTESIAN_POINT('',(0.112125,-0.049925,0.));
#5043=CARTESIAN_POINT('',(0.112125,-0.047625,0.));
#5044=CARTESIAN_POINT('',(0.101125,-0.023325,0.00975));
#5045=CARTESIAN_POINT('',(0.090125,-0.023325,0.00975));
#5046=CARTESIAN_POINT('',(0.112125,-0.023325,0.00975));
#5047=CARTESIAN_POINT('',(0.087825,-0.036625,0.00975));
#5048=CARTESIAN_POINT('',(0.087825,-0.031125,0.003375));
#5049=CARTESIAN_POINT('',(0.087825,-0.031125,0.00075));
#5050=CARTESIAN_POINT('',(0.087825,-0.042125,0.003375));
#5051=CARTESIAN_POINT('',(0.087825,-0.042125,0.00075));
#5052=CARTESIAN_POINT('',(0.087825,-0.047625,0.00975));
#5053=CARTESIAN_POINT('',(0.087825,-0.025625,0.00975));
#5054=CARTESIAN_POINT('',(0.101125,-0.049925,0.00975));
#5055=CARTESIAN_POINT('',(0.112125,-0.049925,0.00975));
#5056=CARTESIAN_POINT('',(0.090125,-0.049925,0.00975));
#5057=CARTESIAN_POINT('',(0.114425,-0.036625,0.00975));
#5058=CARTESIAN_POINT('',(0.114425,-0.031125,0.003375));
#5059=CARTESIAN_POINT('',(0.114425,-0.031125,0.00075));
#5060=CARTESIAN_POINT('',(0.114425,-0.042125,0.003375));
#5061=CARTESIAN_POINT('',(0.114425,-0.042125,0.00075));
#5062=CARTESIAN_POINT('',(0.114425,-0.025625,0.00975));
#5063=CARTESIAN_POINT('',(0.114425,-0.047625,0.00975));
#5064=CARTESIAN_POINT('',(0.090125,-0.025625,0.00975));
#5065=CARTESIAN_POINT('',(0.112125,-0.025625,0.00975));
#5066=CARTESIAN_POINT('',(0.112125,-0.047625,0.00975));
#5067=CARTESIAN_POINT('',(0.090125,-0.047625,0.00975));
#5068=CARTESIAN_POINT('',(0.114425,-0.009125,0.00975));
#5069=CARTESIAN_POINT('',(0.114425,-0.003625,0.003375));
#5070=CARTESIAN_POINT('',(0.114425,-0.003625,0.00075));
#5071=CARTESIAN_POINT('',(0.114425,-0.014625,0.003375));
#5072=CARTESIAN_POINT('',(0.114425,-0.014625,0.00075));
#5073=CARTESIAN_POINT('',(0.114425,0.00187499999999997,0.00975));
#5074=CARTESIAN_POINT('',(0.114425,-0.020125,0.00975));
#5075=CARTESIAN_POINT('',(0.101125,0.004175,0.00975));
#5076=CARTESIAN_POINT('',(0.090125,0.004175,0.00975));
#5077=CARTESIAN_POINT('',(0.112125,0.004175,0.00975));
#5078=CARTESIAN_POINT('',(0.087825,-0.009125,0.00975));
#5079=CARTESIAN_POINT('',(0.087825,-0.003625,0.003375));
#5080=CARTESIAN_POINT('',(0.087825,-0.003625,0.00075));
#5081=CARTESIAN_POINT('',(0.087825,-0.014625,0.003375));
#5082=CARTESIAN_POINT('',(0.087825,-0.014625,0.00075));
#5083=CARTESIAN_POINT('',(0.087825,-0.020125,0.00975));
#5084=CARTESIAN_POINT('',(0.087825,0.00187499999999997,0.00975));
#5085=CARTESIAN_POINT('',(0.101125,-0.022425,0.00975));
#5086=CARTESIAN_POINT('',(0.112125,-0.022425,0.00975));
#5087=CARTESIAN_POINT('',(0.090125,-0.022425,0.00975));
#5088=CARTESIAN_POINT('',(0.112125,0.00187499999999997,0.00975));
#5089=CARTESIAN_POINT('',(0.090125,0.00187499999999997,0.00975));
#5090=CARTESIAN_POINT('',(0.112125,-0.020125,0.00975));
#5091=CARTESIAN_POINT('',(0.090125,-0.020125,0.00975));
#5092=CARTESIAN_POINT('',(0.128375,0.005075,0.00975));
#5093=CARTESIAN_POINT('',(0.139375,0.005075,0.00975));
#5094=CARTESIAN_POINT('',(0.117375,0.005075,0.00975));
#5095=CARTESIAN_POINT('',(0.141675,0.018375,0.00975));
#5096=CARTESIAN_POINT('',(0.141675,0.023875,0.003375));
#5097=CARTESIAN_POINT('',(0.141675,0.023875,0.006));
#5098=CARTESIAN_POINT('',(0.141675,0.012875,0.003375));
#5099=CARTESIAN_POINT('',(0.141675,0.012875,0.006));
#5100=CARTESIAN_POINT('',(0.141675,0.029375,0.00975));
#5101=CARTESIAN_POINT('',(0.141675,0.007375,0.00975));
#5102=CARTESIAN_POINT('',(0.128375,0.031675,0.00975));
#5103=CARTESIAN_POINT('',(0.117375,0.031675,0.00975));
#5104=CARTESIAN_POINT('',(0.139375,0.031675,0.00975));
#5105=CARTESIAN_POINT('',(0.115075,0.018375,0.00975));
#5106=CARTESIAN_POINT('',(0.115075,0.023875,0.003375));
#5107=CARTESIAN_POINT('',(0.115075,0.023875,0.006));
#5108=CARTESIAN_POINT('',(0.115075,0.012875,0.003375));
#5109=CARTESIAN_POINT('',(0.115075,0.012875,0.006));
#5110=CARTESIAN_POINT('',(0.115075,0.007375,0.00975));
#5111=CARTESIAN_POINT('',(0.115075,0.029375,0.00975));
#5112=CARTESIAN_POINT('',(0.117375,0.029375,0.00975));
#5113=CARTESIAN_POINT('',(0.139375,0.029375,0.00975));
#5114=CARTESIAN_POINT('',(0.117375,0.007375,0.00975));
#5115=CARTESIAN_POINT('',(0.139375,0.007375,0.00975));
#5116=CARTESIAN_POINT('',(0.155625,0.031675,0.00975));
#5117=CARTESIAN_POINT('',(0.144625,0.031675,0.00975));
#5118=CARTESIAN_POINT('',(0.166625,0.031675,0.00975));
#5119=CARTESIAN_POINT('',(0.142325,0.018375,0.00975));
#5120=CARTESIAN_POINT('',(0.142325,0.023875,0.003375));
#5121=CARTESIAN_POINT('',(0.142325,0.023875,0.00075));
#5122=CARTESIAN_POINT('',(0.142325,0.012875,0.003375));
#5123=CARTESIAN_POINT('',(0.142325,0.012875,0.00075));
#5124=CARTESIAN_POINT('',(0.142325,0.007375,0.00975));
#5125=CARTESIAN_POINT('',(0.142325,0.029375,0.00975));
#5126=CARTESIAN_POINT('',(0.155625,0.005075,0.00975));
#5127=CARTESIAN_POINT('',(0.166625,0.005075,0.00975));
#5128=CARTESIAN_POINT('',(0.144625,0.005075,0.00975));
#5129=CARTESIAN_POINT('',(0.168925,0.018375,0.00975));
#5130=CARTESIAN_POINT('',(0.168925,0.023875,0.003375));
#5131=CARTESIAN_POINT('',(0.168925,0.023875,0.00075));
#5132=CARTESIAN_POINT('',(0.168925,0.012875,0.003375));
#5133=CARTESIAN_POINT('',(0.168925,0.012875,0.00075));
#5134=CARTESIAN_POINT('',(0.168925,0.029375,0.00975));
#5135=CARTESIAN_POINT('',(0.168925,0.007375,0.00975));
#5136=CARTESIAN_POINT('',(0.144625,0.029375,0.00975));
#5137=CARTESIAN_POINT('',(0.166625,0.029375,0.00975));
#5138=CARTESIAN_POINT('',(0.144625,0.007375,0.00975));
#5139=CARTESIAN_POINT('',(0.166625,0.007375,0.00975));
#5140=CARTESIAN_POINT('',(0.114425,0.018375,0.00975));
#5141=CARTESIAN_POINT('',(0.114425,0.023875,0.003375));
#5142=CARTESIAN_POINT('',(0.114425,0.023875,0.00075));
#5143=CARTESIAN_POINT('',(0.114425,0.012875,0.003375));
#5144=CARTESIAN_POINT('',(0.114425,0.012875,0.00075));
#5145=CARTESIAN_POINT('',(0.114425,0.029375,0.00975));
#5146=CARTESIAN_POINT('',(0.114425,0.007375,0.00975));
#5147=CARTESIAN_POINT('',(0.101125,0.031675,0.00975));
#5148=CARTESIAN_POINT('',(0.090125,0.031675,0.00975));
#5149=CARTESIAN_POINT('',(0.112125,0.031675,0.00975));
#5150=CARTESIAN_POINT('',(0.087825,0.018375,0.00975));
#5151=CARTESIAN_POINT('',(0.087825,0.023875,0.003375));
#5152=CARTESIAN_POINT('',(0.087825,0.023875,0.00075));
#5153=CARTESIAN_POINT('',(0.087825,0.012875,0.003375));
#5154=CARTESIAN_POINT('',(0.087825,0.012875,0.00075));
#5155=CARTESIAN_POINT('',(0.087825,0.007375,0.00975));
#5156=CARTESIAN_POINT('',(0.087825,0.029375,0.00975));
#5157=CARTESIAN_POINT('',(0.101125,0.005075,0.00975));
#5158=CARTESIAN_POINT('',(0.112125,0.005075,0.00975));
#5159=CARTESIAN_POINT('',(0.090125,0.005075,0.00975));
#5160=CARTESIAN_POINT('',(0.112125,0.029375,0.00975));
#5161=CARTESIAN_POINT('',(0.090125,0.029375,0.00975));
#5162=CARTESIAN_POINT('',(0.090125,0.007375,0.00975));
#5163=CARTESIAN_POINT('',(0.112125,0.007375,0.00975));
#5164=CARTESIAN_POINT('',(0.155625,0.004175,0.00975));
#5165=CARTESIAN_POINT('',(0.144625,0.004175,0.00975));
#5166=CARTESIAN_POINT('',(0.166625,0.004175,0.00975));
#5167=CARTESIAN_POINT('',(0.142325,-0.009125,0.00975));
#5168=CARTESIAN_POINT('',(0.142325,-0.003625,0.003375));
#5169=CARTESIAN_POINT('',(0.142325,-0.003625,0.00075));
#5170=CARTESIAN_POINT('',(0.142325,-0.014625,0.003375));
#5171=CARTESIAN_POINT('',(0.142325,-0.014625,0.00075));
#5172=CARTESIAN_POINT('',(0.142325,-0.020125,0.00975));
#5173=CARTESIAN_POINT('',(0.142325,0.00187499999999997,0.00975));
#5174=CARTESIAN_POINT('',(0.155625,-0.022425,0.00975));
#5175=CARTESIAN_POINT('',(0.166625,-0.022425,0.00975));
#5176=CARTESIAN_POINT('',(0.144625,-0.022425,0.00975));
#5177=CARTESIAN_POINT('',(0.168925,-0.009125,0.00975));
#5178=CARTESIAN_POINT('',(0.168925,-0.003625,0.003375));
#5179=CARTESIAN_POINT('',(0.168925,-0.003625,0.00075));
#5180=CARTESIAN_POINT('',(0.168925,-0.014625,0.003375));
#5181=CARTESIAN_POINT('',(0.168925,-0.014625,0.00075));
#5182=CARTESIAN_POINT('',(0.168925,0.00187499999999997,0.00975));
#5183=CARTESIAN_POINT('',(0.168925,-0.020125,0.00975));
#5184=CARTESIAN_POINT('',(0.144625,0.00187499999999997,0.00975));
#5185=CARTESIAN_POINT('',(0.166625,0.00187499999999997,0.00975));
#5186=CARTESIAN_POINT('',(0.166625,-0.020125,0.00975));
#5187=CARTESIAN_POINT('',(0.144625,-0.020125,0.00975));
#5188=CARTESIAN_POINT('',(0.128375,-0.022425,0.00975));
#5189=CARTESIAN_POINT('',(0.139375,-0.022425,0.00975));
#5190=CARTESIAN_POINT('',(0.117375,-0.022425,0.00975));
#5191=CARTESIAN_POINT('',(0.141675,-0.009125,0.00975));
#5192=CARTESIAN_POINT('',(0.141675,-0.003625,0.003375));
#5193=CARTESIAN_POINT('',(0.141675,-0.003625,0.006));
#5194=CARTESIAN_POINT('',(0.141675,-0.014625,0.003375));
#5195=CARTESIAN_POINT('',(0.141675,-0.014625,0.006));
#5196=CARTESIAN_POINT('',(0.141675,0.00187499999999997,0.00975));
#5197=CARTESIAN_POINT('',(0.141675,-0.020125,0.00975));
#5198=CARTESIAN_POINT('',(0.128375,0.004175,0.00975));
#5199=CARTESIAN_POINT('',(0.117375,0.004175,0.00975));
#5200=CARTESIAN_POINT('',(0.139375,0.004175,0.00975));
#5201=CARTESIAN_POINT('',(0.115075,-0.009125,0.00975));
#5202=CARTESIAN_POINT('',(0.115075,-0.003625,0.003375));
#5203=CARTESIAN_POINT('',(0.115075,-0.003625,0.006));
#5204=CARTESIAN_POINT('',(0.115075,-0.014625,0.003375));
#5205=CARTESIAN_POINT('',(0.115075,-0.014625,0.006));
#5206=CARTESIAN_POINT('',(0.115075,-0.020125,0.00975));
#5207=CARTESIAN_POINT('',(0.115075,0.00187499999999997,0.00975));
#5208=CARTESIAN_POINT('',(0.117375,0.00187499999999997,0.00975));
#5209=CARTESIAN_POINT('',(0.139375,0.00187499999999997,0.00975));
#5210=CARTESIAN_POINT('',(0.139375,-0.020125,0.00975));
#5211=CARTESIAN_POINT('',(0.117375,-0.020125,0.00975));
#5212=CARTESIAN_POINT('',(0.142325,-0.036625,0.00975));
#5213=CARTESIAN_POINT('',(0.142325,-0.031125,0.003375));
#5214=CARTESIAN_POINT('',(0.142325,-0.031125,0.00075));
#5215=CARTESIAN_POINT('',(0.142325,-0.042125,0.003375));
#5216=CARTESIAN_POINT('',(0.142325,-0.042125,0.00075));
#5217=CARTESIAN_POINT('',(0.142325,-0.047625,0.00975));
#5218=CARTESIAN_POINT('',(0.142325,-0.025625,0.00975));
#5219=CARTESIAN_POINT('',(0.155625,-0.049925,0.00975));
#5220=CARTESIAN_POINT('',(0.166625,-0.049925,0.00975));
#5221=CARTESIAN_POINT('',(0.144625,-0.049925,0.00975));
#5222=CARTESIAN_POINT('',(0.168925,-0.036625,0.00975));
#5223=CARTESIAN_POINT('',(0.168925,-0.031125,0.003375));
#5224=CARTESIAN_POINT('',(0.168925,-0.031125,0.00075));
#5225=CARTESIAN_POINT('',(0.168925,-0.042125,0.003375));
#5226=CARTESIAN_POINT('',(0.168925,-0.042125,0.00075));
#5227=CARTESIAN_POINT('',(0.168925,-0.025625,0.00975));
#5228=CARTESIAN_POINT('',(0.168925,-0.047625,0.00975));
#5229=CARTESIAN_POINT('',(0.155625,-0.023325,0.00975));
#5230=CARTESIAN_POINT('',(0.144625,-0.023325,0.00975));
#5231=CARTESIAN_POINT('',(0.166625,-0.023325,0.00975));
#5232=CARTESIAN_POINT('',(0.144625,-0.025625,0.00975));
#5233=CARTESIAN_POINT('',(0.166625,-0.025625,0.00975));
#5234=CARTESIAN_POINT('',(0.166625,-0.047625,0.00975));
#5235=CARTESIAN_POINT('',(0.144625,-0.047625,0.00975));
#5236=CARTESIAN_POINT('',(0.115075,-0.036625,0.00975));
#5237=CARTESIAN_POINT('',(0.115075,-0.031125,0.003375));
#5238=CARTESIAN_POINT('',(0.115075,-0.031125,0.006));
#5239=CARTESIAN_POINT('',(0.115075,-0.042125,0.003375));
#5240=CARTESIAN_POINT('',(0.115075,-0.042125,0.006));
#5241=CARTESIAN_POINT('',(0.115075,-0.047625,0.00975));
#5242=CARTESIAN_POINT('',(0.115075,-0.025625,0.00975));
#5243=CARTESIAN_POINT('',(0.128375,-0.049925,0.00975));
#5244=CARTESIAN_POINT('',(0.139375,-0.049925,0.00975));
#5245=CARTESIAN_POINT('',(0.117375,-0.049925,0.00975));
#5246=CARTESIAN_POINT('',(0.141675,-0.036625,0.00975));
#5247=CARTESIAN_POINT('',(0.141675,-0.031125,0.003375));
#5248=CARTESIAN_POINT('',(0.141675,-0.031125,0.006));
#5249=CARTESIAN_POINT('',(0.141675,-0.042125,0.003375));
#5250=CARTESIAN_POINT('',(0.141675,-0.042125,0.006));
#5251=CARTESIAN_POINT('',(0.141675,-0.025625,0.00975));
#5252=CARTESIAN_POINT('',(0.141675,-0.047625,0.00975));
#5253=CARTESIAN_POINT('',(0.128375,-0.023325,0.00975));
#5254=CARTESIAN_POINT('',(0.117375,-0.023325,0.00975));
#5255=CARTESIAN_POINT('',(0.139375,-0.023325,0.00975));
#5256=CARTESIAN_POINT('',(0.117375,-0.025625,0.00975));
#5257=CARTESIAN_POINT('',(0.139375,-0.025625,0.00975));
#5258=CARTESIAN_POINT('',(0.139375,-0.047625,0.00975));
#5259=CARTESIAN_POINT('',(0.117375,-0.047625,0.00975));
#5260=CARTESIAN_POINT('',(0.128375,0.049925,0.00975));
#5261=CARTESIAN_POINT('',(0.094875,0.049925,0.003375));
#5262=CARTESIAN_POINT('',(0.094875,0.049925,0.006));
#5263=CARTESIAN_POINT('',(0.104375,0.049925,0.003375));
#5264=CARTESIAN_POINT('',(0.104375,0.049925,0.006));
#5265=CARTESIAN_POINT('',(0.113875,0.049925,0.003375));
#5266=CARTESIAN_POINT('',(0.113875,0.049925,0.006));
#5267=CARTESIAN_POINT('',(0.123375,0.049925,0.003375));
#5268=CARTESIAN_POINT('',(0.123375,0.049925,0.006));
#5269=CARTESIAN_POINT('',(0.132875,0.049925,0.003375));
#5270=CARTESIAN_POINT('',(0.132875,0.049925,0.006));
#5271=CARTESIAN_POINT('',(0.142375,0.049925,0.003375));
#5272=CARTESIAN_POINT('',(0.142375,0.049925,0.006));
#5273=CARTESIAN_POINT('',(0.151875,0.049925,0.003375));
#5274=CARTESIAN_POINT('',(0.151875,0.049925,0.006));
#5275=CARTESIAN_POINT('',(0.161875,0.049925,0.003375));
#5276=CARTESIAN_POINT('',(0.161875,0.049925,0.006));
#5277=CARTESIAN_POINT('',(0.089125,0.049925,0.00975));
#5278=CARTESIAN_POINT('',(0.167625,0.049925,0.00975));
#5279=CARTESIAN_POINT('',(0.086825,0.041875,0.00975));
#5280=CARTESIAN_POINT('',(0.086825,0.036125,0.00975));
#5281=CARTESIAN_POINT('',(0.086825,0.047625,0.00975));
#5282=CARTESIAN_POINT('',(0.128375,0.033825,0.00975));
#5283=CARTESIAN_POINT('',(0.094875,0.033825,0.003375));
#5284=CARTESIAN_POINT('',(0.094875,0.033825,0.006));
#5285=CARTESIAN_POINT('',(0.104375,0.033825,0.003375));
#5286=CARTESIAN_POINT('',(0.104375,0.033825,0.006));
#5287=CARTESIAN_POINT('',(0.113875,0.033825,0.003375));
#5288=CARTESIAN_POINT('',(0.113875,0.033825,0.006));
#5289=CARTESIAN_POINT('',(0.123375,0.033825,0.003375));
#5290=CARTESIAN_POINT('',(0.123375,0.033825,0.006));
#5291=CARTESIAN_POINT('',(0.132875,0.033825,0.003375));
#5292=CARTESIAN_POINT('',(0.132875,0.033825,0.006));
#5293=CARTESIAN_POINT('',(0.142375,0.033825,0.003375));
#5294=CARTESIAN_POINT('',(0.142375,0.033825,0.006));
#5295=CARTESIAN_POINT('',(0.151875,0.033825,0.003375));
#5296=CARTESIAN_POINT('',(0.151875,0.033825,0.006));
#5297=CARTESIAN_POINT('',(0.161875,0.033825,0.003375));
#5298=CARTESIAN_POINT('',(0.161875,0.033825,0.006));
#5299=CARTESIAN_POINT('',(0.167625,0.033825,0.00975));
#5300=CARTESIAN_POINT('',(0.089125,0.033825,0.00975));
#5301=CARTESIAN_POINT('',(0.169925,0.041875,0.00975));
#5302=CARTESIAN_POINT('',(0.169925,0.047625,0.00975));
#5303=CARTESIAN_POINT('',(0.169925,0.036125,0.00975));
#5304=CARTESIAN_POINT('',(0.167625,0.047625,0.00975));
#5305=CARTESIAN_POINT('',(0.167625,0.036125,0.00975));
#5306=CARTESIAN_POINT('',(0.089125,0.047625,0.00975));
#5307=CARTESIAN_POINT('',(0.089125,0.036125,0.00975));
#5308=CARTESIAN_POINT('',(0.170525,-0.042125,0.003375));
#5309=CARTESIAN_POINT('',(0.170525,-0.031125,0.003375));
#5310=CARTESIAN_POINT('',(0.170525,-0.042125,0.003375));
#5311=CARTESIAN_POINT('',(0.170525,-0.031125,0.003375));
#5312=CARTESIAN_POINT('',(0.170525,-0.0076875,0.003375));
#5313=CARTESIAN_POINT('',(0.170525,-0.042125,0.003375));
#5314=CARTESIAN_POINT('',(0.170525,-0.042125,0.00075));
#5315=CARTESIAN_POINT('',(0.170525,-0.042125,0.003375));
#5316=CARTESIAN_POINT('',(0.170525,-0.0076875,0.003375));
#5317=CARTESIAN_POINT('',(0.170525,-0.031125,0.003375));
#5318=CARTESIAN_POINT('',(0.170525,-0.031125,0.00075));
#5319=CARTESIAN_POINT('',(0.170525,-0.031125,0.003375));
#5320=CARTESIAN_POINT('',(0.170525,-0.014625,0.003375));
#5321=CARTESIAN_POINT('',(0.170525,-0.003625,0.003375));
#5322=CARTESIAN_POINT('',(0.170525,-0.014625,0.003375));
#5323=CARTESIAN_POINT('',(0.170525,-0.003625,0.003375));
#5324=CARTESIAN_POINT('',(0.170525,-0.0076875,0.003375));
#5325=CARTESIAN_POINT('',(0.170525,-0.014625,0.003375));
#5326=CARTESIAN_POINT('',(0.170525,-0.014625,0.00075));
#5327=CARTESIAN_POINT('',(0.170525,-0.014625,0.003375));
#5328=CARTESIAN_POINT('',(0.170525,-0.0076875,0.003375));
#5329=CARTESIAN_POINT('',(0.170525,-0.003625,0.003375));
#5330=CARTESIAN_POINT('',(0.170525,-0.003625,0.00075));
#5331=CARTESIAN_POINT('',(0.170525,-0.003625,0.003375));
#5332=CARTESIAN_POINT('',(0.086225,-0.0076875,0.003375));
#5333=CARTESIAN_POINT('',(0.086225,0.012875,0.003375));
#5334=CARTESIAN_POINT('',(0.086225,0.012875,0.00075));
#5335=CARTESIAN_POINT('',(0.170525,0.012875,0.003375));
#5336=CARTESIAN_POINT('',(0.086225,-0.0076875,0.003375));
#5337=CARTESIAN_POINT('',(0.086225,0.023875,0.003375));
#5338=CARTESIAN_POINT('',(0.086225,0.023875,0.00075));
#5339=CARTESIAN_POINT('',(0.170525,0.023875,0.003375));
#5340=CARTESIAN_POINT('',(0.170525,0.012875,0.003375));
#5341=CARTESIAN_POINT('',(0.170525,0.023875,0.003375));
#5342=CARTESIAN_POINT('',(0.170525,-0.0076875,0.003375));
#5343=CARTESIAN_POINT('',(0.170525,0.012875,0.003375));
#5344=CARTESIAN_POINT('',(0.170525,0.012875,0.00075));
#5345=CARTESIAN_POINT('',(0.170525,0.012875,0.003375));
#5346=CARTESIAN_POINT('',(0.170525,-0.0076875,0.003375));
#5347=CARTESIAN_POINT('',(0.170525,0.023875,0.003375));
#5348=CARTESIAN_POINT('',(0.170525,0.023875,0.00075));
#5349=CARTESIAN_POINT('',(0.170525,0.023875,0.003375));
#5350=CARTESIAN_POINT('',(0.170525,0.012875,0.003375));
#5351=CARTESIAN_POINT('',(0.170525,0.023875,0.003375));
#5352=CARTESIAN_POINT('',(0.170525,-0.014625,0.003375));
#5353=CARTESIAN_POINT('',(0.086225,-0.014625,0.003375));
#5354=CARTESIAN_POINT('',(0.086225,-0.014625,0.00075));
#5355=CARTESIAN_POINT('',(0.086225,-0.0076875,0.003375));
#5356=CARTESIAN_POINT('',(0.170525,-0.003625,0.003375));
#5357=CARTESIAN_POINT('',(0.086225,-0.003625,0.003375));
#5358=CARTESIAN_POINT('',(0.086225,-0.003625,0.00075));
#5359=CARTESIAN_POINT('',(0.086225,-0.0076875,0.003375));
#5360=CARTESIAN_POINT('',(0.170525,-0.042125,0.003375));
#5361=CARTESIAN_POINT('',(0.086225,-0.042125,0.003375));
#5362=CARTESIAN_POINT('',(0.086225,-0.042125,0.00075));
#5363=CARTESIAN_POINT('',(0.086225,-0.0076875,0.003375));
#5364=CARTESIAN_POINT('',(0.170525,-0.031125,0.003375));
#5365=CARTESIAN_POINT('',(0.086225,-0.031125,0.003375));
#5366=CARTESIAN_POINT('',(0.086225,-0.031125,0.00075));
#5367=CARTESIAN_POINT('',(0.086225,-0.0076875,0.003375));
#5368=CARTESIAN_POINT('',(0.128375,0.032825,0.003375));
#5369=CARTESIAN_POINT('',(0.161875,0.032825,0.003375));
#5370=CARTESIAN_POINT('',(0.161875,0.032825,0.00075));
#5371=CARTESIAN_POINT('',(0.161875,0.032825,0.003375));
#5372=CARTESIAN_POINT('',(0.128375,0.032825,0.003375));
#5373=CARTESIAN_POINT('',(0.151875,0.032825,0.003375));
#5374=CARTESIAN_POINT('',(0.151875,0.032825,0.00075));
#5375=CARTESIAN_POINT('',(0.151875,0.032825,0.003375));
#5376=CARTESIAN_POINT('',(0.128375,0.032825,0.003375));
#5377=CARTESIAN_POINT('',(0.142375,0.032825,0.003375));
#5378=CARTESIAN_POINT('',(0.142375,0.032825,0.00075));
#5379=CARTESIAN_POINT('',(0.142375,0.032825,0.003375));
#5380=CARTESIAN_POINT('',(0.128375,0.032825,0.003375));
#5381=CARTESIAN_POINT('',(0.132875,0.032825,0.003375));
#5382=CARTESIAN_POINT('',(0.132875,0.032825,0.00075));
#5383=CARTESIAN_POINT('',(0.132875,0.032825,0.003375));
#5384=CARTESIAN_POINT('',(0.128375,0.032825,0.003375));
#5385=CARTESIAN_POINT('',(0.123375,0.032825,0.003375));
#5386=CARTESIAN_POINT('',(0.123375,0.032825,0.00075));
#5387=CARTESIAN_POINT('',(0.123375,0.032825,0.003375));
#5388=CARTESIAN_POINT('',(0.128375,0.032825,0.003375));
#5389=CARTESIAN_POINT('',(0.113875,0.032825,0.003375));
#5390=CARTESIAN_POINT('',(0.113875,0.032825,0.00075));
#5391=CARTESIAN_POINT('',(0.113875,0.032825,0.003375));
#5392=CARTESIAN_POINT('',(0.128375,0.032825,0.003375));
#5393=CARTESIAN_POINT('',(0.104375,0.032825,0.003375));
#5394=CARTESIAN_POINT('',(0.104375,0.032825,0.00075));
#5395=CARTESIAN_POINT('',(0.104375,0.032825,0.003375));
#5396=CARTESIAN_POINT('',(0.128375,0.032825,0.003375));
#5397=CARTESIAN_POINT('',(0.094875,0.032825,0.003375));
#5398=CARTESIAN_POINT('',(0.094875,0.032825,0.00075));
#5399=CARTESIAN_POINT('',(0.094875,0.032825,0.003375));
#5400=CARTESIAN_POINT('',(0.161875,0.032825,0.003375));
#5401=CARTESIAN_POINT('',(0.161875,0.051525,0.003375));
#5402=CARTESIAN_POINT('',(0.161875,0.051525,0.00075));
#5403=CARTESIAN_POINT('',(0.128375,0.051525,0.003375));
#5404=CARTESIAN_POINT('',(0.151875,0.032825,0.003375));
#5405=CARTESIAN_POINT('',(0.1521875,0.051875,0.000768667567250878));
#5406=CARTESIAN_POINT('',(0.1521875,0.051525,0.000768667567250878));
#5407=CARTESIAN_POINT('',(0.1521875,0.05075,0.000768667567250878));
#5408=CARTESIAN_POINT('',(0.151875,0.051525,0.003375));
#5409=CARTESIAN_POINT('',(0.1521875,0.051525,0.00598133243274912));
#5410=CARTESIAN_POINT('',(0.1521875,0.051875,0.00598133243274912));
#5411=CARTESIAN_POINT('',(0.1521875,0.05075,0.00598133243274912));
#5412=CARTESIAN_POINT('',(0.151875,0.05075,0.003375));
#5413=CARTESIAN_POINT('',(0.128375,0.051525,0.003375));
#5414=CARTESIAN_POINT('',(0.1525,0.051525,0.003375));
#5415=CARTESIAN_POINT('',(0.142375,0.032825,0.003375));
#5416=CARTESIAN_POINT('',(0.1398125,0.051875,0.0039444020986963));
#5417=CARTESIAN_POINT('',(0.1398125,0.051525,0.00394440209869631));
#5418=CARTESIAN_POINT('',(0.1398125,0.05075,0.0039444020986963));
#5419=CARTESIAN_POINT('',(0.142375,0.051525,0.003375));
#5420=CARTESIAN_POINT('',(0.1398125,0.051525,0.0028055979013037));
#5421=CARTESIAN_POINT('',(0.1398125,0.051875,0.0028055979013037));
#5422=CARTESIAN_POINT('',(0.1398125,0.05075,0.0028055979013037));
#5423=CARTESIAN_POINT('',(0.142375,0.05075,0.003375));
#5424=CARTESIAN_POINT('',(0.128375,0.051525,0.003375));
#5425=CARTESIAN_POINT('',(0.13725,0.051525,0.003375));
#5426=CARTESIAN_POINT('',(0.132875,0.032825,0.003375));
#5427=CARTESIAN_POINT('',(0.1350625,0.051875,0.00192397665421947));
#5428=CARTESIAN_POINT('',(0.1350625,0.051525,0.00192397665421947));
#5429=CARTESIAN_POINT('',(0.1350625,0.05075,0.00192397665421947));
#5430=CARTESIAN_POINT('',(0.132875,0.051525,0.003375));
#5431=CARTESIAN_POINT('',(0.1350625,0.051525,0.00482602334578054));
#5432=CARTESIAN_POINT('',(0.1350625,0.051875,0.00482602334578054));
#5433=CARTESIAN_POINT('',(0.1350625,0.05075,0.00482602334578054));
#5434=CARTESIAN_POINT('',(0.132875,0.05075,0.003375));
#5435=CARTESIAN_POINT('',(0.128375,0.051525,0.003375));
#5436=CARTESIAN_POINT('',(0.13725,0.051525,0.003375));
#5437=CARTESIAN_POINT('',(0.123375,0.032825,0.003375));
#5438=CARTESIAN_POINT('',(0.1226875,0.051875,0.0059083710249389));
#5439=CARTESIAN_POINT('',(0.1226875,0.051525,0.0059083710249389));
#5440=CARTESIAN_POINT('',(0.1226875,0.05075,0.0059083710249389));
#5441=CARTESIAN_POINT('',(0.123375,0.051525,0.003375));
#5442=CARTESIAN_POINT('',(0.1226875,0.051525,0.000841628975061099));
#5443=CARTESIAN_POINT('',(0.1226875,0.051875,0.000841628975061103));
#5444=CARTESIAN_POINT('',(0.1226875,0.05075,0.000841628975061103));
#5445=CARTESIAN_POINT('',(0.123375,0.05075,0.003375));
#5446=CARTESIAN_POINT('',(0.128375,0.051525,0.003375));
#5447=CARTESIAN_POINT('',(0.122,0.051525,0.003375));
#5448=CARTESIAN_POINT('',(0.113875,0.032825,0.003375));
#5449=CARTESIAN_POINT('',(0.113875,0.051525,0.003375));
#5450=CARTESIAN_POINT('',(0.113875,0.051525,0.00075));
#5451=CARTESIAN_POINT('',(0.128375,0.051525,0.003375));
#5452=CARTESIAN_POINT('',(0.104375,0.032825,0.003375));
#5453=CARTESIAN_POINT('',(0.1055625,0.051875,0.00103395989995898));
#5454=CARTESIAN_POINT('',(0.1055625,0.051525,0.00103395989995898));
#5455=CARTESIAN_POINT('',(0.1055625,0.05075,0.00103395989995898));
#5456=CARTESIAN_POINT('',(0.104375,0.051525,0.003375));
#5457=CARTESIAN_POINT('',(0.1055625,0.051525,0.00571604010004103));
#5458=CARTESIAN_POINT('',(0.1055625,0.051875,0.00571604010004103));
#5459=CARTESIAN_POINT('',(0.1055625,0.05075,0.00571604010004103));
#5460=CARTESIAN_POINT('',(0.104375,0.05075,0.003375));
#5461=CARTESIAN_POINT('',(0.128375,0.051525,0.003375));
#5462=CARTESIAN_POINT('',(0.10675,0.051525,0.003375));
#5463=CARTESIAN_POINT('',(0.094875,0.032825,0.003375));
#5464=CARTESIAN_POINT('',(0.0931875,0.051875,0.00538571349276815));
#5465=CARTESIAN_POINT('',(0.0931875,0.051525,0.00538571349276815));
#5466=CARTESIAN_POINT('',(0.0931875,0.05075,0.00538571349276815));
#5467=CARTESIAN_POINT('',(0.094875,0.051525,0.003375));
#5468=CARTESIAN_POINT('',(0.0931875,0.051525,0.00136428650723185));
#5469=CARTESIAN_POINT('',(0.0931875,0.051875,0.00136428650723185));
#5470=CARTESIAN_POINT('',(0.0931875,0.05075,0.00136428650723185));
#5471=CARTESIAN_POINT('',(0.094875,0.05075,0.003375));
#5472=CARTESIAN_POINT('',(0.128375,0.051525,0.003375));
#5473=CARTESIAN_POINT('',(0.0915,0.051525,0.003375));
#5474=CARTESIAN_POINT('',(0.1525,-0.053,0.003375));
#5475=CARTESIAN_POINT('',(0.1525,-0.05075,0.003375));
#5476=CARTESIAN_POINT('',(0.155125,-0.05075,0.003375));
#5477=CARTESIAN_POINT('',(7.02291185003716E-18,-0.05075,0.003375));
#5478=CARTESIAN_POINT('',(0.13725,-0.053,0.003375));
#5479=CARTESIAN_POINT('',(0.13725,-0.05075,0.003375));
#5480=CARTESIAN_POINT('',(0.139875,-0.05075,0.003375));
#5481=CARTESIAN_POINT('',(7.02291185003716E-18,-0.05075,0.003375));
#5482=CARTESIAN_POINT('',(0.122,-0.053,0.003375));
#5483=CARTESIAN_POINT('',(0.122,-0.05075,0.003375));
#5484=CARTESIAN_POINT('',(0.124625,-0.05075,0.003375));
#5485=CARTESIAN_POINT('',(7.02291185003716E-18,-0.05075,0.003375));
#5486=CARTESIAN_POINT('',(0.10675,-0.053,0.003375));
#5487=CARTESIAN_POINT('',(0.10675,-0.05075,0.003375));
#5488=CARTESIAN_POINT('',(0.109375,-0.05075,0.003375));
#5489=CARTESIAN_POINT('',(7.02291185003716E-18,-0.05075,0.003375));
#5490=CARTESIAN_POINT('',(0.0915,-0.053,0.003375));
#5491=CARTESIAN_POINT('',(0.0915,-0.05075,0.003375));
#5492=CARTESIAN_POINT('',(0.094125,-0.05075,0.003375));
#5493=CARTESIAN_POINT('',(7.02291185003716E-18,-0.05075,0.003375));
#5494=CARTESIAN_POINT('',(0.1755,0.0485,0.003375));
#5495=CARTESIAN_POINT('',(0.17325,0.0485,0.003375));
#5496=CARTESIAN_POINT('',(0.17325,0.0485,0.006));
#5497=CARTESIAN_POINT('',(0.17325,-2.77555756156289E-17,0.003375));
#5498=CARTESIAN_POINT('',(0.1755,0.0335,0.003375));
#5499=CARTESIAN_POINT('',(0.17325,0.0335,0.003375));
#5500=CARTESIAN_POINT('',(0.17325,0.0335,0.006));
#5501=CARTESIAN_POINT('',(0.17325,-2.77555756156289E-17,0.003375));
#5502=CARTESIAN_POINT('',(0.1755,0.01675,0.003375));
#5503=CARTESIAN_POINT('',(0.17325,0.01675,0.003375));
#5504=CARTESIAN_POINT('',(0.17325,0.01675,0.006));
#5505=CARTESIAN_POINT('',(0.17325,-2.77555756156289E-17,0.003375));
#5506=CARTESIAN_POINT('',(0.1755,-2.75948407232408E-17,0.003375));
#5507=CARTESIAN_POINT('',(0.17325,-2.75948407232408E-17,0.003375));
#5508=CARTESIAN_POINT('',(0.17325,-2.75948407232408E-17,0.006));
#5509=CARTESIAN_POINT('',(0.17325,-2.77555756156289E-17,0.003375));
#5510=CARTESIAN_POINT('',(0.1755,-0.01675,0.003375));
#5511=CARTESIAN_POINT('',(0.17325,-0.01675,0.003375));
#5512=CARTESIAN_POINT('',(0.17325,-0.01675,0.006));
#5513=CARTESIAN_POINT('',(0.17325,-2.77555756156289E-17,0.003375));
#5514=CARTESIAN_POINT('',(0.1755,-0.0335,0.003375));
#5515=CARTESIAN_POINT('',(0.17325,-0.0335,0.003375));
#5516=CARTESIAN_POINT('',(0.17325,-0.0335,0.006));
#5517=CARTESIAN_POINT('',(0.17325,-2.77555756156289E-17,0.003375));
#5518=CARTESIAN_POINT('',(0.1755,-0.0485,0.003375));
#5519=CARTESIAN_POINT('',(0.17325,-0.0485,0.003375));
#5520=CARTESIAN_POINT('',(0.17325,-0.0485,0.006));
#5521=CARTESIAN_POINT('',(0.17325,-2.77555756156289E-17,0.003375));
#5522=CARTESIAN_POINT('',(0.0915,0.053,0.003375));
#5523=CARTESIAN_POINT('',(0.0915,0.05075,0.003375));
#5524=CARTESIAN_POINT('',(-7.02291185003716E-18,0.05075,0.003375));
#5525=CARTESIAN_POINT('',(0.10675,0.053,0.003375));
#5526=CARTESIAN_POINT('',(0.10675,0.05075,0.003375));
#5527=CARTESIAN_POINT('',(-7.02291185003716E-18,0.05075,0.003375));
#5528=CARTESIAN_POINT('',(0.122,0.053,0.003375));
#5529=CARTESIAN_POINT('',(0.122,0.05075,0.003375));
#5530=CARTESIAN_POINT('',(-7.02291185003716E-18,0.05075,0.003375));
#5531=CARTESIAN_POINT('',(0.13725,0.053,0.003375));
#5532=CARTESIAN_POINT('',(0.13725,0.05075,0.003375));
#5533=CARTESIAN_POINT('',(0.13725,0.05075,0.003375));
#5534=CARTESIAN_POINT('',(-7.02291185003716E-18,0.05075,0.003375));
#5535=CARTESIAN_POINT('',(0.1525,0.053,0.003375));
#5536=CARTESIAN_POINT('',(0.1525,0.05075,0.003375));
#5537=CARTESIAN_POINT('',(-7.02291185003716E-18,0.05075,0.003375));
#5538=CARTESIAN_POINT('',(0.08375,-0.0335,0.003375));
#5539=CARTESIAN_POINT('',(0.08535,-0.0335,0.003375));
#5540=CARTESIAN_POINT('',(0.08535,-0.0335,0.006));
#5541=CARTESIAN_POINT('',(0.08535,-6.93889390390723E-18,0.001875));
#5542=CARTESIAN_POINT('',(0.08375,-0.01675,0.003375));
#5543=CARTESIAN_POINT('',(0.08535,-0.01675,0.003375));
#5544=CARTESIAN_POINT('',(0.08535,-0.01675,0.006));
#5545=CARTESIAN_POINT('',(0.08535,-6.93889390390723E-18,0.001875));
#5546=CARTESIAN_POINT('',(0.08375,3.36650387599323E-18,0.003375));
#5547=CARTESIAN_POINT('',(0.08535,3.36650387599323E-18,0.003375));
#5548=CARTESIAN_POINT('',(0.08535,3.36650387599323E-18,0.006));
#5549=CARTESIAN_POINT('',(0.08535,-6.93889390390723E-18,0.001875));
#5550=CARTESIAN_POINT('',(0.08375,0.01675,0.003375));
#5551=CARTESIAN_POINT('',(0.08535,0.01675,0.003375));
#5552=CARTESIAN_POINT('',(0.08535,0.01675,0.006));
#5553=CARTESIAN_POINT('',(0.08535,-6.93889390390723E-18,0.001875));
#5554=CARTESIAN_POINT('',(0.08375,0.0335,0.003375));
#5555=CARTESIAN_POINT('',(0.08535,0.0335,0.003375));
#5556=CARTESIAN_POINT('',(0.08535,0.0335,0.006));
#5557=CARTESIAN_POINT('',(0.08535,-6.93889390390723E-18,0.001875));
#5558=MECHANICAL_DESIGN_GEOMETRIC_PRESENTATION_REPRESENTATION('',(#3210),
#5559);
#5559=(
GEOMETRIC_REPRESENTATION_CONTEXT(3)
GLOBAL_UNCERTAINTY_ASSIGNED_CONTEXT((#5560))
GLOBAL_UNIT_ASSIGNED_CONTEXT((#5563,#5562,#5561))
REPRESENTATION_CONTEXT('macroFrameTMP','TOP_LEVEL_ASSEMBLY_PART')
);
#5560=UNCERTAINTY_MEASURE_WITH_UNIT(LENGTH_MEASURE(1.E-8),#5563,
'DISTANCE_ACCURACY_VALUE','Maximum Tolerance applied to model');
#5561=(
NAMED_UNIT(*)
SI_UNIT($,.STERADIAN.)
SOLID_ANGLE_UNIT()
);
#5562=(
NAMED_UNIT(*)
PLANE_ANGLE_UNIT()
SI_UNIT($,.RADIAN.)
);
#5563=(
LENGTH_UNIT()
NAMED_UNIT(*)
SI_UNIT($,.METRE.)
);
#5564=PRODUCT_DEFINITION_SHAPE('','',#5565);
#5565=PRODUCT_DEFINITION('','',#5567,#5566);
#5566=PRODUCT_DEFINITION_CONTEXT('',#5573,'design');
#5567=PRODUCT_DEFINITION_FORMATION_WITH_SPECIFIED_SOURCE('','',#5569,
 .NOT_KNOWN.);
#5568=PRODUCT_RELATED_PRODUCT_CATEGORY('','',(#5569));
#5569=PRODUCT('macroFrameTMP','macroFrameTMP','macroFrameTMP',(#5571));
#5570=PRODUCT_CATEGORY('','');
#5571=PRODUCT_CONTEXT('',#5573,'mechanical');
#5572=APPLICATION_PROTOCOL_DEFINITION('international standard',
'ap242_managed_model_based_3d_engineering',2011,#5573);
#5573=APPLICATION_CONTEXT('managed model based 3d engineering');
ENDSEC;
END-ISO-10303-21;
