ISO-10303-21;
HEADER;
/* Generated by software containing ST-Developer
 * from STEP Tools, Inc. (www.steptools.com) 
 */
/* OPTION: using custom renumber hook */

FILE_DESCRIPTION(
/* description */ ('STEP AP242',
'CAx-IF Rec.Pracs.---Representation and Presentation of Product Manufa
cturing Information (PMI)---4.0---2014-10-13',
'CAx-IF Rec.Pracs.---3D Tessellated Geometry---0.4---2014-09-14','2;1'),

/* implementation_level */ '2;1');

FILE_NAME(
/* name */ '68ec7770b73f6730c57e41d1',
/* time_stamp */ '2025-10-13T03:52:16Z',
/* author */ (''),
/* organization */ (''),
/* preprocessor_version */ 'ST-DEVELOPER v20',
/* originating_system */ 'ONSHAPE BY PTC INC, 1.205',
/* authorisation */ '  ');

FILE_SCHEMA (('AP242_MANAGED_MODEL_BASED_3D_ENGINEERING_MIM_LF { 1 0 10303 442 1 1 4 }'));
ENDSEC;

DATA;
#10=SHAPE_REPRESENTATION_RELATIONSHIP('','',#3078,#19);
#11=SHAPE_REPRESENTATION_RELATIONSHIP('','',#3079,#20);
#12=SHAPE_REPRESENTATION_RELATIONSHIP('','',#3080,#21);
#13=SHAPE_REPRESENTATION_RELATIONSHIP('','',#3081,#22);
#14=SHAPE_REPRESENTATION_RELATIONSHIP('','',#3082,#23);
#15=SHAPE_REPRESENTATION_RELATIONSHIP('','',#3083,#24);
#16=SHAPE_REPRESENTATION_RELATIONSHIP('','',#3084,#25);
#17=SHAPE_REPRESENTATION_RELATIONSHIP('','',#3085,#26);
#18=SHAPE_REPRESENTATION_RELATIONSHIP('','',#3086,#27);
#19=ADVANCED_BREP_SHAPE_REPRESENTATION('',(#3060),#5256);
#20=ADVANCED_BREP_SHAPE_REPRESENTATION('',(#3061),#5257);
#21=ADVANCED_BREP_SHAPE_REPRESENTATION('',(#3062),#5258);
#22=ADVANCED_BREP_SHAPE_REPRESENTATION('',(#3063),#5259);
#23=ADVANCED_BREP_SHAPE_REPRESENTATION('',(#3064),#5260);
#24=ADVANCED_BREP_SHAPE_REPRESENTATION('',(#3065),#5261);
#25=ADVANCED_BREP_SHAPE_REPRESENTATION('',(#3066),#5262);
#26=ADVANCED_BREP_SHAPE_REPRESENTATION('',(#3067),#5263);
#27=ADVANCED_BREP_SHAPE_REPRESENTATION('',(#3068),#5264);
#28=CONICAL_SURFACE('',#3119,0.0016,0.523598775598318);
#29=CONICAL_SURFACE('',#3120,0.0016,0.523598775598312);
#30=CONICAL_SURFACE('',#3123,0.0016,0.523598775598312);
#31=CONICAL_SURFACE('',#3124,0.0016,0.523598775598318);
#32=CONICAL_SURFACE('',#3158,0.0016,0.523598775598298);
#33=CONICAL_SURFACE('',#3159,0.0016,0.523598775598298);
#34=CONICAL_SURFACE('',#3162,0.0016,0.523598775598298);
#35=CONICAL_SURFACE('',#3163,0.0016,0.523598775598298);
#36=CONICAL_SURFACE('',#3197,0.0016,0.52359877559832);
#37=CONICAL_SURFACE('',#3198,0.0016,0.52359877559831);
#38=CONICAL_SURFACE('',#3201,0.0016,0.52359877559831);
#39=CONICAL_SURFACE('',#3202,0.0016,0.523598775598318);
#40=CONICAL_SURFACE('',#3236,0.0016,0.523598775598318);
#41=CONICAL_SURFACE('',#3237,0.0016,0.52359877559831);
#42=CONICAL_SURFACE('',#3240,0.0016,0.52359877559831);
#43=CONICAL_SURFACE('',#3241,0.0016,0.52359877559832);
#44=CONICAL_SURFACE('',#3275,0.0016,0.523598775598312);
#45=CONICAL_SURFACE('',#3276,0.0016,0.523598775598318);
#46=CONICAL_SURFACE('',#3279,0.0016,0.523598775598318);
#47=CONICAL_SURFACE('',#3280,0.0016,0.523598775598312);
#48=CONICAL_SURFACE('',#3314,0.0016,0.523598775598312);
#49=CONICAL_SURFACE('',#3315,0.0016,0.523598775598318);
#50=CONICAL_SURFACE('',#3318,0.0016,0.523598775598318);
#51=CONICAL_SURFACE('',#3319,0.0016,0.523598775598312);
#52=CONICAL_SURFACE('',#3353,0.0016,0.5235987755983);
#53=CONICAL_SURFACE('',#3354,0.0016,0.5235987755983);
#54=CONICAL_SURFACE('',#3357,0.0016,0.523598775598298);
#55=CONICAL_SURFACE('',#3358,0.0016,0.523598775598299);
#56=CONICAL_SURFACE('',#3392,0.0016,0.523598775598298);
#57=CONICAL_SURFACE('',#3393,0.0016,0.523598775598298);
#58=CONICAL_SURFACE('',#3396,0.0016,0.523598775598298);
#59=CONICAL_SURFACE('',#3397,0.0016,0.523598775598298);
#60=CONICAL_SURFACE('',#3431,0.0016,0.523598775598298);
#61=CONICAL_SURFACE('',#3432,0.0016,0.523598775598298);
#62=CONICAL_SURFACE('',#3435,0.0016,0.523598775598298);
#63=CONICAL_SURFACE('',#3436,0.0016,0.523598775598298);
#64=CYLINDRICAL_SURFACE('',#3104,0.002625);
#65=CYLINDRICAL_SURFACE('',#3107,0.002625);
#66=CYLINDRICAL_SURFACE('',#3110,0.002);
#67=CYLINDRICAL_SURFACE('',#3112,0.002);
#68=CYLINDRICAL_SURFACE('',#3114,0.002);
#69=CYLINDRICAL_SURFACE('',#3116,0.002);
#70=CYLINDRICAL_SURFACE('',#3143,0.002625);
#71=CYLINDRICAL_SURFACE('',#3146,0.002625);
#72=CYLINDRICAL_SURFACE('',#3149,0.002);
#73=CYLINDRICAL_SURFACE('',#3151,0.002);
#74=CYLINDRICAL_SURFACE('',#3153,0.002);
#75=CYLINDRICAL_SURFACE('',#3155,0.002);
#76=CYLINDRICAL_SURFACE('',#3182,0.002625);
#77=CYLINDRICAL_SURFACE('',#3185,0.002625);
#78=CYLINDRICAL_SURFACE('',#3188,0.002);
#79=CYLINDRICAL_SURFACE('',#3190,0.002);
#80=CYLINDRICAL_SURFACE('',#3192,0.002);
#81=CYLINDRICAL_SURFACE('',#3194,0.002);
#82=CYLINDRICAL_SURFACE('',#3221,0.002625);
#83=CYLINDRICAL_SURFACE('',#3224,0.002625);
#84=CYLINDRICAL_SURFACE('',#3227,0.002);
#85=CYLINDRICAL_SURFACE('',#3229,0.002);
#86=CYLINDRICAL_SURFACE('',#3231,0.002);
#87=CYLINDRICAL_SURFACE('',#3233,0.002);
#88=CYLINDRICAL_SURFACE('',#3260,0.002625);
#89=CYLINDRICAL_SURFACE('',#3263,0.002625);
#90=CYLINDRICAL_SURFACE('',#3266,0.002);
#91=CYLINDRICAL_SURFACE('',#3268,0.002);
#92=CYLINDRICAL_SURFACE('',#3270,0.002);
#93=CYLINDRICAL_SURFACE('',#3272,0.002);
#94=CYLINDRICAL_SURFACE('',#3299,0.002625);
#95=CYLINDRICAL_SURFACE('',#3302,0.002625);
#96=CYLINDRICAL_SURFACE('',#3305,0.002);
#97=CYLINDRICAL_SURFACE('',#3307,0.002);
#98=CYLINDRICAL_SURFACE('',#3309,0.002);
#99=CYLINDRICAL_SURFACE('',#3311,0.002);
#100=CYLINDRICAL_SURFACE('',#3338,0.002625);
#101=CYLINDRICAL_SURFACE('',#3341,0.002625);
#102=CYLINDRICAL_SURFACE('',#3344,0.002);
#103=CYLINDRICAL_SURFACE('',#3346,0.002);
#104=CYLINDRICAL_SURFACE('',#3348,0.002);
#105=CYLINDRICAL_SURFACE('',#3350,0.002);
#106=CYLINDRICAL_SURFACE('',#3377,0.002625);
#107=CYLINDRICAL_SURFACE('',#3380,0.002625);
#108=CYLINDRICAL_SURFACE('',#3383,0.002);
#109=CYLINDRICAL_SURFACE('',#3385,0.002);
#110=CYLINDRICAL_SURFACE('',#3387,0.002);
#111=CYLINDRICAL_SURFACE('',#3389,0.002);
#112=CYLINDRICAL_SURFACE('',#3416,0.002625);
#113=CYLINDRICAL_SURFACE('',#3419,0.002625);
#114=CYLINDRICAL_SURFACE('',#3422,0.002);
#115=CYLINDRICAL_SURFACE('',#3424,0.002);
#116=CYLINDRICAL_SURFACE('',#3426,0.002);
#117=CYLINDRICAL_SURFACE('',#3428,0.002);
#118=CIRCLE('',#3090,0.002625);
#119=CIRCLE('',#3093,0.002625);
#120=CIRCLE('',#3095,0.002);
#121=CIRCLE('',#3096,0.002);
#122=CIRCLE('',#3097,0.002);
#123=CIRCLE('',#3098,0.002);
#124=CIRCLE('',#3100,0.0016);
#125=CIRCLE('',#3101,0.0016);
#126=CIRCLE('',#3102,0.0016);
#127=CIRCLE('',#3103,0.0016);
#128=CIRCLE('',#3105,0.002625);
#129=CIRCLE('',#3108,0.002625);
#130=CIRCLE('',#3111,0.002);
#131=CIRCLE('',#3113,0.002);
#132=CIRCLE('',#3115,0.002);
#133=CIRCLE('',#3117,0.002);
#134=CIRCLE('',#3128,0.002625);
#135=CIRCLE('',#3131,0.002625);
#136=CIRCLE('',#3134,0.002);
#137=CIRCLE('',#3135,0.002);
#138=CIRCLE('',#3136,0.002);
#139=CIRCLE('',#3137,0.002);
#140=CIRCLE('',#3139,0.0016);
#141=CIRCLE('',#3140,0.0016);
#142=CIRCLE('',#3141,0.0016);
#143=CIRCLE('',#3142,0.0016);
#144=CIRCLE('',#3144,0.002625);
#145=CIRCLE('',#3147,0.002625);
#146=CIRCLE('',#3150,0.002);
#147=CIRCLE('',#3152,0.002);
#148=CIRCLE('',#3154,0.002);
#149=CIRCLE('',#3156,0.002);
#150=CIRCLE('',#3168,0.002625);
#151=CIRCLE('',#3171,0.002625);
#152=CIRCLE('',#3173,0.002);
#153=CIRCLE('',#3174,0.002);
#154=CIRCLE('',#3175,0.002);
#155=CIRCLE('',#3176,0.002);
#156=CIRCLE('',#3178,0.0016);
#157=CIRCLE('',#3179,0.0016);
#158=CIRCLE('',#3180,0.0016);
#159=CIRCLE('',#3181,0.0016);
#160=CIRCLE('',#3183,0.002625);
#161=CIRCLE('',#3186,0.002625);
#162=CIRCLE('',#3189,0.002);
#163=CIRCLE('',#3191,0.002);
#164=CIRCLE('',#3193,0.002);
#165=CIRCLE('',#3195,0.002);
#166=CIRCLE('',#3207,0.002625);
#167=CIRCLE('',#3210,0.002625);
#168=CIRCLE('',#3212,0.002);
#169=CIRCLE('',#3213,0.002);
#170=CIRCLE('',#3214,0.002);
#171=CIRCLE('',#3215,0.002);
#172=CIRCLE('',#3217,0.0016);
#173=CIRCLE('',#3218,0.0016);
#174=CIRCLE('',#3219,0.0016);
#175=CIRCLE('',#3220,0.0016);
#176=CIRCLE('',#3222,0.002625);
#177=CIRCLE('',#3225,0.002625);
#178=CIRCLE('',#3228,0.002);
#179=CIRCLE('',#3230,0.002);
#180=CIRCLE('',#3232,0.002);
#181=CIRCLE('',#3234,0.002);
#182=CIRCLE('',#3246,0.002625);
#183=CIRCLE('',#3249,0.002625);
#184=CIRCLE('',#3251,0.002);
#185=CIRCLE('',#3252,0.002);
#186=CIRCLE('',#3253,0.002);
#187=CIRCLE('',#3254,0.002);
#188=CIRCLE('',#3256,0.0016);
#189=CIRCLE('',#3257,0.0016);
#190=CIRCLE('',#3258,0.0016);
#191=CIRCLE('',#3259,0.0016);
#192=CIRCLE('',#3261,0.002625);
#193=CIRCLE('',#3264,0.002625);
#194=CIRCLE('',#3267,0.002);
#195=CIRCLE('',#3269,0.002);
#196=CIRCLE('',#3271,0.002);
#197=CIRCLE('',#3273,0.002);
#198=CIRCLE('',#3285,0.002625);
#199=CIRCLE('',#3288,0.002625);
#200=CIRCLE('',#3290,0.002);
#201=CIRCLE('',#3291,0.002);
#202=CIRCLE('',#3292,0.002);
#203=CIRCLE('',#3293,0.002);
#204=CIRCLE('',#3295,0.0016);
#205=CIRCLE('',#3296,0.0016);
#206=CIRCLE('',#3297,0.0016);
#207=CIRCLE('',#3298,0.0016);
#208=CIRCLE('',#3300,0.002625);
#209=CIRCLE('',#3303,0.002625);
#210=CIRCLE('',#3306,0.002);
#211=CIRCLE('',#3308,0.002);
#212=CIRCLE('',#3310,0.002);
#213=CIRCLE('',#3312,0.002);
#214=CIRCLE('',#3324,0.002625);
#215=CIRCLE('',#3327,0.002625);
#216=CIRCLE('',#3329,0.002);
#217=CIRCLE('',#3330,0.002);
#218=CIRCLE('',#3331,0.002);
#219=CIRCLE('',#3332,0.002);
#220=CIRCLE('',#3334,0.0016);
#221=CIRCLE('',#3335,0.0016);
#222=CIRCLE('',#3336,0.0016);
#223=CIRCLE('',#3337,0.0016);
#224=CIRCLE('',#3339,0.002625);
#225=CIRCLE('',#3342,0.002625);
#226=CIRCLE('',#3345,0.002);
#227=CIRCLE('',#3347,0.002);
#228=CIRCLE('',#3349,0.002);
#229=CIRCLE('',#3351,0.002);
#230=CIRCLE('',#3362,0.002625);
#231=CIRCLE('',#3365,0.002625);
#232=CIRCLE('',#3368,0.002);
#233=CIRCLE('',#3369,0.002);
#234=CIRCLE('',#3370,0.002);
#235=CIRCLE('',#3371,0.002);
#236=CIRCLE('',#3373,0.0016);
#237=CIRCLE('',#3374,0.0016);
#238=CIRCLE('',#3375,0.0016);
#239=CIRCLE('',#3376,0.0016);
#240=CIRCLE('',#3378,0.002625);
#241=CIRCLE('',#3381,0.002625);
#242=CIRCLE('',#3384,0.002);
#243=CIRCLE('',#3386,0.002);
#244=CIRCLE('',#3388,0.002);
#245=CIRCLE('',#3390,0.002);
#246=CIRCLE('',#3401,0.002625);
#247=CIRCLE('',#3404,0.002625);
#248=CIRCLE('',#3407,0.002);
#249=CIRCLE('',#3408,0.002);
#250=CIRCLE('',#3409,0.002);
#251=CIRCLE('',#3410,0.002);
#252=CIRCLE('',#3412,0.0016);
#253=CIRCLE('',#3413,0.0016);
#254=CIRCLE('',#3414,0.0016);
#255=CIRCLE('',#3415,0.0016);
#256=CIRCLE('',#3417,0.002625);
#257=CIRCLE('',#3420,0.002625);
#258=CIRCLE('',#3423,0.002);
#259=CIRCLE('',#3425,0.002);
#260=CIRCLE('',#3427,0.002);
#261=CIRCLE('',#3429,0.002);
#262=ORIENTED_EDGE('',*,*,#1054,.T.);
#263=ORIENTED_EDGE('',*,*,#1055,.T.);
#264=ORIENTED_EDGE('',*,*,#1056,.T.);
#265=ORIENTED_EDGE('',*,*,#1057,.T.);
#266=ORIENTED_EDGE('',*,*,#1058,.F.);
#267=ORIENTED_EDGE('',*,*,#1059,.T.);
#268=ORIENTED_EDGE('',*,*,#1060,.T.);
#269=ORIENTED_EDGE('',*,*,#1061,.T.);
#270=ORIENTED_EDGE('',*,*,#1062,.F.);
#271=ORIENTED_EDGE('',*,*,#1063,.T.);
#272=ORIENTED_EDGE('',*,*,#1064,.T.);
#273=ORIENTED_EDGE('',*,*,#1065,.T.);
#274=ORIENTED_EDGE('',*,*,#1066,.F.);
#275=ORIENTED_EDGE('',*,*,#1067,.T.);
#276=ORIENTED_EDGE('',*,*,#1068,.T.);
#277=ORIENTED_EDGE('',*,*,#1069,.T.);
#278=ORIENTED_EDGE('',*,*,#1070,.T.);
#279=ORIENTED_EDGE('',*,*,#1071,.T.);
#280=ORIENTED_EDGE('',*,*,#1057,.F.);
#281=ORIENTED_EDGE('',*,*,#1072,.T.);
#282=ORIENTED_EDGE('',*,*,#1062,.T.);
#283=ORIENTED_EDGE('',*,*,#1073,.T.);
#284=ORIENTED_EDGE('',*,*,#1066,.T.);
#285=ORIENTED_EDGE('',*,*,#1074,.T.);
#286=ORIENTED_EDGE('',*,*,#1071,.F.);
#287=ORIENTED_EDGE('',*,*,#1075,.T.);
#288=ORIENTED_EDGE('',*,*,#1076,.T.);
#289=ORIENTED_EDGE('',*,*,#1077,.T.);
#290=ORIENTED_EDGE('',*,*,#1078,.T.);
#291=ORIENTED_EDGE('',*,*,#1079,.T.);
#292=ORIENTED_EDGE('',*,*,#1080,.T.);
#293=ORIENTED_EDGE('',*,*,#1081,.T.);
#294=ORIENTED_EDGE('',*,*,#1082,.T.);
#295=ORIENTED_EDGE('',*,*,#1083,.T.);
#296=ORIENTED_EDGE('',*,*,#1084,.F.);
#297=ORIENTED_EDGE('',*,*,#1058,.T.);
#298=ORIENTED_EDGE('',*,*,#1084,.T.);
#299=ORIENTED_EDGE('',*,*,#1085,.T.);
#300=ORIENTED_EDGE('',*,*,#1067,.F.);
#301=ORIENTED_EDGE('',*,*,#1085,.F.);
#302=ORIENTED_EDGE('',*,*,#1056,.F.);
#303=ORIENTED_EDGE('',*,*,#1086,.T.);
#304=ORIENTED_EDGE('',*,*,#1059,.F.);
#305=ORIENTED_EDGE('',*,*,#1072,.F.);
#306=ORIENTED_EDGE('',*,*,#1061,.F.);
#307=ORIENTED_EDGE('',*,*,#1087,.T.);
#308=ORIENTED_EDGE('',*,*,#1063,.F.);
#309=ORIENTED_EDGE('',*,*,#1073,.F.);
#310=ORIENTED_EDGE('',*,*,#1065,.F.);
#311=ORIENTED_EDGE('',*,*,#1088,.T.);
#312=ORIENTED_EDGE('',*,*,#1068,.F.);
#313=ORIENTED_EDGE('',*,*,#1074,.F.);
#314=ORIENTED_EDGE('',*,*,#1070,.F.);
#315=ORIENTED_EDGE('',*,*,#1089,.T.);
#316=ORIENTED_EDGE('',*,*,#1054,.F.);
#317=ORIENTED_EDGE('',*,*,#1075,.F.);
#318=ORIENTED_EDGE('',*,*,#1090,.F.);
#319=ORIENTED_EDGE('',*,*,#1060,.F.);
#320=ORIENTED_EDGE('',*,*,#1091,.F.);
#321=ORIENTED_EDGE('',*,*,#1081,.F.);
#322=ORIENTED_EDGE('',*,*,#1091,.T.);
#323=ORIENTED_EDGE('',*,*,#1086,.F.);
#324=ORIENTED_EDGE('',*,*,#1092,.F.);
#325=ORIENTED_EDGE('',*,*,#1082,.F.);
#326=ORIENTED_EDGE('',*,*,#1090,.T.);
#327=ORIENTED_EDGE('',*,*,#1080,.F.);
#328=ORIENTED_EDGE('',*,*,#1093,.F.);
#329=ORIENTED_EDGE('',*,*,#1087,.F.);
#330=ORIENTED_EDGE('',*,*,#1092,.T.);
#331=ORIENTED_EDGE('',*,*,#1055,.F.);
#332=ORIENTED_EDGE('',*,*,#1094,.F.);
#333=ORIENTED_EDGE('',*,*,#1083,.F.);
#334=ORIENTED_EDGE('',*,*,#1093,.T.);
#335=ORIENTED_EDGE('',*,*,#1079,.F.);
#336=ORIENTED_EDGE('',*,*,#1095,.F.);
#337=ORIENTED_EDGE('',*,*,#1064,.F.);
#338=ORIENTED_EDGE('',*,*,#1094,.T.);
#339=ORIENTED_EDGE('',*,*,#1089,.F.);
#340=ORIENTED_EDGE('',*,*,#1096,.F.);
#341=ORIENTED_EDGE('',*,*,#1076,.F.);
#342=ORIENTED_EDGE('',*,*,#1095,.T.);
#343=ORIENTED_EDGE('',*,*,#1078,.F.);
#344=ORIENTED_EDGE('',*,*,#1097,.F.);
#345=ORIENTED_EDGE('',*,*,#1088,.F.);
#346=ORIENTED_EDGE('',*,*,#1096,.T.);
#347=ORIENTED_EDGE('',*,*,#1069,.F.);
#348=ORIENTED_EDGE('',*,*,#1097,.T.);
#349=ORIENTED_EDGE('',*,*,#1077,.F.);
#350=ORIENTED_EDGE('',*,*,#1098,.T.);
#351=ORIENTED_EDGE('',*,*,#1099,.T.);
#352=ORIENTED_EDGE('',*,*,#1100,.T.);
#353=ORIENTED_EDGE('',*,*,#1101,.T.);
#354=ORIENTED_EDGE('',*,*,#1102,.F.);
#355=ORIENTED_EDGE('',*,*,#1103,.T.);
#356=ORIENTED_EDGE('',*,*,#1104,.T.);
#357=ORIENTED_EDGE('',*,*,#1105,.T.);
#358=ORIENTED_EDGE('',*,*,#1106,.F.);
#359=ORIENTED_EDGE('',*,*,#1107,.F.);
#360=ORIENTED_EDGE('',*,*,#1108,.T.);
#361=ORIENTED_EDGE('',*,*,#1109,.T.);
#362=ORIENTED_EDGE('',*,*,#1110,.T.);
#363=ORIENTED_EDGE('',*,*,#1111,.T.);
#364=ORIENTED_EDGE('',*,*,#1112,.T.);
#365=ORIENTED_EDGE('',*,*,#1113,.T.);
#366=ORIENTED_EDGE('',*,*,#1114,.T.);
#367=ORIENTED_EDGE('',*,*,#1115,.T.);
#368=ORIENTED_EDGE('',*,*,#1106,.T.);
#369=ORIENTED_EDGE('',*,*,#1116,.T.);
#370=ORIENTED_EDGE('',*,*,#1111,.F.);
#371=ORIENTED_EDGE('',*,*,#1117,.T.);
#372=ORIENTED_EDGE('',*,*,#1115,.F.);
#373=ORIENTED_EDGE('',*,*,#1118,.T.);
#374=ORIENTED_EDGE('',*,*,#1102,.T.);
#375=ORIENTED_EDGE('',*,*,#1119,.T.);
#376=ORIENTED_EDGE('',*,*,#1120,.T.);
#377=ORIENTED_EDGE('',*,*,#1121,.T.);
#378=ORIENTED_EDGE('',*,*,#1122,.T.);
#379=ORIENTED_EDGE('',*,*,#1123,.T.);
#380=ORIENTED_EDGE('',*,*,#1124,.T.);
#381=ORIENTED_EDGE('',*,*,#1125,.T.);
#382=ORIENTED_EDGE('',*,*,#1126,.T.);
#383=ORIENTED_EDGE('',*,*,#1127,.T.);
#384=ORIENTED_EDGE('',*,*,#1128,.F.);
#385=ORIENTED_EDGE('',*,*,#1107,.T.);
#386=ORIENTED_EDGE('',*,*,#1128,.T.);
#387=ORIENTED_EDGE('',*,*,#1129,.T.);
#388=ORIENTED_EDGE('',*,*,#1098,.F.);
#389=ORIENTED_EDGE('',*,*,#1129,.F.);
#390=ORIENTED_EDGE('',*,*,#1105,.F.);
#391=ORIENTED_EDGE('',*,*,#1130,.T.);
#392=ORIENTED_EDGE('',*,*,#1108,.F.);
#393=ORIENTED_EDGE('',*,*,#1116,.F.);
#394=ORIENTED_EDGE('',*,*,#1110,.F.);
#395=ORIENTED_EDGE('',*,*,#1131,.T.);
#396=ORIENTED_EDGE('',*,*,#1112,.F.);
#397=ORIENTED_EDGE('',*,*,#1117,.F.);
#398=ORIENTED_EDGE('',*,*,#1101,.F.);
#399=ORIENTED_EDGE('',*,*,#1132,.T.);
#400=ORIENTED_EDGE('',*,*,#1103,.F.);
#401=ORIENTED_EDGE('',*,*,#1119,.F.);
#402=ORIENTED_EDGE('',*,*,#1114,.F.);
#403=ORIENTED_EDGE('',*,*,#1133,.T.);
#404=ORIENTED_EDGE('',*,*,#1099,.F.);
#405=ORIENTED_EDGE('',*,*,#1118,.F.);
#406=ORIENTED_EDGE('',*,*,#1134,.F.);
#407=ORIENTED_EDGE('',*,*,#1100,.F.);
#408=ORIENTED_EDGE('',*,*,#1135,.F.);
#409=ORIENTED_EDGE('',*,*,#1125,.F.);
#410=ORIENTED_EDGE('',*,*,#1135,.T.);
#411=ORIENTED_EDGE('',*,*,#1133,.F.);
#412=ORIENTED_EDGE('',*,*,#1136,.F.);
#413=ORIENTED_EDGE('',*,*,#1126,.F.);
#414=ORIENTED_EDGE('',*,*,#1134,.T.);
#415=ORIENTED_EDGE('',*,*,#1124,.F.);
#416=ORIENTED_EDGE('',*,*,#1137,.F.);
#417=ORIENTED_EDGE('',*,*,#1132,.F.);
#418=ORIENTED_EDGE('',*,*,#1136,.T.);
#419=ORIENTED_EDGE('',*,*,#1113,.F.);
#420=ORIENTED_EDGE('',*,*,#1138,.F.);
#421=ORIENTED_EDGE('',*,*,#1127,.F.);
#422=ORIENTED_EDGE('',*,*,#1137,.T.);
#423=ORIENTED_EDGE('',*,*,#1123,.F.);
#424=ORIENTED_EDGE('',*,*,#1139,.F.);
#425=ORIENTED_EDGE('',*,*,#1104,.F.);
#426=ORIENTED_EDGE('',*,*,#1138,.T.);
#427=ORIENTED_EDGE('',*,*,#1131,.F.);
#428=ORIENTED_EDGE('',*,*,#1140,.F.);
#429=ORIENTED_EDGE('',*,*,#1120,.F.);
#430=ORIENTED_EDGE('',*,*,#1139,.T.);
#431=ORIENTED_EDGE('',*,*,#1122,.F.);
#432=ORIENTED_EDGE('',*,*,#1141,.F.);
#433=ORIENTED_EDGE('',*,*,#1130,.F.);
#434=ORIENTED_EDGE('',*,*,#1140,.T.);
#435=ORIENTED_EDGE('',*,*,#1109,.F.);
#436=ORIENTED_EDGE('',*,*,#1141,.T.);
#437=ORIENTED_EDGE('',*,*,#1121,.F.);
#438=ORIENTED_EDGE('',*,*,#1142,.T.);
#439=ORIENTED_EDGE('',*,*,#1143,.T.);
#440=ORIENTED_EDGE('',*,*,#1144,.T.);
#441=ORIENTED_EDGE('',*,*,#1145,.T.);
#442=ORIENTED_EDGE('',*,*,#1146,.F.);
#443=ORIENTED_EDGE('',*,*,#1147,.T.);
#444=ORIENTED_EDGE('',*,*,#1148,.T.);
#445=ORIENTED_EDGE('',*,*,#1149,.T.);
#446=ORIENTED_EDGE('',*,*,#1150,.F.);
#447=ORIENTED_EDGE('',*,*,#1151,.T.);
#448=ORIENTED_EDGE('',*,*,#1152,.T.);
#449=ORIENTED_EDGE('',*,*,#1153,.T.);
#450=ORIENTED_EDGE('',*,*,#1154,.F.);
#451=ORIENTED_EDGE('',*,*,#1155,.T.);
#452=ORIENTED_EDGE('',*,*,#1156,.T.);
#453=ORIENTED_EDGE('',*,*,#1157,.T.);
#454=ORIENTED_EDGE('',*,*,#1158,.T.);
#455=ORIENTED_EDGE('',*,*,#1159,.F.);
#456=ORIENTED_EDGE('',*,*,#1150,.T.);
#457=ORIENTED_EDGE('',*,*,#1160,.T.);
#458=ORIENTED_EDGE('',*,*,#1154,.T.);
#459=ORIENTED_EDGE('',*,*,#1161,.T.);
#460=ORIENTED_EDGE('',*,*,#1159,.T.);
#461=ORIENTED_EDGE('',*,*,#1162,.T.);
#462=ORIENTED_EDGE('',*,*,#1145,.F.);
#463=ORIENTED_EDGE('',*,*,#1163,.T.);
#464=ORIENTED_EDGE('',*,*,#1164,.T.);
#465=ORIENTED_EDGE('',*,*,#1165,.T.);
#466=ORIENTED_EDGE('',*,*,#1166,.T.);
#467=ORIENTED_EDGE('',*,*,#1167,.T.);
#468=ORIENTED_EDGE('',*,*,#1168,.T.);
#469=ORIENTED_EDGE('',*,*,#1169,.T.);
#470=ORIENTED_EDGE('',*,*,#1170,.T.);
#471=ORIENTED_EDGE('',*,*,#1171,.T.);
#472=ORIENTED_EDGE('',*,*,#1172,.F.);
#473=ORIENTED_EDGE('',*,*,#1146,.T.);
#474=ORIENTED_EDGE('',*,*,#1172,.T.);
#475=ORIENTED_EDGE('',*,*,#1173,.T.);
#476=ORIENTED_EDGE('',*,*,#1155,.F.);
#477=ORIENTED_EDGE('',*,*,#1173,.F.);
#478=ORIENTED_EDGE('',*,*,#1149,.F.);
#479=ORIENTED_EDGE('',*,*,#1174,.T.);
#480=ORIENTED_EDGE('',*,*,#1151,.F.);
#481=ORIENTED_EDGE('',*,*,#1160,.F.);
#482=ORIENTED_EDGE('',*,*,#1144,.F.);
#483=ORIENTED_EDGE('',*,*,#1175,.T.);
#484=ORIENTED_EDGE('',*,*,#1147,.F.);
#485=ORIENTED_EDGE('',*,*,#1163,.F.);
#486=ORIENTED_EDGE('',*,*,#1153,.F.);
#487=ORIENTED_EDGE('',*,*,#1176,.T.);
#488=ORIENTED_EDGE('',*,*,#1156,.F.);
#489=ORIENTED_EDGE('',*,*,#1161,.F.);
#490=ORIENTED_EDGE('',*,*,#1158,.F.);
#491=ORIENTED_EDGE('',*,*,#1177,.T.);
#492=ORIENTED_EDGE('',*,*,#1142,.F.);
#493=ORIENTED_EDGE('',*,*,#1162,.F.);
#494=ORIENTED_EDGE('',*,*,#1178,.F.);
#495=ORIENTED_EDGE('',*,*,#1169,.F.);
#496=ORIENTED_EDGE('',*,*,#1179,.F.);
#497=ORIENTED_EDGE('',*,*,#1143,.F.);
#498=ORIENTED_EDGE('',*,*,#1179,.T.);
#499=ORIENTED_EDGE('',*,*,#1168,.F.);
#500=ORIENTED_EDGE('',*,*,#1180,.F.);
#501=ORIENTED_EDGE('',*,*,#1175,.F.);
#502=ORIENTED_EDGE('',*,*,#1178,.T.);
#503=ORIENTED_EDGE('',*,*,#1177,.F.);
#504=ORIENTED_EDGE('',*,*,#1181,.F.);
#505=ORIENTED_EDGE('',*,*,#1170,.F.);
#506=ORIENTED_EDGE('',*,*,#1180,.T.);
#507=ORIENTED_EDGE('',*,*,#1167,.F.);
#508=ORIENTED_EDGE('',*,*,#1182,.F.);
#509=ORIENTED_EDGE('',*,*,#1148,.F.);
#510=ORIENTED_EDGE('',*,*,#1181,.T.);
#511=ORIENTED_EDGE('',*,*,#1157,.F.);
#512=ORIENTED_EDGE('',*,*,#1183,.F.);
#513=ORIENTED_EDGE('',*,*,#1171,.F.);
#514=ORIENTED_EDGE('',*,*,#1182,.T.);
#515=ORIENTED_EDGE('',*,*,#1166,.F.);
#516=ORIENTED_EDGE('',*,*,#1184,.F.);
#517=ORIENTED_EDGE('',*,*,#1174,.F.);
#518=ORIENTED_EDGE('',*,*,#1183,.T.);
#519=ORIENTED_EDGE('',*,*,#1176,.F.);
#520=ORIENTED_EDGE('',*,*,#1185,.F.);
#521=ORIENTED_EDGE('',*,*,#1164,.F.);
#522=ORIENTED_EDGE('',*,*,#1184,.T.);
#523=ORIENTED_EDGE('',*,*,#1165,.F.);
#524=ORIENTED_EDGE('',*,*,#1185,.T.);
#525=ORIENTED_EDGE('',*,*,#1152,.F.);
#526=ORIENTED_EDGE('',*,*,#1186,.T.);
#527=ORIENTED_EDGE('',*,*,#1187,.T.);
#528=ORIENTED_EDGE('',*,*,#1188,.T.);
#529=ORIENTED_EDGE('',*,*,#1189,.T.);
#530=ORIENTED_EDGE('',*,*,#1190,.F.);
#531=ORIENTED_EDGE('',*,*,#1191,.T.);
#532=ORIENTED_EDGE('',*,*,#1192,.T.);
#533=ORIENTED_EDGE('',*,*,#1193,.T.);
#534=ORIENTED_EDGE('',*,*,#1194,.F.);
#535=ORIENTED_EDGE('',*,*,#1195,.T.);
#536=ORIENTED_EDGE('',*,*,#1196,.T.);
#537=ORIENTED_EDGE('',*,*,#1197,.T.);
#538=ORIENTED_EDGE('',*,*,#1198,.F.);
#539=ORIENTED_EDGE('',*,*,#1199,.T.);
#540=ORIENTED_EDGE('',*,*,#1200,.T.);
#541=ORIENTED_EDGE('',*,*,#1201,.T.);
#542=ORIENTED_EDGE('',*,*,#1202,.T.);
#543=ORIENTED_EDGE('',*,*,#1203,.T.);
#544=ORIENTED_EDGE('',*,*,#1203,.F.);
#545=ORIENTED_EDGE('',*,*,#1204,.T.);
#546=ORIENTED_EDGE('',*,*,#1189,.F.);
#547=ORIENTED_EDGE('',*,*,#1205,.T.);
#548=ORIENTED_EDGE('',*,*,#1194,.T.);
#549=ORIENTED_EDGE('',*,*,#1206,.T.);
#550=ORIENTED_EDGE('',*,*,#1198,.T.);
#551=ORIENTED_EDGE('',*,*,#1207,.T.);
#552=ORIENTED_EDGE('',*,*,#1208,.T.);
#553=ORIENTED_EDGE('',*,*,#1209,.T.);
#554=ORIENTED_EDGE('',*,*,#1210,.T.);
#555=ORIENTED_EDGE('',*,*,#1211,.T.);
#556=ORIENTED_EDGE('',*,*,#1212,.T.);
#557=ORIENTED_EDGE('',*,*,#1213,.T.);
#558=ORIENTED_EDGE('',*,*,#1214,.T.);
#559=ORIENTED_EDGE('',*,*,#1215,.T.);
#560=ORIENTED_EDGE('',*,*,#1216,.F.);
#561=ORIENTED_EDGE('',*,*,#1190,.T.);
#562=ORIENTED_EDGE('',*,*,#1216,.T.);
#563=ORIENTED_EDGE('',*,*,#1217,.T.);
#564=ORIENTED_EDGE('',*,*,#1199,.F.);
#565=ORIENTED_EDGE('',*,*,#1217,.F.);
#566=ORIENTED_EDGE('',*,*,#1202,.F.);
#567=ORIENTED_EDGE('',*,*,#1218,.T.);
#568=ORIENTED_EDGE('',*,*,#1186,.F.);
#569=ORIENTED_EDGE('',*,*,#1204,.F.);
#570=ORIENTED_EDGE('',*,*,#1197,.F.);
#571=ORIENTED_EDGE('',*,*,#1219,.T.);
#572=ORIENTED_EDGE('',*,*,#1200,.F.);
#573=ORIENTED_EDGE('',*,*,#1207,.F.);
#574=ORIENTED_EDGE('',*,*,#1193,.F.);
#575=ORIENTED_EDGE('',*,*,#1220,.T.);
#576=ORIENTED_EDGE('',*,*,#1195,.F.);
#577=ORIENTED_EDGE('',*,*,#1206,.F.);
#578=ORIENTED_EDGE('',*,*,#1188,.F.);
#579=ORIENTED_EDGE('',*,*,#1221,.T.);
#580=ORIENTED_EDGE('',*,*,#1191,.F.);
#581=ORIENTED_EDGE('',*,*,#1205,.F.);
#582=ORIENTED_EDGE('',*,*,#1222,.F.);
#583=ORIENTED_EDGE('',*,*,#1192,.F.);
#584=ORIENTED_EDGE('',*,*,#1223,.F.);
#585=ORIENTED_EDGE('',*,*,#1213,.F.);
#586=ORIENTED_EDGE('',*,*,#1223,.T.);
#587=ORIENTED_EDGE('',*,*,#1221,.F.);
#588=ORIENTED_EDGE('',*,*,#1224,.F.);
#589=ORIENTED_EDGE('',*,*,#1214,.F.);
#590=ORIENTED_EDGE('',*,*,#1222,.T.);
#591=ORIENTED_EDGE('',*,*,#1212,.F.);
#592=ORIENTED_EDGE('',*,*,#1225,.F.);
#593=ORIENTED_EDGE('',*,*,#1220,.F.);
#594=ORIENTED_EDGE('',*,*,#1224,.T.);
#595=ORIENTED_EDGE('',*,*,#1187,.F.);
#596=ORIENTED_EDGE('',*,*,#1226,.F.);
#597=ORIENTED_EDGE('',*,*,#1215,.F.);
#598=ORIENTED_EDGE('',*,*,#1225,.T.);
#599=ORIENTED_EDGE('',*,*,#1211,.F.);
#600=ORIENTED_EDGE('',*,*,#1227,.F.);
#601=ORIENTED_EDGE('',*,*,#1196,.F.);
#602=ORIENTED_EDGE('',*,*,#1226,.T.);
#603=ORIENTED_EDGE('',*,*,#1218,.F.);
#604=ORIENTED_EDGE('',*,*,#1228,.F.);
#605=ORIENTED_EDGE('',*,*,#1208,.F.);
#606=ORIENTED_EDGE('',*,*,#1227,.T.);
#607=ORIENTED_EDGE('',*,*,#1210,.F.);
#608=ORIENTED_EDGE('',*,*,#1229,.F.);
#609=ORIENTED_EDGE('',*,*,#1219,.F.);
#610=ORIENTED_EDGE('',*,*,#1228,.T.);
#611=ORIENTED_EDGE('',*,*,#1201,.F.);
#612=ORIENTED_EDGE('',*,*,#1229,.T.);
#613=ORIENTED_EDGE('',*,*,#1209,.F.);
#614=ORIENTED_EDGE('',*,*,#1230,.T.);
#615=ORIENTED_EDGE('',*,*,#1231,.T.);
#616=ORIENTED_EDGE('',*,*,#1232,.T.);
#617=ORIENTED_EDGE('',*,*,#1233,.T.);
#618=ORIENTED_EDGE('',*,*,#1234,.F.);
#619=ORIENTED_EDGE('',*,*,#1235,.T.);
#620=ORIENTED_EDGE('',*,*,#1236,.T.);
#621=ORIENTED_EDGE('',*,*,#1237,.T.);
#622=ORIENTED_EDGE('',*,*,#1238,.F.);
#623=ORIENTED_EDGE('',*,*,#1239,.T.);
#624=ORIENTED_EDGE('',*,*,#1240,.T.);
#625=ORIENTED_EDGE('',*,*,#1241,.T.);
#626=ORIENTED_EDGE('',*,*,#1242,.F.);
#627=ORIENTED_EDGE('',*,*,#1243,.T.);
#628=ORIENTED_EDGE('',*,*,#1244,.T.);
#629=ORIENTED_EDGE('',*,*,#1245,.T.);
#630=ORIENTED_EDGE('',*,*,#1246,.T.);
#631=ORIENTED_EDGE('',*,*,#1247,.F.);
#632=ORIENTED_EDGE('',*,*,#1238,.T.);
#633=ORIENTED_EDGE('',*,*,#1248,.T.);
#634=ORIENTED_EDGE('',*,*,#1242,.T.);
#635=ORIENTED_EDGE('',*,*,#1249,.T.);
#636=ORIENTED_EDGE('',*,*,#1247,.T.);
#637=ORIENTED_EDGE('',*,*,#1250,.T.);
#638=ORIENTED_EDGE('',*,*,#1233,.F.);
#639=ORIENTED_EDGE('',*,*,#1251,.T.);
#640=ORIENTED_EDGE('',*,*,#1252,.T.);
#641=ORIENTED_EDGE('',*,*,#1253,.T.);
#642=ORIENTED_EDGE('',*,*,#1254,.T.);
#643=ORIENTED_EDGE('',*,*,#1255,.T.);
#644=ORIENTED_EDGE('',*,*,#1256,.T.);
#645=ORIENTED_EDGE('',*,*,#1257,.T.);
#646=ORIENTED_EDGE('',*,*,#1258,.T.);
#647=ORIENTED_EDGE('',*,*,#1259,.T.);
#648=ORIENTED_EDGE('',*,*,#1260,.F.);
#649=ORIENTED_EDGE('',*,*,#1234,.T.);
#650=ORIENTED_EDGE('',*,*,#1260,.T.);
#651=ORIENTED_EDGE('',*,*,#1261,.T.);
#652=ORIENTED_EDGE('',*,*,#1243,.F.);
#653=ORIENTED_EDGE('',*,*,#1261,.F.);
#654=ORIENTED_EDGE('',*,*,#1237,.F.);
#655=ORIENTED_EDGE('',*,*,#1262,.T.);
#656=ORIENTED_EDGE('',*,*,#1239,.F.);
#657=ORIENTED_EDGE('',*,*,#1248,.F.);
#658=ORIENTED_EDGE('',*,*,#1232,.F.);
#659=ORIENTED_EDGE('',*,*,#1263,.T.);
#660=ORIENTED_EDGE('',*,*,#1235,.F.);
#661=ORIENTED_EDGE('',*,*,#1251,.F.);
#662=ORIENTED_EDGE('',*,*,#1241,.F.);
#663=ORIENTED_EDGE('',*,*,#1264,.T.);
#664=ORIENTED_EDGE('',*,*,#1244,.F.);
#665=ORIENTED_EDGE('',*,*,#1249,.F.);
#666=ORIENTED_EDGE('',*,*,#1246,.F.);
#667=ORIENTED_EDGE('',*,*,#1265,.T.);
#668=ORIENTED_EDGE('',*,*,#1230,.F.);
#669=ORIENTED_EDGE('',*,*,#1250,.F.);
#670=ORIENTED_EDGE('',*,*,#1266,.F.);
#671=ORIENTED_EDGE('',*,*,#1257,.F.);
#672=ORIENTED_EDGE('',*,*,#1267,.F.);
#673=ORIENTED_EDGE('',*,*,#1236,.F.);
#674=ORIENTED_EDGE('',*,*,#1267,.T.);
#675=ORIENTED_EDGE('',*,*,#1256,.F.);
#676=ORIENTED_EDGE('',*,*,#1268,.F.);
#677=ORIENTED_EDGE('',*,*,#1262,.F.);
#678=ORIENTED_EDGE('',*,*,#1266,.T.);
#679=ORIENTED_EDGE('',*,*,#1263,.F.);
#680=ORIENTED_EDGE('',*,*,#1269,.F.);
#681=ORIENTED_EDGE('',*,*,#1258,.F.);
#682=ORIENTED_EDGE('',*,*,#1268,.T.);
#683=ORIENTED_EDGE('',*,*,#1255,.F.);
#684=ORIENTED_EDGE('',*,*,#1270,.F.);
#685=ORIENTED_EDGE('',*,*,#1240,.F.);
#686=ORIENTED_EDGE('',*,*,#1269,.T.);
#687=ORIENTED_EDGE('',*,*,#1231,.F.);
#688=ORIENTED_EDGE('',*,*,#1271,.F.);
#689=ORIENTED_EDGE('',*,*,#1259,.F.);
#690=ORIENTED_EDGE('',*,*,#1270,.T.);
#691=ORIENTED_EDGE('',*,*,#1254,.F.);
#692=ORIENTED_EDGE('',*,*,#1272,.F.);
#693=ORIENTED_EDGE('',*,*,#1264,.F.);
#694=ORIENTED_EDGE('',*,*,#1271,.T.);
#695=ORIENTED_EDGE('',*,*,#1265,.F.);
#696=ORIENTED_EDGE('',*,*,#1273,.F.);
#697=ORIENTED_EDGE('',*,*,#1252,.F.);
#698=ORIENTED_EDGE('',*,*,#1272,.T.);
#699=ORIENTED_EDGE('',*,*,#1253,.F.);
#700=ORIENTED_EDGE('',*,*,#1273,.T.);
#701=ORIENTED_EDGE('',*,*,#1245,.F.);
#702=ORIENTED_EDGE('',*,*,#1274,.T.);
#703=ORIENTED_EDGE('',*,*,#1275,.T.);
#704=ORIENTED_EDGE('',*,*,#1276,.T.);
#705=ORIENTED_EDGE('',*,*,#1277,.T.);
#706=ORIENTED_EDGE('',*,*,#1278,.F.);
#707=ORIENTED_EDGE('',*,*,#1279,.T.);
#708=ORIENTED_EDGE('',*,*,#1280,.T.);
#709=ORIENTED_EDGE('',*,*,#1281,.T.);
#710=ORIENTED_EDGE('',*,*,#1282,.F.);
#711=ORIENTED_EDGE('',*,*,#1283,.T.);
#712=ORIENTED_EDGE('',*,*,#1284,.T.);
#713=ORIENTED_EDGE('',*,*,#1285,.T.);
#714=ORIENTED_EDGE('',*,*,#1286,.T.);
#715=ORIENTED_EDGE('',*,*,#1287,.T.);
#716=ORIENTED_EDGE('',*,*,#1288,.T.);
#717=ORIENTED_EDGE('',*,*,#1289,.T.);
#718=ORIENTED_EDGE('',*,*,#1290,.T.);
#719=ORIENTED_EDGE('',*,*,#1291,.T.);
#720=ORIENTED_EDGE('',*,*,#1282,.T.);
#721=ORIENTED_EDGE('',*,*,#1292,.T.);
#722=ORIENTED_EDGE('',*,*,#1286,.F.);
#723=ORIENTED_EDGE('',*,*,#1293,.T.);
#724=ORIENTED_EDGE('',*,*,#1291,.F.);
#725=ORIENTED_EDGE('',*,*,#1294,.T.);
#726=ORIENTED_EDGE('',*,*,#1277,.F.);
#727=ORIENTED_EDGE('',*,*,#1295,.T.);
#728=ORIENTED_EDGE('',*,*,#1296,.T.);
#729=ORIENTED_EDGE('',*,*,#1297,.T.);
#730=ORIENTED_EDGE('',*,*,#1298,.T.);
#731=ORIENTED_EDGE('',*,*,#1299,.T.);
#732=ORIENTED_EDGE('',*,*,#1300,.T.);
#733=ORIENTED_EDGE('',*,*,#1301,.T.);
#734=ORIENTED_EDGE('',*,*,#1302,.T.);
#735=ORIENTED_EDGE('',*,*,#1303,.T.);
#736=ORIENTED_EDGE('',*,*,#1304,.F.);
#737=ORIENTED_EDGE('',*,*,#1278,.T.);
#738=ORIENTED_EDGE('',*,*,#1304,.T.);
#739=ORIENTED_EDGE('',*,*,#1305,.T.);
#740=ORIENTED_EDGE('',*,*,#1287,.F.);
#741=ORIENTED_EDGE('',*,*,#1305,.F.);
#742=ORIENTED_EDGE('',*,*,#1281,.F.);
#743=ORIENTED_EDGE('',*,*,#1306,.T.);
#744=ORIENTED_EDGE('',*,*,#1283,.F.);
#745=ORIENTED_EDGE('',*,*,#1292,.F.);
#746=ORIENTED_EDGE('',*,*,#1276,.F.);
#747=ORIENTED_EDGE('',*,*,#1307,.T.);
#748=ORIENTED_EDGE('',*,*,#1279,.F.);
#749=ORIENTED_EDGE('',*,*,#1295,.F.);
#750=ORIENTED_EDGE('',*,*,#1285,.F.);
#751=ORIENTED_EDGE('',*,*,#1308,.T.);
#752=ORIENTED_EDGE('',*,*,#1288,.F.);
#753=ORIENTED_EDGE('',*,*,#1293,.F.);
#754=ORIENTED_EDGE('',*,*,#1290,.F.);
#755=ORIENTED_EDGE('',*,*,#1309,.T.);
#756=ORIENTED_EDGE('',*,*,#1274,.F.);
#757=ORIENTED_EDGE('',*,*,#1294,.F.);
#758=ORIENTED_EDGE('',*,*,#1310,.F.);
#759=ORIENTED_EDGE('',*,*,#1275,.F.);
#760=ORIENTED_EDGE('',*,*,#1311,.F.);
#761=ORIENTED_EDGE('',*,*,#1301,.F.);
#762=ORIENTED_EDGE('',*,*,#1311,.T.);
#763=ORIENTED_EDGE('',*,*,#1309,.F.);
#764=ORIENTED_EDGE('',*,*,#1312,.F.);
#765=ORIENTED_EDGE('',*,*,#1302,.F.);
#766=ORIENTED_EDGE('',*,*,#1310,.T.);
#767=ORIENTED_EDGE('',*,*,#1300,.F.);
#768=ORIENTED_EDGE('',*,*,#1313,.F.);
#769=ORIENTED_EDGE('',*,*,#1307,.F.);
#770=ORIENTED_EDGE('',*,*,#1312,.T.);
#771=ORIENTED_EDGE('',*,*,#1289,.F.);
#772=ORIENTED_EDGE('',*,*,#1314,.F.);
#773=ORIENTED_EDGE('',*,*,#1303,.F.);
#774=ORIENTED_EDGE('',*,*,#1313,.T.);
#775=ORIENTED_EDGE('',*,*,#1299,.F.);
#776=ORIENTED_EDGE('',*,*,#1315,.F.);
#777=ORIENTED_EDGE('',*,*,#1280,.F.);
#778=ORIENTED_EDGE('',*,*,#1314,.T.);
#779=ORIENTED_EDGE('',*,*,#1308,.F.);
#780=ORIENTED_EDGE('',*,*,#1316,.F.);
#781=ORIENTED_EDGE('',*,*,#1296,.F.);
#782=ORIENTED_EDGE('',*,*,#1315,.T.);
#783=ORIENTED_EDGE('',*,*,#1298,.F.);
#784=ORIENTED_EDGE('',*,*,#1317,.F.);
#785=ORIENTED_EDGE('',*,*,#1306,.F.);
#786=ORIENTED_EDGE('',*,*,#1316,.T.);
#787=ORIENTED_EDGE('',*,*,#1284,.F.);
#788=ORIENTED_EDGE('',*,*,#1317,.T.);
#789=ORIENTED_EDGE('',*,*,#1297,.F.);
#790=ORIENTED_EDGE('',*,*,#1318,.T.);
#791=ORIENTED_EDGE('',*,*,#1319,.T.);
#792=ORIENTED_EDGE('',*,*,#1320,.T.);
#793=ORIENTED_EDGE('',*,*,#1321,.T.);
#794=ORIENTED_EDGE('',*,*,#1322,.T.);
#795=ORIENTED_EDGE('',*,*,#1323,.T.);
#796=ORIENTED_EDGE('',*,*,#1324,.T.);
#797=ORIENTED_EDGE('',*,*,#1325,.T.);
#798=ORIENTED_EDGE('',*,*,#1326,.F.);
#799=ORIENTED_EDGE('',*,*,#1327,.T.);
#800=ORIENTED_EDGE('',*,*,#1328,.T.);
#801=ORIENTED_EDGE('',*,*,#1329,.T.);
#802=ORIENTED_EDGE('',*,*,#1330,.F.);
#803=ORIENTED_EDGE('',*,*,#1331,.F.);
#804=ORIENTED_EDGE('',*,*,#1332,.T.);
#805=ORIENTED_EDGE('',*,*,#1333,.T.);
#806=ORIENTED_EDGE('',*,*,#1334,.T.);
#807=ORIENTED_EDGE('',*,*,#1335,.T.);
#808=ORIENTED_EDGE('',*,*,#1321,.F.);
#809=ORIENTED_EDGE('',*,*,#1336,.T.);
#810=ORIENTED_EDGE('',*,*,#1326,.T.);
#811=ORIENTED_EDGE('',*,*,#1337,.T.);
#812=ORIENTED_EDGE('',*,*,#1330,.T.);
#813=ORIENTED_EDGE('',*,*,#1338,.T.);
#814=ORIENTED_EDGE('',*,*,#1335,.F.);
#815=ORIENTED_EDGE('',*,*,#1339,.T.);
#816=ORIENTED_EDGE('',*,*,#1340,.T.);
#817=ORIENTED_EDGE('',*,*,#1341,.T.);
#818=ORIENTED_EDGE('',*,*,#1342,.T.);
#819=ORIENTED_EDGE('',*,*,#1343,.T.);
#820=ORIENTED_EDGE('',*,*,#1344,.T.);
#821=ORIENTED_EDGE('',*,*,#1345,.T.);
#822=ORIENTED_EDGE('',*,*,#1346,.T.);
#823=ORIENTED_EDGE('',*,*,#1347,.T.);
#824=ORIENTED_EDGE('',*,*,#1348,.F.);
#825=ORIENTED_EDGE('',*,*,#1331,.T.);
#826=ORIENTED_EDGE('',*,*,#1348,.T.);
#827=ORIENTED_EDGE('',*,*,#1349,.T.);
#828=ORIENTED_EDGE('',*,*,#1322,.F.);
#829=ORIENTED_EDGE('',*,*,#1349,.F.);
#830=ORIENTED_EDGE('',*,*,#1320,.F.);
#831=ORIENTED_EDGE('',*,*,#1350,.T.);
#832=ORIENTED_EDGE('',*,*,#1323,.F.);
#833=ORIENTED_EDGE('',*,*,#1336,.F.);
#834=ORIENTED_EDGE('',*,*,#1325,.F.);
#835=ORIENTED_EDGE('',*,*,#1351,.T.);
#836=ORIENTED_EDGE('',*,*,#1327,.F.);
#837=ORIENTED_EDGE('',*,*,#1337,.F.);
#838=ORIENTED_EDGE('',*,*,#1334,.F.);
#839=ORIENTED_EDGE('',*,*,#1352,.T.);
#840=ORIENTED_EDGE('',*,*,#1318,.F.);
#841=ORIENTED_EDGE('',*,*,#1339,.F.);
#842=ORIENTED_EDGE('',*,*,#1329,.F.);
#843=ORIENTED_EDGE('',*,*,#1353,.T.);
#844=ORIENTED_EDGE('',*,*,#1332,.F.);
#845=ORIENTED_EDGE('',*,*,#1338,.F.);
#846=ORIENTED_EDGE('',*,*,#1354,.F.);
#847=ORIENTED_EDGE('',*,*,#1324,.F.);
#848=ORIENTED_EDGE('',*,*,#1355,.F.);
#849=ORIENTED_EDGE('',*,*,#1345,.F.);
#850=ORIENTED_EDGE('',*,*,#1355,.T.);
#851=ORIENTED_EDGE('',*,*,#1350,.F.);
#852=ORIENTED_EDGE('',*,*,#1356,.F.);
#853=ORIENTED_EDGE('',*,*,#1346,.F.);
#854=ORIENTED_EDGE('',*,*,#1354,.T.);
#855=ORIENTED_EDGE('',*,*,#1344,.F.);
#856=ORIENTED_EDGE('',*,*,#1357,.F.);
#857=ORIENTED_EDGE('',*,*,#1351,.F.);
#858=ORIENTED_EDGE('',*,*,#1356,.T.);
#859=ORIENTED_EDGE('',*,*,#1319,.F.);
#860=ORIENTED_EDGE('',*,*,#1358,.F.);
#861=ORIENTED_EDGE('',*,*,#1347,.F.);
#862=ORIENTED_EDGE('',*,*,#1357,.T.);
#863=ORIENTED_EDGE('',*,*,#1343,.F.);
#864=ORIENTED_EDGE('',*,*,#1359,.F.);
#865=ORIENTED_EDGE('',*,*,#1328,.F.);
#866=ORIENTED_EDGE('',*,*,#1358,.T.);
#867=ORIENTED_EDGE('',*,*,#1352,.F.);
#868=ORIENTED_EDGE('',*,*,#1360,.F.);
#869=ORIENTED_EDGE('',*,*,#1340,.F.);
#870=ORIENTED_EDGE('',*,*,#1359,.T.);
#871=ORIENTED_EDGE('',*,*,#1342,.F.);
#872=ORIENTED_EDGE('',*,*,#1361,.F.);
#873=ORIENTED_EDGE('',*,*,#1353,.F.);
#874=ORIENTED_EDGE('',*,*,#1360,.T.);
#875=ORIENTED_EDGE('',*,*,#1333,.F.);
#876=ORIENTED_EDGE('',*,*,#1361,.T.);
#877=ORIENTED_EDGE('',*,*,#1341,.F.);
#878=ORIENTED_EDGE('',*,*,#1362,.T.);
#879=ORIENTED_EDGE('',*,*,#1363,.T.);
#880=ORIENTED_EDGE('',*,*,#1364,.T.);
#881=ORIENTED_EDGE('',*,*,#1365,.T.);
#882=ORIENTED_EDGE('',*,*,#1366,.T.);
#883=ORIENTED_EDGE('',*,*,#1367,.T.);
#884=ORIENTED_EDGE('',*,*,#1368,.T.);
#885=ORIENTED_EDGE('',*,*,#1369,.T.);
#886=ORIENTED_EDGE('',*,*,#1370,.F.);
#887=ORIENTED_EDGE('',*,*,#1371,.F.);
#888=ORIENTED_EDGE('',*,*,#1372,.T.);
#889=ORIENTED_EDGE('',*,*,#1373,.T.);
#890=ORIENTED_EDGE('',*,*,#1374,.T.);
#891=ORIENTED_EDGE('',*,*,#1375,.F.);
#892=ORIENTED_EDGE('',*,*,#1376,.T.);
#893=ORIENTED_EDGE('',*,*,#1377,.T.);
#894=ORIENTED_EDGE('',*,*,#1378,.T.);
#895=ORIENTED_EDGE('',*,*,#1379,.T.);
#896=ORIENTED_EDGE('',*,*,#1379,.F.);
#897=ORIENTED_EDGE('',*,*,#1380,.T.);
#898=ORIENTED_EDGE('',*,*,#1366,.F.);
#899=ORIENTED_EDGE('',*,*,#1381,.T.);
#900=ORIENTED_EDGE('',*,*,#1370,.T.);
#901=ORIENTED_EDGE('',*,*,#1382,.T.);
#902=ORIENTED_EDGE('',*,*,#1375,.T.);
#903=ORIENTED_EDGE('',*,*,#1383,.T.);
#904=ORIENTED_EDGE('',*,*,#1384,.T.);
#905=ORIENTED_EDGE('',*,*,#1385,.T.);
#906=ORIENTED_EDGE('',*,*,#1386,.T.);
#907=ORIENTED_EDGE('',*,*,#1387,.T.);
#908=ORIENTED_EDGE('',*,*,#1388,.T.);
#909=ORIENTED_EDGE('',*,*,#1389,.T.);
#910=ORIENTED_EDGE('',*,*,#1390,.T.);
#911=ORIENTED_EDGE('',*,*,#1391,.T.);
#912=ORIENTED_EDGE('',*,*,#1392,.F.);
#913=ORIENTED_EDGE('',*,*,#1371,.T.);
#914=ORIENTED_EDGE('',*,*,#1392,.T.);
#915=ORIENTED_EDGE('',*,*,#1393,.T.);
#916=ORIENTED_EDGE('',*,*,#1362,.F.);
#917=ORIENTED_EDGE('',*,*,#1393,.F.);
#918=ORIENTED_EDGE('',*,*,#1378,.F.);
#919=ORIENTED_EDGE('',*,*,#1394,.T.);
#920=ORIENTED_EDGE('',*,*,#1363,.F.);
#921=ORIENTED_EDGE('',*,*,#1380,.F.);
#922=ORIENTED_EDGE('',*,*,#1365,.F.);
#923=ORIENTED_EDGE('',*,*,#1395,.T.);
#924=ORIENTED_EDGE('',*,*,#1367,.F.);
#925=ORIENTED_EDGE('',*,*,#1381,.F.);
#926=ORIENTED_EDGE('',*,*,#1374,.F.);
#927=ORIENTED_EDGE('',*,*,#1396,.T.);
#928=ORIENTED_EDGE('',*,*,#1376,.F.);
#929=ORIENTED_EDGE('',*,*,#1383,.F.);
#930=ORIENTED_EDGE('',*,*,#1369,.F.);
#931=ORIENTED_EDGE('',*,*,#1397,.T.);
#932=ORIENTED_EDGE('',*,*,#1372,.F.);
#933=ORIENTED_EDGE('',*,*,#1382,.F.);
#934=ORIENTED_EDGE('',*,*,#1398,.F.);
#935=ORIENTED_EDGE('',*,*,#1389,.F.);
#936=ORIENTED_EDGE('',*,*,#1399,.F.);
#937=ORIENTED_EDGE('',*,*,#1364,.F.);
#938=ORIENTED_EDGE('',*,*,#1399,.T.);
#939=ORIENTED_EDGE('',*,*,#1388,.F.);
#940=ORIENTED_EDGE('',*,*,#1400,.F.);
#941=ORIENTED_EDGE('',*,*,#1395,.F.);
#942=ORIENTED_EDGE('',*,*,#1398,.T.);
#943=ORIENTED_EDGE('',*,*,#1394,.F.);
#944=ORIENTED_EDGE('',*,*,#1401,.F.);
#945=ORIENTED_EDGE('',*,*,#1390,.F.);
#946=ORIENTED_EDGE('',*,*,#1400,.T.);
#947=ORIENTED_EDGE('',*,*,#1387,.F.);
#948=ORIENTED_EDGE('',*,*,#1402,.F.);
#949=ORIENTED_EDGE('',*,*,#1368,.F.);
#950=ORIENTED_EDGE('',*,*,#1401,.T.);
#951=ORIENTED_EDGE('',*,*,#1377,.F.);
#952=ORIENTED_EDGE('',*,*,#1403,.F.);
#953=ORIENTED_EDGE('',*,*,#1391,.F.);
#954=ORIENTED_EDGE('',*,*,#1402,.T.);
#955=ORIENTED_EDGE('',*,*,#1386,.F.);
#956=ORIENTED_EDGE('',*,*,#1404,.F.);
#957=ORIENTED_EDGE('',*,*,#1397,.F.);
#958=ORIENTED_EDGE('',*,*,#1403,.T.);
#959=ORIENTED_EDGE('',*,*,#1396,.F.);
#960=ORIENTED_EDGE('',*,*,#1405,.F.);
#961=ORIENTED_EDGE('',*,*,#1384,.F.);
#962=ORIENTED_EDGE('',*,*,#1404,.T.);
#963=ORIENTED_EDGE('',*,*,#1385,.F.);
#964=ORIENTED_EDGE('',*,*,#1405,.T.);
#965=ORIENTED_EDGE('',*,*,#1373,.F.);
#966=ORIENTED_EDGE('',*,*,#1406,.T.);
#967=ORIENTED_EDGE('',*,*,#1407,.T.);
#968=ORIENTED_EDGE('',*,*,#1408,.T.);
#969=ORIENTED_EDGE('',*,*,#1409,.T.);
#970=ORIENTED_EDGE('',*,*,#1410,.T.);
#971=ORIENTED_EDGE('',*,*,#1411,.T.);
#972=ORIENTED_EDGE('',*,*,#1412,.T.);
#973=ORIENTED_EDGE('',*,*,#1413,.T.);
#974=ORIENTED_EDGE('',*,*,#1414,.F.);
#975=ORIENTED_EDGE('',*,*,#1415,.F.);
#976=ORIENTED_EDGE('',*,*,#1416,.T.);
#977=ORIENTED_EDGE('',*,*,#1417,.T.);
#978=ORIENTED_EDGE('',*,*,#1418,.T.);
#979=ORIENTED_EDGE('',*,*,#1419,.F.);
#980=ORIENTED_EDGE('',*,*,#1420,.T.);
#981=ORIENTED_EDGE('',*,*,#1421,.T.);
#982=ORIENTED_EDGE('',*,*,#1422,.T.);
#983=ORIENTED_EDGE('',*,*,#1423,.T.);
#984=ORIENTED_EDGE('',*,*,#1423,.F.);
#985=ORIENTED_EDGE('',*,*,#1424,.T.);
#986=ORIENTED_EDGE('',*,*,#1410,.F.);
#987=ORIENTED_EDGE('',*,*,#1425,.T.);
#988=ORIENTED_EDGE('',*,*,#1414,.T.);
#989=ORIENTED_EDGE('',*,*,#1426,.T.);
#990=ORIENTED_EDGE('',*,*,#1419,.T.);
#991=ORIENTED_EDGE('',*,*,#1427,.T.);
#992=ORIENTED_EDGE('',*,*,#1428,.T.);
#993=ORIENTED_EDGE('',*,*,#1429,.T.);
#994=ORIENTED_EDGE('',*,*,#1430,.T.);
#995=ORIENTED_EDGE('',*,*,#1431,.T.);
#996=ORIENTED_EDGE('',*,*,#1432,.T.);
#997=ORIENTED_EDGE('',*,*,#1433,.T.);
#998=ORIENTED_EDGE('',*,*,#1434,.T.);
#999=ORIENTED_EDGE('',*,*,#1435,.T.);
#1000=ORIENTED_EDGE('',*,*,#1436,.F.);
#1001=ORIENTED_EDGE('',*,*,#1415,.T.);
#1002=ORIENTED_EDGE('',*,*,#1436,.T.);
#1003=ORIENTED_EDGE('',*,*,#1437,.T.);
#1004=ORIENTED_EDGE('',*,*,#1406,.F.);
#1005=ORIENTED_EDGE('',*,*,#1437,.F.);
#1006=ORIENTED_EDGE('',*,*,#1422,.F.);
#1007=ORIENTED_EDGE('',*,*,#1438,.T.);
#1008=ORIENTED_EDGE('',*,*,#1407,.F.);
#1009=ORIENTED_EDGE('',*,*,#1424,.F.);
#1010=ORIENTED_EDGE('',*,*,#1418,.F.);
#1011=ORIENTED_EDGE('',*,*,#1439,.T.);
#1012=ORIENTED_EDGE('',*,*,#1420,.F.);
#1013=ORIENTED_EDGE('',*,*,#1427,.F.);
#1014=ORIENTED_EDGE('',*,*,#1413,.F.);
#1015=ORIENTED_EDGE('',*,*,#1440,.T.);
#1016=ORIENTED_EDGE('',*,*,#1416,.F.);
#1017=ORIENTED_EDGE('',*,*,#1426,.F.);
#1018=ORIENTED_EDGE('',*,*,#1409,.F.);
#1019=ORIENTED_EDGE('',*,*,#1441,.T.);
#1020=ORIENTED_EDGE('',*,*,#1411,.F.);
#1021=ORIENTED_EDGE('',*,*,#1425,.F.);
#1022=ORIENTED_EDGE('',*,*,#1442,.F.);
#1023=ORIENTED_EDGE('',*,*,#1433,.F.);
#1024=ORIENTED_EDGE('',*,*,#1443,.F.);
#1025=ORIENTED_EDGE('',*,*,#1408,.F.);
#1026=ORIENTED_EDGE('',*,*,#1443,.T.);
#1027=ORIENTED_EDGE('',*,*,#1432,.F.);
#1028=ORIENTED_EDGE('',*,*,#1444,.F.);
#1029=ORIENTED_EDGE('',*,*,#1441,.F.);
#1030=ORIENTED_EDGE('',*,*,#1442,.T.);
#1031=ORIENTED_EDGE('',*,*,#1438,.F.);
#1032=ORIENTED_EDGE('',*,*,#1445,.F.);
#1033=ORIENTED_EDGE('',*,*,#1434,.F.);
#1034=ORIENTED_EDGE('',*,*,#1444,.T.);
#1035=ORIENTED_EDGE('',*,*,#1431,.F.);
#1036=ORIENTED_EDGE('',*,*,#1446,.F.);
#1037=ORIENTED_EDGE('',*,*,#1412,.F.);
#1038=ORIENTED_EDGE('',*,*,#1445,.T.);
#1039=ORIENTED_EDGE('',*,*,#1421,.F.);
#1040=ORIENTED_EDGE('',*,*,#1447,.F.);
#1041=ORIENTED_EDGE('',*,*,#1435,.F.);
#1042=ORIENTED_EDGE('',*,*,#1446,.T.);
#1043=ORIENTED_EDGE('',*,*,#1430,.F.);
#1044=ORIENTED_EDGE('',*,*,#1448,.F.);
#1045=ORIENTED_EDGE('',*,*,#1440,.F.);
#1046=ORIENTED_EDGE('',*,*,#1447,.T.);
#1047=ORIENTED_EDGE('',*,*,#1439,.F.);
#1048=ORIENTED_EDGE('',*,*,#1449,.F.);
#1049=ORIENTED_EDGE('',*,*,#1428,.F.);
#1050=ORIENTED_EDGE('',*,*,#1448,.T.);
#1051=ORIENTED_EDGE('',*,*,#1429,.F.);
#1052=ORIENTED_EDGE('',*,*,#1449,.T.);
#1053=ORIENTED_EDGE('',*,*,#1417,.F.);
#1054=EDGE_CURVE('',#1450,#1451,#1702,.T.);
#1055=EDGE_CURVE('',#1451,#1452,#1703,.T.);
#1056=EDGE_CURVE('',#1452,#1453,#1704,.F.);
#1057=EDGE_CURVE('',#1453,#1450,#1705,.T.);
#1058=EDGE_CURVE('',#1454,#1454,#118,.T.);
#1059=EDGE_CURVE('',#1455,#1456,#1706,.T.);
#1060=EDGE_CURVE('',#1456,#1457,#1707,.T.);
#1061=EDGE_CURVE('',#1457,#1458,#1708,.F.);
#1062=EDGE_CURVE('',#1455,#1458,#1709,.T.);
#1063=EDGE_CURVE('',#1459,#1460,#1710,.T.);
#1064=EDGE_CURVE('',#1460,#1461,#1711,.T.);
#1065=EDGE_CURVE('',#1461,#1462,#1712,.F.);
#1066=EDGE_CURVE('',#1459,#1462,#1713,.T.);
#1067=EDGE_CURVE('',#1463,#1463,#119,.T.);
#1068=EDGE_CURVE('',#1464,#1465,#1714,.T.);
#1069=EDGE_CURVE('',#1465,#1466,#1715,.T.);
#1070=EDGE_CURVE('',#1466,#1467,#1716,.F.);
#1071=EDGE_CURVE('',#1467,#1464,#1717,.T.);
#1072=EDGE_CURVE('',#1453,#1455,#120,.T.);
#1073=EDGE_CURVE('',#1458,#1459,#121,.T.);
#1074=EDGE_CURVE('',#1462,#1464,#122,.T.);
#1075=EDGE_CURVE('',#1467,#1450,#123,.T.);
#1076=EDGE_CURVE('',#1468,#1469,#124,.F.);
#1077=EDGE_CURVE('',#1469,#1470,#1718,.T.);
#1078=EDGE_CURVE('',#1470,#1471,#125,.F.);
#1079=EDGE_CURVE('',#1471,#1472,#1719,.T.);
#1080=EDGE_CURVE('',#1472,#1473,#126,.F.);
#1081=EDGE_CURVE('',#1473,#1474,#1720,.T.);
#1082=EDGE_CURVE('',#1474,#1475,#127,.F.);
#1083=EDGE_CURVE('',#1475,#1468,#1721,.T.);
#1084=EDGE_CURVE('',#1476,#1476,#128,.T.);
#1085=EDGE_CURVE('',#1477,#1477,#129,.T.);
#1086=EDGE_CURVE('',#1452,#1456,#130,.T.);
#1087=EDGE_CURVE('',#1457,#1460,#131,.T.);
#1088=EDGE_CURVE('',#1461,#1465,#132,.T.);
#1089=EDGE_CURVE('',#1466,#1451,#133,.T.);
#1090=EDGE_CURVE('',#1457,#1473,#1722,.T.);
#1091=EDGE_CURVE('',#1474,#1456,#1723,.T.);
#1092=EDGE_CURVE('',#1475,#1452,#1724,.T.);
#1093=EDGE_CURVE('',#1460,#1472,#1725,.T.);
#1094=EDGE_CURVE('',#1468,#1451,#1726,.T.);
#1095=EDGE_CURVE('',#1461,#1471,#1727,.T.);
#1096=EDGE_CURVE('',#1469,#1466,#1728,.T.);
#1097=EDGE_CURVE('',#1465,#1470,#1729,.T.);
#1098=EDGE_CURVE('',#1478,#1478,#134,.T.);
#1099=EDGE_CURVE('',#1479,#1480,#1730,.T.);
#1100=EDGE_CURVE('',#1480,#1481,#1731,.T.);
#1101=EDGE_CURVE('',#1481,#1482,#1732,.F.);
#1102=EDGE_CURVE('',#1479,#1482,#1733,.T.);
#1103=EDGE_CURVE('',#1483,#1484,#1734,.T.);
#1104=EDGE_CURVE('',#1484,#1485,#1735,.T.);
#1105=EDGE_CURVE('',#1485,#1486,#1736,.F.);
#1106=EDGE_CURVE('',#1483,#1486,#1737,.T.);
#1107=EDGE_CURVE('',#1487,#1487,#135,.T.);
#1108=EDGE_CURVE('',#1488,#1489,#1738,.T.);
#1109=EDGE_CURVE('',#1489,#1490,#1739,.T.);
#1110=EDGE_CURVE('',#1490,#1491,#1740,.F.);
#1111=EDGE_CURVE('',#1491,#1488,#1741,.T.);
#1112=EDGE_CURVE('',#1492,#1493,#1742,.T.);
#1113=EDGE_CURVE('',#1493,#1494,#1743,.T.);
#1114=EDGE_CURVE('',#1494,#1495,#1744,.F.);
#1115=EDGE_CURVE('',#1495,#1492,#1745,.T.);
#1116=EDGE_CURVE('',#1486,#1488,#136,.T.);
#1117=EDGE_CURVE('',#1491,#1492,#137,.T.);
#1118=EDGE_CURVE('',#1495,#1479,#138,.T.);
#1119=EDGE_CURVE('',#1482,#1483,#139,.T.);
#1120=EDGE_CURVE('',#1496,#1497,#140,.F.);
#1121=EDGE_CURVE('',#1497,#1498,#1746,.T.);
#1122=EDGE_CURVE('',#1498,#1499,#141,.F.);
#1123=EDGE_CURVE('',#1499,#1500,#1747,.T.);
#1124=EDGE_CURVE('',#1500,#1501,#142,.F.);
#1125=EDGE_CURVE('',#1501,#1502,#1748,.T.);
#1126=EDGE_CURVE('',#1502,#1503,#143,.F.);
#1127=EDGE_CURVE('',#1503,#1496,#1749,.T.);
#1128=EDGE_CURVE('',#1504,#1504,#144,.T.);
#1129=EDGE_CURVE('',#1505,#1505,#145,.T.);
#1130=EDGE_CURVE('',#1485,#1489,#146,.T.);
#1131=EDGE_CURVE('',#1490,#1493,#147,.T.);
#1132=EDGE_CURVE('',#1481,#1484,#148,.T.);
#1133=EDGE_CURVE('',#1494,#1480,#149,.T.);
#1134=EDGE_CURVE('',#1481,#1501,#1750,.T.);
#1135=EDGE_CURVE('',#1502,#1480,#1751,.T.);
#1136=EDGE_CURVE('',#1503,#1494,#1752,.T.);
#1137=EDGE_CURVE('',#1484,#1500,#1753,.T.);
#1138=EDGE_CURVE('',#1496,#1493,#1754,.T.);
#1139=EDGE_CURVE('',#1485,#1499,#1755,.T.);
#1140=EDGE_CURVE('',#1497,#1490,#1756,.T.);
#1141=EDGE_CURVE('',#1489,#1498,#1757,.T.);
#1142=EDGE_CURVE('',#1506,#1507,#1758,.T.);
#1143=EDGE_CURVE('',#1507,#1508,#1759,.T.);
#1144=EDGE_CURVE('',#1508,#1509,#1760,.F.);
#1145=EDGE_CURVE('',#1509,#1506,#1761,.T.);
#1146=EDGE_CURVE('',#1510,#1510,#150,.T.);
#1147=EDGE_CURVE('',#1511,#1512,#1762,.T.);
#1148=EDGE_CURVE('',#1512,#1513,#1763,.T.);
#1149=EDGE_CURVE('',#1513,#1514,#1764,.F.);
#1150=EDGE_CURVE('',#1511,#1514,#1765,.T.);
#1151=EDGE_CURVE('',#1515,#1516,#1766,.T.);
#1152=EDGE_CURVE('',#1516,#1517,#1767,.T.);
#1153=EDGE_CURVE('',#1517,#1518,#1768,.F.);
#1154=EDGE_CURVE('',#1515,#1518,#1769,.T.);
#1155=EDGE_CURVE('',#1519,#1519,#151,.T.);
#1156=EDGE_CURVE('',#1520,#1521,#1770,.T.);
#1157=EDGE_CURVE('',#1521,#1522,#1771,.T.);
#1158=EDGE_CURVE('',#1522,#1523,#1772,.F.);
#1159=EDGE_CURVE('',#1520,#1523,#1773,.T.);
#1160=EDGE_CURVE('',#1514,#1515,#152,.T.);
#1161=EDGE_CURVE('',#1518,#1520,#153,.T.);
#1162=EDGE_CURVE('',#1523,#1506,#154,.T.);
#1163=EDGE_CURVE('',#1509,#1511,#155,.T.);
#1164=EDGE_CURVE('',#1524,#1525,#156,.F.);
#1165=EDGE_CURVE('',#1525,#1526,#1774,.T.);
#1166=EDGE_CURVE('',#1526,#1527,#157,.F.);
#1167=EDGE_CURVE('',#1527,#1528,#1775,.T.);
#1168=EDGE_CURVE('',#1528,#1529,#158,.F.);
#1169=EDGE_CURVE('',#1529,#1530,#1776,.T.);
#1170=EDGE_CURVE('',#1530,#1531,#159,.F.);
#1171=EDGE_CURVE('',#1531,#1524,#1777,.T.);
#1172=EDGE_CURVE('',#1532,#1532,#160,.T.);
#1173=EDGE_CURVE('',#1533,#1533,#161,.T.);
#1174=EDGE_CURVE('',#1513,#1516,#162,.T.);
#1175=EDGE_CURVE('',#1508,#1512,#163,.T.);
#1176=EDGE_CURVE('',#1517,#1521,#164,.T.);
#1177=EDGE_CURVE('',#1522,#1507,#165,.T.);
#1178=EDGE_CURVE('',#1530,#1507,#1778,.T.);
#1179=EDGE_CURVE('',#1508,#1529,#1779,.T.);
#1180=EDGE_CURVE('',#1512,#1528,#1780,.T.);
#1181=EDGE_CURVE('',#1531,#1522,#1781,.T.);
#1182=EDGE_CURVE('',#1513,#1527,#1782,.T.);
#1183=EDGE_CURVE('',#1524,#1521,#1783,.T.);
#1184=EDGE_CURVE('',#1516,#1526,#1784,.T.);
#1185=EDGE_CURVE('',#1525,#1517,#1785,.T.);
#1186=EDGE_CURVE('',#1534,#1535,#1786,.T.);
#1187=EDGE_CURVE('',#1535,#1536,#1787,.T.);
#1188=EDGE_CURVE('',#1536,#1537,#1788,.F.);
#1189=EDGE_CURVE('',#1537,#1534,#1789,.T.);
#1190=EDGE_CURVE('',#1538,#1538,#166,.T.);
#1191=EDGE_CURVE('',#1539,#1540,#1790,.T.);
#1192=EDGE_CURVE('',#1540,#1541,#1791,.T.);
#1193=EDGE_CURVE('',#1541,#1542,#1792,.F.);
#1194=EDGE_CURVE('',#1539,#1542,#1793,.T.);
#1195=EDGE_CURVE('',#1543,#1544,#1794,.T.);
#1196=EDGE_CURVE('',#1544,#1545,#1795,.T.);
#1197=EDGE_CURVE('',#1545,#1546,#1796,.F.);
#1198=EDGE_CURVE('',#1543,#1546,#1797,.T.);
#1199=EDGE_CURVE('',#1547,#1547,#167,.T.);
#1200=EDGE_CURVE('',#1548,#1549,#1798,.T.);
#1201=EDGE_CURVE('',#1549,#1550,#1799,.T.);
#1202=EDGE_CURVE('',#1550,#1551,#1800,.F.);
#1203=EDGE_CURVE('',#1551,#1548,#1801,.T.);
#1204=EDGE_CURVE('',#1551,#1534,#168,.T.);
#1205=EDGE_CURVE('',#1537,#1539,#169,.T.);
#1206=EDGE_CURVE('',#1542,#1543,#170,.T.);
#1207=EDGE_CURVE('',#1546,#1548,#171,.T.);
#1208=EDGE_CURVE('',#1552,#1553,#172,.F.);
#1209=EDGE_CURVE('',#1553,#1554,#1802,.T.);
#1210=EDGE_CURVE('',#1554,#1555,#173,.F.);
#1211=EDGE_CURVE('',#1555,#1556,#1803,.T.);
#1212=EDGE_CURVE('',#1556,#1557,#174,.F.);
#1213=EDGE_CURVE('',#1557,#1558,#1804,.T.);
#1214=EDGE_CURVE('',#1558,#1559,#175,.F.);
#1215=EDGE_CURVE('',#1559,#1552,#1805,.T.);
#1216=EDGE_CURVE('',#1560,#1560,#176,.T.);
#1217=EDGE_CURVE('',#1561,#1561,#177,.T.);
#1218=EDGE_CURVE('',#1550,#1535,#178,.T.);
#1219=EDGE_CURVE('',#1545,#1549,#179,.T.);
#1220=EDGE_CURVE('',#1541,#1544,#180,.T.);
#1221=EDGE_CURVE('',#1536,#1540,#181,.T.);
#1222=EDGE_CURVE('',#1541,#1557,#1806,.T.);
#1223=EDGE_CURVE('',#1558,#1540,#1807,.T.);
#1224=EDGE_CURVE('',#1559,#1536,#1808,.T.);
#1225=EDGE_CURVE('',#1544,#1556,#1809,.T.);
#1226=EDGE_CURVE('',#1552,#1535,#1810,.T.);
#1227=EDGE_CURVE('',#1545,#1555,#1811,.T.);
#1228=EDGE_CURVE('',#1553,#1550,#1812,.T.);
#1229=EDGE_CURVE('',#1549,#1554,#1813,.T.);
#1230=EDGE_CURVE('',#1562,#1563,#1814,.T.);
#1231=EDGE_CURVE('',#1563,#1564,#1815,.T.);
#1232=EDGE_CURVE('',#1564,#1565,#1816,.F.);
#1233=EDGE_CURVE('',#1565,#1562,#1817,.T.);
#1234=EDGE_CURVE('',#1566,#1566,#182,.T.);
#1235=EDGE_CURVE('',#1567,#1568,#1818,.T.);
#1236=EDGE_CURVE('',#1568,#1569,#1819,.T.);
#1237=EDGE_CURVE('',#1569,#1570,#1820,.F.);
#1238=EDGE_CURVE('',#1567,#1570,#1821,.T.);
#1239=EDGE_CURVE('',#1571,#1572,#1822,.T.);
#1240=EDGE_CURVE('',#1572,#1573,#1823,.T.);
#1241=EDGE_CURVE('',#1573,#1574,#1824,.F.);
#1242=EDGE_CURVE('',#1571,#1574,#1825,.T.);
#1243=EDGE_CURVE('',#1575,#1575,#183,.T.);
#1244=EDGE_CURVE('',#1576,#1577,#1826,.T.);
#1245=EDGE_CURVE('',#1577,#1578,#1827,.T.);
#1246=EDGE_CURVE('',#1578,#1579,#1828,.F.);
#1247=EDGE_CURVE('',#1576,#1579,#1829,.T.);
#1248=EDGE_CURVE('',#1570,#1571,#184,.T.);
#1249=EDGE_CURVE('',#1574,#1576,#185,.T.);
#1250=EDGE_CURVE('',#1579,#1562,#186,.T.);
#1251=EDGE_CURVE('',#1565,#1567,#187,.T.);
#1252=EDGE_CURVE('',#1580,#1581,#188,.F.);
#1253=EDGE_CURVE('',#1581,#1582,#1830,.T.);
#1254=EDGE_CURVE('',#1582,#1583,#189,.F.);
#1255=EDGE_CURVE('',#1583,#1584,#1831,.T.);
#1256=EDGE_CURVE('',#1584,#1585,#190,.F.);
#1257=EDGE_CURVE('',#1585,#1586,#1832,.T.);
#1258=EDGE_CURVE('',#1586,#1587,#191,.F.);
#1259=EDGE_CURVE('',#1587,#1580,#1833,.T.);
#1260=EDGE_CURVE('',#1588,#1588,#192,.T.);
#1261=EDGE_CURVE('',#1589,#1589,#193,.T.);
#1262=EDGE_CURVE('',#1569,#1572,#194,.T.);
#1263=EDGE_CURVE('',#1564,#1568,#195,.T.);
#1264=EDGE_CURVE('',#1573,#1577,#196,.T.);
#1265=EDGE_CURVE('',#1578,#1563,#197,.T.);
#1266=EDGE_CURVE('',#1586,#1568,#1834,.T.);
#1267=EDGE_CURVE('',#1569,#1585,#1835,.T.);
#1268=EDGE_CURVE('',#1572,#1584,#1836,.T.);
#1269=EDGE_CURVE('',#1587,#1564,#1837,.T.);
#1270=EDGE_CURVE('',#1573,#1583,#1838,.T.);
#1271=EDGE_CURVE('',#1580,#1563,#1839,.T.);
#1272=EDGE_CURVE('',#1577,#1582,#1840,.T.);
#1273=EDGE_CURVE('',#1581,#1578,#1841,.T.);
#1274=EDGE_CURVE('',#1590,#1591,#1842,.T.);
#1275=EDGE_CURVE('',#1591,#1592,#1843,.T.);
#1276=EDGE_CURVE('',#1592,#1593,#1844,.F.);
#1277=EDGE_CURVE('',#1593,#1590,#1845,.T.);
#1278=EDGE_CURVE('',#1594,#1594,#198,.T.);
#1279=EDGE_CURVE('',#1595,#1596,#1846,.T.);
#1280=EDGE_CURVE('',#1596,#1597,#1847,.T.);
#1281=EDGE_CURVE('',#1597,#1598,#1848,.F.);
#1282=EDGE_CURVE('',#1595,#1598,#1849,.T.);
#1283=EDGE_CURVE('',#1599,#1600,#1850,.T.);
#1284=EDGE_CURVE('',#1600,#1601,#1851,.T.);
#1285=EDGE_CURVE('',#1601,#1602,#1852,.F.);
#1286=EDGE_CURVE('',#1602,#1599,#1853,.T.);
#1287=EDGE_CURVE('',#1603,#1603,#199,.T.);
#1288=EDGE_CURVE('',#1604,#1605,#1854,.T.);
#1289=EDGE_CURVE('',#1605,#1606,#1855,.T.);
#1290=EDGE_CURVE('',#1606,#1607,#1856,.F.);
#1291=EDGE_CURVE('',#1607,#1604,#1857,.T.);
#1292=EDGE_CURVE('',#1598,#1599,#200,.T.);
#1293=EDGE_CURVE('',#1602,#1604,#201,.T.);
#1294=EDGE_CURVE('',#1607,#1590,#202,.T.);
#1295=EDGE_CURVE('',#1593,#1595,#203,.T.);
#1296=EDGE_CURVE('',#1608,#1609,#204,.F.);
#1297=EDGE_CURVE('',#1609,#1610,#1858,.T.);
#1298=EDGE_CURVE('',#1610,#1611,#205,.F.);
#1299=EDGE_CURVE('',#1611,#1612,#1859,.T.);
#1300=EDGE_CURVE('',#1612,#1613,#206,.F.);
#1301=EDGE_CURVE('',#1613,#1614,#1860,.T.);
#1302=EDGE_CURVE('',#1614,#1615,#207,.F.);
#1303=EDGE_CURVE('',#1615,#1608,#1861,.T.);
#1304=EDGE_CURVE('',#1616,#1616,#208,.T.);
#1305=EDGE_CURVE('',#1617,#1617,#209,.T.);
#1306=EDGE_CURVE('',#1597,#1600,#210,.T.);
#1307=EDGE_CURVE('',#1592,#1596,#211,.T.);
#1308=EDGE_CURVE('',#1601,#1605,#212,.T.);
#1309=EDGE_CURVE('',#1606,#1591,#213,.T.);
#1310=EDGE_CURVE('',#1592,#1613,#1862,.T.);
#1311=EDGE_CURVE('',#1614,#1591,#1863,.T.);
#1312=EDGE_CURVE('',#1615,#1606,#1864,.T.);
#1313=EDGE_CURVE('',#1596,#1612,#1865,.T.);
#1314=EDGE_CURVE('',#1608,#1605,#1866,.T.);
#1315=EDGE_CURVE('',#1597,#1611,#1867,.T.);
#1316=EDGE_CURVE('',#1609,#1601,#1868,.T.);
#1317=EDGE_CURVE('',#1600,#1610,#1869,.T.);
#1318=EDGE_CURVE('',#1618,#1619,#1870,.T.);
#1319=EDGE_CURVE('',#1619,#1620,#1871,.T.);
#1320=EDGE_CURVE('',#1620,#1621,#1872,.F.);
#1321=EDGE_CURVE('',#1621,#1618,#1873,.T.);
#1322=EDGE_CURVE('',#1622,#1622,#214,.T.);
#1323=EDGE_CURVE('',#1623,#1624,#1874,.T.);
#1324=EDGE_CURVE('',#1624,#1625,#1875,.T.);
#1325=EDGE_CURVE('',#1625,#1626,#1876,.F.);
#1326=EDGE_CURVE('',#1623,#1626,#1877,.T.);
#1327=EDGE_CURVE('',#1627,#1628,#1878,.T.);
#1328=EDGE_CURVE('',#1628,#1629,#1879,.T.);
#1329=EDGE_CURVE('',#1629,#1630,#1880,.F.);
#1330=EDGE_CURVE('',#1627,#1630,#1881,.T.);
#1331=EDGE_CURVE('',#1631,#1631,#215,.T.);
#1332=EDGE_CURVE('',#1632,#1633,#1882,.T.);
#1333=EDGE_CURVE('',#1633,#1634,#1883,.T.);
#1334=EDGE_CURVE('',#1634,#1635,#1884,.F.);
#1335=EDGE_CURVE('',#1635,#1632,#1885,.T.);
#1336=EDGE_CURVE('',#1621,#1623,#216,.T.);
#1337=EDGE_CURVE('',#1626,#1627,#217,.T.);
#1338=EDGE_CURVE('',#1630,#1632,#218,.T.);
#1339=EDGE_CURVE('',#1635,#1618,#219,.T.);
#1340=EDGE_CURVE('',#1636,#1637,#220,.F.);
#1341=EDGE_CURVE('',#1637,#1638,#1886,.T.);
#1342=EDGE_CURVE('',#1638,#1639,#221,.F.);
#1343=EDGE_CURVE('',#1639,#1640,#1887,.T.);
#1344=EDGE_CURVE('',#1640,#1641,#222,.F.);
#1345=EDGE_CURVE('',#1641,#1642,#1888,.T.);
#1346=EDGE_CURVE('',#1642,#1643,#223,.F.);
#1347=EDGE_CURVE('',#1643,#1636,#1889,.T.);
#1348=EDGE_CURVE('',#1644,#1644,#224,.T.);
#1349=EDGE_CURVE('',#1645,#1645,#225,.T.);
#1350=EDGE_CURVE('',#1620,#1624,#226,.T.);
#1351=EDGE_CURVE('',#1625,#1628,#227,.T.);
#1352=EDGE_CURVE('',#1634,#1619,#228,.T.);
#1353=EDGE_CURVE('',#1629,#1633,#229,.T.);
#1354=EDGE_CURVE('',#1625,#1641,#1890,.T.);
#1355=EDGE_CURVE('',#1642,#1624,#1891,.T.);
#1356=EDGE_CURVE('',#1643,#1620,#1892,.T.);
#1357=EDGE_CURVE('',#1628,#1640,#1893,.T.);
#1358=EDGE_CURVE('',#1636,#1619,#1894,.T.);
#1359=EDGE_CURVE('',#1629,#1639,#1895,.T.);
#1360=EDGE_CURVE('',#1637,#1634,#1896,.T.);
#1361=EDGE_CURVE('',#1633,#1638,#1897,.T.);
#1362=EDGE_CURVE('',#1646,#1646,#230,.T.);
#1363=EDGE_CURVE('',#1647,#1648,#1898,.T.);
#1364=EDGE_CURVE('',#1648,#1649,#1899,.T.);
#1365=EDGE_CURVE('',#1649,#1650,#1900,.F.);
#1366=EDGE_CURVE('',#1650,#1647,#1901,.T.);
#1367=EDGE_CURVE('',#1651,#1652,#1902,.T.);
#1368=EDGE_CURVE('',#1652,#1653,#1903,.T.);
#1369=EDGE_CURVE('',#1653,#1654,#1904,.F.);
#1370=EDGE_CURVE('',#1651,#1654,#1905,.T.);
#1371=EDGE_CURVE('',#1655,#1655,#231,.T.);
#1372=EDGE_CURVE('',#1656,#1657,#1906,.T.);
#1373=EDGE_CURVE('',#1657,#1658,#1907,.T.);
#1374=EDGE_CURVE('',#1658,#1659,#1908,.F.);
#1375=EDGE_CURVE('',#1656,#1659,#1909,.T.);
#1376=EDGE_CURVE('',#1660,#1661,#1910,.T.);
#1377=EDGE_CURVE('',#1661,#1662,#1911,.T.);
#1378=EDGE_CURVE('',#1662,#1663,#1912,.F.);
#1379=EDGE_CURVE('',#1663,#1660,#1913,.T.);
#1380=EDGE_CURVE('',#1663,#1647,#232,.T.);
#1381=EDGE_CURVE('',#1650,#1651,#233,.T.);
#1382=EDGE_CURVE('',#1654,#1656,#234,.T.);
#1383=EDGE_CURVE('',#1659,#1660,#235,.T.);
#1384=EDGE_CURVE('',#1664,#1665,#236,.F.);
#1385=EDGE_CURVE('',#1665,#1666,#1914,.T.);
#1386=EDGE_CURVE('',#1666,#1667,#237,.F.);
#1387=EDGE_CURVE('',#1667,#1668,#1915,.T.);
#1388=EDGE_CURVE('',#1668,#1669,#238,.F.);
#1389=EDGE_CURVE('',#1669,#1670,#1916,.T.);
#1390=EDGE_CURVE('',#1670,#1671,#239,.F.);
#1391=EDGE_CURVE('',#1671,#1664,#1917,.T.);
#1392=EDGE_CURVE('',#1672,#1672,#240,.T.);
#1393=EDGE_CURVE('',#1673,#1673,#241,.T.);
#1394=EDGE_CURVE('',#1662,#1648,#242,.T.);
#1395=EDGE_CURVE('',#1649,#1652,#243,.T.);
#1396=EDGE_CURVE('',#1658,#1661,#244,.T.);
#1397=EDGE_CURVE('',#1653,#1657,#245,.T.);
#1398=EDGE_CURVE('',#1670,#1648,#1918,.T.);
#1399=EDGE_CURVE('',#1649,#1669,#1919,.T.);
#1400=EDGE_CURVE('',#1652,#1668,#1920,.T.);
#1401=EDGE_CURVE('',#1671,#1662,#1921,.T.);
#1402=EDGE_CURVE('',#1653,#1667,#1922,.T.);
#1403=EDGE_CURVE('',#1664,#1661,#1923,.T.);
#1404=EDGE_CURVE('',#1657,#1666,#1924,.T.);
#1405=EDGE_CURVE('',#1665,#1658,#1925,.T.);
#1406=EDGE_CURVE('',#1674,#1674,#246,.T.);
#1407=EDGE_CURVE('',#1675,#1676,#1926,.T.);
#1408=EDGE_CURVE('',#1676,#1677,#1927,.T.);
#1409=EDGE_CURVE('',#1677,#1678,#1928,.F.);
#1410=EDGE_CURVE('',#1678,#1675,#1929,.T.);
#1411=EDGE_CURVE('',#1679,#1680,#1930,.T.);
#1412=EDGE_CURVE('',#1680,#1681,#1931,.T.);
#1413=EDGE_CURVE('',#1681,#1682,#1932,.F.);
#1414=EDGE_CURVE('',#1679,#1682,#1933,.T.);
#1415=EDGE_CURVE('',#1683,#1683,#247,.T.);
#1416=EDGE_CURVE('',#1684,#1685,#1934,.T.);
#1417=EDGE_CURVE('',#1685,#1686,#1935,.T.);
#1418=EDGE_CURVE('',#1686,#1687,#1936,.F.);
#1419=EDGE_CURVE('',#1684,#1687,#1937,.T.);
#1420=EDGE_CURVE('',#1688,#1689,#1938,.T.);
#1421=EDGE_CURVE('',#1689,#1690,#1939,.T.);
#1422=EDGE_CURVE('',#1690,#1691,#1940,.F.);
#1423=EDGE_CURVE('',#1691,#1688,#1941,.T.);
#1424=EDGE_CURVE('',#1691,#1675,#248,.T.);
#1425=EDGE_CURVE('',#1678,#1679,#249,.T.);
#1426=EDGE_CURVE('',#1682,#1684,#250,.T.);
#1427=EDGE_CURVE('',#1687,#1688,#251,.T.);
#1428=EDGE_CURVE('',#1692,#1693,#252,.F.);
#1429=EDGE_CURVE('',#1693,#1694,#1942,.T.);
#1430=EDGE_CURVE('',#1694,#1695,#253,.F.);
#1431=EDGE_CURVE('',#1695,#1696,#1943,.T.);
#1432=EDGE_CURVE('',#1696,#1697,#254,.F.);
#1433=EDGE_CURVE('',#1697,#1698,#1944,.T.);
#1434=EDGE_CURVE('',#1698,#1699,#255,.F.);
#1435=EDGE_CURVE('',#1699,#1692,#1945,.T.);
#1436=EDGE_CURVE('',#1700,#1700,#256,.T.);
#1437=EDGE_CURVE('',#1701,#1701,#257,.T.);
#1438=EDGE_CURVE('',#1690,#1676,#258,.T.);
#1439=EDGE_CURVE('',#1686,#1689,#259,.T.);
#1440=EDGE_CURVE('',#1681,#1685,#260,.T.);
#1441=EDGE_CURVE('',#1677,#1680,#261,.T.);
#1442=EDGE_CURVE('',#1698,#1676,#1946,.T.);
#1443=EDGE_CURVE('',#1677,#1697,#1947,.T.);
#1444=EDGE_CURVE('',#1680,#1696,#1948,.T.);
#1445=EDGE_CURVE('',#1699,#1690,#1949,.T.);
#1446=EDGE_CURVE('',#1681,#1695,#1950,.T.);
#1447=EDGE_CURVE('',#1692,#1689,#1951,.T.);
#1448=EDGE_CURVE('',#1685,#1694,#1952,.T.);
#1449=EDGE_CURVE('',#1693,#1686,#1953,.T.);
#1450=VERTEX_POINT('',#4395);
#1451=VERTEX_POINT('',#4396);
#1452=VERTEX_POINT('',#4398);
#1453=VERTEX_POINT('',#4400);
#1454=VERTEX_POINT('',#4404);
#1455=VERTEX_POINT('',#4406);
#1456=VERTEX_POINT('',#4407);
#1457=VERTEX_POINT('',#4409);
#1458=VERTEX_POINT('',#4411);
#1459=VERTEX_POINT('',#4415);
#1460=VERTEX_POINT('',#4416);
#1461=VERTEX_POINT('',#4418);
#1462=VERTEX_POINT('',#4420);
#1463=VERTEX_POINT('',#4424);
#1464=VERTEX_POINT('',#4426);
#1465=VERTEX_POINT('',#4427);
#1466=VERTEX_POINT('',#4429);
#1467=VERTEX_POINT('',#4431);
#1468=VERTEX_POINT('',#4440);
#1469=VERTEX_POINT('',#4441);
#1470=VERTEX_POINT('',#4443);
#1471=VERTEX_POINT('',#4445);
#1472=VERTEX_POINT('',#4447);
#1473=VERTEX_POINT('',#4449);
#1474=VERTEX_POINT('',#4451);
#1475=VERTEX_POINT('',#4453);
#1476=VERTEX_POINT('',#4457);
#1477=VERTEX_POINT('',#4461);
#1478=VERTEX_POINT('',#4490);
#1479=VERTEX_POINT('',#4492);
#1480=VERTEX_POINT('',#4493);
#1481=VERTEX_POINT('',#4495);
#1482=VERTEX_POINT('',#4497);
#1483=VERTEX_POINT('',#4501);
#1484=VERTEX_POINT('',#4502);
#1485=VERTEX_POINT('',#4504);
#1486=VERTEX_POINT('',#4506);
#1487=VERTEX_POINT('',#4510);
#1488=VERTEX_POINT('',#4512);
#1489=VERTEX_POINT('',#4513);
#1490=VERTEX_POINT('',#4515);
#1491=VERTEX_POINT('',#4517);
#1492=VERTEX_POINT('',#4521);
#1493=VERTEX_POINT('',#4522);
#1494=VERTEX_POINT('',#4524);
#1495=VERTEX_POINT('',#4526);
#1496=VERTEX_POINT('',#4535);
#1497=VERTEX_POINT('',#4536);
#1498=VERTEX_POINT('',#4538);
#1499=VERTEX_POINT('',#4540);
#1500=VERTEX_POINT('',#4542);
#1501=VERTEX_POINT('',#4544);
#1502=VERTEX_POINT('',#4546);
#1503=VERTEX_POINT('',#4548);
#1504=VERTEX_POINT('',#4552);
#1505=VERTEX_POINT('',#4556);
#1506=VERTEX_POINT('',#4585);
#1507=VERTEX_POINT('',#4586);
#1508=VERTEX_POINT('',#4588);
#1509=VERTEX_POINT('',#4590);
#1510=VERTEX_POINT('',#4594);
#1511=VERTEX_POINT('',#4596);
#1512=VERTEX_POINT('',#4597);
#1513=VERTEX_POINT('',#4599);
#1514=VERTEX_POINT('',#4601);
#1515=VERTEX_POINT('',#4605);
#1516=VERTEX_POINT('',#4606);
#1517=VERTEX_POINT('',#4608);
#1518=VERTEX_POINT('',#4610);
#1519=VERTEX_POINT('',#4614);
#1520=VERTEX_POINT('',#4616);
#1521=VERTEX_POINT('',#4617);
#1522=VERTEX_POINT('',#4619);
#1523=VERTEX_POINT('',#4621);
#1524=VERTEX_POINT('',#4630);
#1525=VERTEX_POINT('',#4631);
#1526=VERTEX_POINT('',#4633);
#1527=VERTEX_POINT('',#4635);
#1528=VERTEX_POINT('',#4637);
#1529=VERTEX_POINT('',#4639);
#1530=VERTEX_POINT('',#4641);
#1531=VERTEX_POINT('',#4643);
#1532=VERTEX_POINT('',#4647);
#1533=VERTEX_POINT('',#4651);
#1534=VERTEX_POINT('',#4680);
#1535=VERTEX_POINT('',#4681);
#1536=VERTEX_POINT('',#4683);
#1537=VERTEX_POINT('',#4685);
#1538=VERTEX_POINT('',#4689);
#1539=VERTEX_POINT('',#4691);
#1540=VERTEX_POINT('',#4692);
#1541=VERTEX_POINT('',#4694);
#1542=VERTEX_POINT('',#4696);
#1543=VERTEX_POINT('',#4700);
#1544=VERTEX_POINT('',#4701);
#1545=VERTEX_POINT('',#4703);
#1546=VERTEX_POINT('',#4705);
#1547=VERTEX_POINT('',#4709);
#1548=VERTEX_POINT('',#4711);
#1549=VERTEX_POINT('',#4712);
#1550=VERTEX_POINT('',#4714);
#1551=VERTEX_POINT('',#4716);
#1552=VERTEX_POINT('',#4725);
#1553=VERTEX_POINT('',#4726);
#1554=VERTEX_POINT('',#4728);
#1555=VERTEX_POINT('',#4730);
#1556=VERTEX_POINT('',#4732);
#1557=VERTEX_POINT('',#4734);
#1558=VERTEX_POINT('',#4736);
#1559=VERTEX_POINT('',#4738);
#1560=VERTEX_POINT('',#4742);
#1561=VERTEX_POINT('',#4746);
#1562=VERTEX_POINT('',#4775);
#1563=VERTEX_POINT('',#4776);
#1564=VERTEX_POINT('',#4778);
#1565=VERTEX_POINT('',#4780);
#1566=VERTEX_POINT('',#4784);
#1567=VERTEX_POINT('',#4786);
#1568=VERTEX_POINT('',#4787);
#1569=VERTEX_POINT('',#4789);
#1570=VERTEX_POINT('',#4791);
#1571=VERTEX_POINT('',#4795);
#1572=VERTEX_POINT('',#4796);
#1573=VERTEX_POINT('',#4798);
#1574=VERTEX_POINT('',#4800);
#1575=VERTEX_POINT('',#4804);
#1576=VERTEX_POINT('',#4806);
#1577=VERTEX_POINT('',#4807);
#1578=VERTEX_POINT('',#4809);
#1579=VERTEX_POINT('',#4811);
#1580=VERTEX_POINT('',#4820);
#1581=VERTEX_POINT('',#4821);
#1582=VERTEX_POINT('',#4823);
#1583=VERTEX_POINT('',#4825);
#1584=VERTEX_POINT('',#4827);
#1585=VERTEX_POINT('',#4829);
#1586=VERTEX_POINT('',#4831);
#1587=VERTEX_POINT('',#4833);
#1588=VERTEX_POINT('',#4837);
#1589=VERTEX_POINT('',#4841);
#1590=VERTEX_POINT('',#4870);
#1591=VERTEX_POINT('',#4871);
#1592=VERTEX_POINT('',#4873);
#1593=VERTEX_POINT('',#4875);
#1594=VERTEX_POINT('',#4879);
#1595=VERTEX_POINT('',#4881);
#1596=VERTEX_POINT('',#4882);
#1597=VERTEX_POINT('',#4884);
#1598=VERTEX_POINT('',#4886);
#1599=VERTEX_POINT('',#4890);
#1600=VERTEX_POINT('',#4891);
#1601=VERTEX_POINT('',#4893);
#1602=VERTEX_POINT('',#4895);
#1603=VERTEX_POINT('',#4899);
#1604=VERTEX_POINT('',#4901);
#1605=VERTEX_POINT('',#4902);
#1606=VERTEX_POINT('',#4904);
#1607=VERTEX_POINT('',#4906);
#1608=VERTEX_POINT('',#4915);
#1609=VERTEX_POINT('',#4916);
#1610=VERTEX_POINT('',#4918);
#1611=VERTEX_POINT('',#4920);
#1612=VERTEX_POINT('',#4922);
#1613=VERTEX_POINT('',#4924);
#1614=VERTEX_POINT('',#4926);
#1615=VERTEX_POINT('',#4928);
#1616=VERTEX_POINT('',#4932);
#1617=VERTEX_POINT('',#4936);
#1618=VERTEX_POINT('',#4965);
#1619=VERTEX_POINT('',#4966);
#1620=VERTEX_POINT('',#4968);
#1621=VERTEX_POINT('',#4970);
#1622=VERTEX_POINT('',#4974);
#1623=VERTEX_POINT('',#4976);
#1624=VERTEX_POINT('',#4977);
#1625=VERTEX_POINT('',#4979);
#1626=VERTEX_POINT('',#4981);
#1627=VERTEX_POINT('',#4985);
#1628=VERTEX_POINT('',#4986);
#1629=VERTEX_POINT('',#4988);
#1630=VERTEX_POINT('',#4990);
#1631=VERTEX_POINT('',#4994);
#1632=VERTEX_POINT('',#4996);
#1633=VERTEX_POINT('',#4997);
#1634=VERTEX_POINT('',#4999);
#1635=VERTEX_POINT('',#5001);
#1636=VERTEX_POINT('',#5010);
#1637=VERTEX_POINT('',#5011);
#1638=VERTEX_POINT('',#5013);
#1639=VERTEX_POINT('',#5015);
#1640=VERTEX_POINT('',#5017);
#1641=VERTEX_POINT('',#5019);
#1642=VERTEX_POINT('',#5021);
#1643=VERTEX_POINT('',#5023);
#1644=VERTEX_POINT('',#5027);
#1645=VERTEX_POINT('',#5031);
#1646=VERTEX_POINT('',#5060);
#1647=VERTEX_POINT('',#5062);
#1648=VERTEX_POINT('',#5063);
#1649=VERTEX_POINT('',#5065);
#1650=VERTEX_POINT('',#5067);
#1651=VERTEX_POINT('',#5071);
#1652=VERTEX_POINT('',#5072);
#1653=VERTEX_POINT('',#5074);
#1654=VERTEX_POINT('',#5076);
#1655=VERTEX_POINT('',#5080);
#1656=VERTEX_POINT('',#5082);
#1657=VERTEX_POINT('',#5083);
#1658=VERTEX_POINT('',#5085);
#1659=VERTEX_POINT('',#5087);
#1660=VERTEX_POINT('',#5091);
#1661=VERTEX_POINT('',#5092);
#1662=VERTEX_POINT('',#5094);
#1663=VERTEX_POINT('',#5096);
#1664=VERTEX_POINT('',#5105);
#1665=VERTEX_POINT('',#5106);
#1666=VERTEX_POINT('',#5108);
#1667=VERTEX_POINT('',#5110);
#1668=VERTEX_POINT('',#5112);
#1669=VERTEX_POINT('',#5114);
#1670=VERTEX_POINT('',#5116);
#1671=VERTEX_POINT('',#5118);
#1672=VERTEX_POINT('',#5122);
#1673=VERTEX_POINT('',#5126);
#1674=VERTEX_POINT('',#5155);
#1675=VERTEX_POINT('',#5157);
#1676=VERTEX_POINT('',#5158);
#1677=VERTEX_POINT('',#5160);
#1678=VERTEX_POINT('',#5162);
#1679=VERTEX_POINT('',#5166);
#1680=VERTEX_POINT('',#5167);
#1681=VERTEX_POINT('',#5169);
#1682=VERTEX_POINT('',#5171);
#1683=VERTEX_POINT('',#5175);
#1684=VERTEX_POINT('',#5177);
#1685=VERTEX_POINT('',#5178);
#1686=VERTEX_POINT('',#5180);
#1687=VERTEX_POINT('',#5182);
#1688=VERTEX_POINT('',#5186);
#1689=VERTEX_POINT('',#5187);
#1690=VERTEX_POINT('',#5189);
#1691=VERTEX_POINT('',#5191);
#1692=VERTEX_POINT('',#5200);
#1693=VERTEX_POINT('',#5201);
#1694=VERTEX_POINT('',#5203);
#1695=VERTEX_POINT('',#5205);
#1696=VERTEX_POINT('',#5207);
#1697=VERTEX_POINT('',#5209);
#1698=VERTEX_POINT('',#5211);
#1699=VERTEX_POINT('',#5213);
#1700=VERTEX_POINT('',#5217);
#1701=VERTEX_POINT('',#5221);
#1702=LINE('',#4394,#1954);
#1703=LINE('',#4397,#1955);
#1704=LINE('',#4399,#1956);
#1705=LINE('',#4401,#1957);
#1706=LINE('',#4405,#1958);
#1707=LINE('',#4408,#1959);
#1708=LINE('',#4410,#1960);
#1709=LINE('',#4412,#1961);
#1710=LINE('',#4414,#1962);
#1711=LINE('',#4417,#1963);
#1712=LINE('',#4419,#1964);
#1713=LINE('',#4421,#1965);
#1714=LINE('',#4425,#1966);
#1715=LINE('',#4428,#1967);
#1716=LINE('',#4430,#1968);
#1717=LINE('',#4432,#1969);
#1718=LINE('',#4442,#1970);
#1719=LINE('',#4446,#1971);
#1720=LINE('',#4450,#1972);
#1721=LINE('',#4454,#1973);
#1722=LINE('',#4472,#1974);
#1723=LINE('',#4473,#1975);
#1724=LINE('',#4475,#1976);
#1725=LINE('',#4477,#1977);
#1726=LINE('',#4479,#1978);
#1727=LINE('',#4481,#1979);
#1728=LINE('',#4483,#1980);
#1729=LINE('',#4485,#1981);
#1730=LINE('',#4491,#1982);
#1731=LINE('',#4494,#1983);
#1732=LINE('',#4496,#1984);
#1733=LINE('',#4498,#1985);
#1734=LINE('',#4500,#1986);
#1735=LINE('',#4503,#1987);
#1736=LINE('',#4505,#1988);
#1737=LINE('',#4507,#1989);
#1738=LINE('',#4511,#1990);
#1739=LINE('',#4514,#1991);
#1740=LINE('',#4516,#1992);
#1741=LINE('',#4518,#1993);
#1742=LINE('',#4520,#1994);
#1743=LINE('',#4523,#1995);
#1744=LINE('',#4525,#1996);
#1745=LINE('',#4527,#1997);
#1746=LINE('',#4537,#1998);
#1747=LINE('',#4541,#1999);
#1748=LINE('',#4545,#2000);
#1749=LINE('',#4549,#2001);
#1750=LINE('',#4567,#2002);
#1751=LINE('',#4568,#2003);
#1752=LINE('',#4570,#2004);
#1753=LINE('',#4572,#2005);
#1754=LINE('',#4574,#2006);
#1755=LINE('',#4576,#2007);
#1756=LINE('',#4578,#2008);
#1757=LINE('',#4580,#2009);
#1758=LINE('',#4584,#2010);
#1759=LINE('',#4587,#2011);
#1760=LINE('',#4589,#2012);
#1761=LINE('',#4591,#2013);
#1762=LINE('',#4595,#2014);
#1763=LINE('',#4598,#2015);
#1764=LINE('',#4600,#2016);
#1765=LINE('',#4602,#2017);
#1766=LINE('',#4604,#2018);
#1767=LINE('',#4607,#2019);
#1768=LINE('',#4609,#2020);
#1769=LINE('',#4611,#2021);
#1770=LINE('',#4615,#2022);
#1771=LINE('',#4618,#2023);
#1772=LINE('',#4620,#2024);
#1773=LINE('',#4622,#2025);
#1774=LINE('',#4632,#2026);
#1775=LINE('',#4636,#2027);
#1776=LINE('',#4640,#2028);
#1777=LINE('',#4644,#2029);
#1778=LINE('',#4662,#2030);
#1779=LINE('',#4663,#2031);
#1780=LINE('',#4665,#2032);
#1781=LINE('',#4667,#2033);
#1782=LINE('',#4669,#2034);
#1783=LINE('',#4671,#2035);
#1784=LINE('',#4673,#2036);
#1785=LINE('',#4675,#2037);
#1786=LINE('',#4679,#2038);
#1787=LINE('',#4682,#2039);
#1788=LINE('',#4684,#2040);
#1789=LINE('',#4686,#2041);
#1790=LINE('',#4690,#2042);
#1791=LINE('',#4693,#2043);
#1792=LINE('',#4695,#2044);
#1793=LINE('',#4697,#2045);
#1794=LINE('',#4699,#2046);
#1795=LINE('',#4702,#2047);
#1796=LINE('',#4704,#2048);
#1797=LINE('',#4706,#2049);
#1798=LINE('',#4710,#2050);
#1799=LINE('',#4713,#2051);
#1800=LINE('',#4715,#2052);
#1801=LINE('',#4717,#2053);
#1802=LINE('',#4727,#2054);
#1803=LINE('',#4731,#2055);
#1804=LINE('',#4735,#2056);
#1805=LINE('',#4739,#2057);
#1806=LINE('',#4757,#2058);
#1807=LINE('',#4758,#2059);
#1808=LINE('',#4760,#2060);
#1809=LINE('',#4762,#2061);
#1810=LINE('',#4764,#2062);
#1811=LINE('',#4766,#2063);
#1812=LINE('',#4768,#2064);
#1813=LINE('',#4770,#2065);
#1814=LINE('',#4774,#2066);
#1815=LINE('',#4777,#2067);
#1816=LINE('',#4779,#2068);
#1817=LINE('',#4781,#2069);
#1818=LINE('',#4785,#2070);
#1819=LINE('',#4788,#2071);
#1820=LINE('',#4790,#2072);
#1821=LINE('',#4792,#2073);
#1822=LINE('',#4794,#2074);
#1823=LINE('',#4797,#2075);
#1824=LINE('',#4799,#2076);
#1825=LINE('',#4801,#2077);
#1826=LINE('',#4805,#2078);
#1827=LINE('',#4808,#2079);
#1828=LINE('',#4810,#2080);
#1829=LINE('',#4812,#2081);
#1830=LINE('',#4822,#2082);
#1831=LINE('',#4826,#2083);
#1832=LINE('',#4830,#2084);
#1833=LINE('',#4834,#2085);
#1834=LINE('',#4852,#2086);
#1835=LINE('',#4853,#2087);
#1836=LINE('',#4855,#2088);
#1837=LINE('',#4857,#2089);
#1838=LINE('',#4859,#2090);
#1839=LINE('',#4861,#2091);
#1840=LINE('',#4863,#2092);
#1841=LINE('',#4865,#2093);
#1842=LINE('',#4869,#2094);
#1843=LINE('',#4872,#2095);
#1844=LINE('',#4874,#2096);
#1845=LINE('',#4876,#2097);
#1846=LINE('',#4880,#2098);
#1847=LINE('',#4883,#2099);
#1848=LINE('',#4885,#2100);
#1849=LINE('',#4887,#2101);
#1850=LINE('',#4889,#2102);
#1851=LINE('',#4892,#2103);
#1852=LINE('',#4894,#2104);
#1853=LINE('',#4896,#2105);
#1854=LINE('',#4900,#2106);
#1855=LINE('',#4903,#2107);
#1856=LINE('',#4905,#2108);
#1857=LINE('',#4907,#2109);
#1858=LINE('',#4917,#2110);
#1859=LINE('',#4921,#2111);
#1860=LINE('',#4925,#2112);
#1861=LINE('',#4929,#2113);
#1862=LINE('',#4947,#2114);
#1863=LINE('',#4948,#2115);
#1864=LINE('',#4950,#2116);
#1865=LINE('',#4952,#2117);
#1866=LINE('',#4954,#2118);
#1867=LINE('',#4956,#2119);
#1868=LINE('',#4958,#2120);
#1869=LINE('',#4960,#2121);
#1870=LINE('',#4964,#2122);
#1871=LINE('',#4967,#2123);
#1872=LINE('',#4969,#2124);
#1873=LINE('',#4971,#2125);
#1874=LINE('',#4975,#2126);
#1875=LINE('',#4978,#2127);
#1876=LINE('',#4980,#2128);
#1877=LINE('',#4982,#2129);
#1878=LINE('',#4984,#2130);
#1879=LINE('',#4987,#2131);
#1880=LINE('',#4989,#2132);
#1881=LINE('',#4991,#2133);
#1882=LINE('',#4995,#2134);
#1883=LINE('',#4998,#2135);
#1884=LINE('',#5000,#2136);
#1885=LINE('',#5002,#2137);
#1886=LINE('',#5012,#2138);
#1887=LINE('',#5016,#2139);
#1888=LINE('',#5020,#2140);
#1889=LINE('',#5024,#2141);
#1890=LINE('',#5042,#2142);
#1891=LINE('',#5043,#2143);
#1892=LINE('',#5045,#2144);
#1893=LINE('',#5047,#2145);
#1894=LINE('',#5049,#2146);
#1895=LINE('',#5051,#2147);
#1896=LINE('',#5053,#2148);
#1897=LINE('',#5055,#2149);
#1898=LINE('',#5061,#2150);
#1899=LINE('',#5064,#2151);
#1900=LINE('',#5066,#2152);
#1901=LINE('',#5068,#2153);
#1902=LINE('',#5070,#2154);
#1903=LINE('',#5073,#2155);
#1904=LINE('',#5075,#2156);
#1905=LINE('',#5077,#2157);
#1906=LINE('',#5081,#2158);
#1907=LINE('',#5084,#2159);
#1908=LINE('',#5086,#2160);
#1909=LINE('',#5088,#2161);
#1910=LINE('',#5090,#2162);
#1911=LINE('',#5093,#2163);
#1912=LINE('',#5095,#2164);
#1913=LINE('',#5097,#2165);
#1914=LINE('',#5107,#2166);
#1915=LINE('',#5111,#2167);
#1916=LINE('',#5115,#2168);
#1917=LINE('',#5119,#2169);
#1918=LINE('',#5137,#2170);
#1919=LINE('',#5138,#2171);
#1920=LINE('',#5140,#2172);
#1921=LINE('',#5142,#2173);
#1922=LINE('',#5144,#2174);
#1923=LINE('',#5146,#2175);
#1924=LINE('',#5148,#2176);
#1925=LINE('',#5150,#2177);
#1926=LINE('',#5156,#2178);
#1927=LINE('',#5159,#2179);
#1928=LINE('',#5161,#2180);
#1929=LINE('',#5163,#2181);
#1930=LINE('',#5165,#2182);
#1931=LINE('',#5168,#2183);
#1932=LINE('',#5170,#2184);
#1933=LINE('',#5172,#2185);
#1934=LINE('',#5176,#2186);
#1935=LINE('',#5179,#2187);
#1936=LINE('',#5181,#2188);
#1937=LINE('',#5183,#2189);
#1938=LINE('',#5185,#2190);
#1939=LINE('',#5188,#2191);
#1940=LINE('',#5190,#2192);
#1941=LINE('',#5192,#2193);
#1942=LINE('',#5202,#2194);
#1943=LINE('',#5206,#2195);
#1944=LINE('',#5210,#2196);
#1945=LINE('',#5214,#2197);
#1946=LINE('',#5232,#2198);
#1947=LINE('',#5233,#2199);
#1948=LINE('',#5235,#2200);
#1949=LINE('',#5237,#2201);
#1950=LINE('',#5239,#2202);
#1951=LINE('',#5241,#2203);
#1952=LINE('',#5243,#2204);
#1953=LINE('',#5245,#2205);
#1954=VECTOR('',#3442,1.);
#1955=VECTOR('',#3443,1.);
#1956=VECTOR('',#3444,1.);
#1957=VECTOR('',#3445,1.);
#1958=VECTOR('',#3450,1.);
#1959=VECTOR('',#3451,1.);
#1960=VECTOR('',#3452,1.);
#1961=VECTOR('',#3453,1.);
#1962=VECTOR('',#3456,1.);
#1963=VECTOR('',#3457,1.);
#1964=VECTOR('',#3458,1.);
#1965=VECTOR('',#3459,1.);
#1966=VECTOR('',#3464,1.);
#1967=VECTOR('',#3465,1.);
#1968=VECTOR('',#3466,1.);
#1969=VECTOR('',#3467,1.);
#1970=VECTOR('',#3482,1.);
#1971=VECTOR('',#3485,1.);
#1972=VECTOR('',#3488,1.);
#1973=VECTOR('',#3491,1.);
#1974=VECTOR('',#3522,1.);
#1975=VECTOR('',#3523,1.);
#1976=VECTOR('',#3526,1.);
#1977=VECTOR('',#3529,1.);
#1978=VECTOR('',#3532,1.);
#1979=VECTOR('',#3535,1.);
#1980=VECTOR('',#3538,1.);
#1981=VECTOR('',#3541,1.);
#1982=VECTOR('',#3550,1.);
#1983=VECTOR('',#3551,1.);
#1984=VECTOR('',#3552,1.);
#1985=VECTOR('',#3553,1.);
#1986=VECTOR('',#3556,1.);
#1987=VECTOR('',#3557,1.);
#1988=VECTOR('',#3558,1.);
#1989=VECTOR('',#3559,1.);
#1990=VECTOR('',#3564,1.);
#1991=VECTOR('',#3565,1.);
#1992=VECTOR('',#3566,1.);
#1993=VECTOR('',#3567,1.);
#1994=VECTOR('',#3570,1.);
#1995=VECTOR('',#3571,1.);
#1996=VECTOR('',#3572,1.);
#1997=VECTOR('',#3573,1.);
#1998=VECTOR('',#3588,1.);
#1999=VECTOR('',#3591,1.);
#2000=VECTOR('',#3594,1.);
#2001=VECTOR('',#3597,1.);
#2002=VECTOR('',#3628,1.);
#2003=VECTOR('',#3629,1.);
#2004=VECTOR('',#3632,1.);
#2005=VECTOR('',#3635,1.);
#2006=VECTOR('',#3638,1.);
#2007=VECTOR('',#3641,1.);
#2008=VECTOR('',#3644,1.);
#2009=VECTOR('',#3647,1.);
#2010=VECTOR('',#3654,1.);
#2011=VECTOR('',#3655,1.);
#2012=VECTOR('',#3656,1.);
#2013=VECTOR('',#3657,1.);
#2014=VECTOR('',#3662,1.);
#2015=VECTOR('',#3663,1.);
#2016=VECTOR('',#3664,1.);
#2017=VECTOR('',#3665,1.);
#2018=VECTOR('',#3668,1.);
#2019=VECTOR('',#3669,1.);
#2020=VECTOR('',#3670,1.);
#2021=VECTOR('',#3671,1.);
#2022=VECTOR('',#3676,1.);
#2023=VECTOR('',#3677,1.);
#2024=VECTOR('',#3678,1.);
#2025=VECTOR('',#3679,1.);
#2026=VECTOR('',#3694,1.);
#2027=VECTOR('',#3697,1.);
#2028=VECTOR('',#3700,1.);
#2029=VECTOR('',#3703,1.);
#2030=VECTOR('',#3734,1.);
#2031=VECTOR('',#3735,1.);
#2032=VECTOR('',#3738,1.);
#2033=VECTOR('',#3741,1.);
#2034=VECTOR('',#3744,1.);
#2035=VECTOR('',#3747,1.);
#2036=VECTOR('',#3750,1.);
#2037=VECTOR('',#3753,1.);
#2038=VECTOR('',#3760,1.);
#2039=VECTOR('',#3761,1.);
#2040=VECTOR('',#3762,1.);
#2041=VECTOR('',#3763,1.);
#2042=VECTOR('',#3768,1.);
#2043=VECTOR('',#3769,1.);
#2044=VECTOR('',#3770,1.);
#2045=VECTOR('',#3771,1.);
#2046=VECTOR('',#3774,1.);
#2047=VECTOR('',#3775,1.);
#2048=VECTOR('',#3776,1.);
#2049=VECTOR('',#3777,1.);
#2050=VECTOR('',#3782,1.);
#2051=VECTOR('',#3783,1.);
#2052=VECTOR('',#3784,1.);
#2053=VECTOR('',#3785,1.);
#2054=VECTOR('',#3800,1.);
#2055=VECTOR('',#3803,1.);
#2056=VECTOR('',#3806,1.);
#2057=VECTOR('',#3809,1.);
#2058=VECTOR('',#3840,1.);
#2059=VECTOR('',#3841,1.);
#2060=VECTOR('',#3844,1.);
#2061=VECTOR('',#3847,1.);
#2062=VECTOR('',#3850,1.);
#2063=VECTOR('',#3853,1.);
#2064=VECTOR('',#3856,1.);
#2065=VECTOR('',#3859,1.);
#2066=VECTOR('',#3866,1.);
#2067=VECTOR('',#3867,1.);
#2068=VECTOR('',#3868,1.);
#2069=VECTOR('',#3869,1.);
#2070=VECTOR('',#3874,1.);
#2071=VECTOR('',#3875,1.);
#2072=VECTOR('',#3876,1.);
#2073=VECTOR('',#3877,1.);
#2074=VECTOR('',#3880,1.);
#2075=VECTOR('',#3881,1.);
#2076=VECTOR('',#3882,1.);
#2077=VECTOR('',#3883,1.);
#2078=VECTOR('',#3888,1.);
#2079=VECTOR('',#3889,1.);
#2080=VECTOR('',#3890,1.);
#2081=VECTOR('',#3891,1.);
#2082=VECTOR('',#3906,1.);
#2083=VECTOR('',#3909,1.);
#2084=VECTOR('',#3912,1.);
#2085=VECTOR('',#3915,1.);
#2086=VECTOR('',#3946,1.);
#2087=VECTOR('',#3947,1.);
#2088=VECTOR('',#3950,1.);
#2089=VECTOR('',#3953,1.);
#2090=VECTOR('',#3956,1.);
#2091=VECTOR('',#3959,1.);
#2092=VECTOR('',#3962,1.);
#2093=VECTOR('',#3965,1.);
#2094=VECTOR('',#3972,1.);
#2095=VECTOR('',#3973,1.);
#2096=VECTOR('',#3974,1.);
#2097=VECTOR('',#3975,1.);
#2098=VECTOR('',#3980,1.);
#2099=VECTOR('',#3981,1.);
#2100=VECTOR('',#3982,1.);
#2101=VECTOR('',#3983,1.);
#2102=VECTOR('',#3986,1.);
#2103=VECTOR('',#3987,1.);
#2104=VECTOR('',#3988,1.);
#2105=VECTOR('',#3989,1.);
#2106=VECTOR('',#3994,1.);
#2107=VECTOR('',#3995,1.);
#2108=VECTOR('',#3996,1.);
#2109=VECTOR('',#3997,1.);
#2110=VECTOR('',#4012,1.);
#2111=VECTOR('',#4015,1.);
#2112=VECTOR('',#4018,1.);
#2113=VECTOR('',#4021,1.);
#2114=VECTOR('',#4052,1.);
#2115=VECTOR('',#4053,1.);
#2116=VECTOR('',#4056,1.);
#2117=VECTOR('',#4059,1.);
#2118=VECTOR('',#4062,1.);
#2119=VECTOR('',#4065,1.);
#2120=VECTOR('',#4068,1.);
#2121=VECTOR('',#4071,1.);
#2122=VECTOR('',#4078,1.);
#2123=VECTOR('',#4079,1.);
#2124=VECTOR('',#4080,1.);
#2125=VECTOR('',#4081,1.);
#2126=VECTOR('',#4086,1.);
#2127=VECTOR('',#4087,1.);
#2128=VECTOR('',#4088,1.);
#2129=VECTOR('',#4089,1.);
#2130=VECTOR('',#4092,1.);
#2131=VECTOR('',#4093,1.);
#2132=VECTOR('',#4094,1.);
#2133=VECTOR('',#4095,1.);
#2134=VECTOR('',#4100,1.);
#2135=VECTOR('',#4101,1.);
#2136=VECTOR('',#4102,1.);
#2137=VECTOR('',#4103,1.);
#2138=VECTOR('',#4118,1.);
#2139=VECTOR('',#4121,1.);
#2140=VECTOR('',#4124,1.);
#2141=VECTOR('',#4127,1.);
#2142=VECTOR('',#4158,1.);
#2143=VECTOR('',#4159,1.);
#2144=VECTOR('',#4162,1.);
#2145=VECTOR('',#4165,1.);
#2146=VECTOR('',#4168,1.);
#2147=VECTOR('',#4171,1.);
#2148=VECTOR('',#4174,1.);
#2149=VECTOR('',#4177,1.);
#2150=VECTOR('',#4186,1.);
#2151=VECTOR('',#4187,1.);
#2152=VECTOR('',#4188,1.);
#2153=VECTOR('',#4189,1.);
#2154=VECTOR('',#4192,1.);
#2155=VECTOR('',#4193,1.);
#2156=VECTOR('',#4194,1.);
#2157=VECTOR('',#4195,1.);
#2158=VECTOR('',#4200,1.);
#2159=VECTOR('',#4201,1.);
#2160=VECTOR('',#4202,1.);
#2161=VECTOR('',#4203,1.);
#2162=VECTOR('',#4206,1.);
#2163=VECTOR('',#4207,1.);
#2164=VECTOR('',#4208,1.);
#2165=VECTOR('',#4209,1.);
#2166=VECTOR('',#4224,1.);
#2167=VECTOR('',#4227,1.);
#2168=VECTOR('',#4230,1.);
#2169=VECTOR('',#4233,1.);
#2170=VECTOR('',#4264,1.);
#2171=VECTOR('',#4265,1.);
#2172=VECTOR('',#4268,1.);
#2173=VECTOR('',#4271,1.);
#2174=VECTOR('',#4274,1.);
#2175=VECTOR('',#4277,1.);
#2176=VECTOR('',#4280,1.);
#2177=VECTOR('',#4283,1.);
#2178=VECTOR('',#4292,1.);
#2179=VECTOR('',#4293,1.);
#2180=VECTOR('',#4294,1.);
#2181=VECTOR('',#4295,1.);
#2182=VECTOR('',#4298,1.);
#2183=VECTOR('',#4299,1.);
#2184=VECTOR('',#4300,1.);
#2185=VECTOR('',#4301,1.);
#2186=VECTOR('',#4306,1.);
#2187=VECTOR('',#4307,1.);
#2188=VECTOR('',#4308,1.);
#2189=VECTOR('',#4309,1.);
#2190=VECTOR('',#4312,1.);
#2191=VECTOR('',#4313,1.);
#2192=VECTOR('',#4314,1.);
#2193=VECTOR('',#4315,1.);
#2194=VECTOR('',#4330,1.);
#2195=VECTOR('',#4333,1.);
#2196=VECTOR('',#4336,1.);
#2197=VECTOR('',#4339,1.);
#2198=VECTOR('',#4370,1.);
#2199=VECTOR('',#4371,1.);
#2200=VECTOR('',#4374,1.);
#2201=VECTOR('',#4377,1.);
#2202=VECTOR('',#4380,1.);
#2203=VECTOR('',#4383,1.);
#2204=VECTOR('',#4386,1.);
#2205=VECTOR('',#4389,1.);
#2206=EDGE_LOOP('',(#262,#263,#264,#265));
#2207=EDGE_LOOP('',(#266));
#2208=EDGE_LOOP('',(#267,#268,#269,#270));
#2209=EDGE_LOOP('',(#271,#272,#273,#274));
#2210=EDGE_LOOP('',(#275));
#2211=EDGE_LOOP('',(#276,#277,#278,#279));
#2212=EDGE_LOOP('',(#280,#281,#282,#283,#284,#285,#286,#287));
#2213=EDGE_LOOP('',(#288,#289,#290,#291,#292,#293,#294,#295));
#2214=EDGE_LOOP('',(#296));
#2215=EDGE_LOOP('',(#297));
#2216=EDGE_LOOP('',(#298));
#2217=EDGE_LOOP('',(#299));
#2218=EDGE_LOOP('',(#300));
#2219=EDGE_LOOP('',(#301));
#2220=EDGE_LOOP('',(#302,#303,#304,#305));
#2221=EDGE_LOOP('',(#306,#307,#308,#309));
#2222=EDGE_LOOP('',(#310,#311,#312,#313));
#2223=EDGE_LOOP('',(#314,#315,#316,#317));
#2224=EDGE_LOOP('',(#318,#319,#320,#321));
#2225=EDGE_LOOP('',(#322,#323,#324,#325));
#2226=EDGE_LOOP('',(#326,#327,#328,#329));
#2227=EDGE_LOOP('',(#330,#331,#332,#333));
#2228=EDGE_LOOP('',(#334,#335,#336,#337));
#2229=EDGE_LOOP('',(#338,#339,#340,#341));
#2230=EDGE_LOOP('',(#342,#343,#344,#345));
#2231=EDGE_LOOP('',(#346,#347,#348,#349));
#2232=EDGE_LOOP('',(#350));
#2233=EDGE_LOOP('',(#351,#352,#353,#354));
#2234=EDGE_LOOP('',(#355,#356,#357,#358));
#2235=EDGE_LOOP('',(#359));
#2236=EDGE_LOOP('',(#360,#361,#362,#363));
#2237=EDGE_LOOP('',(#364,#365,#366,#367));
#2238=EDGE_LOOP('',(#368,#369,#370,#371,#372,#373,#374,#375));
#2239=EDGE_LOOP('',(#376,#377,#378,#379,#380,#381,#382,#383));
#2240=EDGE_LOOP('',(#384));
#2241=EDGE_LOOP('',(#385));
#2242=EDGE_LOOP('',(#386));
#2243=EDGE_LOOP('',(#387));
#2244=EDGE_LOOP('',(#388));
#2245=EDGE_LOOP('',(#389));
#2246=EDGE_LOOP('',(#390,#391,#392,#393));
#2247=EDGE_LOOP('',(#394,#395,#396,#397));
#2248=EDGE_LOOP('',(#398,#399,#400,#401));
#2249=EDGE_LOOP('',(#402,#403,#404,#405));
#2250=EDGE_LOOP('',(#406,#407,#408,#409));
#2251=EDGE_LOOP('',(#410,#411,#412,#413));
#2252=EDGE_LOOP('',(#414,#415,#416,#417));
#2253=EDGE_LOOP('',(#418,#419,#420,#421));
#2254=EDGE_LOOP('',(#422,#423,#424,#425));
#2255=EDGE_LOOP('',(#426,#427,#428,#429));
#2256=EDGE_LOOP('',(#430,#431,#432,#433));
#2257=EDGE_LOOP('',(#434,#435,#436,#437));
#2258=EDGE_LOOP('',(#438,#439,#440,#441));
#2259=EDGE_LOOP('',(#442));
#2260=EDGE_LOOP('',(#443,#444,#445,#446));
#2261=EDGE_LOOP('',(#447,#448,#449,#450));
#2262=EDGE_LOOP('',(#451));
#2263=EDGE_LOOP('',(#452,#453,#454,#455));
#2264=EDGE_LOOP('',(#456,#457,#458,#459,#460,#461,#462,#463));
#2265=EDGE_LOOP('',(#464,#465,#466,#467,#468,#469,#470,#471));
#2266=EDGE_LOOP('',(#472));
#2267=EDGE_LOOP('',(#473));
#2268=EDGE_LOOP('',(#474));
#2269=EDGE_LOOP('',(#475));
#2270=EDGE_LOOP('',(#476));
#2271=EDGE_LOOP('',(#477));
#2272=EDGE_LOOP('',(#478,#479,#480,#481));
#2273=EDGE_LOOP('',(#482,#483,#484,#485));
#2274=EDGE_LOOP('',(#486,#487,#488,#489));
#2275=EDGE_LOOP('',(#490,#491,#492,#493));
#2276=EDGE_LOOP('',(#494,#495,#496,#497));
#2277=EDGE_LOOP('',(#498,#499,#500,#501));
#2278=EDGE_LOOP('',(#502,#503,#504,#505));
#2279=EDGE_LOOP('',(#506,#507,#508,#509));
#2280=EDGE_LOOP('',(#510,#511,#512,#513));
#2281=EDGE_LOOP('',(#514,#515,#516,#517));
#2282=EDGE_LOOP('',(#518,#519,#520,#521));
#2283=EDGE_LOOP('',(#522,#523,#524,#525));
#2284=EDGE_LOOP('',(#526,#527,#528,#529));
#2285=EDGE_LOOP('',(#530));
#2286=EDGE_LOOP('',(#531,#532,#533,#534));
#2287=EDGE_LOOP('',(#535,#536,#537,#538));
#2288=EDGE_LOOP('',(#539));
#2289=EDGE_LOOP('',(#540,#541,#542,#543));
#2290=EDGE_LOOP('',(#544,#545,#546,#547,#548,#549,#550,#551));
#2291=EDGE_LOOP('',(#552,#553,#554,#555,#556,#557,#558,#559));
#2292=EDGE_LOOP('',(#560));
#2293=EDGE_LOOP('',(#561));
#2294=EDGE_LOOP('',(#562));
#2295=EDGE_LOOP('',(#563));
#2296=EDGE_LOOP('',(#564));
#2297=EDGE_LOOP('',(#565));
#2298=EDGE_LOOP('',(#566,#567,#568,#569));
#2299=EDGE_LOOP('',(#570,#571,#572,#573));
#2300=EDGE_LOOP('',(#574,#575,#576,#577));
#2301=EDGE_LOOP('',(#578,#579,#580,#581));
#2302=EDGE_LOOP('',(#582,#583,#584,#585));
#2303=EDGE_LOOP('',(#586,#587,#588,#589));
#2304=EDGE_LOOP('',(#590,#591,#592,#593));
#2305=EDGE_LOOP('',(#594,#595,#596,#597));
#2306=EDGE_LOOP('',(#598,#599,#600,#601));
#2307=EDGE_LOOP('',(#602,#603,#604,#605));
#2308=EDGE_LOOP('',(#606,#607,#608,#609));
#2309=EDGE_LOOP('',(#610,#611,#612,#613));
#2310=EDGE_LOOP('',(#614,#615,#616,#617));
#2311=EDGE_LOOP('',(#618));
#2312=EDGE_LOOP('',(#619,#620,#621,#622));
#2313=EDGE_LOOP('',(#623,#624,#625,#626));
#2314=EDGE_LOOP('',(#627));
#2315=EDGE_LOOP('',(#628,#629,#630,#631));
#2316=EDGE_LOOP('',(#632,#633,#634,#635,#636,#637,#638,#639));
#2317=EDGE_LOOP('',(#640,#641,#642,#643,#644,#645,#646,#647));
#2318=EDGE_LOOP('',(#648));
#2319=EDGE_LOOP('',(#649));
#2320=EDGE_LOOP('',(#650));
#2321=EDGE_LOOP('',(#651));
#2322=EDGE_LOOP('',(#652));
#2323=EDGE_LOOP('',(#653));
#2324=EDGE_LOOP('',(#654,#655,#656,#657));
#2325=EDGE_LOOP('',(#658,#659,#660,#661));
#2326=EDGE_LOOP('',(#662,#663,#664,#665));
#2327=EDGE_LOOP('',(#666,#667,#668,#669));
#2328=EDGE_LOOP('',(#670,#671,#672,#673));
#2329=EDGE_LOOP('',(#674,#675,#676,#677));
#2330=EDGE_LOOP('',(#678,#679,#680,#681));
#2331=EDGE_LOOP('',(#682,#683,#684,#685));
#2332=EDGE_LOOP('',(#686,#687,#688,#689));
#2333=EDGE_LOOP('',(#690,#691,#692,#693));
#2334=EDGE_LOOP('',(#694,#695,#696,#697));
#2335=EDGE_LOOP('',(#698,#699,#700,#701));
#2336=EDGE_LOOP('',(#702,#703,#704,#705));
#2337=EDGE_LOOP('',(#706));
#2338=EDGE_LOOP('',(#707,#708,#709,#710));
#2339=EDGE_LOOP('',(#711,#712,#713,#714));
#2340=EDGE_LOOP('',(#715));
#2341=EDGE_LOOP('',(#716,#717,#718,#719));
#2342=EDGE_LOOP('',(#720,#721,#722,#723,#724,#725,#726,#727));
#2343=EDGE_LOOP('',(#728,#729,#730,#731,#732,#733,#734,#735));
#2344=EDGE_LOOP('',(#736));
#2345=EDGE_LOOP('',(#737));
#2346=EDGE_LOOP('',(#738));
#2347=EDGE_LOOP('',(#739));
#2348=EDGE_LOOP('',(#740));
#2349=EDGE_LOOP('',(#741));
#2350=EDGE_LOOP('',(#742,#743,#744,#745));
#2351=EDGE_LOOP('',(#746,#747,#748,#749));
#2352=EDGE_LOOP('',(#750,#751,#752,#753));
#2353=EDGE_LOOP('',(#754,#755,#756,#757));
#2354=EDGE_LOOP('',(#758,#759,#760,#761));
#2355=EDGE_LOOP('',(#762,#763,#764,#765));
#2356=EDGE_LOOP('',(#766,#767,#768,#769));
#2357=EDGE_LOOP('',(#770,#771,#772,#773));
#2358=EDGE_LOOP('',(#774,#775,#776,#777));
#2359=EDGE_LOOP('',(#778,#779,#780,#781));
#2360=EDGE_LOOP('',(#782,#783,#784,#785));
#2361=EDGE_LOOP('',(#786,#787,#788,#789));
#2362=EDGE_LOOP('',(#790,#791,#792,#793));
#2363=EDGE_LOOP('',(#794));
#2364=EDGE_LOOP('',(#795,#796,#797,#798));
#2365=EDGE_LOOP('',(#799,#800,#801,#802));
#2366=EDGE_LOOP('',(#803));
#2367=EDGE_LOOP('',(#804,#805,#806,#807));
#2368=EDGE_LOOP('',(#808,#809,#810,#811,#812,#813,#814,#815));
#2369=EDGE_LOOP('',(#816,#817,#818,#819,#820,#821,#822,#823));
#2370=EDGE_LOOP('',(#824));
#2371=EDGE_LOOP('',(#825));
#2372=EDGE_LOOP('',(#826));
#2373=EDGE_LOOP('',(#827));
#2374=EDGE_LOOP('',(#828));
#2375=EDGE_LOOP('',(#829));
#2376=EDGE_LOOP('',(#830,#831,#832,#833));
#2377=EDGE_LOOP('',(#834,#835,#836,#837));
#2378=EDGE_LOOP('',(#838,#839,#840,#841));
#2379=EDGE_LOOP('',(#842,#843,#844,#845));
#2380=EDGE_LOOP('',(#846,#847,#848,#849));
#2381=EDGE_LOOP('',(#850,#851,#852,#853));
#2382=EDGE_LOOP('',(#854,#855,#856,#857));
#2383=EDGE_LOOP('',(#858,#859,#860,#861));
#2384=EDGE_LOOP('',(#862,#863,#864,#865));
#2385=EDGE_LOOP('',(#866,#867,#868,#869));
#2386=EDGE_LOOP('',(#870,#871,#872,#873));
#2387=EDGE_LOOP('',(#874,#875,#876,#877));
#2388=EDGE_LOOP('',(#878));
#2389=EDGE_LOOP('',(#879,#880,#881,#882));
#2390=EDGE_LOOP('',(#883,#884,#885,#886));
#2391=EDGE_LOOP('',(#887));
#2392=EDGE_LOOP('',(#888,#889,#890,#891));
#2393=EDGE_LOOP('',(#892,#893,#894,#895));
#2394=EDGE_LOOP('',(#896,#897,#898,#899,#900,#901,#902,#903));
#2395=EDGE_LOOP('',(#904,#905,#906,#907,#908,#909,#910,#911));
#2396=EDGE_LOOP('',(#912));
#2397=EDGE_LOOP('',(#913));
#2398=EDGE_LOOP('',(#914));
#2399=EDGE_LOOP('',(#915));
#2400=EDGE_LOOP('',(#916));
#2401=EDGE_LOOP('',(#917));
#2402=EDGE_LOOP('',(#918,#919,#920,#921));
#2403=EDGE_LOOP('',(#922,#923,#924,#925));
#2404=EDGE_LOOP('',(#926,#927,#928,#929));
#2405=EDGE_LOOP('',(#930,#931,#932,#933));
#2406=EDGE_LOOP('',(#934,#935,#936,#937));
#2407=EDGE_LOOP('',(#938,#939,#940,#941));
#2408=EDGE_LOOP('',(#942,#943,#944,#945));
#2409=EDGE_LOOP('',(#946,#947,#948,#949));
#2410=EDGE_LOOP('',(#950,#951,#952,#953));
#2411=EDGE_LOOP('',(#954,#955,#956,#957));
#2412=EDGE_LOOP('',(#958,#959,#960,#961));
#2413=EDGE_LOOP('',(#962,#963,#964,#965));
#2414=EDGE_LOOP('',(#966));
#2415=EDGE_LOOP('',(#967,#968,#969,#970));
#2416=EDGE_LOOP('',(#971,#972,#973,#974));
#2417=EDGE_LOOP('',(#975));
#2418=EDGE_LOOP('',(#976,#977,#978,#979));
#2419=EDGE_LOOP('',(#980,#981,#982,#983));
#2420=EDGE_LOOP('',(#984,#985,#986,#987,#988,#989,#990,#991));
#2421=EDGE_LOOP('',(#992,#993,#994,#995,#996,#997,#998,#999));
#2422=EDGE_LOOP('',(#1000));
#2423=EDGE_LOOP('',(#1001));
#2424=EDGE_LOOP('',(#1002));
#2425=EDGE_LOOP('',(#1003));
#2426=EDGE_LOOP('',(#1004));
#2427=EDGE_LOOP('',(#1005));
#2428=EDGE_LOOP('',(#1006,#1007,#1008,#1009));
#2429=EDGE_LOOP('',(#1010,#1011,#1012,#1013));
#2430=EDGE_LOOP('',(#1014,#1015,#1016,#1017));
#2431=EDGE_LOOP('',(#1018,#1019,#1020,#1021));
#2432=EDGE_LOOP('',(#1022,#1023,#1024,#1025));
#2433=EDGE_LOOP('',(#1026,#1027,#1028,#1029));
#2434=EDGE_LOOP('',(#1030,#1031,#1032,#1033));
#2435=EDGE_LOOP('',(#1034,#1035,#1036,#1037));
#2436=EDGE_LOOP('',(#1038,#1039,#1040,#1041));
#2437=EDGE_LOOP('',(#1042,#1043,#1044,#1045));
#2438=EDGE_LOOP('',(#1046,#1047,#1048,#1049));
#2439=EDGE_LOOP('',(#1050,#1051,#1052,#1053));
#2440=FACE_BOUND('',#2206,.T.);
#2441=FACE_BOUND('',#2207,.T.);
#2442=FACE_BOUND('',#2208,.T.);
#2443=FACE_BOUND('',#2209,.T.);
#2444=FACE_BOUND('',#2210,.T.);
#2445=FACE_BOUND('',#2211,.T.);
#2446=FACE_BOUND('',#2212,.T.);
#2447=FACE_BOUND('',#2213,.T.);
#2448=FACE_BOUND('',#2214,.T.);
#2449=FACE_BOUND('',#2215,.T.);
#2450=FACE_BOUND('',#2216,.T.);
#2451=FACE_BOUND('',#2217,.T.);
#2452=FACE_BOUND('',#2218,.T.);
#2453=FACE_BOUND('',#2219,.T.);
#2454=FACE_BOUND('',#2220,.T.);
#2455=FACE_BOUND('',#2221,.T.);
#2456=FACE_BOUND('',#2222,.T.);
#2457=FACE_BOUND('',#2223,.T.);
#2458=FACE_BOUND('',#2224,.T.);
#2459=FACE_BOUND('',#2225,.T.);
#2460=FACE_BOUND('',#2226,.T.);
#2461=FACE_BOUND('',#2227,.T.);
#2462=FACE_BOUND('',#2228,.T.);
#2463=FACE_BOUND('',#2229,.T.);
#2464=FACE_BOUND('',#2230,.T.);
#2465=FACE_BOUND('',#2231,.T.);
#2466=FACE_BOUND('',#2232,.T.);
#2467=FACE_BOUND('',#2233,.T.);
#2468=FACE_BOUND('',#2234,.T.);
#2469=FACE_BOUND('',#2235,.T.);
#2470=FACE_BOUND('',#2236,.T.);
#2471=FACE_BOUND('',#2237,.T.);
#2472=FACE_BOUND('',#2238,.T.);
#2473=FACE_BOUND('',#2239,.T.);
#2474=FACE_BOUND('',#2240,.T.);
#2475=FACE_BOUND('',#2241,.T.);
#2476=FACE_BOUND('',#2242,.T.);
#2477=FACE_BOUND('',#2243,.T.);
#2478=FACE_BOUND('',#2244,.T.);
#2479=FACE_BOUND('',#2245,.T.);
#2480=FACE_BOUND('',#2246,.T.);
#2481=FACE_BOUND('',#2247,.T.);
#2482=FACE_BOUND('',#2248,.T.);
#2483=FACE_BOUND('',#2249,.T.);
#2484=FACE_BOUND('',#2250,.T.);
#2485=FACE_BOUND('',#2251,.T.);
#2486=FACE_BOUND('',#2252,.T.);
#2487=FACE_BOUND('',#2253,.T.);
#2488=FACE_BOUND('',#2254,.T.);
#2489=FACE_BOUND('',#2255,.T.);
#2490=FACE_BOUND('',#2256,.T.);
#2491=FACE_BOUND('',#2257,.T.);
#2492=FACE_BOUND('',#2258,.T.);
#2493=FACE_BOUND('',#2259,.T.);
#2494=FACE_BOUND('',#2260,.T.);
#2495=FACE_BOUND('',#2261,.T.);
#2496=FACE_BOUND('',#2262,.T.);
#2497=FACE_BOUND('',#2263,.T.);
#2498=FACE_BOUND('',#2264,.T.);
#2499=FACE_BOUND('',#2265,.T.);
#2500=FACE_BOUND('',#2266,.T.);
#2501=FACE_BOUND('',#2267,.T.);
#2502=FACE_BOUND('',#2268,.T.);
#2503=FACE_BOUND('',#2269,.T.);
#2504=FACE_BOUND('',#2270,.T.);
#2505=FACE_BOUND('',#2271,.T.);
#2506=FACE_BOUND('',#2272,.T.);
#2507=FACE_BOUND('',#2273,.T.);
#2508=FACE_BOUND('',#2274,.T.);
#2509=FACE_BOUND('',#2275,.T.);
#2510=FACE_BOUND('',#2276,.T.);
#2511=FACE_BOUND('',#2277,.T.);
#2512=FACE_BOUND('',#2278,.T.);
#2513=FACE_BOUND('',#2279,.T.);
#2514=FACE_BOUND('',#2280,.T.);
#2515=FACE_BOUND('',#2281,.T.);
#2516=FACE_BOUND('',#2282,.T.);
#2517=FACE_BOUND('',#2283,.T.);
#2518=FACE_BOUND('',#2284,.T.);
#2519=FACE_BOUND('',#2285,.T.);
#2520=FACE_BOUND('',#2286,.T.);
#2521=FACE_BOUND('',#2287,.T.);
#2522=FACE_BOUND('',#2288,.T.);
#2523=FACE_BOUND('',#2289,.T.);
#2524=FACE_BOUND('',#2290,.T.);
#2525=FACE_BOUND('',#2291,.T.);
#2526=FACE_BOUND('',#2292,.T.);
#2527=FACE_BOUND('',#2293,.T.);
#2528=FACE_BOUND('',#2294,.T.);
#2529=FACE_BOUND('',#2295,.T.);
#2530=FACE_BOUND('',#2296,.T.);
#2531=FACE_BOUND('',#2297,.T.);
#2532=FACE_BOUND('',#2298,.T.);
#2533=FACE_BOUND('',#2299,.T.);
#2534=FACE_BOUND('',#2300,.T.);
#2535=FACE_BOUND('',#2301,.T.);
#2536=FACE_BOUND('',#2302,.T.);
#2537=FACE_BOUND('',#2303,.T.);
#2538=FACE_BOUND('',#2304,.T.);
#2539=FACE_BOUND('',#2305,.T.);
#2540=FACE_BOUND('',#2306,.T.);
#2541=FACE_BOUND('',#2307,.T.);
#2542=FACE_BOUND('',#2308,.T.);
#2543=FACE_BOUND('',#2309,.T.);
#2544=FACE_BOUND('',#2310,.T.);
#2545=FACE_BOUND('',#2311,.T.);
#2546=FACE_BOUND('',#2312,.T.);
#2547=FACE_BOUND('',#2313,.T.);
#2548=FACE_BOUND('',#2314,.T.);
#2549=FACE_BOUND('',#2315,.T.);
#2550=FACE_BOUND('',#2316,.T.);
#2551=FACE_BOUND('',#2317,.T.);
#2552=FACE_BOUND('',#2318,.T.);
#2553=FACE_BOUND('',#2319,.T.);
#2554=FACE_BOUND('',#2320,.T.);
#2555=FACE_BOUND('',#2321,.T.);
#2556=FACE_BOUND('',#2322,.T.);
#2557=FACE_BOUND('',#2323,.T.);
#2558=FACE_BOUND('',#2324,.T.);
#2559=FACE_BOUND('',#2325,.T.);
#2560=FACE_BOUND('',#2326,.T.);
#2561=FACE_BOUND('',#2327,.T.);
#2562=FACE_BOUND('',#2328,.T.);
#2563=FACE_BOUND('',#2329,.T.);
#2564=FACE_BOUND('',#2330,.T.);
#2565=FACE_BOUND('',#2331,.T.);
#2566=FACE_BOUND('',#2332,.T.);
#2567=FACE_BOUND('',#2333,.T.);
#2568=FACE_BOUND('',#2334,.T.);
#2569=FACE_BOUND('',#2335,.T.);
#2570=FACE_BOUND('',#2336,.T.);
#2571=FACE_BOUND('',#2337,.T.);
#2572=FACE_BOUND('',#2338,.T.);
#2573=FACE_BOUND('',#2339,.T.);
#2574=FACE_BOUND('',#2340,.T.);
#2575=FACE_BOUND('',#2341,.T.);
#2576=FACE_BOUND('',#2342,.T.);
#2577=FACE_BOUND('',#2343,.T.);
#2578=FACE_BOUND('',#2344,.T.);
#2579=FACE_BOUND('',#2345,.T.);
#2580=FACE_BOUND('',#2346,.T.);
#2581=FACE_BOUND('',#2347,.T.);
#2582=FACE_BOUND('',#2348,.T.);
#2583=FACE_BOUND('',#2349,.T.);
#2584=FACE_BOUND('',#2350,.T.);
#2585=FACE_BOUND('',#2351,.T.);
#2586=FACE_BOUND('',#2352,.T.);
#2587=FACE_BOUND('',#2353,.T.);
#2588=FACE_BOUND('',#2354,.T.);
#2589=FACE_BOUND('',#2355,.T.);
#2590=FACE_BOUND('',#2356,.T.);
#2591=FACE_BOUND('',#2357,.T.);
#2592=FACE_BOUND('',#2358,.T.);
#2593=FACE_BOUND('',#2359,.T.);
#2594=FACE_BOUND('',#2360,.T.);
#2595=FACE_BOUND('',#2361,.T.);
#2596=FACE_BOUND('',#2362,.T.);
#2597=FACE_BOUND('',#2363,.T.);
#2598=FACE_BOUND('',#2364,.T.);
#2599=FACE_BOUND('',#2365,.T.);
#2600=FACE_BOUND('',#2366,.T.);
#2601=FACE_BOUND('',#2367,.T.);
#2602=FACE_BOUND('',#2368,.T.);
#2603=FACE_BOUND('',#2369,.T.);
#2604=FACE_BOUND('',#2370,.T.);
#2605=FACE_BOUND('',#2371,.T.);
#2606=FACE_BOUND('',#2372,.T.);
#2607=FACE_BOUND('',#2373,.T.);
#2608=FACE_BOUND('',#2374,.T.);
#2609=FACE_BOUND('',#2375,.T.);
#2610=FACE_BOUND('',#2376,.T.);
#2611=FACE_BOUND('',#2377,.T.);
#2612=FACE_BOUND('',#2378,.T.);
#2613=FACE_BOUND('',#2379,.T.);
#2614=FACE_BOUND('',#2380,.T.);
#2615=FACE_BOUND('',#2381,.T.);
#2616=FACE_BOUND('',#2382,.T.);
#2617=FACE_BOUND('',#2383,.T.);
#2618=FACE_BOUND('',#2384,.T.);
#2619=FACE_BOUND('',#2385,.T.);
#2620=FACE_BOUND('',#2386,.T.);
#2621=FACE_BOUND('',#2387,.T.);
#2622=FACE_BOUND('',#2388,.T.);
#2623=FACE_BOUND('',#2389,.T.);
#2624=FACE_BOUND('',#2390,.T.);
#2625=FACE_BOUND('',#2391,.T.);
#2626=FACE_BOUND('',#2392,.T.);
#2627=FACE_BOUND('',#2393,.T.);
#2628=FACE_BOUND('',#2394,.T.);
#2629=FACE_BOUND('',#2395,.T.);
#2630=FACE_BOUND('',#2396,.T.);
#2631=FACE_BOUND('',#2397,.T.);
#2632=FACE_BOUND('',#2398,.T.);
#2633=FACE_BOUND('',#2399,.T.);
#2634=FACE_BOUND('',#2400,.T.);
#2635=FACE_BOUND('',#2401,.T.);
#2636=FACE_BOUND('',#2402,.T.);
#2637=FACE_BOUND('',#2403,.T.);
#2638=FACE_BOUND('',#2404,.T.);
#2639=FACE_BOUND('',#2405,.T.);
#2640=FACE_BOUND('',#2406,.T.);
#2641=FACE_BOUND('',#2407,.T.);
#2642=FACE_BOUND('',#2408,.T.);
#2643=FACE_BOUND('',#2409,.T.);
#2644=FACE_BOUND('',#2410,.T.);
#2645=FACE_BOUND('',#2411,.T.);
#2646=FACE_BOUND('',#2412,.T.);
#2647=FACE_BOUND('',#2413,.T.);
#2648=FACE_BOUND('',#2414,.T.);
#2649=FACE_BOUND('',#2415,.T.);
#2650=FACE_BOUND('',#2416,.T.);
#2651=FACE_BOUND('',#2417,.T.);
#2652=FACE_BOUND('',#2418,.T.);
#2653=FACE_BOUND('',#2419,.T.);
#2654=FACE_BOUND('',#2420,.T.);
#2655=FACE_BOUND('',#2421,.T.);
#2656=FACE_BOUND('',#2422,.T.);
#2657=FACE_BOUND('',#2423,.T.);
#2658=FACE_BOUND('',#2424,.T.);
#2659=FACE_BOUND('',#2425,.T.);
#2660=FACE_BOUND('',#2426,.T.);
#2661=FACE_BOUND('',#2427,.T.);
#2662=FACE_BOUND('',#2428,.T.);
#2663=FACE_BOUND('',#2429,.T.);
#2664=FACE_BOUND('',#2430,.T.);
#2665=FACE_BOUND('',#2431,.T.);
#2666=FACE_BOUND('',#2432,.T.);
#2667=FACE_BOUND('',#2433,.T.);
#2668=FACE_BOUND('',#2434,.T.);
#2669=FACE_BOUND('',#2435,.T.);
#2670=FACE_BOUND('',#2436,.T.);
#2671=FACE_BOUND('',#2437,.T.);
#2672=FACE_BOUND('',#2438,.T.);
#2673=FACE_BOUND('',#2439,.T.);
#2674=PLANE('',#3088);
#2675=PLANE('',#3089);
#2676=PLANE('',#3091);
#2677=PLANE('',#3092);
#2678=PLANE('',#3094);
#2679=PLANE('',#3099);
#2680=PLANE('',#3106);
#2681=PLANE('',#3109);
#2682=PLANE('',#3118);
#2683=PLANE('',#3121);
#2684=PLANE('',#3122);
#2685=PLANE('',#3125);
#2686=PLANE('',#3127);
#2687=PLANE('',#3129);
#2688=PLANE('',#3130);
#2689=PLANE('',#3132);
#2690=PLANE('',#3133);
#2691=PLANE('',#3138);
#2692=PLANE('',#3145);
#2693=PLANE('',#3148);
#2694=PLANE('',#3157);
#2695=PLANE('',#3160);
#2696=PLANE('',#3161);
#2697=PLANE('',#3164);
#2698=PLANE('',#3166);
#2699=PLANE('',#3167);
#2700=PLANE('',#3169);
#2701=PLANE('',#3170);
#2702=PLANE('',#3172);
#2703=PLANE('',#3177);
#2704=PLANE('',#3184);
#2705=PLANE('',#3187);
#2706=PLANE('',#3196);
#2707=PLANE('',#3199);
#2708=PLANE('',#3200);
#2709=PLANE('',#3203);
#2710=PLANE('',#3205);
#2711=PLANE('',#3206);
#2712=PLANE('',#3208);
#2713=PLANE('',#3209);
#2714=PLANE('',#3211);
#2715=PLANE('',#3216);
#2716=PLANE('',#3223);
#2717=PLANE('',#3226);
#2718=PLANE('',#3235);
#2719=PLANE('',#3238);
#2720=PLANE('',#3239);
#2721=PLANE('',#3242);
#2722=PLANE('',#3244);
#2723=PLANE('',#3245);
#2724=PLANE('',#3247);
#2725=PLANE('',#3248);
#2726=PLANE('',#3250);
#2727=PLANE('',#3255);
#2728=PLANE('',#3262);
#2729=PLANE('',#3265);
#2730=PLANE('',#3274);
#2731=PLANE('',#3277);
#2732=PLANE('',#3278);
#2733=PLANE('',#3281);
#2734=PLANE('',#3283);
#2735=PLANE('',#3284);
#2736=PLANE('',#3286);
#2737=PLANE('',#3287);
#2738=PLANE('',#3289);
#2739=PLANE('',#3294);
#2740=PLANE('',#3301);
#2741=PLANE('',#3304);
#2742=PLANE('',#3313);
#2743=PLANE('',#3316);
#2744=PLANE('',#3317);
#2745=PLANE('',#3320);
#2746=PLANE('',#3322);
#2747=PLANE('',#3323);
#2748=PLANE('',#3325);
#2749=PLANE('',#3326);
#2750=PLANE('',#3328);
#2751=PLANE('',#3333);
#2752=PLANE('',#3340);
#2753=PLANE('',#3343);
#2754=PLANE('',#3352);
#2755=PLANE('',#3355);
#2756=PLANE('',#3356);
#2757=PLANE('',#3359);
#2758=PLANE('',#3361);
#2759=PLANE('',#3363);
#2760=PLANE('',#3364);
#2761=PLANE('',#3366);
#2762=PLANE('',#3367);
#2763=PLANE('',#3372);
#2764=PLANE('',#3379);
#2765=PLANE('',#3382);
#2766=PLANE('',#3391);
#2767=PLANE('',#3394);
#2768=PLANE('',#3395);
#2769=PLANE('',#3398);
#2770=PLANE('',#3400);
#2771=PLANE('',#3402);
#2772=PLANE('',#3403);
#2773=PLANE('',#3405);
#2774=PLANE('',#3406);
#2775=PLANE('',#3411);
#2776=PLANE('',#3418);
#2777=PLANE('',#3421);
#2778=PLANE('',#3430);
#2779=PLANE('',#3433);
#2780=PLANE('',#3434);
#2781=PLANE('',#3437);
#2782=ADVANCED_FACE('',(#2440),#2674,.T.);
#2783=ADVANCED_FACE('',(#2441,#2442),#2675,.F.);
#2784=ADVANCED_FACE('',(#2443),#2676,.F.);
#2785=ADVANCED_FACE('',(#2444,#2445),#2677,.T.);
#2786=ADVANCED_FACE('',(#2446),#2678,.T.);
#2787=ADVANCED_FACE('',(#2447),#2679,.F.);
#2788=ADVANCED_FACE('',(#2448,#2449),#64,.F.);
#2789=ADVANCED_FACE('',(#2450),#2680,.T.);
#2790=ADVANCED_FACE('',(#2451,#2452),#65,.F.);
#2791=ADVANCED_FACE('',(#2453),#2681,.F.);
#2792=ADVANCED_FACE('',(#2454),#66,.T.);
#2793=ADVANCED_FACE('',(#2455),#67,.T.);
#2794=ADVANCED_FACE('',(#2456),#68,.T.);
#2795=ADVANCED_FACE('',(#2457),#69,.T.);
#2796=ADVANCED_FACE('',(#2458),#2682,.F.);
#2797=ADVANCED_FACE('',(#2459),#28,.T.);
#2798=ADVANCED_FACE('',(#2460),#29,.T.);
#2799=ADVANCED_FACE('',(#2461),#2683,.T.);
#2800=ADVANCED_FACE('',(#2462),#2684,.F.);
#2801=ADVANCED_FACE('',(#2463),#30,.T.);
#2802=ADVANCED_FACE('',(#2464),#31,.T.);
#2803=ADVANCED_FACE('',(#2465),#2685,.T.);
#2804=ADVANCED_FACE('',(#2466,#2467),#2686,.F.);
#2805=ADVANCED_FACE('',(#2468),#2687,.F.);
#2806=ADVANCED_FACE('',(#2469,#2470),#2688,.T.);
#2807=ADVANCED_FACE('',(#2471),#2689,.T.);
#2808=ADVANCED_FACE('',(#2472),#2690,.T.);
#2809=ADVANCED_FACE('',(#2473),#2691,.F.);
#2810=ADVANCED_FACE('',(#2474,#2475),#70,.F.);
#2811=ADVANCED_FACE('',(#2476),#2692,.T.);
#2812=ADVANCED_FACE('',(#2477,#2478),#71,.F.);
#2813=ADVANCED_FACE('',(#2479),#2693,.F.);
#2814=ADVANCED_FACE('',(#2480),#72,.T.);
#2815=ADVANCED_FACE('',(#2481),#73,.T.);
#2816=ADVANCED_FACE('',(#2482),#74,.T.);
#2817=ADVANCED_FACE('',(#2483),#75,.T.);
#2818=ADVANCED_FACE('',(#2484),#2694,.F.);
#2819=ADVANCED_FACE('',(#2485),#32,.T.);
#2820=ADVANCED_FACE('',(#2486),#33,.T.);
#2821=ADVANCED_FACE('',(#2487),#2695,.T.);
#2822=ADVANCED_FACE('',(#2488),#2696,.F.);
#2823=ADVANCED_FACE('',(#2489),#34,.T.);
#2824=ADVANCED_FACE('',(#2490),#35,.T.);
#2825=ADVANCED_FACE('',(#2491),#2697,.T.);
#2826=ADVANCED_FACE('',(#2492),#2698,.T.);
#2827=ADVANCED_FACE('',(#2493,#2494),#2699,.F.);
#2828=ADVANCED_FACE('',(#2495),#2700,.F.);
#2829=ADVANCED_FACE('',(#2496,#2497),#2701,.F.);
#2830=ADVANCED_FACE('',(#2498),#2702,.T.);
#2831=ADVANCED_FACE('',(#2499),#2703,.F.);
#2832=ADVANCED_FACE('',(#2500,#2501),#76,.F.);
#2833=ADVANCED_FACE('',(#2502),#2704,.T.);
#2834=ADVANCED_FACE('',(#2503,#2504),#77,.F.);
#2835=ADVANCED_FACE('',(#2505),#2705,.F.);
#2836=ADVANCED_FACE('',(#2506),#78,.T.);
#2837=ADVANCED_FACE('',(#2507),#79,.T.);
#2838=ADVANCED_FACE('',(#2508),#80,.T.);
#2839=ADVANCED_FACE('',(#2509),#81,.T.);
#2840=ADVANCED_FACE('',(#2510),#2706,.T.);
#2841=ADVANCED_FACE('',(#2511),#36,.T.);
#2842=ADVANCED_FACE('',(#2512),#37,.T.);
#2843=ADVANCED_FACE('',(#2513),#2707,.F.);
#2844=ADVANCED_FACE('',(#2514),#2708,.F.);
#2845=ADVANCED_FACE('',(#2515),#38,.T.);
#2846=ADVANCED_FACE('',(#2516),#39,.T.);
#2847=ADVANCED_FACE('',(#2517),#2709,.F.);
#2848=ADVANCED_FACE('',(#2518),#2710,.T.);
#2849=ADVANCED_FACE('',(#2519,#2520),#2711,.F.);
#2850=ADVANCED_FACE('',(#2521),#2712,.F.);
#2851=ADVANCED_FACE('',(#2522,#2523),#2713,.T.);
#2852=ADVANCED_FACE('',(#2524),#2714,.T.);
#2853=ADVANCED_FACE('',(#2525),#2715,.F.);
#2854=ADVANCED_FACE('',(#2526,#2527),#82,.F.);
#2855=ADVANCED_FACE('',(#2528),#2716,.T.);
#2856=ADVANCED_FACE('',(#2529,#2530),#83,.F.);
#2857=ADVANCED_FACE('',(#2531),#2717,.F.);
#2858=ADVANCED_FACE('',(#2532),#84,.T.);
#2859=ADVANCED_FACE('',(#2533),#85,.T.);
#2860=ADVANCED_FACE('',(#2534),#86,.T.);
#2861=ADVANCED_FACE('',(#2535),#87,.T.);
#2862=ADVANCED_FACE('',(#2536),#2718,.F.);
#2863=ADVANCED_FACE('',(#2537),#40,.T.);
#2864=ADVANCED_FACE('',(#2538),#41,.T.);
#2865=ADVANCED_FACE('',(#2539),#2719,.T.);
#2866=ADVANCED_FACE('',(#2540),#2720,.F.);
#2867=ADVANCED_FACE('',(#2541),#42,.T.);
#2868=ADVANCED_FACE('',(#2542),#43,.T.);
#2869=ADVANCED_FACE('',(#2543),#2721,.T.);
#2870=ADVANCED_FACE('',(#2544),#2722,.T.);
#2871=ADVANCED_FACE('',(#2545,#2546),#2723,.F.);
#2872=ADVANCED_FACE('',(#2547),#2724,.F.);
#2873=ADVANCED_FACE('',(#2548,#2549),#2725,.F.);
#2874=ADVANCED_FACE('',(#2550),#2726,.T.);
#2875=ADVANCED_FACE('',(#2551),#2727,.F.);
#2876=ADVANCED_FACE('',(#2552,#2553),#88,.F.);
#2877=ADVANCED_FACE('',(#2554),#2728,.T.);
#2878=ADVANCED_FACE('',(#2555,#2556),#89,.F.);
#2879=ADVANCED_FACE('',(#2557),#2729,.F.);
#2880=ADVANCED_FACE('',(#2558),#90,.T.);
#2881=ADVANCED_FACE('',(#2559),#91,.T.);
#2882=ADVANCED_FACE('',(#2560),#92,.T.);
#2883=ADVANCED_FACE('',(#2561),#93,.T.);
#2884=ADVANCED_FACE('',(#2562),#2730,.F.);
#2885=ADVANCED_FACE('',(#2563),#44,.T.);
#2886=ADVANCED_FACE('',(#2564),#45,.T.);
#2887=ADVANCED_FACE('',(#2565),#2731,.F.);
#2888=ADVANCED_FACE('',(#2566),#2732,.T.);
#2889=ADVANCED_FACE('',(#2567),#46,.T.);
#2890=ADVANCED_FACE('',(#2568),#47,.T.);
#2891=ADVANCED_FACE('',(#2569),#2733,.F.);
#2892=ADVANCED_FACE('',(#2570),#2734,.T.);
#2893=ADVANCED_FACE('',(#2571,#2572),#2735,.F.);
#2894=ADVANCED_FACE('',(#2573),#2736,.T.);
#2895=ADVANCED_FACE('',(#2574,#2575),#2737,.T.);
#2896=ADVANCED_FACE('',(#2576),#2738,.T.);
#2897=ADVANCED_FACE('',(#2577),#2739,.F.);
#2898=ADVANCED_FACE('',(#2578,#2579),#94,.F.);
#2899=ADVANCED_FACE('',(#2580),#2740,.T.);
#2900=ADVANCED_FACE('',(#2581,#2582),#95,.F.);
#2901=ADVANCED_FACE('',(#2583),#2741,.F.);
#2902=ADVANCED_FACE('',(#2584),#96,.T.);
#2903=ADVANCED_FACE('',(#2585),#97,.T.);
#2904=ADVANCED_FACE('',(#2586),#98,.T.);
#2905=ADVANCED_FACE('',(#2587),#99,.T.);
#2906=ADVANCED_FACE('',(#2588),#2742,.T.);
#2907=ADVANCED_FACE('',(#2589),#48,.T.);
#2908=ADVANCED_FACE('',(#2590),#49,.T.);
#2909=ADVANCED_FACE('',(#2591),#2743,.T.);
#2910=ADVANCED_FACE('',(#2592),#2744,.F.);
#2911=ADVANCED_FACE('',(#2593),#50,.T.);
#2912=ADVANCED_FACE('',(#2594),#51,.T.);
#2913=ADVANCED_FACE('',(#2595),#2745,.T.);
#2914=ADVANCED_FACE('',(#2596),#2746,.T.);
#2915=ADVANCED_FACE('',(#2597,#2598),#2747,.F.);
#2916=ADVANCED_FACE('',(#2599),#2748,.F.);
#2917=ADVANCED_FACE('',(#2600,#2601),#2749,.T.);
#2918=ADVANCED_FACE('',(#2602),#2750,.T.);
#2919=ADVANCED_FACE('',(#2603),#2751,.F.);
#2920=ADVANCED_FACE('',(#2604,#2605),#100,.F.);
#2921=ADVANCED_FACE('',(#2606),#2752,.T.);
#2922=ADVANCED_FACE('',(#2607,#2608),#101,.F.);
#2923=ADVANCED_FACE('',(#2609),#2753,.F.);
#2924=ADVANCED_FACE('',(#2610),#102,.T.);
#2925=ADVANCED_FACE('',(#2611),#103,.T.);
#2926=ADVANCED_FACE('',(#2612),#104,.T.);
#2927=ADVANCED_FACE('',(#2613),#105,.T.);
#2928=ADVANCED_FACE('',(#2614),#2754,.F.);
#2929=ADVANCED_FACE('',(#2615),#52,.T.);
#2930=ADVANCED_FACE('',(#2616),#53,.T.);
#2931=ADVANCED_FACE('',(#2617),#2755,.T.);
#2932=ADVANCED_FACE('',(#2618),#2756,.F.);
#2933=ADVANCED_FACE('',(#2619),#54,.T.);
#2934=ADVANCED_FACE('',(#2620),#55,.T.);
#2935=ADVANCED_FACE('',(#2621),#2757,.T.);
#2936=ADVANCED_FACE('',(#2622,#2623),#2758,.T.);
#2937=ADVANCED_FACE('',(#2624),#2759,.F.);
#2938=ADVANCED_FACE('',(#2625,#2626),#2760,.F.);
#2939=ADVANCED_FACE('',(#2627),#2761,.T.);
#2940=ADVANCED_FACE('',(#2628),#2762,.T.);
#2941=ADVANCED_FACE('',(#2629),#2763,.F.);
#2942=ADVANCED_FACE('',(#2630,#2631),#106,.F.);
#2943=ADVANCED_FACE('',(#2632),#2764,.T.);
#2944=ADVANCED_FACE('',(#2633,#2634),#107,.F.);
#2945=ADVANCED_FACE('',(#2635),#2765,.F.);
#2946=ADVANCED_FACE('',(#2636),#108,.T.);
#2947=ADVANCED_FACE('',(#2637),#109,.T.);
#2948=ADVANCED_FACE('',(#2638),#110,.T.);
#2949=ADVANCED_FACE('',(#2639),#111,.T.);
#2950=ADVANCED_FACE('',(#2640),#2766,.T.);
#2951=ADVANCED_FACE('',(#2641),#56,.T.);
#2952=ADVANCED_FACE('',(#2642),#57,.T.);
#2953=ADVANCED_FACE('',(#2643),#2767,.F.);
#2954=ADVANCED_FACE('',(#2644),#2768,.T.);
#2955=ADVANCED_FACE('',(#2645),#58,.T.);
#2956=ADVANCED_FACE('',(#2646),#59,.T.);
#2957=ADVANCED_FACE('',(#2647),#2769,.F.);
#2958=ADVANCED_FACE('',(#2648,#2649),#2770,.T.);
#2959=ADVANCED_FACE('',(#2650),#2771,.F.);
#2960=ADVANCED_FACE('',(#2651,#2652),#2772,.F.);
#2961=ADVANCED_FACE('',(#2653),#2773,.T.);
#2962=ADVANCED_FACE('',(#2654),#2774,.T.);
#2963=ADVANCED_FACE('',(#2655),#2775,.F.);
#2964=ADVANCED_FACE('',(#2656,#2657),#112,.F.);
#2965=ADVANCED_FACE('',(#2658),#2776,.T.);
#2966=ADVANCED_FACE('',(#2659,#2660),#113,.F.);
#2967=ADVANCED_FACE('',(#2661),#2777,.F.);
#2968=ADVANCED_FACE('',(#2662),#114,.T.);
#2969=ADVANCED_FACE('',(#2663),#115,.T.);
#2970=ADVANCED_FACE('',(#2664),#116,.T.);
#2971=ADVANCED_FACE('',(#2665),#117,.T.);
#2972=ADVANCED_FACE('',(#2666),#2778,.T.);
#2973=ADVANCED_FACE('',(#2667),#60,.T.);
#2974=ADVANCED_FACE('',(#2668),#61,.T.);
#2975=ADVANCED_FACE('',(#2669),#2779,.F.);
#2976=ADVANCED_FACE('',(#2670),#2780,.T.);
#2977=ADVANCED_FACE('',(#2671),#62,.T.);
#2978=ADVANCED_FACE('',(#2672),#63,.T.);
#2979=ADVANCED_FACE('',(#2673),#2781,.F.);
#2980=CLOSED_SHELL('',(#2782,#2783,#2784,#2785,#2786,#2787,#2788,#2789,
#2790,#2791,#2792,#2793,#2794,#2795,#2796,#2797,#2798,#2799,#2800,#2801,
#2802,#2803));
#2981=CLOSED_SHELL('',(#2804,#2805,#2806,#2807,#2808,#2809,#2810,#2811,
#2812,#2813,#2814,#2815,#2816,#2817,#2818,#2819,#2820,#2821,#2822,#2823,
#2824,#2825));
#2982=CLOSED_SHELL('',(#2826,#2827,#2828,#2829,#2830,#2831,#2832,#2833,
#2834,#2835,#2836,#2837,#2838,#2839,#2840,#2841,#2842,#2843,#2844,#2845,
#2846,#2847));
#2983=CLOSED_SHELL('',(#2848,#2849,#2850,#2851,#2852,#2853,#2854,#2855,
#2856,#2857,#2858,#2859,#2860,#2861,#2862,#2863,#2864,#2865,#2866,#2867,
#2868,#2869));
#2984=CLOSED_SHELL('',(#2870,#2871,#2872,#2873,#2874,#2875,#2876,#2877,
#2878,#2879,#2880,#2881,#2882,#2883,#2884,#2885,#2886,#2887,#2888,#2889,
#2890,#2891));
#2985=CLOSED_SHELL('',(#2892,#2893,#2894,#2895,#2896,#2897,#2898,#2899,
#2900,#2901,#2902,#2903,#2904,#2905,#2906,#2907,#2908,#2909,#2910,#2911,
#2912,#2913));
#2986=CLOSED_SHELL('',(#2914,#2915,#2916,#2917,#2918,#2919,#2920,#2921,
#2922,#2923,#2924,#2925,#2926,#2927,#2928,#2929,#2930,#2931,#2932,#2933,
#2934,#2935));
#2987=CLOSED_SHELL('',(#2936,#2937,#2938,#2939,#2940,#2941,#2942,#2943,
#2944,#2945,#2946,#2947,#2948,#2949,#2950,#2951,#2952,#2953,#2954,#2955,
#2956,#2957));
#2988=CLOSED_SHELL('',(#2958,#2959,#2960,#2961,#2962,#2963,#2964,#2965,
#2966,#2967,#2968,#2969,#2970,#2971,#2972,#2973,#2974,#2975,#2976,#2977,
#2978,#2979));
#2989=STYLED_ITEM('',(#2998),#3060);
#2990=STYLED_ITEM('',(#2999),#3061);
#2991=STYLED_ITEM('',(#3000),#3062);
#2992=STYLED_ITEM('',(#3001),#3063);
#2993=STYLED_ITEM('',(#3002),#3064);
#2994=STYLED_ITEM('',(#3003),#3065);
#2995=STYLED_ITEM('',(#3004),#3066);
#2996=STYLED_ITEM('',(#3005),#3067);
#2997=STYLED_ITEM('',(#3006),#3068);
#2998=PRESENTATION_STYLE_ASSIGNMENT((#3007));
#2999=PRESENTATION_STYLE_ASSIGNMENT((#3008));
#3000=PRESENTATION_STYLE_ASSIGNMENT((#3009));
#3001=PRESENTATION_STYLE_ASSIGNMENT((#3010));
#3002=PRESENTATION_STYLE_ASSIGNMENT((#3011));
#3003=PRESENTATION_STYLE_ASSIGNMENT((#3012));
#3004=PRESENTATION_STYLE_ASSIGNMENT((#3013));
#3005=PRESENTATION_STYLE_ASSIGNMENT((#3014));
#3006=PRESENTATION_STYLE_ASSIGNMENT((#3015));
#3007=SURFACE_STYLE_USAGE(.BOTH.,#3016);
#3008=SURFACE_STYLE_USAGE(.BOTH.,#3017);
#3009=SURFACE_STYLE_USAGE(.BOTH.,#3018);
#3010=SURFACE_STYLE_USAGE(.BOTH.,#3019);
#3011=SURFACE_STYLE_USAGE(.BOTH.,#3020);
#3012=SURFACE_STYLE_USAGE(.BOTH.,#3021);
#3013=SURFACE_STYLE_USAGE(.BOTH.,#3022);
#3014=SURFACE_STYLE_USAGE(.BOTH.,#3023);
#3015=SURFACE_STYLE_USAGE(.BOTH.,#3024);
#3016=SURFACE_SIDE_STYLE('',(#3025));
#3017=SURFACE_SIDE_STYLE('',(#3026));
#3018=SURFACE_SIDE_STYLE('',(#3027));
#3019=SURFACE_SIDE_STYLE('',(#3028));
#3020=SURFACE_SIDE_STYLE('',(#3029));
#3021=SURFACE_SIDE_STYLE('',(#3030));
#3022=SURFACE_SIDE_STYLE('',(#3031));
#3023=SURFACE_SIDE_STYLE('',(#3032));
#3024=SURFACE_SIDE_STYLE('',(#3033));
#3025=SURFACE_STYLE_FILL_AREA(#3034);
#3026=SURFACE_STYLE_FILL_AREA(#3035);
#3027=SURFACE_STYLE_FILL_AREA(#3036);
#3028=SURFACE_STYLE_FILL_AREA(#3037);
#3029=SURFACE_STYLE_FILL_AREA(#3038);
#3030=SURFACE_STYLE_FILL_AREA(#3039);
#3031=SURFACE_STYLE_FILL_AREA(#3040);
#3032=SURFACE_STYLE_FILL_AREA(#3041);
#3033=SURFACE_STYLE_FILL_AREA(#3042);
#3034=FILL_AREA_STYLE('',(#3043));
#3035=FILL_AREA_STYLE('',(#3044));
#3036=FILL_AREA_STYLE('',(#3045));
#3037=FILL_AREA_STYLE('',(#3046));
#3038=FILL_AREA_STYLE('',(#3047));
#3039=FILL_AREA_STYLE('',(#3048));
#3040=FILL_AREA_STYLE('',(#3049));
#3041=FILL_AREA_STYLE('',(#3050));
#3042=FILL_AREA_STYLE('',(#3051));
#3043=FILL_AREA_STYLE_COLOUR('',#3052);
#3044=FILL_AREA_STYLE_COLOUR('',#3052);
#3045=FILL_AREA_STYLE_COLOUR('',#3053);
#3046=FILL_AREA_STYLE_COLOUR('',#3054);
#3047=FILL_AREA_STYLE_COLOUR('',#3055);
#3048=FILL_AREA_STYLE_COLOUR('',#3056);
#3049=FILL_AREA_STYLE_COLOUR('',#3057);
#3050=FILL_AREA_STYLE_COLOUR('',#3058);
#3051=FILL_AREA_STYLE_COLOUR('',#3059);
#3052=COLOUR_RGB('',0.615686274509804,0.811764705882353,0.929411764705882);
#3053=COLOUR_RGB('',0.647058823529412,0.647058823529412,0.647058823529412);
#3054=COLOUR_RGB('',0.231372549019608,0.380392156862745,0.705882352941177);
#3055=COLOUR_RGB('',0.917647058823529,0.917647058823529,0.917647058823529);
#3056=COLOUR_RGB('',0.768627450980392,0.886274509803922,0.952941176470588);
#3057=COLOUR_RGB('',0.972549019607843,0.529411764705882,0.00392156862745098);
#3058=COLOUR_RGB('',0.498039215686275,0.498039215686275,0.498039215686275);
#3059=COLOUR_RGB('',0.980392156862745,0.713725490196078,0.00392156862745098);
#3060=MANIFOLD_SOLID_BREP('keyBasic',#2980);
#3061=MANIFOLD_SOLID_BREP('keyShft',#2981);
#3062=MANIFOLD_SOLID_BREP('keyTab',#2982);
#3063=MANIFOLD_SOLID_BREP('keyCaps',#2983);
#3064=MANIFOLD_SOLID_BREP('kayShl',#2984);
#3065=MANIFOLD_SOLID_BREP('keyMod',#2985);
#3066=MANIFOLD_SOLID_BREP('keyDel',#2986);
#3067=MANIFOLD_SOLID_BREP('keyEnt',#2987);
#3068=MANIFOLD_SOLID_BREP('keyShr',#2988);
#3069=SHAPE_DEFINITION_REPRESENTATION(#5301,#3078);
#3070=SHAPE_DEFINITION_REPRESENTATION(#5302,#3079);
#3071=SHAPE_DEFINITION_REPRESENTATION(#5303,#3080);
#3072=SHAPE_DEFINITION_REPRESENTATION(#5304,#3081);
#3073=SHAPE_DEFINITION_REPRESENTATION(#5305,#3082);
#3074=SHAPE_DEFINITION_REPRESENTATION(#5306,#3083);
#3075=SHAPE_DEFINITION_REPRESENTATION(#5307,#3084);
#3076=SHAPE_DEFINITION_REPRESENTATION(#5308,#3085);
#3077=SHAPE_DEFINITION_REPRESENTATION(#5309,#3086);
#3078=SHAPE_REPRESENTATION('keyBasic',(#3087),#5256);
#3079=SHAPE_REPRESENTATION('keyShft',(#3126),#5257);
#3080=SHAPE_REPRESENTATION('keyTab',(#3165),#5258);
#3081=SHAPE_REPRESENTATION('keyCaps',(#3204),#5259);
#3082=SHAPE_REPRESENTATION('kayShl',(#3243),#5260);
#3083=SHAPE_REPRESENTATION('keyMod',(#3282),#5261);
#3084=SHAPE_REPRESENTATION('keyDel',(#3321),#5262);
#3085=SHAPE_REPRESENTATION('keyEnt',(#3360),#5263);
#3086=SHAPE_REPRESENTATION('keyShr',(#3399),#5264);
#3087=AXIS2_PLACEMENT_3D('',#4392,#3438,#3439);
#3088=AXIS2_PLACEMENT_3D('',#4393,#3440,#3441);
#3089=AXIS2_PLACEMENT_3D('',#4402,#3446,#3447);
#3090=AXIS2_PLACEMENT_3D('',#4403,#3448,#3449);
#3091=AXIS2_PLACEMENT_3D('',#4413,#3454,#3455);
#3092=AXIS2_PLACEMENT_3D('',#4422,#3460,#3461);
#3093=AXIS2_PLACEMENT_3D('',#4423,#3462,#3463);
#3094=AXIS2_PLACEMENT_3D('',#4433,#3468,#3469);
#3095=AXIS2_PLACEMENT_3D('',#4434,#3470,#3471);
#3096=AXIS2_PLACEMENT_3D('',#4435,#3472,#3473);
#3097=AXIS2_PLACEMENT_3D('',#4436,#3474,#3475);
#3098=AXIS2_PLACEMENT_3D('',#4437,#3476,#3477);
#3099=AXIS2_PLACEMENT_3D('',#4438,#3478,#3479);
#3100=AXIS2_PLACEMENT_3D('',#4439,#3480,#3481);
#3101=AXIS2_PLACEMENT_3D('',#4444,#3483,#3484);
#3102=AXIS2_PLACEMENT_3D('',#4448,#3486,#3487);
#3103=AXIS2_PLACEMENT_3D('',#4452,#3489,#3490);
#3104=AXIS2_PLACEMENT_3D('',#4455,#3492,#3493);
#3105=AXIS2_PLACEMENT_3D('',#4456,#3494,#3495);
#3106=AXIS2_PLACEMENT_3D('',#4458,#3496,#3497);
#3107=AXIS2_PLACEMENT_3D('',#4459,#3498,#3499);
#3108=AXIS2_PLACEMENT_3D('',#4460,#3500,#3501);
#3109=AXIS2_PLACEMENT_3D('',#4462,#3502,#3503);
#3110=AXIS2_PLACEMENT_3D('',#4463,#3504,#3505);
#3111=AXIS2_PLACEMENT_3D('',#4464,#3506,#3507);
#3112=AXIS2_PLACEMENT_3D('',#4465,#3508,#3509);
#3113=AXIS2_PLACEMENT_3D('',#4466,#3510,#3511);
#3114=AXIS2_PLACEMENT_3D('',#4467,#3512,#3513);
#3115=AXIS2_PLACEMENT_3D('',#4468,#3514,#3515);
#3116=AXIS2_PLACEMENT_3D('',#4469,#3516,#3517);
#3117=AXIS2_PLACEMENT_3D('',#4470,#3518,#3519);
#3118=AXIS2_PLACEMENT_3D('',#4471,#3520,#3521);
#3119=AXIS2_PLACEMENT_3D('',#4474,#3524,#3525);
#3120=AXIS2_PLACEMENT_3D('',#4476,#3527,#3528);
#3121=AXIS2_PLACEMENT_3D('',#4478,#3530,#3531);
#3122=AXIS2_PLACEMENT_3D('',#4480,#3533,#3534);
#3123=AXIS2_PLACEMENT_3D('',#4482,#3536,#3537);
#3124=AXIS2_PLACEMENT_3D('',#4484,#3539,#3540);
#3125=AXIS2_PLACEMENT_3D('',#4486,#3542,#3543);
#3126=AXIS2_PLACEMENT_3D('',#4487,#3544,#3545);
#3127=AXIS2_PLACEMENT_3D('',#4488,#3546,#3547);
#3128=AXIS2_PLACEMENT_3D('',#4489,#3548,#3549);
#3129=AXIS2_PLACEMENT_3D('',#4499,#3554,#3555);
#3130=AXIS2_PLACEMENT_3D('',#4508,#3560,#3561);
#3131=AXIS2_PLACEMENT_3D('',#4509,#3562,#3563);
#3132=AXIS2_PLACEMENT_3D('',#4519,#3568,#3569);
#3133=AXIS2_PLACEMENT_3D('',#4528,#3574,#3575);
#3134=AXIS2_PLACEMENT_3D('',#4529,#3576,#3577);
#3135=AXIS2_PLACEMENT_3D('',#4530,#3578,#3579);
#3136=AXIS2_PLACEMENT_3D('',#4531,#3580,#3581);
#3137=AXIS2_PLACEMENT_3D('',#4532,#3582,#3583);
#3138=AXIS2_PLACEMENT_3D('',#4533,#3584,#3585);
#3139=AXIS2_PLACEMENT_3D('',#4534,#3586,#3587);
#3140=AXIS2_PLACEMENT_3D('',#4539,#3589,#3590);
#3141=AXIS2_PLACEMENT_3D('',#4543,#3592,#3593);
#3142=AXIS2_PLACEMENT_3D('',#4547,#3595,#3596);
#3143=AXIS2_PLACEMENT_3D('',#4550,#3598,#3599);
#3144=AXIS2_PLACEMENT_3D('',#4551,#3600,#3601);
#3145=AXIS2_PLACEMENT_3D('',#4553,#3602,#3603);
#3146=AXIS2_PLACEMENT_3D('',#4554,#3604,#3605);
#3147=AXIS2_PLACEMENT_3D('',#4555,#3606,#3607);
#3148=AXIS2_PLACEMENT_3D('',#4557,#3608,#3609);
#3149=AXIS2_PLACEMENT_3D('',#4558,#3610,#3611);
#3150=AXIS2_PLACEMENT_3D('',#4559,#3612,#3613);
#3151=AXIS2_PLACEMENT_3D('',#4560,#3614,#3615);
#3152=AXIS2_PLACEMENT_3D('',#4561,#3616,#3617);
#3153=AXIS2_PLACEMENT_3D('',#4562,#3618,#3619);
#3154=AXIS2_PLACEMENT_3D('',#4563,#3620,#3621);
#3155=AXIS2_PLACEMENT_3D('',#4564,#3622,#3623);
#3156=AXIS2_PLACEMENT_3D('',#4565,#3624,#3625);
#3157=AXIS2_PLACEMENT_3D('',#4566,#3626,#3627);
#3158=AXIS2_PLACEMENT_3D('',#4569,#3630,#3631);
#3159=AXIS2_PLACEMENT_3D('',#4571,#3633,#3634);
#3160=AXIS2_PLACEMENT_3D('',#4573,#3636,#3637);
#3161=AXIS2_PLACEMENT_3D('',#4575,#3639,#3640);
#3162=AXIS2_PLACEMENT_3D('',#4577,#3642,#3643);
#3163=AXIS2_PLACEMENT_3D('',#4579,#3645,#3646);
#3164=AXIS2_PLACEMENT_3D('',#4581,#3648,#3649);
#3165=AXIS2_PLACEMENT_3D('',#4582,#3650,#3651);
#3166=AXIS2_PLACEMENT_3D('',#4583,#3652,#3653);
#3167=AXIS2_PLACEMENT_3D('',#4592,#3658,#3659);
#3168=AXIS2_PLACEMENT_3D('',#4593,#3660,#3661);
#3169=AXIS2_PLACEMENT_3D('',#4603,#3666,#3667);
#3170=AXIS2_PLACEMENT_3D('',#4612,#3672,#3673);
#3171=AXIS2_PLACEMENT_3D('',#4613,#3674,#3675);
#3172=AXIS2_PLACEMENT_3D('',#4623,#3680,#3681);
#3173=AXIS2_PLACEMENT_3D('',#4624,#3682,#3683);
#3174=AXIS2_PLACEMENT_3D('',#4625,#3684,#3685);
#3175=AXIS2_PLACEMENT_3D('',#4626,#3686,#3687);
#3176=AXIS2_PLACEMENT_3D('',#4627,#3688,#3689);
#3177=AXIS2_PLACEMENT_3D('',#4628,#3690,#3691);
#3178=AXIS2_PLACEMENT_3D('',#4629,#3692,#3693);
#3179=AXIS2_PLACEMENT_3D('',#4634,#3695,#3696);
#3180=AXIS2_PLACEMENT_3D('',#4638,#3698,#3699);
#3181=AXIS2_PLACEMENT_3D('',#4642,#3701,#3702);
#3182=AXIS2_PLACEMENT_3D('',#4645,#3704,#3705);
#3183=AXIS2_PLACEMENT_3D('',#4646,#3706,#3707);
#3184=AXIS2_PLACEMENT_3D('',#4648,#3708,#3709);
#3185=AXIS2_PLACEMENT_3D('',#4649,#3710,#3711);
#3186=AXIS2_PLACEMENT_3D('',#4650,#3712,#3713);
#3187=AXIS2_PLACEMENT_3D('',#4652,#3714,#3715);
#3188=AXIS2_PLACEMENT_3D('',#4653,#3716,#3717);
#3189=AXIS2_PLACEMENT_3D('',#4654,#3718,#3719);
#3190=AXIS2_PLACEMENT_3D('',#4655,#3720,#3721);
#3191=AXIS2_PLACEMENT_3D('',#4656,#3722,#3723);
#3192=AXIS2_PLACEMENT_3D('',#4657,#3724,#3725);
#3193=AXIS2_PLACEMENT_3D('',#4658,#3726,#3727);
#3194=AXIS2_PLACEMENT_3D('',#4659,#3728,#3729);
#3195=AXIS2_PLACEMENT_3D('',#4660,#3730,#3731);
#3196=AXIS2_PLACEMENT_3D('',#4661,#3732,#3733);
#3197=AXIS2_PLACEMENT_3D('',#4664,#3736,#3737);
#3198=AXIS2_PLACEMENT_3D('',#4666,#3739,#3740);
#3199=AXIS2_PLACEMENT_3D('',#4668,#3742,#3743);
#3200=AXIS2_PLACEMENT_3D('',#4670,#3745,#3746);
#3201=AXIS2_PLACEMENT_3D('',#4672,#3748,#3749);
#3202=AXIS2_PLACEMENT_3D('',#4674,#3751,#3752);
#3203=AXIS2_PLACEMENT_3D('',#4676,#3754,#3755);
#3204=AXIS2_PLACEMENT_3D('',#4677,#3756,#3757);
#3205=AXIS2_PLACEMENT_3D('',#4678,#3758,#3759);
#3206=AXIS2_PLACEMENT_3D('',#4687,#3764,#3765);
#3207=AXIS2_PLACEMENT_3D('',#4688,#3766,#3767);
#3208=AXIS2_PLACEMENT_3D('',#4698,#3772,#3773);
#3209=AXIS2_PLACEMENT_3D('',#4707,#3778,#3779);
#3210=AXIS2_PLACEMENT_3D('',#4708,#3780,#3781);
#3211=AXIS2_PLACEMENT_3D('',#4718,#3786,#3787);
#3212=AXIS2_PLACEMENT_3D('',#4719,#3788,#3789);
#3213=AXIS2_PLACEMENT_3D('',#4720,#3790,#3791);
#3214=AXIS2_PLACEMENT_3D('',#4721,#3792,#3793);
#3215=AXIS2_PLACEMENT_3D('',#4722,#3794,#3795);
#3216=AXIS2_PLACEMENT_3D('',#4723,#3796,#3797);
#3217=AXIS2_PLACEMENT_3D('',#4724,#3798,#3799);
#3218=AXIS2_PLACEMENT_3D('',#4729,#3801,#3802);
#3219=AXIS2_PLACEMENT_3D('',#4733,#3804,#3805);
#3220=AXIS2_PLACEMENT_3D('',#4737,#3807,#3808);
#3221=AXIS2_PLACEMENT_3D('',#4740,#3810,#3811);
#3222=AXIS2_PLACEMENT_3D('',#4741,#3812,#3813);
#3223=AXIS2_PLACEMENT_3D('',#4743,#3814,#3815);
#3224=AXIS2_PLACEMENT_3D('',#4744,#3816,#3817);
#3225=AXIS2_PLACEMENT_3D('',#4745,#3818,#3819);
#3226=AXIS2_PLACEMENT_3D('',#4747,#3820,#3821);
#3227=AXIS2_PLACEMENT_3D('',#4748,#3822,#3823);
#3228=AXIS2_PLACEMENT_3D('',#4749,#3824,#3825);
#3229=AXIS2_PLACEMENT_3D('',#4750,#3826,#3827);
#3230=AXIS2_PLACEMENT_3D('',#4751,#3828,#3829);
#3231=AXIS2_PLACEMENT_3D('',#4752,#3830,#3831);
#3232=AXIS2_PLACEMENT_3D('',#4753,#3832,#3833);
#3233=AXIS2_PLACEMENT_3D('',#4754,#3834,#3835);
#3234=AXIS2_PLACEMENT_3D('',#4755,#3836,#3837);
#3235=AXIS2_PLACEMENT_3D('',#4756,#3838,#3839);
#3236=AXIS2_PLACEMENT_3D('',#4759,#3842,#3843);
#3237=AXIS2_PLACEMENT_3D('',#4761,#3845,#3846);
#3238=AXIS2_PLACEMENT_3D('',#4763,#3848,#3849);
#3239=AXIS2_PLACEMENT_3D('',#4765,#3851,#3852);
#3240=AXIS2_PLACEMENT_3D('',#4767,#3854,#3855);
#3241=AXIS2_PLACEMENT_3D('',#4769,#3857,#3858);
#3242=AXIS2_PLACEMENT_3D('',#4771,#3860,#3861);
#3243=AXIS2_PLACEMENT_3D('',#4772,#3862,#3863);
#3244=AXIS2_PLACEMENT_3D('',#4773,#3864,#3865);
#3245=AXIS2_PLACEMENT_3D('',#4782,#3870,#3871);
#3246=AXIS2_PLACEMENT_3D('',#4783,#3872,#3873);
#3247=AXIS2_PLACEMENT_3D('',#4793,#3878,#3879);
#3248=AXIS2_PLACEMENT_3D('',#4802,#3884,#3885);
#3249=AXIS2_PLACEMENT_3D('',#4803,#3886,#3887);
#3250=AXIS2_PLACEMENT_3D('',#4813,#3892,#3893);
#3251=AXIS2_PLACEMENT_3D('',#4814,#3894,#3895);
#3252=AXIS2_PLACEMENT_3D('',#4815,#3896,#3897);
#3253=AXIS2_PLACEMENT_3D('',#4816,#3898,#3899);
#3254=AXIS2_PLACEMENT_3D('',#4817,#3900,#3901);
#3255=AXIS2_PLACEMENT_3D('',#4818,#3902,#3903);
#3256=AXIS2_PLACEMENT_3D('',#4819,#3904,#3905);
#3257=AXIS2_PLACEMENT_3D('',#4824,#3907,#3908);
#3258=AXIS2_PLACEMENT_3D('',#4828,#3910,#3911);
#3259=AXIS2_PLACEMENT_3D('',#4832,#3913,#3914);
#3260=AXIS2_PLACEMENT_3D('',#4835,#3916,#3917);
#3261=AXIS2_PLACEMENT_3D('',#4836,#3918,#3919);
#3262=AXIS2_PLACEMENT_3D('',#4838,#3920,#3921);
#3263=AXIS2_PLACEMENT_3D('',#4839,#3922,#3923);
#3264=AXIS2_PLACEMENT_3D('',#4840,#3924,#3925);
#3265=AXIS2_PLACEMENT_3D('',#4842,#3926,#3927);
#3266=AXIS2_PLACEMENT_3D('',#4843,#3928,#3929);
#3267=AXIS2_PLACEMENT_3D('',#4844,#3930,#3931);
#3268=AXIS2_PLACEMENT_3D('',#4845,#3932,#3933);
#3269=AXIS2_PLACEMENT_3D('',#4846,#3934,#3935);
#3270=AXIS2_PLACEMENT_3D('',#4847,#3936,#3937);
#3271=AXIS2_PLACEMENT_3D('',#4848,#3938,#3939);
#3272=AXIS2_PLACEMENT_3D('',#4849,#3940,#3941);
#3273=AXIS2_PLACEMENT_3D('',#4850,#3942,#3943);
#3274=AXIS2_PLACEMENT_3D('',#4851,#3944,#3945);
#3275=AXIS2_PLACEMENT_3D('',#4854,#3948,#3949);
#3276=AXIS2_PLACEMENT_3D('',#4856,#3951,#3952);
#3277=AXIS2_PLACEMENT_3D('',#4858,#3954,#3955);
#3278=AXIS2_PLACEMENT_3D('',#4860,#3957,#3958);
#3279=AXIS2_PLACEMENT_3D('',#4862,#3960,#3961);
#3280=AXIS2_PLACEMENT_3D('',#4864,#3963,#3964);
#3281=AXIS2_PLACEMENT_3D('',#4866,#3966,#3967);
#3282=AXIS2_PLACEMENT_3D('',#4867,#3968,#3969);
#3283=AXIS2_PLACEMENT_3D('',#4868,#3970,#3971);
#3284=AXIS2_PLACEMENT_3D('',#4877,#3976,#3977);
#3285=AXIS2_PLACEMENT_3D('',#4878,#3978,#3979);
#3286=AXIS2_PLACEMENT_3D('',#4888,#3984,#3985);
#3287=AXIS2_PLACEMENT_3D('',#4897,#3990,#3991);
#3288=AXIS2_PLACEMENT_3D('',#4898,#3992,#3993);
#3289=AXIS2_PLACEMENT_3D('',#4908,#3998,#3999);
#3290=AXIS2_PLACEMENT_3D('',#4909,#4000,#4001);
#3291=AXIS2_PLACEMENT_3D('',#4910,#4002,#4003);
#3292=AXIS2_PLACEMENT_3D('',#4911,#4004,#4005);
#3293=AXIS2_PLACEMENT_3D('',#4912,#4006,#4007);
#3294=AXIS2_PLACEMENT_3D('',#4913,#4008,#4009);
#3295=AXIS2_PLACEMENT_3D('',#4914,#4010,#4011);
#3296=AXIS2_PLACEMENT_3D('',#4919,#4013,#4014);
#3297=AXIS2_PLACEMENT_3D('',#4923,#4016,#4017);
#3298=AXIS2_PLACEMENT_3D('',#4927,#4019,#4020);
#3299=AXIS2_PLACEMENT_3D('',#4930,#4022,#4023);
#3300=AXIS2_PLACEMENT_3D('',#4931,#4024,#4025);
#3301=AXIS2_PLACEMENT_3D('',#4933,#4026,#4027);
#3302=AXIS2_PLACEMENT_3D('',#4934,#4028,#4029);
#3303=AXIS2_PLACEMENT_3D('',#4935,#4030,#4031);
#3304=AXIS2_PLACEMENT_3D('',#4937,#4032,#4033);
#3305=AXIS2_PLACEMENT_3D('',#4938,#4034,#4035);
#3306=AXIS2_PLACEMENT_3D('',#4939,#4036,#4037);
#3307=AXIS2_PLACEMENT_3D('',#4940,#4038,#4039);
#3308=AXIS2_PLACEMENT_3D('',#4941,#4040,#4041);
#3309=AXIS2_PLACEMENT_3D('',#4942,#4042,#4043);
#3310=AXIS2_PLACEMENT_3D('',#4943,#4044,#4045);
#3311=AXIS2_PLACEMENT_3D('',#4944,#4046,#4047);
#3312=AXIS2_PLACEMENT_3D('',#4945,#4048,#4049);
#3313=AXIS2_PLACEMENT_3D('',#4946,#4050,#4051);
#3314=AXIS2_PLACEMENT_3D('',#4949,#4054,#4055);
#3315=AXIS2_PLACEMENT_3D('',#4951,#4057,#4058);
#3316=AXIS2_PLACEMENT_3D('',#4953,#4060,#4061);
#3317=AXIS2_PLACEMENT_3D('',#4955,#4063,#4064);
#3318=AXIS2_PLACEMENT_3D('',#4957,#4066,#4067);
#3319=AXIS2_PLACEMENT_3D('',#4959,#4069,#4070);
#3320=AXIS2_PLACEMENT_3D('',#4961,#4072,#4073);
#3321=AXIS2_PLACEMENT_3D('',#4962,#4074,#4075);
#3322=AXIS2_PLACEMENT_3D('',#4963,#4076,#4077);
#3323=AXIS2_PLACEMENT_3D('',#4972,#4082,#4083);
#3324=AXIS2_PLACEMENT_3D('',#4973,#4084,#4085);
#3325=AXIS2_PLACEMENT_3D('',#4983,#4090,#4091);
#3326=AXIS2_PLACEMENT_3D('',#4992,#4096,#4097);
#3327=AXIS2_PLACEMENT_3D('',#4993,#4098,#4099);
#3328=AXIS2_PLACEMENT_3D('',#5003,#4104,#4105);
#3329=AXIS2_PLACEMENT_3D('',#5004,#4106,#4107);
#3330=AXIS2_PLACEMENT_3D('',#5005,#4108,#4109);
#3331=AXIS2_PLACEMENT_3D('',#5006,#4110,#4111);
#3332=AXIS2_PLACEMENT_3D('',#5007,#4112,#4113);
#3333=AXIS2_PLACEMENT_3D('',#5008,#4114,#4115);
#3334=AXIS2_PLACEMENT_3D('',#5009,#4116,#4117);
#3335=AXIS2_PLACEMENT_3D('',#5014,#4119,#4120);
#3336=AXIS2_PLACEMENT_3D('',#5018,#4122,#4123);
#3337=AXIS2_PLACEMENT_3D('',#5022,#4125,#4126);
#3338=AXIS2_PLACEMENT_3D('',#5025,#4128,#4129);
#3339=AXIS2_PLACEMENT_3D('',#5026,#4130,#4131);
#3340=AXIS2_PLACEMENT_3D('',#5028,#4132,#4133);
#3341=AXIS2_PLACEMENT_3D('',#5029,#4134,#4135);
#3342=AXIS2_PLACEMENT_3D('',#5030,#4136,#4137);
#3343=AXIS2_PLACEMENT_3D('',#5032,#4138,#4139);
#3344=AXIS2_PLACEMENT_3D('',#5033,#4140,#4141);
#3345=AXIS2_PLACEMENT_3D('',#5034,#4142,#4143);
#3346=AXIS2_PLACEMENT_3D('',#5035,#4144,#4145);
#3347=AXIS2_PLACEMENT_3D('',#5036,#4146,#4147);
#3348=AXIS2_PLACEMENT_3D('',#5037,#4148,#4149);
#3349=AXIS2_PLACEMENT_3D('',#5038,#4150,#4151);
#3350=AXIS2_PLACEMENT_3D('',#5039,#4152,#4153);
#3351=AXIS2_PLACEMENT_3D('',#5040,#4154,#4155);
#3352=AXIS2_PLACEMENT_3D('',#5041,#4156,#4157);
#3353=AXIS2_PLACEMENT_3D('',#5044,#4160,#4161);
#3354=AXIS2_PLACEMENT_3D('',#5046,#4163,#4164);
#3355=AXIS2_PLACEMENT_3D('',#5048,#4166,#4167);
#3356=AXIS2_PLACEMENT_3D('',#5050,#4169,#4170);
#3357=AXIS2_PLACEMENT_3D('',#5052,#4172,#4173);
#3358=AXIS2_PLACEMENT_3D('',#5054,#4175,#4176);
#3359=AXIS2_PLACEMENT_3D('',#5056,#4178,#4179);
#3360=AXIS2_PLACEMENT_3D('',#5057,#4180,#4181);
#3361=AXIS2_PLACEMENT_3D('',#5058,#4182,#4183);
#3362=AXIS2_PLACEMENT_3D('',#5059,#4184,#4185);
#3363=AXIS2_PLACEMENT_3D('',#5069,#4190,#4191);
#3364=AXIS2_PLACEMENT_3D('',#5078,#4196,#4197);
#3365=AXIS2_PLACEMENT_3D('',#5079,#4198,#4199);
#3366=AXIS2_PLACEMENT_3D('',#5089,#4204,#4205);
#3367=AXIS2_PLACEMENT_3D('',#5098,#4210,#4211);
#3368=AXIS2_PLACEMENT_3D('',#5099,#4212,#4213);
#3369=AXIS2_PLACEMENT_3D('',#5100,#4214,#4215);
#3370=AXIS2_PLACEMENT_3D('',#5101,#4216,#4217);
#3371=AXIS2_PLACEMENT_3D('',#5102,#4218,#4219);
#3372=AXIS2_PLACEMENT_3D('',#5103,#4220,#4221);
#3373=AXIS2_PLACEMENT_3D('',#5104,#4222,#4223);
#3374=AXIS2_PLACEMENT_3D('',#5109,#4225,#4226);
#3375=AXIS2_PLACEMENT_3D('',#5113,#4228,#4229);
#3376=AXIS2_PLACEMENT_3D('',#5117,#4231,#4232);
#3377=AXIS2_PLACEMENT_3D('',#5120,#4234,#4235);
#3378=AXIS2_PLACEMENT_3D('',#5121,#4236,#4237);
#3379=AXIS2_PLACEMENT_3D('',#5123,#4238,#4239);
#3380=AXIS2_PLACEMENT_3D('',#5124,#4240,#4241);
#3381=AXIS2_PLACEMENT_3D('',#5125,#4242,#4243);
#3382=AXIS2_PLACEMENT_3D('',#5127,#4244,#4245);
#3383=AXIS2_PLACEMENT_3D('',#5128,#4246,#4247);
#3384=AXIS2_PLACEMENT_3D('',#5129,#4248,#4249);
#3385=AXIS2_PLACEMENT_3D('',#5130,#4250,#4251);
#3386=AXIS2_PLACEMENT_3D('',#5131,#4252,#4253);
#3387=AXIS2_PLACEMENT_3D('',#5132,#4254,#4255);
#3388=AXIS2_PLACEMENT_3D('',#5133,#4256,#4257);
#3389=AXIS2_PLACEMENT_3D('',#5134,#4258,#4259);
#3390=AXIS2_PLACEMENT_3D('',#5135,#4260,#4261);
#3391=AXIS2_PLACEMENT_3D('',#5136,#4262,#4263);
#3392=AXIS2_PLACEMENT_3D('',#5139,#4266,#4267);
#3393=AXIS2_PLACEMENT_3D('',#5141,#4269,#4270);
#3394=AXIS2_PLACEMENT_3D('',#5143,#4272,#4273);
#3395=AXIS2_PLACEMENT_3D('',#5145,#4275,#4276);
#3396=AXIS2_PLACEMENT_3D('',#5147,#4278,#4279);
#3397=AXIS2_PLACEMENT_3D('',#5149,#4281,#4282);
#3398=AXIS2_PLACEMENT_3D('',#5151,#4284,#4285);
#3399=AXIS2_PLACEMENT_3D('',#5152,#4286,#4287);
#3400=AXIS2_PLACEMENT_3D('',#5153,#4288,#4289);
#3401=AXIS2_PLACEMENT_3D('',#5154,#4290,#4291);
#3402=AXIS2_PLACEMENT_3D('',#5164,#4296,#4297);
#3403=AXIS2_PLACEMENT_3D('',#5173,#4302,#4303);
#3404=AXIS2_PLACEMENT_3D('',#5174,#4304,#4305);
#3405=AXIS2_PLACEMENT_3D('',#5184,#4310,#4311);
#3406=AXIS2_PLACEMENT_3D('',#5193,#4316,#4317);
#3407=AXIS2_PLACEMENT_3D('',#5194,#4318,#4319);
#3408=AXIS2_PLACEMENT_3D('',#5195,#4320,#4321);
#3409=AXIS2_PLACEMENT_3D('',#5196,#4322,#4323);
#3410=AXIS2_PLACEMENT_3D('',#5197,#4324,#4325);
#3411=AXIS2_PLACEMENT_3D('',#5198,#4326,#4327);
#3412=AXIS2_PLACEMENT_3D('',#5199,#4328,#4329);
#3413=AXIS2_PLACEMENT_3D('',#5204,#4331,#4332);
#3414=AXIS2_PLACEMENT_3D('',#5208,#4334,#4335);
#3415=AXIS2_PLACEMENT_3D('',#5212,#4337,#4338);
#3416=AXIS2_PLACEMENT_3D('',#5215,#4340,#4341);
#3417=AXIS2_PLACEMENT_3D('',#5216,#4342,#4343);
#3418=AXIS2_PLACEMENT_3D('',#5218,#4344,#4345);
#3419=AXIS2_PLACEMENT_3D('',#5219,#4346,#4347);
#3420=AXIS2_PLACEMENT_3D('',#5220,#4348,#4349);
#3421=AXIS2_PLACEMENT_3D('',#5222,#4350,#4351);
#3422=AXIS2_PLACEMENT_3D('',#5223,#4352,#4353);
#3423=AXIS2_PLACEMENT_3D('',#5224,#4354,#4355);
#3424=AXIS2_PLACEMENT_3D('',#5225,#4356,#4357);
#3425=AXIS2_PLACEMENT_3D('',#5226,#4358,#4359);
#3426=AXIS2_PLACEMENT_3D('',#5227,#4360,#4361);
#3427=AXIS2_PLACEMENT_3D('',#5228,#4362,#4363);
#3428=AXIS2_PLACEMENT_3D('',#5229,#4364,#4365);
#3429=AXIS2_PLACEMENT_3D('',#5230,#4366,#4367);
#3430=AXIS2_PLACEMENT_3D('',#5231,#4368,#4369);
#3431=AXIS2_PLACEMENT_3D('',#5234,#4372,#4373);
#3432=AXIS2_PLACEMENT_3D('',#5236,#4375,#4376);
#3433=AXIS2_PLACEMENT_3D('',#5238,#4378,#4379);
#3434=AXIS2_PLACEMENT_3D('',#5240,#4381,#4382);
#3435=AXIS2_PLACEMENT_3D('',#5242,#4384,#4385);
#3436=AXIS2_PLACEMENT_3D('',#5244,#4387,#4388);
#3437=AXIS2_PLACEMENT_3D('',#5246,#4390,#4391);
#3438=DIRECTION('',(0.,0.,1.));
#3439=DIRECTION('',(1.,0.,0.));
#3440=DIRECTION('',(0.,1.,0.));
#3441=DIRECTION('',(0.,0.,1.));
#3442=DIRECTION('',(0.,0.,-1.));
#3443=DIRECTION('',(-1.,0.,0.));
#3444=DIRECTION('',(0.,0.,-1.));
#3445=DIRECTION('',(1.,0.,0.));
#3446=DIRECTION('',(1.,0.,0.));
#3447=DIRECTION('',(0.,0.,-1.));
#3448=DIRECTION('',(-1.,0.,0.));
#3449=DIRECTION('',(0.,0.,1.));
#3450=DIRECTION('',(0.,0.,-1.));
#3451=DIRECTION('',(0.,-1.,0.));
#3452=DIRECTION('',(0.,0.,-1.));
#3453=DIRECTION('',(0.,-1.,0.));
#3454=DIRECTION('',(0.,1.,0.));
#3455=DIRECTION('',(0.,0.,1.));
#3456=DIRECTION('',(0.,0.,-1.));
#3457=DIRECTION('',(1.,0.,0.));
#3458=DIRECTION('',(0.,0.,-1.));
#3459=DIRECTION('',(1.,0.,0.));
#3460=DIRECTION('',(1.,0.,0.));
#3461=DIRECTION('',(0.,0.,-1.));
#3462=DIRECTION('',(-1.,0.,0.));
#3463=DIRECTION('',(0.,0.,1.));
#3464=DIRECTION('',(0.,0.,-1.));
#3465=DIRECTION('',(0.,1.,0.));
#3466=DIRECTION('',(0.,0.,-1.));
#3467=DIRECTION('',(0.,-1.,0.));
#3468=DIRECTION('',(0.,0.,1.));
#3469=DIRECTION('',(1.,0.,0.));
#3470=DIRECTION('',(0.,0.,1.));
#3471=DIRECTION('',(1.,0.,0.));
#3472=DIRECTION('',(0.,0.,1.));
#3473=DIRECTION('',(1.,0.,0.));
#3474=DIRECTION('',(0.,0.,1.));
#3475=DIRECTION('',(1.,0.,0.));
#3476=DIRECTION('',(0.,0.,1.));
#3477=DIRECTION('',(1.,0.,0.));
#3478=DIRECTION('',(0.,0.,1.));
#3479=DIRECTION('',(1.,0.,0.));
#3480=DIRECTION('',(0.,0.,1.));
#3481=DIRECTION('',(1.,0.,0.));
#3482=DIRECTION('',(0.,-1.,0.));
#3483=DIRECTION('',(0.,0.,1.));
#3484=DIRECTION('',(1.,0.,0.));
#3485=DIRECTION('',(-1.,0.,0.));
#3486=DIRECTION('',(0.,0.,1.));
#3487=DIRECTION('',(1.,0.,0.));
#3488=DIRECTION('',(0.,1.,0.));
#3489=DIRECTION('',(0.,0.,1.));
#3490=DIRECTION('',(1.,0.,0.));
#3491=DIRECTION('',(1.,0.,0.));
#3492=DIRECTION('',(-1.,0.,0.));
#3493=DIRECTION('',(0.,0.,1.));
#3494=DIRECTION('',(-1.,0.,0.));
#3495=DIRECTION('',(0.,0.,1.));
#3496=DIRECTION('',(-1.,0.,0.));
#3497=DIRECTION('',(0.,-1.,0.));
#3498=DIRECTION('',(1.,0.,0.));
#3499=DIRECTION('',(0.,0.,-1.));
#3500=DIRECTION('',(-1.,0.,0.));
#3501=DIRECTION('',(0.,0.,1.));
#3502=DIRECTION('',(-1.,0.,0.));
#3503=DIRECTION('',(0.,-1.,0.));
#3504=DIRECTION('',(0.,0.,1.));
#3505=DIRECTION('',(1.,0.,0.));
#3506=DIRECTION('',(0.,0.,1.));
#3507=DIRECTION('',(1.,0.,0.));
#3508=DIRECTION('',(0.,0.,-1.));
#3509=DIRECTION('',(-1.,0.,0.));
#3510=DIRECTION('',(0.,0.,1.));
#3511=DIRECTION('',(1.,0.,0.));
#3512=DIRECTION('',(0.,0.,1.));
#3513=DIRECTION('',(1.,0.,0.));
#3514=DIRECTION('',(0.,0.,1.));
#3515=DIRECTION('',(1.,0.,0.));
#3516=DIRECTION('',(0.,0.,-1.));
#3517=DIRECTION('',(-1.,0.,0.));
#3518=DIRECTION('',(0.,0.,1.));
#3519=DIRECTION('',(1.,0.,0.));
#3520=DIRECTION('',(0.866025403784431,0.,0.500000000000013));
#3521=DIRECTION('',(0.,-1.,0.));
#3522=DIRECTION('',(0.500000000000013,0.,-0.866025403784431));
#3523=DIRECTION('',(-0.500000000000013,0.,0.866025403784431));
#3524=DIRECTION('',(0.,0.,1.));
#3525=DIRECTION('',(1.,0.,0.));
#3526=DIRECTION('',(0.,0.500000000000019,0.866025403784428));
#3527=DIRECTION('',(0.,0.,1.));
#3528=DIRECTION('',(1.,0.,0.));
#3529=DIRECTION('',(0.,0.500000000000013,-0.866025403784432));
#3530=DIRECTION('',(0.,0.866025403784428,-0.500000000000019));
#3531=DIRECTION('',(-1.,0.,0.));
#3532=DIRECTION('',(0.,0.500000000000019,0.866025403784428));
#3533=DIRECTION('',(0.,0.866025403784428,0.500000000000019));
#3534=DIRECTION('',(1.,0.,0.));
#3535=DIRECTION('',(0.,0.500000000000019,-0.866025403784428));
#3536=DIRECTION('',(0.,0.,1.));
#3537=DIRECTION('',(1.,0.,0.));
#3538=DIRECTION('',(0.500000000000013,0.,0.866025403784432));
#3539=DIRECTION('',(0.,0.,1.));
#3540=DIRECTION('',(1.,0.,0.));
#3541=DIRECTION('',(-0.500000000000013,0.,-0.866025403784431));
#3542=DIRECTION('',(0.866025403784431,0.,-0.500000000000013));
#3543=DIRECTION('',(0.,1.,0.));
#3544=DIRECTION('',(0.,0.,1.));
#3545=DIRECTION('',(1.,0.,0.));
#3546=DIRECTION('',(1.,0.,0.));
#3547=DIRECTION('',(0.,0.,-1.));
#3548=DIRECTION('',(1.,0.,0.));
#3549=DIRECTION('',(0.,0.,-1.));
#3550=DIRECTION('',(0.,0.,-1.));
#3551=DIRECTION('',(0.,-1.,0.));
#3552=DIRECTION('',(0.,0.,-1.));
#3553=DIRECTION('',(0.,-1.,0.));
#3554=DIRECTION('',(0.,1.,0.));
#3555=DIRECTION('',(0.,0.,1.));
#3556=DIRECTION('',(0.,0.,-1.));
#3557=DIRECTION('',(1.,0.,0.));
#3558=DIRECTION('',(0.,0.,-1.));
#3559=DIRECTION('',(1.,0.,0.));
#3560=DIRECTION('',(1.,0.,0.));
#3561=DIRECTION('',(0.,0.,-1.));
#3562=DIRECTION('',(1.,0.,0.));
#3563=DIRECTION('',(0.,0.,-1.));
#3564=DIRECTION('',(0.,0.,-1.));
#3565=DIRECTION('',(0.,1.,0.));
#3566=DIRECTION('',(0.,0.,-1.));
#3567=DIRECTION('',(0.,-1.,0.));
#3568=DIRECTION('',(0.,1.,0.));
#3569=DIRECTION('',(0.,0.,1.));
#3570=DIRECTION('',(0.,0.,-1.));
#3571=DIRECTION('',(-1.,0.,0.));
#3572=DIRECTION('',(0.,0.,-1.));
#3573=DIRECTION('',(1.,0.,0.));
#3574=DIRECTION('',(0.,0.,1.));
#3575=DIRECTION('',(1.,0.,0.));
#3576=DIRECTION('',(0.,0.,1.));
#3577=DIRECTION('',(1.,0.,0.));
#3578=DIRECTION('',(0.,0.,1.));
#3579=DIRECTION('',(1.,0.,0.));
#3580=DIRECTION('',(0.,0.,1.));
#3581=DIRECTION('',(1.,0.,0.));
#3582=DIRECTION('',(0.,0.,1.));
#3583=DIRECTION('',(1.,0.,0.));
#3584=DIRECTION('',(0.,0.,1.));
#3585=DIRECTION('',(1.,0.,0.));
#3586=DIRECTION('',(0.,0.,1.));
#3587=DIRECTION('',(1.,0.,0.));
#3588=DIRECTION('',(0.,-1.,0.));
#3589=DIRECTION('',(0.,0.,1.));
#3590=DIRECTION('',(1.,0.,0.));
#3591=DIRECTION('',(-1.,0.,0.));
#3592=DIRECTION('',(0.,0.,1.));
#3593=DIRECTION('',(1.,0.,0.));
#3594=DIRECTION('',(0.,1.,0.));
#3595=DIRECTION('',(0.,0.,1.));
#3596=DIRECTION('',(1.,0.,0.));
#3597=DIRECTION('',(1.,0.,0.));
#3598=DIRECTION('',(1.,0.,0.));
#3599=DIRECTION('',(0.,0.,-1.));
#3600=DIRECTION('',(1.,0.,0.));
#3601=DIRECTION('',(0.,0.,-1.));
#3602=DIRECTION('',(1.,0.,0.));
#3603=DIRECTION('',(0.,1.,0.));
#3604=DIRECTION('',(-1.,0.,0.));
#3605=DIRECTION('',(0.,0.,1.));
#3606=DIRECTION('',(1.,0.,0.));
#3607=DIRECTION('',(0.,0.,-1.));
#3608=DIRECTION('',(1.,0.,0.));
#3609=DIRECTION('',(0.,1.,0.));
#3610=DIRECTION('',(0.,0.,1.));
#3611=DIRECTION('',(1.,0.,0.));
#3612=DIRECTION('',(0.,0.,1.));
#3613=DIRECTION('',(1.,0.,0.));
#3614=DIRECTION('',(0.,0.,-1.));
#3615=DIRECTION('',(-1.,0.,0.));
#3616=DIRECTION('',(0.,0.,1.));
#3617=DIRECTION('',(1.,0.,0.));
#3618=DIRECTION('',(0.,0.,-1.));
#3619=DIRECTION('',(-1.,0.,0.));
#3620=DIRECTION('',(0.,0.,1.));
#3621=DIRECTION('',(1.,0.,0.));
#3622=DIRECTION('',(0.,0.,1.));
#3623=DIRECTION('',(1.,0.,0.));
#3624=DIRECTION('',(0.,0.,1.));
#3625=DIRECTION('',(1.,0.,0.));
#3626=DIRECTION('',(0.866025403784439,0.,0.5));
#3627=DIRECTION('',(0.,-1.,0.));
#3628=DIRECTION('',(0.5,0.,-0.866025403784439));
#3629=DIRECTION('',(-0.5,0.,0.866025403784439));
#3630=DIRECTION('',(0.,0.,1.));
#3631=DIRECTION('',(1.,0.,0.));
#3632=DIRECTION('',(0.,0.5,0.866025403784439));
#3633=DIRECTION('',(0.,0.,1.));
#3634=DIRECTION('',(1.,0.,0.));
#3635=DIRECTION('',(0.,0.5,-0.866025403784439));
#3636=DIRECTION('',(0.,0.866025403784439,-0.5));
#3637=DIRECTION('',(-1.,0.,0.));
#3638=DIRECTION('',(0.,0.5,0.866025403784439));
#3639=DIRECTION('',(0.,0.866025403784439,0.5));
#3640=DIRECTION('',(1.,0.,0.));
#3641=DIRECTION('',(0.,0.5,-0.866025403784439));
#3642=DIRECTION('',(0.,0.,1.));
#3643=DIRECTION('',(1.,0.,0.));
#3644=DIRECTION('',(0.5,0.,0.86602540378444));
#3645=DIRECTION('',(0.,0.,1.));
#3646=DIRECTION('',(1.,0.,0.));
#3647=DIRECTION('',(-0.5,0.,-0.86602540378444));
#3648=DIRECTION('',(0.86602540378444,0.,-0.5));
#3649=DIRECTION('',(0.,1.,0.));
#3650=DIRECTION('',(0.,0.,1.));
#3651=DIRECTION('',(1.,0.,0.));
#3652=DIRECTION('',(0.,1.,0.));
#3653=DIRECTION('',(0.,0.,1.));
#3654=DIRECTION('',(0.,0.,-1.));
#3655=DIRECTION('',(-1.,0.,0.));
#3656=DIRECTION('',(0.,0.,-1.));
#3657=DIRECTION('',(1.,0.,0.));
#3658=DIRECTION('',(1.,0.,0.));
#3659=DIRECTION('',(0.,0.,-1.));
#3660=DIRECTION('',(-1.,0.,0.));
#3661=DIRECTION('',(0.,0.,1.));
#3662=DIRECTION('',(0.,0.,-1.));
#3663=DIRECTION('',(0.,-1.,0.));
#3664=DIRECTION('',(0.,0.,-1.));
#3665=DIRECTION('',(0.,-1.,0.));
#3666=DIRECTION('',(-4.35951449460141E-16,1.,0.));
#3667=DIRECTION('',(-1.,-4.35951449460141E-16,0.));
#3668=DIRECTION('',(0.,0.,-1.));
#3669=DIRECTION('',(1.,4.35951449460141E-16,0.));
#3670=DIRECTION('',(0.,0.,-1.));
#3671=DIRECTION('',(1.,4.35951449460141E-16,0.));
#3672=DIRECTION('',(-1.,0.,0.));
#3673=DIRECTION('',(0.,0.,1.));
#3674=DIRECTION('',(-1.,0.,0.));
#3675=DIRECTION('',(0.,0.,1.));
#3676=DIRECTION('',(0.,0.,-1.));
#3677=DIRECTION('',(0.,1.,0.));
#3678=DIRECTION('',(0.,0.,-1.));
#3679=DIRECTION('',(0.,1.,0.));
#3680=DIRECTION('',(0.,0.,1.));
#3681=DIRECTION('',(1.,0.,0.));
#3682=DIRECTION('',(0.,0.,1.));
#3683=DIRECTION('',(1.,0.,0.));
#3684=DIRECTION('',(0.,0.,1.));
#3685=DIRECTION('',(1.,0.,0.));
#3686=DIRECTION('',(0.,0.,1.));
#3687=DIRECTION('',(1.,0.,0.));
#3688=DIRECTION('',(0.,0.,1.));
#3689=DIRECTION('',(1.,0.,0.));
#3690=DIRECTION('',(0.,0.,1.));
#3691=DIRECTION('',(1.,0.,0.));
#3692=DIRECTION('',(0.,0.,1.));
#3693=DIRECTION('',(1.,0.,0.));
#3694=DIRECTION('',(-1.,-4.35951449460141E-16,0.));
#3695=DIRECTION('',(0.,0.,1.));
#3696=DIRECTION('',(1.,0.,0.));
#3697=DIRECTION('',(0.,1.,0.));
#3698=DIRECTION('',(0.,0.,1.));
#3699=DIRECTION('',(1.,0.,0.));
#3700=DIRECTION('',(1.,0.,0.));
#3701=DIRECTION('',(0.,0.,1.));
#3702=DIRECTION('',(1.,0.,0.));
#3703=DIRECTION('',(0.,-1.,0.));
#3704=DIRECTION('',(-1.,0.,0.));
#3705=DIRECTION('',(0.,0.,1.));
#3706=DIRECTION('',(-1.,0.,0.));
#3707=DIRECTION('',(0.,0.,1.));
#3708=DIRECTION('',(-1.,0.,0.));
#3709=DIRECTION('',(0.,-1.,0.));
#3710=DIRECTION('',(1.,0.,0.));
#3711=DIRECTION('',(0.,0.,-1.));
#3712=DIRECTION('',(-1.,0.,0.));
#3713=DIRECTION('',(0.,0.,1.));
#3714=DIRECTION('',(-1.,0.,0.));
#3715=DIRECTION('',(0.,-1.,0.));
#3716=DIRECTION('',(0.,0.,-1.));
#3717=DIRECTION('',(-1.,0.,0.));
#3718=DIRECTION('',(0.,0.,1.));
#3719=DIRECTION('',(1.,0.,0.));
#3720=DIRECTION('',(0.,0.,1.));
#3721=DIRECTION('',(1.,0.,0.));
#3722=DIRECTION('',(0.,0.,1.));
#3723=DIRECTION('',(1.,0.,0.));
#3724=DIRECTION('',(0.,0.,-1.));
#3725=DIRECTION('',(-1.,0.,0.));
#3726=DIRECTION('',(0.,0.,1.));
#3727=DIRECTION('',(1.,0.,0.));
#3728=DIRECTION('',(0.,0.,1.));
#3729=DIRECTION('',(1.,0.,0.));
#3730=DIRECTION('',(0.,0.,1.));
#3731=DIRECTION('',(1.,0.,0.));
#3732=DIRECTION('',(0.,0.866025403784428,-0.500000000000018));
#3733=DIRECTION('',(-1.,0.,0.));
#3734=DIRECTION('',(0.,0.500000000000018,0.866025403784428));
#3735=DIRECTION('',(0.,-0.500000000000018,-0.866025403784428));
#3736=DIRECTION('',(0.,0.,1.));
#3737=DIRECTION('',(1.,0.,0.));
#3738=DIRECTION('',(0.500000000000012,0.,-0.866025403784432));
#3739=DIRECTION('',(0.,0.,1.));
#3740=DIRECTION('',(1.,0.,0.));
#3741=DIRECTION('',(0.500000000000012,0.,0.866025403784432));
#3742=DIRECTION('',(0.866025403784432,0.,0.500000000000012));
#3743=DIRECTION('',(0.,-1.,0.));
#3744=DIRECTION('',(0.500000000000012,0.,-0.866025403784432));
#3745=DIRECTION('',(-0.866025403784432,0.,0.500000000000012));
#3746=DIRECTION('',(0.,1.,0.));
#3747=DIRECTION('',(0.500000000000012,0.,0.866025403784432));
#3748=DIRECTION('',(0.,0.,1.));
#3749=DIRECTION('',(1.,0.,0.));
#3750=DIRECTION('',(0.,0.50000000000001,-0.866025403784433));
#3751=DIRECTION('',(0.,0.,1.));
#3752=DIRECTION('',(1.,0.,0.));
#3753=DIRECTION('',(0.,-0.500000000000017,0.866025403784429));
#3754=DIRECTION('',(-3.77545030049125E-16,0.866025403784429,0.500000000000017));
#3755=DIRECTION('',(1.,4.35951449460141E-16,0.));
#3756=DIRECTION('',(0.,0.,1.));
#3757=DIRECTION('',(1.,0.,0.));
#3758=DIRECTION('',(0.,1.,0.));
#3759=DIRECTION('',(0.,0.,1.));
#3760=DIRECTION('',(0.,0.,-1.));
#3761=DIRECTION('',(-1.,0.,0.));
#3762=DIRECTION('',(0.,0.,-1.));
#3763=DIRECTION('',(1.,0.,0.));
#3764=DIRECTION('',(1.,0.,0.));
#3765=DIRECTION('',(0.,0.,-1.));
#3766=DIRECTION('',(-1.,0.,0.));
#3767=DIRECTION('',(0.,0.,1.));
#3768=DIRECTION('',(0.,0.,-1.));
#3769=DIRECTION('',(0.,-1.,0.));
#3770=DIRECTION('',(0.,0.,-1.));
#3771=DIRECTION('',(0.,-1.,0.));
#3772=DIRECTION('',(0.,1.,0.));
#3773=DIRECTION('',(0.,0.,1.));
#3774=DIRECTION('',(0.,0.,-1.));
#3775=DIRECTION('',(1.,0.,0.));
#3776=DIRECTION('',(0.,0.,-1.));
#3777=DIRECTION('',(1.,0.,0.));
#3778=DIRECTION('',(1.,0.,0.));
#3779=DIRECTION('',(0.,0.,-1.));
#3780=DIRECTION('',(-1.,0.,0.));
#3781=DIRECTION('',(0.,0.,1.));
#3782=DIRECTION('',(0.,0.,-1.));
#3783=DIRECTION('',(0.,1.,0.));
#3784=DIRECTION('',(0.,0.,-1.));
#3785=DIRECTION('',(0.,-1.,0.));
#3786=DIRECTION('',(0.,0.,1.));
#3787=DIRECTION('',(1.,0.,0.));
#3788=DIRECTION('',(0.,0.,1.));
#3789=DIRECTION('',(1.,0.,0.));
#3790=DIRECTION('',(0.,0.,1.));
#3791=DIRECTION('',(1.,0.,0.));
#3792=DIRECTION('',(0.,0.,1.));
#3793=DIRECTION('',(1.,0.,0.));
#3794=DIRECTION('',(0.,0.,1.));
#3795=DIRECTION('',(1.,0.,0.));
#3796=DIRECTION('',(0.,0.,1.));
#3797=DIRECTION('',(1.,0.,0.));
#3798=DIRECTION('',(0.,0.,1.));
#3799=DIRECTION('',(1.,0.,0.));
#3800=DIRECTION('',(0.,-1.,0.));
#3801=DIRECTION('',(0.,0.,1.));
#3802=DIRECTION('',(1.,0.,0.));
#3803=DIRECTION('',(-1.,0.,0.));
#3804=DIRECTION('',(0.,0.,1.));
#3805=DIRECTION('',(1.,0.,0.));
#3806=DIRECTION('',(0.,1.,0.));
#3807=DIRECTION('',(0.,0.,1.));
#3808=DIRECTION('',(1.,0.,0.));
#3809=DIRECTION('',(1.,0.,0.));
#3810=DIRECTION('',(-1.,0.,0.));
#3811=DIRECTION('',(0.,0.,1.));
#3812=DIRECTION('',(-1.,0.,0.));
#3813=DIRECTION('',(0.,0.,1.));
#3814=DIRECTION('',(-1.,0.,0.));
#3815=DIRECTION('',(0.,-1.,0.));
#3816=DIRECTION('',(1.,0.,0.));
#3817=DIRECTION('',(0.,0.,-1.));
#3818=DIRECTION('',(-1.,0.,0.));
#3819=DIRECTION('',(0.,0.,1.));
#3820=DIRECTION('',(-1.,0.,0.));
#3821=DIRECTION('',(0.,-1.,0.));
#3822=DIRECTION('',(0.,0.,-1.));
#3823=DIRECTION('',(-1.,0.,0.));
#3824=DIRECTION('',(0.,0.,1.));
#3825=DIRECTION('',(1.,0.,0.));
#3826=DIRECTION('',(0.,0.,1.));
#3827=DIRECTION('',(1.,0.,0.));
#3828=DIRECTION('',(0.,0.,1.));
#3829=DIRECTION('',(1.,0.,0.));
#3830=DIRECTION('',(0.,0.,-1.));
#3831=DIRECTION('',(-1.,0.,0.));
#3832=DIRECTION('',(0.,0.,1.));
#3833=DIRECTION('',(1.,0.,0.));
#3834=DIRECTION('',(0.,0.,1.));
#3835=DIRECTION('',(1.,0.,0.));
#3836=DIRECTION('',(0.,0.,1.));
#3837=DIRECTION('',(1.,0.,0.));
#3838=DIRECTION('',(0.866025403784432,0.,0.500000000000012));
#3839=DIRECTION('',(0.,-1.,0.));
#3840=DIRECTION('',(0.500000000000012,0.,-0.866025403784432));
#3841=DIRECTION('',(-0.500000000000012,0.,0.866025403784432));
#3842=DIRECTION('',(0.,0.,1.));
#3843=DIRECTION('',(1.,0.,0.));
#3844=DIRECTION('',(0.,0.500000000000017,0.866025403784429));
#3845=DIRECTION('',(0.,0.,1.));
#3846=DIRECTION('',(1.,0.,0.));
#3847=DIRECTION('',(0.,0.500000000000012,-0.866025403784432));
#3848=DIRECTION('',(0.,0.866025403784429,-0.500000000000017));
#3849=DIRECTION('',(-1.,0.,0.));
#3850=DIRECTION('',(0.,0.500000000000017,0.866025403784429));
#3851=DIRECTION('',(0.,0.866025403784428,0.500000000000018));
#3852=DIRECTION('',(1.,0.,0.));
#3853=DIRECTION('',(0.,0.500000000000018,-0.866025403784428));
#3854=DIRECTION('',(0.,0.,1.));
#3855=DIRECTION('',(1.,0.,0.));
#3856=DIRECTION('',(0.500000000000012,0.,0.866025403784432));
#3857=DIRECTION('',(0.,0.,1.));
#3858=DIRECTION('',(1.,0.,0.));
#3859=DIRECTION('',(-0.500000000000012,0.,-0.866025403784432));
#3860=DIRECTION('',(0.866025403784432,0.,-0.500000000000012));
#3861=DIRECTION('',(0.,1.,0.));
#3862=DIRECTION('',(0.,0.,1.));
#3863=DIRECTION('',(1.,0.,0.));
#3864=DIRECTION('',(0.,1.,0.));
#3865=DIRECTION('',(0.,0.,1.));
#3866=DIRECTION('',(0.,0.,-1.));
#3867=DIRECTION('',(-1.,0.,0.));
#3868=DIRECTION('',(0.,0.,-1.));
#3869=DIRECTION('',(1.,0.,0.));
#3870=DIRECTION('',(1.,0.,0.));
#3871=DIRECTION('',(0.,0.,-1.));
#3872=DIRECTION('',(-1.,0.,0.));
#3873=DIRECTION('',(0.,0.,1.));
#3874=DIRECTION('',(0.,0.,-1.));
#3875=DIRECTION('',(0.,-1.,0.));
#3876=DIRECTION('',(0.,0.,-1.));
#3877=DIRECTION('',(0.,-1.,0.));
#3878=DIRECTION('',(0.,1.,0.));
#3879=DIRECTION('',(0.,0.,1.));
#3880=DIRECTION('',(0.,0.,-1.));
#3881=DIRECTION('',(1.,0.,0.));
#3882=DIRECTION('',(0.,0.,-1.));
#3883=DIRECTION('',(1.,0.,0.));
#3884=DIRECTION('',(-1.,0.,0.));
#3885=DIRECTION('',(0.,0.,1.));
#3886=DIRECTION('',(-1.,0.,0.));
#3887=DIRECTION('',(0.,0.,1.));
#3888=DIRECTION('',(0.,0.,-1.));
#3889=DIRECTION('',(0.,1.,0.));
#3890=DIRECTION('',(0.,0.,-1.));
#3891=DIRECTION('',(0.,1.,0.));
#3892=DIRECTION('',(0.,0.,1.));
#3893=DIRECTION('',(1.,0.,0.));
#3894=DIRECTION('',(0.,0.,1.));
#3895=DIRECTION('',(1.,0.,0.));
#3896=DIRECTION('',(0.,0.,1.));
#3897=DIRECTION('',(1.,0.,0.));
#3898=DIRECTION('',(0.,0.,1.));
#3899=DIRECTION('',(1.,0.,0.));
#3900=DIRECTION('',(0.,0.,1.));
#3901=DIRECTION('',(1.,0.,0.));
#3902=DIRECTION('',(0.,0.,1.));
#3903=DIRECTION('',(1.,0.,0.));
#3904=DIRECTION('',(0.,0.,1.));
#3905=DIRECTION('',(1.,0.,0.));
#3906=DIRECTION('',(0.,-1.,0.));
#3907=DIRECTION('',(0.,0.,1.));
#3908=DIRECTION('',(1.,0.,0.));
#3909=DIRECTION('',(-1.,0.,0.));
#3910=DIRECTION('',(0.,0.,1.));
#3911=DIRECTION('',(1.,0.,0.));
#3912=DIRECTION('',(0.,1.,0.));
#3913=DIRECTION('',(0.,0.,1.));
#3914=DIRECTION('',(1.,0.,0.));
#3915=DIRECTION('',(1.,0.,0.));
#3916=DIRECTION('',(-1.,0.,0.));
#3917=DIRECTION('',(0.,0.,1.));
#3918=DIRECTION('',(-1.,0.,0.));
#3919=DIRECTION('',(0.,0.,1.));
#3920=DIRECTION('',(-1.,0.,0.));
#3921=DIRECTION('',(0.,-1.,0.));
#3922=DIRECTION('',(1.,0.,0.));
#3923=DIRECTION('',(0.,0.,-1.));
#3924=DIRECTION('',(-1.,0.,0.));
#3925=DIRECTION('',(0.,0.,1.));
#3926=DIRECTION('',(-1.,0.,0.));
#3927=DIRECTION('',(0.,-1.,0.));
#3928=DIRECTION('',(0.,0.,-1.));
#3929=DIRECTION('',(-1.,0.,0.));
#3930=DIRECTION('',(0.,0.,1.));
#3931=DIRECTION('',(1.,0.,0.));
#3932=DIRECTION('',(0.,0.,1.));
#3933=DIRECTION('',(1.,0.,0.));
#3934=DIRECTION('',(0.,0.,1.));
#3935=DIRECTION('',(1.,0.,0.));
#3936=DIRECTION('',(0.,0.,-1.));
#3937=DIRECTION('',(-1.,0.,0.));
#3938=DIRECTION('',(0.,0.,1.));
#3939=DIRECTION('',(1.,0.,0.));
#3940=DIRECTION('',(0.,0.,1.));
#3941=DIRECTION('',(1.,0.,0.));
#3942=DIRECTION('',(0.,0.,1.));
#3943=DIRECTION('',(1.,0.,0.));
#3944=DIRECTION('',(0.866025403784431,0.,0.500000000000013));
#3945=DIRECTION('',(0.,-1.,0.));
#3946=DIRECTION('',(-0.500000000000013,0.,0.866025403784431));
#3947=DIRECTION('',(0.500000000000013,0.,-0.866025403784431));
#3948=DIRECTION('',(0.,0.,1.));
#3949=DIRECTION('',(1.,0.,0.));
#3950=DIRECTION('',(0.,0.500000000000013,-0.866025403784432));
#3951=DIRECTION('',(0.,0.,1.));
#3952=DIRECTION('',(1.,0.,0.));
#3953=DIRECTION('',(0.,0.500000000000016,0.86602540378443));
#3954=DIRECTION('',(0.,0.866025403784428,0.500000000000019));
#3955=DIRECTION('',(1.,0.,0.));
#3956=DIRECTION('',(0.,0.500000000000019,-0.866025403784428));
#3957=DIRECTION('',(0.,0.86602540378443,-0.500000000000016));
#3958=DIRECTION('',(-1.,0.,0.));
#3959=DIRECTION('',(0.,0.500000000000016,0.86602540378443));
#3960=DIRECTION('',(0.,0.,1.));
#3961=DIRECTION('',(1.,0.,0.));
#3962=DIRECTION('',(-0.500000000000013,0.,-0.866025403784431));
#3963=DIRECTION('',(0.,0.,1.));
#3964=DIRECTION('',(1.,0.,0.));
#3965=DIRECTION('',(0.500000000000013,0.,0.866025403784432));
#3966=DIRECTION('',(-0.866025403784431,0.,0.500000000000013));
#3967=DIRECTION('',(0.,1.,0.));
#3968=DIRECTION('',(0.,0.,1.));
#3969=DIRECTION('',(1.,0.,0.));
#3970=DIRECTION('',(0.,1.,0.));
#3971=DIRECTION('',(0.,0.,1.));
#3972=DIRECTION('',(0.,0.,-1.));
#3973=DIRECTION('',(-1.,0.,0.));
#3974=DIRECTION('',(0.,0.,-1.));
#3975=DIRECTION('',(1.,0.,0.));
#3976=DIRECTION('',(1.,0.,0.));
#3977=DIRECTION('',(0.,0.,-1.));
#3978=DIRECTION('',(-1.,0.,0.));
#3979=DIRECTION('',(0.,0.,1.));
#3980=DIRECTION('',(0.,0.,-1.));
#3981=DIRECTION('',(0.,-1.,0.));
#3982=DIRECTION('',(0.,0.,-1.));
#3983=DIRECTION('',(0.,-1.,0.));
#3984=DIRECTION('',(3.46944695195362E-16,-1.,0.));
#3985=DIRECTION('',(1.,3.46944695195362E-16,0.));
#3986=DIRECTION('',(0.,0.,-1.));
#3987=DIRECTION('',(1.,3.46944695195362E-16,0.));
#3988=DIRECTION('',(0.,0.,-1.));
#3989=DIRECTION('',(-1.,-3.46944695195362E-16,0.));
#3990=DIRECTION('',(1.,0.,0.));
#3991=DIRECTION('',(0.,0.,-1.));
#3992=DIRECTION('',(-1.,0.,0.));
#3993=DIRECTION('',(0.,0.,1.));
#3994=DIRECTION('',(0.,0.,-1.));
#3995=DIRECTION('',(0.,1.,0.));
#3996=DIRECTION('',(0.,0.,-1.));
#3997=DIRECTION('',(0.,-1.,0.));
#3998=DIRECTION('',(0.,0.,1.));
#3999=DIRECTION('',(1.,0.,0.));
#4000=DIRECTION('',(0.,0.,1.));
#4001=DIRECTION('',(1.,0.,0.));
#4002=DIRECTION('',(0.,0.,1.));
#4003=DIRECTION('',(1.,0.,0.));
#4004=DIRECTION('',(0.,0.,1.));
#4005=DIRECTION('',(1.,0.,0.));
#4006=DIRECTION('',(0.,0.,1.));
#4007=DIRECTION('',(1.,0.,0.));
#4008=DIRECTION('',(0.,0.,1.));
#4009=DIRECTION('',(1.,0.,0.));
#4010=DIRECTION('',(0.,0.,1.));
#4011=DIRECTION('',(1.,0.,0.));
#4012=DIRECTION('',(-1.,-3.46944695195362E-16,0.));
#4013=DIRECTION('',(0.,0.,1.));
#4014=DIRECTION('',(1.,0.,0.));
#4015=DIRECTION('',(0.,1.,0.));
#4016=DIRECTION('',(0.,0.,1.));
#4017=DIRECTION('',(1.,0.,0.));
#4018=DIRECTION('',(1.,0.,0.));
#4019=DIRECTION('',(0.,0.,1.));
#4020=DIRECTION('',(1.,0.,0.));
#4021=DIRECTION('',(0.,-1.,0.));
#4022=DIRECTION('',(-1.,0.,0.));
#4023=DIRECTION('',(0.,0.,1.));
#4024=DIRECTION('',(-1.,0.,0.));
#4025=DIRECTION('',(0.,0.,1.));
#4026=DIRECTION('',(-1.,0.,0.));
#4027=DIRECTION('',(0.,-1.,0.));
#4028=DIRECTION('',(1.,0.,0.));
#4029=DIRECTION('',(0.,0.,-1.));
#4030=DIRECTION('',(-1.,0.,0.));
#4031=DIRECTION('',(0.,0.,1.));
#4032=DIRECTION('',(-1.,0.,0.));
#4033=DIRECTION('',(0.,-1.,0.));
#4034=DIRECTION('',(0.,0.,1.));
#4035=DIRECTION('',(1.,0.,0.));
#4036=DIRECTION('',(0.,0.,1.));
#4037=DIRECTION('',(1.,0.,0.));
#4038=DIRECTION('',(0.,0.,1.));
#4039=DIRECTION('',(1.,0.,0.));
#4040=DIRECTION('',(0.,0.,1.));
#4041=DIRECTION('',(1.,0.,0.));
#4042=DIRECTION('',(0.,0.,-1.));
#4043=DIRECTION('',(-1.,0.,0.));
#4044=DIRECTION('',(0.,0.,1.));
#4045=DIRECTION('',(1.,0.,0.));
#4046=DIRECTION('',(0.,0.,-1.));
#4047=DIRECTION('',(-1.,0.,0.));
#4048=DIRECTION('',(0.,0.,1.));
#4049=DIRECTION('',(1.,0.,0.));
#4050=DIRECTION('',(0.,0.866025403784428,-0.500000000000019));
#4051=DIRECTION('',(-1.,0.,0.));
#4052=DIRECTION('',(0.,-0.500000000000019,-0.866025403784428));
#4053=DIRECTION('',(0.,0.500000000000019,0.866025403784428));
#4054=DIRECTION('',(0.,0.,1.));
#4055=DIRECTION('',(1.,0.,0.));
#4056=DIRECTION('',(0.500000000000013,0.,0.866025403784432));
#4057=DIRECTION('',(0.,0.,1.));
#4058=DIRECTION('',(1.,0.,0.));
#4059=DIRECTION('',(0.500000000000013,0.,-0.866025403784431));
#4060=DIRECTION('',(0.866025403784431,0.,-0.500000000000013));
#4061=DIRECTION('',(0.,1.,0.));
#4062=DIRECTION('',(0.500000000000013,0.,0.866025403784432));
#4063=DIRECTION('',(0.866025403784431,0.,0.500000000000013));
#4064=DIRECTION('',(0.,-1.,0.));
#4065=DIRECTION('',(0.500000000000013,0.,-0.866025403784431));
#4066=DIRECTION('',(0.,0.,1.));
#4067=DIRECTION('',(1.,0.,0.));
#4068=DIRECTION('',(0.,-0.500000000000019,0.866025403784428));
#4069=DIRECTION('',(0.,0.,1.));
#4070=DIRECTION('',(1.,0.,0.));
#4071=DIRECTION('',(0.,0.500000000000013,-0.866025403784432));
#4072=DIRECTION('',(3.00462919747428E-16,-0.866025403784428,-0.500000000000019));
#4073=DIRECTION('',(1.,3.46944695195362E-16,0.));
#4074=DIRECTION('',(0.,0.,1.));
#4075=DIRECTION('',(1.,0.,0.));
#4076=DIRECTION('',(0.,1.,0.));
#4077=DIRECTION('',(0.,0.,1.));
#4078=DIRECTION('',(0.,0.,-1.));
#4079=DIRECTION('',(-1.,0.,0.));
#4080=DIRECTION('',(0.,0.,-1.));
#4081=DIRECTION('',(1.,0.,0.));
#4082=DIRECTION('',(1.,0.,0.));
#4083=DIRECTION('',(0.,0.,-1.));
#4084=DIRECTION('',(1.,0.,0.));
#4085=DIRECTION('',(0.,0.,-1.));
#4086=DIRECTION('',(0.,0.,-1.));
#4087=DIRECTION('',(0.,-1.,0.));
#4088=DIRECTION('',(0.,0.,-1.));
#4089=DIRECTION('',(0.,-1.,0.));
#4090=DIRECTION('',(0.,1.,0.));
#4091=DIRECTION('',(0.,0.,1.));
#4092=DIRECTION('',(0.,0.,-1.));
#4093=DIRECTION('',(1.,0.,0.));
#4094=DIRECTION('',(0.,0.,-1.));
#4095=DIRECTION('',(1.,0.,0.));
#4096=DIRECTION('',(1.,0.,0.));
#4097=DIRECTION('',(0.,0.,-1.));
#4098=DIRECTION('',(1.,0.,0.));
#4099=DIRECTION('',(0.,0.,-1.));
#4100=DIRECTION('',(0.,0.,-1.));
#4101=DIRECTION('',(0.,1.,0.));
#4102=DIRECTION('',(0.,0.,-1.));
#4103=DIRECTION('',(0.,-1.,0.));
#4104=DIRECTION('',(0.,0.,1.));
#4105=DIRECTION('',(1.,0.,0.));
#4106=DIRECTION('',(0.,0.,1.));
#4107=DIRECTION('',(1.,0.,0.));
#4108=DIRECTION('',(0.,0.,1.));
#4109=DIRECTION('',(1.,0.,0.));
#4110=DIRECTION('',(0.,0.,1.));
#4111=DIRECTION('',(1.,0.,0.));
#4112=DIRECTION('',(0.,0.,1.));
#4113=DIRECTION('',(1.,0.,0.));
#4114=DIRECTION('',(0.,0.,1.));
#4115=DIRECTION('',(1.,0.,0.));
#4116=DIRECTION('',(0.,0.,1.));
#4117=DIRECTION('',(1.,0.,0.));
#4118=DIRECTION('',(0.,-1.,0.));
#4119=DIRECTION('',(0.,0.,1.));
#4120=DIRECTION('',(1.,0.,0.));
#4121=DIRECTION('',(-1.,0.,0.));
#4122=DIRECTION('',(0.,0.,1.));
#4123=DIRECTION('',(1.,0.,0.));
#4124=DIRECTION('',(0.,1.,0.));
#4125=DIRECTION('',(0.,0.,1.));
#4126=DIRECTION('',(1.,0.,0.));
#4127=DIRECTION('',(1.,0.,0.));
#4128=DIRECTION('',(1.,0.,0.));
#4129=DIRECTION('',(0.,0.,-1.));
#4130=DIRECTION('',(1.,0.,0.));
#4131=DIRECTION('',(0.,0.,-1.));
#4132=DIRECTION('',(1.,0.,0.));
#4133=DIRECTION('',(0.,1.,0.));
#4134=DIRECTION('',(-1.,0.,0.));
#4135=DIRECTION('',(0.,0.,1.));
#4136=DIRECTION('',(1.,0.,0.));
#4137=DIRECTION('',(0.,0.,-1.));
#4138=DIRECTION('',(1.,0.,0.));
#4139=DIRECTION('',(0.,1.,0.));
#4140=DIRECTION('',(0.,0.,1.));
#4141=DIRECTION('',(1.,0.,0.));
#4142=DIRECTION('',(0.,0.,1.));
#4143=DIRECTION('',(1.,0.,0.));
#4144=DIRECTION('',(0.,0.,-1.));
#4145=DIRECTION('',(-1.,0.,0.));
#4146=DIRECTION('',(0.,0.,1.));
#4147=DIRECTION('',(1.,0.,0.));
#4148=DIRECTION('',(0.,0.,-1.));
#4149=DIRECTION('',(-1.,0.,0.));
#4150=DIRECTION('',(0.,0.,1.));
#4151=DIRECTION('',(1.,0.,0.));
#4152=DIRECTION('',(0.,0.,1.));
#4153=DIRECTION('',(1.,0.,0.));
#4154=DIRECTION('',(0.,0.,1.));
#4155=DIRECTION('',(1.,0.,0.));
#4156=DIRECTION('',(0.866025403784439,0.,0.5));
#4157=DIRECTION('',(0.,-1.,0.));
#4158=DIRECTION('',(0.5,0.,-0.866025403784439));
#4159=DIRECTION('',(-0.5,0.,0.866025403784439));
#4160=DIRECTION('',(0.,0.,1.));
#4161=DIRECTION('',(1.,0.,0.));
#4162=DIRECTION('',(0.,0.500000000000006,0.866025403784435));
#4163=DIRECTION('',(0.,0.,1.));
#4164=DIRECTION('',(1.,0.,0.));
#4165=DIRECTION('',(0.,0.500000000000006,-0.866025403784435));
#4166=DIRECTION('',(0.,0.866025403784439,-0.5));
#4167=DIRECTION('',(-1.,0.,0.));
#4168=DIRECTION('',(0.,0.5,0.866025403784439));
#4169=DIRECTION('',(0.,0.866025403784437,0.5));
#4170=DIRECTION('',(1.,0.,0.));
#4171=DIRECTION('',(0.,0.5,-0.866025403784437));
#4172=DIRECTION('',(0.,0.,1.));
#4173=DIRECTION('',(1.,0.,0.));
#4174=DIRECTION('',(0.5,0.,0.866025403784439));
#4175=DIRECTION('',(0.,0.,1.));
#4176=DIRECTION('',(1.,0.,0.));
#4177=DIRECTION('',(-0.5,0.,-0.866025403784439));
#4178=DIRECTION('',(0.866025403784439,0.,-0.5));
#4179=DIRECTION('',(0.,1.,0.));
#4180=DIRECTION('',(0.,0.,1.));
#4181=DIRECTION('',(1.,0.,0.));
#4182=DIRECTION('',(-1.,0.,0.));
#4183=DIRECTION('',(0.,0.,1.));
#4184=DIRECTION('',(1.,0.,0.));
#4185=DIRECTION('',(0.,0.,-1.));
#4186=DIRECTION('',(0.,0.,-1.));
#4187=DIRECTION('',(0.,-1.,0.));
#4188=DIRECTION('',(0.,0.,-1.));
#4189=DIRECTION('',(0.,1.,0.));
#4190=DIRECTION('',(0.,1.,0.));
#4191=DIRECTION('',(0.,0.,1.));
#4192=DIRECTION('',(0.,0.,-1.));
#4193=DIRECTION('',(1.,0.,0.));
#4194=DIRECTION('',(0.,0.,-1.));
#4195=DIRECTION('',(1.,0.,0.));
#4196=DIRECTION('',(-1.,0.,0.));
#4197=DIRECTION('',(0.,0.,1.));
#4198=DIRECTION('',(1.,0.,0.));
#4199=DIRECTION('',(0.,0.,-1.));
#4200=DIRECTION('',(0.,0.,-1.));
#4201=DIRECTION('',(0.,1.,0.));
#4202=DIRECTION('',(0.,0.,-1.));
#4203=DIRECTION('',(0.,1.,0.));
#4204=DIRECTION('',(0.,1.,0.));
#4205=DIRECTION('',(0.,0.,1.));
#4206=DIRECTION('',(0.,0.,-1.));
#4207=DIRECTION('',(-1.,0.,0.));
#4208=DIRECTION('',(0.,0.,-1.));
#4209=DIRECTION('',(1.,0.,0.));
#4210=DIRECTION('',(0.,0.,1.));
#4211=DIRECTION('',(1.,0.,0.));
#4212=DIRECTION('',(0.,0.,1.));
#4213=DIRECTION('',(1.,0.,0.));
#4214=DIRECTION('',(0.,0.,1.));
#4215=DIRECTION('',(1.,0.,0.));
#4216=DIRECTION('',(0.,0.,1.));
#4217=DIRECTION('',(1.,0.,0.));
#4218=DIRECTION('',(0.,0.,1.));
#4219=DIRECTION('',(1.,0.,0.));
#4220=DIRECTION('',(0.,0.,1.));
#4221=DIRECTION('',(1.,0.,0.));
#4222=DIRECTION('',(0.,0.,1.));
#4223=DIRECTION('',(1.,0.,0.));
#4224=DIRECTION('',(0.,-1.,0.));
#4225=DIRECTION('',(0.,0.,1.));
#4226=DIRECTION('',(1.,0.,0.));
#4227=DIRECTION('',(-1.,0.,0.));
#4228=DIRECTION('',(0.,0.,1.));
#4229=DIRECTION('',(1.,0.,0.));
#4230=DIRECTION('',(0.,1.,0.));
#4231=DIRECTION('',(0.,0.,1.));
#4232=DIRECTION('',(1.,0.,0.));
#4233=DIRECTION('',(1.,0.,0.));
#4234=DIRECTION('',(1.,0.,0.));
#4235=DIRECTION('',(0.,0.,-1.));
#4236=DIRECTION('',(1.,0.,0.));
#4237=DIRECTION('',(0.,0.,-1.));
#4238=DIRECTION('',(1.,0.,0.));
#4239=DIRECTION('',(0.,1.,0.));
#4240=DIRECTION('',(-1.,0.,0.));
#4241=DIRECTION('',(0.,0.,1.));
#4242=DIRECTION('',(1.,0.,0.));
#4243=DIRECTION('',(0.,0.,-1.));
#4244=DIRECTION('',(1.,0.,0.));
#4245=DIRECTION('',(0.,1.,0.));
#4246=DIRECTION('',(0.,0.,-1.));
#4247=DIRECTION('',(-1.,0.,0.));
#4248=DIRECTION('',(0.,0.,1.));
#4249=DIRECTION('',(1.,0.,0.));
#4250=DIRECTION('',(0.,0.,1.));
#4251=DIRECTION('',(1.,0.,0.));
#4252=DIRECTION('',(0.,0.,1.));
#4253=DIRECTION('',(1.,0.,0.));
#4254=DIRECTION('',(0.,0.,1.));
#4255=DIRECTION('',(1.,0.,0.));
#4256=DIRECTION('',(0.,0.,1.));
#4257=DIRECTION('',(1.,0.,0.));
#4258=DIRECTION('',(0.,0.,-1.));
#4259=DIRECTION('',(-1.,0.,0.));
#4260=DIRECTION('',(0.,0.,1.));
#4261=DIRECTION('',(1.,0.,0.));
#4262=DIRECTION('',(-0.86602540378444,0.,-0.5));
#4263=DIRECTION('',(0.,-1.,0.));
#4264=DIRECTION('',(-0.5,0.,0.86602540378444));
#4265=DIRECTION('',(0.5,0.,-0.86602540378444));
#4266=DIRECTION('',(0.,0.,1.));
#4267=DIRECTION('',(1.,0.,0.));
#4268=DIRECTION('',(0.,0.5,-0.86602540378444));
#4269=DIRECTION('',(0.,0.,1.));
#4270=DIRECTION('',(1.,0.,0.));
#4271=DIRECTION('',(0.,0.5,0.86602540378444));
#4272=DIRECTION('',(0.,0.86602540378444,0.5));
#4273=DIRECTION('',(1.,0.,0.));
#4274=DIRECTION('',(0.,0.5,-0.86602540378444));
#4275=DIRECTION('',(0.,0.86602540378444,-0.5));
#4276=DIRECTION('',(-1.,0.,0.));
#4277=DIRECTION('',(0.,0.5,0.86602540378444));
#4278=DIRECTION('',(0.,0.,1.));
#4279=DIRECTION('',(1.,0.,0.));
#4280=DIRECTION('',(-0.5,0.,-0.86602540378444));
#4281=DIRECTION('',(0.,0.,1.));
#4282=DIRECTION('',(1.,0.,0.));
#4283=DIRECTION('',(0.5,0.,0.86602540378444));
#4284=DIRECTION('',(-0.86602540378444,0.,0.5));
#4285=DIRECTION('',(0.,1.,0.));
#4286=DIRECTION('',(0.,0.,1.));
#4287=DIRECTION('',(1.,0.,0.));
#4288=DIRECTION('',(-1.,0.,0.));
#4289=DIRECTION('',(0.,0.,1.));
#4290=DIRECTION('',(1.,0.,0.));
#4291=DIRECTION('',(0.,0.,-1.));
#4292=DIRECTION('',(0.,0.,-1.));
#4293=DIRECTION('',(0.,-1.,0.));
#4294=DIRECTION('',(0.,0.,-1.));
#4295=DIRECTION('',(0.,1.,0.));
#4296=DIRECTION('',(0.,1.,0.));
#4297=DIRECTION('',(0.,0.,1.));
#4298=DIRECTION('',(0.,0.,-1.));
#4299=DIRECTION('',(1.,0.,0.));
#4300=DIRECTION('',(0.,0.,-1.));
#4301=DIRECTION('',(1.,0.,0.));
#4302=DIRECTION('',(-1.,0.,0.));
#4303=DIRECTION('',(0.,0.,1.));
#4304=DIRECTION('',(1.,0.,0.));
#4305=DIRECTION('',(0.,0.,-1.));
#4306=DIRECTION('',(0.,0.,-1.));
#4307=DIRECTION('',(0.,1.,0.));
#4308=DIRECTION('',(0.,0.,-1.));
#4309=DIRECTION('',(0.,1.,0.));
#4310=DIRECTION('',(0.,1.,0.));
#4311=DIRECTION('',(0.,0.,1.));
#4312=DIRECTION('',(0.,0.,-1.));
#4313=DIRECTION('',(-1.,0.,0.));
#4314=DIRECTION('',(0.,0.,-1.));
#4315=DIRECTION('',(1.,0.,0.));
#4316=DIRECTION('',(0.,0.,1.));
#4317=DIRECTION('',(1.,0.,0.));
#4318=DIRECTION('',(0.,0.,1.));
#4319=DIRECTION('',(1.,0.,0.));
#4320=DIRECTION('',(0.,0.,1.));
#4321=DIRECTION('',(1.,0.,0.));
#4322=DIRECTION('',(0.,0.,1.));
#4323=DIRECTION('',(1.,0.,0.));
#4324=DIRECTION('',(0.,0.,1.));
#4325=DIRECTION('',(1.,0.,0.));
#4326=DIRECTION('',(0.,0.,1.));
#4327=DIRECTION('',(1.,0.,0.));
#4328=DIRECTION('',(0.,0.,1.));
#4329=DIRECTION('',(1.,0.,0.));
#4330=DIRECTION('',(0.,-1.,0.));
#4331=DIRECTION('',(0.,0.,1.));
#4332=DIRECTION('',(1.,0.,0.));
#4333=DIRECTION('',(-1.,0.,0.));
#4334=DIRECTION('',(0.,0.,1.));
#4335=DIRECTION('',(1.,0.,0.));
#4336=DIRECTION('',(0.,1.,0.));
#4337=DIRECTION('',(0.,0.,1.));
#4338=DIRECTION('',(1.,0.,0.));
#4339=DIRECTION('',(1.,0.,0.));
#4340=DIRECTION('',(1.,0.,0.));
#4341=DIRECTION('',(0.,0.,-1.));
#4342=DIRECTION('',(1.,0.,0.));
#4343=DIRECTION('',(0.,0.,-1.));
#4344=DIRECTION('',(1.,0.,0.));
#4345=DIRECTION('',(0.,1.,0.));
#4346=DIRECTION('',(-1.,0.,0.));
#4347=DIRECTION('',(0.,0.,1.));
#4348=DIRECTION('',(1.,0.,0.));
#4349=DIRECTION('',(0.,0.,-1.));
#4350=DIRECTION('',(1.,0.,0.));
#4351=DIRECTION('',(0.,1.,0.));
#4352=DIRECTION('',(0.,0.,-1.));
#4353=DIRECTION('',(-1.,0.,0.));
#4354=DIRECTION('',(0.,0.,1.));
#4355=DIRECTION('',(1.,0.,0.));
#4356=DIRECTION('',(0.,0.,1.));
#4357=DIRECTION('',(1.,0.,0.));
#4358=DIRECTION('',(0.,0.,1.));
#4359=DIRECTION('',(1.,0.,0.));
#4360=DIRECTION('',(0.,0.,-1.));
#4361=DIRECTION('',(-1.,0.,0.));
#4362=DIRECTION('',(0.,0.,1.));
#4363=DIRECTION('',(1.,0.,0.));
#4364=DIRECTION('',(0.,0.,1.));
#4365=DIRECTION('',(1.,0.,0.));
#4366=DIRECTION('',(0.,0.,1.));
#4367=DIRECTION('',(1.,0.,0.));
#4368=DIRECTION('',(-0.86602540378444,0.,-0.5));
#4369=DIRECTION('',(0.,-1.,0.));
#4370=DIRECTION('',(-0.5,0.,0.86602540378444));
#4371=DIRECTION('',(0.5,0.,-0.86602540378444));
#4372=DIRECTION('',(0.,0.,1.));
#4373=DIRECTION('',(1.,0.,0.));
#4374=DIRECTION('',(0.,0.5,-0.86602540378444));
#4375=DIRECTION('',(0.,0.,1.));
#4376=DIRECTION('',(1.,0.,0.));
#4377=DIRECTION('',(0.,0.5,0.86602540378444));
#4378=DIRECTION('',(0.,0.86602540378444,0.5));
#4379=DIRECTION('',(1.,0.,0.));
#4380=DIRECTION('',(0.,0.5,-0.86602540378444));
#4381=DIRECTION('',(0.,0.866025403784442,-0.5));
#4382=DIRECTION('',(-1.,0.,0.));
#4383=DIRECTION('',(0.,0.5,0.866025403784442));
#4384=DIRECTION('',(0.,0.,1.));
#4385=DIRECTION('',(1.,0.,0.));
#4386=DIRECTION('',(-0.5,0.,-0.86602540378444));
#4387=DIRECTION('',(0.,0.,1.));
#4388=DIRECTION('',(1.,0.,0.));
#4389=DIRECTION('',(0.5,0.,0.86602540378444));
#4390=DIRECTION('',(-0.86602540378444,0.,0.5));
#4391=DIRECTION('',(0.,1.,0.));
#4392=CARTESIAN_POINT('',(0.,0.,0.));
#4393=CARTESIAN_POINT('',(-0.161875,0.049625,0.00975));
#4394=CARTESIAN_POINT('',(-0.156125,0.049625,0.00975));
#4395=CARTESIAN_POINT('',(-0.156125,0.049625,0.00975));
#4396=CARTESIAN_POINT('',(-0.156125,0.049625,0.000692820323027548));
#4397=CARTESIAN_POINT('',(-0.167625,0.049625,0.000692820323027548));
#4398=CARTESIAN_POINT('',(-0.167625,0.049625,0.000692820323027548));
#4399=CARTESIAN_POINT('',(-0.167625,0.049625,0.00975));
#4400=CARTESIAN_POINT('',(-0.167625,0.049625,0.00975));
#4401=CARTESIAN_POINT('',(-0.161875,0.049625,0.00975));
#4402=CARTESIAN_POINT('',(-0.169625,0.041875,0.00975));
#4403=CARTESIAN_POINT('',(-0.169625,0.041875,0.003375));
#4404=CARTESIAN_POINT('',(-0.169625,0.041875,0.006));
#4405=CARTESIAN_POINT('',(-0.169625,0.047625,0.));
#4406=CARTESIAN_POINT('',(-0.169625,0.047625,0.00975));
#4407=CARTESIAN_POINT('',(-0.169625,0.047625,0.000692820323027548));
#4408=CARTESIAN_POINT('',(-0.169625,0.041875,0.000692820323027548));
#4409=CARTESIAN_POINT('',(-0.169625,0.036125,0.000692820323027548));
#4410=CARTESIAN_POINT('',(-0.169625,0.036125,0.00975));
#4411=CARTESIAN_POINT('',(-0.169625,0.036125,0.00975));
#4412=CARTESIAN_POINT('',(-0.169625,0.041875,0.00975));
#4413=CARTESIAN_POINT('',(-0.161875,0.034125,0.00975));
#4414=CARTESIAN_POINT('',(-0.167625,0.034125,0.00975));
#4415=CARTESIAN_POINT('',(-0.167625,0.034125,0.00975));
#4416=CARTESIAN_POINT('',(-0.167625,0.034125,0.000692820323027548));
#4417=CARTESIAN_POINT('',(-0.161875,0.034125,0.000692820323027548));
#4418=CARTESIAN_POINT('',(-0.156125,0.034125,0.000692820323027548));
#4419=CARTESIAN_POINT('',(-0.156125,0.034125,0.00975));
#4420=CARTESIAN_POINT('',(-0.156125,0.034125,0.00975));
#4421=CARTESIAN_POINT('',(-0.161875,0.034125,0.00975));
#4422=CARTESIAN_POINT('',(-0.154125,0.041875,0.00975));
#4423=CARTESIAN_POINT('',(-0.154125,0.041875,0.003375));
#4424=CARTESIAN_POINT('',(-0.154125,0.041875,0.006));
#4425=CARTESIAN_POINT('',(-0.154125,0.036125,0.));
#4426=CARTESIAN_POINT('',(-0.154125,0.036125,0.00975));
#4427=CARTESIAN_POINT('',(-0.154125,0.036125,0.000692820323027548));
#4428=CARTESIAN_POINT('',(-0.154125,0.047625,0.000692820323027548));
#4429=CARTESIAN_POINT('',(-0.154125,0.047625,0.000692820323027548));
#4430=CARTESIAN_POINT('',(-0.154125,0.047625,0.00975));
#4431=CARTESIAN_POINT('',(-0.154125,0.047625,0.00975));
#4432=CARTESIAN_POINT('',(-0.154125,0.041875,0.00975));
#4433=CARTESIAN_POINT('',(0.,-6.93889390390723E-18,0.00975));
#4434=CARTESIAN_POINT('',(-0.167625,0.047625,0.00975));
#4435=CARTESIAN_POINT('',(-0.167625,0.036125,0.00975));
#4436=CARTESIAN_POINT('',(-0.156125,0.036125,0.00975));
#4437=CARTESIAN_POINT('',(-0.156125,0.047625,0.00975));
#4438=CARTESIAN_POINT('',(0.,-6.93889390390723E-18,0.));
#4439=CARTESIAN_POINT('',(-0.156125,0.047625,0.));
#4440=CARTESIAN_POINT('',(-0.156125,0.049225,0.));
#4441=CARTESIAN_POINT('',(-0.154525,0.047625,0.));
#4442=CARTESIAN_POINT('',(-0.154525,0.036125,0.));
#4443=CARTESIAN_POINT('',(-0.154525,0.036125,0.));
#4444=CARTESIAN_POINT('',(-0.156125,0.036125,0.));
#4445=CARTESIAN_POINT('',(-0.156125,0.034525,0.));
#4446=CARTESIAN_POINT('',(0.,0.034525,0.));
#4447=CARTESIAN_POINT('',(-0.167625,0.034525,0.));
#4448=CARTESIAN_POINT('',(-0.167625,0.036125,0.));
#4449=CARTESIAN_POINT('',(-0.169225,0.036125,0.));
#4450=CARTESIAN_POINT('',(-0.169225,-6.93889390390723E-18,0.));
#4451=CARTESIAN_POINT('',(-0.169225,0.047625,0.));
#4452=CARTESIAN_POINT('',(-0.167625,0.047625,0.));
#4453=CARTESIAN_POINT('',(-0.167625,0.049225,0.));
#4454=CARTESIAN_POINT('',(-0.156125,0.049225,0.));
#4455=CARTESIAN_POINT('',(-0.168375,0.041875,0.003375));
#4456=CARTESIAN_POINT('',(-0.168375,0.041875,0.003375));
#4457=CARTESIAN_POINT('',(-0.168375,0.041875,0.006));
#4458=CARTESIAN_POINT('',(-0.168375,0.0025625,0.004875));
#4459=CARTESIAN_POINT('',(-0.155375,0.041875,0.003375));
#4460=CARTESIAN_POINT('',(-0.155375,0.041875,0.003375));
#4461=CARTESIAN_POINT('',(-0.155375,0.041875,0.006));
#4462=CARTESIAN_POINT('',(-0.155375,0.0025625,0.004875));
#4463=CARTESIAN_POINT('',(-0.167625,0.047625,0.00975));
#4464=CARTESIAN_POINT('',(-0.167625,0.047625,0.000692820323027548));
#4465=CARTESIAN_POINT('',(-0.167625,0.036125,0.00975));
#4466=CARTESIAN_POINT('',(-0.167625,0.036125,0.000692820323027548));
#4467=CARTESIAN_POINT('',(-0.156125,0.036125,0.00975));
#4468=CARTESIAN_POINT('',(-0.156125,0.036125,0.000692820323027548));
#4469=CARTESIAN_POINT('',(-0.156125,0.047625,0.00975));
#4470=CARTESIAN_POINT('',(-0.156125,0.047625,0.000692820323027548));
#4471=CARTESIAN_POINT('',(-0.169625,0.041875,0.000692820323027548));
#4472=CARTESIAN_POINT('',(-0.169625,0.036125,0.000692820323027548));
#4473=CARTESIAN_POINT('',(-0.169225,0.047625,0.));
#4474=CARTESIAN_POINT('',(-0.167625,0.047625,0.));
#4475=CARTESIAN_POINT('',(-0.167625,0.049225,0.));
#4476=CARTESIAN_POINT('',(-0.167625,0.036125,0.));
#4477=CARTESIAN_POINT('',(-0.167625,0.034125,0.000692820323027548));
#4478=CARTESIAN_POINT('',(0.,0.049225,0.));
#4479=CARTESIAN_POINT('',(-0.156125,0.049225,0.));
#4480=CARTESIAN_POINT('',(-0.161875,0.034125,0.000692820323027548));
#4481=CARTESIAN_POINT('',(-0.156125,0.034125,0.000692820323027548));
#4482=CARTESIAN_POINT('',(-0.156125,0.047625,0.));
#4483=CARTESIAN_POINT('',(-0.154525,0.047625,0.));
#4484=CARTESIAN_POINT('',(-0.156125,0.036125,0.));
#4485=CARTESIAN_POINT('',(-0.154125,0.036125,0.000692820323027548));
#4486=CARTESIAN_POINT('',(-0.154525,-6.93889390390723E-18,0.));
#4487=CARTESIAN_POINT('',(0.,0.,0.));
#4488=CARTESIAN_POINT('',(-0.105875,-0.041875,0.00975));
#4489=CARTESIAN_POINT('',(-0.105875,-0.041875,0.003375));
#4490=CARTESIAN_POINT('',(-0.105875,-0.041875,0.00075));
#4491=CARTESIAN_POINT('',(-0.105875,-0.036125,0.));
#4492=CARTESIAN_POINT('',(-0.105875,-0.036125,0.00975));
#4493=CARTESIAN_POINT('',(-0.105875,-0.036125,0.000692820323027548));
#4494=CARTESIAN_POINT('',(-0.105875,-0.041875,0.000692820323027548));
#4495=CARTESIAN_POINT('',(-0.105875,-0.047625,0.000692820323027548));
#4496=CARTESIAN_POINT('',(-0.105875,-0.047625,0.00975));
#4497=CARTESIAN_POINT('',(-0.105875,-0.047625,0.00975));
#4498=CARTESIAN_POINT('',(-0.105875,-0.041875,0.00975));
#4499=CARTESIAN_POINT('',(-0.05525,-0.049625,0.00975));
#4500=CARTESIAN_POINT('',(-0.103875,-0.049625,0.00975));
#4501=CARTESIAN_POINT('',(-0.103875,-0.049625,0.00975));
#4502=CARTESIAN_POINT('',(-0.103875,-0.049625,0.000692820323027548));
#4503=CARTESIAN_POINT('',(-0.05525,-0.049625,0.000692820323027548));
#4504=CARTESIAN_POINT('',(-0.0066250000000002,-0.049625,0.000692820323027548));
#4505=CARTESIAN_POINT('',(-0.0066250000000002,-0.049625,0.00975));
#4506=CARTESIAN_POINT('',(-0.0066250000000002,-0.049625,0.00975));
#4507=CARTESIAN_POINT('',(-0.05525,-0.049625,0.00975));
#4508=CARTESIAN_POINT('',(-0.0046250000000002,-0.041875,0.00975));
#4509=CARTESIAN_POINT('',(-0.0046250000000002,-0.041875,0.003375));
#4510=CARTESIAN_POINT('',(-0.0046250000000002,-0.041875,0.00075));
#4511=CARTESIAN_POINT('',(-0.0046250000000002,-0.047625,0.));
#4512=CARTESIAN_POINT('',(-0.0046250000000002,-0.047625,0.00975));
#4513=CARTESIAN_POINT('',(-0.0046250000000002,-0.047625,0.000692820323027548));
#4514=CARTESIAN_POINT('',(-0.0046250000000002,-0.036125,0.000692820323027548));
#4515=CARTESIAN_POINT('',(-0.0046250000000002,-0.036125,0.000692820323027548));
#4516=CARTESIAN_POINT('',(-0.0046250000000002,-0.036125,0.00975));
#4517=CARTESIAN_POINT('',(-0.0046250000000002,-0.036125,0.00975));
#4518=CARTESIAN_POINT('',(-0.0046250000000002,-0.041875,0.00975));
#4519=CARTESIAN_POINT('',(-0.05525,-0.034125,0.00975));
#4520=CARTESIAN_POINT('',(-0.0066250000000002,-0.034125,0.00975));
#4521=CARTESIAN_POINT('',(-0.0066250000000002,-0.034125,0.00975));
#4522=CARTESIAN_POINT('',(-0.0066250000000002,-0.034125,0.000692820323027548));
#4523=CARTESIAN_POINT('',(-0.103875,-0.034125,0.000692820323027548));
#4524=CARTESIAN_POINT('',(-0.103875,-0.034125,0.000692820323027548));
#4525=CARTESIAN_POINT('',(-0.103875,-0.034125,0.00975));
#4526=CARTESIAN_POINT('',(-0.103875,-0.034125,0.00975));
#4527=CARTESIAN_POINT('',(-0.05525,-0.034125,0.00975));
#4528=CARTESIAN_POINT('',(0.,-6.93889390390723E-18,0.00975));
#4529=CARTESIAN_POINT('',(-0.0066250000000002,-0.047625,0.00975));
#4530=CARTESIAN_POINT('',(-0.0066250000000002,-0.036125,0.00975));
#4531=CARTESIAN_POINT('',(-0.103875,-0.036125,0.00975));
#4532=CARTESIAN_POINT('',(-0.103875,-0.047625,0.00975));
#4533=CARTESIAN_POINT('',(0.,-6.93889390390723E-18,0.));
#4534=CARTESIAN_POINT('',(-0.0066250000000002,-0.036125,0.));
#4535=CARTESIAN_POINT('',(-0.0066250000000002,-0.034525,0.));
#4536=CARTESIAN_POINT('',(-0.0050250000000002,-0.036125,0.));
#4537=CARTESIAN_POINT('',(-0.00502500000000019,-0.047625,0.));
#4538=CARTESIAN_POINT('',(-0.00502500000000019,-0.047625,0.));
#4539=CARTESIAN_POINT('',(-0.0066250000000002,-0.047625,0.));
#4540=CARTESIAN_POINT('',(-0.0066250000000002,-0.049225,0.));
#4541=CARTESIAN_POINT('',(0.,-0.049225,0.));
#4542=CARTESIAN_POINT('',(-0.103875,-0.049225,0.));
#4543=CARTESIAN_POINT('',(-0.103875,-0.047625,0.));
#4544=CARTESIAN_POINT('',(-0.105475,-0.047625,0.));
#4545=CARTESIAN_POINT('',(-0.105475,-6.93889390390723E-18,0.));
#4546=CARTESIAN_POINT('',(-0.105475,-0.036125,0.));
#4547=CARTESIAN_POINT('',(-0.103875,-0.036125,0.));
#4548=CARTESIAN_POINT('',(-0.103875,-0.034525,0.));
#4549=CARTESIAN_POINT('',(-0.0066250000000002,-0.034525,0.));
#4550=CARTESIAN_POINT('',(-0.0058750000000002,-0.041875,0.003375));
#4551=CARTESIAN_POINT('',(-0.0058750000000002,-0.041875,0.003375));
#4552=CARTESIAN_POINT('',(-0.0058750000000002,-0.041875,0.00075));
#4553=CARTESIAN_POINT('',(-0.0058750000000002,-0.041875,0.004875));
#4554=CARTESIAN_POINT('',(-0.104625,-0.041875,0.003375));
#4555=CARTESIAN_POINT('',(-0.104625,-0.041875,0.003375));
#4556=CARTESIAN_POINT('',(-0.104625,-0.041875,0.00075));
#4557=CARTESIAN_POINT('',(-0.104625,-0.041875,0.004875));
#4558=CARTESIAN_POINT('',(-0.0066250000000002,-0.047625,0.00975));
#4559=CARTESIAN_POINT('',(-0.0066250000000002,-0.047625,0.000692820323027548));
#4560=CARTESIAN_POINT('',(-0.0066250000000002,-0.036125,0.00975));
#4561=CARTESIAN_POINT('',(-0.0066250000000002,-0.036125,0.000692820323027548));
#4562=CARTESIAN_POINT('',(-0.103875,-0.047625,0.00975));
#4563=CARTESIAN_POINT('',(-0.103875,-0.047625,0.000692820323027548));
#4564=CARTESIAN_POINT('',(-0.103875,-0.036125,0.00975));
#4565=CARTESIAN_POINT('',(-0.103875,-0.036125,0.000692820323027548));
#4566=CARTESIAN_POINT('',(-0.105875,-0.041875,0.000692820323027548));
#4567=CARTESIAN_POINT('',(-0.105875,-0.047625,0.000692820323027548));
#4568=CARTESIAN_POINT('',(-0.105475,-0.036125,0.));
#4569=CARTESIAN_POINT('',(-0.103875,-0.036125,0.));
#4570=CARTESIAN_POINT('',(-0.103875,-0.034525,0.));
#4571=CARTESIAN_POINT('',(-0.103875,-0.047625,0.));
#4572=CARTESIAN_POINT('',(-0.103875,-0.049625,0.000692820323027548));
#4573=CARTESIAN_POINT('',(0.,-0.034525,0.));
#4574=CARTESIAN_POINT('',(-0.0066250000000002,-0.034525,0.));
#4575=CARTESIAN_POINT('',(-0.05525,-0.049625,0.000692820323027548));
#4576=CARTESIAN_POINT('',(-0.0066250000000002,-0.049625,0.000692820323027548));
#4577=CARTESIAN_POINT('',(-0.0066250000000002,-0.036125,0.));
#4578=CARTESIAN_POINT('',(-0.0050250000000002,-0.036125,0.));
#4579=CARTESIAN_POINT('',(-0.0066250000000002,-0.047625,0.));
#4580=CARTESIAN_POINT('',(-0.0046250000000002,-0.047625,0.000692820323027548));
#4581=CARTESIAN_POINT('',(-0.00502500000000019,-6.93889390390723E-18,0.));
#4582=CARTESIAN_POINT('',(0.,0.,0.));
#4583=CARTESIAN_POINT('',(-0.1576875,0.016125,0.00975));
#4584=CARTESIAN_POINT('',(-0.14775,0.016125,0.));
#4585=CARTESIAN_POINT('',(-0.14775,0.016125,0.00975));
#4586=CARTESIAN_POINT('',(-0.14775,0.016125,0.000692820323027549));
#4587=CARTESIAN_POINT('',(-0.167625,0.016125,0.000692820323027549));
#4588=CARTESIAN_POINT('',(-0.167625,0.016125,0.000692820323027549));
#4589=CARTESIAN_POINT('',(-0.167625,0.016125,0.00975));
#4590=CARTESIAN_POINT('',(-0.167625,0.016125,0.00975));
#4591=CARTESIAN_POINT('',(-0.1576875,0.016125,0.00975));
#4592=CARTESIAN_POINT('',(-0.169625,0.008375,0.00975));
#4593=CARTESIAN_POINT('',(-0.169625,0.008375,0.003375));
#4594=CARTESIAN_POINT('',(-0.169625,0.008375,0.006));
#4595=CARTESIAN_POINT('',(-0.169625,0.014125,0.));
#4596=CARTESIAN_POINT('',(-0.169625,0.014125,0.00975));
#4597=CARTESIAN_POINT('',(-0.169625,0.014125,0.000692820323027549));
#4598=CARTESIAN_POINT('',(-0.169625,0.008375,0.000692820323027549));
#4599=CARTESIAN_POINT('',(-0.169625,0.002625,0.000692820323027549));
#4600=CARTESIAN_POINT('',(-0.169625,0.002625,0.00975));
#4601=CARTESIAN_POINT('',(-0.169625,0.002625,0.00975));
#4602=CARTESIAN_POINT('',(-0.169625,0.008375,0.00975));
#4603=CARTESIAN_POINT('',(-0.1576875,0.000624999999999978,0.00975));
#4604=CARTESIAN_POINT('',(-0.167625,0.000624999999999974,0.00975));
#4605=CARTESIAN_POINT('',(-0.167625,0.000624999999999974,0.00975));
#4606=CARTESIAN_POINT('',(-0.167625,0.000624999999999974,0.000692820323027549));
#4607=CARTESIAN_POINT('',(-0.1576875,0.000624999999999978,0.000692820323027549));
#4608=CARTESIAN_POINT('',(-0.14775,0.000624999999999982,0.000692820323027549));
#4609=CARTESIAN_POINT('',(-0.14775,0.000624999999999982,0.00975));
#4610=CARTESIAN_POINT('',(-0.14775,0.000624999999999982,0.00975));
#4611=CARTESIAN_POINT('',(-0.1576875,0.000624999999999978,0.00975));
#4612=CARTESIAN_POINT('',(-0.14575,0.008375,0.00975));
#4613=CARTESIAN_POINT('',(-0.14575,0.008375,0.003375));
#4614=CARTESIAN_POINT('',(-0.14575,0.008375,0.006));
#4615=CARTESIAN_POINT('',(-0.14575,0.002625,0.00975));
#4616=CARTESIAN_POINT('',(-0.14575,0.002625,0.00975));
#4617=CARTESIAN_POINT('',(-0.14575,0.002625,0.000692820323027549));
#4618=CARTESIAN_POINT('',(-0.14575,0.008375,0.000692820323027549));
#4619=CARTESIAN_POINT('',(-0.14575,0.014125,0.000692820323027549));
#4620=CARTESIAN_POINT('',(-0.14575,0.014125,0.00975));
#4621=CARTESIAN_POINT('',(-0.14575,0.014125,0.00975));
#4622=CARTESIAN_POINT('',(-0.14575,0.008375,0.00975));
#4623=CARTESIAN_POINT('',(0.,-6.93889390390723E-18,0.00975));
#4624=CARTESIAN_POINT('',(-0.167625,0.002625,0.00975));
#4625=CARTESIAN_POINT('',(-0.14775,0.002625,0.00975));
#4626=CARTESIAN_POINT('',(-0.14775,0.014125,0.00975));
#4627=CARTESIAN_POINT('',(-0.167625,0.014125,0.00975));
#4628=CARTESIAN_POINT('',(0.,-6.93889390390723E-18,0.));
#4629=CARTESIAN_POINT('',(-0.14775,0.002625,0.));
#4630=CARTESIAN_POINT('',(-0.14615,0.002625,0.));
#4631=CARTESIAN_POINT('',(-0.14775,0.001025,0.));
#4632=CARTESIAN_POINT('',(-4.46850235696675E-19,0.00102500000000006,0.));
#4633=CARTESIAN_POINT('',(-0.167625,0.00102499999999998,0.));
#4634=CARTESIAN_POINT('',(-0.167625,0.002625,0.));
#4635=CARTESIAN_POINT('',(-0.169225,0.002625,0.));
#4636=CARTESIAN_POINT('',(-0.169225,-6.93889390390723E-18,0.));
#4637=CARTESIAN_POINT('',(-0.169225,0.014125,0.));
#4638=CARTESIAN_POINT('',(-0.167625,0.014125,0.));
#4639=CARTESIAN_POINT('',(-0.167625,0.015725,0.));
#4640=CARTESIAN_POINT('',(-0.14775,0.015725,0.));
#4641=CARTESIAN_POINT('',(-0.14775,0.015725,0.));
#4642=CARTESIAN_POINT('',(-0.14775,0.014125,0.));
#4643=CARTESIAN_POINT('',(-0.14615,0.014125,0.));
#4644=CARTESIAN_POINT('',(-0.14615,-6.93889390390723E-18,0.));
#4645=CARTESIAN_POINT('',(-0.168375,0.008375,0.003375));
#4646=CARTESIAN_POINT('',(-0.168375,0.008375,0.003375));
#4647=CARTESIAN_POINT('',(-0.168375,0.008375,0.006));
#4648=CARTESIAN_POINT('',(-0.168375,0.0025625,0.004875));
#4649=CARTESIAN_POINT('',(-0.147,0.008375,0.003375));
#4650=CARTESIAN_POINT('',(-0.147,0.008375,0.003375));
#4651=CARTESIAN_POINT('',(-0.147,0.008375,0.006));
#4652=CARTESIAN_POINT('',(-0.147,0.0025625,0.004875));
#4653=CARTESIAN_POINT('',(-0.167625,0.002625,0.00975));
#4654=CARTESIAN_POINT('',(-0.167625,0.002625,0.000692820323027549));
#4655=CARTESIAN_POINT('',(-0.167625,0.014125,0.00975));
#4656=CARTESIAN_POINT('',(-0.167625,0.014125,0.000692820323027549));
#4657=CARTESIAN_POINT('',(-0.14775,0.002625,0.00975));
#4658=CARTESIAN_POINT('',(-0.14775,0.002625,0.000692820323027549));
#4659=CARTESIAN_POINT('',(-0.14775,0.014125,0.00975));
#4660=CARTESIAN_POINT('',(-0.14775,0.014125,0.000692820323027549));
#4661=CARTESIAN_POINT('',(0.,0.015725,0.));
#4662=CARTESIAN_POINT('',(-0.14775,0.015725,0.));
#4663=CARTESIAN_POINT('',(-0.167625,0.016125,0.000692820323027549));
#4664=CARTESIAN_POINT('',(-0.167625,0.014125,0.));
#4665=CARTESIAN_POINT('',(-0.169625,0.014125,0.00069282032302755));
#4666=CARTESIAN_POINT('',(-0.14775,0.014125,0.));
#4667=CARTESIAN_POINT('',(-0.14615,0.014125,0.));
#4668=CARTESIAN_POINT('',(-0.169625,0.008375,0.000692820323027549));
#4669=CARTESIAN_POINT('',(-0.169625,0.002625,0.000692820323027549));
#4670=CARTESIAN_POINT('',(-0.14575,0.008375,0.000692820323027549));
#4671=CARTESIAN_POINT('',(-0.14615,0.002625,0.));
#4672=CARTESIAN_POINT('',(-0.167625,0.002625,0.));
#4673=CARTESIAN_POINT('',(-0.167625,0.000624999999999974,0.000692820323027549));
#4674=CARTESIAN_POINT('',(-0.14775,0.002625,0.));
#4675=CARTESIAN_POINT('',(-0.14775,0.001025,0.));
#4676=CARTESIAN_POINT('',(-0.1576875,0.000624999999999978,0.000692820323027549));
#4677=CARTESIAN_POINT('',(0.,0.,0.));
#4678=CARTESIAN_POINT('',(-0.1554375,-0.000625000000000021,0.00975));
#4679=CARTESIAN_POINT('',(-0.14325,-0.000625000000000021,0.00975));
#4680=CARTESIAN_POINT('',(-0.14325,-0.000625000000000021,0.00975));
#4681=CARTESIAN_POINT('',(-0.14325,-0.000625000000000021,0.000692820323027549));
#4682=CARTESIAN_POINT('',(-0.167625,-0.000625000000000021,0.000692820323027549));
#4683=CARTESIAN_POINT('',(-0.167625,-0.000625000000000021,0.000692820323027549));
#4684=CARTESIAN_POINT('',(-0.167625,-0.000625000000000021,0.00975));
#4685=CARTESIAN_POINT('',(-0.167625,-0.000625000000000021,0.00975));
#4686=CARTESIAN_POINT('',(-0.1554375,-0.000625000000000021,0.00975));
#4687=CARTESIAN_POINT('',(-0.169625,-0.008375,0.00975));
#4688=CARTESIAN_POINT('',(-0.169625,-0.008375,0.003375));
#4689=CARTESIAN_POINT('',(-0.169625,-0.008375,0.006));
#4690=CARTESIAN_POINT('',(-0.169625,-0.002625,0.));
#4691=CARTESIAN_POINT('',(-0.169625,-0.002625,0.00975));
#4692=CARTESIAN_POINT('',(-0.169625,-0.002625,0.000692820323027549));
#4693=CARTESIAN_POINT('',(-0.169625,-0.008375,0.000692820323027549));
#4694=CARTESIAN_POINT('',(-0.169625,-0.014125,0.000692820323027549));
#4695=CARTESIAN_POINT('',(-0.169625,-0.014125,0.00975));
#4696=CARTESIAN_POINT('',(-0.169625,-0.014125,0.00975));
#4697=CARTESIAN_POINT('',(-0.169625,-0.008375,0.00975));
#4698=CARTESIAN_POINT('',(-0.1554375,-0.016125,0.00975));
#4699=CARTESIAN_POINT('',(-0.167625,-0.016125,0.00975));
#4700=CARTESIAN_POINT('',(-0.167625,-0.016125,0.00975));
#4701=CARTESIAN_POINT('',(-0.167625,-0.016125,0.000692820323027549));
#4702=CARTESIAN_POINT('',(-0.1554375,-0.016125,0.000692820323027549));
#4703=CARTESIAN_POINT('',(-0.14325,-0.016125,0.000692820323027549));
#4704=CARTESIAN_POINT('',(-0.14325,-0.016125,0.00975));
#4705=CARTESIAN_POINT('',(-0.14325,-0.016125,0.00975));
#4706=CARTESIAN_POINT('',(-0.1554375,-0.016125,0.00975));
#4707=CARTESIAN_POINT('',(-0.14125,-0.008375,0.00975));
#4708=CARTESIAN_POINT('',(-0.14125,-0.008375,0.003375));
#4709=CARTESIAN_POINT('',(-0.14125,-0.008375,0.006));
#4710=CARTESIAN_POINT('',(-0.14125,-0.014125,0.));
#4711=CARTESIAN_POINT('',(-0.14125,-0.014125,0.00975));
#4712=CARTESIAN_POINT('',(-0.14125,-0.014125,0.00069282032302755));
#4713=CARTESIAN_POINT('',(-0.14125,-0.002625,0.000692820323027549));
#4714=CARTESIAN_POINT('',(-0.14125,-0.002625,0.000692820323027549));
#4715=CARTESIAN_POINT('',(-0.14125,-0.002625,0.00975));
#4716=CARTESIAN_POINT('',(-0.14125,-0.002625,0.00975));
#4717=CARTESIAN_POINT('',(-0.14125,-0.008375,0.00975));
#4718=CARTESIAN_POINT('',(0.,-6.93889390390723E-18,0.00975));
#4719=CARTESIAN_POINT('',(-0.14325,-0.002625,0.00975));
#4720=CARTESIAN_POINT('',(-0.167625,-0.002625,0.00975));
#4721=CARTESIAN_POINT('',(-0.167625,-0.014125,0.00975));
#4722=CARTESIAN_POINT('',(-0.14325,-0.014125,0.00975));
#4723=CARTESIAN_POINT('',(0.,-6.93889390390723E-18,0.));
#4724=CARTESIAN_POINT('',(-0.14325,-0.002625,0.));
#4725=CARTESIAN_POINT('',(-0.14325,-0.00102500000000004,0.));
#4726=CARTESIAN_POINT('',(-0.14165,-0.002625,0.));
#4727=CARTESIAN_POINT('',(-0.14165,-0.014125,0.));
#4728=CARTESIAN_POINT('',(-0.14165,-0.014125,0.));
#4729=CARTESIAN_POINT('',(-0.14325,-0.014125,0.));
#4730=CARTESIAN_POINT('',(-0.14325,-0.015725,0.));
#4731=CARTESIAN_POINT('',(0.,-0.015725,0.));
#4732=CARTESIAN_POINT('',(-0.167625,-0.015725,0.));
#4733=CARTESIAN_POINT('',(-0.167625,-0.014125,0.));
#4734=CARTESIAN_POINT('',(-0.169225,-0.014125,0.));
#4735=CARTESIAN_POINT('',(-0.169225,-6.93889390390723E-18,0.));
#4736=CARTESIAN_POINT('',(-0.169225,-0.002625,0.));
#4737=CARTESIAN_POINT('',(-0.167625,-0.002625,0.));
#4738=CARTESIAN_POINT('',(-0.167625,-0.00102500000000004,0.));
#4739=CARTESIAN_POINT('',(-0.14325,-0.00102500000000004,0.));
#4740=CARTESIAN_POINT('',(-0.168375,-0.008375,0.003375));
#4741=CARTESIAN_POINT('',(-0.168375,-0.008375,0.003375));
#4742=CARTESIAN_POINT('',(-0.168375,-0.008375,0.006));
#4743=CARTESIAN_POINT('',(-0.168375,0.0025625,0.004875));
#4744=CARTESIAN_POINT('',(-0.1425,-0.008375,0.003375));
#4745=CARTESIAN_POINT('',(-0.1425,-0.008375,0.003375));
#4746=CARTESIAN_POINT('',(-0.1425,-0.008375,0.006));
#4747=CARTESIAN_POINT('',(-0.1425,0.0025625,0.004875));
#4748=CARTESIAN_POINT('',(-0.14325,-0.002625,0.00975));
#4749=CARTESIAN_POINT('',(-0.14325,-0.002625,0.000692820323027549));
#4750=CARTESIAN_POINT('',(-0.14325,-0.014125,0.00975));
#4751=CARTESIAN_POINT('',(-0.14325,-0.014125,0.000692820323027549));
#4752=CARTESIAN_POINT('',(-0.167625,-0.014125,0.00975));
#4753=CARTESIAN_POINT('',(-0.167625,-0.014125,0.000692820323027549));
#4754=CARTESIAN_POINT('',(-0.167625,-0.002625,0.00975));
#4755=CARTESIAN_POINT('',(-0.167625,-0.002625,0.000692820323027549));
#4756=CARTESIAN_POINT('',(-0.169625,-0.008375,0.000692820323027549));
#4757=CARTESIAN_POINT('',(-0.169625,-0.014125,0.000692820323027549));
#4758=CARTESIAN_POINT('',(-0.169225,-0.002625,0.));
#4759=CARTESIAN_POINT('',(-0.167625,-0.002625,0.));
#4760=CARTESIAN_POINT('',(-0.167625,-0.00102500000000004,0.));
#4761=CARTESIAN_POINT('',(-0.167625,-0.014125,0.));
#4762=CARTESIAN_POINT('',(-0.167625,-0.016125,0.000692820323027549));
#4763=CARTESIAN_POINT('',(0.,-0.00102500000000004,0.));
#4764=CARTESIAN_POINT('',(-0.14325,-0.00102500000000004,0.));
#4765=CARTESIAN_POINT('',(-0.1554375,-0.016125,0.000692820323027549));
#4766=CARTESIAN_POINT('',(-0.14325,-0.016125,0.000692820323027549));
#4767=CARTESIAN_POINT('',(-0.14325,-0.002625,0.));
#4768=CARTESIAN_POINT('',(-0.14165,-0.002625,0.));
#4769=CARTESIAN_POINT('',(-0.14325,-0.014125,0.));
#4770=CARTESIAN_POINT('',(-0.14125,-0.014125,0.00069282032302755));
#4771=CARTESIAN_POINT('',(-0.14165,-6.93889390390723E-18,0.));
#4772=CARTESIAN_POINT('',(0.,0.,0.));
#4773=CARTESIAN_POINT('',(-0.15125,-0.017375,0.00975));
#4774=CARTESIAN_POINT('',(-0.134875,-0.017375,0.));
#4775=CARTESIAN_POINT('',(-0.134875,-0.017375,0.00975));
#4776=CARTESIAN_POINT('',(-0.134875,-0.017375,0.000692820323027548));
#4777=CARTESIAN_POINT('',(-0.167625,-0.017375,0.000692820323027548));
#4778=CARTESIAN_POINT('',(-0.167625,-0.017375,0.000692820323027548));
#4779=CARTESIAN_POINT('',(-0.167625,-0.017375,0.00975));
#4780=CARTESIAN_POINT('',(-0.167625,-0.017375,0.00975));
#4781=CARTESIAN_POINT('',(-0.15125,-0.017375,0.00975));
#4782=CARTESIAN_POINT('',(-0.169625,-0.025125,0.00975));
#4783=CARTESIAN_POINT('',(-0.169625,-0.025125,0.003375));
#4784=CARTESIAN_POINT('',(-0.169625,-0.025125,0.006));
#4785=CARTESIAN_POINT('',(-0.169625,-0.019375,0.));
#4786=CARTESIAN_POINT('',(-0.169625,-0.019375,0.00975));
#4787=CARTESIAN_POINT('',(-0.169625,-0.019375,0.000692820323027548));
#4788=CARTESIAN_POINT('',(-0.169625,-0.025125,0.000692820323027548));
#4789=CARTESIAN_POINT('',(-0.169625,-0.030875,0.000692820323027548));
#4790=CARTESIAN_POINT('',(-0.169625,-0.030875,0.00975));
#4791=CARTESIAN_POINT('',(-0.169625,-0.030875,0.00975));
#4792=CARTESIAN_POINT('',(-0.169625,-0.025125,0.00975));
#4793=CARTESIAN_POINT('',(-0.15125,-0.032875,0.00975));
#4794=CARTESIAN_POINT('',(-0.167625,-0.032875,0.00975));
#4795=CARTESIAN_POINT('',(-0.167625,-0.032875,0.00975));
#4796=CARTESIAN_POINT('',(-0.167625,-0.032875,0.000692820323027548));
#4797=CARTESIAN_POINT('',(-0.15125,-0.032875,0.000692820323027548));
#4798=CARTESIAN_POINT('',(-0.134875,-0.032875,0.000692820323027548));
#4799=CARTESIAN_POINT('',(-0.134875,-0.032875,0.00975));
#4800=CARTESIAN_POINT('',(-0.134875,-0.032875,0.00975));
#4801=CARTESIAN_POINT('',(-0.15125,-0.032875,0.00975));
#4802=CARTESIAN_POINT('',(-0.132875,-0.025125,0.00975));
#4803=CARTESIAN_POINT('',(-0.132875,-0.025125,0.003375));
#4804=CARTESIAN_POINT('',(-0.132875,-0.025125,0.006));
#4805=CARTESIAN_POINT('',(-0.132875,-0.030875,0.00975));
#4806=CARTESIAN_POINT('',(-0.132875,-0.030875,0.00975));
#4807=CARTESIAN_POINT('',(-0.132875,-0.030875,0.000692820323027548));
#4808=CARTESIAN_POINT('',(-0.132875,-0.025125,0.000692820323027548));
#4809=CARTESIAN_POINT('',(-0.132875,-0.019375,0.000692820323027548));
#4810=CARTESIAN_POINT('',(-0.132875,-0.019375,0.00975));
#4811=CARTESIAN_POINT('',(-0.132875,-0.019375,0.00975));
#4812=CARTESIAN_POINT('',(-0.132875,-0.025125,0.00975));
#4813=CARTESIAN_POINT('',(0.,-6.93889390390723E-18,0.00975));
#4814=CARTESIAN_POINT('',(-0.167625,-0.030875,0.00975));
#4815=CARTESIAN_POINT('',(-0.134875,-0.030875,0.00975));
#4816=CARTESIAN_POINT('',(-0.134875,-0.019375,0.00975));
#4817=CARTESIAN_POINT('',(-0.167625,-0.019375,0.00975));
#4818=CARTESIAN_POINT('',(0.,-6.93889390390723E-18,0.));
#4819=CARTESIAN_POINT('',(-0.134875,-0.019375,0.));
#4820=CARTESIAN_POINT('',(-0.134875,-0.017775,0.));
#4821=CARTESIAN_POINT('',(-0.133275,-0.019375,0.));
#4822=CARTESIAN_POINT('',(-0.133275,-6.93889390390723E-18,0.));
#4823=CARTESIAN_POINT('',(-0.133275,-0.030875,0.));
#4824=CARTESIAN_POINT('',(-0.134875,-0.030875,0.));
#4825=CARTESIAN_POINT('',(-0.134875,-0.032475,0.));
#4826=CARTESIAN_POINT('',(0.,-0.032475,0.));
#4827=CARTESIAN_POINT('',(-0.167625,-0.032475,0.));
#4828=CARTESIAN_POINT('',(-0.167625,-0.030875,0.));
#4829=CARTESIAN_POINT('',(-0.169225,-0.030875,0.));
#4830=CARTESIAN_POINT('',(-0.169225,-6.93889390390723E-18,0.));
#4831=CARTESIAN_POINT('',(-0.169225,-0.019375,0.));
#4832=CARTESIAN_POINT('',(-0.167625,-0.019375,0.));
#4833=CARTESIAN_POINT('',(-0.167625,-0.017775,0.));
#4834=CARTESIAN_POINT('',(-0.134875,-0.017775,0.));
#4835=CARTESIAN_POINT('',(-0.168375,-0.025125,0.003375));
#4836=CARTESIAN_POINT('',(-0.168375,-0.025125,0.003375));
#4837=CARTESIAN_POINT('',(-0.168375,-0.025125,0.006));
#4838=CARTESIAN_POINT('',(-0.168375,0.0025625,0.004875));
#4839=CARTESIAN_POINT('',(-0.134125,-0.025125,0.003375));
#4840=CARTESIAN_POINT('',(-0.134125,-0.025125,0.003375));
#4841=CARTESIAN_POINT('',(-0.134125,-0.025125,0.006));
#4842=CARTESIAN_POINT('',(-0.134125,0.0025625,0.004875));
#4843=CARTESIAN_POINT('',(-0.167625,-0.030875,0.00975));
#4844=CARTESIAN_POINT('',(-0.167625,-0.030875,0.000692820323027548));
#4845=CARTESIAN_POINT('',(-0.167625,-0.019375,0.00975));
#4846=CARTESIAN_POINT('',(-0.167625,-0.019375,0.000692820323027548));
#4847=CARTESIAN_POINT('',(-0.134875,-0.030875,0.00975));
#4848=CARTESIAN_POINT('',(-0.134875,-0.030875,0.000692820323027548));
#4849=CARTESIAN_POINT('',(-0.134875,-0.019375,0.00975));
#4850=CARTESIAN_POINT('',(-0.134875,-0.019375,0.000692820323027548));
#4851=CARTESIAN_POINT('',(-0.169625,-0.025125,0.000692820323027548));
#4852=CARTESIAN_POINT('',(-0.169225,-0.019375,0.));
#4853=CARTESIAN_POINT('',(-0.169625,-0.030875,0.000692820323027548));
#4854=CARTESIAN_POINT('',(-0.167625,-0.030875,0.));
#4855=CARTESIAN_POINT('',(-0.167625,-0.032875,0.000692820323027548));
#4856=CARTESIAN_POINT('',(-0.167625,-0.019375,0.));
#4857=CARTESIAN_POINT('',(-0.167625,-0.017775,0.));
#4858=CARTESIAN_POINT('',(-0.15125,-0.032875,0.000692820323027548));
#4859=CARTESIAN_POINT('',(-0.134875,-0.032875,0.000692820323027548));
#4860=CARTESIAN_POINT('',(0.,-0.017775,0.));
#4861=CARTESIAN_POINT('',(-0.134875,-0.017775,0.));
#4862=CARTESIAN_POINT('',(-0.134875,-0.030875,0.));
#4863=CARTESIAN_POINT('',(-0.132875,-0.030875,0.000692820323027548));
#4864=CARTESIAN_POINT('',(-0.134875,-0.019375,0.));
#4865=CARTESIAN_POINT('',(-0.133275,-0.019375,0.));
#4866=CARTESIAN_POINT('',(-0.132875,-0.025125,0.000692820323027548));
#4867=CARTESIAN_POINT('',(0.,0.,0.));
#4868=CARTESIAN_POINT('',(-0.159625,-0.034125,0.00975));
#4869=CARTESIAN_POINT('',(-0.151625,-0.034125,0.00975));
#4870=CARTESIAN_POINT('',(-0.151625,-0.034125,0.00975));
#4871=CARTESIAN_POINT('',(-0.151625,-0.034125,0.000692820323027548));
#4872=CARTESIAN_POINT('',(-0.167625,-0.034125,0.000692820323027548));
#4873=CARTESIAN_POINT('',(-0.167625,-0.034125,0.000692820323027548));
#4874=CARTESIAN_POINT('',(-0.167625,-0.034125,0.00975));
#4875=CARTESIAN_POINT('',(-0.167625,-0.034125,0.00975));
#4876=CARTESIAN_POINT('',(-0.159625,-0.034125,0.00975));
#4877=CARTESIAN_POINT('',(-0.169625,-0.041875,0.00975));
#4878=CARTESIAN_POINT('',(-0.169625,-0.041875,0.003375));
#4879=CARTESIAN_POINT('',(-0.169625,-0.041875,0.006));
#4880=CARTESIAN_POINT('',(-0.169625,-0.036125,0.));
#4881=CARTESIAN_POINT('',(-0.169625,-0.036125,0.00975));
#4882=CARTESIAN_POINT('',(-0.169625,-0.036125,0.000692820323027548));
#4883=CARTESIAN_POINT('',(-0.169625,-0.041875,0.000692820323027548));
#4884=CARTESIAN_POINT('',(-0.169625,-0.047625,0.000692820323027548));
#4885=CARTESIAN_POINT('',(-0.169625,-0.047625,0.00975));
#4886=CARTESIAN_POINT('',(-0.169625,-0.047625,0.00975));
#4887=CARTESIAN_POINT('',(-0.169625,-0.041875,0.00975));
#4888=CARTESIAN_POINT('',(-0.159625,-0.049625,0.00975));
#4889=CARTESIAN_POINT('',(-0.167625,-0.049625,0.));
#4890=CARTESIAN_POINT('',(-0.167625,-0.049625,0.00975));
#4891=CARTESIAN_POINT('',(-0.167625,-0.049625,0.000692820323027548));
#4892=CARTESIAN_POINT('',(-0.151625,-0.049625,0.000692820323027548));
#4893=CARTESIAN_POINT('',(-0.151625,-0.049625,0.000692820323027548));
#4894=CARTESIAN_POINT('',(-0.151625,-0.049625,0.00975));
#4895=CARTESIAN_POINT('',(-0.151625,-0.049625,0.00975));
#4896=CARTESIAN_POINT('',(-0.159625,-0.049625,0.00975));
#4897=CARTESIAN_POINT('',(-0.149625,-0.041875,0.00975));
#4898=CARTESIAN_POINT('',(-0.149625,-0.041875,0.003375));
#4899=CARTESIAN_POINT('',(-0.149625,-0.041875,0.006));
#4900=CARTESIAN_POINT('',(-0.149625,-0.047625,0.00975));
#4901=CARTESIAN_POINT('',(-0.149625,-0.047625,0.00975));
#4902=CARTESIAN_POINT('',(-0.149625,-0.047625,0.000692820323027548));
#4903=CARTESIAN_POINT('',(-0.149625,-0.036125,0.000692820323027548));
#4904=CARTESIAN_POINT('',(-0.149625,-0.036125,0.000692820323027548));
#4905=CARTESIAN_POINT('',(-0.149625,-0.036125,0.00975));
#4906=CARTESIAN_POINT('',(-0.149625,-0.036125,0.00975));
#4907=CARTESIAN_POINT('',(-0.149625,-0.041875,0.00975));
#4908=CARTESIAN_POINT('',(0.,-6.93889390390723E-18,0.00975));
#4909=CARTESIAN_POINT('',(-0.167625,-0.047625,0.00975));
#4910=CARTESIAN_POINT('',(-0.151625,-0.047625,0.00975));
#4911=CARTESIAN_POINT('',(-0.151625,-0.036125,0.00975));
#4912=CARTESIAN_POINT('',(-0.167625,-0.036125,0.00975));
#4913=CARTESIAN_POINT('',(0.,-6.93889390390723E-18,0.));
#4914=CARTESIAN_POINT('',(-0.151625,-0.047625,0.));
#4915=CARTESIAN_POINT('',(-0.150025,-0.047625,0.));
#4916=CARTESIAN_POINT('',(-0.151625,-0.049225,0.));
#4917=CARTESIAN_POINT('',(-0.167625,-0.049225,0.));
#4918=CARTESIAN_POINT('',(-0.167625,-0.049225,0.));
#4919=CARTESIAN_POINT('',(-0.167625,-0.047625,0.));
#4920=CARTESIAN_POINT('',(-0.169225,-0.047625,0.));
#4921=CARTESIAN_POINT('',(-0.169225,-6.93889390390723E-18,0.));
#4922=CARTESIAN_POINT('',(-0.169225,-0.036125,0.));
#4923=CARTESIAN_POINT('',(-0.167625,-0.036125,0.));
#4924=CARTESIAN_POINT('',(-0.167625,-0.034525,0.));
#4925=CARTESIAN_POINT('',(-0.151625,-0.034525,0.));
#4926=CARTESIAN_POINT('',(-0.151625,-0.034525,0.));
#4927=CARTESIAN_POINT('',(-0.151625,-0.036125,0.));
#4928=CARTESIAN_POINT('',(-0.150025,-0.036125,0.));
#4929=CARTESIAN_POINT('',(-0.150025,-0.047625,0.));
#4930=CARTESIAN_POINT('',(-0.168375,-0.041875,0.003375));
#4931=CARTESIAN_POINT('',(-0.168375,-0.041875,0.003375));
#4932=CARTESIAN_POINT('',(-0.168375,-0.041875,0.006));
#4933=CARTESIAN_POINT('',(-0.168375,0.0025625,0.004875));
#4934=CARTESIAN_POINT('',(-0.150875,-0.041875,0.003375));
#4935=CARTESIAN_POINT('',(-0.150875,-0.041875,0.003375));
#4936=CARTESIAN_POINT('',(-0.150875,-0.041875,0.006));
#4937=CARTESIAN_POINT('',(-0.150875,0.0025625,0.004875));
#4938=CARTESIAN_POINT('',(-0.167625,-0.047625,0.00975));
#4939=CARTESIAN_POINT('',(-0.167625,-0.047625,0.000692820323027548));
#4940=CARTESIAN_POINT('',(-0.167625,-0.036125,0.00975));
#4941=CARTESIAN_POINT('',(-0.167625,-0.036125,0.000692820323027548));
#4942=CARTESIAN_POINT('',(-0.151625,-0.047625,0.00975));
#4943=CARTESIAN_POINT('',(-0.151625,-0.047625,0.000692820323027548));
#4944=CARTESIAN_POINT('',(-0.151625,-0.036125,0.00975));
#4945=CARTESIAN_POINT('',(-0.151625,-0.036125,0.000692820323027548));
#4946=CARTESIAN_POINT('',(0.,-0.034525,0.));
#4947=CARTESIAN_POINT('',(-0.167625,-0.034125,0.000692820323027548));
#4948=CARTESIAN_POINT('',(-0.151625,-0.034525,0.));
#4949=CARTESIAN_POINT('',(-0.151625,-0.036125,0.));
#4950=CARTESIAN_POINT('',(-0.150025,-0.036125,0.));
#4951=CARTESIAN_POINT('',(-0.167625,-0.036125,0.));
#4952=CARTESIAN_POINT('',(-0.169625,-0.036125,0.000692820323027548));
#4953=CARTESIAN_POINT('',(-0.150025,-6.93889390390723E-18,0.));
#4954=CARTESIAN_POINT('',(-0.150025,-0.047625,0.));
#4955=CARTESIAN_POINT('',(-0.169625,-0.041875,0.000692820323027548));
#4956=CARTESIAN_POINT('',(-0.169625,-0.047625,0.000692820323027548));
#4957=CARTESIAN_POINT('',(-0.151625,-0.047625,0.));
#4958=CARTESIAN_POINT('',(-0.151625,-0.049225,0.));
#4959=CARTESIAN_POINT('',(-0.167625,-0.047625,0.));
#4960=CARTESIAN_POINT('',(-0.167625,-0.049625,0.000692820323027548));
#4961=CARTESIAN_POINT('',(1.70783526209916E-17,-0.049225,0.));
#4962=CARTESIAN_POINT('',(0.,0.,0.));
#4963=CARTESIAN_POINT('',(0.06425,0.0328749999999983,0.00975));
#4964=CARTESIAN_POINT('',(0.078375,0.0328749999999983,0.00975));
#4965=CARTESIAN_POINT('',(0.078375,0.0328749999999983,0.00975));
#4966=CARTESIAN_POINT('',(0.078375,0.0328749999999983,0.000692820323027548));
#4967=CARTESIAN_POINT('',(0.050125,0.0328749999999983,0.000692820323027548));
#4968=CARTESIAN_POINT('',(0.050125,0.0328749999999983,0.000692820323027548));
#4969=CARTESIAN_POINT('',(0.050125,0.0328749999999983,0.00975));
#4970=CARTESIAN_POINT('',(0.050125,0.0328749999999983,0.00975));
#4971=CARTESIAN_POINT('',(0.06425,0.0328749999999983,0.00975));
#4972=CARTESIAN_POINT('',(0.048125,0.0251249999999991,0.00975));
#4973=CARTESIAN_POINT('',(0.048125,0.0251249999999991,0.003375));
#4974=CARTESIAN_POINT('',(0.048125,0.0251249999999991,0.00075));
#4975=CARTESIAN_POINT('',(0.048125,0.0308749999999982,0.));
#4976=CARTESIAN_POINT('',(0.048125,0.0308749999999982,0.00975));
#4977=CARTESIAN_POINT('',(0.048125,0.0308749999999982,0.000692820323027548));
#4978=CARTESIAN_POINT('',(0.048125,0.0251249999999991,0.000692820323027548));
#4979=CARTESIAN_POINT('',(0.048125,0.019375,0.000692820323027548));
#4980=CARTESIAN_POINT('',(0.048125,0.019375,0.00975));
#4981=CARTESIAN_POINT('',(0.048125,0.019375,0.00975));
#4982=CARTESIAN_POINT('',(0.048125,0.0251249999999991,0.00975));
#4983=CARTESIAN_POINT('',(0.06425,0.017375,0.00975));
#4984=CARTESIAN_POINT('',(0.050125,0.017375,0.00975));
#4985=CARTESIAN_POINT('',(0.050125,0.017375,0.00975));
#4986=CARTESIAN_POINT('',(0.050125,0.017375,0.000692820323027548));
#4987=CARTESIAN_POINT('',(0.06425,0.017375,0.000692820323027548));
#4988=CARTESIAN_POINT('',(0.078375,0.017375,0.000692820323027548));
#4989=CARTESIAN_POINT('',(0.078375,0.017375,0.00975));
#4990=CARTESIAN_POINT('',(0.078375,0.017375,0.00975));
#4991=CARTESIAN_POINT('',(0.06425,0.017375,0.00975));
#4992=CARTESIAN_POINT('',(0.080375,0.0251249999999991,0.00975));
#4993=CARTESIAN_POINT('',(0.080375,0.0251249999999991,0.003375));
#4994=CARTESIAN_POINT('',(0.080375,0.0251249999999991,0.00075));
#4995=CARTESIAN_POINT('',(0.080375,0.019375,0.));
#4996=CARTESIAN_POINT('',(0.080375,0.019375,0.00975));
#4997=CARTESIAN_POINT('',(0.080375,0.019375,0.000692820323027548));
#4998=CARTESIAN_POINT('',(0.080375,0.0308749999999982,0.000692820323027548));
#4999=CARTESIAN_POINT('',(0.080375,0.0308749999999982,0.000692820323027548));
#5000=CARTESIAN_POINT('',(0.080375,0.0308749999999982,0.00975));
#5001=CARTESIAN_POINT('',(0.080375,0.0308749999999982,0.00975));
#5002=CARTESIAN_POINT('',(0.080375,0.0251249999999991,0.00975));
#5003=CARTESIAN_POINT('',(0.,-6.93889390390723E-18,0.00975));
#5004=CARTESIAN_POINT('',(0.050125,0.0308749999999982,0.00975));
#5005=CARTESIAN_POINT('',(0.050125,0.019375,0.00975));
#5006=CARTESIAN_POINT('',(0.078375,0.019375,0.00975));
#5007=CARTESIAN_POINT('',(0.078375,0.0308749999999982,0.00975));
#5008=CARTESIAN_POINT('',(0.,-6.93889390390723E-18,0.));
#5009=CARTESIAN_POINT('',(0.078375,0.0308749999999982,0.));
#5010=CARTESIAN_POINT('',(0.078375,0.0324749999999983,0.));
#5011=CARTESIAN_POINT('',(0.079975,0.0308749999999982,0.));
#5012=CARTESIAN_POINT('',(0.079975,0.019375,0.));
#5013=CARTESIAN_POINT('',(0.079975,0.019375,0.));
#5014=CARTESIAN_POINT('',(0.078375,0.019375,0.));
#5015=CARTESIAN_POINT('',(0.078375,0.017775,0.));
#5016=CARTESIAN_POINT('',(0.,0.017775,0.));
#5017=CARTESIAN_POINT('',(0.050125,0.017775,0.));
#5018=CARTESIAN_POINT('',(0.050125,0.019375,0.));
#5019=CARTESIAN_POINT('',(0.048525,0.019375,0.));
#5020=CARTESIAN_POINT('',(0.048525,-6.93889390390723E-18,0.));
#5021=CARTESIAN_POINT('',(0.048525,0.0308749999999982,0.));
#5022=CARTESIAN_POINT('',(0.050125,0.0308749999999982,0.));
#5023=CARTESIAN_POINT('',(0.050125,0.0324749999999983,0.));
#5024=CARTESIAN_POINT('',(0.078375,0.0324749999999983,0.));
#5025=CARTESIAN_POINT('',(0.079125,0.0251249999999991,0.003375));
#5026=CARTESIAN_POINT('',(0.079125,0.0251249999999991,0.003375));
#5027=CARTESIAN_POINT('',(0.079125,0.0251249999999991,0.00075));
#5028=CARTESIAN_POINT('',(0.079125,-0.00581250000000132,0.004875));
#5029=CARTESIAN_POINT('',(0.049375,0.0251249999999991,0.003375));
#5030=CARTESIAN_POINT('',(0.049375,0.0251249999999991,0.003375));
#5031=CARTESIAN_POINT('',(0.049375,0.0251249999999991,0.00075));
#5032=CARTESIAN_POINT('',(0.049375,-0.00581250000000132,0.004875));
#5033=CARTESIAN_POINT('',(0.050125,0.0308749999999982,0.00975));
#5034=CARTESIAN_POINT('',(0.050125,0.0308749999999982,0.000692820323027548));
#5035=CARTESIAN_POINT('',(0.050125,0.019375,0.00975));
#5036=CARTESIAN_POINT('',(0.050125,0.019375,0.000692820323027548));
#5037=CARTESIAN_POINT('',(0.078375,0.0308749999999982,0.00975));
#5038=CARTESIAN_POINT('',(0.078375,0.0308749999999982,0.000692820323027548));
#5039=CARTESIAN_POINT('',(0.078375,0.019375,0.00975));
#5040=CARTESIAN_POINT('',(0.078375,0.019375,0.000692820323027548));
#5041=CARTESIAN_POINT('',(0.048125,0.0251249999999991,0.000692820323027548));
#5042=CARTESIAN_POINT('',(0.048125,0.019375,0.000692820323027548));
#5043=CARTESIAN_POINT('',(0.048525,0.0308749999999982,0.));
#5044=CARTESIAN_POINT('',(0.050125,0.0308749999999982,0.));
#5045=CARTESIAN_POINT('',(0.050125,0.0324749999999983,0.));
#5046=CARTESIAN_POINT('',(0.050125,0.019375,0.));
#5047=CARTESIAN_POINT('',(0.050125,0.017375,0.000692820323027548));
#5048=CARTESIAN_POINT('',(0.,0.0324749999999983,0.));
#5049=CARTESIAN_POINT('',(0.078375,0.0324749999999983,0.));
#5050=CARTESIAN_POINT('',(0.06425,0.017375,0.000692820323027548));
#5051=CARTESIAN_POINT('',(0.078375,0.017375,0.000692820323027548));
#5052=CARTESIAN_POINT('',(0.078375,0.0308749999999982,0.));
#5053=CARTESIAN_POINT('',(0.079975,0.0308749999999982,0.));
#5054=CARTESIAN_POINT('',(0.078375,0.019375,0.));
#5055=CARTESIAN_POINT('',(0.080375,0.019375,0.000692820323027548));
#5056=CARTESIAN_POINT('',(0.079975,-6.93889390390723E-18,0.));
#5057=CARTESIAN_POINT('',(0.,0.,0.));
#5058=CARTESIAN_POINT('',(0.04425,-0.008375,0.00975));
#5059=CARTESIAN_POINT('',(0.04425,-0.00837500000000089,0.003375));
#5060=CARTESIAN_POINT('',(0.04425,-0.00837500000000089,0.00075));
#5061=CARTESIAN_POINT('',(0.04425,-0.002625,0.00975));
#5062=CARTESIAN_POINT('',(0.04425,-0.002625,0.00975));
#5063=CARTESIAN_POINT('',(0.04425,-0.002625,0.000692820323027549));
#5064=CARTESIAN_POINT('',(0.04425,-0.014125,0.000692820323027549));
#5065=CARTESIAN_POINT('',(0.04425,-0.014125,0.000692820323027549));
#5066=CARTESIAN_POINT('',(0.04425,-0.014125,0.00975));
#5067=CARTESIAN_POINT('',(0.04425,-0.014125,0.00975));
#5068=CARTESIAN_POINT('',(0.04425,-0.008375,0.00975));
#5069=CARTESIAN_POINT('',(0.0623125,-0.016125,0.00975));
#5070=CARTESIAN_POINT('',(0.04625,-0.016125,0.));
#5071=CARTESIAN_POINT('',(0.04625,-0.016125,0.00975));
#5072=CARTESIAN_POINT('',(0.04625,-0.016125,0.000692820323027549));
#5073=CARTESIAN_POINT('',(0.0623125,-0.016125,0.000692820323027549));
#5074=CARTESIAN_POINT('',(0.078375,-0.016125,0.000692820323027549));
#5075=CARTESIAN_POINT('',(0.078375,-0.016125,0.00975));
#5076=CARTESIAN_POINT('',(0.078375,-0.016125,0.00975));
#5077=CARTESIAN_POINT('',(0.0623125,-0.016125,0.00975));
#5078=CARTESIAN_POINT('',(0.080375,-0.008375,0.00975));
#5079=CARTESIAN_POINT('',(0.080375,-0.00837500000000089,0.003375));
#5080=CARTESIAN_POINT('',(0.080375,-0.00837500000000089,0.00075));
#5081=CARTESIAN_POINT('',(0.080375,-0.014125,0.00975));
#5082=CARTESIAN_POINT('',(0.080375,-0.014125,0.00975));
#5083=CARTESIAN_POINT('',(0.080375,-0.014125,0.000692820323027549));
#5084=CARTESIAN_POINT('',(0.080375,-0.008375,0.000692820323027549));
#5085=CARTESIAN_POINT('',(0.080375,-0.002625,0.000692820323027549));
#5086=CARTESIAN_POINT('',(0.080375,-0.002625,0.00975));
#5087=CARTESIAN_POINT('',(0.080375,-0.002625,0.00975));
#5088=CARTESIAN_POINT('',(0.080375,-0.008375,0.00975));
#5089=CARTESIAN_POINT('',(0.0623125,-0.000625000000000021,0.00975));
#5090=CARTESIAN_POINT('',(0.078375,-0.000625000000000021,0.));
#5091=CARTESIAN_POINT('',(0.078375,-0.000625000000000021,0.00975));
#5092=CARTESIAN_POINT('',(0.078375,-0.000625000000000021,0.000692820323027549));
#5093=CARTESIAN_POINT('',(0.04625,-0.000625000000000021,0.000692820323027549));
#5094=CARTESIAN_POINT('',(0.04625,-0.000625000000000021,0.000692820323027549));
#5095=CARTESIAN_POINT('',(0.04625,-0.000625000000000021,0.00975));
#5096=CARTESIAN_POINT('',(0.04625,-0.000625000000000021,0.00975));
#5097=CARTESIAN_POINT('',(0.0623125,-0.000625000000000021,0.00975));
#5098=CARTESIAN_POINT('',(0.,-6.93889390390723E-18,0.00975));
#5099=CARTESIAN_POINT('',(0.04625,-0.002625,0.00975));
#5100=CARTESIAN_POINT('',(0.04625,-0.014125,0.00975));
#5101=CARTESIAN_POINT('',(0.078375,-0.014125,0.00975));
#5102=CARTESIAN_POINT('',(0.078375,-0.002625,0.00975));
#5103=CARTESIAN_POINT('',(0.,-6.93889390390723E-18,0.));
#5104=CARTESIAN_POINT('',(0.078375,-0.002625,0.));
#5105=CARTESIAN_POINT('',(0.078375,-0.00102500000000002,0.));
#5106=CARTESIAN_POINT('',(0.079975,-0.002625,0.));
#5107=CARTESIAN_POINT('',(0.079975,-6.93889390390723E-18,0.));
#5108=CARTESIAN_POINT('',(0.079975,-0.014125,0.));
#5109=CARTESIAN_POINT('',(0.078375,-0.014125,0.));
#5110=CARTESIAN_POINT('',(0.078375,-0.015725,0.));
#5111=CARTESIAN_POINT('',(0.,-0.015725,0.));
#5112=CARTESIAN_POINT('',(0.04625,-0.015725,0.));
#5113=CARTESIAN_POINT('',(0.04625,-0.014125,0.));
#5114=CARTESIAN_POINT('',(0.04465,-0.014125,0.));
#5115=CARTESIAN_POINT('',(0.04465,-0.002625,0.));
#5116=CARTESIAN_POINT('',(0.04465,-0.002625,0.));
#5117=CARTESIAN_POINT('',(0.04625,-0.002625,0.));
#5118=CARTESIAN_POINT('',(0.04625,-0.00102500000000002,0.));
#5119=CARTESIAN_POINT('',(0.078375,-0.00102500000000002,0.));
#5120=CARTESIAN_POINT('',(0.079125,-0.00837500000000089,0.003375));
#5121=CARTESIAN_POINT('',(0.079125,-0.00837500000000089,0.003375));
#5122=CARTESIAN_POINT('',(0.079125,-0.00837500000000089,0.00075));
#5123=CARTESIAN_POINT('',(0.079125,-0.00581250000000132,0.004875));
#5124=CARTESIAN_POINT('',(0.0455,-0.00837500000000089,0.003375));
#5125=CARTESIAN_POINT('',(0.0455,-0.00837500000000089,0.003375));
#5126=CARTESIAN_POINT('',(0.0455,-0.00837500000000089,0.00075));
#5127=CARTESIAN_POINT('',(0.0455,-0.00581250000000132,0.004875));
#5128=CARTESIAN_POINT('',(0.04625,-0.002625,0.00975));
#5129=CARTESIAN_POINT('',(0.04625,-0.002625,0.000692820323027549));
#5130=CARTESIAN_POINT('',(0.04625,-0.014125,0.00975));
#5131=CARTESIAN_POINT('',(0.04625,-0.014125,0.000692820323027549));
#5132=CARTESIAN_POINT('',(0.078375,-0.002625,0.00975));
#5133=CARTESIAN_POINT('',(0.078375,-0.002625,0.000692820323027549));
#5134=CARTESIAN_POINT('',(0.078375,-0.014125,0.00975));
#5135=CARTESIAN_POINT('',(0.078375,-0.014125,0.000692820323027549));
#5136=CARTESIAN_POINT('',(0.04465,-6.93889390390723E-18,0.));
#5137=CARTESIAN_POINT('',(0.04465,-0.002625,0.));
#5138=CARTESIAN_POINT('',(0.04425,-0.014125,0.000692820323027549));
#5139=CARTESIAN_POINT('',(0.04625,-0.014125,0.));
#5140=CARTESIAN_POINT('',(0.04625,-0.016125,0.000692820323027549));
#5141=CARTESIAN_POINT('',(0.04625,-0.002625,0.));
#5142=CARTESIAN_POINT('',(0.04625,-0.00102500000000002,0.));
#5143=CARTESIAN_POINT('',(0.0623125,-0.016125,0.000692820323027549));
#5144=CARTESIAN_POINT('',(0.078375,-0.016125,0.000692820323027549));
#5145=CARTESIAN_POINT('',(0.,-0.00102500000000002,0.));
#5146=CARTESIAN_POINT('',(0.078375,-0.00102500000000002,0.));
#5147=CARTESIAN_POINT('',(0.078375,-0.014125,0.));
#5148=CARTESIAN_POINT('',(0.080375,-0.014125,0.000692820323027549));
#5149=CARTESIAN_POINT('',(0.078375,-0.002625,0.));
#5150=CARTESIAN_POINT('',(0.079975,-0.002625,0.));
#5151=CARTESIAN_POINT('',(0.080375,-0.008375,0.000692820323027549));
#5152=CARTESIAN_POINT('',(0.,0.,0.));
#5153=CARTESIAN_POINT('',(0.035875,-0.025125,0.00975));
#5154=CARTESIAN_POINT('',(0.035875,-0.0251250000000009,0.003375));
#5155=CARTESIAN_POINT('',(0.035875,-0.0251250000000009,0.00075));
#5156=CARTESIAN_POINT('',(0.035875,-0.019375,0.00975));
#5157=CARTESIAN_POINT('',(0.035875,-0.019375,0.00975));
#5158=CARTESIAN_POINT('',(0.035875,-0.019375,0.000692820323027549));
#5159=CARTESIAN_POINT('',(0.035875,-0.030875,0.000692820323027549));
#5160=CARTESIAN_POINT('',(0.035875,-0.030875,0.000692820323027549));
#5161=CARTESIAN_POINT('',(0.035875,-0.030875,0.00975));
#5162=CARTESIAN_POINT('',(0.035875,-0.030875,0.00975));
#5163=CARTESIAN_POINT('',(0.035875,-0.025125,0.00975));
#5164=CARTESIAN_POINT('',(0.058125,-0.032875,0.00975));
#5165=CARTESIAN_POINT('',(0.037875,-0.032875,0.));
#5166=CARTESIAN_POINT('',(0.037875,-0.032875,0.00975));
#5167=CARTESIAN_POINT('',(0.037875,-0.032875,0.000692820323027549));
#5168=CARTESIAN_POINT('',(0.058125,-0.032875,0.000692820323027549));
#5169=CARTESIAN_POINT('',(0.078375,-0.032875,0.000692820323027549));
#5170=CARTESIAN_POINT('',(0.078375,-0.032875,0.00975));
#5171=CARTESIAN_POINT('',(0.078375,-0.032875,0.00975));
#5172=CARTESIAN_POINT('',(0.058125,-0.032875,0.00975));
#5173=CARTESIAN_POINT('',(0.080375,-0.025125,0.00975));
#5174=CARTESIAN_POINT('',(0.080375,-0.0251250000000009,0.003375));
#5175=CARTESIAN_POINT('',(0.080375,-0.0251250000000009,0.00075));
#5176=CARTESIAN_POINT('',(0.080375,-0.030875,0.00975));
#5177=CARTESIAN_POINT('',(0.080375,-0.030875,0.00975));
#5178=CARTESIAN_POINT('',(0.080375,-0.030875,0.000692820323027549));
#5179=CARTESIAN_POINT('',(0.080375,-0.025125,0.000692820323027549));
#5180=CARTESIAN_POINT('',(0.080375,-0.019375,0.000692820323027549));
#5181=CARTESIAN_POINT('',(0.080375,-0.019375,0.00975));
#5182=CARTESIAN_POINT('',(0.080375,-0.019375,0.00975));
#5183=CARTESIAN_POINT('',(0.080375,-0.025125,0.00975));
#5184=CARTESIAN_POINT('',(0.058125,-0.017375,0.00975));
#5185=CARTESIAN_POINT('',(0.078375,-0.017375,0.));
#5186=CARTESIAN_POINT('',(0.078375,-0.017375,0.00975));
#5187=CARTESIAN_POINT('',(0.078375,-0.017375,0.000692820323027549));
#5188=CARTESIAN_POINT('',(0.037875,-0.017375,0.000692820323027549));
#5189=CARTESIAN_POINT('',(0.037875,-0.017375,0.000692820323027549));
#5190=CARTESIAN_POINT('',(0.037875,-0.017375,0.00975));
#5191=CARTESIAN_POINT('',(0.037875,-0.017375,0.00975));
#5192=CARTESIAN_POINT('',(0.058125,-0.017375,0.00975));
#5193=CARTESIAN_POINT('',(0.,-6.93889390390723E-18,0.00975));
#5194=CARTESIAN_POINT('',(0.037875,-0.019375,0.00975));
#5195=CARTESIAN_POINT('',(0.037875,-0.030875,0.00975));
#5196=CARTESIAN_POINT('',(0.078375,-0.030875,0.00975));
#5197=CARTESIAN_POINT('',(0.078375,-0.019375,0.00975));
#5198=CARTESIAN_POINT('',(0.,-6.93889390390723E-18,0.));
#5199=CARTESIAN_POINT('',(0.078375,-0.019375,0.));
#5200=CARTESIAN_POINT('',(0.078375,-0.017775,0.));
#5201=CARTESIAN_POINT('',(0.079975,-0.019375,0.));
#5202=CARTESIAN_POINT('',(0.079975,-6.93889390390723E-18,0.));
#5203=CARTESIAN_POINT('',(0.079975,-0.030875,0.));
#5204=CARTESIAN_POINT('',(0.078375,-0.030875,0.));
#5205=CARTESIAN_POINT('',(0.078375,-0.032475,0.));
#5206=CARTESIAN_POINT('',(0.,-0.032475,0.));
#5207=CARTESIAN_POINT('',(0.037875,-0.032475,0.));
#5208=CARTESIAN_POINT('',(0.037875,-0.030875,0.));
#5209=CARTESIAN_POINT('',(0.036275,-0.030875,0.));
#5210=CARTESIAN_POINT('',(0.036275,-0.019375,0.));
#5211=CARTESIAN_POINT('',(0.036275,-0.019375,0.));
#5212=CARTESIAN_POINT('',(0.037875,-0.019375,0.));
#5213=CARTESIAN_POINT('',(0.037875,-0.017775,0.));
#5214=CARTESIAN_POINT('',(0.078375,-0.017775,0.));
#5215=CARTESIAN_POINT('',(0.079125,-0.0251250000000009,0.003375));
#5216=CARTESIAN_POINT('',(0.079125,-0.0251250000000009,0.003375));
#5217=CARTESIAN_POINT('',(0.079125,-0.0251250000000009,0.00075));
#5218=CARTESIAN_POINT('',(0.079125,-0.00581250000000132,0.004875));
#5219=CARTESIAN_POINT('',(0.037125,-0.0251250000000009,0.003375));
#5220=CARTESIAN_POINT('',(0.037125,-0.0251250000000009,0.003375));
#5221=CARTESIAN_POINT('',(0.037125,-0.0251250000000009,0.00075));
#5222=CARTESIAN_POINT('',(0.037125,-0.00581250000000132,0.004875));
#5223=CARTESIAN_POINT('',(0.037875,-0.019375,0.00975));
#5224=CARTESIAN_POINT('',(0.037875,-0.019375,0.000692820323027549));
#5225=CARTESIAN_POINT('',(0.078375,-0.019375,0.00975));
#5226=CARTESIAN_POINT('',(0.078375,-0.019375,0.000692820323027549));
#5227=CARTESIAN_POINT('',(0.078375,-0.030875,0.00975));
#5228=CARTESIAN_POINT('',(0.078375,-0.030875,0.000692820323027549));
#5229=CARTESIAN_POINT('',(0.037875,-0.030875,0.00975));
#5230=CARTESIAN_POINT('',(0.037875,-0.030875,0.000692820323027549));
#5231=CARTESIAN_POINT('',(0.036275,-6.93889390390723E-18,0.));
#5232=CARTESIAN_POINT('',(0.036275,-0.019375,0.));
#5233=CARTESIAN_POINT('',(0.035875,-0.030875,0.000692820323027549));
#5234=CARTESIAN_POINT('',(0.037875,-0.030875,0.));
#5235=CARTESIAN_POINT('',(0.037875,-0.032875,0.000692820323027549));
#5236=CARTESIAN_POINT('',(0.037875,-0.019375,0.));
#5237=CARTESIAN_POINT('',(0.037875,-0.017775,0.));
#5238=CARTESIAN_POINT('',(0.058125,-0.032875,0.000692820323027549));
#5239=CARTESIAN_POINT('',(0.078375,-0.032875,0.000692820323027549));
#5240=CARTESIAN_POINT('',(0.,-0.017775,0.));
#5241=CARTESIAN_POINT('',(0.078375,-0.017775,0.));
#5242=CARTESIAN_POINT('',(0.078375,-0.030875,0.));
#5243=CARTESIAN_POINT('',(0.080375,-0.030875,0.000692820323027549));
#5244=CARTESIAN_POINT('',(0.078375,-0.019375,0.));
#5245=CARTESIAN_POINT('',(0.079975,-0.019375,0.));
#5246=CARTESIAN_POINT('',(0.080375,-0.025125,0.000692820323027549));
#5247=MECHANICAL_DESIGN_GEOMETRIC_PRESENTATION_REPRESENTATION('',(#2989),
#5256);
#5248=MECHANICAL_DESIGN_GEOMETRIC_PRESENTATION_REPRESENTATION('',(#2990),
#5257);
#5249=MECHANICAL_DESIGN_GEOMETRIC_PRESENTATION_REPRESENTATION('',(#2991),
#5258);
#5250=MECHANICAL_DESIGN_GEOMETRIC_PRESENTATION_REPRESENTATION('',(#2992),
#5259);
#5251=MECHANICAL_DESIGN_GEOMETRIC_PRESENTATION_REPRESENTATION('',(#2993),
#5260);
#5252=MECHANICAL_DESIGN_GEOMETRIC_PRESENTATION_REPRESENTATION('',(#2994),
#5261);
#5253=MECHANICAL_DESIGN_GEOMETRIC_PRESENTATION_REPRESENTATION('',(#2995),
#5262);
#5254=MECHANICAL_DESIGN_GEOMETRIC_PRESENTATION_REPRESENTATION('',(#2996),
#5263);
#5255=MECHANICAL_DESIGN_GEOMETRIC_PRESENTATION_REPRESENTATION('',(#2997),
#5264);
#5256=(
GEOMETRIC_REPRESENTATION_CONTEXT(3)
GLOBAL_UNCERTAINTY_ASSIGNED_CONTEXT((#5265))
GLOBAL_UNIT_ASSIGNED_CONTEXT((#5292,#5283,#5274))
REPRESENTATION_CONTEXT('keyBasic','TOP_LEVEL_ASSEMBLY_PART')
);
#5257=(
GEOMETRIC_REPRESENTATION_CONTEXT(3)
GLOBAL_UNCERTAINTY_ASSIGNED_CONTEXT((#5266))
GLOBAL_UNIT_ASSIGNED_CONTEXT((#5293,#5284,#5275))
REPRESENTATION_CONTEXT('keyShft','TOP_LEVEL_ASSEMBLY_PART')
);
#5258=(
GEOMETRIC_REPRESENTATION_CONTEXT(3)
GLOBAL_UNCERTAINTY_ASSIGNED_CONTEXT((#5267))
GLOBAL_UNIT_ASSIGNED_CONTEXT((#5294,#5285,#5276))
REPRESENTATION_CONTEXT('keyTab','TOP_LEVEL_ASSEMBLY_PART')
);
#5259=(
GEOMETRIC_REPRESENTATION_CONTEXT(3)
GLOBAL_UNCERTAINTY_ASSIGNED_CONTEXT((#5268))
GLOBAL_UNIT_ASSIGNED_CONTEXT((#5295,#5286,#5277))
REPRESENTATION_CONTEXT('keyCaps','TOP_LEVEL_ASSEMBLY_PART')
);
#5260=(
GEOMETRIC_REPRESENTATION_CONTEXT(3)
GLOBAL_UNCERTAINTY_ASSIGNED_CONTEXT((#5269))
GLOBAL_UNIT_ASSIGNED_CONTEXT((#5296,#5287,#5278))
REPRESENTATION_CONTEXT('kayShl','TOP_LEVEL_ASSEMBLY_PART')
);
#5261=(
GEOMETRIC_REPRESENTATION_CONTEXT(3)
GLOBAL_UNCERTAINTY_ASSIGNED_CONTEXT((#5270))
GLOBAL_UNIT_ASSIGNED_CONTEXT((#5297,#5288,#5279))
REPRESENTATION_CONTEXT('keyMod','TOP_LEVEL_ASSEMBLY_PART')
);
#5262=(
GEOMETRIC_REPRESENTATION_CONTEXT(3)
GLOBAL_UNCERTAINTY_ASSIGNED_CONTEXT((#5271))
GLOBAL_UNIT_ASSIGNED_CONTEXT((#5298,#5289,#5280))
REPRESENTATION_CONTEXT('keyDel','TOP_LEVEL_ASSEMBLY_PART')
);
#5263=(
GEOMETRIC_REPRESENTATION_CONTEXT(3)
GLOBAL_UNCERTAINTY_ASSIGNED_CONTEXT((#5272))
GLOBAL_UNIT_ASSIGNED_CONTEXT((#5299,#5290,#5281))
REPRESENTATION_CONTEXT('keyEnt','TOP_LEVEL_ASSEMBLY_PART')
);
#5264=(
GEOMETRIC_REPRESENTATION_CONTEXT(3)
GLOBAL_UNCERTAINTY_ASSIGNED_CONTEXT((#5273))
GLOBAL_UNIT_ASSIGNED_CONTEXT((#5300,#5291,#5282))
REPRESENTATION_CONTEXT('keyShr','TOP_LEVEL_ASSEMBLY_PART')
);
#5265=UNCERTAINTY_MEASURE_WITH_UNIT(LENGTH_MEASURE(1.E-8),#5292,
'DISTANCE_ACCURACY_VALUE','Maximum Tolerance applied to model');
#5266=UNCERTAINTY_MEASURE_WITH_UNIT(LENGTH_MEASURE(1.E-8),#5293,
'DISTANCE_ACCURACY_VALUE','Maximum Tolerance applied to model');
#5267=UNCERTAINTY_MEASURE_WITH_UNIT(LENGTH_MEASURE(1.E-8),#5294,
'DISTANCE_ACCURACY_VALUE','Maximum Tolerance applied to model');
#5268=UNCERTAINTY_MEASURE_WITH_UNIT(LENGTH_MEASURE(1.E-8),#5295,
'DISTANCE_ACCURACY_VALUE','Maximum Tolerance applied to model');
#5269=UNCERTAINTY_MEASURE_WITH_UNIT(LENGTH_MEASURE(1.E-8),#5296,
'DISTANCE_ACCURACY_VALUE','Maximum Tolerance applied to model');
#5270=UNCERTAINTY_MEASURE_WITH_UNIT(LENGTH_MEASURE(1.E-8),#5297,
'DISTANCE_ACCURACY_VALUE','Maximum Tolerance applied to model');
#5271=UNCERTAINTY_MEASURE_WITH_UNIT(LENGTH_MEASURE(1.E-8),#5298,
'DISTANCE_ACCURACY_VALUE','Maximum Tolerance applied to model');
#5272=UNCERTAINTY_MEASURE_WITH_UNIT(LENGTH_MEASURE(1.E-8),#5299,
'DISTANCE_ACCURACY_VALUE','Maximum Tolerance applied to model');
#5273=UNCERTAINTY_MEASURE_WITH_UNIT(LENGTH_MEASURE(1.E-8),#5300,
'DISTANCE_ACCURACY_VALUE','Maximum Tolerance applied to model');
#5274=(
NAMED_UNIT(*)
SI_UNIT($,.STERADIAN.)
SOLID_ANGLE_UNIT()
);
#5275=(
NAMED_UNIT(*)
SI_UNIT($,.STERADIAN.)
SOLID_ANGLE_UNIT()
);
#5276=(
NAMED_UNIT(*)
SI_UNIT($,.STERADIAN.)
SOLID_ANGLE_UNIT()
);
#5277=(
NAMED_UNIT(*)
SI_UNIT($,.STERADIAN.)
SOLID_ANGLE_UNIT()
);
#5278=(
NAMED_UNIT(*)
SI_UNIT($,.STERADIAN.)
SOLID_ANGLE_UNIT()
);
#5279=(
NAMED_UNIT(*)
SI_UNIT($,.STERADIAN.)
SOLID_ANGLE_UNIT()
);
#5280=(
NAMED_UNIT(*)
SI_UNIT($,.STERADIAN.)
SOLID_ANGLE_UNIT()
);
#5281=(
NAMED_UNIT(*)
SI_UNIT($,.STERADIAN.)
SOLID_ANGLE_UNIT()
);
#5282=(
NAMED_UNIT(*)
SI_UNIT($,.STERADIAN.)
SOLID_ANGLE_UNIT()
);
#5283=(
NAMED_UNIT(*)
PLANE_ANGLE_UNIT()
SI_UNIT($,.RADIAN.)
);
#5284=(
NAMED_UNIT(*)
PLANE_ANGLE_UNIT()
SI_UNIT($,.RADIAN.)
);
#5285=(
NAMED_UNIT(*)
PLANE_ANGLE_UNIT()
SI_UNIT($,.RADIAN.)
);
#5286=(
NAMED_UNIT(*)
PLANE_ANGLE_UNIT()
SI_UNIT($,.RADIAN.)
);
#5287=(
NAMED_UNIT(*)
PLANE_ANGLE_UNIT()
SI_UNIT($,.RADIAN.)
);
#5288=(
NAMED_UNIT(*)
PLANE_ANGLE_UNIT()
SI_UNIT($,.RADIAN.)
);
#5289=(
NAMED_UNIT(*)
PLANE_ANGLE_UNIT()
SI_UNIT($,.RADIAN.)
);
#5290=(
NAMED_UNIT(*)
PLANE_ANGLE_UNIT()
SI_UNIT($,.RADIAN.)
);
#5291=(
NAMED_UNIT(*)
PLANE_ANGLE_UNIT()
SI_UNIT($,.RADIAN.)
);
#5292=(
LENGTH_UNIT()
NAMED_UNIT(*)
SI_UNIT($,.METRE.)
);
#5293=(
LENGTH_UNIT()
NAMED_UNIT(*)
SI_UNIT($,.METRE.)
);
#5294=(
LENGTH_UNIT()
NAMED_UNIT(*)
SI_UNIT($,.METRE.)
);
#5295=(
LENGTH_UNIT()
NAMED_UNIT(*)
SI_UNIT($,.METRE.)
);
#5296=(
LENGTH_UNIT()
NAMED_UNIT(*)
SI_UNIT($,.METRE.)
);
#5297=(
LENGTH_UNIT()
NAMED_UNIT(*)
SI_UNIT($,.METRE.)
);
#5298=(
LENGTH_UNIT()
NAMED_UNIT(*)
SI_UNIT($,.METRE.)
);
#5299=(
LENGTH_UNIT()
NAMED_UNIT(*)
SI_UNIT($,.METRE.)
);
#5300=(
LENGTH_UNIT()
NAMED_UNIT(*)
SI_UNIT($,.METRE.)
);
#5301=PRODUCT_DEFINITION_SHAPE('','',#5310);
#5302=PRODUCT_DEFINITION_SHAPE('','',#5311);
#5303=PRODUCT_DEFINITION_SHAPE('','',#5312);
#5304=PRODUCT_DEFINITION_SHAPE('','',#5313);
#5305=PRODUCT_DEFINITION_SHAPE('','',#5314);
#5306=PRODUCT_DEFINITION_SHAPE('','',#5315);
#5307=PRODUCT_DEFINITION_SHAPE('','',#5316);
#5308=PRODUCT_DEFINITION_SHAPE('','',#5317);
#5309=PRODUCT_DEFINITION_SHAPE('','',#5318);
#5310=PRODUCT_DEFINITION('','',#5328,#5319);
#5311=PRODUCT_DEFINITION('','',#5329,#5320);
#5312=PRODUCT_DEFINITION('','',#5330,#5321);
#5313=PRODUCT_DEFINITION('','',#5331,#5322);
#5314=PRODUCT_DEFINITION('','',#5332,#5323);
#5315=PRODUCT_DEFINITION('','',#5333,#5324);
#5316=PRODUCT_DEFINITION('','',#5334,#5325);
#5317=PRODUCT_DEFINITION('','',#5335,#5326);
#5318=PRODUCT_DEFINITION('','',#5336,#5327);
#5319=PRODUCT_DEFINITION_CONTEXT('',#5382,'design');
#5320=PRODUCT_DEFINITION_CONTEXT('',#5383,'design');
#5321=PRODUCT_DEFINITION_CONTEXT('',#5384,'design');
#5322=PRODUCT_DEFINITION_CONTEXT('',#5385,'design');
#5323=PRODUCT_DEFINITION_CONTEXT('',#5386,'design');
#5324=PRODUCT_DEFINITION_CONTEXT('',#5387,'design');
#5325=PRODUCT_DEFINITION_CONTEXT('',#5388,'design');
#5326=PRODUCT_DEFINITION_CONTEXT('',#5389,'design');
#5327=PRODUCT_DEFINITION_CONTEXT('',#5390,'design');
#5328=PRODUCT_DEFINITION_FORMATION_WITH_SPECIFIED_SOURCE('','',#5346,
 .NOT_KNOWN.);
#5329=PRODUCT_DEFINITION_FORMATION_WITH_SPECIFIED_SOURCE('','',#5347,
 .NOT_KNOWN.);
#5330=PRODUCT_DEFINITION_FORMATION_WITH_SPECIFIED_SOURCE('','',#5348,
 .NOT_KNOWN.);
#5331=PRODUCT_DEFINITION_FORMATION_WITH_SPECIFIED_SOURCE('','',#5349,
 .NOT_KNOWN.);
#5332=PRODUCT_DEFINITION_FORMATION_WITH_SPECIFIED_SOURCE('','',#5350,
 .NOT_KNOWN.);
#5333=PRODUCT_DEFINITION_FORMATION_WITH_SPECIFIED_SOURCE('','',#5351,
 .NOT_KNOWN.);
#5334=PRODUCT_DEFINITION_FORMATION_WITH_SPECIFIED_SOURCE('','',#5352,
 .NOT_KNOWN.);
#5335=PRODUCT_DEFINITION_FORMATION_WITH_SPECIFIED_SOURCE('','',#5353,
 .NOT_KNOWN.);
#5336=PRODUCT_DEFINITION_FORMATION_WITH_SPECIFIED_SOURCE('','',#5354,
 .NOT_KNOWN.);
#5337=PRODUCT_RELATED_PRODUCT_CATEGORY('','',(#5346));
#5338=PRODUCT_RELATED_PRODUCT_CATEGORY('','',(#5347));
#5339=PRODUCT_RELATED_PRODUCT_CATEGORY('','',(#5348));
#5340=PRODUCT_RELATED_PRODUCT_CATEGORY('','',(#5349));
#5341=PRODUCT_RELATED_PRODUCT_CATEGORY('','',(#5350));
#5342=PRODUCT_RELATED_PRODUCT_CATEGORY('','',(#5351));
#5343=PRODUCT_RELATED_PRODUCT_CATEGORY('','',(#5352));
#5344=PRODUCT_RELATED_PRODUCT_CATEGORY('','',(#5353));
#5345=PRODUCT_RELATED_PRODUCT_CATEGORY('','',(#5354));
#5346=PRODUCT('keyBasic','keyBasic','keyBasic',(#5364));
#5347=PRODUCT('keyShft','keyShft','keyShft',(#5365));
#5348=PRODUCT('keyTab','keyTab','keyTab',(#5366));
#5349=PRODUCT('keyCaps','keyCaps','keyCaps',(#5367));
#5350=PRODUCT('kayShl','kayShl','kayShl',(#5368));
#5351=PRODUCT('keyMod','keyMod','keyMod',(#5369));
#5352=PRODUCT('keyDel','keyDel','keyDel',(#5370));
#5353=PRODUCT('keyEnt','keyEnt','keyEnt',(#5371));
#5354=PRODUCT('keyShr','keyShr','keyShr',(#5372));
#5355=PRODUCT_CATEGORY('','');
#5356=PRODUCT_CATEGORY('','');
#5357=PRODUCT_CATEGORY('','');
#5358=PRODUCT_CATEGORY('','');
#5359=PRODUCT_CATEGORY('','');
#5360=PRODUCT_CATEGORY('','');
#5361=PRODUCT_CATEGORY('','');
#5362=PRODUCT_CATEGORY('','');
#5363=PRODUCT_CATEGORY('','');
#5364=PRODUCT_CONTEXT('',#5382,'mechanical');
#5365=PRODUCT_CONTEXT('',#5383,'mechanical');
#5366=PRODUCT_CONTEXT('',#5384,'mechanical');
#5367=PRODUCT_CONTEXT('',#5385,'mechanical');
#5368=PRODUCT_CONTEXT('',#5386,'mechanical');
#5369=PRODUCT_CONTEXT('',#5387,'mechanical');
#5370=PRODUCT_CONTEXT('',#5388,'mechanical');
#5371=PRODUCT_CONTEXT('',#5389,'mechanical');
#5372=PRODUCT_CONTEXT('',#5390,'mechanical');
#5373=APPLICATION_PROTOCOL_DEFINITION('international standard',
'ap242_managed_model_based_3d_engineering',2011,#5382);
#5374=APPLICATION_PROTOCOL_DEFINITION('international standard',
'ap242_managed_model_based_3d_engineering',2011,#5383);
#5375=APPLICATION_PROTOCOL_DEFINITION('international standard',
'ap242_managed_model_based_3d_engineering',2011,#5384);
#5376=APPLICATION_PROTOCOL_DEFINITION('international standard',
'ap242_managed_model_based_3d_engineering',2011,#5385);
#5377=APPLICATION_PROTOCOL_DEFINITION('international standard',
'ap242_managed_model_based_3d_engineering',2011,#5386);
#5378=APPLICATION_PROTOCOL_DEFINITION('international standard',
'ap242_managed_model_based_3d_engineering',2011,#5387);
#5379=APPLICATION_PROTOCOL_DEFINITION('international standard',
'ap242_managed_model_based_3d_engineering',2011,#5388);
#5380=APPLICATION_PROTOCOL_DEFINITION('international standard',
'ap242_managed_model_based_3d_engineering',2011,#5389);
#5381=APPLICATION_PROTOCOL_DEFINITION('international standard',
'ap242_managed_model_based_3d_engineering',2011,#5390);
#5382=APPLICATION_CONTEXT('managed model based 3d engineering');
#5383=APPLICATION_CONTEXT('managed model based 3d engineering');
#5384=APPLICATION_CONTEXT('managed model based 3d engineering');
#5385=APPLICATION_CONTEXT('managed model based 3d engineering');
#5386=APPLICATION_CONTEXT('managed model based 3d engineering');
#5387=APPLICATION_CONTEXT('managed model based 3d engineering');
#5388=APPLICATION_CONTEXT('managed model based 3d engineering');
#5389=APPLICATION_CONTEXT('managed model based 3d engineering');
#5390=APPLICATION_CONTEXT('managed model based 3d engineering');
ENDSEC;
END-ISO-10303-21;
