ISO-10303-21;
HEADER;
/* Generated by software containing ST-Developer
 * from STEP Tools, Inc. (www.steptools.com) 
 */
/* OPTION: using custom renumber hook */

FILE_DESCRIPTION(
/* description */ ('STEP AP242',
'CAx-IF Rec.Pracs.---Representation and Presentation of Product Manufa
cturing Information (PMI)---4.0---2014-10-13',
'CAx-IF Rec.Pracs.---3D Tessellated Geometry---0.4---2014-09-14','2;1',
'CAx-IF Rec.Pracs.---User Defined Attributes---1.5---2016-08-15'),
/* implementation_level */ '2;1');

FILE_NAME(
/* name */ '691887c9a077bfb3025e9854',
/* time_stamp */ '2025-11-15T14:01:46Z',
/* author */ (''),
/* organization */ (''),
/* preprocessor_version */ 'ST-DEVELOPER v20',
/* originating_system */ 'ONSHAPE BY PTC INC, 1.206',
/* authorisation */ '  ');

FILE_SCHEMA (('AP242_MANAGED_MODEL_BASED_3D_ENGINEERING_MIM_LF { 1 0 10303 442 1 1 4 }'));
ENDSEC;

DATA;
#10=SHAPE_REPRESENTATION_RELATIONSHIP('','',#1585,#15);
#11=SHAPE_REPRESENTATION_RELATIONSHIP('','',#1586,#16);
#12=SHAPE_REPRESENTATION_RELATIONSHIP('','',#1587,#17);
#13=SHAPE_REPRESENTATION_RELATIONSHIP('','',#1588,#18);
#14=SHAPE_REPRESENTATION_RELATIONSHIP('','',#1589,#19);
#15=ADVANCED_BREP_SHAPE_REPRESENTATION('',(#1575),#2642);
#16=ADVANCED_BREP_SHAPE_REPRESENTATION('',(#1576),#2643);
#17=ADVANCED_BREP_SHAPE_REPRESENTATION('',(#1577),#2644);
#18=ADVANCED_BREP_SHAPE_REPRESENTATION('',(#1578),#2645);
#19=ADVANCED_BREP_SHAPE_REPRESENTATION('',(#1579),#2646);
#20=CYLINDRICAL_SURFACE('',#1638,0.00275);
#21=CYLINDRICAL_SURFACE('',#1641,0.00275);
#22=CYLINDRICAL_SURFACE('',#1644,0.00275);
#23=CYLINDRICAL_SURFACE('',#1647,0.00275);
#24=CYLINDRICAL_SURFACE('',#1650,0.00275);
#25=CYLINDRICAL_SURFACE('',#1653,0.00275);
#26=CYLINDRICAL_SURFACE('',#1656,0.00275);
#27=CYLINDRICAL_SURFACE('',#1659,0.00275);
#28=CYLINDRICAL_SURFACE('',#1662,0.00275);
#29=CYLINDRICAL_SURFACE('',#1665,0.00275);
#30=CYLINDRICAL_SURFACE('',#1668,0.00275);
#31=CYLINDRICAL_SURFACE('',#1671,0.00275);
#32=CYLINDRICAL_SURFACE('',#1674,0.00275);
#33=CYLINDRICAL_SURFACE('',#1677,0.00275);
#34=CYLINDRICAL_SURFACE('',#1680,0.00275);
#35=CYLINDRICAL_SURFACE('',#1683,0.00275);
#36=CYLINDRICAL_SURFACE('',#1686,0.00275);
#37=CYLINDRICAL_SURFACE('',#1689,0.00275);
#38=CYLINDRICAL_SURFACE('',#1692,0.00275);
#39=CYLINDRICAL_SURFACE('',#1695,0.00275);
#40=CYLINDRICAL_SURFACE('',#1698,0.00275);
#41=CYLINDRICAL_SURFACE('',#1701,0.00275);
#42=CYLINDRICAL_SURFACE('',#1704,0.00275);
#43=CYLINDRICAL_SURFACE('',#1718,0.013);
#44=CYLINDRICAL_SURFACE('',#1719,0.004);
#45=CYLINDRICAL_SURFACE('',#1737,0.004);
#46=CYLINDRICAL_SURFACE('',#1746,0.013);
#47=ELLIPSE('',#1598,0.0106251840891798,0.00275);
#48=ELLIPSE('',#1599,0.0106251840891798,0.00275);
#49=ELLIPSE('',#1600,0.0106251840891798,0.00275);
#50=ELLIPSE('',#1601,0.0106251840891798,0.00275);
#51=ELLIPSE('',#1602,0.0106251840891798,0.00275);
#52=ELLIPSE('',#1603,0.0106251840891798,0.00275);
#53=ELLIPSE('',#1604,0.0106251840891798,0.00275);
#54=ELLIPSE('',#1605,0.0106251840891798,0.00275);
#55=ELLIPSE('',#1606,0.0106251840891798,0.00275);
#56=ELLIPSE('',#1607,0.0106251840891798,0.00275);
#57=ELLIPSE('',#1608,0.0106251840891798,0.00275);
#58=CIRCLE('',#1592,0.00275);
#59=CIRCLE('',#1593,0.00275);
#60=CIRCLE('',#1594,0.00275);
#61=CIRCLE('',#1595,0.00275);
#62=CIRCLE('',#1596,0.00275);
#63=CIRCLE('',#1615,0.00275);
#64=CIRCLE('',#1616,0.00275);
#65=CIRCLE('',#1617,0.00275);
#66=CIRCLE('',#1618,0.00275);
#67=CIRCLE('',#1619,0.00275);
#68=CIRCLE('',#1620,0.00275);
#69=CIRCLE('',#1621,0.00275);
#70=CIRCLE('',#1622,0.00275);
#71=CIRCLE('',#1623,0.00275);
#72=CIRCLE('',#1624,0.00275);
#73=CIRCLE('',#1625,0.00275);
#74=CIRCLE('',#1629,0.00275);
#75=CIRCLE('',#1630,0.00275);
#76=CIRCLE('',#1631,0.00275);
#77=CIRCLE('',#1632,0.00275);
#78=CIRCLE('',#1633,0.00275);
#79=CIRCLE('',#1634,0.00275);
#80=CIRCLE('',#1635,0.00275);
#81=CIRCLE('',#1639,0.00275);
#82=CIRCLE('',#1642,0.00275);
#83=CIRCLE('',#1645,0.00275);
#84=CIRCLE('',#1648,0.00275);
#85=CIRCLE('',#1651,0.00275);
#86=CIRCLE('',#1654,0.00275);
#87=CIRCLE('',#1657,0.00275);
#88=CIRCLE('',#1660,0.00275);
#89=CIRCLE('',#1663,0.00275);
#90=CIRCLE('',#1666,0.00275);
#91=CIRCLE('',#1669,0.00275);
#92=CIRCLE('',#1672,0.00275);
#93=CIRCLE('',#1675,0.00275);
#94=CIRCLE('',#1678,0.00275);
#95=CIRCLE('',#1681,0.00275);
#96=CIRCLE('',#1684,0.00275);
#97=CIRCLE('',#1687,0.00275);
#98=CIRCLE('',#1690,0.00275);
#99=CIRCLE('',#1693,0.00275);
#100=CIRCLE('',#1696,0.00275);
#101=CIRCLE('',#1699,0.00275);
#102=CIRCLE('',#1702,0.00275);
#103=CIRCLE('',#1705,0.00275);
#104=CIRCLE('',#1713,0.013);
#105=CIRCLE('',#1714,0.004);
#106=CIRCLE('',#1716,0.013);
#107=CIRCLE('',#1717,0.004);
#108=CIRCLE('',#1738,0.004);
#109=CIRCLE('',#1739,0.004);
#110=CIRCLE('',#1747,0.013);
#111=CIRCLE('',#1748,0.013);
#112=ORIENTED_EDGE('',*,*,#488,.F.);
#113=ORIENTED_EDGE('',*,*,#489,.F.);
#114=ORIENTED_EDGE('',*,*,#490,.T.);
#115=ORIENTED_EDGE('',*,*,#491,.F.);
#116=ORIENTED_EDGE('',*,*,#492,.T.);
#117=ORIENTED_EDGE('',*,*,#493,.T.);
#118=ORIENTED_EDGE('',*,*,#494,.T.);
#119=ORIENTED_EDGE('',*,*,#495,.T.);
#120=ORIENTED_EDGE('',*,*,#496,.T.);
#121=ORIENTED_EDGE('',*,*,#497,.F.);
#122=ORIENTED_EDGE('',*,*,#498,.F.);
#123=ORIENTED_EDGE('',*,*,#499,.F.);
#124=ORIENTED_EDGE('',*,*,#500,.F.);
#125=ORIENTED_EDGE('',*,*,#501,.F.);
#126=ORIENTED_EDGE('',*,*,#502,.F.);
#127=ORIENTED_EDGE('',*,*,#503,.F.);
#128=ORIENTED_EDGE('',*,*,#497,.T.);
#129=ORIENTED_EDGE('',*,*,#504,.F.);
#130=ORIENTED_EDGE('',*,*,#505,.T.);
#131=ORIENTED_EDGE('',*,*,#506,.T.);
#132=ORIENTED_EDGE('',*,*,#491,.T.);
#133=ORIENTED_EDGE('',*,*,#507,.T.);
#134=ORIENTED_EDGE('',*,*,#508,.T.);
#135=ORIENTED_EDGE('',*,*,#509,.F.);
#136=ORIENTED_EDGE('',*,*,#510,.T.);
#137=ORIENTED_EDGE('',*,*,#511,.F.);
#138=ORIENTED_EDGE('',*,*,#512,.T.);
#139=ORIENTED_EDGE('',*,*,#513,.F.);
#140=ORIENTED_EDGE('',*,*,#514,.T.);
#141=ORIENTED_EDGE('',*,*,#515,.F.);
#142=ORIENTED_EDGE('',*,*,#516,.T.);
#143=ORIENTED_EDGE('',*,*,#517,.F.);
#144=ORIENTED_EDGE('',*,*,#518,.T.);
#145=ORIENTED_EDGE('',*,*,#519,.F.);
#146=ORIENTED_EDGE('',*,*,#520,.T.);
#147=ORIENTED_EDGE('',*,*,#521,.F.);
#148=ORIENTED_EDGE('',*,*,#522,.T.);
#149=ORIENTED_EDGE('',*,*,#523,.F.);
#150=ORIENTED_EDGE('',*,*,#524,.T.);
#151=ORIENTED_EDGE('',*,*,#525,.F.);
#152=ORIENTED_EDGE('',*,*,#526,.T.);
#153=ORIENTED_EDGE('',*,*,#527,.F.);
#154=ORIENTED_EDGE('',*,*,#528,.T.);
#155=ORIENTED_EDGE('',*,*,#529,.F.);
#156=ORIENTED_EDGE('',*,*,#530,.T.);
#157=ORIENTED_EDGE('',*,*,#531,.F.);
#158=ORIENTED_EDGE('',*,*,#532,.F.);
#159=ORIENTED_EDGE('',*,*,#533,.F.);
#160=ORIENTED_EDGE('',*,*,#534,.T.);
#161=ORIENTED_EDGE('',*,*,#535,.T.);
#162=ORIENTED_EDGE('',*,*,#536,.T.);
#163=ORIENTED_EDGE('',*,*,#537,.F.);
#164=ORIENTED_EDGE('',*,*,#538,.F.);
#165=ORIENTED_EDGE('',*,*,#495,.F.);
#166=ORIENTED_EDGE('',*,*,#539,.T.);
#167=ORIENTED_EDGE('',*,*,#535,.F.);
#168=ORIENTED_EDGE('',*,*,#540,.T.);
#169=ORIENTED_EDGE('',*,*,#541,.T.);
#170=ORIENTED_EDGE('',*,*,#542,.T.);
#171=ORIENTED_EDGE('',*,*,#534,.F.);
#172=ORIENTED_EDGE('',*,*,#543,.F.);
#173=ORIENTED_EDGE('',*,*,#544,.T.);
#174=ORIENTED_EDGE('',*,*,#537,.T.);
#175=ORIENTED_EDGE('',*,*,#493,.F.);
#176=ORIENTED_EDGE('',*,*,#545,.F.);
#177=ORIENTED_EDGE('',*,*,#546,.F.);
#178=ORIENTED_EDGE('',*,*,#532,.T.);
#179=ORIENTED_EDGE('',*,*,#547,.F.);
#180=ORIENTED_EDGE('',*,*,#548,.F.);
#181=ORIENTED_EDGE('',*,*,#549,.F.);
#182=ORIENTED_EDGE('',*,*,#550,.F.);
#183=ORIENTED_EDGE('',*,*,#551,.F.);
#184=ORIENTED_EDGE('',*,*,#552,.F.);
#185=ORIENTED_EDGE('',*,*,#553,.F.);
#186=ORIENTED_EDGE('',*,*,#554,.F.);
#187=ORIENTED_EDGE('',*,*,#555,.F.);
#188=ORIENTED_EDGE('',*,*,#556,.F.);
#189=ORIENTED_EDGE('',*,*,#557,.F.);
#190=ORIENTED_EDGE('',*,*,#558,.F.);
#191=ORIENTED_EDGE('',*,*,#559,.F.);
#192=ORIENTED_EDGE('',*,*,#492,.F.);
#193=ORIENTED_EDGE('',*,*,#506,.F.);
#194=ORIENTED_EDGE('',*,*,#560,.F.);
#195=ORIENTED_EDGE('',*,*,#545,.T.);
#196=ORIENTED_EDGE('',*,*,#540,.F.);
#197=ORIENTED_EDGE('',*,*,#538,.T.);
#198=ORIENTED_EDGE('',*,*,#544,.F.);
#199=ORIENTED_EDGE('',*,*,#561,.F.);
#200=ORIENTED_EDGE('',*,*,#504,.T.);
#201=ORIENTED_EDGE('',*,*,#496,.F.);
#202=ORIENTED_EDGE('',*,*,#489,.T.);
#203=ORIENTED_EDGE('',*,*,#562,.T.);
#204=ORIENTED_EDGE('',*,*,#563,.F.);
#205=ORIENTED_EDGE('',*,*,#564,.F.);
#206=ORIENTED_EDGE('',*,*,#565,.T.);
#207=ORIENTED_EDGE('',*,*,#566,.T.);
#208=ORIENTED_EDGE('',*,*,#567,.T.);
#209=ORIENTED_EDGE('',*,*,#568,.T.);
#210=ORIENTED_EDGE('',*,*,#569,.T.);
#211=ORIENTED_EDGE('',*,*,#570,.T.);
#212=ORIENTED_EDGE('',*,*,#571,.T.);
#213=ORIENTED_EDGE('',*,*,#561,.T.);
#214=ORIENTED_EDGE('',*,*,#543,.T.);
#215=ORIENTED_EDGE('',*,*,#533,.T.);
#216=ORIENTED_EDGE('',*,*,#546,.T.);
#217=ORIENTED_EDGE('',*,*,#560,.T.);
#218=ORIENTED_EDGE('',*,*,#505,.F.);
#219=ORIENTED_EDGE('',*,*,#547,.T.);
#220=ORIENTED_EDGE('',*,*,#531,.T.);
#221=ORIENTED_EDGE('',*,*,#542,.F.);
#222=ORIENTED_EDGE('',*,*,#572,.F.);
#223=ORIENTED_EDGE('',*,*,#548,.T.);
#224=ORIENTED_EDGE('',*,*,#572,.T.);
#225=ORIENTED_EDGE('',*,*,#541,.F.);
#226=ORIENTED_EDGE('',*,*,#536,.F.);
#227=ORIENTED_EDGE('',*,*,#539,.F.);
#228=ORIENTED_EDGE('',*,*,#494,.F.);
#229=ORIENTED_EDGE('',*,*,#573,.T.);
#230=ORIENTED_EDGE('',*,*,#571,.F.);
#231=ORIENTED_EDGE('',*,*,#573,.F.);
#232=ORIENTED_EDGE('',*,*,#574,.T.);
#233=ORIENTED_EDGE('',*,*,#570,.F.);
#234=ORIENTED_EDGE('',*,*,#574,.F.);
#235=ORIENTED_EDGE('',*,*,#575,.T.);
#236=ORIENTED_EDGE('',*,*,#569,.F.);
#237=ORIENTED_EDGE('',*,*,#575,.F.);
#238=ORIENTED_EDGE('',*,*,#576,.T.);
#239=ORIENTED_EDGE('',*,*,#568,.F.);
#240=ORIENTED_EDGE('',*,*,#576,.F.);
#241=ORIENTED_EDGE('',*,*,#577,.T.);
#242=ORIENTED_EDGE('',*,*,#567,.F.);
#243=ORIENTED_EDGE('',*,*,#577,.F.);
#244=ORIENTED_EDGE('',*,*,#578,.T.);
#245=ORIENTED_EDGE('',*,*,#566,.F.);
#246=ORIENTED_EDGE('',*,*,#578,.F.);
#247=ORIENTED_EDGE('',*,*,#579,.T.);
#248=ORIENTED_EDGE('',*,*,#565,.F.);
#249=ORIENTED_EDGE('',*,*,#579,.F.);
#250=ORIENTED_EDGE('',*,*,#502,.T.);
#251=ORIENTED_EDGE('',*,*,#580,.T.);
#252=ORIENTED_EDGE('',*,*,#580,.F.);
#253=ORIENTED_EDGE('',*,*,#501,.T.);
#254=ORIENTED_EDGE('',*,*,#581,.T.);
#255=ORIENTED_EDGE('',*,*,#581,.F.);
#256=ORIENTED_EDGE('',*,*,#500,.T.);
#257=ORIENTED_EDGE('',*,*,#582,.T.);
#258=ORIENTED_EDGE('',*,*,#582,.F.);
#259=ORIENTED_EDGE('',*,*,#499,.T.);
#260=ORIENTED_EDGE('',*,*,#583,.T.);
#261=ORIENTED_EDGE('',*,*,#583,.F.);
#262=ORIENTED_EDGE('',*,*,#498,.T.);
#263=ORIENTED_EDGE('',*,*,#584,.T.);
#264=ORIENTED_EDGE('',*,*,#584,.F.);
#265=ORIENTED_EDGE('',*,*,#585,.T.);
#266=ORIENTED_EDGE('',*,*,#510,.F.);
#267=ORIENTED_EDGE('',*,*,#559,.T.);
#268=ORIENTED_EDGE('',*,*,#509,.T.);
#269=ORIENTED_EDGE('',*,*,#585,.F.);
#270=ORIENTED_EDGE('',*,*,#586,.T.);
#271=ORIENTED_EDGE('',*,*,#512,.F.);
#272=ORIENTED_EDGE('',*,*,#558,.T.);
#273=ORIENTED_EDGE('',*,*,#511,.T.);
#274=ORIENTED_EDGE('',*,*,#586,.F.);
#275=ORIENTED_EDGE('',*,*,#587,.T.);
#276=ORIENTED_EDGE('',*,*,#514,.F.);
#277=ORIENTED_EDGE('',*,*,#557,.T.);
#278=ORIENTED_EDGE('',*,*,#513,.T.);
#279=ORIENTED_EDGE('',*,*,#587,.F.);
#280=ORIENTED_EDGE('',*,*,#588,.T.);
#281=ORIENTED_EDGE('',*,*,#516,.F.);
#282=ORIENTED_EDGE('',*,*,#556,.T.);
#283=ORIENTED_EDGE('',*,*,#515,.T.);
#284=ORIENTED_EDGE('',*,*,#588,.F.);
#285=ORIENTED_EDGE('',*,*,#589,.T.);
#286=ORIENTED_EDGE('',*,*,#518,.F.);
#287=ORIENTED_EDGE('',*,*,#555,.T.);
#288=ORIENTED_EDGE('',*,*,#517,.T.);
#289=ORIENTED_EDGE('',*,*,#589,.F.);
#290=ORIENTED_EDGE('',*,*,#590,.T.);
#291=ORIENTED_EDGE('',*,*,#520,.F.);
#292=ORIENTED_EDGE('',*,*,#554,.T.);
#293=ORIENTED_EDGE('',*,*,#519,.T.);
#294=ORIENTED_EDGE('',*,*,#590,.F.);
#295=ORIENTED_EDGE('',*,*,#591,.T.);
#296=ORIENTED_EDGE('',*,*,#522,.F.);
#297=ORIENTED_EDGE('',*,*,#553,.T.);
#298=ORIENTED_EDGE('',*,*,#521,.T.);
#299=ORIENTED_EDGE('',*,*,#591,.F.);
#300=ORIENTED_EDGE('',*,*,#592,.T.);
#301=ORIENTED_EDGE('',*,*,#524,.F.);
#302=ORIENTED_EDGE('',*,*,#552,.T.);
#303=ORIENTED_EDGE('',*,*,#523,.T.);
#304=ORIENTED_EDGE('',*,*,#592,.F.);
#305=ORIENTED_EDGE('',*,*,#593,.T.);
#306=ORIENTED_EDGE('',*,*,#526,.F.);
#307=ORIENTED_EDGE('',*,*,#551,.T.);
#308=ORIENTED_EDGE('',*,*,#525,.T.);
#309=ORIENTED_EDGE('',*,*,#593,.F.);
#310=ORIENTED_EDGE('',*,*,#594,.T.);
#311=ORIENTED_EDGE('',*,*,#528,.F.);
#312=ORIENTED_EDGE('',*,*,#550,.T.);
#313=ORIENTED_EDGE('',*,*,#527,.T.);
#314=ORIENTED_EDGE('',*,*,#594,.F.);
#315=ORIENTED_EDGE('',*,*,#595,.T.);
#316=ORIENTED_EDGE('',*,*,#530,.F.);
#317=ORIENTED_EDGE('',*,*,#549,.T.);
#318=ORIENTED_EDGE('',*,*,#529,.T.);
#319=ORIENTED_EDGE('',*,*,#595,.F.);
#320=ORIENTED_EDGE('',*,*,#488,.T.);
#321=ORIENTED_EDGE('',*,*,#503,.T.);
#322=ORIENTED_EDGE('',*,*,#596,.F.);
#323=ORIENTED_EDGE('',*,*,#562,.F.);
#324=ORIENTED_EDGE('',*,*,#508,.F.);
#325=ORIENTED_EDGE('',*,*,#597,.F.);
#326=ORIENTED_EDGE('',*,*,#563,.T.);
#327=ORIENTED_EDGE('',*,*,#596,.T.);
#328=ORIENTED_EDGE('',*,*,#564,.T.);
#329=ORIENTED_EDGE('',*,*,#597,.T.);
#330=ORIENTED_EDGE('',*,*,#507,.F.);
#331=ORIENTED_EDGE('',*,*,#490,.F.);
#332=ORIENTED_EDGE('',*,*,#598,.F.);
#333=ORIENTED_EDGE('',*,*,#599,.T.);
#334=ORIENTED_EDGE('',*,*,#600,.T.);
#335=ORIENTED_EDGE('',*,*,#601,.F.);
#336=ORIENTED_EDGE('',*,*,#600,.F.);
#337=ORIENTED_EDGE('',*,*,#602,.F.);
#338=ORIENTED_EDGE('',*,*,#603,.F.);
#339=ORIENTED_EDGE('',*,*,#604,.T.);
#340=ORIENTED_EDGE('',*,*,#605,.T.);
#341=ORIENTED_EDGE('',*,*,#598,.T.);
#342=ORIENTED_EDGE('',*,*,#606,.F.);
#343=ORIENTED_EDGE('',*,*,#607,.T.);
#344=ORIENTED_EDGE('',*,*,#599,.F.);
#345=ORIENTED_EDGE('',*,*,#605,.F.);
#346=ORIENTED_EDGE('',*,*,#608,.F.);
#347=ORIENTED_EDGE('',*,*,#602,.T.);
#348=ORIENTED_EDGE('',*,*,#606,.T.);
#349=ORIENTED_EDGE('',*,*,#601,.T.);
#350=ORIENTED_EDGE('',*,*,#604,.F.);
#351=ORIENTED_EDGE('',*,*,#609,.T.);
#352=ORIENTED_EDGE('',*,*,#607,.F.);
#353=ORIENTED_EDGE('',*,*,#609,.F.);
#354=ORIENTED_EDGE('',*,*,#603,.T.);
#355=ORIENTED_EDGE('',*,*,#608,.T.);
#356=ORIENTED_EDGE('',*,*,#610,.F.);
#357=ORIENTED_EDGE('',*,*,#611,.T.);
#358=ORIENTED_EDGE('',*,*,#612,.T.);
#359=ORIENTED_EDGE('',*,*,#613,.T.);
#360=ORIENTED_EDGE('',*,*,#614,.F.);
#361=ORIENTED_EDGE('',*,*,#615,.T.);
#362=ORIENTED_EDGE('',*,*,#616,.F.);
#363=ORIENTED_EDGE('',*,*,#617,.F.);
#364=ORIENTED_EDGE('',*,*,#618,.F.);
#365=ORIENTED_EDGE('',*,*,#619,.T.);
#366=ORIENTED_EDGE('',*,*,#620,.F.);
#367=ORIENTED_EDGE('',*,*,#621,.F.);
#368=ORIENTED_EDGE('',*,*,#622,.F.);
#369=ORIENTED_EDGE('',*,*,#623,.T.);
#370=ORIENTED_EDGE('',*,*,#624,.T.);
#371=ORIENTED_EDGE('',*,*,#625,.T.);
#372=ORIENTED_EDGE('',*,*,#612,.F.);
#373=ORIENTED_EDGE('',*,*,#626,.T.);
#374=ORIENTED_EDGE('',*,*,#621,.T.);
#375=ORIENTED_EDGE('',*,*,#627,.T.);
#376=ORIENTED_EDGE('',*,*,#628,.T.);
#377=ORIENTED_EDGE('',*,*,#629,.F.);
#378=ORIENTED_EDGE('',*,*,#624,.F.);
#379=ORIENTED_EDGE('',*,*,#630,.T.);
#380=ORIENTED_EDGE('',*,*,#617,.T.);
#381=ORIENTED_EDGE('',*,*,#631,.F.);
#382=ORIENTED_EDGE('',*,*,#632,.T.);
#383=ORIENTED_EDGE('',*,*,#633,.T.);
#384=ORIENTED_EDGE('',*,*,#634,.F.);
#385=ORIENTED_EDGE('',*,*,#610,.T.);
#386=ORIENTED_EDGE('',*,*,#635,.F.);
#387=ORIENTED_EDGE('',*,*,#636,.F.);
#388=ORIENTED_EDGE('',*,*,#637,.T.);
#389=ORIENTED_EDGE('',*,*,#615,.F.);
#390=ORIENTED_EDGE('',*,*,#638,.F.);
#391=ORIENTED_EDGE('',*,*,#622,.T.);
#392=ORIENTED_EDGE('',*,*,#639,.T.);
#393=ORIENTED_EDGE('',*,*,#640,.F.);
#394=ORIENTED_EDGE('',*,*,#641,.F.);
#395=ORIENTED_EDGE('',*,*,#619,.F.);
#396=ORIENTED_EDGE('',*,*,#637,.F.);
#397=ORIENTED_EDGE('',*,*,#642,.F.);
#398=ORIENTED_EDGE('',*,*,#631,.T.);
#399=ORIENTED_EDGE('',*,*,#616,.T.);
#400=ORIENTED_EDGE('',*,*,#636,.T.);
#401=ORIENTED_EDGE('',*,*,#643,.F.);
#402=ORIENTED_EDGE('',*,*,#632,.F.);
#403=ORIENTED_EDGE('',*,*,#642,.T.);
#404=ORIENTED_EDGE('',*,*,#641,.T.);
#405=ORIENTED_EDGE('',*,*,#644,.F.);
#406=ORIENTED_EDGE('',*,*,#627,.F.);
#407=ORIENTED_EDGE('',*,*,#620,.T.);
#408=ORIENTED_EDGE('',*,*,#640,.T.);
#409=ORIENTED_EDGE('',*,*,#645,.F.);
#410=ORIENTED_EDGE('',*,*,#628,.F.);
#411=ORIENTED_EDGE('',*,*,#644,.T.);
#412=ORIENTED_EDGE('',*,*,#639,.F.);
#413=ORIENTED_EDGE('',*,*,#625,.F.);
#414=ORIENTED_EDGE('',*,*,#629,.T.);
#415=ORIENTED_EDGE('',*,*,#645,.T.);
#416=ORIENTED_EDGE('',*,*,#635,.T.);
#417=ORIENTED_EDGE('',*,*,#613,.F.);
#418=ORIENTED_EDGE('',*,*,#633,.F.);
#419=ORIENTED_EDGE('',*,*,#643,.T.);
#420=ORIENTED_EDGE('',*,*,#630,.F.);
#421=ORIENTED_EDGE('',*,*,#623,.F.);
#422=ORIENTED_EDGE('',*,*,#638,.T.);
#423=ORIENTED_EDGE('',*,*,#614,.T.);
#424=ORIENTED_EDGE('',*,*,#626,.F.);
#425=ORIENTED_EDGE('',*,*,#611,.F.);
#426=ORIENTED_EDGE('',*,*,#634,.T.);
#427=ORIENTED_EDGE('',*,*,#618,.T.);
#428=ORIENTED_EDGE('',*,*,#646,.F.);
#429=ORIENTED_EDGE('',*,*,#647,.F.);
#430=ORIENTED_EDGE('',*,*,#648,.F.);
#431=ORIENTED_EDGE('',*,*,#649,.T.);
#432=ORIENTED_EDGE('',*,*,#647,.T.);
#433=ORIENTED_EDGE('',*,*,#650,.T.);
#434=ORIENTED_EDGE('',*,*,#651,.F.);
#435=ORIENTED_EDGE('',*,*,#649,.F.);
#436=ORIENTED_EDGE('',*,*,#650,.F.);
#437=ORIENTED_EDGE('',*,*,#646,.T.);
#438=ORIENTED_EDGE('',*,*,#651,.T.);
#439=ORIENTED_EDGE('',*,*,#648,.T.);
#440=ORIENTED_EDGE('',*,*,#652,.F.);
#441=ORIENTED_EDGE('',*,*,#653,.T.);
#442=ORIENTED_EDGE('',*,*,#654,.F.);
#443=ORIENTED_EDGE('',*,*,#655,.F.);
#444=ORIENTED_EDGE('',*,*,#656,.F.);
#445=ORIENTED_EDGE('',*,*,#657,.T.);
#446=ORIENTED_EDGE('',*,*,#658,.T.);
#447=ORIENTED_EDGE('',*,*,#659,.T.);
#448=ORIENTED_EDGE('',*,*,#660,.T.);
#449=ORIENTED_EDGE('',*,*,#661,.T.);
#450=ORIENTED_EDGE('',*,*,#662,.F.);
#451=ORIENTED_EDGE('',*,*,#663,.T.);
#452=ORIENTED_EDGE('',*,*,#658,.F.);
#453=ORIENTED_EDGE('',*,*,#664,.T.);
#454=ORIENTED_EDGE('',*,*,#660,.F.);
#455=ORIENTED_EDGE('',*,*,#665,.T.);
#456=ORIENTED_EDGE('',*,*,#655,.T.);
#457=ORIENTED_EDGE('',*,*,#666,.T.);
#458=ORIENTED_EDGE('',*,*,#667,.T.);
#459=ORIENTED_EDGE('',*,*,#668,.F.);
#460=ORIENTED_EDGE('',*,*,#669,.F.);
#461=ORIENTED_EDGE('',*,*,#656,.T.);
#462=ORIENTED_EDGE('',*,*,#670,.T.);
#463=ORIENTED_EDGE('',*,*,#671,.F.);
#464=ORIENTED_EDGE('',*,*,#672,.F.);
#465=ORIENTED_EDGE('',*,*,#653,.F.);
#466=ORIENTED_EDGE('',*,*,#673,.F.);
#467=ORIENTED_EDGE('',*,*,#662,.T.);
#468=ORIENTED_EDGE('',*,*,#672,.T.);
#469=ORIENTED_EDGE('',*,*,#674,.F.);
#470=ORIENTED_EDGE('',*,*,#666,.F.);
#471=ORIENTED_EDGE('',*,*,#654,.T.);
#472=ORIENTED_EDGE('',*,*,#671,.T.);
#473=ORIENTED_EDGE('',*,*,#675,.F.);
#474=ORIENTED_EDGE('',*,*,#667,.F.);
#475=ORIENTED_EDGE('',*,*,#674,.T.);
#476=ORIENTED_EDGE('',*,*,#670,.F.);
#477=ORIENTED_EDGE('',*,*,#659,.F.);
#478=ORIENTED_EDGE('',*,*,#668,.T.);
#479=ORIENTED_EDGE('',*,*,#675,.T.);
#480=ORIENTED_EDGE('',*,*,#665,.F.);
#481=ORIENTED_EDGE('',*,*,#663,.F.);
#482=ORIENTED_EDGE('',*,*,#673,.T.);
#483=ORIENTED_EDGE('',*,*,#652,.T.);
#484=ORIENTED_EDGE('',*,*,#664,.F.);
#485=ORIENTED_EDGE('',*,*,#657,.F.);
#486=ORIENTED_EDGE('',*,*,#669,.T.);
#487=ORIENTED_EDGE('',*,*,#661,.F.);
#488=EDGE_CURVE('',#676,#677,#813,.T.);
#489=EDGE_CURVE('',#678,#676,#814,.T.);
#490=EDGE_CURVE('',#678,#679,#815,.T.);
#491=EDGE_CURVE('',#680,#679,#816,.T.);
#492=EDGE_CURVE('',#680,#681,#817,.T.);
#493=EDGE_CURVE('',#681,#682,#818,.T.);
#494=EDGE_CURVE('',#682,#683,#819,.T.);
#495=EDGE_CURVE('',#683,#684,#820,.T.);
#496=EDGE_CURVE('',#684,#685,#821,.T.);
#497=EDGE_CURVE('',#677,#685,#822,.T.);
#498=EDGE_CURVE('',#686,#686,#58,.T.);
#499=EDGE_CURVE('',#687,#687,#59,.T.);
#500=EDGE_CURVE('',#688,#688,#60,.T.);
#501=EDGE_CURVE('',#689,#689,#61,.T.);
#502=EDGE_CURVE('',#690,#690,#62,.T.);
#503=EDGE_CURVE('',#677,#691,#823,.T.);
#504=EDGE_CURVE('',#692,#685,#824,.T.);
#505=EDGE_CURVE('',#692,#693,#825,.T.);
#506=EDGE_CURVE('',#693,#680,#826,.T.);
#507=EDGE_CURVE('',#679,#694,#827,.T.);
#508=EDGE_CURVE('',#694,#691,#828,.T.);
#509=EDGE_CURVE('',#695,#696,#829,.T.);
#510=EDGE_CURVE('',#695,#696,#47,.F.);
#511=EDGE_CURVE('',#697,#698,#830,.T.);
#512=EDGE_CURVE('',#697,#698,#48,.F.);
#513=EDGE_CURVE('',#699,#700,#831,.T.);
#514=EDGE_CURVE('',#699,#700,#49,.F.);
#515=EDGE_CURVE('',#701,#702,#832,.T.);
#516=EDGE_CURVE('',#701,#702,#50,.F.);
#517=EDGE_CURVE('',#703,#704,#833,.T.);
#518=EDGE_CURVE('',#703,#704,#51,.F.);
#519=EDGE_CURVE('',#705,#706,#834,.T.);
#520=EDGE_CURVE('',#705,#706,#52,.F.);
#521=EDGE_CURVE('',#707,#708,#835,.T.);
#522=EDGE_CURVE('',#707,#708,#53,.F.);
#523=EDGE_CURVE('',#709,#710,#836,.T.);
#524=EDGE_CURVE('',#709,#710,#54,.F.);
#525=EDGE_CURVE('',#711,#712,#837,.T.);
#526=EDGE_CURVE('',#711,#712,#55,.F.);
#527=EDGE_CURVE('',#713,#714,#838,.T.);
#528=EDGE_CURVE('',#713,#714,#56,.F.);
#529=EDGE_CURVE('',#715,#716,#839,.T.);
#530=EDGE_CURVE('',#715,#716,#57,.F.);
#531=EDGE_CURVE('',#717,#718,#840,.T.);
#532=EDGE_CURVE('',#719,#717,#841,.T.);
#533=EDGE_CURVE('',#720,#719,#842,.T.);
#534=EDGE_CURVE('',#720,#718,#843,.T.);
#535=EDGE_CURVE('',#721,#722,#844,.T.);
#536=EDGE_CURVE('',#722,#723,#845,.T.);
#537=EDGE_CURVE('',#724,#723,#846,.T.);
#538=EDGE_CURVE('',#721,#724,#847,.T.);
#539=EDGE_CURVE('',#683,#722,#848,.T.);
#540=EDGE_CURVE('',#721,#684,#849,.T.);
#541=EDGE_CURVE('',#723,#725,#850,.T.);
#542=EDGE_CURVE('',#725,#718,#851,.T.);
#543=EDGE_CURVE('',#726,#720,#852,.T.);
#544=EDGE_CURVE('',#726,#724,#853,.T.);
#545=EDGE_CURVE('',#727,#681,#854,.T.);
#546=EDGE_CURVE('',#719,#727,#855,.T.);
#547=EDGE_CURVE('',#728,#717,#856,.T.);
#548=EDGE_CURVE('',#682,#728,#857,.T.);
#549=EDGE_CURVE('',#729,#729,#63,.F.);
#550=EDGE_CURVE('',#730,#730,#64,.F.);
#551=EDGE_CURVE('',#731,#731,#65,.F.);
#552=EDGE_CURVE('',#732,#732,#66,.F.);
#553=EDGE_CURVE('',#733,#733,#67,.F.);
#554=EDGE_CURVE('',#734,#734,#68,.F.);
#555=EDGE_CURVE('',#735,#735,#69,.F.);
#556=EDGE_CURVE('',#736,#736,#70,.F.);
#557=EDGE_CURVE('',#737,#737,#71,.F.);
#558=EDGE_CURVE('',#738,#738,#72,.F.);
#559=EDGE_CURVE('',#739,#739,#73,.F.);
#560=EDGE_CURVE('',#727,#693,#858,.T.);
#561=EDGE_CURVE('',#692,#726,#859,.T.);
#562=EDGE_CURVE('',#676,#740,#860,.T.);
#563=EDGE_CURVE('',#741,#740,#861,.T.);
#564=EDGE_CURVE('',#678,#741,#862,.T.);
#565=EDGE_CURVE('',#742,#742,#74,.T.);
#566=EDGE_CURVE('',#743,#743,#75,.T.);
#567=EDGE_CURVE('',#744,#744,#76,.T.);
#568=EDGE_CURVE('',#745,#745,#77,.T.);
#569=EDGE_CURVE('',#746,#746,#78,.T.);
#570=EDGE_CURVE('',#747,#747,#79,.T.);
#571=EDGE_CURVE('',#748,#748,#80,.T.);
#572=EDGE_CURVE('',#728,#725,#863,.T.);
#573=EDGE_CURVE('',#749,#749,#81,.T.);
#574=EDGE_CURVE('',#750,#750,#82,.T.);
#575=EDGE_CURVE('',#751,#751,#83,.T.);
#576=EDGE_CURVE('',#752,#752,#84,.T.);
#577=EDGE_CURVE('',#753,#753,#85,.T.);
#578=EDGE_CURVE('',#754,#754,#86,.T.);
#579=EDGE_CURVE('',#755,#755,#87,.T.);
#580=EDGE_CURVE('',#756,#756,#88,.T.);
#581=EDGE_CURVE('',#757,#757,#89,.T.);
#582=EDGE_CURVE('',#758,#758,#90,.T.);
#583=EDGE_CURVE('',#759,#759,#91,.T.);
#584=EDGE_CURVE('',#760,#760,#92,.T.);
#585=EDGE_CURVE('',#695,#696,#93,.T.);
#586=EDGE_CURVE('',#697,#698,#94,.T.);
#587=EDGE_CURVE('',#699,#700,#95,.T.);
#588=EDGE_CURVE('',#701,#702,#96,.T.);
#589=EDGE_CURVE('',#703,#704,#97,.T.);
#590=EDGE_CURVE('',#705,#706,#98,.T.);
#591=EDGE_CURVE('',#707,#708,#99,.T.);
#592=EDGE_CURVE('',#709,#710,#100,.T.);
#593=EDGE_CURVE('',#711,#712,#101,.T.);
#594=EDGE_CURVE('',#713,#714,#102,.T.);
#595=EDGE_CURVE('',#715,#716,#103,.T.);
#596=EDGE_CURVE('',#740,#691,#864,.T.);
#597=EDGE_CURVE('',#741,#694,#865,.T.);
#598=EDGE_CURVE('',#761,#762,#866,.T.);
#599=EDGE_CURVE('',#761,#763,#867,.T.);
#600=EDGE_CURVE('',#763,#764,#868,.T.);
#601=EDGE_CURVE('',#762,#764,#869,.T.);
#602=EDGE_CURVE('',#765,#763,#104,.T.);
#603=EDGE_CURVE('',#766,#765,#870,.T.);
#604=EDGE_CURVE('',#766,#764,#105,.T.);
#605=EDGE_CURVE('',#767,#761,#106,.T.);
#606=EDGE_CURVE('',#768,#762,#107,.T.);
#607=EDGE_CURVE('',#768,#767,#871,.T.);
#608=EDGE_CURVE('',#765,#767,#872,.F.);
#609=EDGE_CURVE('',#766,#768,#873,.F.);
#610=EDGE_CURVE('',#769,#770,#874,.T.);
#611=EDGE_CURVE('',#769,#771,#875,.T.);
#612=EDGE_CURVE('',#771,#772,#876,.T.);
#613=EDGE_CURVE('',#772,#770,#877,.T.);
#614=EDGE_CURVE('',#773,#774,#878,.T.);
#615=EDGE_CURVE('',#773,#775,#879,.T.);
#616=EDGE_CURVE('',#776,#775,#880,.T.);
#617=EDGE_CURVE('',#774,#776,#881,.T.);
#618=EDGE_CURVE('',#777,#778,#882,.T.);
#619=EDGE_CURVE('',#777,#779,#883,.T.);
#620=EDGE_CURVE('',#780,#779,#884,.T.);
#621=EDGE_CURVE('',#778,#780,#885,.T.);
#622=EDGE_CURVE('',#781,#782,#886,.T.);
#623=EDGE_CURVE('',#781,#783,#887,.T.);
#624=EDGE_CURVE('',#783,#784,#888,.T.);
#625=EDGE_CURVE('',#784,#782,#889,.T.);
#626=EDGE_CURVE('',#771,#778,#890,.T.);
#627=EDGE_CURVE('',#780,#785,#891,.T.);
#628=EDGE_CURVE('',#785,#786,#892,.T.);
#629=EDGE_CURVE('',#784,#786,#893,.T.);
#630=EDGE_CURVE('',#783,#774,#894,.T.);
#631=EDGE_CURVE('',#787,#776,#895,.T.);
#632=EDGE_CURVE('',#787,#788,#896,.T.);
#633=EDGE_CURVE('',#788,#772,#897,.T.);
#634=EDGE_CURVE('',#769,#777,#898,.T.);
#635=EDGE_CURVE('',#789,#770,#899,.T.);
#636=EDGE_CURVE('',#790,#789,#900,.T.);
#637=EDGE_CURVE('',#790,#775,#901,.T.);
#638=EDGE_CURVE('',#781,#773,#902,.T.);
#639=EDGE_CURVE('',#782,#791,#903,.T.);
#640=EDGE_CURVE('',#792,#791,#904,.T.);
#641=EDGE_CURVE('',#779,#792,#905,.T.);
#642=EDGE_CURVE('',#787,#790,#906,.T.);
#643=EDGE_CURVE('',#788,#789,#907,.T.);
#644=EDGE_CURVE('',#785,#792,#908,.T.);
#645=EDGE_CURVE('',#786,#791,#909,.T.);
#646=EDGE_CURVE('',#793,#794,#910,.T.);
#647=EDGE_CURVE('',#795,#793,#108,.T.);
#648=EDGE_CURVE('',#796,#795,#911,.F.);
#649=EDGE_CURVE('',#796,#794,#109,.T.);
#650=EDGE_CURVE('',#793,#795,#912,.T.);
#651=EDGE_CURVE('',#794,#796,#913,.T.);
#652=EDGE_CURVE('',#797,#798,#914,.T.);
#653=EDGE_CURVE('',#797,#799,#915,.T.);
#654=EDGE_CURVE('',#800,#799,#916,.T.);
#655=EDGE_CURVE('',#798,#800,#917,.T.);
#656=EDGE_CURVE('',#801,#802,#918,.T.);
#657=EDGE_CURVE('',#801,#803,#919,.T.);
#658=EDGE_CURVE('',#803,#804,#920,.T.);
#659=EDGE_CURVE('',#804,#802,#921,.T.);
#660=EDGE_CURVE('',#805,#806,#110,.T.);
#661=EDGE_CURVE('',#806,#807,#922,.T.);
#662=EDGE_CURVE('',#808,#807,#111,.T.);
#663=EDGE_CURVE('',#808,#805,#923,.F.);
#664=EDGE_CURVE('',#803,#806,#924,.T.);
#665=EDGE_CURVE('',#805,#798,#925,.T.);
#666=EDGE_CURVE('',#800,#809,#926,.T.);
#667=EDGE_CURVE('',#809,#810,#927,.T.);
#668=EDGE_CURVE('',#804,#810,#928,.T.);
#669=EDGE_CURVE('',#801,#807,#929,.T.);
#670=EDGE_CURVE('',#802,#811,#930,.T.);
#671=EDGE_CURVE('',#812,#811,#931,.T.);
#672=EDGE_CURVE('',#799,#812,#932,.T.);
#673=EDGE_CURVE('',#808,#797,#933,.T.);
#674=EDGE_CURVE('',#809,#812,#934,.T.);
#675=EDGE_CURVE('',#810,#811,#935,.T.);
#676=VERTEX_POINT('',#2214);
#677=VERTEX_POINT('',#2215);
#678=VERTEX_POINT('',#2217);
#679=VERTEX_POINT('',#2219);
#680=VERTEX_POINT('',#2221);
#681=VERTEX_POINT('',#2223);
#682=VERTEX_POINT('',#2225);
#683=VERTEX_POINT('',#2227);
#684=VERTEX_POINT('',#2229);
#685=VERTEX_POINT('',#2231);
#686=VERTEX_POINT('',#2234);
#687=VERTEX_POINT('',#2236);
#688=VERTEX_POINT('',#2238);
#689=VERTEX_POINT('',#2240);
#690=VERTEX_POINT('',#2242);
#691=VERTEX_POINT('',#2245);
#692=VERTEX_POINT('',#2247);
#693=VERTEX_POINT('',#2249);
#694=VERTEX_POINT('',#2252);
#695=VERTEX_POINT('',#2255);
#696=VERTEX_POINT('',#2256);
#697=VERTEX_POINT('',#2259);
#698=VERTEX_POINT('',#2260);
#699=VERTEX_POINT('',#2263);
#700=VERTEX_POINT('',#2264);
#701=VERTEX_POINT('',#2267);
#702=VERTEX_POINT('',#2268);
#703=VERTEX_POINT('',#2271);
#704=VERTEX_POINT('',#2272);
#705=VERTEX_POINT('',#2275);
#706=VERTEX_POINT('',#2276);
#707=VERTEX_POINT('',#2279);
#708=VERTEX_POINT('',#2280);
#709=VERTEX_POINT('',#2283);
#710=VERTEX_POINT('',#2284);
#711=VERTEX_POINT('',#2287);
#712=VERTEX_POINT('',#2288);
#713=VERTEX_POINT('',#2291);
#714=VERTEX_POINT('',#2292);
#715=VERTEX_POINT('',#2295);
#716=VERTEX_POINT('',#2296);
#717=VERTEX_POINT('',#2300);
#718=VERTEX_POINT('',#2301);
#719=VERTEX_POINT('',#2303);
#720=VERTEX_POINT('',#2305);
#721=VERTEX_POINT('',#2309);
#722=VERTEX_POINT('',#2310);
#723=VERTEX_POINT('',#2312);
#724=VERTEX_POINT('',#2314);
#725=VERTEX_POINT('',#2321);
#726=VERTEX_POINT('',#2324);
#727=VERTEX_POINT('',#2328);
#728=VERTEX_POINT('',#2331);
#729=VERTEX_POINT('',#2335);
#730=VERTEX_POINT('',#2337);
#731=VERTEX_POINT('',#2339);
#732=VERTEX_POINT('',#2341);
#733=VERTEX_POINT('',#2343);
#734=VERTEX_POINT('',#2345);
#735=VERTEX_POINT('',#2347);
#736=VERTEX_POINT('',#2349);
#737=VERTEX_POINT('',#2351);
#738=VERTEX_POINT('',#2353);
#739=VERTEX_POINT('',#2355);
#740=VERTEX_POINT('',#2361);
#741=VERTEX_POINT('',#2363);
#742=VERTEX_POINT('',#2367);
#743=VERTEX_POINT('',#2369);
#744=VERTEX_POINT('',#2371);
#745=VERTEX_POINT('',#2373);
#746=VERTEX_POINT('',#2375);
#747=VERTEX_POINT('',#2377);
#748=VERTEX_POINT('',#2379);
#749=VERTEX_POINT('',#2385);
#750=VERTEX_POINT('',#2389);
#751=VERTEX_POINT('',#2393);
#752=VERTEX_POINT('',#2397);
#753=VERTEX_POINT('',#2401);
#754=VERTEX_POINT('',#2405);
#755=VERTEX_POINT('',#2409);
#756=VERTEX_POINT('',#2413);
#757=VERTEX_POINT('',#2417);
#758=VERTEX_POINT('',#2421);
#759=VERTEX_POINT('',#2425);
#760=VERTEX_POINT('',#2429);
#761=VERTEX_POINT('',#2472);
#762=VERTEX_POINT('',#2473);
#763=VERTEX_POINT('',#2475);
#764=VERTEX_POINT('',#2477);
#765=VERTEX_POINT('',#2481);
#766=VERTEX_POINT('',#2483);
#767=VERTEX_POINT('',#2487);
#768=VERTEX_POINT('',#2489);
#769=VERTEX_POINT('',#2499);
#770=VERTEX_POINT('',#2500);
#771=VERTEX_POINT('',#2502);
#772=VERTEX_POINT('',#2504);
#773=VERTEX_POINT('',#2508);
#774=VERTEX_POINT('',#2509);
#775=VERTEX_POINT('',#2511);
#776=VERTEX_POINT('',#2513);
#777=VERTEX_POINT('',#2517);
#778=VERTEX_POINT('',#2518);
#779=VERTEX_POINT('',#2520);
#780=VERTEX_POINT('',#2522);
#781=VERTEX_POINT('',#2526);
#782=VERTEX_POINT('',#2527);
#783=VERTEX_POINT('',#2529);
#784=VERTEX_POINT('',#2531);
#785=VERTEX_POINT('',#2536);
#786=VERTEX_POINT('',#2538);
#787=VERTEX_POINT('',#2542);
#788=VERTEX_POINT('',#2544);
#789=VERTEX_POINT('',#2549);
#790=VERTEX_POINT('',#2551);
#791=VERTEX_POINT('',#2555);
#792=VERTEX_POINT('',#2557);
#793=VERTEX_POINT('',#2574);
#794=VERTEX_POINT('',#2575);
#795=VERTEX_POINT('',#2577);
#796=VERTEX_POINT('',#2579);
#797=VERTEX_POINT('',#2589);
#798=VERTEX_POINT('',#2590);
#799=VERTEX_POINT('',#2592);
#800=VERTEX_POINT('',#2594);
#801=VERTEX_POINT('',#2598);
#802=VERTEX_POINT('',#2599);
#803=VERTEX_POINT('',#2601);
#804=VERTEX_POINT('',#2603);
#805=VERTEX_POINT('',#2607);
#806=VERTEX_POINT('',#2608);
#807=VERTEX_POINT('',#2610);
#808=VERTEX_POINT('',#2612);
#809=VERTEX_POINT('',#2618);
#810=VERTEX_POINT('',#2620);
#811=VERTEX_POINT('',#2625);
#812=VERTEX_POINT('',#2627);
#813=LINE('',#2213,#936);
#814=LINE('',#2216,#937);
#815=LINE('',#2218,#938);
#816=LINE('',#2220,#939);
#817=LINE('',#2222,#940);
#818=LINE('',#2224,#941);
#819=LINE('',#2226,#942);
#820=LINE('',#2228,#943);
#821=LINE('',#2230,#944);
#822=LINE('',#2232,#945);
#823=LINE('',#2244,#946);
#824=LINE('',#2246,#947);
#825=LINE('',#2248,#948);
#826=LINE('',#2250,#949);
#827=LINE('',#2251,#950);
#828=LINE('',#2253,#951);
#829=LINE('',#2254,#952);
#830=LINE('',#2258,#953);
#831=LINE('',#2262,#954);
#832=LINE('',#2266,#955);
#833=LINE('',#2270,#956);
#834=LINE('',#2274,#957);
#835=LINE('',#2278,#958);
#836=LINE('',#2282,#959);
#837=LINE('',#2286,#960);
#838=LINE('',#2290,#961);
#839=LINE('',#2294,#962);
#840=LINE('',#2299,#963);
#841=LINE('',#2302,#964);
#842=LINE('',#2304,#965);
#843=LINE('',#2306,#966);
#844=LINE('',#2308,#967);
#845=LINE('',#2311,#968);
#846=LINE('',#2313,#969);
#847=LINE('',#2315,#970);
#848=LINE('',#2317,#971);
#849=LINE('',#2318,#972);
#850=LINE('',#2320,#973);
#851=LINE('',#2322,#974);
#852=LINE('',#2323,#975);
#853=LINE('',#2325,#976);
#854=LINE('',#2327,#977);
#855=LINE('',#2329,#978);
#856=LINE('',#2330,#979);
#857=LINE('',#2332,#980);
#858=LINE('',#2356,#981);
#859=LINE('',#2358,#982);
#860=LINE('',#2360,#983);
#861=LINE('',#2362,#984);
#862=LINE('',#2364,#985);
#863=LINE('',#2381,#986);
#864=LINE('',#2465,#987);
#865=LINE('',#2467,#988);
#866=LINE('',#2471,#989);
#867=LINE('',#2474,#990);
#868=LINE('',#2476,#991);
#869=LINE('',#2478,#992);
#870=LINE('',#2482,#993);
#871=LINE('',#2490,#994);
#872=LINE('',#2492,#995);
#873=LINE('',#2494,#996);
#874=LINE('',#2498,#997);
#875=LINE('',#2501,#998);
#876=LINE('',#2503,#999);
#877=LINE('',#2505,#1000);
#878=LINE('',#2507,#1001);
#879=LINE('',#2510,#1002);
#880=LINE('',#2512,#1003);
#881=LINE('',#2514,#1004);
#882=LINE('',#2516,#1005);
#883=LINE('',#2519,#1006);
#884=LINE('',#2521,#1007);
#885=LINE('',#2523,#1008);
#886=LINE('',#2525,#1009);
#887=LINE('',#2528,#1010);
#888=LINE('',#2530,#1011);
#889=LINE('',#2532,#1012);
#890=LINE('',#2534,#1013);
#891=LINE('',#2535,#1014);
#892=LINE('',#2537,#1015);
#893=LINE('',#2539,#1016);
#894=LINE('',#2540,#1017);
#895=LINE('',#2541,#1018);
#896=LINE('',#2543,#1019);
#897=LINE('',#2545,#1020);
#898=LINE('',#2547,#1021);
#899=LINE('',#2548,#1022);
#900=LINE('',#2550,#1023);
#901=LINE('',#2552,#1024);
#902=LINE('',#2553,#1025);
#903=LINE('',#2554,#1026);
#904=LINE('',#2556,#1027);
#905=LINE('',#2558,#1028);
#906=LINE('',#2560,#1029);
#907=LINE('',#2562,#1030);
#908=LINE('',#2564,#1031);
#909=LINE('',#2566,#1032);
#910=LINE('',#2573,#1033);
#911=LINE('',#2578,#1034);
#912=LINE('',#2582,#1035);
#913=LINE('',#2584,#1036);
#914=LINE('',#2588,#1037);
#915=LINE('',#2591,#1038);
#916=LINE('',#2593,#1039);
#917=LINE('',#2595,#1040);
#918=LINE('',#2597,#1041);
#919=LINE('',#2600,#1042);
#920=LINE('',#2602,#1043);
#921=LINE('',#2604,#1044);
#922=LINE('',#2609,#1045);
#923=LINE('',#2613,#1046);
#924=LINE('',#2615,#1047);
#925=LINE('',#2616,#1048);
#926=LINE('',#2617,#1049);
#927=LINE('',#2619,#1050);
#928=LINE('',#2621,#1051);
#929=LINE('',#2623,#1052);
#930=LINE('',#2624,#1053);
#931=LINE('',#2626,#1054);
#932=LINE('',#2628,#1055);
#933=LINE('',#2629,#1056);
#934=LINE('',#2631,#1057);
#935=LINE('',#2633,#1058);
#936=VECTOR('',#1760,1.);
#937=VECTOR('',#1761,1.);
#938=VECTOR('',#1762,1.);
#939=VECTOR('',#1763,1.);
#940=VECTOR('',#1764,1.);
#941=VECTOR('',#1765,1.);
#942=VECTOR('',#1766,1.);
#943=VECTOR('',#1767,1.);
#944=VECTOR('',#1768,1.);
#945=VECTOR('',#1769,1.);
#946=VECTOR('',#1782,1.);
#947=VECTOR('',#1783,1.);
#948=VECTOR('',#1784,1.);
#949=VECTOR('',#1785,1.);
#950=VECTOR('',#1786,1.);
#951=VECTOR('',#1787,1.);
#952=VECTOR('',#1788,1.);
#953=VECTOR('',#1791,1.);
#954=VECTOR('',#1794,1.);
#955=VECTOR('',#1797,1.);
#956=VECTOR('',#1800,1.);
#957=VECTOR('',#1803,1.);
#958=VECTOR('',#1806,1.);
#959=VECTOR('',#1809,1.);
#960=VECTOR('',#1812,1.);
#961=VECTOR('',#1815,1.);
#962=VECTOR('',#1818,1.);
#963=VECTOR('',#1823,1.);
#964=VECTOR('',#1824,1.);
#965=VECTOR('',#1825,1.);
#966=VECTOR('',#1826,1.);
#967=VECTOR('',#1829,1.);
#968=VECTOR('',#1830,1.);
#969=VECTOR('',#1831,1.);
#970=VECTOR('',#1832,1.);
#971=VECTOR('',#1835,1.);
#972=VECTOR('',#1836,1.);
#973=VECTOR('',#1839,1.);
#974=VECTOR('',#1840,1.);
#975=VECTOR('',#1841,1.);
#976=VECTOR('',#1842,1.);
#977=VECTOR('',#1845,1.);
#978=VECTOR('',#1846,1.);
#979=VECTOR('',#1847,1.);
#980=VECTOR('',#1848,1.);
#981=VECTOR('',#1873,1.);
#982=VECTOR('',#1876,1.);
#983=VECTOR('',#1879,1.);
#984=VECTOR('',#1880,1.);
#985=VECTOR('',#1881,1.);
#986=VECTOR('',#1900,1.);
#987=VECTOR('',#2043,1.);
#988=VECTOR('',#2046,1.);
#989=VECTOR('',#2053,1.);
#990=VECTOR('',#2054,1.);
#991=VECTOR('',#2055,1.);
#992=VECTOR('',#2056,1.);
#993=VECTOR('',#2061,1.);
#994=VECTOR('',#2070,1.);
#995=VECTOR('',#2073,1.);
#996=VECTOR('',#2076,1.);
#997=VECTOR('',#2083,1.);
#998=VECTOR('',#2084,1.);
#999=VECTOR('',#2085,1.);
#1000=VECTOR('',#2086,1.);
#1001=VECTOR('',#2089,1.);
#1002=VECTOR('',#2090,1.);
#1003=VECTOR('',#2091,1.);
#1004=VECTOR('',#2092,1.);
#1005=VECTOR('',#2095,1.);
#1006=VECTOR('',#2096,1.);
#1007=VECTOR('',#2097,1.);
#1008=VECTOR('',#2098,1.);
#1009=VECTOR('',#2101,1.);
#1010=VECTOR('',#2102,1.);
#1011=VECTOR('',#2103,1.);
#1012=VECTOR('',#2104,1.);
#1013=VECTOR('',#2107,1.);
#1014=VECTOR('',#2108,1.);
#1015=VECTOR('',#2109,1.);
#1016=VECTOR('',#2110,1.);
#1017=VECTOR('',#2111,1.);
#1018=VECTOR('',#2112,1.);
#1019=VECTOR('',#2113,1.);
#1020=VECTOR('',#2114,1.);
#1021=VECTOR('',#2117,1.);
#1022=VECTOR('',#2118,1.);
#1023=VECTOR('',#2119,1.);
#1024=VECTOR('',#2120,1.);
#1025=VECTOR('',#2121,1.);
#1026=VECTOR('',#2122,1.);
#1027=VECTOR('',#2123,1.);
#1028=VECTOR('',#2124,1.);
#1029=VECTOR('',#2127,1.);
#1030=VECTOR('',#2130,1.);
#1031=VECTOR('',#2133,1.);
#1032=VECTOR('',#2136,1.);
#1033=VECTOR('',#2149,1.);
#1034=VECTOR('',#2152,1.);
#1035=VECTOR('',#2157,1.);
#1036=VECTOR('',#2160,1.);
#1037=VECTOR('',#2167,1.);
#1038=VECTOR('',#2168,1.);
#1039=VECTOR('',#2169,1.);
#1040=VECTOR('',#2170,1.);
#1041=VECTOR('',#2173,1.);
#1042=VECTOR('',#2174,1.);
#1043=VECTOR('',#2175,1.);
#1044=VECTOR('',#2176,1.);
#1045=VECTOR('',#2181,1.);
#1046=VECTOR('',#2184,1.);
#1047=VECTOR('',#2187,1.);
#1048=VECTOR('',#2188,1.);
#1049=VECTOR('',#2189,1.);
#1050=VECTOR('',#2190,1.);
#1051=VECTOR('',#2191,1.);
#1052=VECTOR('',#2194,1.);
#1053=VECTOR('',#2195,1.);
#1054=VECTOR('',#2196,1.);
#1055=VECTOR('',#2197,1.);
#1056=VECTOR('',#2198,1.);
#1057=VECTOR('',#2201,1.);
#1058=VECTOR('',#2204,1.);
#1059=EDGE_LOOP('',(#112,#113,#114,#115,#116,#117,#118,#119,#120,#121));
#1060=EDGE_LOOP('',(#122));
#1061=EDGE_LOOP('',(#123));
#1062=EDGE_LOOP('',(#124));
#1063=EDGE_LOOP('',(#125));
#1064=EDGE_LOOP('',(#126));
#1065=EDGE_LOOP('',(#127,#128,#129,#130,#131,#132,#133,#134));
#1066=EDGE_LOOP('',(#135,#136));
#1067=EDGE_LOOP('',(#137,#138));
#1068=EDGE_LOOP('',(#139,#140));
#1069=EDGE_LOOP('',(#141,#142));
#1070=EDGE_LOOP('',(#143,#144));
#1071=EDGE_LOOP('',(#145,#146));
#1072=EDGE_LOOP('',(#147,#148));
#1073=EDGE_LOOP('',(#149,#150));
#1074=EDGE_LOOP('',(#151,#152));
#1075=EDGE_LOOP('',(#153,#154));
#1076=EDGE_LOOP('',(#155,#156));
#1077=EDGE_LOOP('',(#157,#158,#159,#160));
#1078=EDGE_LOOP('',(#161,#162,#163,#164));
#1079=EDGE_LOOP('',(#165,#166,#167,#168));
#1080=EDGE_LOOP('',(#169,#170,#171,#172,#173,#174));
#1081=EDGE_LOOP('',(#175,#176,#177,#178,#179,#180));
#1082=EDGE_LOOP('',(#181));
#1083=EDGE_LOOP('',(#182));
#1084=EDGE_LOOP('',(#183));
#1085=EDGE_LOOP('',(#184));
#1086=EDGE_LOOP('',(#185));
#1087=EDGE_LOOP('',(#186));
#1088=EDGE_LOOP('',(#187));
#1089=EDGE_LOOP('',(#188));
#1090=EDGE_LOOP('',(#189));
#1091=EDGE_LOOP('',(#190));
#1092=EDGE_LOOP('',(#191));
#1093=EDGE_LOOP('',(#192,#193,#194,#195));
#1094=EDGE_LOOP('',(#196,#197,#198,#199,#200,#201));
#1095=EDGE_LOOP('',(#202,#203,#204,#205));
#1096=EDGE_LOOP('',(#206));
#1097=EDGE_LOOP('',(#207));
#1098=EDGE_LOOP('',(#208));
#1099=EDGE_LOOP('',(#209));
#1100=EDGE_LOOP('',(#210));
#1101=EDGE_LOOP('',(#211));
#1102=EDGE_LOOP('',(#212));
#1103=EDGE_LOOP('',(#213,#214,#215,#216,#217,#218));
#1104=EDGE_LOOP('',(#219,#220,#221,#222));
#1105=EDGE_LOOP('',(#223,#224,#225,#226,#227,#228));
#1106=EDGE_LOOP('',(#229));
#1107=EDGE_LOOP('',(#230));
#1108=EDGE_LOOP('',(#231));
#1109=EDGE_LOOP('',(#232));
#1110=EDGE_LOOP('',(#233));
#1111=EDGE_LOOP('',(#234));
#1112=EDGE_LOOP('',(#235));
#1113=EDGE_LOOP('',(#236));
#1114=EDGE_LOOP('',(#237));
#1115=EDGE_LOOP('',(#238));
#1116=EDGE_LOOP('',(#239));
#1117=EDGE_LOOP('',(#240));
#1118=EDGE_LOOP('',(#241));
#1119=EDGE_LOOP('',(#242));
#1120=EDGE_LOOP('',(#243));
#1121=EDGE_LOOP('',(#244));
#1122=EDGE_LOOP('',(#245));
#1123=EDGE_LOOP('',(#246));
#1124=EDGE_LOOP('',(#247));
#1125=EDGE_LOOP('',(#248));
#1126=EDGE_LOOP('',(#249));
#1127=EDGE_LOOP('',(#250));
#1128=EDGE_LOOP('',(#251));
#1129=EDGE_LOOP('',(#252));
#1130=EDGE_LOOP('',(#253));
#1131=EDGE_LOOP('',(#254));
#1132=EDGE_LOOP('',(#255));
#1133=EDGE_LOOP('',(#256));
#1134=EDGE_LOOP('',(#257));
#1135=EDGE_LOOP('',(#258));
#1136=EDGE_LOOP('',(#259));
#1137=EDGE_LOOP('',(#260));
#1138=EDGE_LOOP('',(#261));
#1139=EDGE_LOOP('',(#262));
#1140=EDGE_LOOP('',(#263));
#1141=EDGE_LOOP('',(#264));
#1142=EDGE_LOOP('',(#265,#266));
#1143=EDGE_LOOP('',(#267));
#1144=EDGE_LOOP('',(#268,#269));
#1145=EDGE_LOOP('',(#270,#271));
#1146=EDGE_LOOP('',(#272));
#1147=EDGE_LOOP('',(#273,#274));
#1148=EDGE_LOOP('',(#275,#276));
#1149=EDGE_LOOP('',(#277));
#1150=EDGE_LOOP('',(#278,#279));
#1151=EDGE_LOOP('',(#280,#281));
#1152=EDGE_LOOP('',(#282));
#1153=EDGE_LOOP('',(#283,#284));
#1154=EDGE_LOOP('',(#285,#286));
#1155=EDGE_LOOP('',(#287));
#1156=EDGE_LOOP('',(#288,#289));
#1157=EDGE_LOOP('',(#290,#291));
#1158=EDGE_LOOP('',(#292));
#1159=EDGE_LOOP('',(#293,#294));
#1160=EDGE_LOOP('',(#295,#296));
#1161=EDGE_LOOP('',(#297));
#1162=EDGE_LOOP('',(#298,#299));
#1163=EDGE_LOOP('',(#300,#301));
#1164=EDGE_LOOP('',(#302));
#1165=EDGE_LOOP('',(#303,#304));
#1166=EDGE_LOOP('',(#305,#306));
#1167=EDGE_LOOP('',(#307));
#1168=EDGE_LOOP('',(#308,#309));
#1169=EDGE_LOOP('',(#310,#311));
#1170=EDGE_LOOP('',(#312));
#1171=EDGE_LOOP('',(#313,#314));
#1172=EDGE_LOOP('',(#315,#316));
#1173=EDGE_LOOP('',(#317));
#1174=EDGE_LOOP('',(#318,#319));
#1175=EDGE_LOOP('',(#320,#321,#322,#323));
#1176=EDGE_LOOP('',(#324,#325,#326,#327));
#1177=EDGE_LOOP('',(#328,#329,#330,#331));
#1178=EDGE_LOOP('',(#332,#333,#334,#335));
#1179=EDGE_LOOP('',(#336,#337,#338,#339));
#1180=EDGE_LOOP('',(#340,#341,#342,#343));
#1181=EDGE_LOOP('',(#344,#345,#346,#347));
#1182=EDGE_LOOP('',(#348,#349,#350,#351));
#1183=EDGE_LOOP('',(#352,#353,#354,#355));
#1184=EDGE_LOOP('',(#356,#357,#358,#359));
#1185=EDGE_LOOP('',(#360,#361,#362,#363));
#1186=EDGE_LOOP('',(#364,#365,#366,#367));
#1187=EDGE_LOOP('',(#368,#369,#370,#371));
#1188=EDGE_LOOP('',(#372,#373,#374,#375,#376,#377,#378,#379,#380,#381,#382,
#383));
#1189=EDGE_LOOP('',(#384,#385,#386,#387,#388,#389,#390,#391,#392,#393,#394,
#395));
#1190=EDGE_LOOP('',(#396,#397,#398,#399));
#1191=EDGE_LOOP('',(#400,#401,#402,#403));
#1192=EDGE_LOOP('',(#404,#405,#406,#407));
#1193=EDGE_LOOP('',(#408,#409,#410,#411));
#1194=EDGE_LOOP('',(#412,#413,#414,#415));
#1195=EDGE_LOOP('',(#416,#417,#418,#419));
#1196=EDGE_LOOP('',(#420,#421,#422,#423));
#1197=EDGE_LOOP('',(#424,#425,#426,#427));
#1198=EDGE_LOOP('',(#428,#429,#430,#431));
#1199=EDGE_LOOP('',(#432,#433));
#1200=EDGE_LOOP('',(#434,#435));
#1201=EDGE_LOOP('',(#436,#437,#438,#439));
#1202=EDGE_LOOP('',(#440,#441,#442,#443));
#1203=EDGE_LOOP('',(#444,#445,#446,#447));
#1204=EDGE_LOOP('',(#448,#449,#450,#451));
#1205=EDGE_LOOP('',(#452,#453,#454,#455,#456,#457,#458,#459));
#1206=EDGE_LOOP('',(#460,#461,#462,#463,#464,#465,#466,#467));
#1207=EDGE_LOOP('',(#468,#469,#470,#471));
#1208=EDGE_LOOP('',(#472,#473,#474,#475));
#1209=EDGE_LOOP('',(#476,#477,#478,#479));
#1210=EDGE_LOOP('',(#480,#481,#482,#483));
#1211=EDGE_LOOP('',(#484,#485,#486,#487));
#1212=FACE_BOUND('',#1059,.T.);
#1213=FACE_BOUND('',#1060,.T.);
#1214=FACE_BOUND('',#1061,.T.);
#1215=FACE_BOUND('',#1062,.T.);
#1216=FACE_BOUND('',#1063,.T.);
#1217=FACE_BOUND('',#1064,.T.);
#1218=FACE_BOUND('',#1065,.T.);
#1219=FACE_BOUND('',#1066,.T.);
#1220=FACE_BOUND('',#1067,.T.);
#1221=FACE_BOUND('',#1068,.T.);
#1222=FACE_BOUND('',#1069,.T.);
#1223=FACE_BOUND('',#1070,.T.);
#1224=FACE_BOUND('',#1071,.T.);
#1225=FACE_BOUND('',#1072,.T.);
#1226=FACE_BOUND('',#1073,.T.);
#1227=FACE_BOUND('',#1074,.T.);
#1228=FACE_BOUND('',#1075,.T.);
#1229=FACE_BOUND('',#1076,.T.);
#1230=FACE_BOUND('',#1077,.T.);
#1231=FACE_BOUND('',#1078,.T.);
#1232=FACE_BOUND('',#1079,.T.);
#1233=FACE_BOUND('',#1080,.T.);
#1234=FACE_BOUND('',#1081,.T.);
#1235=FACE_BOUND('',#1082,.T.);
#1236=FACE_BOUND('',#1083,.T.);
#1237=FACE_BOUND('',#1084,.T.);
#1238=FACE_BOUND('',#1085,.T.);
#1239=FACE_BOUND('',#1086,.T.);
#1240=FACE_BOUND('',#1087,.T.);
#1241=FACE_BOUND('',#1088,.T.);
#1242=FACE_BOUND('',#1089,.T.);
#1243=FACE_BOUND('',#1090,.T.);
#1244=FACE_BOUND('',#1091,.T.);
#1245=FACE_BOUND('',#1092,.T.);
#1246=FACE_BOUND('',#1093,.T.);
#1247=FACE_BOUND('',#1094,.T.);
#1248=FACE_BOUND('',#1095,.T.);
#1249=FACE_BOUND('',#1096,.T.);
#1250=FACE_BOUND('',#1097,.T.);
#1251=FACE_BOUND('',#1098,.T.);
#1252=FACE_BOUND('',#1099,.T.);
#1253=FACE_BOUND('',#1100,.T.);
#1254=FACE_BOUND('',#1101,.T.);
#1255=FACE_BOUND('',#1102,.T.);
#1256=FACE_BOUND('',#1103,.T.);
#1257=FACE_BOUND('',#1104,.T.);
#1258=FACE_BOUND('',#1105,.T.);
#1259=FACE_BOUND('',#1106,.T.);
#1260=FACE_BOUND('',#1107,.T.);
#1261=FACE_BOUND('',#1108,.T.);
#1262=FACE_BOUND('',#1109,.T.);
#1263=FACE_BOUND('',#1110,.T.);
#1264=FACE_BOUND('',#1111,.T.);
#1265=FACE_BOUND('',#1112,.T.);
#1266=FACE_BOUND('',#1113,.T.);
#1267=FACE_BOUND('',#1114,.T.);
#1268=FACE_BOUND('',#1115,.T.);
#1269=FACE_BOUND('',#1116,.T.);
#1270=FACE_BOUND('',#1117,.T.);
#1271=FACE_BOUND('',#1118,.T.);
#1272=FACE_BOUND('',#1119,.T.);
#1273=FACE_BOUND('',#1120,.T.);
#1274=FACE_BOUND('',#1121,.T.);
#1275=FACE_BOUND('',#1122,.T.);
#1276=FACE_BOUND('',#1123,.T.);
#1277=FACE_BOUND('',#1124,.T.);
#1278=FACE_BOUND('',#1125,.T.);
#1279=FACE_BOUND('',#1126,.T.);
#1280=FACE_BOUND('',#1127,.T.);
#1281=FACE_BOUND('',#1128,.T.);
#1282=FACE_BOUND('',#1129,.T.);
#1283=FACE_BOUND('',#1130,.T.);
#1284=FACE_BOUND('',#1131,.T.);
#1285=FACE_BOUND('',#1132,.T.);
#1286=FACE_BOUND('',#1133,.T.);
#1287=FACE_BOUND('',#1134,.T.);
#1288=FACE_BOUND('',#1135,.T.);
#1289=FACE_BOUND('',#1136,.T.);
#1290=FACE_BOUND('',#1137,.T.);
#1291=FACE_BOUND('',#1138,.T.);
#1292=FACE_BOUND('',#1139,.T.);
#1293=FACE_BOUND('',#1140,.T.);
#1294=FACE_BOUND('',#1141,.T.);
#1295=FACE_BOUND('',#1142,.T.);
#1296=FACE_BOUND('',#1143,.T.);
#1297=FACE_BOUND('',#1144,.T.);
#1298=FACE_BOUND('',#1145,.T.);
#1299=FACE_BOUND('',#1146,.T.);
#1300=FACE_BOUND('',#1147,.T.);
#1301=FACE_BOUND('',#1148,.T.);
#1302=FACE_BOUND('',#1149,.T.);
#1303=FACE_BOUND('',#1150,.T.);
#1304=FACE_BOUND('',#1151,.T.);
#1305=FACE_BOUND('',#1152,.T.);
#1306=FACE_BOUND('',#1153,.T.);
#1307=FACE_BOUND('',#1154,.T.);
#1308=FACE_BOUND('',#1155,.T.);
#1309=FACE_BOUND('',#1156,.T.);
#1310=FACE_BOUND('',#1157,.T.);
#1311=FACE_BOUND('',#1158,.T.);
#1312=FACE_BOUND('',#1159,.T.);
#1313=FACE_BOUND('',#1160,.T.);
#1314=FACE_BOUND('',#1161,.T.);
#1315=FACE_BOUND('',#1162,.T.);
#1316=FACE_BOUND('',#1163,.T.);
#1317=FACE_BOUND('',#1164,.T.);
#1318=FACE_BOUND('',#1165,.T.);
#1319=FACE_BOUND('',#1166,.T.);
#1320=FACE_BOUND('',#1167,.T.);
#1321=FACE_BOUND('',#1168,.T.);
#1322=FACE_BOUND('',#1169,.T.);
#1323=FACE_BOUND('',#1170,.T.);
#1324=FACE_BOUND('',#1171,.T.);
#1325=FACE_BOUND('',#1172,.T.);
#1326=FACE_BOUND('',#1173,.T.);
#1327=FACE_BOUND('',#1174,.T.);
#1328=FACE_BOUND('',#1175,.T.);
#1329=FACE_BOUND('',#1176,.T.);
#1330=FACE_BOUND('',#1177,.T.);
#1331=FACE_BOUND('',#1178,.T.);
#1332=FACE_BOUND('',#1179,.T.);
#1333=FACE_BOUND('',#1180,.T.);
#1334=FACE_BOUND('',#1181,.T.);
#1335=FACE_BOUND('',#1182,.T.);
#1336=FACE_BOUND('',#1183,.T.);
#1337=FACE_BOUND('',#1184,.T.);
#1338=FACE_BOUND('',#1185,.T.);
#1339=FACE_BOUND('',#1186,.T.);
#1340=FACE_BOUND('',#1187,.T.);
#1341=FACE_BOUND('',#1188,.T.);
#1342=FACE_BOUND('',#1189,.T.);
#1343=FACE_BOUND('',#1190,.T.);
#1344=FACE_BOUND('',#1191,.T.);
#1345=FACE_BOUND('',#1192,.T.);
#1346=FACE_BOUND('',#1193,.T.);
#1347=FACE_BOUND('',#1194,.T.);
#1348=FACE_BOUND('',#1195,.T.);
#1349=FACE_BOUND('',#1196,.T.);
#1350=FACE_BOUND('',#1197,.T.);
#1351=FACE_BOUND('',#1198,.T.);
#1352=FACE_BOUND('',#1199,.T.);
#1353=FACE_BOUND('',#1200,.T.);
#1354=FACE_BOUND('',#1201,.T.);
#1355=FACE_BOUND('',#1202,.T.);
#1356=FACE_BOUND('',#1203,.T.);
#1357=FACE_BOUND('',#1204,.T.);
#1358=FACE_BOUND('',#1205,.T.);
#1359=FACE_BOUND('',#1206,.T.);
#1360=FACE_BOUND('',#1207,.T.);
#1361=FACE_BOUND('',#1208,.T.);
#1362=FACE_BOUND('',#1209,.T.);
#1363=FACE_BOUND('',#1210,.T.);
#1364=FACE_BOUND('',#1211,.T.);
#1365=PLANE('',#1591);
#1366=PLANE('',#1597);
#1367=PLANE('',#1609);
#1368=PLANE('',#1610);
#1369=PLANE('',#1611);
#1370=PLANE('',#1612);
#1371=PLANE('',#1613);
#1372=PLANE('',#1614);
#1373=PLANE('',#1626);
#1374=PLANE('',#1627);
#1375=PLANE('',#1628);
#1376=PLANE('',#1636);
#1377=PLANE('',#1637);
#1378=PLANE('',#1640);
#1379=PLANE('',#1643);
#1380=PLANE('',#1646);
#1381=PLANE('',#1649);
#1382=PLANE('',#1652);
#1383=PLANE('',#1655);
#1384=PLANE('',#1658);
#1385=PLANE('',#1661);
#1386=PLANE('',#1664);
#1387=PLANE('',#1667);
#1388=PLANE('',#1670);
#1389=PLANE('',#1673);
#1390=PLANE('',#1676);
#1391=PLANE('',#1679);
#1392=PLANE('',#1682);
#1393=PLANE('',#1685);
#1394=PLANE('',#1688);
#1395=PLANE('',#1691);
#1396=PLANE('',#1694);
#1397=PLANE('',#1697);
#1398=PLANE('',#1700);
#1399=PLANE('',#1703);
#1400=PLANE('',#1706);
#1401=PLANE('',#1707);
#1402=PLANE('',#1708);
#1403=PLANE('',#1709);
#1404=PLANE('',#1711);
#1405=PLANE('',#1712);
#1406=PLANE('',#1715);
#1407=PLANE('',#1720);
#1408=PLANE('',#1722);
#1409=PLANE('',#1723);
#1410=PLANE('',#1724);
#1411=PLANE('',#1725);
#1412=PLANE('',#1726);
#1413=PLANE('',#1727);
#1414=PLANE('',#1728);
#1415=PLANE('',#1729);
#1416=PLANE('',#1730);
#1417=PLANE('',#1731);
#1418=PLANE('',#1732);
#1419=PLANE('',#1733);
#1420=PLANE('',#1734);
#1421=PLANE('',#1735);
#1422=PLANE('',#1740);
#1423=PLANE('',#1741);
#1424=PLANE('',#1742);
#1425=PLANE('',#1744);
#1426=PLANE('',#1745);
#1427=PLANE('',#1749);
#1428=PLANE('',#1750);
#1429=PLANE('',#1751);
#1430=PLANE('',#1752);
#1431=PLANE('',#1753);
#1432=PLANE('',#1754);
#1433=PLANE('',#1755);
#1434=ADVANCED_FACE('',(#1212,#1213,#1214,#1215,#1216,#1217),#1365,.T.);
#1435=ADVANCED_FACE('',(#1218,#1219,#1220,#1221,#1222,#1223,#1224,#1225,
#1226,#1227,#1228,#1229),#1366,.T.);
#1436=ADVANCED_FACE('',(#1230),#1367,.F.);
#1437=ADVANCED_FACE('',(#1231),#1368,.T.);
#1438=ADVANCED_FACE('',(#1232),#1369,.T.);
#1439=ADVANCED_FACE('',(#1233),#1370,.F.);
#1440=ADVANCED_FACE('',(#1234),#1371,.F.);
#1441=ADVANCED_FACE('',(#1235,#1236,#1237,#1238,#1239,#1240,#1241,#1242,
#1243,#1244,#1245,#1246),#1372,.F.);
#1442=ADVANCED_FACE('',(#1247),#1373,.F.);
#1443=ADVANCED_FACE('',(#1248),#1374,.T.);
#1444=ADVANCED_FACE('',(#1249,#1250,#1251,#1252,#1253,#1254,#1255,#1256),
#1375,.T.);
#1445=ADVANCED_FACE('',(#1257),#1376,.T.);
#1446=ADVANCED_FACE('',(#1258),#1377,.T.);
#1447=ADVANCED_FACE('',(#1259,#1260),#20,.F.);
#1448=ADVANCED_FACE('',(#1261),#1378,.F.);
#1449=ADVANCED_FACE('',(#1262,#1263),#21,.F.);
#1450=ADVANCED_FACE('',(#1264),#1379,.F.);
#1451=ADVANCED_FACE('',(#1265,#1266),#22,.F.);
#1452=ADVANCED_FACE('',(#1267),#1380,.F.);
#1453=ADVANCED_FACE('',(#1268,#1269),#23,.F.);
#1454=ADVANCED_FACE('',(#1270),#1381,.F.);
#1455=ADVANCED_FACE('',(#1271,#1272),#24,.F.);
#1456=ADVANCED_FACE('',(#1273),#1382,.F.);
#1457=ADVANCED_FACE('',(#1274,#1275),#25,.F.);
#1458=ADVANCED_FACE('',(#1276),#1383,.F.);
#1459=ADVANCED_FACE('',(#1277,#1278),#26,.F.);
#1460=ADVANCED_FACE('',(#1279),#1384,.F.);
#1461=ADVANCED_FACE('',(#1280,#1281),#27,.F.);
#1462=ADVANCED_FACE('',(#1282),#1385,.F.);
#1463=ADVANCED_FACE('',(#1283,#1284),#28,.F.);
#1464=ADVANCED_FACE('',(#1285),#1386,.F.);
#1465=ADVANCED_FACE('',(#1286,#1287),#29,.F.);
#1466=ADVANCED_FACE('',(#1288),#1387,.F.);
#1467=ADVANCED_FACE('',(#1289,#1290),#30,.F.);
#1468=ADVANCED_FACE('',(#1291),#1388,.F.);
#1469=ADVANCED_FACE('',(#1292,#1293),#31,.F.);
#1470=ADVANCED_FACE('',(#1294),#1389,.F.);
#1471=ADVANCED_FACE('',(#1295,#1296),#32,.F.);
#1472=ADVANCED_FACE('',(#1297),#1390,.F.);
#1473=ADVANCED_FACE('',(#1298,#1299),#33,.F.);
#1474=ADVANCED_FACE('',(#1300),#1391,.F.);
#1475=ADVANCED_FACE('',(#1301,#1302),#34,.F.);
#1476=ADVANCED_FACE('',(#1303),#1392,.F.);
#1477=ADVANCED_FACE('',(#1304,#1305),#35,.F.);
#1478=ADVANCED_FACE('',(#1306),#1393,.F.);
#1479=ADVANCED_FACE('',(#1307,#1308),#36,.F.);
#1480=ADVANCED_FACE('',(#1309),#1394,.F.);
#1481=ADVANCED_FACE('',(#1310,#1311),#37,.F.);
#1482=ADVANCED_FACE('',(#1312),#1395,.F.);
#1483=ADVANCED_FACE('',(#1313,#1314),#38,.F.);
#1484=ADVANCED_FACE('',(#1315),#1396,.F.);
#1485=ADVANCED_FACE('',(#1316,#1317),#39,.F.);
#1486=ADVANCED_FACE('',(#1318),#1397,.F.);
#1487=ADVANCED_FACE('',(#1319,#1320),#40,.F.);
#1488=ADVANCED_FACE('',(#1321),#1398,.F.);
#1489=ADVANCED_FACE('',(#1322,#1323),#41,.F.);
#1490=ADVANCED_FACE('',(#1324),#1399,.F.);
#1491=ADVANCED_FACE('',(#1325,#1326),#42,.F.);
#1492=ADVANCED_FACE('',(#1327),#1400,.F.);
#1493=ADVANCED_FACE('',(#1328),#1401,.F.);
#1494=ADVANCED_FACE('',(#1329),#1402,.T.);
#1495=ADVANCED_FACE('',(#1330),#1403,.T.);
#1496=ADVANCED_FACE('',(#1331),#1404,.T.);
#1497=ADVANCED_FACE('',(#1332),#1405,.F.);
#1498=ADVANCED_FACE('',(#1333),#1406,.T.);
#1499=ADVANCED_FACE('',(#1334),#43,.T.);
#1500=ADVANCED_FACE('',(#1335),#44,.F.);
#1501=ADVANCED_FACE('',(#1336),#1407,.T.);
#1502=ADVANCED_FACE('',(#1337),#1408,.T.);
#1503=ADVANCED_FACE('',(#1338),#1409,.F.);
#1504=ADVANCED_FACE('',(#1339),#1410,.F.);
#1505=ADVANCED_FACE('',(#1340),#1411,.T.);
#1506=ADVANCED_FACE('',(#1341),#1412,.T.);
#1507=ADVANCED_FACE('',(#1342),#1413,.F.);
#1508=ADVANCED_FACE('',(#1343),#1414,.T.);
#1509=ADVANCED_FACE('',(#1344),#1415,.F.);
#1510=ADVANCED_FACE('',(#1345),#1416,.F.);
#1511=ADVANCED_FACE('',(#1346),#1417,.F.);
#1512=ADVANCED_FACE('',(#1347),#1418,.T.);
#1513=ADVANCED_FACE('',(#1348),#1419,.F.);
#1514=ADVANCED_FACE('',(#1349),#1420,.T.);
#1515=ADVANCED_FACE('',(#1350),#1421,.T.);
#1516=ADVANCED_FACE('',(#1351),#45,.T.);
#1517=ADVANCED_FACE('',(#1352),#1422,.T.);
#1518=ADVANCED_FACE('',(#1353),#1423,.F.);
#1519=ADVANCED_FACE('',(#1354),#1424,.T.);
#1520=ADVANCED_FACE('',(#1355),#1425,.F.);
#1521=ADVANCED_FACE('',(#1356),#1426,.T.);
#1522=ADVANCED_FACE('',(#1357),#46,.F.);
#1523=ADVANCED_FACE('',(#1358),#1427,.T.);
#1524=ADVANCED_FACE('',(#1359),#1428,.F.);
#1525=ADVANCED_FACE('',(#1360),#1429,.F.);
#1526=ADVANCED_FACE('',(#1361),#1430,.F.);
#1527=ADVANCED_FACE('',(#1362),#1431,.T.);
#1528=ADVANCED_FACE('',(#1363),#1432,.T.);
#1529=ADVANCED_FACE('',(#1364),#1433,.T.);
#1530=CLOSED_SHELL('',(#1434,#1435,#1436,#1437,#1438,#1439,#1440,#1441,
#1442,#1443,#1444,#1445,#1446,#1447,#1448,#1449,#1450,#1451,#1452,#1453,
#1454,#1455,#1456,#1457,#1458,#1459,#1460,#1461,#1462,#1463,#1464,#1465,
#1466,#1467,#1468,#1469,#1470,#1471,#1472,#1473,#1474,#1475,#1476,#1477,
#1478,#1479,#1480,#1481,#1482,#1483,#1484,#1485,#1486,#1487,#1488,#1489,
#1490,#1491,#1492,#1493,#1494,#1495));
#1531=CLOSED_SHELL('',(#1496,#1497,#1498,#1499,#1500,#1501));
#1532=CLOSED_SHELL('',(#1502,#1503,#1504,#1505,#1506,#1507,#1508,#1509,
#1510,#1511,#1512,#1513,#1514,#1515));
#1533=CLOSED_SHELL('',(#1516,#1517,#1518,#1519));
#1534=CLOSED_SHELL('',(#1520,#1521,#1522,#1523,#1524,#1525,#1526,#1527,
#1528,#1529));
#1535=STYLED_ITEM('',(#1540),#1575);
#1536=STYLED_ITEM('',(#1541),#1576);
#1537=STYLED_ITEM('',(#1542),#1577);
#1538=STYLED_ITEM('',(#1543),#1578);
#1539=STYLED_ITEM('',(#1544),#1579);
#1540=PRESENTATION_STYLE_ASSIGNMENT((#1545));
#1541=PRESENTATION_STYLE_ASSIGNMENT((#1546));
#1542=PRESENTATION_STYLE_ASSIGNMENT((#1547));
#1543=PRESENTATION_STYLE_ASSIGNMENT((#1548));
#1544=PRESENTATION_STYLE_ASSIGNMENT((#1549));
#1545=SURFACE_STYLE_USAGE(.BOTH.,#1550);
#1546=SURFACE_STYLE_USAGE(.BOTH.,#1551);
#1547=SURFACE_STYLE_USAGE(.BOTH.,#1552);
#1548=SURFACE_STYLE_USAGE(.BOTH.,#1553);
#1549=SURFACE_STYLE_USAGE(.BOTH.,#1554);
#1550=SURFACE_SIDE_STYLE('',(#1555));
#1551=SURFACE_SIDE_STYLE('',(#1556));
#1552=SURFACE_SIDE_STYLE('',(#1557));
#1553=SURFACE_SIDE_STYLE('',(#1558));
#1554=SURFACE_SIDE_STYLE('',(#1559));
#1555=SURFACE_STYLE_FILL_AREA(#1560);
#1556=SURFACE_STYLE_FILL_AREA(#1561);
#1557=SURFACE_STYLE_FILL_AREA(#1562);
#1558=SURFACE_STYLE_FILL_AREA(#1563);
#1559=SURFACE_STYLE_FILL_AREA(#1564);
#1560=FILL_AREA_STYLE('',(#1565));
#1561=FILL_AREA_STYLE('',(#1566));
#1562=FILL_AREA_STYLE('',(#1567));
#1563=FILL_AREA_STYLE('',(#1568));
#1564=FILL_AREA_STYLE('',(#1569));
#1565=FILL_AREA_STYLE_COLOUR('',#1570);
#1566=FILL_AREA_STYLE_COLOUR('',#1571);
#1567=FILL_AREA_STYLE_COLOUR('',#1572);
#1568=FILL_AREA_STYLE_COLOUR('',#1573);
#1569=FILL_AREA_STYLE_COLOUR('',#1574);
#1570=COLOUR_RGB('',0.917647058823529,0.917647058823529,0.917647058823529);
#1571=COLOUR_RGB('',0.768627450980392,0.886274509803922,0.952941176470588);
#1572=COLOUR_RGB('',0.980392156862745,0.713725490196078,0.00392156862745098);
#1573=COLOUR_RGB('',0.498039215686275,0.498039215686275,0.498039215686275);
#1574=COLOUR_RGB('',0.972549019607843,0.529411764705882,0.00392156862745098);
#1575=MANIFOLD_SOLID_BREP('lid',#1530);
#1576=MANIFOLD_SOLID_BREP('Part 13',#1531);
#1577=MANIFOLD_SOLID_BREP('Part 11',#1532);
#1578=MANIFOLD_SOLID_BREP('Part 9',#1533);
#1579=MANIFOLD_SOLID_BREP('Part 6',#1534);
#1580=SHAPE_DEFINITION_REPRESENTATION(#2667,#1585);
#1581=SHAPE_DEFINITION_REPRESENTATION(#2668,#1586);
#1582=SHAPE_DEFINITION_REPRESENTATION(#2669,#1587);
#1583=SHAPE_DEFINITION_REPRESENTATION(#2670,#1588);
#1584=SHAPE_DEFINITION_REPRESENTATION(#2671,#1589);
#1585=SHAPE_REPRESENTATION('lid',(#1590),#2642);
#1586=SHAPE_REPRESENTATION('Part 13',(#1710),#2643);
#1587=SHAPE_REPRESENTATION('Part 11',(#1721),#2644);
#1588=SHAPE_REPRESENTATION('Part 9',(#1736),#2645);
#1589=SHAPE_REPRESENTATION('Part 6',(#1743),#2646);
#1590=AXIS2_PLACEMENT_3D('',#2211,#1756,#1757);
#1591=AXIS2_PLACEMENT_3D('',#2212,#1758,#1759);
#1592=AXIS2_PLACEMENT_3D('',#2233,#1770,#1771);
#1593=AXIS2_PLACEMENT_3D('',#2235,#1772,#1773);
#1594=AXIS2_PLACEMENT_3D('',#2237,#1774,#1775);
#1595=AXIS2_PLACEMENT_3D('',#2239,#1776,#1777);
#1596=AXIS2_PLACEMENT_3D('',#2241,#1778,#1779);
#1597=AXIS2_PLACEMENT_3D('',#2243,#1780,#1781);
#1598=AXIS2_PLACEMENT_3D('',#2257,#1789,#1790);
#1599=AXIS2_PLACEMENT_3D('',#2261,#1792,#1793);
#1600=AXIS2_PLACEMENT_3D('',#2265,#1795,#1796);
#1601=AXIS2_PLACEMENT_3D('',#2269,#1798,#1799);
#1602=AXIS2_PLACEMENT_3D('',#2273,#1801,#1802);
#1603=AXIS2_PLACEMENT_3D('',#2277,#1804,#1805);
#1604=AXIS2_PLACEMENT_3D('',#2281,#1807,#1808);
#1605=AXIS2_PLACEMENT_3D('',#2285,#1810,#1811);
#1606=AXIS2_PLACEMENT_3D('',#2289,#1813,#1814);
#1607=AXIS2_PLACEMENT_3D('',#2293,#1816,#1817);
#1608=AXIS2_PLACEMENT_3D('',#2297,#1819,#1820);
#1609=AXIS2_PLACEMENT_3D('',#2298,#1821,#1822);
#1610=AXIS2_PLACEMENT_3D('',#2307,#1827,#1828);
#1611=AXIS2_PLACEMENT_3D('',#2316,#1833,#1834);
#1612=AXIS2_PLACEMENT_3D('',#2319,#1837,#1838);
#1613=AXIS2_PLACEMENT_3D('',#2326,#1843,#1844);
#1614=AXIS2_PLACEMENT_3D('',#2333,#1849,#1850);
#1615=AXIS2_PLACEMENT_3D('',#2334,#1851,#1852);
#1616=AXIS2_PLACEMENT_3D('',#2336,#1853,#1854);
#1617=AXIS2_PLACEMENT_3D('',#2338,#1855,#1856);
#1618=AXIS2_PLACEMENT_3D('',#2340,#1857,#1858);
#1619=AXIS2_PLACEMENT_3D('',#2342,#1859,#1860);
#1620=AXIS2_PLACEMENT_3D('',#2344,#1861,#1862);
#1621=AXIS2_PLACEMENT_3D('',#2346,#1863,#1864);
#1622=AXIS2_PLACEMENT_3D('',#2348,#1865,#1866);
#1623=AXIS2_PLACEMENT_3D('',#2350,#1867,#1868);
#1624=AXIS2_PLACEMENT_3D('',#2352,#1869,#1870);
#1625=AXIS2_PLACEMENT_3D('',#2354,#1871,#1872);
#1626=AXIS2_PLACEMENT_3D('',#2357,#1874,#1875);
#1627=AXIS2_PLACEMENT_3D('',#2359,#1877,#1878);
#1628=AXIS2_PLACEMENT_3D('',#2365,#1882,#1883);
#1629=AXIS2_PLACEMENT_3D('',#2366,#1884,#1885);
#1630=AXIS2_PLACEMENT_3D('',#2368,#1886,#1887);
#1631=AXIS2_PLACEMENT_3D('',#2370,#1888,#1889);
#1632=AXIS2_PLACEMENT_3D('',#2372,#1890,#1891);
#1633=AXIS2_PLACEMENT_3D('',#2374,#1892,#1893);
#1634=AXIS2_PLACEMENT_3D('',#2376,#1894,#1895);
#1635=AXIS2_PLACEMENT_3D('',#2378,#1896,#1897);
#1636=AXIS2_PLACEMENT_3D('',#2380,#1898,#1899);
#1637=AXIS2_PLACEMENT_3D('',#2382,#1901,#1902);
#1638=AXIS2_PLACEMENT_3D('',#2383,#1903,#1904);
#1639=AXIS2_PLACEMENT_3D('',#2384,#1905,#1906);
#1640=AXIS2_PLACEMENT_3D('',#2386,#1907,#1908);
#1641=AXIS2_PLACEMENT_3D('',#2387,#1909,#1910);
#1642=AXIS2_PLACEMENT_3D('',#2388,#1911,#1912);
#1643=AXIS2_PLACEMENT_3D('',#2390,#1913,#1914);
#1644=AXIS2_PLACEMENT_3D('',#2391,#1915,#1916);
#1645=AXIS2_PLACEMENT_3D('',#2392,#1917,#1918);
#1646=AXIS2_PLACEMENT_3D('',#2394,#1919,#1920);
#1647=AXIS2_PLACEMENT_3D('',#2395,#1921,#1922);
#1648=AXIS2_PLACEMENT_3D('',#2396,#1923,#1924);
#1649=AXIS2_PLACEMENT_3D('',#2398,#1925,#1926);
#1650=AXIS2_PLACEMENT_3D('',#2399,#1927,#1928);
#1651=AXIS2_PLACEMENT_3D('',#2400,#1929,#1930);
#1652=AXIS2_PLACEMENT_3D('',#2402,#1931,#1932);
#1653=AXIS2_PLACEMENT_3D('',#2403,#1933,#1934);
#1654=AXIS2_PLACEMENT_3D('',#2404,#1935,#1936);
#1655=AXIS2_PLACEMENT_3D('',#2406,#1937,#1938);
#1656=AXIS2_PLACEMENT_3D('',#2407,#1939,#1940);
#1657=AXIS2_PLACEMENT_3D('',#2408,#1941,#1942);
#1658=AXIS2_PLACEMENT_3D('',#2410,#1943,#1944);
#1659=AXIS2_PLACEMENT_3D('',#2411,#1945,#1946);
#1660=AXIS2_PLACEMENT_3D('',#2412,#1947,#1948);
#1661=AXIS2_PLACEMENT_3D('',#2414,#1949,#1950);
#1662=AXIS2_PLACEMENT_3D('',#2415,#1951,#1952);
#1663=AXIS2_PLACEMENT_3D('',#2416,#1953,#1954);
#1664=AXIS2_PLACEMENT_3D('',#2418,#1955,#1956);
#1665=AXIS2_PLACEMENT_3D('',#2419,#1957,#1958);
#1666=AXIS2_PLACEMENT_3D('',#2420,#1959,#1960);
#1667=AXIS2_PLACEMENT_3D('',#2422,#1961,#1962);
#1668=AXIS2_PLACEMENT_3D('',#2423,#1963,#1964);
#1669=AXIS2_PLACEMENT_3D('',#2424,#1965,#1966);
#1670=AXIS2_PLACEMENT_3D('',#2426,#1967,#1968);
#1671=AXIS2_PLACEMENT_3D('',#2427,#1969,#1970);
#1672=AXIS2_PLACEMENT_3D('',#2428,#1971,#1972);
#1673=AXIS2_PLACEMENT_3D('',#2430,#1973,#1974);
#1674=AXIS2_PLACEMENT_3D('',#2431,#1975,#1976);
#1675=AXIS2_PLACEMENT_3D('',#2432,#1977,#1978);
#1676=AXIS2_PLACEMENT_3D('',#2433,#1979,#1980);
#1677=AXIS2_PLACEMENT_3D('',#2434,#1981,#1982);
#1678=AXIS2_PLACEMENT_3D('',#2435,#1983,#1984);
#1679=AXIS2_PLACEMENT_3D('',#2436,#1985,#1986);
#1680=AXIS2_PLACEMENT_3D('',#2437,#1987,#1988);
#1681=AXIS2_PLACEMENT_3D('',#2438,#1989,#1990);
#1682=AXIS2_PLACEMENT_3D('',#2439,#1991,#1992);
#1683=AXIS2_PLACEMENT_3D('',#2440,#1993,#1994);
#1684=AXIS2_PLACEMENT_3D('',#2441,#1995,#1996);
#1685=AXIS2_PLACEMENT_3D('',#2442,#1997,#1998);
#1686=AXIS2_PLACEMENT_3D('',#2443,#1999,#2000);
#1687=AXIS2_PLACEMENT_3D('',#2444,#2001,#2002);
#1688=AXIS2_PLACEMENT_3D('',#2445,#2003,#2004);
#1689=AXIS2_PLACEMENT_3D('',#2446,#2005,#2006);
#1690=AXIS2_PLACEMENT_3D('',#2447,#2007,#2008);
#1691=AXIS2_PLACEMENT_3D('',#2448,#2009,#2010);
#1692=AXIS2_PLACEMENT_3D('',#2449,#2011,#2012);
#1693=AXIS2_PLACEMENT_3D('',#2450,#2013,#2014);
#1694=AXIS2_PLACEMENT_3D('',#2451,#2015,#2016);
#1695=AXIS2_PLACEMENT_3D('',#2452,#2017,#2018);
#1696=AXIS2_PLACEMENT_3D('',#2453,#2019,#2020);
#1697=AXIS2_PLACEMENT_3D('',#2454,#2021,#2022);
#1698=AXIS2_PLACEMENT_3D('',#2455,#2023,#2024);
#1699=AXIS2_PLACEMENT_3D('',#2456,#2025,#2026);
#1700=AXIS2_PLACEMENT_3D('',#2457,#2027,#2028);
#1701=AXIS2_PLACEMENT_3D('',#2458,#2029,#2030);
#1702=AXIS2_PLACEMENT_3D('',#2459,#2031,#2032);
#1703=AXIS2_PLACEMENT_3D('',#2460,#2033,#2034);
#1704=AXIS2_PLACEMENT_3D('',#2461,#2035,#2036);
#1705=AXIS2_PLACEMENT_3D('',#2462,#2037,#2038);
#1706=AXIS2_PLACEMENT_3D('',#2463,#2039,#2040);
#1707=AXIS2_PLACEMENT_3D('',#2464,#2041,#2042);
#1708=AXIS2_PLACEMENT_3D('',#2466,#2044,#2045);
#1709=AXIS2_PLACEMENT_3D('',#2468,#2047,#2048);
#1710=AXIS2_PLACEMENT_3D('',#2469,#2049,#2050);
#1711=AXIS2_PLACEMENT_3D('',#2470,#2051,#2052);
#1712=AXIS2_PLACEMENT_3D('',#2479,#2057,#2058);
#1713=AXIS2_PLACEMENT_3D('',#2480,#2059,#2060);
#1714=AXIS2_PLACEMENT_3D('',#2484,#2062,#2063);
#1715=AXIS2_PLACEMENT_3D('',#2485,#2064,#2065);
#1716=AXIS2_PLACEMENT_3D('',#2486,#2066,#2067);
#1717=AXIS2_PLACEMENT_3D('',#2488,#2068,#2069);
#1718=AXIS2_PLACEMENT_3D('',#2491,#2071,#2072);
#1719=AXIS2_PLACEMENT_3D('',#2493,#2074,#2075);
#1720=AXIS2_PLACEMENT_3D('',#2495,#2077,#2078);
#1721=AXIS2_PLACEMENT_3D('',#2496,#2079,#2080);
#1722=AXIS2_PLACEMENT_3D('',#2497,#2081,#2082);
#1723=AXIS2_PLACEMENT_3D('',#2506,#2087,#2088);
#1724=AXIS2_PLACEMENT_3D('',#2515,#2093,#2094);
#1725=AXIS2_PLACEMENT_3D('',#2524,#2099,#2100);
#1726=AXIS2_PLACEMENT_3D('',#2533,#2105,#2106);
#1727=AXIS2_PLACEMENT_3D('',#2546,#2115,#2116);
#1728=AXIS2_PLACEMENT_3D('',#2559,#2125,#2126);
#1729=AXIS2_PLACEMENT_3D('',#2561,#2128,#2129);
#1730=AXIS2_PLACEMENT_3D('',#2563,#2131,#2132);
#1731=AXIS2_PLACEMENT_3D('',#2565,#2134,#2135);
#1732=AXIS2_PLACEMENT_3D('',#2567,#2137,#2138);
#1733=AXIS2_PLACEMENT_3D('',#2568,#2139,#2140);
#1734=AXIS2_PLACEMENT_3D('',#2569,#2141,#2142);
#1735=AXIS2_PLACEMENT_3D('',#2570,#2143,#2144);
#1736=AXIS2_PLACEMENT_3D('',#2571,#2145,#2146);
#1737=AXIS2_PLACEMENT_3D('',#2572,#2147,#2148);
#1738=AXIS2_PLACEMENT_3D('',#2576,#2150,#2151);
#1739=AXIS2_PLACEMENT_3D('',#2580,#2153,#2154);
#1740=AXIS2_PLACEMENT_3D('',#2581,#2155,#2156);
#1741=AXIS2_PLACEMENT_3D('',#2583,#2158,#2159);
#1742=AXIS2_PLACEMENT_3D('',#2585,#2161,#2162);
#1743=AXIS2_PLACEMENT_3D('',#2586,#2163,#2164);
#1744=AXIS2_PLACEMENT_3D('',#2587,#2165,#2166);
#1745=AXIS2_PLACEMENT_3D('',#2596,#2171,#2172);
#1746=AXIS2_PLACEMENT_3D('',#2605,#2177,#2178);
#1747=AXIS2_PLACEMENT_3D('',#2606,#2179,#2180);
#1748=AXIS2_PLACEMENT_3D('',#2611,#2182,#2183);
#1749=AXIS2_PLACEMENT_3D('',#2614,#2185,#2186);
#1750=AXIS2_PLACEMENT_3D('',#2622,#2192,#2193);
#1751=AXIS2_PLACEMENT_3D('',#2630,#2199,#2200);
#1752=AXIS2_PLACEMENT_3D('',#2632,#2202,#2203);
#1753=AXIS2_PLACEMENT_3D('',#2634,#2205,#2206);
#1754=AXIS2_PLACEMENT_3D('',#2635,#2207,#2208);
#1755=AXIS2_PLACEMENT_3D('',#2636,#2209,#2210);
#1756=DIRECTION('',(0.,0.,1.));
#1757=DIRECTION('',(1.,0.,0.));
#1758=DIRECTION('',(1.,0.,0.));
#1759=DIRECTION('',(0.,1.,0.));
#1760=DIRECTION('',(0.,0.,1.));
#1761=DIRECTION('',(0.,1.,0.));
#1762=DIRECTION('',(0.,0.,1.));
#1763=DIRECTION('',(0.,1.,0.));
#1764=DIRECTION('',(0.,0.258819045102521,-0.965925826289068));
#1765=DIRECTION('',(0.,1.,0.));
#1766=DIRECTION('',(0.,0.,-1.));
#1767=DIRECTION('',(0.,1.,0.));
#1768=DIRECTION('',(0.,0.,1.));
#1769=DIRECTION('',(0.,1.,0.));
#1770=DIRECTION('',(1.,0.,0.));
#1771=DIRECTION('',(0.,0.,-1.));
#1772=DIRECTION('',(1.,0.,0.));
#1773=DIRECTION('',(0.,0.,-1.));
#1774=DIRECTION('',(1.,0.,0.));
#1775=DIRECTION('',(0.,0.,-1.));
#1776=DIRECTION('',(1.,0.,0.));
#1777=DIRECTION('',(0.,0.,-1.));
#1778=DIRECTION('',(1.,0.,0.));
#1779=DIRECTION('',(0.,0.,-1.));
#1780=DIRECTION('',(0.,0.,1.));
#1781=DIRECTION('',(1.,0.,0.));
#1782=DIRECTION('',(-1.,0.,0.));
#1783=DIRECTION('',(1.,0.,0.));
#1784=DIRECTION('',(3.60462020982194E-16,-1.,0.));
#1785=DIRECTION('',(1.,0.,0.));
#1786=DIRECTION('',(-1.,0.,0.));
#1787=DIRECTION('',(0.,1.,0.));
#1788=DIRECTION('',(-1.,-1.78642463930697E-15,0.));
#1789=DIRECTION('',(0.,0.,1.));
#1790=DIRECTION('',(1.78642463930697E-15,-1.,0.));
#1791=DIRECTION('',(-1.,-1.78642463930697E-15,0.));
#1792=DIRECTION('',(0.,0.,1.));
#1793=DIRECTION('',(1.78642463930697E-15,-1.,0.));
#1794=DIRECTION('',(-1.,-1.78642463930697E-15,0.));
#1795=DIRECTION('',(0.,0.,1.));
#1796=DIRECTION('',(1.78642463930697E-15,-1.,0.));
#1797=DIRECTION('',(-1.,-1.78642463930697E-15,0.));
#1798=DIRECTION('',(0.,0.,1.));
#1799=DIRECTION('',(1.78642463930697E-15,-1.,0.));
#1800=DIRECTION('',(-1.,-1.78642463930697E-15,0.));
#1801=DIRECTION('',(0.,0.,1.));
#1802=DIRECTION('',(1.78642463930697E-15,-1.,0.));
#1803=DIRECTION('',(-1.,-1.78642463930697E-15,0.));
#1804=DIRECTION('',(0.,0.,1.));
#1805=DIRECTION('',(1.78642463930697E-15,-1.,0.));
#1806=DIRECTION('',(-1.,-1.78642463930697E-15,0.));
#1807=DIRECTION('',(0.,0.,1.));
#1808=DIRECTION('',(1.78642463930697E-15,-1.,0.));
#1809=DIRECTION('',(-1.,-1.78642463930697E-15,0.));
#1810=DIRECTION('',(0.,0.,1.));
#1811=DIRECTION('',(1.78642463930697E-15,-1.,0.));
#1812=DIRECTION('',(-1.,-1.78642463930697E-15,0.));
#1813=DIRECTION('',(0.,0.,1.));
#1814=DIRECTION('',(1.78642463930697E-15,-1.,0.));
#1815=DIRECTION('',(-1.,-1.78642463930697E-15,0.));
#1816=DIRECTION('',(0.,0.,1.));
#1817=DIRECTION('',(1.78642463930697E-15,-1.,0.));
#1818=DIRECTION('',(-1.,-1.78642463930697E-15,0.));
#1819=DIRECTION('',(0.,0.,1.));
#1820=DIRECTION('',(1.78642463930697E-15,-1.,0.));
#1821=DIRECTION('',(0.,1.,0.));
#1822=DIRECTION('',(0.,0.,1.));
#1823=DIRECTION('',(0.,0.,-1.));
#1824=DIRECTION('',(1.,0.,0.));
#1825=DIRECTION('',(0.,0.,1.));
#1826=DIRECTION('',(1.,0.,0.));
#1827=DIRECTION('',(1.,-1.38777878078144E-15,0.));
#1828=DIRECTION('',(1.38777878078144E-15,1.,0.));
#1829=DIRECTION('',(-1.38777878078144E-15,-1.,0.));
#1830=DIRECTION('',(0.,0.,-1.));
#1831=DIRECTION('',(-1.38777878078144E-15,-1.,0.));
#1832=DIRECTION('',(0.,0.,-1.));
#1833=DIRECTION('',(0.,0.,-1.));
#1834=DIRECTION('',(1.,0.,0.));
#1835=DIRECTION('',(-1.,-1.15168363550327E-16,0.));
#1836=DIRECTION('',(1.,0.,0.));
#1837=DIRECTION('',(0.,0.,1.));
#1838=DIRECTION('',(1.,0.,0.));
#1839=DIRECTION('',(-1.,-1.15168363550327E-16,0.));
#1840=DIRECTION('',(0.,-1.,0.));
#1841=DIRECTION('',(3.60462020982194E-16,-1.,0.));
#1842=DIRECTION('',(1.,0.,0.));
#1843=DIRECTION('',(0.,0.,1.));
#1844=DIRECTION('',(1.,0.,0.));
#1845=DIRECTION('',(1.,0.,0.));
#1846=DIRECTION('',(3.60462020982194E-16,-1.,0.));
#1847=DIRECTION('',(0.,-1.,0.));
#1848=DIRECTION('',(-1.,-1.15168363550327E-16,0.));
#1849=DIRECTION('',(0.,0.965925826289068,0.258819045102521));
#1850=DIRECTION('',(0.,-0.258819045102521,0.965925826289068));
#1851=DIRECTION('',(0.,0.965925826289068,0.258819045102521));
#1852=DIRECTION('',(0.,-0.258819045102521,0.965925826289068));
#1853=DIRECTION('',(0.,0.965925826289068,0.258819045102521));
#1854=DIRECTION('',(0.,-0.258819045102521,0.965925826289068));
#1855=DIRECTION('',(0.,0.965925826289068,0.258819045102521));
#1856=DIRECTION('',(0.,-0.258819045102521,0.965925826289068));
#1857=DIRECTION('',(0.,0.965925826289068,0.258819045102521));
#1858=DIRECTION('',(0.,-0.258819045102521,0.965925826289068));
#1859=DIRECTION('',(0.,0.965925826289068,0.258819045102521));
#1860=DIRECTION('',(0.,-0.258819045102521,0.965925826289068));
#1861=DIRECTION('',(0.,0.965925826289068,0.258819045102521));
#1862=DIRECTION('',(0.,-0.258819045102521,0.965925826289068));
#1863=DIRECTION('',(0.,0.965925826289068,0.258819045102521));
#1864=DIRECTION('',(0.,-0.258819045102521,0.965925826289068));
#1865=DIRECTION('',(0.,0.965925826289068,0.258819045102521));
#1866=DIRECTION('',(0.,-0.258819045102521,0.965925826289068));
#1867=DIRECTION('',(0.,0.965925826289068,0.258819045102521));
#1868=DIRECTION('',(0.,-0.258819045102521,0.965925826289068));
#1869=DIRECTION('',(0.,0.965925826289068,0.258819045102521));
#1870=DIRECTION('',(0.,-0.258819045102521,0.965925826289068));
#1871=DIRECTION('',(0.,0.965925826289068,0.258819045102521));
#1872=DIRECTION('',(0.,-0.258819045102521,0.965925826289068));
#1873=DIRECTION('',(9.32944360663361E-17,-0.258819045102521,0.965925826289068));
#1874=DIRECTION('',(0.,-1.,0.));
#1875=DIRECTION('',(0.,0.,-1.));
#1876=DIRECTION('',(0.,0.,-1.));
#1877=DIRECTION('',(0.,0.,1.));
#1878=DIRECTION('',(1.,0.,0.));
#1879=DIRECTION('',(-1.,0.,0.));
#1880=DIRECTION('',(0.,1.,0.));
#1881=DIRECTION('',(-1.,0.,0.));
#1882=DIRECTION('',(-1.,-3.60462020982194E-16,0.));
#1883=DIRECTION('',(3.60462020982194E-16,-1.,0.));
#1884=DIRECTION('',(1.,3.60462020982194E-16,0.));
#1885=DIRECTION('',(-3.60462020982194E-16,1.,0.));
#1886=DIRECTION('',(1.,3.60462020982194E-16,0.));
#1887=DIRECTION('',(-3.60462020982194E-16,1.,0.));
#1888=DIRECTION('',(1.,3.60462020982194E-16,0.));
#1889=DIRECTION('',(-3.60462020982194E-16,1.,0.));
#1890=DIRECTION('',(1.,3.60462020982194E-16,0.));
#1891=DIRECTION('',(-3.60462020982194E-16,1.,0.));
#1892=DIRECTION('',(1.,3.60462020982194E-16,0.));
#1893=DIRECTION('',(-3.60462020982194E-16,1.,0.));
#1894=DIRECTION('',(1.,3.60462020982194E-16,0.));
#1895=DIRECTION('',(-3.60462020982194E-16,1.,0.));
#1896=DIRECTION('',(1.,3.60462020982194E-16,0.));
#1897=DIRECTION('',(-3.60462020982194E-16,1.,0.));
#1898=DIRECTION('',(1.,0.,0.));
#1899=DIRECTION('',(0.,0.,-1.));
#1900=DIRECTION('',(0.,0.,-1.));
#1901=DIRECTION('',(1.15168363550327E-16,-1.,0.));
#1902=DIRECTION('',(1.,1.15168363550327E-16,0.));
#1903=DIRECTION('',(-1.,-3.60462020982194E-16,0.));
#1904=DIRECTION('',(3.60462020982194E-16,-1.,0.));
#1905=DIRECTION('',(1.,3.60462020982194E-16,0.));
#1906=DIRECTION('',(-3.60462020982194E-16,1.,0.));
#1907=DIRECTION('',(1.,3.60462020982194E-16,0.));
#1908=DIRECTION('',(-3.60462020982194E-16,1.,0.));
#1909=DIRECTION('',(-1.,-3.60462020982194E-16,0.));
#1910=DIRECTION('',(3.60462020982194E-16,-1.,0.));
#1911=DIRECTION('',(1.,3.60462020982194E-16,0.));
#1912=DIRECTION('',(-3.60462020982194E-16,1.,0.));
#1913=DIRECTION('',(1.,3.60462020982194E-16,0.));
#1914=DIRECTION('',(-3.60462020982194E-16,1.,0.));
#1915=DIRECTION('',(-1.,-3.60462020982194E-16,0.));
#1916=DIRECTION('',(3.60462020982194E-16,-1.,0.));
#1917=DIRECTION('',(1.,3.60462020982194E-16,0.));
#1918=DIRECTION('',(-3.60462020982194E-16,1.,0.));
#1919=DIRECTION('',(1.,3.60462020982194E-16,0.));
#1920=DIRECTION('',(-3.60462020982194E-16,1.,0.));
#1921=DIRECTION('',(-1.,-3.60462020982194E-16,0.));
#1922=DIRECTION('',(3.60462020982194E-16,-1.,0.));
#1923=DIRECTION('',(1.,3.60462020982194E-16,0.));
#1924=DIRECTION('',(-3.60462020982194E-16,1.,0.));
#1925=DIRECTION('',(1.,3.60462020982194E-16,0.));
#1926=DIRECTION('',(-3.60462020982194E-16,1.,0.));
#1927=DIRECTION('',(-1.,-3.60462020982194E-16,0.));
#1928=DIRECTION('',(3.60462020982194E-16,-1.,0.));
#1929=DIRECTION('',(1.,3.60462020982194E-16,0.));
#1930=DIRECTION('',(-3.60462020982194E-16,1.,0.));
#1931=DIRECTION('',(1.,3.60462020982194E-16,0.));
#1932=DIRECTION('',(-3.60462020982194E-16,1.,0.));
#1933=DIRECTION('',(-1.,-3.60462020982194E-16,0.));
#1934=DIRECTION('',(3.60462020982194E-16,-1.,0.));
#1935=DIRECTION('',(1.,3.60462020982194E-16,0.));
#1936=DIRECTION('',(-3.60462020982194E-16,1.,0.));
#1937=DIRECTION('',(1.,3.60462020982194E-16,0.));
#1938=DIRECTION('',(-3.60462020982194E-16,1.,0.));
#1939=DIRECTION('',(-1.,-3.60462020982194E-16,0.));
#1940=DIRECTION('',(3.60462020982194E-16,-1.,0.));
#1941=DIRECTION('',(1.,3.60462020982194E-16,0.));
#1942=DIRECTION('',(-3.60462020982194E-16,1.,0.));
#1943=DIRECTION('',(1.,3.60462020982194E-16,0.));
#1944=DIRECTION('',(-3.60462020982194E-16,1.,0.));
#1945=DIRECTION('',(-1.,0.,0.));
#1946=DIRECTION('',(0.,0.,1.));
#1947=DIRECTION('',(-1.,0.,0.));
#1948=DIRECTION('',(0.,0.,1.));
#1949=DIRECTION('',(-1.,0.,0.));
#1950=DIRECTION('',(0.,-1.,0.));
#1951=DIRECTION('',(-1.,0.,0.));
#1952=DIRECTION('',(0.,0.,1.));
#1953=DIRECTION('',(-1.,0.,0.));
#1954=DIRECTION('',(0.,0.,1.));
#1955=DIRECTION('',(-1.,0.,0.));
#1956=DIRECTION('',(0.,-1.,0.));
#1957=DIRECTION('',(-1.,0.,0.));
#1958=DIRECTION('',(0.,0.,1.));
#1959=DIRECTION('',(-1.,0.,0.));
#1960=DIRECTION('',(0.,0.,1.));
#1961=DIRECTION('',(-1.,0.,0.));
#1962=DIRECTION('',(0.,-1.,0.));
#1963=DIRECTION('',(-1.,0.,0.));
#1964=DIRECTION('',(0.,0.,1.));
#1965=DIRECTION('',(-1.,0.,0.));
#1966=DIRECTION('',(0.,0.,1.));
#1967=DIRECTION('',(-1.,0.,0.));
#1968=DIRECTION('',(0.,-1.,0.));
#1969=DIRECTION('',(-1.,0.,0.));
#1970=DIRECTION('',(0.,0.,1.));
#1971=DIRECTION('',(-1.,0.,0.));
#1972=DIRECTION('',(0.,0.,1.));
#1973=DIRECTION('',(-1.,0.,0.));
#1974=DIRECTION('',(0.,-1.,0.));
#1975=DIRECTION('',(1.72555369582573E-15,-0.965925826289068,-0.258819045102521));
#1976=DIRECTION('',(0.,0.258819045102521,-0.965925826289068));
#1977=DIRECTION('',(-1.72555369582573E-15,0.965925826289069,0.258819045102521));
#1978=DIRECTION('',(0.,-0.258819045102521,0.965925826289068));
#1979=DIRECTION('',(-1.72555369582573E-15,0.965925826289069,0.258819045102521));
#1980=DIRECTION('',(-1.,-1.66675687944662E-15,-4.46606159826741E-16));
#1981=DIRECTION('',(1.72555369582573E-15,-0.965925826289068,-0.258819045102521));
#1982=DIRECTION('',(0.,0.258819045102521,-0.965925826289068));
#1983=DIRECTION('',(-1.72555369582573E-15,0.965925826289069,0.258819045102521));
#1984=DIRECTION('',(0.,-0.258819045102521,0.965925826289068));
#1985=DIRECTION('',(-1.72555369582573E-15,0.965925826289069,0.258819045102521));
#1986=DIRECTION('',(-1.,-1.66675687944662E-15,-4.46606159826741E-16));
#1987=DIRECTION('',(1.72555369582573E-15,-0.965925826289068,-0.258819045102521));
#1988=DIRECTION('',(0.,0.258819045102521,-0.965925826289068));
#1989=DIRECTION('',(-1.72555369582573E-15,0.965925826289069,0.258819045102521));
#1990=DIRECTION('',(0.,-0.258819045102521,0.965925826289068));
#1991=DIRECTION('',(-1.72555369582573E-15,0.965925826289069,0.258819045102521));
#1992=DIRECTION('',(-1.,-1.66675687944662E-15,-4.46606159826741E-16));
#1993=DIRECTION('',(1.72555369582573E-15,-0.965925826289068,-0.258819045102521));
#1994=DIRECTION('',(0.,0.258819045102521,-0.965925826289068));
#1995=DIRECTION('',(-1.72555369582573E-15,0.965925826289069,0.258819045102521));
#1996=DIRECTION('',(0.,-0.258819045102521,0.965925826289068));
#1997=DIRECTION('',(-1.72555369582573E-15,0.965925826289069,0.258819045102521));
#1998=DIRECTION('',(-1.,-1.66675687944662E-15,-4.46606159826741E-16));
#1999=DIRECTION('',(1.72555369582573E-15,-0.965925826289068,-0.258819045102521));
#2000=DIRECTION('',(0.,0.258819045102521,-0.965925826289068));
#2001=DIRECTION('',(-1.72555369582573E-15,0.965925826289069,0.258819045102521));
#2002=DIRECTION('',(0.,-0.258819045102521,0.965925826289068));
#2003=DIRECTION('',(-1.72555369582573E-15,0.965925826289069,0.258819045102521));
#2004=DIRECTION('',(-1.,-1.66675687944662E-15,-4.46606159826741E-16));
#2005=DIRECTION('',(1.72555369582573E-15,-0.965925826289068,-0.258819045102521));
#2006=DIRECTION('',(0.,0.258819045102521,-0.965925826289068));
#2007=DIRECTION('',(-1.72555369582573E-15,0.965925826289069,0.258819045102521));
#2008=DIRECTION('',(0.,-0.258819045102521,0.965925826289068));
#2009=DIRECTION('',(-1.72555369582573E-15,0.965925826289069,0.258819045102521));
#2010=DIRECTION('',(-1.,-1.66675687944662E-15,-4.46606159826741E-16));
#2011=DIRECTION('',(1.72555369582573E-15,-0.965925826289068,-0.258819045102521));
#2012=DIRECTION('',(0.,0.258819045102521,-0.965925826289068));
#2013=DIRECTION('',(-1.72555369582573E-15,0.965925826289069,0.258819045102521));
#2014=DIRECTION('',(0.,-0.258819045102521,0.965925826289068));
#2015=DIRECTION('',(-1.72555369582573E-15,0.965925826289069,0.258819045102521));
#2016=DIRECTION('',(-1.,-1.66675687944662E-15,-4.46606159826741E-16));
#2017=DIRECTION('',(1.72555369582573E-15,-0.965925826289068,-0.258819045102521));
#2018=DIRECTION('',(0.,0.258819045102521,-0.965925826289068));
#2019=DIRECTION('',(-1.72555369582573E-15,0.965925826289069,0.258819045102521));
#2020=DIRECTION('',(0.,-0.258819045102521,0.965925826289068));
#2021=DIRECTION('',(-1.72555369582573E-15,0.965925826289069,0.258819045102521));
#2022=DIRECTION('',(-1.,-1.66675687944662E-15,-4.46606159826741E-16));
#2023=DIRECTION('',(1.72555369582573E-15,-0.965925826289068,-0.258819045102521));
#2024=DIRECTION('',(0.,0.258819045102521,-0.965925826289068));
#2025=DIRECTION('',(-1.72555369582573E-15,0.965925826289069,0.258819045102521));
#2026=DIRECTION('',(0.,-0.258819045102521,0.965925826289068));
#2027=DIRECTION('',(-1.72555369582573E-15,0.965925826289069,0.258819045102521));
#2028=DIRECTION('',(-1.,-1.66675687944662E-15,-4.46606159826741E-16));
#2029=DIRECTION('',(1.72555369582573E-15,-0.965925826289068,-0.258819045102521));
#2030=DIRECTION('',(0.,0.258819045102521,-0.965925826289068));
#2031=DIRECTION('',(-1.72555369582573E-15,0.965925826289069,0.258819045102521));
#2032=DIRECTION('',(0.,-0.258819045102521,0.965925826289068));
#2033=DIRECTION('',(-1.72555369582573E-15,0.965925826289069,0.258819045102521));
#2034=DIRECTION('',(-1.,-1.66675687944662E-15,-4.46606159826741E-16));
#2035=DIRECTION('',(1.72555369582573E-15,-0.965925826289068,-0.258819045102521));
#2036=DIRECTION('',(0.,0.258819045102521,-0.965925826289068));
#2037=DIRECTION('',(-1.72555369582573E-15,0.965925826289069,0.258819045102521));
#2038=DIRECTION('',(0.,-0.258819045102521,0.965925826289068));
#2039=DIRECTION('',(-1.72555369582573E-15,0.965925826289069,0.258819045102521));
#2040=DIRECTION('',(-1.,-1.66675687944662E-15,-4.46606159826741E-16));
#2041=DIRECTION('',(0.,1.,0.));
#2042=DIRECTION('',(0.,0.,1.));
#2043=DIRECTION('',(0.,0.,1.));
#2044=DIRECTION('',(1.,0.,0.));
#2045=DIRECTION('',(0.,0.,-1.));
#2046=DIRECTION('',(0.,0.,1.));
#2047=DIRECTION('',(0.,1.,0.));
#2048=DIRECTION('',(0.,0.,1.));
#2049=DIRECTION('',(0.,0.,1.));
#2050=DIRECTION('',(1.,0.,0.));
#2051=DIRECTION('',(1.,0.,0.));
#2052=DIRECTION('',(0.,1.,0.));
#2053=DIRECTION('',(0.,1.,0.));
#2054=DIRECTION('',(0.,0.,-1.));
#2055=DIRECTION('',(0.,1.,0.));
#2056=DIRECTION('',(0.,0.,-1.));
#2057=DIRECTION('',(0.,0.,1.));
#2058=DIRECTION('',(1.,0.,0.));
#2059=DIRECTION('',(0.,0.,1.));
#2060=DIRECTION('',(1.,0.,0.));
#2061=DIRECTION('',(0.,1.,0.));
#2062=DIRECTION('',(0.,0.,1.));
#2063=DIRECTION('',(1.,0.,0.));
#2064=DIRECTION('',(0.,0.,1.));
#2065=DIRECTION('',(1.,0.,0.));
#2066=DIRECTION('',(0.,0.,1.));
#2067=DIRECTION('',(1.,0.,0.));
#2068=DIRECTION('',(0.,0.,1.));
#2069=DIRECTION('',(1.,0.,0.));
#2070=DIRECTION('',(0.,1.,0.));
#2071=DIRECTION('',(0.,0.,-1.));
#2072=DIRECTION('',(-1.,0.,0.));
#2073=DIRECTION('',(0.,0.,-1.));
#2074=DIRECTION('',(0.,0.,-1.));
#2075=DIRECTION('',(-1.,0.,0.));
#2076=DIRECTION('',(0.,0.,-1.));
#2077=DIRECTION('',(1.,0.,0.));
#2078=DIRECTION('',(0.,1.,0.));
#2079=DIRECTION('',(0.,0.,1.));
#2080=DIRECTION('',(1.,0.,0.));
#2081=DIRECTION('',(0.,-1.,0.));
#2082=DIRECTION('',(0.,0.,-1.));
#2083=DIRECTION('',(-1.,0.,0.));
#2084=DIRECTION('',(0.,0.,1.));
#2085=DIRECTION('',(-1.,0.,0.));
#2086=DIRECTION('',(0.,0.,-1.));
#2087=DIRECTION('',(0.,-1.,0.));
#2088=DIRECTION('',(0.,0.,-1.));
#2089=DIRECTION('',(0.,0.,1.));
#2090=DIRECTION('',(-1.,0.,0.));
#2091=DIRECTION('',(0.,0.,-1.));
#2092=DIRECTION('',(-1.,0.,0.));
#2093=DIRECTION('',(0.,-1.,0.));
#2094=DIRECTION('',(0.,0.,-1.));
#2095=DIRECTION('',(0.,0.,1.));
#2096=DIRECTION('',(-1.,0.,0.));
#2097=DIRECTION('',(0.,0.,-1.));
#2098=DIRECTION('',(-1.,0.,0.));
#2099=DIRECTION('',(0.,-1.,0.));
#2100=DIRECTION('',(0.,0.,-1.));
#2101=DIRECTION('',(-1.,0.,0.));
#2102=DIRECTION('',(0.,0.,1.));
#2103=DIRECTION('',(-1.,0.,0.));
#2104=DIRECTION('',(0.,0.,-1.));
#2105=DIRECTION('',(0.,0.,1.));
#2106=DIRECTION('',(1.,0.,0.));
#2107=DIRECTION('',(0.,1.,0.));
#2108=DIRECTION('',(-0.707106781186548,0.707106781186547,0.));
#2109=DIRECTION('',(1.15648231731788E-15,1.,0.));
#2110=DIRECTION('',(-0.707106781186548,-0.707106781186547,0.));
#2111=DIRECTION('',(0.,1.,0.));
#2112=DIRECTION('',(0.707106781186548,0.707106781186548,0.));
#2113=DIRECTION('',(0.,-1.,0.));
#2114=DIRECTION('',(0.707106781186547,-0.707106781186548,0.));
#2115=DIRECTION('',(0.,0.,1.));
#2116=DIRECTION('',(1.,0.,0.));
#2117=DIRECTION('',(0.,1.,0.));
#2118=DIRECTION('',(0.707106781186547,-0.707106781186548,0.));
#2119=DIRECTION('',(0.,-1.,0.));
#2120=DIRECTION('',(0.707106781186548,0.707106781186548,0.));
#2121=DIRECTION('',(0.,1.,0.));
#2122=DIRECTION('',(-0.707106781186548,-0.707106781186547,0.));
#2123=DIRECTION('',(1.15648231731788E-15,1.,0.));
#2124=DIRECTION('',(-0.707106781186548,0.707106781186547,0.));
#2125=DIRECTION('',(-0.707106781186548,0.707106781186548,0.));
#2126=DIRECTION('',(-0.707106781186548,-0.707106781186548,0.));
#2127=DIRECTION('',(0.,0.,-1.));
#2128=DIRECTION('',(1.,0.,0.));
#2129=DIRECTION('',(0.,0.,-1.));
#2130=DIRECTION('',(0.,0.,-1.));
#2131=DIRECTION('',(-0.707106781186547,-0.707106781186548,0.));
#2132=DIRECTION('',(0.707106781186548,-0.707106781186547,0.));
#2133=DIRECTION('',(0.,0.,-1.));
#2134=DIRECTION('',(-1.,1.15648231731788E-15,0.));
#2135=DIRECTION('',(-1.15648231731788E-15,-1.,0.));
#2136=DIRECTION('',(0.,0.,-1.));
#2137=DIRECTION('',(0.707106781186547,-0.707106781186548,0.));
#2138=DIRECTION('',(0.707106781186548,0.707106781186547,0.));
#2139=DIRECTION('',(0.707106781186548,0.707106781186547,0.));
#2140=DIRECTION('',(-0.707106781186547,0.707106781186548,0.));
#2141=DIRECTION('',(1.,0.,0.));
#2142=DIRECTION('',(0.,1.,0.));
#2143=DIRECTION('',(1.,0.,0.));
#2144=DIRECTION('',(0.,1.,0.));
#2145=DIRECTION('',(0.,0.,1.));
#2146=DIRECTION('',(1.,0.,0.));
#2147=DIRECTION('',(0.,0.,-1.));
#2148=DIRECTION('',(-1.,0.,0.));
#2149=DIRECTION('',(0.,0.,-1.));
#2150=DIRECTION('',(0.,0.,1.));
#2151=DIRECTION('',(1.,0.,0.));
#2152=DIRECTION('',(0.,0.,-1.));
#2153=DIRECTION('',(0.,0.,1.));
#2154=DIRECTION('',(1.,0.,0.));
#2155=DIRECTION('',(0.,0.,1.));
#2156=DIRECTION('',(1.,0.,0.));
#2157=DIRECTION('',(0.,1.,0.));
#2158=DIRECTION('',(0.,0.,1.));
#2159=DIRECTION('',(1.,0.,0.));
#2160=DIRECTION('',(0.,1.,0.));
#2161=DIRECTION('',(1.,0.,0.));
#2162=DIRECTION('',(0.,1.,0.));
#2163=DIRECTION('',(0.,0.,1.));
#2164=DIRECTION('',(1.,0.,0.));
#2165=DIRECTION('',(0.,-1.,0.));
#2166=DIRECTION('',(0.,0.,-1.));
#2167=DIRECTION('',(0.,0.,1.));
#2168=DIRECTION('',(-1.,0.,0.));
#2169=DIRECTION('',(0.,0.,-1.));
#2170=DIRECTION('',(-1.,0.,0.));
#2171=DIRECTION('',(0.,-1.,0.));
#2172=DIRECTION('',(0.,0.,-1.));
#2173=DIRECTION('',(-1.,0.,0.));
#2174=DIRECTION('',(0.,0.,1.));
#2175=DIRECTION('',(-1.,0.,0.));
#2176=DIRECTION('',(0.,0.,-1.));
#2177=DIRECTION('',(0.,0.,-1.));
#2178=DIRECTION('',(-1.,0.,0.));
#2179=DIRECTION('',(0.,0.,1.));
#2180=DIRECTION('',(1.,0.,0.));
#2181=DIRECTION('',(0.,0.,-1.));
#2182=DIRECTION('',(0.,0.,1.));
#2183=DIRECTION('',(1.,0.,0.));
#2184=DIRECTION('',(0.,0.,-1.));
#2185=DIRECTION('',(0.,0.,1.));
#2186=DIRECTION('',(1.,0.,0.));
#2187=DIRECTION('',(0.,1.,0.));
#2188=DIRECTION('',(0.,1.,0.));
#2189=DIRECTION('',(-0.707106781186548,-0.707106781186547,0.));
#2190=DIRECTION('',(1.15648231731788E-15,-1.,0.));
#2191=DIRECTION('',(-0.707106781186548,0.707106781186547,0.));
#2192=DIRECTION('',(0.,0.,1.));
#2193=DIRECTION('',(1.,0.,0.));
#2194=DIRECTION('',(0.,1.,0.));
#2195=DIRECTION('',(-0.707106781186548,0.707106781186547,0.));
#2196=DIRECTION('',(1.15648231731788E-15,-1.,0.));
#2197=DIRECTION('',(-0.707106781186548,-0.707106781186547,0.));
#2198=DIRECTION('',(0.,1.,0.));
#2199=DIRECTION('',(0.707106781186547,-0.707106781186548,0.));
#2200=DIRECTION('',(0.707106781186548,0.707106781186547,0.));
#2201=DIRECTION('',(0.,0.,-1.));
#2202=DIRECTION('',(1.,1.15648231731788E-15,0.));
#2203=DIRECTION('',(-1.15648231731788E-15,1.,0.));
#2204=DIRECTION('',(0.,0.,-1.));
#2205=DIRECTION('',(-0.707106781186547,-0.707106781186548,0.));
#2206=DIRECTION('',(0.707106781186548,-0.707106781186547,0.));
#2207=DIRECTION('',(1.,0.,0.));
#2208=DIRECTION('',(0.,1.,0.));
#2209=DIRECTION('',(1.,0.,0.));
#2210=DIRECTION('',(0.,1.,0.));
#2211=CARTESIAN_POINT('',(0.,0.,0.));
#2212=CARTESIAN_POINT('',(0.,0.,0.));
#2213=CARTESIAN_POINT('',(0.,0.0999262975050256,0.));
#2214=CARTESIAN_POINT('',(0.,0.0999262975050256,0.0533271931858914));
#2215=CARTESIAN_POINT('',(0.,0.0999262975050256,0.0543271931858914));
#2216=CARTESIAN_POINT('',(0.,0.0774262975050256,0.0533271931858914));
#2217=CARTESIAN_POINT('',(0.,0.0569262975050256,0.0533271931858914));
#2218=CARTESIAN_POINT('',(0.,0.0569262975050256,0.));
#2219=CARTESIAN_POINT('',(0.,0.0569262975050256,0.0543271931858914));
#2220=CARTESIAN_POINT('',(0.,0.0774262975050256,0.0543271931858914));
#2221=CARTESIAN_POINT('',(0.,0.0523525950100512,0.0543271931858914));
#2222=CARTESIAN_POINT('',(0.,0.0523525950100512,0.0543271931858914));
#2223=CARTESIAN_POINT('',(0.,0.0546172616546983,0.045875342205862));
#2224=CARTESIAN_POINT('',(0.,0.0740586308273491,0.045875342205862));
#2225=CARTESIAN_POINT('',(0.,0.1,0.045875342205862));
#2226=CARTESIAN_POINT('',(0.,0.1,0.));
#2227=CARTESIAN_POINT('',(3.29499331839584E-24,0.1,0.014));
#2228=CARTESIAN_POINT('',(0.,0.,0.014));
#2229=CARTESIAN_POINT('',(0.,0.1025,0.014));
#2230=CARTESIAN_POINT('',(0.,0.1025,0.022937671102931));
#2231=CARTESIAN_POINT('',(0.,0.1025,0.0543271931858914));
#2232=CARTESIAN_POINT('',(0.,0.0774262975050256,0.0543271931858914));
#2233=CARTESIAN_POINT('',(0.,0.0984262975050257,0.0496012676958767));
#2234=CARTESIAN_POINT('',(0.,0.0984262975050257,0.0468512676958767));
#2235=CARTESIAN_POINT('',(0.,0.0884262975050257,0.0496012676958767));
#2236=CARTESIAN_POINT('',(0.,0.0884262975050257,0.0468512676958767));
#2237=CARTESIAN_POINT('',(0.,0.0784262975050257,0.0496012676958767));
#2238=CARTESIAN_POINT('',(0.,0.0784262975050257,0.0468512676958767));
#2239=CARTESIAN_POINT('',(0.,0.0684262975050257,0.0496012676958767));
#2240=CARTESIAN_POINT('',(0.,0.0684262975050257,0.0468512676958767));
#2241=CARTESIAN_POINT('',(0.,0.0584262975050257,0.0496012676958767));
#2242=CARTESIAN_POINT('',(0.,0.0584262975050257,0.0468512676958767));
#2243=CARTESIAN_POINT('',(-0.177502,0.0774262975050256,0.0543271931858914));
#2244=CARTESIAN_POINT('',(-0.01075,0.0999262975050256,0.0543271931858914));
#2245=CARTESIAN_POINT('',(-0.0215,0.0999262975050256,0.0543271931858914));
#2246=CARTESIAN_POINT('',(-0.177502,0.1025,0.0543271931858914));
#2247=CARTESIAN_POINT('',(-0.1775,0.1025,0.0543271931858914));
#2248=CARTESIAN_POINT('',(-0.1775,0.0774262975050256,0.0543271931858914));
#2249=CARTESIAN_POINT('',(-0.1775,0.0523525950100512,0.0543271931858914));
#2250=CARTESIAN_POINT('',(-0.177502,0.0523525950100512,0.0543271931858914));
#2251=CARTESIAN_POINT('',(-0.01075,0.0569262975050256,0.0543271931858914));
#2252=CARTESIAN_POINT('',(-0.0215,0.0569262975050256,0.0543271931858914));
#2253=CARTESIAN_POINT('',(-0.0215,0.0784262975050256,0.0543271931858914));
#2254=CARTESIAN_POINT('',(-0.177502,0.0551996045061786,0.0543271931858914));
#2255=CARTESIAN_POINT('',(-0.166973650327842,0.0551996045061786,0.0543271931858914));
#2256=CARTESIAN_POINT('',(-0.168526349672159,0.0551996045061786,0.0543271931858914));
#2257=CARTESIAN_POINT('',(-0.16775,0.0653925936649537,0.0543271931858914));
#2258=CARTESIAN_POINT('',(-0.177502,0.0551996045061786,0.0543271931858914));
#2259=CARTESIAN_POINT('',(-0.151723650327842,0.0551996045061786,0.0543271931858914));
#2260=CARTESIAN_POINT('',(-0.153276349672159,0.0551996045061786,0.0543271931858914));
#2261=CARTESIAN_POINT('',(-0.1525,0.0653925936649537,0.0543271931858914));
#2262=CARTESIAN_POINT('',(-0.177502,0.0551996045061786,0.0543271931858914));
#2263=CARTESIAN_POINT('',(-0.136473650327841,0.0551996045061786,0.0543271931858914));
#2264=CARTESIAN_POINT('',(-0.138026349672159,0.0551996045061786,0.0543271931858914));
#2265=CARTESIAN_POINT('',(-0.13725,0.0653925936649537,0.0543271931858914));
#2266=CARTESIAN_POINT('',(-0.177502,0.0551996045061786,0.0543271931858914));
#2267=CARTESIAN_POINT('',(-0.121223650327841,0.0551996045061787,0.0543271931858914));
#2268=CARTESIAN_POINT('',(-0.122776349672159,0.0551996045061787,0.0543271931858914));
#2269=CARTESIAN_POINT('',(-0.122,0.0653925936649537,0.0543271931858914));
#2270=CARTESIAN_POINT('',(-0.177502,0.0551996045061786,0.0543271931858914));
#2271=CARTESIAN_POINT('',(-0.105973650327841,0.0551996045061787,0.0543271931858914));
#2272=CARTESIAN_POINT('',(-0.107526349672159,0.0551996045061787,0.0543271931858914));
#2273=CARTESIAN_POINT('',(-0.10675,0.0653925936649537,0.0543271931858914));
#2274=CARTESIAN_POINT('',(-0.177502,0.0551996045061786,0.0543271931858914));
#2275=CARTESIAN_POINT('',(-0.0907236503278414,0.0551996045061787,0.0543271931858914));
#2276=CARTESIAN_POINT('',(-0.0922763496721587,0.0551996045061787,0.0543271931858914));
#2277=CARTESIAN_POINT('',(-0.0915,0.0653925936649537,0.0543271931858914));
#2278=CARTESIAN_POINT('',(-0.177502,0.0551996045061786,0.0543271931858914));
#2279=CARTESIAN_POINT('',(-0.0754736503278413,0.0551996045061787,0.0543271931858914));
#2280=CARTESIAN_POINT('',(-0.0770263496721587,0.0551996045061787,0.0543271931858914));
#2281=CARTESIAN_POINT('',(-0.07625,0.0653925936649537,0.0543271931858914));
#2282=CARTESIAN_POINT('',(-0.177502,0.0551996045061786,0.0543271931858914));
#2283=CARTESIAN_POINT('',(-0.0602236503278414,0.0551996045061788,0.0543271931858914));
#2284=CARTESIAN_POINT('',(-0.0617763496721588,0.0551996045061788,0.0543271931858914));
#2285=CARTESIAN_POINT('',(-0.061,0.0653925936649537,0.0543271931858914));
#2286=CARTESIAN_POINT('',(-0.177502,0.0551996045061786,0.0543271931858914));
#2287=CARTESIAN_POINT('',(-0.0449736503278413,0.0551996045061788,0.0543271931858914));
#2288=CARTESIAN_POINT('',(-0.0465263496721588,0.0551996045061788,0.0543271931858914));
#2289=CARTESIAN_POINT('',(-0.04575,0.0653925936649537,0.0543271931858914));
#2290=CARTESIAN_POINT('',(-0.177502,0.0551996045061786,0.0543271931858914));
#2291=CARTESIAN_POINT('',(-0.0297236503278413,0.0551996045061788,0.0543271931858914));
#2292=CARTESIAN_POINT('',(-0.0312763496721588,0.0551996045061788,0.0543271931858914));
#2293=CARTESIAN_POINT('',(-0.0305,0.0653925936649537,0.0543271931858914));
#2294=CARTESIAN_POINT('',(-0.177502,0.0551996045061786,0.0543271931858914));
#2295=CARTESIAN_POINT('',(-0.0144736503278413,0.0551996045061789,0.0543271931858914));
#2296=CARTESIAN_POINT('',(-0.0160263496721588,0.0551996045061789,0.0543271931858914));
#2297=CARTESIAN_POINT('',(-0.01525,0.0653925936649537,0.0543271931858914));
#2298=CARTESIAN_POINT('',(-0.177502,0.0935,0.022937671102931));
#2299=CARTESIAN_POINT('',(-0.1735,0.0935,0.045877342205862));
#2300=CARTESIAN_POINT('',(-0.1735,0.0935,0.045875342205862));
#2301=CARTESIAN_POINT('',(-0.1735,0.0935,2.16840434497101E-18));
#2302=CARTESIAN_POINT('',(-0.177502,0.0935,0.045875342205862));
#2303=CARTESIAN_POINT('',(-0.1775,0.0935,0.045875342205862));
#2304=CARTESIAN_POINT('',(-0.1775,0.0935,0.022937671102931));
#2305=CARTESIAN_POINT('',(-0.1775,0.0935,2.60208521396521E-18));
#2306=CARTESIAN_POINT('',(-0.177502,0.0935,2.60208521396521E-18));
#2307=CARTESIAN_POINT('',(-0.02,0.10125,0.014));
#2308=CARTESIAN_POINT('',(-0.02,0.10125,0.014));
#2309=CARTESIAN_POINT('',(-0.02,0.1025,0.014));
#2310=CARTESIAN_POINT('',(-0.02,0.1,0.014));
#2311=CARTESIAN_POINT('',(-0.02,0.1,0.014));
#2312=CARTESIAN_POINT('',(-0.02,0.1,1.7347234759768E-18));
#2313=CARTESIAN_POINT('',(-0.02,0.10125,1.7347234759768E-18));
#2314=CARTESIAN_POINT('',(-0.02,0.1025,0.));
#2315=CARTESIAN_POINT('',(-0.02,0.1025,0.014));
#2316=CARTESIAN_POINT('',(-2.77555756156289E-17,0.098,0.014));
#2317=CARTESIAN_POINT('',(-2.79859123427295E-17,0.1,0.014));
#2318=CARTESIAN_POINT('',(-0.177502,0.1025,0.014));
#2319=CARTESIAN_POINT('',(-0.177502,-0.0643117333157176,1.7347234759768E-18));
#2320=CARTESIAN_POINT('',(0.11325,0.1,1.7347234759768E-18));
#2321=CARTESIAN_POINT('',(-0.1735,0.1,1.7347234759768E-18));
#2322=CARTESIAN_POINT('',(-0.1735,0.09675,1.7347234759768E-18));
#2323=CARTESIAN_POINT('',(-0.1775,-0.0643117333157176,1.7347234759768E-18));
#2324=CARTESIAN_POINT('',(-0.1775,0.1025,0.));
#2325=CARTESIAN_POINT('',(-0.177502,0.1025,0.));
#2326=CARTESIAN_POINT('',(-0.177502,0.0740586308273491,0.045875342205862));
#2327=CARTESIAN_POINT('',(-0.177502,0.0546172616546983,0.045875342205862));
#2328=CARTESIAN_POINT('',(-0.1775,0.0546172616546983,0.045875342205862));
#2329=CARTESIAN_POINT('',(-0.1775,0.0740586308273491,0.045875342205862));
#2330=CARTESIAN_POINT('',(-0.1735,0.09675,0.045875342205862));
#2331=CARTESIAN_POINT('',(-0.1735,0.1,0.045875342205862));
#2332=CARTESIAN_POINT('',(0.11325,0.1,0.045875342205862));
#2333=CARTESIAN_POINT('',(-0.177502,0.0523525950100512,0.0543271931858914));
#2334=CARTESIAN_POINT('',(-0.01525,0.0532261092872722,0.0510671935221657));
#2335=CARTESIAN_POINT('',(-0.01525,0.0525143569132403,0.0537234895444606));
#2336=CARTESIAN_POINT('',(-0.0305,0.0532261092872722,0.0510671935221657));
#2337=CARTESIAN_POINT('',(-0.0305,0.0525143569132403,0.0537234895444606));
#2338=CARTESIAN_POINT('',(-0.04575,0.0532261092872722,0.0510671935221657));
#2339=CARTESIAN_POINT('',(-0.04575,0.0525143569132403,0.0537234895444606));
#2340=CARTESIAN_POINT('',(-0.061,0.0532261092872722,0.0510671935221657));
#2341=CARTESIAN_POINT('',(-0.061,0.0525143569132403,0.0537234895444606));
#2342=CARTESIAN_POINT('',(-0.07625,0.0532261092872722,0.0510671935221657));
#2343=CARTESIAN_POINT('',(-0.07625,0.0525143569132403,0.0537234895444606));
#2344=CARTESIAN_POINT('',(-0.0915,0.0532261092872722,0.0510671935221657));
#2345=CARTESIAN_POINT('',(-0.0915,0.0525143569132403,0.0537234895444606));
#2346=CARTESIAN_POINT('',(-0.10675,0.0532261092872722,0.0510671935221657));
#2347=CARTESIAN_POINT('',(-0.10675,0.0525143569132403,0.0537234895444606));
#2348=CARTESIAN_POINT('',(-0.122,0.0532261092872722,0.0510671935221658));
#2349=CARTESIAN_POINT('',(-0.122,0.0525143569132403,0.0537234895444607));
#2350=CARTESIAN_POINT('',(-0.13725,0.0532261092872722,0.0510671935221657));
#2351=CARTESIAN_POINT('',(-0.13725,0.0525143569132403,0.0537234895444606));
#2352=CARTESIAN_POINT('',(-0.1525,0.0532261092872722,0.0510671935221658));
#2353=CARTESIAN_POINT('',(-0.1525,0.0525143569132403,0.0537234895444607));
#2354=CARTESIAN_POINT('',(-0.16775,0.0532261092872722,0.0510671935221657));
#2355=CARTESIAN_POINT('',(-0.16775,0.0525143569132403,0.0537234895444606));
#2356=CARTESIAN_POINT('',(-0.1775,0.0523525950100512,0.0543271931858914));
#2357=CARTESIAN_POINT('',(-0.177502,0.1025,0.022937671102931));
#2358=CARTESIAN_POINT('',(-0.1775,0.1025,0.022937671102931));
#2359=CARTESIAN_POINT('',(0.,0.0774262975050256,0.0533271931858914));
#2360=CARTESIAN_POINT('',(-0.01075,0.0999262975050256,0.0533271931858914));
#2361=CARTESIAN_POINT('',(-0.0215,0.0999262975050256,0.0533271931858914));
#2362=CARTESIAN_POINT('',(-0.0215,0.0784262975050256,0.0533271931858914));
#2363=CARTESIAN_POINT('',(-0.0215,0.0569262975050256,0.0533271931858914));
#2364=CARTESIAN_POINT('',(-0.01075,0.0569262975050256,0.0533271931858914));
#2365=CARTESIAN_POINT('',(-0.1775,-0.019,-0.0025));
#2366=CARTESIAN_POINT('',(-0.1775,0.0574262975050256,0.0501012676958767));
#2367=CARTESIAN_POINT('',(-0.1775,0.0601762975050256,0.0501012676958767));
#2368=CARTESIAN_POINT('',(-0.1775,0.0674262975050256,0.0501012676958767));
#2369=CARTESIAN_POINT('',(-0.1775,0.0701762975050256,0.0501012676958767));
#2370=CARTESIAN_POINT('',(-0.1775,0.0774262975050256,0.0501012676958767));
#2371=CARTESIAN_POINT('',(-0.1775,0.0801762975050256,0.0501012676958767));
#2372=CARTESIAN_POINT('',(-0.1775,0.0874262975050256,0.0501012676958767));
#2373=CARTESIAN_POINT('',(-0.1775,0.0901762975050256,0.0501012676958767));
#2374=CARTESIAN_POINT('',(-0.1775,0.0974262975050256,0.0501012676958767));
#2375=CARTESIAN_POINT('',(-0.1775,0.100176297505026,0.0501012676958767));
#2376=CARTESIAN_POINT('',(-0.1775,0.0974262975050256,0.0401012676958767));
#2377=CARTESIAN_POINT('',(-0.1775,0.100176297505026,0.0401012676958767));
#2378=CARTESIAN_POINT('',(-0.1775,0.0974262975050256,0.0301012676958767));
#2379=CARTESIAN_POINT('',(-0.1775,0.100176297505026,0.0301012676958767));
#2380=CARTESIAN_POINT('',(-0.1735,0.09675,0.045877342205862));
#2381=CARTESIAN_POINT('',(-0.1735,0.1,0.045877342205862));
#2382=CARTESIAN_POINT('',(0.11325,0.1,0.045877342205862));
#2383=CARTESIAN_POINT('',(-0.17475,0.0974262975050256,0.0301012676958767));
#2384=CARTESIAN_POINT('',(-0.17475,0.0974262975050256,0.0301012676958767));
#2385=CARTESIAN_POINT('',(-0.17475,0.100176297505026,0.0301012676958767));
#2386=CARTESIAN_POINT('',(-0.17475,0.0281514154367952,0.0271635965929457));
#2387=CARTESIAN_POINT('',(-0.17475,0.0974262975050256,0.0401012676958767));
#2388=CARTESIAN_POINT('',(-0.17475,0.0974262975050256,0.0401012676958767));
#2389=CARTESIAN_POINT('',(-0.17475,0.100176297505026,0.0401012676958767));
#2390=CARTESIAN_POINT('',(-0.17475,0.0281514154367952,0.0271635965929457));
#2391=CARTESIAN_POINT('',(-0.17475,0.0974262975050256,0.0501012676958767));
#2392=CARTESIAN_POINT('',(-0.17475,0.0974262975050256,0.0501012676958767));
#2393=CARTESIAN_POINT('',(-0.17475,0.100176297505026,0.0501012676958767));
#2394=CARTESIAN_POINT('',(-0.17475,0.0774262975050256,0.0501012676958767));
#2395=CARTESIAN_POINT('',(-0.17475,0.0874262975050256,0.0501012676958767));
#2396=CARTESIAN_POINT('',(-0.17475,0.0874262975050256,0.0501012676958767));
#2397=CARTESIAN_POINT('',(-0.17475,0.0901762975050256,0.0501012676958767));
#2398=CARTESIAN_POINT('',(-0.17475,0.0774262975050256,0.0501012676958767));
#2399=CARTESIAN_POINT('',(-0.17475,0.0774262975050256,0.0501012676958767));
#2400=CARTESIAN_POINT('',(-0.17475,0.0774262975050256,0.0501012676958767));
#2401=CARTESIAN_POINT('',(-0.17475,0.0801762975050256,0.0501012676958767));
#2402=CARTESIAN_POINT('',(-0.17475,0.0281514154367952,0.0271635965929457));
#2403=CARTESIAN_POINT('',(-0.17475,0.0674262975050256,0.0501012676958767));
#2404=CARTESIAN_POINT('',(-0.17475,0.0674262975050256,0.0501012676958767));
#2405=CARTESIAN_POINT('',(-0.17475,0.0701762975050256,0.0501012676958767));
#2406=CARTESIAN_POINT('',(-0.17475,0.0774262975050256,0.0501012676958767));
#2407=CARTESIAN_POINT('',(-0.17475,0.0574262975050256,0.0501012676958767));
#2408=CARTESIAN_POINT('',(-0.17475,0.0574262975050256,0.0501012676958767));
#2409=CARTESIAN_POINT('',(-0.17475,0.0601762975050256,0.0501012676958767));
#2410=CARTESIAN_POINT('',(-0.17475,0.0774262975050256,0.0501012676958767));
#2411=CARTESIAN_POINT('',(0.00275,0.0584262975050257,0.0496012676958767));
#2412=CARTESIAN_POINT('',(-0.00275,0.0584262975050257,0.0496012676958767));
#2413=CARTESIAN_POINT('',(-0.00275,0.0584262975050257,0.0523512676958767));
#2414=CARTESIAN_POINT('',(-0.00275,0.0774262975050256,0.0341635965929457));
#2415=CARTESIAN_POINT('',(0.00275,0.0684262975050257,0.0496012676958767));
#2416=CARTESIAN_POINT('',(-0.00275,0.0684262975050257,0.0496012676958767));
#2417=CARTESIAN_POINT('',(-0.00275,0.0684262975050257,0.0523512676958767));
#2418=CARTESIAN_POINT('',(-0.00275,0.0774262975050256,0.0341635965929457));
#2419=CARTESIAN_POINT('',(0.00275,0.0784262975050257,0.0496012676958767));
#2420=CARTESIAN_POINT('',(-0.00275,0.0784262975050257,0.0496012676958767));
#2421=CARTESIAN_POINT('',(-0.00275,0.0784262975050257,0.0523512676958767));
#2422=CARTESIAN_POINT('',(-0.00275,0.0774262975050256,0.0341635965929457));
#2423=CARTESIAN_POINT('',(0.00275,0.0884262975050257,0.0496012676958767));
#2424=CARTESIAN_POINT('',(-0.00275,0.0884262975050257,0.0496012676958767));
#2425=CARTESIAN_POINT('',(-0.00275,0.0884262975050257,0.0523512676958767));
#2426=CARTESIAN_POINT('',(-0.00275,0.0774262975050256,0.0341635965929457));
#2427=CARTESIAN_POINT('',(0.00275,0.0984262975050257,0.0496012676958767));
#2428=CARTESIAN_POINT('',(-0.00275,0.0984262975050257,0.0496012676958767));
#2429=CARTESIAN_POINT('',(-0.00275,0.0984262975050257,0.0523512676958767));
#2430=CARTESIAN_POINT('',(-0.00275,0.0774262975050256,0.0341635965929457));
#2431=CARTESIAN_POINT('',(-0.16775,0.0558824053095668,0.0517789458961976));
#2432=CARTESIAN_POINT('',(-0.16775,0.0558824053095668,0.0517789458961976));
#2433=CARTESIAN_POINT('',(-2.15123677753845E-17,0.0561412243546696,0.0508130200699086));
#2434=CARTESIAN_POINT('',(-0.1525,0.0558824053095669,0.0517789458961976));
#2435=CARTESIAN_POINT('',(-0.1525,0.0558824053095669,0.0517789458961976));
#2436=CARTESIAN_POINT('',(-2.15123677753845E-17,0.0561412243546696,0.0508130200699086));
#2437=CARTESIAN_POINT('',(-0.13725,0.0558824053095669,0.0517789458961976));
#2438=CARTESIAN_POINT('',(-0.13725,0.0558824053095669,0.0517789458961976));
#2439=CARTESIAN_POINT('',(-2.15123677753845E-17,0.0561412243546696,0.0508130200699086));
#2440=CARTESIAN_POINT('',(-0.122,0.0558824053095669,0.0517789458961976));
#2441=CARTESIAN_POINT('',(-0.122,0.0558824053095669,0.0517789458961976));
#2442=CARTESIAN_POINT('',(-2.15123677753845E-17,0.0561412243546696,0.0508130200699086));
#2443=CARTESIAN_POINT('',(-0.10675,0.0558824053095669,0.0517789458961976));
#2444=CARTESIAN_POINT('',(-0.10675,0.0558824053095669,0.0517789458961976));
#2445=CARTESIAN_POINT('',(-2.15123677753845E-17,0.0561412243546696,0.0508130200699086));
#2446=CARTESIAN_POINT('',(-0.0915,0.055882405309567,0.0517789458961976));
#2447=CARTESIAN_POINT('',(-0.0915,0.055882405309567,0.0517789458961976));
#2448=CARTESIAN_POINT('',(-2.15123677753845E-17,0.0561412243546696,0.0508130200699086));
#2449=CARTESIAN_POINT('',(-0.07625,0.055882405309567,0.0517789458961976));
#2450=CARTESIAN_POINT('',(-0.07625,0.055882405309567,0.0517789458961976));
#2451=CARTESIAN_POINT('',(-2.15123677753845E-17,0.0561412243546696,0.0508130200699086));
#2452=CARTESIAN_POINT('',(-0.061,0.055882405309567,0.0517789458961976));
#2453=CARTESIAN_POINT('',(-0.061,0.055882405309567,0.0517789458961976));
#2454=CARTESIAN_POINT('',(-2.15123677753845E-17,0.0561412243546696,0.0508130200699086));
#2455=CARTESIAN_POINT('',(-0.04575,0.055882405309567,0.0517789458961976));
#2456=CARTESIAN_POINT('',(-0.04575,0.055882405309567,0.0517789458961976));
#2457=CARTESIAN_POINT('',(-2.15123677753845E-17,0.0561412243546696,0.0508130200699086));
#2458=CARTESIAN_POINT('',(-0.0305,0.0558824053095671,0.0517789458961976));
#2459=CARTESIAN_POINT('',(-0.0305,0.0558824053095671,0.0517789458961976));
#2460=CARTESIAN_POINT('',(-2.15123677753845E-17,0.0561412243546696,0.0508130200699086));
#2461=CARTESIAN_POINT('',(-0.01525,0.0558824053095671,0.0517789458961977));
#2462=CARTESIAN_POINT('',(-0.01525,0.0558824053095671,0.0517789458961977));
#2463=CARTESIAN_POINT('',(-2.15123677753845E-17,0.0561412243546696,0.0508130200699086));
#2464=CARTESIAN_POINT('',(-0.01075,0.0999262975050256,0.0533271931858914));
#2465=CARTESIAN_POINT('',(-0.0215,0.0999262975050256,0.0533271931858914));
#2466=CARTESIAN_POINT('',(-0.0215,0.0784262975050256,0.0533271931858914));
#2467=CARTESIAN_POINT('',(-0.0215,0.0569262975050256,0.0533271931858914));
#2468=CARTESIAN_POINT('',(-0.01075,0.0569262975050256,0.0533271931858914));
#2469=CARTESIAN_POINT('',(0.,0.,0.));
#2470=CARTESIAN_POINT('',(0.,0.,0.));
#2471=CARTESIAN_POINT('',(0.,0.0774262975050256,0.0543271931858914));
#2472=CARTESIAN_POINT('',(0.,0.0654262975050256,0.0543271931858914));
#2473=CARTESIAN_POINT('',(0.,0.0744262975050256,0.0543271931858914));
#2474=CARTESIAN_POINT('',(0.,0.0654262975050256,0.0543271931858914));
#2475=CARTESIAN_POINT('',(0.,0.0654262975050256,0.0533271931858914));
#2476=CARTESIAN_POINT('',(0.,0.0774262975050256,0.0533271931858914));
#2477=CARTESIAN_POINT('',(0.,0.0744262975050256,0.0533271931858914));
#2478=CARTESIAN_POINT('',(0.,0.0744262975050256,0.0543271931858914));
#2479=CARTESIAN_POINT('',(0.,0.0774262975050256,0.0533271931858914));
#2480=CARTESIAN_POINT('',(-2.06139236715708E-18,0.0784262975050256,0.0533271931858914));
#2481=CARTESIAN_POINT('',(0.,0.0914262975050256,0.0533271931858914));
#2482=CARTESIAN_POINT('',(0.,0.0774262975050256,0.0533271931858914));
#2483=CARTESIAN_POINT('',(0.,0.0824262975050256,0.0533271931858914));
#2484=CARTESIAN_POINT('',(-8.01074908738408E-19,0.0784262975050256,0.0533271931858914));
#2485=CARTESIAN_POINT('',(0.,0.0774262975050256,0.0543271931858914));
#2486=CARTESIAN_POINT('',(-2.06139236715708E-18,0.0784262975050256,0.0543271931858914));
#2487=CARTESIAN_POINT('',(0.,0.0914262975050256,0.0543271931858914));
#2488=CARTESIAN_POINT('',(-8.01074908738408E-19,0.0784262975050256,0.0543271931858914));
#2489=CARTESIAN_POINT('',(0.,0.0824262975050256,0.0543271931858914));
#2490=CARTESIAN_POINT('',(0.,0.0774262975050256,0.0543271931858914));
#2491=CARTESIAN_POINT('',(-2.06139236715708E-18,0.0784262975050256,0.0543271931858914));
#2492=CARTESIAN_POINT('',(0.,0.0914262975050256,0.0543271931858914));
#2493=CARTESIAN_POINT('',(-8.01074908738408E-19,0.0784262975050256,0.0543271931858914));
#2494=CARTESIAN_POINT('',(0.,0.0824262975050256,0.0543271931858914));
#2495=CARTESIAN_POINT('',(0.,0.,0.));
#2496=CARTESIAN_POINT('',(0.,0.,0.));
#2497=CARTESIAN_POINT('',(-0.006,0.0584262975050257,0.0543271931858914));
#2498=CARTESIAN_POINT('',(-0.006,0.0584262975050257,0.0533271931858914));
#2499=CARTESIAN_POINT('',(0.,0.0584262975050257,0.0533271931858914));
#2500=CARTESIAN_POINT('',(-0.012,0.0584262975050257,0.0533271931858914));
#2501=CARTESIAN_POINT('',(0.,0.0584262975050257,0.0543271931858914));
#2502=CARTESIAN_POINT('',(0.,0.0584262975050257,0.0543271931858914));
#2503=CARTESIAN_POINT('',(-0.006,0.0584262975050257,0.0543271931858914));
#2504=CARTESIAN_POINT('',(-0.012,0.0584262975050257,0.0543271931858914));
#2505=CARTESIAN_POINT('',(-0.012,0.0584262975050257,0.0543271931858914));
#2506=CARTESIAN_POINT('',(-0.0105,0.0984262975050257,0.0543271931858914));
#2507=CARTESIAN_POINT('',(0.,0.0984262975050257,0.0543271931858914));
#2508=CARTESIAN_POINT('',(0.,0.0984262975050257,0.0533271931858914));
#2509=CARTESIAN_POINT('',(0.,0.0984262975050257,0.0543271931858914));
#2510=CARTESIAN_POINT('',(-0.0105,0.0984262975050257,0.0533271931858914));
#2511=CARTESIAN_POINT('',(-0.012,0.0984262975050257,0.0533271931858914));
#2512=CARTESIAN_POINT('',(-0.012,0.0984262975050257,0.0543271931858914));
#2513=CARTESIAN_POINT('',(-0.012,0.0984262975050257,0.0543271931858914));
#2514=CARTESIAN_POINT('',(-0.0105,0.0984262975050257,0.0543271931858914));
#2515=CARTESIAN_POINT('',(-0.0045,0.0634262975050257,0.0543271931858914));
#2516=CARTESIAN_POINT('',(0.,0.0634262975050257,0.0543271931858914));
#2517=CARTESIAN_POINT('',(0.,0.0634262975050257,0.0533271931858914));
#2518=CARTESIAN_POINT('',(0.,0.0634262975050257,0.0543271931858914));
#2519=CARTESIAN_POINT('',(-0.0045,0.0634262975050257,0.0533271931858914));
#2520=CARTESIAN_POINT('',(-0.009,0.0634262975050257,0.0533271931858914));
#2521=CARTESIAN_POINT('',(-0.009,0.0634262975050257,0.0543271931858914));
#2522=CARTESIAN_POINT('',(-0.009,0.0634262975050257,0.0543271931858914));
#2523=CARTESIAN_POINT('',(-0.0045,0.0634262975050257,0.0543271931858914));
#2524=CARTESIAN_POINT('',(-0.0045,0.0934262975050257,0.0543271931858914));
#2525=CARTESIAN_POINT('',(-0.0045,0.0934262975050257,0.0533271931858914));
#2526=CARTESIAN_POINT('',(0.,0.0934262975050257,0.0533271931858914));
#2527=CARTESIAN_POINT('',(-0.009,0.0934262975050257,0.0533271931858914));
#2528=CARTESIAN_POINT('',(0.,0.0934262975050257,0.0543271931858914));
#2529=CARTESIAN_POINT('',(0.,0.0934262975050257,0.0543271931858914));
#2530=CARTESIAN_POINT('',(-0.0045,0.0934262975050257,0.0543271931858914));
#2531=CARTESIAN_POINT('',(-0.009,0.0934262975050257,0.0543271931858914));
#2532=CARTESIAN_POINT('',(-0.009,0.0934262975050257,0.0543271931858914));
#2533=CARTESIAN_POINT('',(0.,0.0774262975050256,0.0543271931858914));
#2534=CARTESIAN_POINT('',(0.,0.0774262975050256,0.0543271931858914));
#2535=CARTESIAN_POINT('',(-0.012,0.0664262975050257,0.0543271931858914));
#2536=CARTESIAN_POINT('',(-0.015,0.0694262975050257,0.0543271931858914));
#2537=CARTESIAN_POINT('',(-0.015,0.0739262975050257,0.0543271931858914));
#2538=CARTESIAN_POINT('',(-0.015,0.0874262975050256,0.0543271931858914));
#2539=CARTESIAN_POINT('',(-0.012,0.0904262975050256,0.0543271931858914));
#2540=CARTESIAN_POINT('',(0.,0.0774262975050256,0.0543271931858914));
#2541=CARTESIAN_POINT('',(-0.0185,0.0919262975050257,0.0543271931858914));
#2542=CARTESIAN_POINT('',(-0.02,0.0904262975050257,0.0543271931858914));
#2543=CARTESIAN_POINT('',(-0.02,0.0724262975050257,0.0543271931858914));
#2544=CARTESIAN_POINT('',(-0.02,0.0664262975050257,0.0543271931858914));
#2545=CARTESIAN_POINT('',(-0.016,0.0624262975050257,0.0543271931858914));
#2546=CARTESIAN_POINT('',(0.,0.0774262975050256,0.0533271931858914));
#2547=CARTESIAN_POINT('',(0.,0.0774262975050256,0.0533271931858914));
#2548=CARTESIAN_POINT('',(-0.016,0.0624262975050257,0.0533271931858914));
#2549=CARTESIAN_POINT('',(-0.02,0.0664262975050257,0.0533271931858914));
#2550=CARTESIAN_POINT('',(-0.02,0.0724262975050257,0.0533271931858914));
#2551=CARTESIAN_POINT('',(-0.02,0.0904262975050257,0.0533271931858914));
#2552=CARTESIAN_POINT('',(-0.0185,0.0919262975050257,0.0533271931858914));
#2553=CARTESIAN_POINT('',(0.,0.0774262975050256,0.0533271931858914));
#2554=CARTESIAN_POINT('',(-0.012,0.0904262975050256,0.0533271931858914));
#2555=CARTESIAN_POINT('',(-0.015,0.0874262975050256,0.0533271931858914));
#2556=CARTESIAN_POINT('',(-0.015,0.0739262975050257,0.0533271931858914));
#2557=CARTESIAN_POINT('',(-0.015,0.0694262975050257,0.0533271931858914));
#2558=CARTESIAN_POINT('',(-0.012,0.0664262975050257,0.0533271931858914));
#2559=CARTESIAN_POINT('',(-0.0185,0.0919262975050257,0.0543271931858914));
#2560=CARTESIAN_POINT('',(-0.02,0.0904262975050257,0.0543271931858914));
#2561=CARTESIAN_POINT('',(-0.02,0.0724262975050257,0.0543271931858914));
#2562=CARTESIAN_POINT('',(-0.02,0.0664262975050257,0.0543271931858914));
#2563=CARTESIAN_POINT('',(-0.012,0.0664262975050257,0.0543271931858914));
#2564=CARTESIAN_POINT('',(-0.015,0.0694262975050257,0.0543271931858914));
#2565=CARTESIAN_POINT('',(-0.015,0.0739262975050257,0.0543271931858914));
#2566=CARTESIAN_POINT('',(-0.015,0.0874262975050256,0.0543271931858914));
#2567=CARTESIAN_POINT('',(-0.012,0.0904262975050256,0.0543271931858914));
#2568=CARTESIAN_POINT('',(-0.016,0.0624262975050257,0.0543271931858914));
#2569=CARTESIAN_POINT('',(0.,0.,0.));
#2570=CARTESIAN_POINT('',(0.,0.,0.));
#2571=CARTESIAN_POINT('',(0.,0.,0.));
#2572=CARTESIAN_POINT('',(-2.34323516202229E-17,0.0784262975050256,0.0543271931858914));
#2573=CARTESIAN_POINT('',(0.,0.0744262975050256,0.0543271931858914));
#2574=CARTESIAN_POINT('',(0.,0.0744262975050256,0.0543271931858914));
#2575=CARTESIAN_POINT('',(0.,0.0744262975050256,0.0533271931858914));
#2576=CARTESIAN_POINT('',(-2.34323516202229E-17,0.0784262975050256,0.0543271931858914));
#2577=CARTESIAN_POINT('',(0.,0.0824262975050256,0.0543271931858914));
#2578=CARTESIAN_POINT('',(0.,0.0824262975050256,0.0543271931858914));
#2579=CARTESIAN_POINT('',(0.,0.0824262975050256,0.0533271931858914));
#2580=CARTESIAN_POINT('',(-2.34323516202229E-17,0.0784262975050256,0.0533271931858914));
#2581=CARTESIAN_POINT('',(0.,0.0774262975050256,0.0543271931858914));
#2582=CARTESIAN_POINT('',(0.,0.0774262975050256,0.0543271931858914));
#2583=CARTESIAN_POINT('',(0.,0.0774262975050256,0.0533271931858914));
#2584=CARTESIAN_POINT('',(0.,0.0774262975050256,0.0533271931858914));
#2585=CARTESIAN_POINT('',(0.,0.,0.));
#2586=CARTESIAN_POINT('',(0.,0.,0.));
#2587=CARTESIAN_POINT('',(-0.0045,0.0934262975050257,0.0543271931858914));
#2588=CARTESIAN_POINT('',(0.,0.0934262975050257,0.0543271931858914));
#2589=CARTESIAN_POINT('',(0.,0.0934262975050257,0.0533271931858914));
#2590=CARTESIAN_POINT('',(0.,0.0934262975050257,0.0543271931858914));
#2591=CARTESIAN_POINT('',(-0.0045,0.0934262975050257,0.0533271931858914));
#2592=CARTESIAN_POINT('',(-0.009,0.0934262975050257,0.0533271931858914));
#2593=CARTESIAN_POINT('',(-0.009,0.0934262975050257,0.0543271931858914));
#2594=CARTESIAN_POINT('',(-0.009,0.0934262975050257,0.0543271931858914));
#2595=CARTESIAN_POINT('',(-0.0045,0.0934262975050257,0.0543271931858914));
#2596=CARTESIAN_POINT('',(-0.0045,0.0634262975050257,0.0543271931858914));
#2597=CARTESIAN_POINT('',(-0.0045,0.0634262975050257,0.0533271931858914));
#2598=CARTESIAN_POINT('',(0.,0.0634262975050257,0.0533271931858914));
#2599=CARTESIAN_POINT('',(-0.009,0.0634262975050257,0.0533271931858914));
#2600=CARTESIAN_POINT('',(0.,0.0634262975050257,0.0543271931858914));
#2601=CARTESIAN_POINT('',(0.,0.0634262975050257,0.0543271931858914));
#2602=CARTESIAN_POINT('',(-0.0045,0.0634262975050257,0.0543271931858914));
#2603=CARTESIAN_POINT('',(-0.009,0.0634262975050257,0.0543271931858914));
#2604=CARTESIAN_POINT('',(-0.009,0.0634262975050257,0.0543271931858914));
#2605=CARTESIAN_POINT('',(3.98010209722885E-19,0.0784262975050256,0.0543271931858914));
#2606=CARTESIAN_POINT('',(3.98010209722885E-19,0.0784262975050256,0.0543271931858914));
#2607=CARTESIAN_POINT('',(0.,0.0914262975050256,0.0543271931858914));
#2608=CARTESIAN_POINT('',(0.,0.0654262975050256,0.0543271931858914));
#2609=CARTESIAN_POINT('',(0.,0.0654262975050256,0.0543271931858914));
#2610=CARTESIAN_POINT('',(0.,0.0654262975050256,0.0533271931858914));
#2611=CARTESIAN_POINT('',(3.98010209722885E-19,0.0784262975050256,0.0533271931858914));
#2612=CARTESIAN_POINT('',(0.,0.0914262975050256,0.0533271931858914));
#2613=CARTESIAN_POINT('',(0.,0.0914262975050256,0.0543271931858914));
#2614=CARTESIAN_POINT('',(0.,0.0774262975050256,0.0543271931858914));
#2615=CARTESIAN_POINT('',(0.,0.0774262975050256,0.0543271931858914));
#2616=CARTESIAN_POINT('',(0.,0.0774262975050256,0.0543271931858914));
#2617=CARTESIAN_POINT('',(-0.012,0.0904262975050256,0.0543271931858914));
#2618=CARTESIAN_POINT('',(-0.015,0.0874262975050256,0.0543271931858914));
#2619=CARTESIAN_POINT('',(-0.015,0.0829262975050256,0.0543271931858914));
#2620=CARTESIAN_POINT('',(-0.015,0.0694262975050257,0.0543271931858914));
#2621=CARTESIAN_POINT('',(-0.012,0.0664262975050257,0.0543271931858914));
#2622=CARTESIAN_POINT('',(0.,0.0774262975050256,0.0533271931858914));
#2623=CARTESIAN_POINT('',(0.,0.0774262975050256,0.0533271931858914));
#2624=CARTESIAN_POINT('',(-0.012,0.0664262975050257,0.0533271931858914));
#2625=CARTESIAN_POINT('',(-0.015,0.0694262975050257,0.0533271931858914));
#2626=CARTESIAN_POINT('',(-0.015,0.0829262975050256,0.0533271931858914));
#2627=CARTESIAN_POINT('',(-0.015,0.0874262975050256,0.0533271931858914));
#2628=CARTESIAN_POINT('',(-0.012,0.0904262975050256,0.0533271931858914));
#2629=CARTESIAN_POINT('',(0.,0.0774262975050256,0.0533271931858914));
#2630=CARTESIAN_POINT('',(-0.012,0.0904262975050256,0.0543271931858914));
#2631=CARTESIAN_POINT('',(-0.015,0.0874262975050256,0.0543271931858914));
#2632=CARTESIAN_POINT('',(-0.015,0.0829262975050256,0.0543271931858914));
#2633=CARTESIAN_POINT('',(-0.015,0.0694262975050257,0.0543271931858914));
#2634=CARTESIAN_POINT('',(-0.012,0.0664262975050257,0.0543271931858914));
#2635=CARTESIAN_POINT('',(0.,0.,0.));
#2636=CARTESIAN_POINT('',(0.,0.,0.));
#2637=MECHANICAL_DESIGN_GEOMETRIC_PRESENTATION_REPRESENTATION('',(#1535),
#2642);
#2638=MECHANICAL_DESIGN_GEOMETRIC_PRESENTATION_REPRESENTATION('',(#1536),
#2643);
#2639=MECHANICAL_DESIGN_GEOMETRIC_PRESENTATION_REPRESENTATION('',(#1537),
#2644);
#2640=MECHANICAL_DESIGN_GEOMETRIC_PRESENTATION_REPRESENTATION('',(#1538),
#2645);
#2641=MECHANICAL_DESIGN_GEOMETRIC_PRESENTATION_REPRESENTATION('',(#1539),
#2646);
#2642=(
GEOMETRIC_REPRESENTATION_CONTEXT(3)
GLOBAL_UNCERTAINTY_ASSIGNED_CONTEXT((#2647))
GLOBAL_UNIT_ASSIGNED_CONTEXT((#2662,#2657,#2652))
REPRESENTATION_CONTEXT('lid','TOP_LEVEL_ASSEMBLY_PART')
);
#2643=(
GEOMETRIC_REPRESENTATION_CONTEXT(3)
GLOBAL_UNCERTAINTY_ASSIGNED_CONTEXT((#2648))
GLOBAL_UNIT_ASSIGNED_CONTEXT((#2663,#2658,#2653))
REPRESENTATION_CONTEXT('Part 13','TOP_LEVEL_ASSEMBLY_PART')
);
#2644=(
GEOMETRIC_REPRESENTATION_CONTEXT(3)
GLOBAL_UNCERTAINTY_ASSIGNED_CONTEXT((#2649))
GLOBAL_UNIT_ASSIGNED_CONTEXT((#2664,#2659,#2654))
REPRESENTATION_CONTEXT('Part 11','TOP_LEVEL_ASSEMBLY_PART')
);
#2645=(
GEOMETRIC_REPRESENTATION_CONTEXT(3)
GLOBAL_UNCERTAINTY_ASSIGNED_CONTEXT((#2650))
GLOBAL_UNIT_ASSIGNED_CONTEXT((#2665,#2660,#2655))
REPRESENTATION_CONTEXT('Part 9','TOP_LEVEL_ASSEMBLY_PART')
);
#2646=(
GEOMETRIC_REPRESENTATION_CONTEXT(3)
GLOBAL_UNCERTAINTY_ASSIGNED_CONTEXT((#2651))
GLOBAL_UNIT_ASSIGNED_CONTEXT((#2666,#2661,#2656))
REPRESENTATION_CONTEXT('Part 6','TOP_LEVEL_ASSEMBLY_PART')
);
#2647=UNCERTAINTY_MEASURE_WITH_UNIT(LENGTH_MEASURE(1.E-8),#2662,
'DISTANCE_ACCURACY_VALUE','Maximum Tolerance applied to model');
#2648=UNCERTAINTY_MEASURE_WITH_UNIT(LENGTH_MEASURE(1.E-8),#2663,
'DISTANCE_ACCURACY_VALUE','Maximum Tolerance applied to model');
#2649=UNCERTAINTY_MEASURE_WITH_UNIT(LENGTH_MEASURE(1.E-8),#2664,
'DISTANCE_ACCURACY_VALUE','Maximum Tolerance applied to model');
#2650=UNCERTAINTY_MEASURE_WITH_UNIT(LENGTH_MEASURE(1.E-8),#2665,
'DISTANCE_ACCURACY_VALUE','Maximum Tolerance applied to model');
#2651=UNCERTAINTY_MEASURE_WITH_UNIT(LENGTH_MEASURE(1.E-8),#2666,
'DISTANCE_ACCURACY_VALUE','Maximum Tolerance applied to model');
#2652=(
NAMED_UNIT(*)
SI_UNIT($,.STERADIAN.)
SOLID_ANGLE_UNIT()
);
#2653=(
NAMED_UNIT(*)
SI_UNIT($,.STERADIAN.)
SOLID_ANGLE_UNIT()
);
#2654=(
NAMED_UNIT(*)
SI_UNIT($,.STERADIAN.)
SOLID_ANGLE_UNIT()
);
#2655=(
NAMED_UNIT(*)
SI_UNIT($,.STERADIAN.)
SOLID_ANGLE_UNIT()
);
#2656=(
NAMED_UNIT(*)
SI_UNIT($,.STERADIAN.)
SOLID_ANGLE_UNIT()
);
#2657=(
NAMED_UNIT(*)
PLANE_ANGLE_UNIT()
SI_UNIT($,.RADIAN.)
);
#2658=(
NAMED_UNIT(*)
PLANE_ANGLE_UNIT()
SI_UNIT($,.RADIAN.)
);
#2659=(
NAMED_UNIT(*)
PLANE_ANGLE_UNIT()
SI_UNIT($,.RADIAN.)
);
#2660=(
NAMED_UNIT(*)
PLANE_ANGLE_UNIT()
SI_UNIT($,.RADIAN.)
);
#2661=(
NAMED_UNIT(*)
PLANE_ANGLE_UNIT()
SI_UNIT($,.RADIAN.)
);
#2662=(
LENGTH_UNIT()
NAMED_UNIT(*)
SI_UNIT($,.METRE.)
);
#2663=(
LENGTH_UNIT()
NAMED_UNIT(*)
SI_UNIT($,.METRE.)
);
#2664=(
LENGTH_UNIT()
NAMED_UNIT(*)
SI_UNIT($,.METRE.)
);
#2665=(
LENGTH_UNIT()
NAMED_UNIT(*)
SI_UNIT($,.METRE.)
);
#2666=(
LENGTH_UNIT()
NAMED_UNIT(*)
SI_UNIT($,.METRE.)
);
#2667=PRODUCT_DEFINITION_SHAPE('','',#2672);
#2668=PRODUCT_DEFINITION_SHAPE('','',#2673);
#2669=PRODUCT_DEFINITION_SHAPE('','',#2674);
#2670=PRODUCT_DEFINITION_SHAPE('','',#2675);
#2671=PRODUCT_DEFINITION_SHAPE('','',#2676);
#2672=PRODUCT_DEFINITION('','',#2682,#2677);
#2673=PRODUCT_DEFINITION('','',#2683,#2678);
#2674=PRODUCT_DEFINITION('','',#2684,#2679);
#2675=PRODUCT_DEFINITION('','',#2685,#2680);
#2676=PRODUCT_DEFINITION('','',#2686,#2681);
#2677=PRODUCT_DEFINITION_CONTEXT('',#2712,'design');
#2678=PRODUCT_DEFINITION_CONTEXT('',#2713,'design');
#2679=PRODUCT_DEFINITION_CONTEXT('',#2714,'design');
#2680=PRODUCT_DEFINITION_CONTEXT('',#2715,'design');
#2681=PRODUCT_DEFINITION_CONTEXT('',#2716,'design');
#2682=PRODUCT_DEFINITION_FORMATION_WITH_SPECIFIED_SOURCE('','',#2692,
 .NOT_KNOWN.);
#2683=PRODUCT_DEFINITION_FORMATION_WITH_SPECIFIED_SOURCE('','',#2693,
 .NOT_KNOWN.);
#2684=PRODUCT_DEFINITION_FORMATION_WITH_SPECIFIED_SOURCE('','',#2694,
 .NOT_KNOWN.);
#2685=PRODUCT_DEFINITION_FORMATION_WITH_SPECIFIED_SOURCE('','',#2695,
 .NOT_KNOWN.);
#2686=PRODUCT_DEFINITION_FORMATION_WITH_SPECIFIED_SOURCE('','',#2696,
 .NOT_KNOWN.);
#2687=PRODUCT_RELATED_PRODUCT_CATEGORY('','',(#2692));
#2688=PRODUCT_RELATED_PRODUCT_CATEGORY('','',(#2693));
#2689=PRODUCT_RELATED_PRODUCT_CATEGORY('','',(#2694));
#2690=PRODUCT_RELATED_PRODUCT_CATEGORY('','',(#2695));
#2691=PRODUCT_RELATED_PRODUCT_CATEGORY('','',(#2696));
#2692=PRODUCT('lid','lid','lid',(#2702));
#2693=PRODUCT('Part 13','Part 13','Part 13',(#2703));
#2694=PRODUCT('Part 11','Part 11','Part 11',(#2704));
#2695=PRODUCT('Part 9','Part 9','Part 9',(#2705));
#2696=PRODUCT('Part 6','Part 6','Part 6',(#2706));
#2697=PRODUCT_CATEGORY('','');
#2698=PRODUCT_CATEGORY('','');
#2699=PRODUCT_CATEGORY('','');
#2700=PRODUCT_CATEGORY('','');
#2701=PRODUCT_CATEGORY('','');
#2702=PRODUCT_CONTEXT('',#2712,'mechanical');
#2703=PRODUCT_CONTEXT('',#2713,'mechanical');
#2704=PRODUCT_CONTEXT('',#2714,'mechanical');
#2705=PRODUCT_CONTEXT('',#2715,'mechanical');
#2706=PRODUCT_CONTEXT('',#2716,'mechanical');
#2707=APPLICATION_PROTOCOL_DEFINITION('international standard',
'ap242_managed_model_based_3d_engineering',2011,#2712);
#2708=APPLICATION_PROTOCOL_DEFINITION('international standard',
'ap242_managed_model_based_3d_engineering',2011,#2713);
#2709=APPLICATION_PROTOCOL_DEFINITION('international standard',
'ap242_managed_model_based_3d_engineering',2011,#2714);
#2710=APPLICATION_PROTOCOL_DEFINITION('international standard',
'ap242_managed_model_based_3d_engineering',2011,#2715);
#2711=APPLICATION_PROTOCOL_DEFINITION('international standard',
'ap242_managed_model_based_3d_engineering',2011,#2716);
#2712=APPLICATION_CONTEXT('managed model based 3d engineering');
#2713=APPLICATION_CONTEXT('managed model based 3d engineering');
#2714=APPLICATION_CONTEXT('managed model based 3d engineering');
#2715=APPLICATION_CONTEXT('managed model based 3d engineering');
#2716=APPLICATION_CONTEXT('managed model based 3d engineering');
ENDSEC;
END-ISO-10303-21;
