ISO-10303-21;
HEADER;
/* Generated by software containing ST-Developer
 * from STEP Tools, Inc. (www.steptools.com) 
 */
/* OPTION: using custom renumber hook */

FILE_DESCRIPTION(
/* description */ ('STEP AP242',
'CAx-IF Rec.Pracs.---Representation and Presentation of Product Manufa
cturing Information (PMI)---4.0---2014-10-13',
'CAx-IF Rec.Pracs.---3D Tessellated Geometry---0.4---2014-09-14','2;1',
'CAx-IF Rec.Pracs.---User Defined Attributes---1.5---2016-08-15'),
/* implementation_level */ '2;1');

FILE_NAME(
/* name */ '69188812a077bfb3025e989c',
/* time_stamp */ '2025-11-15T14:02:58Z',
/* author */ (''),
/* organization */ (''),
/* preprocessor_version */ 'ST-DEVELOPER v20',
/* originating_system */ 'ONSHAPE BY PTC INC, 1.206',
/* authorisation */ '  ');

FILE_SCHEMA (('AP242_MANAGED_MODEL_BASED_3D_ENGINEERING_MIM_LF { 1 0 10303 442 1 1 4 }'));
ENDSEC;

DATA;
#10=ELLIPSE('',#1693,0.0106251840891798,0.00275);
#11=ELLIPSE('',#1694,0.0106251840891798,0.00275);
#12=ELLIPSE('',#1695,0.0106251840891798,0.00275);
#13=ELLIPSE('',#1696,0.0106251840891798,0.00275);
#14=ELLIPSE('',#1697,0.0106251840891798,0.00275);
#15=ELLIPSE('',#1698,0.0106251840891798,0.00275);
#16=ELLIPSE('',#1699,0.0106251840891798,0.00275);
#17=ELLIPSE('',#1700,0.0106251840891798,0.00275);
#18=ELLIPSE('',#1701,0.0106251840891798,0.00275);
#19=ELLIPSE('',#1702,0.0106251840891798,0.00275);
#20=ELLIPSE('',#1703,0.0106251840891798,0.00275);
#21=SHAPE_REPRESENTATION_RELATIONSHIP('','',#1669,#26);
#22=SHAPE_REPRESENTATION_RELATIONSHIP('','',#1670,#27);
#23=SHAPE_REPRESENTATION_RELATIONSHIP('','',#1671,#28);
#24=SHAPE_REPRESENTATION_RELATIONSHIP('','',#1672,#29);
#25=SHAPE_REPRESENTATION_RELATIONSHIP('','',#1673,#30);
#26=ADVANCED_BREP_SHAPE_REPRESENTATION('',(#1659),#2774);
#27=ADVANCED_BREP_SHAPE_REPRESENTATION('',(#1660),#2775);
#28=ADVANCED_BREP_SHAPE_REPRESENTATION('',(#1661),#2776);
#29=ADVANCED_BREP_SHAPE_REPRESENTATION('',(#1662),#2777);
#30=ADVANCED_BREP_SHAPE_REPRESENTATION('',(#1663),#2778);
#31=PLANE('',#1681);
#32=PLANE('',#1682);
#33=PLANE('',#1683);
#34=PLANE('',#1684);
#35=PLANE('',#1686);
#36=PLANE('',#1692);
#37=PLANE('',#1704);
#38=PLANE('',#1705);
#39=PLANE('',#1706);
#40=PLANE('',#1707);
#41=PLANE('',#1708);
#42=PLANE('',#1709);
#43=PLANE('',#1710);
#44=PLANE('',#1711);
#45=PLANE('',#1712);
#46=PLANE('',#1720);
#47=PLANE('',#1721);
#48=PLANE('',#1733);
#49=PLANE('',#1734);
#50=PLANE('',#1735);
#51=PLANE('',#1736);
#52=PLANE('',#1739);
#53=PLANE('',#1742);
#54=PLANE('',#1745);
#55=PLANE('',#1748);
#56=PLANE('',#1751);
#57=PLANE('',#1754);
#58=PLANE('',#1757);
#59=PLANE('',#1760);
#60=PLANE('',#1763);
#61=PLANE('',#1766);
#62=PLANE('',#1769);
#63=PLANE('',#1772);
#64=PLANE('',#1775);
#65=PLANE('',#1778);
#66=PLANE('',#1781);
#67=PLANE('',#1784);
#68=PLANE('',#1787);
#69=PLANE('',#1790);
#70=PLANE('',#1793);
#71=PLANE('',#1796);
#72=PLANE('',#1799);
#73=PLANE('',#1802);
#74=PLANE('',#1805);
#75=PLANE('',#1806);
#76=PLANE('',#1807);
#77=PLANE('',#1808);
#78=PLANE('',#1810);
#79=PLANE('',#1811);
#80=PLANE('',#1812);
#81=PLANE('',#1813);
#82=PLANE('',#1815);
#83=PLANE('',#1818);
#84=PLANE('',#1819);
#85=PLANE('',#1820);
#86=PLANE('',#1821);
#87=PLANE('',#1823);
#88=PLANE('',#1825);
#89=PLANE('',#1828);
#90=PLANE('',#1830);
#91=PLANE('',#1831);
#92=PLANE('',#1832);
#93=PLANE('',#1833);
#94=PLANE('',#1834);
#95=PLANE('',#1835);
#96=PLANE('',#1836);
#97=PLANE('',#1837);
#98=PLANE('',#1838);
#99=PLANE('',#1839);
#100=PLANE('',#1840);
#101=PLANE('',#1841);
#102=PLANE('',#1842);
#103=PLANE('',#1843);
#104=CIRCLE('',#1676,0.004);
#105=CIRCLE('',#1677,0.004);
#106=CIRCLE('',#1679,0.013);
#107=CIRCLE('',#1680,0.013);
#108=CIRCLE('',#1687,0.00275);
#109=CIRCLE('',#1688,0.00275);
#110=CIRCLE('',#1689,0.00275);
#111=CIRCLE('',#1690,0.00275);
#112=CIRCLE('',#1691,0.00275);
#113=CIRCLE('',#1713,0.00275);
#114=CIRCLE('',#1714,0.00275);
#115=CIRCLE('',#1715,0.00275);
#116=CIRCLE('',#1716,0.00275);
#117=CIRCLE('',#1717,0.00275);
#118=CIRCLE('',#1718,0.00275);
#119=CIRCLE('',#1719,0.00275);
#120=CIRCLE('',#1722,0.00275);
#121=CIRCLE('',#1723,0.00275);
#122=CIRCLE('',#1724,0.00275);
#123=CIRCLE('',#1725,0.00275);
#124=CIRCLE('',#1726,0.00275);
#125=CIRCLE('',#1727,0.00275);
#126=CIRCLE('',#1728,0.00275);
#127=CIRCLE('',#1729,0.00275);
#128=CIRCLE('',#1730,0.00275);
#129=CIRCLE('',#1731,0.00275);
#130=CIRCLE('',#1732,0.00275);
#131=CIRCLE('',#1738,0.00275);
#132=CIRCLE('',#1741,0.00275);
#133=CIRCLE('',#1744,0.00275);
#134=CIRCLE('',#1747,0.00275);
#135=CIRCLE('',#1750,0.00275);
#136=CIRCLE('',#1753,0.00275);
#137=CIRCLE('',#1756,0.00275);
#138=CIRCLE('',#1759,0.00275);
#139=CIRCLE('',#1762,0.00275);
#140=CIRCLE('',#1765,0.00275);
#141=CIRCLE('',#1768,0.00275);
#142=CIRCLE('',#1771,0.00275);
#143=CIRCLE('',#1774,0.00275);
#144=CIRCLE('',#1777,0.00275);
#145=CIRCLE('',#1780,0.00275);
#146=CIRCLE('',#1783,0.00275);
#147=CIRCLE('',#1786,0.00275);
#148=CIRCLE('',#1789,0.00275);
#149=CIRCLE('',#1792,0.00275);
#150=CIRCLE('',#1795,0.00275);
#151=CIRCLE('',#1798,0.00275);
#152=CIRCLE('',#1801,0.00275);
#153=CIRCLE('',#1804,0.00275);
#154=CIRCLE('',#1814,0.013);
#155=CIRCLE('',#1816,0.013);
#156=CIRCLE('',#1824,0.004);
#157=CIRCLE('',#1826,0.004);
#158=ORIENTED_EDGE('',*,*,#558,.F.);
#159=ORIENTED_EDGE('',*,*,#559,.T.);
#160=ORIENTED_EDGE('',*,*,#560,.F.);
#161=ORIENTED_EDGE('',*,*,#561,.F.);
#162=ORIENTED_EDGE('',*,*,#562,.F.);
#163=ORIENTED_EDGE('',*,*,#563,.T.);
#164=ORIENTED_EDGE('',*,*,#564,.T.);
#165=ORIENTED_EDGE('',*,*,#565,.T.);
#166=ORIENTED_EDGE('',*,*,#566,.F.);
#167=ORIENTED_EDGE('',*,*,#562,.T.);
#168=ORIENTED_EDGE('',*,*,#567,.F.);
#169=ORIENTED_EDGE('',*,*,#559,.F.);
#170=ORIENTED_EDGE('',*,*,#564,.F.);
#171=ORIENTED_EDGE('',*,*,#568,.T.);
#172=ORIENTED_EDGE('',*,*,#561,.T.);
#173=ORIENTED_EDGE('',*,*,#569,.T.);
#174=ORIENTED_EDGE('',*,*,#567,.T.);
#175=ORIENTED_EDGE('',*,*,#565,.F.);
#176=ORIENTED_EDGE('',*,*,#569,.F.);
#177=ORIENTED_EDGE('',*,*,#560,.T.);
#178=ORIENTED_EDGE('',*,*,#566,.T.);
#179=ORIENTED_EDGE('',*,*,#558,.T.);
#180=ORIENTED_EDGE('',*,*,#568,.F.);
#181=ORIENTED_EDGE('',*,*,#563,.F.);
#182=ORIENTED_EDGE('',*,*,#570,.T.);
#183=ORIENTED_EDGE('',*,*,#571,.T.);
#184=ORIENTED_EDGE('',*,*,#572,.T.);
#185=ORIENTED_EDGE('',*,*,#573,.T.);
#186=ORIENTED_EDGE('',*,*,#574,.T.);
#187=ORIENTED_EDGE('',*,*,#575,.T.);
#188=ORIENTED_EDGE('',*,*,#576,.T.);
#189=ORIENTED_EDGE('',*,*,#577,.T.);
#190=ORIENTED_EDGE('',*,*,#578,.F.);
#191=ORIENTED_EDGE('',*,*,#579,.F.);
#192=ORIENTED_EDGE('',*,*,#580,.F.);
#193=ORIENTED_EDGE('',*,*,#581,.F.);
#194=ORIENTED_EDGE('',*,*,#582,.F.);
#195=ORIENTED_EDGE('',*,*,#583,.T.);
#196=ORIENTED_EDGE('',*,*,#584,.F.);
#197=ORIENTED_EDGE('',*,*,#585,.F.);
#198=ORIENTED_EDGE('',*,*,#586,.F.);
#199=ORIENTED_EDGE('',*,*,#587,.T.);
#200=ORIENTED_EDGE('',*,*,#583,.F.);
#201=ORIENTED_EDGE('',*,*,#588,.T.);
#202=ORIENTED_EDGE('',*,*,#589,.F.);
#203=ORIENTED_EDGE('',*,*,#590,.F.);
#204=ORIENTED_EDGE('',*,*,#577,.F.);
#205=ORIENTED_EDGE('',*,*,#591,.F.);
#206=ORIENTED_EDGE('',*,*,#592,.T.);
#207=ORIENTED_EDGE('',*,*,#593,.F.);
#208=ORIENTED_EDGE('',*,*,#594,.T.);
#209=ORIENTED_EDGE('',*,*,#595,.F.);
#210=ORIENTED_EDGE('',*,*,#596,.T.);
#211=ORIENTED_EDGE('',*,*,#597,.F.);
#212=ORIENTED_EDGE('',*,*,#598,.T.);
#213=ORIENTED_EDGE('',*,*,#599,.F.);
#214=ORIENTED_EDGE('',*,*,#600,.T.);
#215=ORIENTED_EDGE('',*,*,#601,.F.);
#216=ORIENTED_EDGE('',*,*,#602,.T.);
#217=ORIENTED_EDGE('',*,*,#603,.F.);
#218=ORIENTED_EDGE('',*,*,#604,.T.);
#219=ORIENTED_EDGE('',*,*,#605,.F.);
#220=ORIENTED_EDGE('',*,*,#606,.T.);
#221=ORIENTED_EDGE('',*,*,#607,.F.);
#222=ORIENTED_EDGE('',*,*,#608,.T.);
#223=ORIENTED_EDGE('',*,*,#609,.F.);
#224=ORIENTED_EDGE('',*,*,#610,.T.);
#225=ORIENTED_EDGE('',*,*,#611,.F.);
#226=ORIENTED_EDGE('',*,*,#612,.T.);
#227=ORIENTED_EDGE('',*,*,#613,.F.);
#228=ORIENTED_EDGE('',*,*,#614,.T.);
#229=ORIENTED_EDGE('',*,*,#579,.T.);
#230=ORIENTED_EDGE('',*,*,#615,.T.);
#231=ORIENTED_EDGE('',*,*,#616,.F.);
#232=ORIENTED_EDGE('',*,*,#617,.T.);
#233=ORIENTED_EDGE('',*,*,#613,.T.);
#234=ORIENTED_EDGE('',*,*,#618,.T.);
#235=ORIENTED_EDGE('',*,*,#619,.F.);
#236=ORIENTED_EDGE('',*,*,#620,.T.);
#237=ORIENTED_EDGE('',*,*,#621,.F.);
#238=ORIENTED_EDGE('',*,*,#622,.F.);
#239=ORIENTED_EDGE('',*,*,#623,.F.);
#240=ORIENTED_EDGE('',*,*,#624,.F.);
#241=ORIENTED_EDGE('',*,*,#625,.T.);
#242=ORIENTED_EDGE('',*,*,#626,.T.);
#243=ORIENTED_EDGE('',*,*,#624,.T.);
#244=ORIENTED_EDGE('',*,*,#627,.T.);
#245=ORIENTED_EDGE('',*,*,#622,.T.);
#246=ORIENTED_EDGE('',*,*,#628,.T.);
#247=ORIENTED_EDGE('',*,*,#620,.F.);
#248=ORIENTED_EDGE('',*,*,#629,.T.);
#249=ORIENTED_EDGE('',*,*,#616,.T.);
#250=ORIENTED_EDGE('',*,*,#630,.T.);
#251=ORIENTED_EDGE('',*,*,#631,.F.);
#252=ORIENTED_EDGE('',*,*,#632,.T.);
#253=ORIENTED_EDGE('',*,*,#626,.F.);
#254=ORIENTED_EDGE('',*,*,#633,.T.);
#255=ORIENTED_EDGE('',*,*,#634,.T.);
#256=ORIENTED_EDGE('',*,*,#635,.F.);
#257=ORIENTED_EDGE('',*,*,#628,.F.);
#258=ORIENTED_EDGE('',*,*,#621,.T.);
#259=ORIENTED_EDGE('',*,*,#630,.F.);
#260=ORIENTED_EDGE('',*,*,#618,.F.);
#261=ORIENTED_EDGE('',*,*,#615,.F.);
#262=ORIENTED_EDGE('',*,*,#578,.T.);
#263=ORIENTED_EDGE('',*,*,#590,.T.);
#264=ORIENTED_EDGE('',*,*,#636,.T.);
#265=ORIENTED_EDGE('',*,*,#633,.F.);
#266=ORIENTED_EDGE('',*,*,#625,.F.);
#267=ORIENTED_EDGE('',*,*,#637,.F.);
#268=ORIENTED_EDGE('',*,*,#638,.F.);
#269=ORIENTED_EDGE('',*,*,#639,.F.);
#270=ORIENTED_EDGE('',*,*,#640,.F.);
#271=ORIENTED_EDGE('',*,*,#641,.F.);
#272=ORIENTED_EDGE('',*,*,#642,.F.);
#273=ORIENTED_EDGE('',*,*,#643,.F.);
#274=ORIENTED_EDGE('',*,*,#634,.F.);
#275=ORIENTED_EDGE('',*,*,#636,.F.);
#276=ORIENTED_EDGE('',*,*,#589,.T.);
#277=ORIENTED_EDGE('',*,*,#644,.F.);
#278=ORIENTED_EDGE('',*,*,#645,.F.);
#279=ORIENTED_EDGE('',*,*,#646,.F.);
#280=ORIENTED_EDGE('',*,*,#575,.F.);
#281=ORIENTED_EDGE('',*,*,#647,.F.);
#282=ORIENTED_EDGE('',*,*,#648,.T.);
#283=ORIENTED_EDGE('',*,*,#649,.T.);
#284=ORIENTED_EDGE('',*,*,#650,.F.);
#285=ORIENTED_EDGE('',*,*,#651,.F.);
#286=ORIENTED_EDGE('',*,*,#652,.F.);
#287=ORIENTED_EDGE('',*,*,#653,.F.);
#288=ORIENTED_EDGE('',*,*,#654,.F.);
#289=ORIENTED_EDGE('',*,*,#655,.F.);
#290=ORIENTED_EDGE('',*,*,#656,.F.);
#291=ORIENTED_EDGE('',*,*,#657,.F.);
#292=ORIENTED_EDGE('',*,*,#658,.F.);
#293=ORIENTED_EDGE('',*,*,#659,.F.);
#294=ORIENTED_EDGE('',*,*,#660,.F.);
#295=ORIENTED_EDGE('',*,*,#588,.F.);
#296=ORIENTED_EDGE('',*,*,#582,.T.);
#297=ORIENTED_EDGE('',*,*,#661,.T.);
#298=ORIENTED_EDGE('',*,*,#644,.T.);
#299=ORIENTED_EDGE('',*,*,#661,.F.);
#300=ORIENTED_EDGE('',*,*,#581,.T.);
#301=ORIENTED_EDGE('',*,*,#662,.F.);
#302=ORIENTED_EDGE('',*,*,#663,.T.);
#303=ORIENTED_EDGE('',*,*,#664,.T.);
#304=ORIENTED_EDGE('',*,*,#645,.T.);
#305=ORIENTED_EDGE('',*,*,#664,.F.);
#306=ORIENTED_EDGE('',*,*,#665,.T.);
#307=ORIENTED_EDGE('',*,*,#635,.T.);
#308=ORIENTED_EDGE('',*,*,#646,.T.);
#309=ORIENTED_EDGE('',*,*,#580,.T.);
#310=ORIENTED_EDGE('',*,*,#614,.F.);
#311=ORIENTED_EDGE('',*,*,#617,.F.);
#312=ORIENTED_EDGE('',*,*,#629,.F.);
#313=ORIENTED_EDGE('',*,*,#619,.T.);
#314=ORIENTED_EDGE('',*,*,#627,.F.);
#315=ORIENTED_EDGE('',*,*,#623,.T.);
#316=ORIENTED_EDGE('',*,*,#632,.F.);
#317=ORIENTED_EDGE('',*,*,#666,.F.);
#318=ORIENTED_EDGE('',*,*,#662,.T.);
#319=ORIENTED_EDGE('',*,*,#666,.T.);
#320=ORIENTED_EDGE('',*,*,#631,.T.);
#321=ORIENTED_EDGE('',*,*,#665,.F.);
#322=ORIENTED_EDGE('',*,*,#663,.F.);
#323=ORIENTED_EDGE('',*,*,#667,.F.);
#324=ORIENTED_EDGE('',*,*,#643,.T.);
#325=ORIENTED_EDGE('',*,*,#667,.T.);
#326=ORIENTED_EDGE('',*,*,#668,.F.);
#327=ORIENTED_EDGE('',*,*,#642,.T.);
#328=ORIENTED_EDGE('',*,*,#668,.T.);
#329=ORIENTED_EDGE('',*,*,#669,.F.);
#330=ORIENTED_EDGE('',*,*,#641,.T.);
#331=ORIENTED_EDGE('',*,*,#669,.T.);
#332=ORIENTED_EDGE('',*,*,#670,.F.);
#333=ORIENTED_EDGE('',*,*,#640,.T.);
#334=ORIENTED_EDGE('',*,*,#670,.T.);
#335=ORIENTED_EDGE('',*,*,#671,.F.);
#336=ORIENTED_EDGE('',*,*,#639,.T.);
#337=ORIENTED_EDGE('',*,*,#671,.T.);
#338=ORIENTED_EDGE('',*,*,#672,.F.);
#339=ORIENTED_EDGE('',*,*,#638,.T.);
#340=ORIENTED_EDGE('',*,*,#672,.T.);
#341=ORIENTED_EDGE('',*,*,#673,.F.);
#342=ORIENTED_EDGE('',*,*,#637,.T.);
#343=ORIENTED_EDGE('',*,*,#673,.T.);
#344=ORIENTED_EDGE('',*,*,#674,.F.);
#345=ORIENTED_EDGE('',*,*,#570,.F.);
#346=ORIENTED_EDGE('',*,*,#674,.T.);
#347=ORIENTED_EDGE('',*,*,#675,.F.);
#348=ORIENTED_EDGE('',*,*,#571,.F.);
#349=ORIENTED_EDGE('',*,*,#675,.T.);
#350=ORIENTED_EDGE('',*,*,#676,.F.);
#351=ORIENTED_EDGE('',*,*,#572,.F.);
#352=ORIENTED_EDGE('',*,*,#676,.T.);
#353=ORIENTED_EDGE('',*,*,#677,.F.);
#354=ORIENTED_EDGE('',*,*,#573,.F.);
#355=ORIENTED_EDGE('',*,*,#677,.T.);
#356=ORIENTED_EDGE('',*,*,#678,.F.);
#357=ORIENTED_EDGE('',*,*,#574,.F.);
#358=ORIENTED_EDGE('',*,*,#678,.T.);
#359=ORIENTED_EDGE('',*,*,#679,.T.);
#360=ORIENTED_EDGE('',*,*,#592,.F.);
#361=ORIENTED_EDGE('',*,*,#660,.T.);
#362=ORIENTED_EDGE('',*,*,#591,.T.);
#363=ORIENTED_EDGE('',*,*,#679,.F.);
#364=ORIENTED_EDGE('',*,*,#680,.T.);
#365=ORIENTED_EDGE('',*,*,#594,.F.);
#366=ORIENTED_EDGE('',*,*,#659,.T.);
#367=ORIENTED_EDGE('',*,*,#593,.T.);
#368=ORIENTED_EDGE('',*,*,#680,.F.);
#369=ORIENTED_EDGE('',*,*,#681,.T.);
#370=ORIENTED_EDGE('',*,*,#596,.F.);
#371=ORIENTED_EDGE('',*,*,#658,.T.);
#372=ORIENTED_EDGE('',*,*,#595,.T.);
#373=ORIENTED_EDGE('',*,*,#681,.F.);
#374=ORIENTED_EDGE('',*,*,#682,.T.);
#375=ORIENTED_EDGE('',*,*,#598,.F.);
#376=ORIENTED_EDGE('',*,*,#657,.T.);
#377=ORIENTED_EDGE('',*,*,#597,.T.);
#378=ORIENTED_EDGE('',*,*,#682,.F.);
#379=ORIENTED_EDGE('',*,*,#683,.T.);
#380=ORIENTED_EDGE('',*,*,#600,.F.);
#381=ORIENTED_EDGE('',*,*,#656,.T.);
#382=ORIENTED_EDGE('',*,*,#599,.T.);
#383=ORIENTED_EDGE('',*,*,#683,.F.);
#384=ORIENTED_EDGE('',*,*,#684,.T.);
#385=ORIENTED_EDGE('',*,*,#602,.F.);
#386=ORIENTED_EDGE('',*,*,#655,.T.);
#387=ORIENTED_EDGE('',*,*,#601,.T.);
#388=ORIENTED_EDGE('',*,*,#684,.F.);
#389=ORIENTED_EDGE('',*,*,#685,.T.);
#390=ORIENTED_EDGE('',*,*,#604,.F.);
#391=ORIENTED_EDGE('',*,*,#654,.T.);
#392=ORIENTED_EDGE('',*,*,#603,.T.);
#393=ORIENTED_EDGE('',*,*,#685,.F.);
#394=ORIENTED_EDGE('',*,*,#686,.T.);
#395=ORIENTED_EDGE('',*,*,#606,.F.);
#396=ORIENTED_EDGE('',*,*,#653,.T.);
#397=ORIENTED_EDGE('',*,*,#605,.T.);
#398=ORIENTED_EDGE('',*,*,#686,.F.);
#399=ORIENTED_EDGE('',*,*,#687,.T.);
#400=ORIENTED_EDGE('',*,*,#608,.F.);
#401=ORIENTED_EDGE('',*,*,#652,.T.);
#402=ORIENTED_EDGE('',*,*,#607,.T.);
#403=ORIENTED_EDGE('',*,*,#687,.F.);
#404=ORIENTED_EDGE('',*,*,#688,.T.);
#405=ORIENTED_EDGE('',*,*,#610,.F.);
#406=ORIENTED_EDGE('',*,*,#651,.T.);
#407=ORIENTED_EDGE('',*,*,#609,.T.);
#408=ORIENTED_EDGE('',*,*,#688,.F.);
#409=ORIENTED_EDGE('',*,*,#689,.T.);
#410=ORIENTED_EDGE('',*,*,#612,.F.);
#411=ORIENTED_EDGE('',*,*,#650,.T.);
#412=ORIENTED_EDGE('',*,*,#611,.T.);
#413=ORIENTED_EDGE('',*,*,#689,.F.);
#414=ORIENTED_EDGE('',*,*,#649,.F.);
#415=ORIENTED_EDGE('',*,*,#690,.T.);
#416=ORIENTED_EDGE('',*,*,#585,.T.);
#417=ORIENTED_EDGE('',*,*,#576,.F.);
#418=ORIENTED_EDGE('',*,*,#584,.T.);
#419=ORIENTED_EDGE('',*,*,#587,.F.);
#420=ORIENTED_EDGE('',*,*,#691,.F.);
#421=ORIENTED_EDGE('',*,*,#647,.T.);
#422=ORIENTED_EDGE('',*,*,#586,.T.);
#423=ORIENTED_EDGE('',*,*,#690,.F.);
#424=ORIENTED_EDGE('',*,*,#648,.F.);
#425=ORIENTED_EDGE('',*,*,#691,.T.);
#426=ORIENTED_EDGE('',*,*,#692,.T.);
#427=ORIENTED_EDGE('',*,*,#693,.F.);
#428=ORIENTED_EDGE('',*,*,#694,.F.);
#429=ORIENTED_EDGE('',*,*,#695,.T.);
#430=ORIENTED_EDGE('',*,*,#696,.T.);
#431=ORIENTED_EDGE('',*,*,#697,.F.);
#432=ORIENTED_EDGE('',*,*,#698,.F.);
#433=ORIENTED_EDGE('',*,*,#693,.T.);
#434=ORIENTED_EDGE('',*,*,#699,.F.);
#435=ORIENTED_EDGE('',*,*,#700,.F.);
#436=ORIENTED_EDGE('',*,*,#701,.T.);
#437=ORIENTED_EDGE('',*,*,#697,.T.);
#438=ORIENTED_EDGE('',*,*,#702,.T.);
#439=ORIENTED_EDGE('',*,*,#703,.T.);
#440=ORIENTED_EDGE('',*,*,#704,.T.);
#441=ORIENTED_EDGE('',*,*,#705,.T.);
#442=ORIENTED_EDGE('',*,*,#706,.F.);
#443=ORIENTED_EDGE('',*,*,#699,.T.);
#444=ORIENTED_EDGE('',*,*,#696,.F.);
#445=ORIENTED_EDGE('',*,*,#692,.F.);
#446=ORIENTED_EDGE('',*,*,#707,.F.);
#447=ORIENTED_EDGE('',*,*,#708,.F.);
#448=ORIENTED_EDGE('',*,*,#694,.T.);
#449=ORIENTED_EDGE('',*,*,#698,.T.);
#450=ORIENTED_EDGE('',*,*,#701,.F.);
#451=ORIENTED_EDGE('',*,*,#709,.T.);
#452=ORIENTED_EDGE('',*,*,#710,.F.);
#453=ORIENTED_EDGE('',*,*,#711,.F.);
#454=ORIENTED_EDGE('',*,*,#712,.F.);
#455=ORIENTED_EDGE('',*,*,#711,.T.);
#456=ORIENTED_EDGE('',*,*,#713,.F.);
#457=ORIENTED_EDGE('',*,*,#704,.F.);
#458=ORIENTED_EDGE('',*,*,#714,.F.);
#459=ORIENTED_EDGE('',*,*,#702,.F.);
#460=ORIENTED_EDGE('',*,*,#695,.F.);
#461=ORIENTED_EDGE('',*,*,#708,.T.);
#462=ORIENTED_EDGE('',*,*,#706,.T.);
#463=ORIENTED_EDGE('',*,*,#715,.T.);
#464=ORIENTED_EDGE('',*,*,#709,.F.);
#465=ORIENTED_EDGE('',*,*,#700,.T.);
#466=ORIENTED_EDGE('',*,*,#710,.T.);
#467=ORIENTED_EDGE('',*,*,#715,.F.);
#468=ORIENTED_EDGE('',*,*,#705,.F.);
#469=ORIENTED_EDGE('',*,*,#713,.T.);
#470=ORIENTED_EDGE('',*,*,#707,.T.);
#471=ORIENTED_EDGE('',*,*,#712,.T.);
#472=ORIENTED_EDGE('',*,*,#703,.F.);
#473=ORIENTED_EDGE('',*,*,#714,.T.);
#474=ORIENTED_EDGE('',*,*,#716,.F.);
#475=ORIENTED_EDGE('',*,*,#717,.T.);
#476=ORIENTED_EDGE('',*,*,#718,.F.);
#477=ORIENTED_EDGE('',*,*,#719,.T.);
#478=ORIENTED_EDGE('',*,*,#719,.F.);
#479=ORIENTED_EDGE('',*,*,#720,.T.);
#480=ORIENTED_EDGE('',*,*,#716,.T.);
#481=ORIENTED_EDGE('',*,*,#721,.T.);
#482=ORIENTED_EDGE('',*,*,#718,.T.);
#483=ORIENTED_EDGE('',*,*,#721,.F.);
#484=ORIENTED_EDGE('',*,*,#717,.F.);
#485=ORIENTED_EDGE('',*,*,#720,.F.);
#486=ORIENTED_EDGE('',*,*,#722,.F.);
#487=ORIENTED_EDGE('',*,*,#723,.F.);
#488=ORIENTED_EDGE('',*,*,#724,.T.);
#489=ORIENTED_EDGE('',*,*,#725,.T.);
#490=ORIENTED_EDGE('',*,*,#726,.F.);
#491=ORIENTED_EDGE('',*,*,#727,.F.);
#492=ORIENTED_EDGE('',*,*,#728,.T.);
#493=ORIENTED_EDGE('',*,*,#723,.T.);
#494=ORIENTED_EDGE('',*,*,#729,.T.);
#495=ORIENTED_EDGE('',*,*,#730,.F.);
#496=ORIENTED_EDGE('',*,*,#731,.F.);
#497=ORIENTED_EDGE('',*,*,#727,.T.);
#498=ORIENTED_EDGE('',*,*,#732,.T.);
#499=ORIENTED_EDGE('',*,*,#733,.F.);
#500=ORIENTED_EDGE('',*,*,#734,.F.);
#501=ORIENTED_EDGE('',*,*,#735,.T.);
#502=ORIENTED_EDGE('',*,*,#736,.F.);
#503=ORIENTED_EDGE('',*,*,#737,.F.);
#504=ORIENTED_EDGE('',*,*,#738,.T.);
#505=ORIENTED_EDGE('',*,*,#733,.T.);
#506=ORIENTED_EDGE('',*,*,#739,.F.);
#507=ORIENTED_EDGE('',*,*,#740,.F.);
#508=ORIENTED_EDGE('',*,*,#741,.T.);
#509=ORIENTED_EDGE('',*,*,#737,.T.);
#510=ORIENTED_EDGE('',*,*,#742,.F.);
#511=ORIENTED_EDGE('',*,*,#743,.F.);
#512=ORIENTED_EDGE('',*,*,#724,.F.);
#513=ORIENTED_EDGE('',*,*,#728,.F.);
#514=ORIENTED_EDGE('',*,*,#731,.T.);
#515=ORIENTED_EDGE('',*,*,#744,.T.);
#516=ORIENTED_EDGE('',*,*,#745,.F.);
#517=ORIENTED_EDGE('',*,*,#746,.F.);
#518=ORIENTED_EDGE('',*,*,#734,.T.);
#519=ORIENTED_EDGE('',*,*,#738,.F.);
#520=ORIENTED_EDGE('',*,*,#741,.F.);
#521=ORIENTED_EDGE('',*,*,#747,.T.);
#522=ORIENTED_EDGE('',*,*,#748,.T.);
#523=ORIENTED_EDGE('',*,*,#749,.T.);
#524=ORIENTED_EDGE('',*,*,#750,.F.);
#525=ORIENTED_EDGE('',*,*,#739,.T.);
#526=ORIENTED_EDGE('',*,*,#736,.T.);
#527=ORIENTED_EDGE('',*,*,#732,.F.);
#528=ORIENTED_EDGE('',*,*,#751,.T.);
#529=ORIENTED_EDGE('',*,*,#752,.T.);
#530=ORIENTED_EDGE('',*,*,#753,.F.);
#531=ORIENTED_EDGE('',*,*,#729,.F.);
#532=ORIENTED_EDGE('',*,*,#726,.T.);
#533=ORIENTED_EDGE('',*,*,#722,.T.);
#534=ORIENTED_EDGE('',*,*,#754,.F.);
#535=ORIENTED_EDGE('',*,*,#751,.F.);
#536=ORIENTED_EDGE('',*,*,#735,.F.);
#537=ORIENTED_EDGE('',*,*,#746,.T.);
#538=ORIENTED_EDGE('',*,*,#750,.T.);
#539=ORIENTED_EDGE('',*,*,#755,.T.);
#540=ORIENTED_EDGE('',*,*,#747,.F.);
#541=ORIENTED_EDGE('',*,*,#740,.T.);
#542=ORIENTED_EDGE('',*,*,#753,.T.);
#543=ORIENTED_EDGE('',*,*,#756,.T.);
#544=ORIENTED_EDGE('',*,*,#744,.F.);
#545=ORIENTED_EDGE('',*,*,#730,.T.);
#546=ORIENTED_EDGE('',*,*,#757,.F.);
#547=ORIENTED_EDGE('',*,*,#748,.F.);
#548=ORIENTED_EDGE('',*,*,#725,.F.);
#549=ORIENTED_EDGE('',*,*,#743,.T.);
#550=ORIENTED_EDGE('',*,*,#745,.T.);
#551=ORIENTED_EDGE('',*,*,#756,.F.);
#552=ORIENTED_EDGE('',*,*,#752,.F.);
#553=ORIENTED_EDGE('',*,*,#754,.T.);
#554=ORIENTED_EDGE('',*,*,#742,.T.);
#555=ORIENTED_EDGE('',*,*,#755,.F.);
#556=ORIENTED_EDGE('',*,*,#749,.F.);
#557=ORIENTED_EDGE('',*,*,#757,.T.);
#558=EDGE_CURVE('',#758,#759,#903,.T.);
#559=EDGE_CURVE('',#758,#760,#104,.T.);
#560=EDGE_CURVE('',#761,#760,#904,.F.);
#561=EDGE_CURVE('',#759,#761,#105,.T.);
#562=EDGE_CURVE('',#762,#763,#106,.T.);
#563=EDGE_CURVE('',#762,#764,#905,.T.);
#564=EDGE_CURVE('',#764,#765,#107,.T.);
#565=EDGE_CURVE('',#765,#763,#906,.F.);
#566=EDGE_CURVE('',#762,#758,#907,.T.);
#567=EDGE_CURVE('',#760,#763,#908,.T.);
#568=EDGE_CURVE('',#764,#759,#909,.T.);
#569=EDGE_CURVE('',#761,#765,#910,.T.);
#570=EDGE_CURVE('',#766,#766,#108,.T.);
#571=EDGE_CURVE('',#767,#767,#109,.T.);
#572=EDGE_CURVE('',#768,#768,#110,.T.);
#573=EDGE_CURVE('',#769,#769,#111,.T.);
#574=EDGE_CURVE('',#770,#770,#112,.T.);
#575=EDGE_CURVE('',#771,#772,#911,.T.);
#576=EDGE_CURVE('',#772,#773,#912,.T.);
#577=EDGE_CURVE('',#773,#774,#913,.T.);
#578=EDGE_CURVE('',#775,#774,#914,.T.);
#579=EDGE_CURVE('',#776,#775,#915,.T.);
#580=EDGE_CURVE('',#777,#776,#916,.T.);
#581=EDGE_CURVE('',#778,#777,#917,.T.);
#582=EDGE_CURVE('',#779,#778,#918,.T.);
#583=EDGE_CURVE('',#779,#780,#919,.T.);
#584=EDGE_CURVE('',#771,#780,#920,.T.);
#585=EDGE_CURVE('',#781,#773,#921,.T.);
#586=EDGE_CURVE('',#782,#781,#922,.T.);
#587=EDGE_CURVE('',#782,#780,#923,.T.);
#588=EDGE_CURVE('',#779,#783,#924,.T.);
#589=EDGE_CURVE('',#784,#783,#925,.T.);
#590=EDGE_CURVE('',#774,#784,#926,.T.);
#591=EDGE_CURVE('',#785,#786,#927,.T.);
#592=EDGE_CURVE('',#785,#786,#10,.F.);
#593=EDGE_CURVE('',#787,#788,#928,.T.);
#594=EDGE_CURVE('',#787,#788,#11,.F.);
#595=EDGE_CURVE('',#789,#790,#929,.T.);
#596=EDGE_CURVE('',#789,#790,#12,.F.);
#597=EDGE_CURVE('',#791,#792,#930,.T.);
#598=EDGE_CURVE('',#791,#792,#13,.F.);
#599=EDGE_CURVE('',#793,#794,#931,.T.);
#600=EDGE_CURVE('',#793,#794,#14,.F.);
#601=EDGE_CURVE('',#795,#796,#932,.T.);
#602=EDGE_CURVE('',#795,#796,#15,.F.);
#603=EDGE_CURVE('',#797,#798,#933,.T.);
#604=EDGE_CURVE('',#797,#798,#16,.F.);
#605=EDGE_CURVE('',#799,#800,#934,.T.);
#606=EDGE_CURVE('',#799,#800,#17,.F.);
#607=EDGE_CURVE('',#801,#802,#935,.T.);
#608=EDGE_CURVE('',#801,#802,#18,.F.);
#609=EDGE_CURVE('',#803,#804,#936,.T.);
#610=EDGE_CURVE('',#803,#804,#19,.F.);
#611=EDGE_CURVE('',#805,#806,#937,.T.);
#612=EDGE_CURVE('',#805,#806,#20,.F.);
#613=EDGE_CURVE('',#807,#808,#938,.T.);
#614=EDGE_CURVE('',#807,#776,#939,.T.);
#615=EDGE_CURVE('',#775,#808,#940,.T.);
#616=EDGE_CURVE('',#809,#810,#941,.T.);
#617=EDGE_CURVE('',#809,#807,#942,.T.);
#618=EDGE_CURVE('',#808,#810,#943,.T.);
#619=EDGE_CURVE('',#811,#812,#944,.T.);
#620=EDGE_CURVE('',#811,#813,#945,.T.);
#621=EDGE_CURVE('',#814,#813,#946,.T.);
#622=EDGE_CURVE('',#812,#814,#947,.T.);
#623=EDGE_CURVE('',#815,#816,#948,.T.);
#624=EDGE_CURVE('',#817,#815,#949,.T.);
#625=EDGE_CURVE('',#817,#818,#950,.T.);
#626=EDGE_CURVE('',#818,#816,#951,.T.);
#627=EDGE_CURVE('',#815,#812,#952,.T.);
#628=EDGE_CURVE('',#814,#817,#953,.T.);
#629=EDGE_CURVE('',#811,#809,#954,.T.);
#630=EDGE_CURVE('',#810,#813,#955,.T.);
#631=EDGE_CURVE('',#819,#820,#956,.T.);
#632=EDGE_CURVE('',#819,#816,#957,.T.);
#633=EDGE_CURVE('',#818,#821,#958,.T.);
#634=EDGE_CURVE('',#821,#822,#959,.T.);
#635=EDGE_CURVE('',#820,#822,#960,.T.);
#636=EDGE_CURVE('',#784,#821,#961,.T.);
#637=EDGE_CURVE('',#823,#823,#113,.T.);
#638=EDGE_CURVE('',#824,#824,#114,.T.);
#639=EDGE_CURVE('',#825,#825,#115,.T.);
#640=EDGE_CURVE('',#826,#826,#116,.T.);
#641=EDGE_CURVE('',#827,#827,#117,.T.);
#642=EDGE_CURVE('',#828,#828,#118,.T.);
#643=EDGE_CURVE('',#829,#829,#119,.T.);
#644=EDGE_CURVE('',#830,#783,#962,.T.);
#645=EDGE_CURVE('',#831,#830,#963,.T.);
#646=EDGE_CURVE('',#822,#831,#964,.T.);
#647=EDGE_CURVE('',#832,#771,#965,.T.);
#648=EDGE_CURVE('',#832,#833,#966,.T.);
#649=EDGE_CURVE('',#833,#772,#967,.T.);
#650=EDGE_CURVE('',#834,#834,#120,.F.);
#651=EDGE_CURVE('',#835,#835,#121,.F.);
#652=EDGE_CURVE('',#836,#836,#122,.F.);
#653=EDGE_CURVE('',#837,#837,#123,.F.);
#654=EDGE_CURVE('',#838,#838,#124,.F.);
#655=EDGE_CURVE('',#839,#839,#125,.F.);
#656=EDGE_CURVE('',#840,#840,#126,.F.);
#657=EDGE_CURVE('',#841,#841,#127,.F.);
#658=EDGE_CURVE('',#842,#842,#128,.F.);
#659=EDGE_CURVE('',#843,#843,#129,.F.);
#660=EDGE_CURVE('',#844,#844,#130,.F.);
#661=EDGE_CURVE('',#778,#830,#968,.T.);
#662=EDGE_CURVE('',#845,#777,#969,.T.);
#663=EDGE_CURVE('',#845,#846,#970,.T.);
#664=EDGE_CURVE('',#846,#831,#971,.T.);
#665=EDGE_CURVE('',#846,#820,#972,.T.);
#666=EDGE_CURVE('',#845,#819,#973,.T.);
#667=EDGE_CURVE('',#847,#847,#131,.T.);
#668=EDGE_CURVE('',#848,#848,#132,.T.);
#669=EDGE_CURVE('',#849,#849,#133,.T.);
#670=EDGE_CURVE('',#850,#850,#134,.T.);
#671=EDGE_CURVE('',#851,#851,#135,.T.);
#672=EDGE_CURVE('',#852,#852,#136,.T.);
#673=EDGE_CURVE('',#853,#853,#137,.T.);
#674=EDGE_CURVE('',#854,#854,#138,.T.);
#675=EDGE_CURVE('',#855,#855,#139,.T.);
#676=EDGE_CURVE('',#856,#856,#140,.T.);
#677=EDGE_CURVE('',#857,#857,#141,.T.);
#678=EDGE_CURVE('',#858,#858,#142,.T.);
#679=EDGE_CURVE('',#785,#786,#143,.T.);
#680=EDGE_CURVE('',#787,#788,#144,.T.);
#681=EDGE_CURVE('',#789,#790,#145,.T.);
#682=EDGE_CURVE('',#791,#792,#146,.T.);
#683=EDGE_CURVE('',#793,#794,#147,.T.);
#684=EDGE_CURVE('',#795,#796,#148,.T.);
#685=EDGE_CURVE('',#797,#798,#149,.T.);
#686=EDGE_CURVE('',#799,#800,#150,.T.);
#687=EDGE_CURVE('',#801,#802,#151,.T.);
#688=EDGE_CURVE('',#803,#804,#152,.T.);
#689=EDGE_CURVE('',#805,#806,#153,.T.);
#690=EDGE_CURVE('',#833,#781,#974,.T.);
#691=EDGE_CURVE('',#832,#782,#975,.T.);
#692=EDGE_CURVE('',#859,#860,#976,.T.);
#693=EDGE_CURVE('',#861,#860,#977,.T.);
#694=EDGE_CURVE('',#862,#861,#978,.T.);
#695=EDGE_CURVE('',#862,#859,#979,.T.);
#696=EDGE_CURVE('',#860,#863,#980,.T.);
#697=EDGE_CURVE('',#864,#863,#981,.T.);
#698=EDGE_CURVE('',#861,#864,#982,.T.);
#699=EDGE_CURVE('',#865,#863,#983,.T.);
#700=EDGE_CURVE('',#866,#865,#984,.T.);
#701=EDGE_CURVE('',#866,#864,#985,.T.);
#702=EDGE_CURVE('',#859,#867,#986,.T.);
#703=EDGE_CURVE('',#867,#868,#987,.T.);
#704=EDGE_CURVE('',#868,#869,#154,.T.);
#705=EDGE_CURVE('',#869,#870,#988,.T.);
#706=EDGE_CURVE('',#865,#870,#989,.T.);
#707=EDGE_CURVE('',#871,#872,#990,.T.);
#708=EDGE_CURVE('',#862,#871,#991,.T.);
#709=EDGE_CURVE('',#866,#873,#992,.T.);
#710=EDGE_CURVE('',#874,#873,#993,.T.);
#711=EDGE_CURVE('',#872,#874,#155,.T.);
#712=EDGE_CURVE('',#872,#868,#994,.T.);
#713=EDGE_CURVE('',#869,#874,#995,.F.);
#714=EDGE_CURVE('',#867,#871,#996,.T.);
#715=EDGE_CURVE('',#870,#873,#997,.T.);
#716=EDGE_CURVE('',#875,#876,#156,.T.);
#717=EDGE_CURVE('',#875,#876,#998,.T.);
#718=EDGE_CURVE('',#877,#878,#999,.T.);
#719=EDGE_CURVE('',#877,#878,#157,.T.);
#720=EDGE_CURVE('',#877,#875,#1000,.T.);
#721=EDGE_CURVE('',#876,#878,#1001,.F.);
#722=EDGE_CURVE('',#879,#880,#1002,.T.);
#723=EDGE_CURVE('',#881,#879,#1003,.T.);
#724=EDGE_CURVE('',#881,#882,#1004,.T.);
#725=EDGE_CURVE('',#882,#880,#1005,.T.);
#726=EDGE_CURVE('',#883,#879,#1006,.T.);
#727=EDGE_CURVE('',#884,#883,#1007,.T.);
#728=EDGE_CURVE('',#884,#881,#1008,.T.);
#729=EDGE_CURVE('',#883,#885,#1009,.T.);
#730=EDGE_CURVE('',#886,#885,#1010,.T.);
#731=EDGE_CURVE('',#884,#886,#1011,.T.);
#732=EDGE_CURVE('',#887,#888,#1012,.T.);
#733=EDGE_CURVE('',#889,#888,#1013,.T.);
#734=EDGE_CURVE('',#890,#889,#1014,.T.);
#735=EDGE_CURVE('',#890,#887,#1015,.T.);
#736=EDGE_CURVE('',#891,#888,#1016,.T.);
#737=EDGE_CURVE('',#892,#891,#1017,.T.);
#738=EDGE_CURVE('',#892,#889,#1018,.T.);
#739=EDGE_CURVE('',#893,#891,#1019,.T.);
#740=EDGE_CURVE('',#894,#893,#1020,.T.);
#741=EDGE_CURVE('',#894,#892,#1021,.T.);
#742=EDGE_CURVE('',#895,#896,#1022,.T.);
#743=EDGE_CURVE('',#882,#895,#1023,.T.);
#744=EDGE_CURVE('',#886,#897,#1024,.T.);
#745=EDGE_CURVE('',#898,#897,#1025,.T.);
#746=EDGE_CURVE('',#890,#898,#1026,.T.);
#747=EDGE_CURVE('',#894,#896,#1027,.T.);
#748=EDGE_CURVE('',#880,#899,#1028,.T.);
#749=EDGE_CURVE('',#899,#900,#1029,.T.);
#750=EDGE_CURVE('',#893,#900,#1030,.T.);
#751=EDGE_CURVE('',#887,#901,#1031,.T.);
#752=EDGE_CURVE('',#901,#902,#1032,.T.);
#753=EDGE_CURVE('',#885,#902,#1033,.T.);
#754=EDGE_CURVE('',#901,#898,#1034,.T.);
#755=EDGE_CURVE('',#900,#896,#1035,.T.);
#756=EDGE_CURVE('',#902,#897,#1036,.T.);
#757=EDGE_CURVE('',#899,#895,#1037,.T.);
#758=VERTEX_POINT('',#2322);
#759=VERTEX_POINT('',#2323);
#760=VERTEX_POINT('',#2325);
#761=VERTEX_POINT('',#2327);
#762=VERTEX_POINT('',#2331);
#763=VERTEX_POINT('',#2332);
#764=VERTEX_POINT('',#2334);
#765=VERTEX_POINT('',#2336);
#766=VERTEX_POINT('',#2349);
#767=VERTEX_POINT('',#2351);
#768=VERTEX_POINT('',#2353);
#769=VERTEX_POINT('',#2355);
#770=VERTEX_POINT('',#2357);
#771=VERTEX_POINT('',#2359);
#772=VERTEX_POINT('',#2360);
#773=VERTEX_POINT('',#2362);
#774=VERTEX_POINT('',#2364);
#775=VERTEX_POINT('',#2366);
#776=VERTEX_POINT('',#2368);
#777=VERTEX_POINT('',#2370);
#778=VERTEX_POINT('',#2372);
#779=VERTEX_POINT('',#2374);
#780=VERTEX_POINT('',#2376);
#781=VERTEX_POINT('',#2380);
#782=VERTEX_POINT('',#2382);
#783=VERTEX_POINT('',#2385);
#784=VERTEX_POINT('',#2387);
#785=VERTEX_POINT('',#2390);
#786=VERTEX_POINT('',#2391);
#787=VERTEX_POINT('',#2394);
#788=VERTEX_POINT('',#2395);
#789=VERTEX_POINT('',#2398);
#790=VERTEX_POINT('',#2399);
#791=VERTEX_POINT('',#2402);
#792=VERTEX_POINT('',#2403);
#793=VERTEX_POINT('',#2406);
#794=VERTEX_POINT('',#2407);
#795=VERTEX_POINT('',#2410);
#796=VERTEX_POINT('',#2411);
#797=VERTEX_POINT('',#2414);
#798=VERTEX_POINT('',#2415);
#799=VERTEX_POINT('',#2418);
#800=VERTEX_POINT('',#2419);
#801=VERTEX_POINT('',#2422);
#802=VERTEX_POINT('',#2423);
#803=VERTEX_POINT('',#2426);
#804=VERTEX_POINT('',#2427);
#805=VERTEX_POINT('',#2430);
#806=VERTEX_POINT('',#2431);
#807=VERTEX_POINT('',#2435);
#808=VERTEX_POINT('',#2436);
#809=VERTEX_POINT('',#2441);
#810=VERTEX_POINT('',#2442);
#811=VERTEX_POINT('',#2447);
#812=VERTEX_POINT('',#2448);
#813=VERTEX_POINT('',#2450);
#814=VERTEX_POINT('',#2452);
#815=VERTEX_POINT('',#2456);
#816=VERTEX_POINT('',#2457);
#817=VERTEX_POINT('',#2459);
#818=VERTEX_POINT('',#2461);
#819=VERTEX_POINT('',#2471);
#820=VERTEX_POINT('',#2472);
#821=VERTEX_POINT('',#2475);
#822=VERTEX_POINT('',#2477);
#823=VERTEX_POINT('',#2483);
#824=VERTEX_POINT('',#2485);
#825=VERTEX_POINT('',#2487);
#826=VERTEX_POINT('',#2489);
#827=VERTEX_POINT('',#2491);
#828=VERTEX_POINT('',#2493);
#829=VERTEX_POINT('',#2495);
#830=VERTEX_POINT('',#2497);
#831=VERTEX_POINT('',#2499);
#832=VERTEX_POINT('',#2503);
#833=VERTEX_POINT('',#2505);
#834=VERTEX_POINT('',#2509);
#835=VERTEX_POINT('',#2511);
#836=VERTEX_POINT('',#2513);
#837=VERTEX_POINT('',#2515);
#838=VERTEX_POINT('',#2517);
#839=VERTEX_POINT('',#2519);
#840=VERTEX_POINT('',#2521);
#841=VERTEX_POINT('',#2523);
#842=VERTEX_POINT('',#2525);
#843=VERTEX_POINT('',#2527);
#844=VERTEX_POINT('',#2529);
#845=VERTEX_POINT('',#2533);
#846=VERTEX_POINT('',#2535);
#847=VERTEX_POINT('',#2544);
#848=VERTEX_POINT('',#2548);
#849=VERTEX_POINT('',#2552);
#850=VERTEX_POINT('',#2556);
#851=VERTEX_POINT('',#2560);
#852=VERTEX_POINT('',#2564);
#853=VERTEX_POINT('',#2568);
#854=VERTEX_POINT('',#2572);
#855=VERTEX_POINT('',#2576);
#856=VERTEX_POINT('',#2580);
#857=VERTEX_POINT('',#2584);
#858=VERTEX_POINT('',#2588);
#859=VERTEX_POINT('',#2631);
#860=VERTEX_POINT('',#2632);
#861=VERTEX_POINT('',#2634);
#862=VERTEX_POINT('',#2636);
#863=VERTEX_POINT('',#2640);
#864=VERTEX_POINT('',#2642);
#865=VERTEX_POINT('',#2646);
#866=VERTEX_POINT('',#2648);
#867=VERTEX_POINT('',#2652);
#868=VERTEX_POINT('',#2654);
#869=VERTEX_POINT('',#2656);
#870=VERTEX_POINT('',#2658);
#871=VERTEX_POINT('',#2662);
#872=VERTEX_POINT('',#2663);
#873=VERTEX_POINT('',#2666);
#874=VERTEX_POINT('',#2668);
#875=VERTEX_POINT('',#2682);
#876=VERTEX_POINT('',#2683);
#877=VERTEX_POINT('',#2687);
#878=VERTEX_POINT('',#2688);
#879=VERTEX_POINT('',#2697);
#880=VERTEX_POINT('',#2698);
#881=VERTEX_POINT('',#2700);
#882=VERTEX_POINT('',#2702);
#883=VERTEX_POINT('',#2706);
#884=VERTEX_POINT('',#2708);
#885=VERTEX_POINT('',#2712);
#886=VERTEX_POINT('',#2714);
#887=VERTEX_POINT('',#2718);
#888=VERTEX_POINT('',#2719);
#889=VERTEX_POINT('',#2721);
#890=VERTEX_POINT('',#2723);
#891=VERTEX_POINT('',#2727);
#892=VERTEX_POINT('',#2729);
#893=VERTEX_POINT('',#2733);
#894=VERTEX_POINT('',#2735);
#895=VERTEX_POINT('',#2739);
#896=VERTEX_POINT('',#2740);
#897=VERTEX_POINT('',#2743);
#898=VERTEX_POINT('',#2745);
#899=VERTEX_POINT('',#2750);
#900=VERTEX_POINT('',#2752);
#901=VERTEX_POINT('',#2755);
#902=VERTEX_POINT('',#2757);
#903=LINE('',#2321,#1038);
#904=LINE('',#2326,#1039);
#905=LINE('',#2333,#1040);
#906=LINE('',#2337,#1041);
#907=LINE('',#2339,#1042);
#908=LINE('',#2340,#1043);
#909=LINE('',#2342,#1044);
#910=LINE('',#2343,#1045);
#911=LINE('',#2358,#1046);
#912=LINE('',#2361,#1047);
#913=LINE('',#2363,#1048);
#914=LINE('',#2365,#1049);
#915=LINE('',#2367,#1050);
#916=LINE('',#2369,#1051);
#917=LINE('',#2371,#1052);
#918=LINE('',#2373,#1053);
#919=LINE('',#2375,#1054);
#920=LINE('',#2377,#1055);
#921=LINE('',#2379,#1056);
#922=LINE('',#2381,#1057);
#923=LINE('',#2383,#1058);
#924=LINE('',#2384,#1059);
#925=LINE('',#2386,#1060);
#926=LINE('',#2388,#1061);
#927=LINE('',#2389,#1062);
#928=LINE('',#2393,#1063);
#929=LINE('',#2397,#1064);
#930=LINE('',#2401,#1065);
#931=LINE('',#2405,#1066);
#932=LINE('',#2409,#1067);
#933=LINE('',#2413,#1068);
#934=LINE('',#2417,#1069);
#935=LINE('',#2421,#1070);
#936=LINE('',#2425,#1071);
#937=LINE('',#2429,#1072);
#938=LINE('',#2434,#1073);
#939=LINE('',#2437,#1074);
#940=LINE('',#2438,#1075);
#941=LINE('',#2440,#1076);
#942=LINE('',#2443,#1077);
#943=LINE('',#2444,#1078);
#944=LINE('',#2446,#1079);
#945=LINE('',#2449,#1080);
#946=LINE('',#2451,#1081);
#947=LINE('',#2453,#1082);
#948=LINE('',#2455,#1083);
#949=LINE('',#2458,#1084);
#950=LINE('',#2460,#1085);
#951=LINE('',#2462,#1086);
#952=LINE('',#2464,#1087);
#953=LINE('',#2465,#1088);
#954=LINE('',#2467,#1089);
#955=LINE('',#2468,#1090);
#956=LINE('',#2470,#1091);
#957=LINE('',#2473,#1092);
#958=LINE('',#2474,#1093);
#959=LINE('',#2476,#1094);
#960=LINE('',#2478,#1095);
#961=LINE('',#2480,#1096);
#962=LINE('',#2496,#1097);
#963=LINE('',#2498,#1098);
#964=LINE('',#2500,#1099);
#965=LINE('',#2502,#1100);
#966=LINE('',#2504,#1101);
#967=LINE('',#2506,#1102);
#968=LINE('',#2530,#1103);
#969=LINE('',#2532,#1104);
#970=LINE('',#2534,#1105);
#971=LINE('',#2536,#1106);
#972=LINE('',#2538,#1107);
#973=LINE('',#2540,#1108);
#974=LINE('',#2624,#1109);
#975=LINE('',#2626,#1110);
#976=LINE('',#2630,#1111);
#977=LINE('',#2633,#1112);
#978=LINE('',#2635,#1113);
#979=LINE('',#2637,#1114);
#980=LINE('',#2639,#1115);
#981=LINE('',#2641,#1116);
#982=LINE('',#2643,#1117);
#983=LINE('',#2645,#1118);
#984=LINE('',#2647,#1119);
#985=LINE('',#2649,#1120);
#986=LINE('',#2651,#1121);
#987=LINE('',#2653,#1122);
#988=LINE('',#2657,#1123);
#989=LINE('',#2659,#1124);
#990=LINE('',#2661,#1125);
#991=LINE('',#2664,#1126);
#992=LINE('',#2665,#1127);
#993=LINE('',#2667,#1128);
#994=LINE('',#2671,#1129);
#995=LINE('',#2672,#1130);
#996=LINE('',#2674,#1131);
#997=LINE('',#2676,#1132);
#998=LINE('',#2684,#1133);
#999=LINE('',#2686,#1134);
#1000=LINE('',#2691,#1135);
#1001=LINE('',#2692,#1136);
#1002=LINE('',#2696,#1137);
#1003=LINE('',#2699,#1138);
#1004=LINE('',#2701,#1139);
#1005=LINE('',#2703,#1140);
#1006=LINE('',#2705,#1141);
#1007=LINE('',#2707,#1142);
#1008=LINE('',#2709,#1143);
#1009=LINE('',#2711,#1144);
#1010=LINE('',#2713,#1145);
#1011=LINE('',#2715,#1146);
#1012=LINE('',#2717,#1147);
#1013=LINE('',#2720,#1148);
#1014=LINE('',#2722,#1149);
#1015=LINE('',#2724,#1150);
#1016=LINE('',#2726,#1151);
#1017=LINE('',#2728,#1152);
#1018=LINE('',#2730,#1153);
#1019=LINE('',#2732,#1154);
#1020=LINE('',#2734,#1155);
#1021=LINE('',#2736,#1156);
#1022=LINE('',#2738,#1157);
#1023=LINE('',#2741,#1158);
#1024=LINE('',#2742,#1159);
#1025=LINE('',#2744,#1160);
#1026=LINE('',#2746,#1161);
#1027=LINE('',#2747,#1162);
#1028=LINE('',#2749,#1163);
#1029=LINE('',#2751,#1164);
#1030=LINE('',#2753,#1165);
#1031=LINE('',#2754,#1166);
#1032=LINE('',#2756,#1167);
#1033=LINE('',#2758,#1168);
#1034=LINE('',#2760,#1169);
#1035=LINE('',#2762,#1170);
#1036=LINE('',#2764,#1171);
#1037=LINE('',#2766,#1172);
#1038=VECTOR('',#1848,1.);
#1039=VECTOR('',#1851,1.);
#1040=VECTOR('',#1858,1.);
#1041=VECTOR('',#1861,1.);
#1042=VECTOR('',#1864,1.);
#1043=VECTOR('',#1865,1.);
#1044=VECTOR('',#1868,1.);
#1045=VECTOR('',#1869,1.);
#1046=VECTOR('',#1888,1.);
#1047=VECTOR('',#1889,1.);
#1048=VECTOR('',#1890,1.);
#1049=VECTOR('',#1891,1.);
#1050=VECTOR('',#1892,1.);
#1051=VECTOR('',#1893,1.);
#1052=VECTOR('',#1894,1.);
#1053=VECTOR('',#1895,1.);
#1054=VECTOR('',#1896,1.);
#1055=VECTOR('',#1897,1.);
#1056=VECTOR('',#1900,1.);
#1057=VECTOR('',#1901,1.);
#1058=VECTOR('',#1902,1.);
#1059=VECTOR('',#1903,1.);
#1060=VECTOR('',#1904,1.);
#1061=VECTOR('',#1905,1.);
#1062=VECTOR('',#1906,1.);
#1063=VECTOR('',#1909,1.);
#1064=VECTOR('',#1912,1.);
#1065=VECTOR('',#1915,1.);
#1066=VECTOR('',#1918,1.);
#1067=VECTOR('',#1921,1.);
#1068=VECTOR('',#1924,1.);
#1069=VECTOR('',#1927,1.);
#1070=VECTOR('',#1930,1.);
#1071=VECTOR('',#1933,1.);
#1072=VECTOR('',#1936,1.);
#1073=VECTOR('',#1941,1.);
#1074=VECTOR('',#1942,1.);
#1075=VECTOR('',#1943,1.);
#1076=VECTOR('',#1946,1.);
#1077=VECTOR('',#1947,1.);
#1078=VECTOR('',#1948,1.);
#1079=VECTOR('',#1951,1.);
#1080=VECTOR('',#1952,1.);
#1081=VECTOR('',#1953,1.);
#1082=VECTOR('',#1954,1.);
#1083=VECTOR('',#1957,1.);
#1084=VECTOR('',#1958,1.);
#1085=VECTOR('',#1959,1.);
#1086=VECTOR('',#1960,1.);
#1087=VECTOR('',#1963,1.);
#1088=VECTOR('',#1964,1.);
#1089=VECTOR('',#1967,1.);
#1090=VECTOR('',#1968,1.);
#1091=VECTOR('',#1971,1.);
#1092=VECTOR('',#1972,1.);
#1093=VECTOR('',#1973,1.);
#1094=VECTOR('',#1974,1.);
#1095=VECTOR('',#1975,1.);
#1096=VECTOR('',#1978,1.);
#1097=VECTOR('',#1995,1.);
#1098=VECTOR('',#1996,1.);
#1099=VECTOR('',#1997,1.);
#1100=VECTOR('',#2000,1.);
#1101=VECTOR('',#2001,1.);
#1102=VECTOR('',#2002,1.);
#1103=VECTOR('',#2027,1.);
#1104=VECTOR('',#2030,1.);
#1105=VECTOR('',#2031,1.);
#1106=VECTOR('',#2032,1.);
#1107=VECTOR('',#2035,1.);
#1108=VECTOR('',#2038,1.);
#1109=VECTOR('',#2181,1.);
#1110=VECTOR('',#2184,1.);
#1111=VECTOR('',#2191,1.);
#1112=VECTOR('',#2192,1.);
#1113=VECTOR('',#2193,1.);
#1114=VECTOR('',#2194,1.);
#1115=VECTOR('',#2197,1.);
#1116=VECTOR('',#2198,1.);
#1117=VECTOR('',#2199,1.);
#1118=VECTOR('',#2202,1.);
#1119=VECTOR('',#2203,1.);
#1120=VECTOR('',#2204,1.);
#1121=VECTOR('',#2207,1.);
#1122=VECTOR('',#2208,1.);
#1123=VECTOR('',#2211,1.);
#1124=VECTOR('',#2212,1.);
#1125=VECTOR('',#2215,1.);
#1126=VECTOR('',#2216,1.);
#1127=VECTOR('',#2217,1.);
#1128=VECTOR('',#2218,1.);
#1129=VECTOR('',#2223,1.);
#1130=VECTOR('',#2224,1.);
#1131=VECTOR('',#2227,1.);
#1132=VECTOR('',#2230,1.);
#1133=VECTOR('',#2241,1.);
#1134=VECTOR('',#2244,1.);
#1135=VECTOR('',#2249,1.);
#1136=VECTOR('',#2250,1.);
#1137=VECTOR('',#2257,1.);
#1138=VECTOR('',#2258,1.);
#1139=VECTOR('',#2259,1.);
#1140=VECTOR('',#2260,1.);
#1141=VECTOR('',#2263,1.);
#1142=VECTOR('',#2264,1.);
#1143=VECTOR('',#2265,1.);
#1144=VECTOR('',#2268,1.);
#1145=VECTOR('',#2269,1.);
#1146=VECTOR('',#2270,1.);
#1147=VECTOR('',#2273,1.);
#1148=VECTOR('',#2274,1.);
#1149=VECTOR('',#2275,1.);
#1150=VECTOR('',#2276,1.);
#1151=VECTOR('',#2279,1.);
#1152=VECTOR('',#2280,1.);
#1153=VECTOR('',#2281,1.);
#1154=VECTOR('',#2284,1.);
#1155=VECTOR('',#2285,1.);
#1156=VECTOR('',#2286,1.);
#1157=VECTOR('',#2289,1.);
#1158=VECTOR('',#2290,1.);
#1159=VECTOR('',#2291,1.);
#1160=VECTOR('',#2292,1.);
#1161=VECTOR('',#2293,1.);
#1162=VECTOR('',#2294,1.);
#1163=VECTOR('',#2297,1.);
#1164=VECTOR('',#2298,1.);
#1165=VECTOR('',#2299,1.);
#1166=VECTOR('',#2300,1.);
#1167=VECTOR('',#2301,1.);
#1168=VECTOR('',#2302,1.);
#1169=VECTOR('',#2305,1.);
#1170=VECTOR('',#2308,1.);
#1171=VECTOR('',#2311,1.);
#1172=VECTOR('',#2314,1.);
#1173=EDGE_LOOP('',(#158,#159,#160,#161));
#1174=EDGE_LOOP('',(#162,#163,#164,#165));
#1175=EDGE_LOOP('',(#166,#167,#168,#169));
#1176=EDGE_LOOP('',(#170,#171,#172,#173));
#1177=EDGE_LOOP('',(#174,#175,#176,#177));
#1178=EDGE_LOOP('',(#178,#179,#180,#181));
#1179=EDGE_LOOP('',(#182));
#1180=EDGE_LOOP('',(#183));
#1181=EDGE_LOOP('',(#184));
#1182=EDGE_LOOP('',(#185));
#1183=EDGE_LOOP('',(#186));
#1184=EDGE_LOOP('',(#187,#188,#189,#190,#191,#192,#193,#194,#195,#196));
#1185=EDGE_LOOP('',(#197,#198,#199,#200,#201,#202,#203,#204));
#1186=EDGE_LOOP('',(#205,#206));
#1187=EDGE_LOOP('',(#207,#208));
#1188=EDGE_LOOP('',(#209,#210));
#1189=EDGE_LOOP('',(#211,#212));
#1190=EDGE_LOOP('',(#213,#214));
#1191=EDGE_LOOP('',(#215,#216));
#1192=EDGE_LOOP('',(#217,#218));
#1193=EDGE_LOOP('',(#219,#220));
#1194=EDGE_LOOP('',(#221,#222));
#1195=EDGE_LOOP('',(#223,#224));
#1196=EDGE_LOOP('',(#225,#226));
#1197=EDGE_LOOP('',(#227,#228,#229,#230));
#1198=EDGE_LOOP('',(#231,#232,#233,#234));
#1199=EDGE_LOOP('',(#235,#236,#237,#238));
#1200=EDGE_LOOP('',(#239,#240,#241,#242));
#1201=EDGE_LOOP('',(#243,#244,#245,#246));
#1202=EDGE_LOOP('',(#247,#248,#249,#250));
#1203=EDGE_LOOP('',(#251,#252,#253,#254,#255,#256));
#1204=EDGE_LOOP('',(#257,#258,#259,#260,#261,#262,#263,#264,#265,#266));
#1205=EDGE_LOOP('',(#267));
#1206=EDGE_LOOP('',(#268));
#1207=EDGE_LOOP('',(#269));
#1208=EDGE_LOOP('',(#270));
#1209=EDGE_LOOP('',(#271));
#1210=EDGE_LOOP('',(#272));
#1211=EDGE_LOOP('',(#273));
#1212=EDGE_LOOP('',(#274,#275,#276,#277,#278,#279));
#1213=EDGE_LOOP('',(#280,#281,#282,#283));
#1214=EDGE_LOOP('',(#284));
#1215=EDGE_LOOP('',(#285));
#1216=EDGE_LOOP('',(#286));
#1217=EDGE_LOOP('',(#287));
#1218=EDGE_LOOP('',(#288));
#1219=EDGE_LOOP('',(#289));
#1220=EDGE_LOOP('',(#290));
#1221=EDGE_LOOP('',(#291));
#1222=EDGE_LOOP('',(#292));
#1223=EDGE_LOOP('',(#293));
#1224=EDGE_LOOP('',(#294));
#1225=EDGE_LOOP('',(#295,#296,#297,#298));
#1226=EDGE_LOOP('',(#299,#300,#301,#302,#303,#304));
#1227=EDGE_LOOP('',(#305,#306,#307,#308));
#1228=EDGE_LOOP('',(#309,#310,#311,#312,#313,#314,#315,#316,#317,#318));
#1229=EDGE_LOOP('',(#319,#320,#321,#322));
#1230=EDGE_LOOP('',(#323));
#1231=EDGE_LOOP('',(#324));
#1232=EDGE_LOOP('',(#325));
#1233=EDGE_LOOP('',(#326));
#1234=EDGE_LOOP('',(#327));
#1235=EDGE_LOOP('',(#328));
#1236=EDGE_LOOP('',(#329));
#1237=EDGE_LOOP('',(#330));
#1238=EDGE_LOOP('',(#331));
#1239=EDGE_LOOP('',(#332));
#1240=EDGE_LOOP('',(#333));
#1241=EDGE_LOOP('',(#334));
#1242=EDGE_LOOP('',(#335));
#1243=EDGE_LOOP('',(#336));
#1244=EDGE_LOOP('',(#337));
#1245=EDGE_LOOP('',(#338));
#1246=EDGE_LOOP('',(#339));
#1247=EDGE_LOOP('',(#340));
#1248=EDGE_LOOP('',(#341));
#1249=EDGE_LOOP('',(#342));
#1250=EDGE_LOOP('',(#343));
#1251=EDGE_LOOP('',(#344));
#1252=EDGE_LOOP('',(#345));
#1253=EDGE_LOOP('',(#346));
#1254=EDGE_LOOP('',(#347));
#1255=EDGE_LOOP('',(#348));
#1256=EDGE_LOOP('',(#349));
#1257=EDGE_LOOP('',(#350));
#1258=EDGE_LOOP('',(#351));
#1259=EDGE_LOOP('',(#352));
#1260=EDGE_LOOP('',(#353));
#1261=EDGE_LOOP('',(#354));
#1262=EDGE_LOOP('',(#355));
#1263=EDGE_LOOP('',(#356));
#1264=EDGE_LOOP('',(#357));
#1265=EDGE_LOOP('',(#358));
#1266=EDGE_LOOP('',(#359,#360));
#1267=EDGE_LOOP('',(#361));
#1268=EDGE_LOOP('',(#362,#363));
#1269=EDGE_LOOP('',(#364,#365));
#1270=EDGE_LOOP('',(#366));
#1271=EDGE_LOOP('',(#367,#368));
#1272=EDGE_LOOP('',(#369,#370));
#1273=EDGE_LOOP('',(#371));
#1274=EDGE_LOOP('',(#372,#373));
#1275=EDGE_LOOP('',(#374,#375));
#1276=EDGE_LOOP('',(#376));
#1277=EDGE_LOOP('',(#377,#378));
#1278=EDGE_LOOP('',(#379,#380));
#1279=EDGE_LOOP('',(#381));
#1280=EDGE_LOOP('',(#382,#383));
#1281=EDGE_LOOP('',(#384,#385));
#1282=EDGE_LOOP('',(#386));
#1283=EDGE_LOOP('',(#387,#388));
#1284=EDGE_LOOP('',(#389,#390));
#1285=EDGE_LOOP('',(#391));
#1286=EDGE_LOOP('',(#392,#393));
#1287=EDGE_LOOP('',(#394,#395));
#1288=EDGE_LOOP('',(#396));
#1289=EDGE_LOOP('',(#397,#398));
#1290=EDGE_LOOP('',(#399,#400));
#1291=EDGE_LOOP('',(#401));
#1292=EDGE_LOOP('',(#402,#403));
#1293=EDGE_LOOP('',(#404,#405));
#1294=EDGE_LOOP('',(#406));
#1295=EDGE_LOOP('',(#407,#408));
#1296=EDGE_LOOP('',(#409,#410));
#1297=EDGE_LOOP('',(#411));
#1298=EDGE_LOOP('',(#412,#413));
#1299=EDGE_LOOP('',(#414,#415,#416,#417));
#1300=EDGE_LOOP('',(#418,#419,#420,#421));
#1301=EDGE_LOOP('',(#422,#423,#424,#425));
#1302=EDGE_LOOP('',(#426,#427,#428,#429));
#1303=EDGE_LOOP('',(#430,#431,#432,#433));
#1304=EDGE_LOOP('',(#434,#435,#436,#437));
#1305=EDGE_LOOP('',(#438,#439,#440,#441,#442,#443,#444,#445));
#1306=EDGE_LOOP('',(#446,#447,#448,#449,#450,#451,#452,#453));
#1307=EDGE_LOOP('',(#454,#455,#456,#457));
#1308=EDGE_LOOP('',(#458,#459,#460,#461));
#1309=EDGE_LOOP('',(#462,#463,#464,#465));
#1310=EDGE_LOOP('',(#466,#467,#468,#469));
#1311=EDGE_LOOP('',(#470,#471,#472,#473));
#1312=EDGE_LOOP('',(#474,#475));
#1313=EDGE_LOOP('',(#476,#477));
#1314=EDGE_LOOP('',(#478,#479,#480,#481));
#1315=EDGE_LOOP('',(#482,#483,#484,#485));
#1316=EDGE_LOOP('',(#486,#487,#488,#489));
#1317=EDGE_LOOP('',(#490,#491,#492,#493));
#1318=EDGE_LOOP('',(#494,#495,#496,#497));
#1319=EDGE_LOOP('',(#498,#499,#500,#501));
#1320=EDGE_LOOP('',(#502,#503,#504,#505));
#1321=EDGE_LOOP('',(#506,#507,#508,#509));
#1322=EDGE_LOOP('',(#510,#511,#512,#513,#514,#515,#516,#517,#518,#519,#520,
#521));
#1323=EDGE_LOOP('',(#522,#523,#524,#525,#526,#527,#528,#529,#530,#531,#532,
#533));
#1324=EDGE_LOOP('',(#534,#535,#536,#537));
#1325=EDGE_LOOP('',(#538,#539,#540,#541));
#1326=EDGE_LOOP('',(#542,#543,#544,#545));
#1327=EDGE_LOOP('',(#546,#547,#548,#549));
#1328=EDGE_LOOP('',(#550,#551,#552,#553));
#1329=EDGE_LOOP('',(#554,#555,#556,#557));
#1330=FACE_BOUND('',#1173,.T.);
#1331=FACE_BOUND('',#1174,.T.);
#1332=FACE_BOUND('',#1175,.T.);
#1333=FACE_BOUND('',#1176,.T.);
#1334=FACE_BOUND('',#1177,.T.);
#1335=FACE_BOUND('',#1178,.T.);
#1336=FACE_BOUND('',#1179,.T.);
#1337=FACE_BOUND('',#1180,.T.);
#1338=FACE_BOUND('',#1181,.T.);
#1339=FACE_BOUND('',#1182,.T.);
#1340=FACE_BOUND('',#1183,.T.);
#1341=FACE_BOUND('',#1184,.T.);
#1342=FACE_BOUND('',#1185,.T.);
#1343=FACE_BOUND('',#1186,.T.);
#1344=FACE_BOUND('',#1187,.T.);
#1345=FACE_BOUND('',#1188,.T.);
#1346=FACE_BOUND('',#1189,.T.);
#1347=FACE_BOUND('',#1190,.T.);
#1348=FACE_BOUND('',#1191,.T.);
#1349=FACE_BOUND('',#1192,.T.);
#1350=FACE_BOUND('',#1193,.T.);
#1351=FACE_BOUND('',#1194,.T.);
#1352=FACE_BOUND('',#1195,.T.);
#1353=FACE_BOUND('',#1196,.T.);
#1354=FACE_BOUND('',#1197,.T.);
#1355=FACE_BOUND('',#1198,.T.);
#1356=FACE_BOUND('',#1199,.T.);
#1357=FACE_BOUND('',#1200,.T.);
#1358=FACE_BOUND('',#1201,.T.);
#1359=FACE_BOUND('',#1202,.T.);
#1360=FACE_BOUND('',#1203,.T.);
#1361=FACE_BOUND('',#1204,.T.);
#1362=FACE_BOUND('',#1205,.T.);
#1363=FACE_BOUND('',#1206,.T.);
#1364=FACE_BOUND('',#1207,.T.);
#1365=FACE_BOUND('',#1208,.T.);
#1366=FACE_BOUND('',#1209,.T.);
#1367=FACE_BOUND('',#1210,.T.);
#1368=FACE_BOUND('',#1211,.T.);
#1369=FACE_BOUND('',#1212,.T.);
#1370=FACE_BOUND('',#1213,.T.);
#1371=FACE_BOUND('',#1214,.T.);
#1372=FACE_BOUND('',#1215,.T.);
#1373=FACE_BOUND('',#1216,.T.);
#1374=FACE_BOUND('',#1217,.T.);
#1375=FACE_BOUND('',#1218,.T.);
#1376=FACE_BOUND('',#1219,.T.);
#1377=FACE_BOUND('',#1220,.T.);
#1378=FACE_BOUND('',#1221,.T.);
#1379=FACE_BOUND('',#1222,.T.);
#1380=FACE_BOUND('',#1223,.T.);
#1381=FACE_BOUND('',#1224,.T.);
#1382=FACE_BOUND('',#1225,.T.);
#1383=FACE_BOUND('',#1226,.T.);
#1384=FACE_BOUND('',#1227,.T.);
#1385=FACE_BOUND('',#1228,.T.);
#1386=FACE_BOUND('',#1229,.T.);
#1387=FACE_BOUND('',#1230,.T.);
#1388=FACE_BOUND('',#1231,.T.);
#1389=FACE_BOUND('',#1232,.T.);
#1390=FACE_BOUND('',#1233,.T.);
#1391=FACE_BOUND('',#1234,.T.);
#1392=FACE_BOUND('',#1235,.T.);
#1393=FACE_BOUND('',#1236,.T.);
#1394=FACE_BOUND('',#1237,.T.);
#1395=FACE_BOUND('',#1238,.T.);
#1396=FACE_BOUND('',#1239,.T.);
#1397=FACE_BOUND('',#1240,.T.);
#1398=FACE_BOUND('',#1241,.T.);
#1399=FACE_BOUND('',#1242,.T.);
#1400=FACE_BOUND('',#1243,.T.);
#1401=FACE_BOUND('',#1244,.T.);
#1402=FACE_BOUND('',#1245,.T.);
#1403=FACE_BOUND('',#1246,.T.);
#1404=FACE_BOUND('',#1247,.T.);
#1405=FACE_BOUND('',#1248,.T.);
#1406=FACE_BOUND('',#1249,.T.);
#1407=FACE_BOUND('',#1250,.T.);
#1408=FACE_BOUND('',#1251,.T.);
#1409=FACE_BOUND('',#1252,.T.);
#1410=FACE_BOUND('',#1253,.T.);
#1411=FACE_BOUND('',#1254,.T.);
#1412=FACE_BOUND('',#1255,.T.);
#1413=FACE_BOUND('',#1256,.T.);
#1414=FACE_BOUND('',#1257,.T.);
#1415=FACE_BOUND('',#1258,.T.);
#1416=FACE_BOUND('',#1259,.T.);
#1417=FACE_BOUND('',#1260,.T.);
#1418=FACE_BOUND('',#1261,.T.);
#1419=FACE_BOUND('',#1262,.T.);
#1420=FACE_BOUND('',#1263,.T.);
#1421=FACE_BOUND('',#1264,.T.);
#1422=FACE_BOUND('',#1265,.T.);
#1423=FACE_BOUND('',#1266,.T.);
#1424=FACE_BOUND('',#1267,.T.);
#1425=FACE_BOUND('',#1268,.T.);
#1426=FACE_BOUND('',#1269,.T.);
#1427=FACE_BOUND('',#1270,.T.);
#1428=FACE_BOUND('',#1271,.T.);
#1429=FACE_BOUND('',#1272,.T.);
#1430=FACE_BOUND('',#1273,.T.);
#1431=FACE_BOUND('',#1274,.T.);
#1432=FACE_BOUND('',#1275,.T.);
#1433=FACE_BOUND('',#1276,.T.);
#1434=FACE_BOUND('',#1277,.T.);
#1435=FACE_BOUND('',#1278,.T.);
#1436=FACE_BOUND('',#1279,.T.);
#1437=FACE_BOUND('',#1280,.T.);
#1438=FACE_BOUND('',#1281,.T.);
#1439=FACE_BOUND('',#1282,.T.);
#1440=FACE_BOUND('',#1283,.T.);
#1441=FACE_BOUND('',#1284,.T.);
#1442=FACE_BOUND('',#1285,.T.);
#1443=FACE_BOUND('',#1286,.T.);
#1444=FACE_BOUND('',#1287,.T.);
#1445=FACE_BOUND('',#1288,.T.);
#1446=FACE_BOUND('',#1289,.T.);
#1447=FACE_BOUND('',#1290,.T.);
#1448=FACE_BOUND('',#1291,.T.);
#1449=FACE_BOUND('',#1292,.T.);
#1450=FACE_BOUND('',#1293,.T.);
#1451=FACE_BOUND('',#1294,.T.);
#1452=FACE_BOUND('',#1295,.T.);
#1453=FACE_BOUND('',#1296,.T.);
#1454=FACE_BOUND('',#1297,.T.);
#1455=FACE_BOUND('',#1298,.T.);
#1456=FACE_BOUND('',#1299,.T.);
#1457=FACE_BOUND('',#1300,.T.);
#1458=FACE_BOUND('',#1301,.T.);
#1459=FACE_BOUND('',#1302,.T.);
#1460=FACE_BOUND('',#1303,.T.);
#1461=FACE_BOUND('',#1304,.T.);
#1462=FACE_BOUND('',#1305,.T.);
#1463=FACE_BOUND('',#1306,.T.);
#1464=FACE_BOUND('',#1307,.T.);
#1465=FACE_BOUND('',#1308,.T.);
#1466=FACE_BOUND('',#1309,.T.);
#1467=FACE_BOUND('',#1310,.T.);
#1468=FACE_BOUND('',#1311,.T.);
#1469=FACE_BOUND('',#1312,.T.);
#1470=FACE_BOUND('',#1313,.T.);
#1471=FACE_BOUND('',#1314,.T.);
#1472=FACE_BOUND('',#1315,.T.);
#1473=FACE_BOUND('',#1316,.T.);
#1474=FACE_BOUND('',#1317,.T.);
#1475=FACE_BOUND('',#1318,.T.);
#1476=FACE_BOUND('',#1319,.T.);
#1477=FACE_BOUND('',#1320,.T.);
#1478=FACE_BOUND('',#1321,.T.);
#1479=FACE_BOUND('',#1322,.T.);
#1480=FACE_BOUND('',#1323,.T.);
#1481=FACE_BOUND('',#1324,.T.);
#1482=FACE_BOUND('',#1325,.T.);
#1483=FACE_BOUND('',#1326,.T.);
#1484=FACE_BOUND('',#1327,.T.);
#1485=FACE_BOUND('',#1328,.T.);
#1486=FACE_BOUND('',#1329,.T.);
#1487=CYLINDRICAL_SURFACE('',#1675,0.004);
#1488=CYLINDRICAL_SURFACE('',#1678,0.013);
#1489=CYLINDRICAL_SURFACE('',#1737,0.00275);
#1490=CYLINDRICAL_SURFACE('',#1740,0.00275);
#1491=CYLINDRICAL_SURFACE('',#1743,0.00275);
#1492=CYLINDRICAL_SURFACE('',#1746,0.00275);
#1493=CYLINDRICAL_SURFACE('',#1749,0.00275);
#1494=CYLINDRICAL_SURFACE('',#1752,0.00275);
#1495=CYLINDRICAL_SURFACE('',#1755,0.00275);
#1496=CYLINDRICAL_SURFACE('',#1758,0.00275);
#1497=CYLINDRICAL_SURFACE('',#1761,0.00275);
#1498=CYLINDRICAL_SURFACE('',#1764,0.00275);
#1499=CYLINDRICAL_SURFACE('',#1767,0.00275);
#1500=CYLINDRICAL_SURFACE('',#1770,0.00275);
#1501=CYLINDRICAL_SURFACE('',#1773,0.00275);
#1502=CYLINDRICAL_SURFACE('',#1776,0.00275);
#1503=CYLINDRICAL_SURFACE('',#1779,0.00275);
#1504=CYLINDRICAL_SURFACE('',#1782,0.00275);
#1505=CYLINDRICAL_SURFACE('',#1785,0.00275);
#1506=CYLINDRICAL_SURFACE('',#1788,0.00275);
#1507=CYLINDRICAL_SURFACE('',#1791,0.00275);
#1508=CYLINDRICAL_SURFACE('',#1794,0.00275);
#1509=CYLINDRICAL_SURFACE('',#1797,0.00275);
#1510=CYLINDRICAL_SURFACE('',#1800,0.00275);
#1511=CYLINDRICAL_SURFACE('',#1803,0.00275);
#1512=CYLINDRICAL_SURFACE('',#1817,0.013);
#1513=CYLINDRICAL_SURFACE('',#1827,0.004);
#1514=ADVANCED_FACE('',(#1330),#1487,.F.);
#1515=ADVANCED_FACE('',(#1331),#1488,.T.);
#1516=ADVANCED_FACE('',(#1332),#31,.T.);
#1517=ADVANCED_FACE('',(#1333),#32,.F.);
#1518=ADVANCED_FACE('',(#1334),#33,.F.);
#1519=ADVANCED_FACE('',(#1335),#34,.F.);
#1520=ADVANCED_FACE('',(#1336,#1337,#1338,#1339,#1340,#1341),#35,.F.);
#1521=ADVANCED_FACE('',(#1342,#1343,#1344,#1345,#1346,#1347,#1348,#1349,
#1350,#1351,#1352,#1353),#36,.T.);
#1522=ADVANCED_FACE('',(#1354),#37,.T.);
#1523=ADVANCED_FACE('',(#1355),#38,.T.);
#1524=ADVANCED_FACE('',(#1356),#39,.F.);
#1525=ADVANCED_FACE('',(#1357),#40,.F.);
#1526=ADVANCED_FACE('',(#1358),#41,.T.);
#1527=ADVANCED_FACE('',(#1359),#42,.F.);
#1528=ADVANCED_FACE('',(#1360),#43,.F.);
#1529=ADVANCED_FACE('',(#1361),#44,.F.);
#1530=ADVANCED_FACE('',(#1362,#1363,#1364,#1365,#1366,#1367,#1368,#1369),
#45,.F.);
#1531=ADVANCED_FACE('',(#1370),#46,.T.);
#1532=ADVANCED_FACE('',(#1371,#1372,#1373,#1374,#1375,#1376,#1377,#1378,
#1379,#1380,#1381,#1382),#47,.F.);
#1533=ADVANCED_FACE('',(#1383),#48,.F.);
#1534=ADVANCED_FACE('',(#1384),#49,.F.);
#1535=ADVANCED_FACE('',(#1385),#50,.T.);
#1536=ADVANCED_FACE('',(#1386),#51,.F.);
#1537=ADVANCED_FACE('',(#1387,#1388),#1489,.F.);
#1538=ADVANCED_FACE('',(#1389),#52,.F.);
#1539=ADVANCED_FACE('',(#1390,#1391),#1490,.F.);
#1540=ADVANCED_FACE('',(#1392),#53,.F.);
#1541=ADVANCED_FACE('',(#1393,#1394),#1491,.F.);
#1542=ADVANCED_FACE('',(#1395),#54,.F.);
#1543=ADVANCED_FACE('',(#1396,#1397),#1492,.F.);
#1544=ADVANCED_FACE('',(#1398),#55,.F.);
#1545=ADVANCED_FACE('',(#1399,#1400),#1493,.F.);
#1546=ADVANCED_FACE('',(#1401),#56,.F.);
#1547=ADVANCED_FACE('',(#1402,#1403),#1494,.F.);
#1548=ADVANCED_FACE('',(#1404),#57,.F.);
#1549=ADVANCED_FACE('',(#1405,#1406),#1495,.F.);
#1550=ADVANCED_FACE('',(#1407),#58,.F.);
#1551=ADVANCED_FACE('',(#1408,#1409),#1496,.F.);
#1552=ADVANCED_FACE('',(#1410),#59,.T.);
#1553=ADVANCED_FACE('',(#1411,#1412),#1497,.F.);
#1554=ADVANCED_FACE('',(#1413),#60,.T.);
#1555=ADVANCED_FACE('',(#1414,#1415),#1498,.F.);
#1556=ADVANCED_FACE('',(#1416),#61,.T.);
#1557=ADVANCED_FACE('',(#1417,#1418),#1499,.F.);
#1558=ADVANCED_FACE('',(#1419),#62,.T.);
#1559=ADVANCED_FACE('',(#1420,#1421),#1500,.F.);
#1560=ADVANCED_FACE('',(#1422),#63,.T.);
#1561=ADVANCED_FACE('',(#1423,#1424),#1501,.F.);
#1562=ADVANCED_FACE('',(#1425),#64,.F.);
#1563=ADVANCED_FACE('',(#1426,#1427),#1502,.F.);
#1564=ADVANCED_FACE('',(#1428),#65,.F.);
#1565=ADVANCED_FACE('',(#1429,#1430),#1503,.F.);
#1566=ADVANCED_FACE('',(#1431),#66,.F.);
#1567=ADVANCED_FACE('',(#1432,#1433),#1504,.F.);
#1568=ADVANCED_FACE('',(#1434),#67,.F.);
#1569=ADVANCED_FACE('',(#1435,#1436),#1505,.F.);
#1570=ADVANCED_FACE('',(#1437),#68,.F.);
#1571=ADVANCED_FACE('',(#1438,#1439),#1506,.F.);
#1572=ADVANCED_FACE('',(#1440),#69,.F.);
#1573=ADVANCED_FACE('',(#1441,#1442),#1507,.F.);
#1574=ADVANCED_FACE('',(#1443),#70,.F.);
#1575=ADVANCED_FACE('',(#1444,#1445),#1508,.F.);
#1576=ADVANCED_FACE('',(#1446),#71,.F.);
#1577=ADVANCED_FACE('',(#1447,#1448),#1509,.F.);
#1578=ADVANCED_FACE('',(#1449),#72,.F.);
#1579=ADVANCED_FACE('',(#1450,#1451),#1510,.F.);
#1580=ADVANCED_FACE('',(#1452),#73,.F.);
#1581=ADVANCED_FACE('',(#1453,#1454),#1511,.F.);
#1582=ADVANCED_FACE('',(#1455),#74,.F.);
#1583=ADVANCED_FACE('',(#1456),#75,.F.);
#1584=ADVANCED_FACE('',(#1457),#76,.T.);
#1585=ADVANCED_FACE('',(#1458),#77,.F.);
#1586=ADVANCED_FACE('',(#1459),#78,.F.);
#1587=ADVANCED_FACE('',(#1460),#79,.F.);
#1588=ADVANCED_FACE('',(#1461),#80,.T.);
#1589=ADVANCED_FACE('',(#1462),#81,.F.);
#1590=ADVANCED_FACE('',(#1463),#82,.T.);
#1591=ADVANCED_FACE('',(#1464),#1512,.F.);
#1592=ADVANCED_FACE('',(#1465),#83,.T.);
#1593=ADVANCED_FACE('',(#1466),#84,.F.);
#1594=ADVANCED_FACE('',(#1467),#85,.F.);
#1595=ADVANCED_FACE('',(#1468),#86,.F.);
#1596=ADVANCED_FACE('',(#1469),#87,.F.);
#1597=ADVANCED_FACE('',(#1470),#88,.T.);
#1598=ADVANCED_FACE('',(#1471),#1513,.T.);
#1599=ADVANCED_FACE('',(#1472),#89,.F.);
#1600=ADVANCED_FACE('',(#1473),#90,.T.);
#1601=ADVANCED_FACE('',(#1474),#91,.T.);
#1602=ADVANCED_FACE('',(#1475),#92,.F.);
#1603=ADVANCED_FACE('',(#1476),#93,.F.);
#1604=ADVANCED_FACE('',(#1477),#94,.T.);
#1605=ADVANCED_FACE('',(#1478),#95,.T.);
#1606=ADVANCED_FACE('',(#1479),#96,.T.);
#1607=ADVANCED_FACE('',(#1480),#97,.F.);
#1608=ADVANCED_FACE('',(#1481),#98,.T.);
#1609=ADVANCED_FACE('',(#1482),#99,.F.);
#1610=ADVANCED_FACE('',(#1483),#100,.F.);
#1611=ADVANCED_FACE('',(#1484),#101,.T.);
#1612=ADVANCED_FACE('',(#1485),#102,.F.);
#1613=ADVANCED_FACE('',(#1486),#103,.F.);
#1614=CLOSED_SHELL('',(#1514,#1515,#1516,#1517,#1518,#1519));
#1615=CLOSED_SHELL('',(#1520,#1521,#1522,#1523,#1524,#1525,#1526,#1527,
#1528,#1529,#1530,#1531,#1532,#1533,#1534,#1535,#1536,#1537,#1538,#1539,
#1540,#1541,#1542,#1543,#1544,#1545,#1546,#1547,#1548,#1549,#1550,#1551,
#1552,#1553,#1554,#1555,#1556,#1557,#1558,#1559,#1560,#1561,#1562,#1563,
#1564,#1565,#1566,#1567,#1568,#1569,#1570,#1571,#1572,#1573,#1574,#1575,
#1576,#1577,#1578,#1579,#1580,#1581,#1582,#1583,#1584,#1585));
#1616=CLOSED_SHELL('',(#1586,#1587,#1588,#1589,#1590,#1591,#1592,#1593,
#1594,#1595));
#1617=CLOSED_SHELL('',(#1596,#1597,#1598,#1599));
#1618=CLOSED_SHELL('',(#1600,#1601,#1602,#1603,#1604,#1605,#1606,#1607,
#1608,#1609,#1610,#1611,#1612,#1613));
#1619=STYLED_ITEM('',(#1624),#1659);
#1620=STYLED_ITEM('',(#1625),#1660);
#1621=STYLED_ITEM('',(#1626),#1661);
#1622=STYLED_ITEM('',(#1627),#1662);
#1623=STYLED_ITEM('',(#1628),#1663);
#1624=PRESENTATION_STYLE_ASSIGNMENT((#1629));
#1625=PRESENTATION_STYLE_ASSIGNMENT((#1630));
#1626=PRESENTATION_STYLE_ASSIGNMENT((#1631));
#1627=PRESENTATION_STYLE_ASSIGNMENT((#1632));
#1628=PRESENTATION_STYLE_ASSIGNMENT((#1633));
#1629=SURFACE_STYLE_USAGE(.BOTH.,#1634);
#1630=SURFACE_STYLE_USAGE(.BOTH.,#1635);
#1631=SURFACE_STYLE_USAGE(.BOTH.,#1636);
#1632=SURFACE_STYLE_USAGE(.BOTH.,#1637);
#1633=SURFACE_STYLE_USAGE(.BOTH.,#1638);
#1634=SURFACE_SIDE_STYLE('',(#1639));
#1635=SURFACE_SIDE_STYLE('',(#1640));
#1636=SURFACE_SIDE_STYLE('',(#1641));
#1637=SURFACE_SIDE_STYLE('',(#1642));
#1638=SURFACE_SIDE_STYLE('',(#1643));
#1639=SURFACE_STYLE_FILL_AREA(#1644);
#1640=SURFACE_STYLE_FILL_AREA(#1645);
#1641=SURFACE_STYLE_FILL_AREA(#1646);
#1642=SURFACE_STYLE_FILL_AREA(#1647);
#1643=SURFACE_STYLE_FILL_AREA(#1648);
#1644=FILL_AREA_STYLE('',(#1649));
#1645=FILL_AREA_STYLE('',(#1650));
#1646=FILL_AREA_STYLE('',(#1651));
#1647=FILL_AREA_STYLE('',(#1652));
#1648=FILL_AREA_STYLE('',(#1653));
#1649=FILL_AREA_STYLE_COLOUR('',#1654);
#1650=FILL_AREA_STYLE_COLOUR('',#1655);
#1651=FILL_AREA_STYLE_COLOUR('',#1656);
#1652=FILL_AREA_STYLE_COLOUR('',#1657);
#1653=FILL_AREA_STYLE_COLOUR('',#1658);
#1654=COLOUR_RGB('',0.768627450980392,0.886274509803922,0.952941176470588);
#1655=COLOUR_RGB('',0.917647058823529,0.917647058823529,0.917647058823529);
#1656=COLOUR_RGB('',0.972549019607843,0.529411764705882,0.00392156862745098);
#1657=COLOUR_RGB('',0.498039215686275,0.498039215686275,0.498039215686275);
#1658=COLOUR_RGB('',0.980392156862745,0.713725490196078,0.00392156862745098);
#1659=MANIFOLD_SOLID_BREP('Part 12',#1614);
#1660=MANIFOLD_SOLID_BREP('lid',#1615);
#1661=MANIFOLD_SOLID_BREP('Part 7',#1616);
#1662=MANIFOLD_SOLID_BREP('Part 8',#1617);
#1663=MANIFOLD_SOLID_BREP('Part 10',#1618);
#1664=SHAPE_DEFINITION_REPRESENTATION(#2799,#1669);
#1665=SHAPE_DEFINITION_REPRESENTATION(#2800,#1670);
#1666=SHAPE_DEFINITION_REPRESENTATION(#2801,#1671);
#1667=SHAPE_DEFINITION_REPRESENTATION(#2802,#1672);
#1668=SHAPE_DEFINITION_REPRESENTATION(#2803,#1673);
#1669=SHAPE_REPRESENTATION('Part 12',(#1674),#2774);
#1670=SHAPE_REPRESENTATION('lid',(#1685),#2775);
#1671=SHAPE_REPRESENTATION('Part 7',(#1809),#2776);
#1672=SHAPE_REPRESENTATION('Part 8',(#1822),#2777);
#1673=SHAPE_REPRESENTATION('Part 10',(#1829),#2778);
#1674=AXIS2_PLACEMENT_3D('',#2319,#1844,#1845);
#1675=AXIS2_PLACEMENT_3D('',#2320,#1846,#1847);
#1676=AXIS2_PLACEMENT_3D('',#2324,#1849,#1850);
#1677=AXIS2_PLACEMENT_3D('',#2328,#1852,#1853);
#1678=AXIS2_PLACEMENT_3D('',#2329,#1854,#1855);
#1679=AXIS2_PLACEMENT_3D('',#2330,#1856,#1857);
#1680=AXIS2_PLACEMENT_3D('',#2335,#1859,#1860);
#1681=AXIS2_PLACEMENT_3D('',#2338,#1862,#1863);
#1682=AXIS2_PLACEMENT_3D('',#2341,#1866,#1867);
#1683=AXIS2_PLACEMENT_3D('',#2344,#1870,#1871);
#1684=AXIS2_PLACEMENT_3D('',#2345,#1872,#1873);
#1685=AXIS2_PLACEMENT_3D('',#2346,#1874,#1875);
#1686=AXIS2_PLACEMENT_3D('',#2347,#1876,#1877);
#1687=AXIS2_PLACEMENT_3D('',#2348,#1878,#1879);
#1688=AXIS2_PLACEMENT_3D('',#2350,#1880,#1881);
#1689=AXIS2_PLACEMENT_3D('',#2352,#1882,#1883);
#1690=AXIS2_PLACEMENT_3D('',#2354,#1884,#1885);
#1691=AXIS2_PLACEMENT_3D('',#2356,#1886,#1887);
#1692=AXIS2_PLACEMENT_3D('',#2378,#1898,#1899);
#1693=AXIS2_PLACEMENT_3D('',#2392,#1907,#1908);
#1694=AXIS2_PLACEMENT_3D('',#2396,#1910,#1911);
#1695=AXIS2_PLACEMENT_3D('',#2400,#1913,#1914);
#1696=AXIS2_PLACEMENT_3D('',#2404,#1916,#1917);
#1697=AXIS2_PLACEMENT_3D('',#2408,#1919,#1920);
#1698=AXIS2_PLACEMENT_3D('',#2412,#1922,#1923);
#1699=AXIS2_PLACEMENT_3D('',#2416,#1925,#1926);
#1700=AXIS2_PLACEMENT_3D('',#2420,#1928,#1929);
#1701=AXIS2_PLACEMENT_3D('',#2424,#1931,#1932);
#1702=AXIS2_PLACEMENT_3D('',#2428,#1934,#1935);
#1703=AXIS2_PLACEMENT_3D('',#2432,#1937,#1938);
#1704=AXIS2_PLACEMENT_3D('',#2433,#1939,#1940);
#1705=AXIS2_PLACEMENT_3D('',#2439,#1944,#1945);
#1706=AXIS2_PLACEMENT_3D('',#2445,#1949,#1950);
#1707=AXIS2_PLACEMENT_3D('',#2454,#1955,#1956);
#1708=AXIS2_PLACEMENT_3D('',#2463,#1961,#1962);
#1709=AXIS2_PLACEMENT_3D('',#2466,#1965,#1966);
#1710=AXIS2_PLACEMENT_3D('',#2469,#1969,#1970);
#1711=AXIS2_PLACEMENT_3D('',#2479,#1976,#1977);
#1712=AXIS2_PLACEMENT_3D('',#2481,#1979,#1980);
#1713=AXIS2_PLACEMENT_3D('',#2482,#1981,#1982);
#1714=AXIS2_PLACEMENT_3D('',#2484,#1983,#1984);
#1715=AXIS2_PLACEMENT_3D('',#2486,#1985,#1986);
#1716=AXIS2_PLACEMENT_3D('',#2488,#1987,#1988);
#1717=AXIS2_PLACEMENT_3D('',#2490,#1989,#1990);
#1718=AXIS2_PLACEMENT_3D('',#2492,#1991,#1992);
#1719=AXIS2_PLACEMENT_3D('',#2494,#1993,#1994);
#1720=AXIS2_PLACEMENT_3D('',#2501,#1998,#1999);
#1721=AXIS2_PLACEMENT_3D('',#2507,#2003,#2004);
#1722=AXIS2_PLACEMENT_3D('',#2508,#2005,#2006);
#1723=AXIS2_PLACEMENT_3D('',#2510,#2007,#2008);
#1724=AXIS2_PLACEMENT_3D('',#2512,#2009,#2010);
#1725=AXIS2_PLACEMENT_3D('',#2514,#2011,#2012);
#1726=AXIS2_PLACEMENT_3D('',#2516,#2013,#2014);
#1727=AXIS2_PLACEMENT_3D('',#2518,#2015,#2016);
#1728=AXIS2_PLACEMENT_3D('',#2520,#2017,#2018);
#1729=AXIS2_PLACEMENT_3D('',#2522,#2019,#2020);
#1730=AXIS2_PLACEMENT_3D('',#2524,#2021,#2022);
#1731=AXIS2_PLACEMENT_3D('',#2526,#2023,#2024);
#1732=AXIS2_PLACEMENT_3D('',#2528,#2025,#2026);
#1733=AXIS2_PLACEMENT_3D('',#2531,#2028,#2029);
#1734=AXIS2_PLACEMENT_3D('',#2537,#2033,#2034);
#1735=AXIS2_PLACEMENT_3D('',#2539,#2036,#2037);
#1736=AXIS2_PLACEMENT_3D('',#2541,#2039,#2040);
#1737=AXIS2_PLACEMENT_3D('',#2542,#2041,#2042);
#1738=AXIS2_PLACEMENT_3D('',#2543,#2043,#2044);
#1739=AXIS2_PLACEMENT_3D('',#2545,#2045,#2046);
#1740=AXIS2_PLACEMENT_3D('',#2546,#2047,#2048);
#1741=AXIS2_PLACEMENT_3D('',#2547,#2049,#2050);
#1742=AXIS2_PLACEMENT_3D('',#2549,#2051,#2052);
#1743=AXIS2_PLACEMENT_3D('',#2550,#2053,#2054);
#1744=AXIS2_PLACEMENT_3D('',#2551,#2055,#2056);
#1745=AXIS2_PLACEMENT_3D('',#2553,#2057,#2058);
#1746=AXIS2_PLACEMENT_3D('',#2554,#2059,#2060);
#1747=AXIS2_PLACEMENT_3D('',#2555,#2061,#2062);
#1748=AXIS2_PLACEMENT_3D('',#2557,#2063,#2064);
#1749=AXIS2_PLACEMENT_3D('',#2558,#2065,#2066);
#1750=AXIS2_PLACEMENT_3D('',#2559,#2067,#2068);
#1751=AXIS2_PLACEMENT_3D('',#2561,#2069,#2070);
#1752=AXIS2_PLACEMENT_3D('',#2562,#2071,#2072);
#1753=AXIS2_PLACEMENT_3D('',#2563,#2073,#2074);
#1754=AXIS2_PLACEMENT_3D('',#2565,#2075,#2076);
#1755=AXIS2_PLACEMENT_3D('',#2566,#2077,#2078);
#1756=AXIS2_PLACEMENT_3D('',#2567,#2079,#2080);
#1757=AXIS2_PLACEMENT_3D('',#2569,#2081,#2082);
#1758=AXIS2_PLACEMENT_3D('',#2570,#2083,#2084);
#1759=AXIS2_PLACEMENT_3D('',#2571,#2085,#2086);
#1760=AXIS2_PLACEMENT_3D('',#2573,#2087,#2088);
#1761=AXIS2_PLACEMENT_3D('',#2574,#2089,#2090);
#1762=AXIS2_PLACEMENT_3D('',#2575,#2091,#2092);
#1763=AXIS2_PLACEMENT_3D('',#2577,#2093,#2094);
#1764=AXIS2_PLACEMENT_3D('',#2578,#2095,#2096);
#1765=AXIS2_PLACEMENT_3D('',#2579,#2097,#2098);
#1766=AXIS2_PLACEMENT_3D('',#2581,#2099,#2100);
#1767=AXIS2_PLACEMENT_3D('',#2582,#2101,#2102);
#1768=AXIS2_PLACEMENT_3D('',#2583,#2103,#2104);
#1769=AXIS2_PLACEMENT_3D('',#2585,#2105,#2106);
#1770=AXIS2_PLACEMENT_3D('',#2586,#2107,#2108);
#1771=AXIS2_PLACEMENT_3D('',#2587,#2109,#2110);
#1772=AXIS2_PLACEMENT_3D('',#2589,#2111,#2112);
#1773=AXIS2_PLACEMENT_3D('',#2590,#2113,#2114);
#1774=AXIS2_PLACEMENT_3D('',#2591,#2115,#2116);
#1775=AXIS2_PLACEMENT_3D('',#2592,#2117,#2118);
#1776=AXIS2_PLACEMENT_3D('',#2593,#2119,#2120);
#1777=AXIS2_PLACEMENT_3D('',#2594,#2121,#2122);
#1778=AXIS2_PLACEMENT_3D('',#2595,#2123,#2124);
#1779=AXIS2_PLACEMENT_3D('',#2596,#2125,#2126);
#1780=AXIS2_PLACEMENT_3D('',#2597,#2127,#2128);
#1781=AXIS2_PLACEMENT_3D('',#2598,#2129,#2130);
#1782=AXIS2_PLACEMENT_3D('',#2599,#2131,#2132);
#1783=AXIS2_PLACEMENT_3D('',#2600,#2133,#2134);
#1784=AXIS2_PLACEMENT_3D('',#2601,#2135,#2136);
#1785=AXIS2_PLACEMENT_3D('',#2602,#2137,#2138);
#1786=AXIS2_PLACEMENT_3D('',#2603,#2139,#2140);
#1787=AXIS2_PLACEMENT_3D('',#2604,#2141,#2142);
#1788=AXIS2_PLACEMENT_3D('',#2605,#2143,#2144);
#1789=AXIS2_PLACEMENT_3D('',#2606,#2145,#2146);
#1790=AXIS2_PLACEMENT_3D('',#2607,#2147,#2148);
#1791=AXIS2_PLACEMENT_3D('',#2608,#2149,#2150);
#1792=AXIS2_PLACEMENT_3D('',#2609,#2151,#2152);
#1793=AXIS2_PLACEMENT_3D('',#2610,#2153,#2154);
#1794=AXIS2_PLACEMENT_3D('',#2611,#2155,#2156);
#1795=AXIS2_PLACEMENT_3D('',#2612,#2157,#2158);
#1796=AXIS2_PLACEMENT_3D('',#2613,#2159,#2160);
#1797=AXIS2_PLACEMENT_3D('',#2614,#2161,#2162);
#1798=AXIS2_PLACEMENT_3D('',#2615,#2163,#2164);
#1799=AXIS2_PLACEMENT_3D('',#2616,#2165,#2166);
#1800=AXIS2_PLACEMENT_3D('',#2617,#2167,#2168);
#1801=AXIS2_PLACEMENT_3D('',#2618,#2169,#2170);
#1802=AXIS2_PLACEMENT_3D('',#2619,#2171,#2172);
#1803=AXIS2_PLACEMENT_3D('',#2620,#2173,#2174);
#1804=AXIS2_PLACEMENT_3D('',#2621,#2175,#2176);
#1805=AXIS2_PLACEMENT_3D('',#2622,#2177,#2178);
#1806=AXIS2_PLACEMENT_3D('',#2623,#2179,#2180);
#1807=AXIS2_PLACEMENT_3D('',#2625,#2182,#2183);
#1808=AXIS2_PLACEMENT_3D('',#2627,#2185,#2186);
#1809=AXIS2_PLACEMENT_3D('',#2628,#2187,#2188);
#1810=AXIS2_PLACEMENT_3D('',#2629,#2189,#2190);
#1811=AXIS2_PLACEMENT_3D('',#2638,#2195,#2196);
#1812=AXIS2_PLACEMENT_3D('',#2644,#2200,#2201);
#1813=AXIS2_PLACEMENT_3D('',#2650,#2205,#2206);
#1814=AXIS2_PLACEMENT_3D('',#2655,#2209,#2210);
#1815=AXIS2_PLACEMENT_3D('',#2660,#2213,#2214);
#1816=AXIS2_PLACEMENT_3D('',#2669,#2219,#2220);
#1817=AXIS2_PLACEMENT_3D('',#2670,#2221,#2222);
#1818=AXIS2_PLACEMENT_3D('',#2673,#2225,#2226);
#1819=AXIS2_PLACEMENT_3D('',#2675,#2228,#2229);
#1820=AXIS2_PLACEMENT_3D('',#2677,#2231,#2232);
#1821=AXIS2_PLACEMENT_3D('',#2678,#2233,#2234);
#1822=AXIS2_PLACEMENT_3D('',#2679,#2235,#2236);
#1823=AXIS2_PLACEMENT_3D('',#2680,#2237,#2238);
#1824=AXIS2_PLACEMENT_3D('',#2681,#2239,#2240);
#1825=AXIS2_PLACEMENT_3D('',#2685,#2242,#2243);
#1826=AXIS2_PLACEMENT_3D('',#2689,#2245,#2246);
#1827=AXIS2_PLACEMENT_3D('',#2690,#2247,#2248);
#1828=AXIS2_PLACEMENT_3D('',#2693,#2251,#2252);
#1829=AXIS2_PLACEMENT_3D('',#2694,#2253,#2254);
#1830=AXIS2_PLACEMENT_3D('',#2695,#2255,#2256);
#1831=AXIS2_PLACEMENT_3D('',#2704,#2261,#2262);
#1832=AXIS2_PLACEMENT_3D('',#2710,#2266,#2267);
#1833=AXIS2_PLACEMENT_3D('',#2716,#2271,#2272);
#1834=AXIS2_PLACEMENT_3D('',#2725,#2277,#2278);
#1835=AXIS2_PLACEMENT_3D('',#2731,#2282,#2283);
#1836=AXIS2_PLACEMENT_3D('',#2737,#2287,#2288);
#1837=AXIS2_PLACEMENT_3D('',#2748,#2295,#2296);
#1838=AXIS2_PLACEMENT_3D('',#2759,#2303,#2304);
#1839=AXIS2_PLACEMENT_3D('',#2761,#2306,#2307);
#1840=AXIS2_PLACEMENT_3D('',#2763,#2309,#2310);
#1841=AXIS2_PLACEMENT_3D('',#2765,#2312,#2313);
#1842=AXIS2_PLACEMENT_3D('',#2767,#2315,#2316);
#1843=AXIS2_PLACEMENT_3D('',#2768,#2317,#2318);
#1844=DIRECTION('',(0.,0.,1.));
#1845=DIRECTION('',(1.,0.,0.));
#1846=DIRECTION('',(0.,0.,-1.));
#1847=DIRECTION('',(-1.,0.,0.));
#1848=DIRECTION('',(0.,0.,-1.));
#1849=DIRECTION('',(0.,0.,1.));
#1850=DIRECTION('',(1.,0.,0.));
#1851=DIRECTION('',(0.,0.,-1.));
#1852=DIRECTION('',(0.,0.,1.));
#1853=DIRECTION('',(1.,0.,0.));
#1854=DIRECTION('',(0.,0.,-1.));
#1855=DIRECTION('',(-1.,0.,0.));
#1856=DIRECTION('',(0.,0.,1.));
#1857=DIRECTION('',(1.,0.,0.));
#1858=DIRECTION('',(0.,0.,-1.));
#1859=DIRECTION('',(0.,0.,1.));
#1860=DIRECTION('',(1.,0.,0.));
#1861=DIRECTION('',(0.,0.,-1.));
#1862=DIRECTION('',(0.,0.,1.));
#1863=DIRECTION('',(1.,0.,0.));
#1864=DIRECTION('',(0.,1.,0.));
#1865=DIRECTION('',(0.,1.,0.));
#1866=DIRECTION('',(0.,0.,1.));
#1867=DIRECTION('',(1.,0.,0.));
#1868=DIRECTION('',(0.,1.,0.));
#1869=DIRECTION('',(0.,1.,0.));
#1870=DIRECTION('',(1.,0.,0.));
#1871=DIRECTION('',(0.,1.,0.));
#1872=DIRECTION('',(1.,0.,0.));
#1873=DIRECTION('',(0.,1.,0.));
#1874=DIRECTION('',(0.,0.,1.));
#1875=DIRECTION('',(1.,0.,0.));
#1876=DIRECTION('',(1.,0.,0.));
#1877=DIRECTION('',(0.,1.,0.));
#1878=DIRECTION('',(1.,0.,0.));
#1879=DIRECTION('',(0.,0.,-1.));
#1880=DIRECTION('',(1.,0.,0.));
#1881=DIRECTION('',(0.,0.,-1.));
#1882=DIRECTION('',(1.,0.,0.));
#1883=DIRECTION('',(0.,0.,-1.));
#1884=DIRECTION('',(1.,0.,0.));
#1885=DIRECTION('',(0.,0.,-1.));
#1886=DIRECTION('',(1.,0.,0.));
#1887=DIRECTION('',(0.,0.,-1.));
#1888=DIRECTION('',(0.,1.,0.));
#1889=DIRECTION('',(0.,0.,1.));
#1890=DIRECTION('',(0.,1.,0.));
#1891=DIRECTION('',(0.,0.,1.));
#1892=DIRECTION('',(0.,1.,0.));
#1893=DIRECTION('',(0.,0.,-1.));
#1894=DIRECTION('',(0.,1.,0.));
#1895=DIRECTION('',(0.,0.258819045102521,-0.965925826289068));
#1896=DIRECTION('',(0.,1.,0.));
#1897=DIRECTION('',(0.,0.,1.));
#1898=DIRECTION('',(0.,0.,1.));
#1899=DIRECTION('',(1.,0.,0.));
#1900=DIRECTION('',(-1.,0.,0.));
#1901=DIRECTION('',(0.,1.,0.));
#1902=DIRECTION('',(-1.,0.,0.));
#1903=DIRECTION('',(1.,0.,0.));
#1904=DIRECTION('',(-3.60462020982194E-16,-1.,0.));
#1905=DIRECTION('',(1.,0.,0.));
#1906=DIRECTION('',(-1.,-1.78642463930697E-15,0.));
#1907=DIRECTION('',(0.,0.,1.));
#1908=DIRECTION('',(1.78642463930697E-15,-1.,0.));
#1909=DIRECTION('',(-1.,-1.78642463930697E-15,0.));
#1910=DIRECTION('',(0.,0.,1.));
#1911=DIRECTION('',(1.78642463930697E-15,-1.,0.));
#1912=DIRECTION('',(-1.,-1.78642463930697E-15,0.));
#1913=DIRECTION('',(0.,0.,1.));
#1914=DIRECTION('',(1.78642463930697E-15,-1.,0.));
#1915=DIRECTION('',(-1.,-1.78642463930697E-15,0.));
#1916=DIRECTION('',(0.,0.,1.));
#1917=DIRECTION('',(1.78642463930697E-15,-1.,0.));
#1918=DIRECTION('',(-1.,-1.78642463930697E-15,0.));
#1919=DIRECTION('',(0.,0.,1.));
#1920=DIRECTION('',(1.78642463930697E-15,-1.,0.));
#1921=DIRECTION('',(-1.,-1.78642463930697E-15,0.));
#1922=DIRECTION('',(0.,0.,1.));
#1923=DIRECTION('',(1.78642463930697E-15,-1.,0.));
#1924=DIRECTION('',(-1.,-1.78642463930697E-15,0.));
#1925=DIRECTION('',(0.,0.,1.));
#1926=DIRECTION('',(1.78642463930697E-15,-1.,0.));
#1927=DIRECTION('',(-1.,-1.78642463930697E-15,0.));
#1928=DIRECTION('',(0.,0.,1.));
#1929=DIRECTION('',(1.78642463930697E-15,-1.,0.));
#1930=DIRECTION('',(-1.,-1.78642463930697E-15,0.));
#1931=DIRECTION('',(0.,0.,1.));
#1932=DIRECTION('',(1.78642463930697E-15,-1.,0.));
#1933=DIRECTION('',(-1.,-1.78642463930697E-15,0.));
#1934=DIRECTION('',(0.,0.,1.));
#1935=DIRECTION('',(1.78642463930697E-15,-1.,0.));
#1936=DIRECTION('',(-1.,-1.78642463930697E-15,0.));
#1937=DIRECTION('',(0.,0.,1.));
#1938=DIRECTION('',(1.78642463930697E-15,-1.,0.));
#1939=DIRECTION('',(0.,0.,-1.));
#1940=DIRECTION('',(1.,0.,0.));
#1941=DIRECTION('',(1.38777878078141E-15,1.,0.));
#1942=DIRECTION('',(-1.,-1.15168363550327E-16,0.));
#1943=DIRECTION('',(1.,0.,0.));
#1944=DIRECTION('',(-1.,1.38777878078141E-15,0.));
#1945=DIRECTION('',(-1.38777878078141E-15,-1.,0.));
#1946=DIRECTION('',(1.38777878078141E-15,1.,0.));
#1947=DIRECTION('',(0.,0.,1.));
#1948=DIRECTION('',(0.,0.,-1.));
#1949=DIRECTION('',(-1.,0.,0.));
#1950=DIRECTION('',(0.,0.,1.));
#1951=DIRECTION('',(0.,0.,1.));
#1952=DIRECTION('',(0.,1.,0.));
#1953=DIRECTION('',(0.,0.,-1.));
#1954=DIRECTION('',(0.,1.,0.));
#1955=DIRECTION('',(1.,0.,0.));
#1956=DIRECTION('',(0.,0.,-1.));
#1957=DIRECTION('',(0.,0.,-1.));
#1958=DIRECTION('',(0.,-1.,0.));
#1959=DIRECTION('',(0.,0.,-1.));
#1960=DIRECTION('',(0.,-1.,0.));
#1961=DIRECTION('',(0.,0.,-1.));
#1962=DIRECTION('',(1.,0.,0.));
#1963=DIRECTION('',(-1.,-1.15168363550327E-16,0.));
#1964=DIRECTION('',(1.,0.,0.));
#1965=DIRECTION('',(0.,0.,1.));
#1966=DIRECTION('',(1.,0.,0.));
#1967=DIRECTION('',(-1.,-1.15168363550327E-16,0.));
#1968=DIRECTION('',(1.,0.,0.));
#1969=DIRECTION('',(0.,0.,1.));
#1970=DIRECTION('',(1.,0.,0.));
#1971=DIRECTION('',(0.,-1.,0.));
#1972=DIRECTION('',(-1.,-1.15168363550327E-16,0.));
#1973=DIRECTION('',(1.,0.,0.));
#1974=DIRECTION('',(0.,-1.,0.));
#1975=DIRECTION('',(1.,0.,0.));
#1976=DIRECTION('',(0.,-1.,0.));
#1977=DIRECTION('',(0.,0.,-1.));
#1978=DIRECTION('',(0.,0.,-1.));
#1979=DIRECTION('',(-1.,0.,0.));
#1980=DIRECTION('',(0.,-1.,0.));
#1981=DIRECTION('',(1.,-3.60462020982194E-16,0.));
#1982=DIRECTION('',(3.60462020982194E-16,1.,0.));
#1983=DIRECTION('',(1.,-3.60462020982194E-16,0.));
#1984=DIRECTION('',(3.60462020982194E-16,1.,0.));
#1985=DIRECTION('',(1.,-3.60462020982194E-16,0.));
#1986=DIRECTION('',(3.60462020982194E-16,1.,0.));
#1987=DIRECTION('',(1.,-3.60462020982194E-16,0.));
#1988=DIRECTION('',(3.60462020982194E-16,1.,0.));
#1989=DIRECTION('',(1.,-3.60462020982194E-16,0.));
#1990=DIRECTION('',(3.60462020982194E-16,1.,0.));
#1991=DIRECTION('',(1.,-3.60462020982194E-16,0.));
#1992=DIRECTION('',(3.60462020982194E-16,1.,0.));
#1993=DIRECTION('',(1.,-3.60462020982194E-16,0.));
#1994=DIRECTION('',(3.60462020982194E-16,1.,0.));
#1995=DIRECTION('',(-9.32944360663361E-17,-0.258819045102521,0.965925826289068));
#1996=DIRECTION('',(0.,-1.,0.));
#1997=DIRECTION('',(0.,0.,1.));
#1998=DIRECTION('',(0.,0.,1.));
#1999=DIRECTION('',(1.,0.,0.));
#2000=DIRECTION('',(-1.,0.,0.));
#2001=DIRECTION('',(0.,1.,0.));
#2002=DIRECTION('',(-1.,0.,0.));
#2003=DIRECTION('',(0.,0.965925826289068,0.258819045102521));
#2004=DIRECTION('',(0.,-0.258819045102521,0.965925826289068));
#2005=DIRECTION('',(0.,0.965925826289068,0.258819045102521));
#2006=DIRECTION('',(0.,-0.258819045102521,0.965925826289068));
#2007=DIRECTION('',(0.,0.965925826289068,0.258819045102521));
#2008=DIRECTION('',(0.,-0.258819045102521,0.965925826289068));
#2009=DIRECTION('',(0.,0.965925826289068,0.258819045102521));
#2010=DIRECTION('',(0.,-0.258819045102521,0.965925826289068));
#2011=DIRECTION('',(0.,0.965925826289068,0.258819045102521));
#2012=DIRECTION('',(0.,-0.258819045102521,0.965925826289068));
#2013=DIRECTION('',(0.,0.965925826289068,0.258819045102521));
#2014=DIRECTION('',(0.,-0.258819045102521,0.965925826289068));
#2015=DIRECTION('',(0.,0.965925826289068,0.258819045102521));
#2016=DIRECTION('',(0.,-0.258819045102521,0.965925826289068));
#2017=DIRECTION('',(0.,0.965925826289068,0.258819045102521));
#2018=DIRECTION('',(0.,-0.258819045102521,0.965925826289068));
#2019=DIRECTION('',(0.,0.965925826289068,0.258819045102521));
#2020=DIRECTION('',(0.,-0.258819045102521,0.965925826289068));
#2021=DIRECTION('',(0.,0.965925826289068,0.258819045102521));
#2022=DIRECTION('',(0.,-0.258819045102521,0.965925826289068));
#2023=DIRECTION('',(0.,0.965925826289068,0.258819045102521));
#2024=DIRECTION('',(0.,-0.258819045102521,0.965925826289068));
#2025=DIRECTION('',(0.,0.965925826289068,0.258819045102521));
#2026=DIRECTION('',(0.,-0.258819045102521,0.965925826289068));
#2027=DIRECTION('',(1.,0.,0.));
#2028=DIRECTION('',(0.,0.,1.));
#2029=DIRECTION('',(1.,0.,0.));
#2030=DIRECTION('',(-1.,-1.15168363550327E-16,0.));
#2031=DIRECTION('',(0.,-1.,0.));
#2032=DIRECTION('',(1.,0.,0.));
#2033=DIRECTION('',(0.,1.,0.));
#2034=DIRECTION('',(0.,0.,1.));
#2035=DIRECTION('',(0.,0.,-1.));
#2036=DIRECTION('',(1.15168363550327E-16,-1.,0.));
#2037=DIRECTION('',(1.,1.15168363550327E-16,0.));
#2038=DIRECTION('',(0.,0.,-1.));
#2039=DIRECTION('',(1.,0.,0.));
#2040=DIRECTION('',(0.,0.,-1.));
#2041=DIRECTION('',(1.,-3.60462020982194E-16,0.));
#2042=DIRECTION('',(3.60462020982194E-16,1.,0.));
#2043=DIRECTION('',(1.,-3.60462020982194E-16,0.));
#2044=DIRECTION('',(3.60462020982194E-16,1.,0.));
#2045=DIRECTION('',(-1.,3.60462020982194E-16,0.));
#2046=DIRECTION('',(3.60462020982194E-16,1.,0.));
#2047=DIRECTION('',(1.,-3.60462020982194E-16,0.));
#2048=DIRECTION('',(3.60462020982194E-16,1.,0.));
#2049=DIRECTION('',(1.,-3.60462020982194E-16,0.));
#2050=DIRECTION('',(3.60462020982194E-16,1.,0.));
#2051=DIRECTION('',(-1.,3.60462020982194E-16,0.));
#2052=DIRECTION('',(3.60462020982194E-16,1.,0.));
#2053=DIRECTION('',(1.,-3.60462020982194E-16,0.));
#2054=DIRECTION('',(3.60462020982194E-16,1.,0.));
#2055=DIRECTION('',(1.,-3.60462020982194E-16,0.));
#2056=DIRECTION('',(3.60462020982194E-16,1.,0.));
#2057=DIRECTION('',(-1.,3.60462020982194E-16,0.));
#2058=DIRECTION('',(3.60462020982194E-16,1.,0.));
#2059=DIRECTION('',(1.,-3.60462020982194E-16,0.));
#2060=DIRECTION('',(3.60462020982194E-16,1.,0.));
#2061=DIRECTION('',(1.,-3.60462020982194E-16,0.));
#2062=DIRECTION('',(3.60462020982194E-16,1.,0.));
#2063=DIRECTION('',(-1.,3.60462020982194E-16,0.));
#2064=DIRECTION('',(3.60462020982194E-16,1.,0.));
#2065=DIRECTION('',(1.,-3.60462020982194E-16,0.));
#2066=DIRECTION('',(3.60462020982194E-16,1.,0.));
#2067=DIRECTION('',(1.,-3.60462020982194E-16,0.));
#2068=DIRECTION('',(3.60462020982194E-16,1.,0.));
#2069=DIRECTION('',(-1.,3.60462020982194E-16,0.));
#2070=DIRECTION('',(3.60462020982194E-16,1.,0.));
#2071=DIRECTION('',(1.,-3.60462020982194E-16,0.));
#2072=DIRECTION('',(3.60462020982194E-16,1.,0.));
#2073=DIRECTION('',(1.,-3.60462020982194E-16,0.));
#2074=DIRECTION('',(3.60462020982194E-16,1.,0.));
#2075=DIRECTION('',(-1.,3.60462020982194E-16,0.));
#2076=DIRECTION('',(3.60462020982194E-16,1.,0.));
#2077=DIRECTION('',(1.,-3.60462020982194E-16,0.));
#2078=DIRECTION('',(3.60462020982194E-16,1.,0.));
#2079=DIRECTION('',(1.,-3.60462020982194E-16,0.));
#2080=DIRECTION('',(3.60462020982194E-16,1.,0.));
#2081=DIRECTION('',(-1.,3.60462020982194E-16,0.));
#2082=DIRECTION('',(3.60462020982194E-16,1.,0.));
#2083=DIRECTION('',(-1.,0.,0.));
#2084=DIRECTION('',(0.,0.,1.));
#2085=DIRECTION('',(-1.,0.,0.));
#2086=DIRECTION('',(0.,0.,1.));
#2087=DIRECTION('',(-1.,0.,0.));
#2088=DIRECTION('',(0.,-1.,0.));
#2089=DIRECTION('',(-1.,0.,0.));
#2090=DIRECTION('',(0.,0.,1.));
#2091=DIRECTION('',(-1.,0.,0.));
#2092=DIRECTION('',(0.,0.,1.));
#2093=DIRECTION('',(-1.,0.,0.));
#2094=DIRECTION('',(0.,-1.,0.));
#2095=DIRECTION('',(-1.,0.,0.));
#2096=DIRECTION('',(0.,0.,1.));
#2097=DIRECTION('',(-1.,0.,0.));
#2098=DIRECTION('',(0.,0.,1.));
#2099=DIRECTION('',(-1.,0.,0.));
#2100=DIRECTION('',(0.,-1.,0.));
#2101=DIRECTION('',(-1.,0.,0.));
#2102=DIRECTION('',(0.,0.,1.));
#2103=DIRECTION('',(-1.,0.,0.));
#2104=DIRECTION('',(0.,0.,1.));
#2105=DIRECTION('',(-1.,0.,0.));
#2106=DIRECTION('',(0.,-1.,0.));
#2107=DIRECTION('',(-1.,0.,0.));
#2108=DIRECTION('',(0.,0.,1.));
#2109=DIRECTION('',(-1.,0.,0.));
#2110=DIRECTION('',(0.,0.,1.));
#2111=DIRECTION('',(-1.,0.,0.));
#2112=DIRECTION('',(0.,-1.,0.));
#2113=DIRECTION('',(1.72555369582573E-15,-0.965925826289068,-0.258819045102521));
#2114=DIRECTION('',(0.,0.258819045102521,-0.965925826289068));
#2115=DIRECTION('',(-1.72555369582573E-15,0.965925826289069,0.258819045102521));
#2116=DIRECTION('',(0.,-0.258819045102521,0.965925826289068));
#2117=DIRECTION('',(-1.72555369582573E-15,0.965925826289069,0.258819045102521));
#2118=DIRECTION('',(-1.,-1.66675687944662E-15,-4.46606159826741E-16));
#2119=DIRECTION('',(1.72555369582573E-15,-0.965925826289068,-0.258819045102521));
#2120=DIRECTION('',(0.,0.258819045102521,-0.965925826289068));
#2121=DIRECTION('',(-1.72555369582573E-15,0.965925826289069,0.258819045102521));
#2122=DIRECTION('',(0.,-0.258819045102521,0.965925826289068));
#2123=DIRECTION('',(-1.72555369582573E-15,0.965925826289069,0.258819045102521));
#2124=DIRECTION('',(-1.,-1.66675687944662E-15,-4.46606159826741E-16));
#2125=DIRECTION('',(1.72555369582573E-15,-0.965925826289068,-0.258819045102521));
#2126=DIRECTION('',(0.,0.258819045102521,-0.965925826289068));
#2127=DIRECTION('',(-1.72555369582573E-15,0.965925826289069,0.258819045102521));
#2128=DIRECTION('',(0.,-0.258819045102521,0.965925826289068));
#2129=DIRECTION('',(-1.72555369582573E-15,0.965925826289069,0.258819045102521));
#2130=DIRECTION('',(-1.,-1.66675687944662E-15,-4.46606159826741E-16));
#2131=DIRECTION('',(1.72555369582573E-15,-0.965925826289068,-0.258819045102521));
#2132=DIRECTION('',(0.,0.258819045102521,-0.965925826289068));
#2133=DIRECTION('',(-1.72555369582573E-15,0.965925826289069,0.258819045102521));
#2134=DIRECTION('',(0.,-0.258819045102521,0.965925826289068));
#2135=DIRECTION('',(-1.72555369582573E-15,0.965925826289069,0.258819045102521));
#2136=DIRECTION('',(-1.,-1.66675687944662E-15,-4.46606159826741E-16));
#2137=DIRECTION('',(1.72555369582573E-15,-0.965925826289068,-0.258819045102521));
#2138=DIRECTION('',(0.,0.258819045102521,-0.965925826289068));
#2139=DIRECTION('',(-1.72555369582573E-15,0.965925826289069,0.258819045102521));
#2140=DIRECTION('',(0.,-0.258819045102521,0.965925826289068));
#2141=DIRECTION('',(-1.72555369582573E-15,0.965925826289069,0.258819045102521));
#2142=DIRECTION('',(-1.,-1.66675687944662E-15,-4.46606159826741E-16));
#2143=DIRECTION('',(1.72555369582573E-15,-0.965925826289068,-0.258819045102521));
#2144=DIRECTION('',(0.,0.258819045102521,-0.965925826289068));
#2145=DIRECTION('',(-1.72555369582573E-15,0.965925826289069,0.258819045102521));
#2146=DIRECTION('',(0.,-0.258819045102521,0.965925826289068));
#2147=DIRECTION('',(-1.72555369582573E-15,0.965925826289069,0.258819045102521));
#2148=DIRECTION('',(-1.,-1.66675687944662E-15,-4.46606159826741E-16));
#2149=DIRECTION('',(1.72555369582573E-15,-0.965925826289068,-0.258819045102521));
#2150=DIRECTION('',(0.,0.258819045102521,-0.965925826289068));
#2151=DIRECTION('',(-1.72555369582573E-15,0.965925826289069,0.258819045102521));
#2152=DIRECTION('',(0.,-0.258819045102521,0.965925826289068));
#2153=DIRECTION('',(-1.72555369582573E-15,0.965925826289069,0.258819045102521));
#2154=DIRECTION('',(-1.,-1.66675687944662E-15,-4.46606159826741E-16));
#2155=DIRECTION('',(1.72555369582573E-15,-0.965925826289068,-0.258819045102521));
#2156=DIRECTION('',(0.,0.258819045102521,-0.965925826289068));
#2157=DIRECTION('',(-1.72555369582573E-15,0.965925826289069,0.258819045102521));
#2158=DIRECTION('',(0.,-0.258819045102521,0.965925826289068));
#2159=DIRECTION('',(-1.72555369582573E-15,0.965925826289069,0.258819045102521));
#2160=DIRECTION('',(-1.,-1.66675687944662E-15,-4.46606159826741E-16));
#2161=DIRECTION('',(1.72555369582573E-15,-0.965925826289068,-0.258819045102521));
#2162=DIRECTION('',(0.,0.258819045102521,-0.965925826289068));
#2163=DIRECTION('',(-1.72555369582573E-15,0.965925826289069,0.258819045102521));
#2164=DIRECTION('',(0.,-0.258819045102521,0.965925826289068));
#2165=DIRECTION('',(-1.72555369582573E-15,0.965925826289069,0.258819045102521));
#2166=DIRECTION('',(-1.,-1.66675687944662E-15,-4.46606159826741E-16));
#2167=DIRECTION('',(1.72555369582573E-15,-0.965925826289068,-0.258819045102521));
#2168=DIRECTION('',(0.,0.258819045102521,-0.965925826289068));
#2169=DIRECTION('',(-1.72555369582573E-15,0.965925826289069,0.258819045102521));
#2170=DIRECTION('',(0.,-0.258819045102521,0.965925826289068));
#2171=DIRECTION('',(-1.72555369582573E-15,0.965925826289069,0.258819045102521));
#2172=DIRECTION('',(-1.,-1.66675687944662E-15,-4.46606159826741E-16));
#2173=DIRECTION('',(1.72555369582573E-15,-0.965925826289068,-0.258819045102521));
#2174=DIRECTION('',(0.,0.258819045102521,-0.965925826289068));
#2175=DIRECTION('',(-1.72555369582573E-15,0.965925826289069,0.258819045102521));
#2176=DIRECTION('',(0.,-0.258819045102521,0.965925826289068));
#2177=DIRECTION('',(-1.72555369582573E-15,0.965925826289069,0.258819045102521));
#2178=DIRECTION('',(-1.,-1.66675687944662E-15,-4.46606159826741E-16));
#2179=DIRECTION('',(0.,1.,0.));
#2180=DIRECTION('',(0.,0.,1.));
#2181=DIRECTION('',(0.,0.,1.));
#2182=DIRECTION('',(0.,1.,0.));
#2183=DIRECTION('',(0.,0.,1.));
#2184=DIRECTION('',(0.,0.,1.));
#2185=DIRECTION('',(1.,0.,0.));
#2186=DIRECTION('',(0.,0.,-1.));
#2187=DIRECTION('',(0.,0.,1.));
#2188=DIRECTION('',(1.,0.,0.));
#2189=DIRECTION('',(-0.707106781186547,0.707106781186548,0.));
#2190=DIRECTION('',(-0.707106781186548,-0.707106781186547,0.));
#2191=DIRECTION('',(0.707106781186548,0.707106781186547,0.));
#2192=DIRECTION('',(0.,0.,-1.));
#2193=DIRECTION('',(0.707106781186548,0.707106781186547,0.));
#2194=DIRECTION('',(0.,0.,-1.));
#2195=DIRECTION('',(-1.,-1.15648231731788E-15,0.));
#2196=DIRECTION('',(1.15648231731788E-15,-1.,0.));
#2197=DIRECTION('',(-1.15648231731788E-15,1.,0.));
#2198=DIRECTION('',(0.,0.,-1.));
#2199=DIRECTION('',(-1.15648231731788E-15,1.,0.));
#2200=DIRECTION('',(0.707106781186547,0.707106781186548,0.));
#2201=DIRECTION('',(-0.707106781186548,0.707106781186547,0.));
#2202=DIRECTION('',(0.707106781186548,-0.707106781186547,0.));
#2203=DIRECTION('',(0.,0.,-1.));
#2204=DIRECTION('',(0.707106781186548,-0.707106781186547,0.));
#2205=DIRECTION('',(0.,0.,1.));
#2206=DIRECTION('',(1.,0.,0.));
#2207=DIRECTION('',(-1.,0.,0.));
#2208=DIRECTION('',(0.,1.,0.));
#2209=DIRECTION('',(0.,0.,1.));
#2210=DIRECTION('',(1.,0.,0.));
#2211=DIRECTION('',(0.,1.,0.));
#2212=DIRECTION('',(-1.,0.,0.));
#2213=DIRECTION('',(0.,0.,1.));
#2214=DIRECTION('',(1.,0.,0.));
#2215=DIRECTION('',(0.,1.,0.));
#2216=DIRECTION('',(-1.,0.,0.));
#2217=DIRECTION('',(-1.,0.,0.));
#2218=DIRECTION('',(0.,1.,0.));
#2219=DIRECTION('',(0.,0.,1.));
#2220=DIRECTION('',(1.,0.,0.));
#2221=DIRECTION('',(0.,0.,-1.));
#2222=DIRECTION('',(-1.,0.,0.));
#2223=DIRECTION('',(0.,0.,-1.));
#2224=DIRECTION('',(0.,0.,-1.));
#2225=DIRECTION('',(0.,-1.,0.));
#2226=DIRECTION('',(0.,0.,-1.));
#2227=DIRECTION('',(0.,0.,1.));
#2228=DIRECTION('',(0.,-1.,0.));
#2229=DIRECTION('',(0.,0.,-1.));
#2230=DIRECTION('',(0.,0.,1.));
#2231=DIRECTION('',(1.,0.,0.));
#2232=DIRECTION('',(0.,1.,0.));
#2233=DIRECTION('',(1.,0.,0.));
#2234=DIRECTION('',(0.,1.,0.));
#2235=DIRECTION('',(0.,0.,1.));
#2236=DIRECTION('',(1.,0.,0.));
#2237=DIRECTION('',(0.,0.,1.));
#2238=DIRECTION('',(1.,0.,0.));
#2239=DIRECTION('',(0.,0.,1.));
#2240=DIRECTION('',(1.,0.,0.));
#2241=DIRECTION('',(0.,1.,0.));
#2242=DIRECTION('',(0.,0.,1.));
#2243=DIRECTION('',(1.,0.,0.));
#2244=DIRECTION('',(0.,1.,0.));
#2245=DIRECTION('',(0.,0.,1.));
#2246=DIRECTION('',(1.,0.,0.));
#2247=DIRECTION('',(0.,0.,-1.));
#2248=DIRECTION('',(-1.,0.,0.));
#2249=DIRECTION('',(0.,0.,-1.));
#2250=DIRECTION('',(0.,0.,-1.));
#2251=DIRECTION('',(1.,0.,0.));
#2252=DIRECTION('',(0.,1.,0.));
#2253=DIRECTION('',(0.,0.,1.));
#2254=DIRECTION('',(1.,0.,0.));
#2255=DIRECTION('',(0.707106781186548,-0.707106781186547,0.));
#2256=DIRECTION('',(0.707106781186547,0.707106781186548,0.));
#2257=DIRECTION('',(-0.707106781186547,-0.707106781186548,0.));
#2258=DIRECTION('',(0.,0.,-1.));
#2259=DIRECTION('',(-0.707106781186547,-0.707106781186548,0.));
#2260=DIRECTION('',(0.,0.,-1.));
#2261=DIRECTION('',(1.,0.,0.));
#2262=DIRECTION('',(0.,0.,-1.));
#2263=DIRECTION('',(0.,-1.,0.));
#2264=DIRECTION('',(0.,0.,-1.));
#2265=DIRECTION('',(0.,-1.,0.));
#2266=DIRECTION('',(-0.707106781186548,-0.707106781186547,0.));
#2267=DIRECTION('',(0.707106781186547,-0.707106781186548,0.));
#2268=DIRECTION('',(-0.707106781186547,0.707106781186548,0.));
#2269=DIRECTION('',(0.,0.,-1.));
#2270=DIRECTION('',(-0.707106781186547,0.707106781186548,0.));
#2271=DIRECTION('',(0.707106781186547,0.707106781186548,0.));
#2272=DIRECTION('',(-0.707106781186548,0.707106781186547,0.));
#2273=DIRECTION('',(0.707106781186548,-0.707106781186547,0.));
#2274=DIRECTION('',(0.,0.,-1.));
#2275=DIRECTION('',(0.707106781186548,-0.707106781186547,0.));
#2276=DIRECTION('',(0.,0.,-1.));
#2277=DIRECTION('',(-1.,-1.15648231731788E-15,0.));
#2278=DIRECTION('',(1.15648231731788E-15,-1.,0.));
#2279=DIRECTION('',(-1.15648231731788E-15,1.,0.));
#2280=DIRECTION('',(0.,0.,-1.));
#2281=DIRECTION('',(-1.15648231731788E-15,1.,0.));
#2282=DIRECTION('',(-0.707106781186547,0.707106781186548,0.));
#2283=DIRECTION('',(-0.707106781186548,-0.707106781186547,0.));
#2284=DIRECTION('',(0.707106781186548,0.707106781186547,0.));
#2285=DIRECTION('',(0.,0.,-1.));
#2286=DIRECTION('',(0.707106781186548,0.707106781186547,0.));
#2287=DIRECTION('',(0.,0.,1.));
#2288=DIRECTION('',(1.,0.,0.));
#2289=DIRECTION('',(0.,1.,0.));
#2290=DIRECTION('',(-1.,0.,0.));
#2291=DIRECTION('',(-1.,0.,0.));
#2292=DIRECTION('',(0.,1.,0.));
#2293=DIRECTION('',(-1.,0.,0.));
#2294=DIRECTION('',(-1.,0.,0.));
#2295=DIRECTION('',(0.,0.,1.));
#2296=DIRECTION('',(1.,0.,0.));
#2297=DIRECTION('',(-1.,0.,0.));
#2298=DIRECTION('',(0.,1.,0.));
#2299=DIRECTION('',(-1.,0.,0.));
#2300=DIRECTION('',(-1.,0.,0.));
#2301=DIRECTION('',(0.,1.,0.));
#2302=DIRECTION('',(-1.,0.,0.));
#2303=DIRECTION('',(0.,-1.,0.));
#2304=DIRECTION('',(0.,0.,-1.));
#2305=DIRECTION('',(0.,0.,1.));
#2306=DIRECTION('',(0.,-1.,0.));
#2307=DIRECTION('',(0.,0.,-1.));
#2308=DIRECTION('',(0.,0.,1.));
#2309=DIRECTION('',(0.,-1.,0.));
#2310=DIRECTION('',(0.,0.,-1.));
#2311=DIRECTION('',(0.,0.,1.));
#2312=DIRECTION('',(0.,-1.,0.));
#2313=DIRECTION('',(0.,0.,-1.));
#2314=DIRECTION('',(0.,0.,1.));
#2315=DIRECTION('',(1.,0.,0.));
#2316=DIRECTION('',(0.,1.,0.));
#2317=DIRECTION('',(1.,0.,0.));
#2318=DIRECTION('',(0.,1.,0.));
#2319=CARTESIAN_POINT('',(0.,0.,0.));
#2320=CARTESIAN_POINT('',(-8.01074908738408E-19,0.0784262975050256,0.0543271931858914));
#2321=CARTESIAN_POINT('',(0.,0.0744262975050256,0.0543271931858914));
#2322=CARTESIAN_POINT('',(0.,0.0744262975050256,0.0543271931858914));
#2323=CARTESIAN_POINT('',(0.,0.0744262975050256,0.0533271931858914));
#2324=CARTESIAN_POINT('',(-8.01074908738408E-19,0.0784262975050256,0.0543271931858914));
#2325=CARTESIAN_POINT('',(0.,0.0824262975050256,0.0543271931858914));
#2326=CARTESIAN_POINT('',(0.,0.0824262975050256,0.0543271931858914));
#2327=CARTESIAN_POINT('',(0.,0.0824262975050256,0.0533271931858914));
#2328=CARTESIAN_POINT('',(-8.01074908738408E-19,0.0784262975050256,0.0533271931858914));
#2329=CARTESIAN_POINT('',(-2.06139236715708E-18,0.0784262975050256,0.0543271931858914));
#2330=CARTESIAN_POINT('',(-2.06139236715708E-18,0.0784262975050256,0.0543271931858914));
#2331=CARTESIAN_POINT('',(0.,0.0654262975050256,0.0543271931858914));
#2332=CARTESIAN_POINT('',(0.,0.0914262975050256,0.0543271931858914));
#2333=CARTESIAN_POINT('',(0.,0.0654262975050256,0.0543271931858914));
#2334=CARTESIAN_POINT('',(0.,0.0654262975050256,0.0533271931858914));
#2335=CARTESIAN_POINT('',(-2.06139236715708E-18,0.0784262975050256,0.0533271931858914));
#2336=CARTESIAN_POINT('',(0.,0.0914262975050256,0.0533271931858914));
#2337=CARTESIAN_POINT('',(0.,0.0914262975050256,0.0543271931858914));
#2338=CARTESIAN_POINT('',(0.,0.0774262975050256,0.0543271931858914));
#2339=CARTESIAN_POINT('',(0.,0.0774262975050256,0.0543271931858914));
#2340=CARTESIAN_POINT('',(0.,0.0774262975050256,0.0543271931858914));
#2341=CARTESIAN_POINT('',(0.,0.0774262975050256,0.0533271931858914));
#2342=CARTESIAN_POINT('',(0.,0.0774262975050256,0.0533271931858914));
#2343=CARTESIAN_POINT('',(0.,0.0774262975050256,0.0533271931858914));
#2344=CARTESIAN_POINT('',(0.,0.,0.));
#2345=CARTESIAN_POINT('',(0.,0.,0.));
#2346=CARTESIAN_POINT('',(0.,0.,0.));
#2347=CARTESIAN_POINT('',(0.,0.,0.));
#2348=CARTESIAN_POINT('',(0.,0.0584262975050257,0.0496012676958767));
#2349=CARTESIAN_POINT('',(0.,0.0584262975050257,0.0468512676958767));
#2350=CARTESIAN_POINT('',(0.,0.0684262975050257,0.0496012676958767));
#2351=CARTESIAN_POINT('',(0.,0.0684262975050257,0.0468512676958767));
#2352=CARTESIAN_POINT('',(0.,0.0784262975050257,0.0496012676958767));
#2353=CARTESIAN_POINT('',(0.,0.0784262975050257,0.0468512676958767));
#2354=CARTESIAN_POINT('',(0.,0.0884262975050257,0.0496012676958767));
#2355=CARTESIAN_POINT('',(0.,0.0884262975050257,0.0468512676958767));
#2356=CARTESIAN_POINT('',(0.,0.0984262975050257,0.0496012676958767));
#2357=CARTESIAN_POINT('',(0.,0.0984262975050257,0.0468512676958767));
#2358=CARTESIAN_POINT('',(0.,0.0774262975050256,0.0533271931858914));
#2359=CARTESIAN_POINT('',(0.,0.0569262975050256,0.0533271931858914));
#2360=CARTESIAN_POINT('',(0.,0.0999262975050256,0.0533271931858914));
#2361=CARTESIAN_POINT('',(0.,0.0999262975050256,0.));
#2362=CARTESIAN_POINT('',(0.,0.0999262975050256,0.0543271931858914));
#2363=CARTESIAN_POINT('',(0.,0.0774262975050256,0.0543271931858914));
#2364=CARTESIAN_POINT('',(0.,0.1025,0.0543271931858914));
#2365=CARTESIAN_POINT('',(0.,0.1025,0.022937671102931));
#2366=CARTESIAN_POINT('',(0.,0.1025,0.014));
#2367=CARTESIAN_POINT('',(0.,0.,0.014));
#2368=CARTESIAN_POINT('',(3.29499331839584E-24,0.1,0.014));
#2369=CARTESIAN_POINT('',(0.,0.1,0.));
#2370=CARTESIAN_POINT('',(0.,0.1,0.045875342205862));
#2371=CARTESIAN_POINT('',(0.,0.0740586308273491,0.045875342205862));
#2372=CARTESIAN_POINT('',(0.,0.0546172616546983,0.045875342205862));
#2373=CARTESIAN_POINT('',(0.,0.0523525950100512,0.0543271931858914));
#2374=CARTESIAN_POINT('',(0.,0.0523525950100512,0.0543271931858914));
#2375=CARTESIAN_POINT('',(0.,0.0774262975050256,0.0543271931858914));
#2376=CARTESIAN_POINT('',(0.,0.0569262975050256,0.0543271931858914));
#2377=CARTESIAN_POINT('',(0.,0.0569262975050256,0.));
#2378=CARTESIAN_POINT('',(-0.177502,0.0774262975050256,0.0543271931858914));
#2379=CARTESIAN_POINT('',(-0.01075,0.0999262975050256,0.0543271931858914));
#2380=CARTESIAN_POINT('',(0.0215,0.0999262975050256,0.0543271931858914));
#2381=CARTESIAN_POINT('',(0.0215,0.0784262975050256,0.0543271931858914));
#2382=CARTESIAN_POINT('',(0.0215,0.0569262975050256,0.0543271931858914));
#2383=CARTESIAN_POINT('',(-0.01075,0.0569262975050256,0.0543271931858914));
#2384=CARTESIAN_POINT('',(-0.177502,0.0523525950100512,0.0543271931858914));
#2385=CARTESIAN_POINT('',(0.1775,0.0523525950100512,0.0543271931858914));
#2386=CARTESIAN_POINT('',(0.1775,0.0774262975050256,0.0543271931858914));
#2387=CARTESIAN_POINT('',(0.1775,0.1025,0.0543271931858914));
#2388=CARTESIAN_POINT('',(-0.177502,0.1025,0.0543271931858914));
#2389=CARTESIAN_POINT('',(-0.177502,0.0551996045061786,0.0543271931858914));
#2390=CARTESIAN_POINT('',(0.0160263496721588,0.0551996045061789,0.0543271931858914));
#2391=CARTESIAN_POINT('',(0.0144736503278411,0.0551996045061789,0.0543271931858914));
#2392=CARTESIAN_POINT('',(0.01525,0.0653925936649537,0.0543271931858914));
#2393=CARTESIAN_POINT('',(-0.177502,0.0551996045061786,0.0543271931858914));
#2394=CARTESIAN_POINT('',(0.0312763496721588,0.0551996045061789,0.0543271931858914));
#2395=CARTESIAN_POINT('',(0.0297236503278412,0.0551996045061789,0.0543271931858914));
#2396=CARTESIAN_POINT('',(0.0305,0.0653925936649537,0.0543271931858914));
#2397=CARTESIAN_POINT('',(-0.177502,0.0551996045061786,0.0543271931858914));
#2398=CARTESIAN_POINT('',(0.0465263496721589,0.055199604506179,0.0543271931858914));
#2399=CARTESIAN_POINT('',(0.0449736503278411,0.055199604506179,0.0543271931858914));
#2400=CARTESIAN_POINT('',(0.04575,0.0653925936649537,0.0543271931858914));
#2401=CARTESIAN_POINT('',(-0.177502,0.0551996045061786,0.0543271931858914));
#2402=CARTESIAN_POINT('',(0.0617763496721589,0.055199604506179,0.0543271931858914));
#2403=CARTESIAN_POINT('',(0.0602236503278411,0.055199604506179,0.0543271931858914));
#2404=CARTESIAN_POINT('',(0.061,0.0653925936649537,0.0543271931858914));
#2405=CARTESIAN_POINT('',(-0.177502,0.0551996045061786,0.0543271931858914));
#2406=CARTESIAN_POINT('',(0.0770263496721589,0.055199604506179,0.0543271931858914));
#2407=CARTESIAN_POINT('',(0.0754736503278411,0.055199604506179,0.0543271931858914));
#2408=CARTESIAN_POINT('',(0.07625,0.0653925936649537,0.0543271931858914));
#2409=CARTESIAN_POINT('',(-0.177502,0.0551996045061786,0.0543271931858914));
#2410=CARTESIAN_POINT('',(0.0922763496721589,0.055199604506179,0.0543271931858914));
#2411=CARTESIAN_POINT('',(0.090723650327841,0.055199604506179,0.0543271931858914));
#2412=CARTESIAN_POINT('',(0.0915,0.0653925936649537,0.0543271931858914));
#2413=CARTESIAN_POINT('',(-0.177502,0.0551996045061786,0.0543271931858914));
#2414=CARTESIAN_POINT('',(0.107526349672159,0.0551996045061791,0.0543271931858914));
#2415=CARTESIAN_POINT('',(0.105973650327841,0.0551996045061791,0.0543271931858914));
#2416=CARTESIAN_POINT('',(0.10675,0.0653925936649537,0.0543271931858914));
#2417=CARTESIAN_POINT('',(-0.177502,0.0551996045061786,0.0543271931858914));
#2418=CARTESIAN_POINT('',(0.122776349672159,0.0551996045061791,0.0543271931858914));
#2419=CARTESIAN_POINT('',(0.121223650327841,0.0551996045061791,0.0543271931858914));
#2420=CARTESIAN_POINT('',(0.122,0.0653925936649537,0.0543271931858914));
#2421=CARTESIAN_POINT('',(-0.177502,0.0551996045061786,0.0543271931858914));
#2422=CARTESIAN_POINT('',(0.138026349672159,0.0551996045061791,0.0543271931858914));
#2423=CARTESIAN_POINT('',(0.136473650327841,0.0551996045061791,0.0543271931858914));
#2424=CARTESIAN_POINT('',(0.13725,0.0653925936649537,0.0543271931858914));
#2425=CARTESIAN_POINT('',(-0.177502,0.0551996045061786,0.0543271931858914));
#2426=CARTESIAN_POINT('',(0.153276349672159,0.0551996045061792,0.0543271931858914));
#2427=CARTESIAN_POINT('',(0.151723650327841,0.0551996045061792,0.0543271931858914));
#2428=CARTESIAN_POINT('',(0.1525,0.0653925936649537,0.0543271931858914));
#2429=CARTESIAN_POINT('',(-0.177502,0.0551996045061786,0.0543271931858914));
#2430=CARTESIAN_POINT('',(0.168526349672159,0.0551996045061792,0.0543271931858914));
#2431=CARTESIAN_POINT('',(0.166973650327841,0.0551996045061792,0.0543271931858914));
#2432=CARTESIAN_POINT('',(0.16775,0.0653925936649537,0.0543271931858914));
#2433=CARTESIAN_POINT('',(-2.77555756156289E-17,0.098,0.014));
#2434=CARTESIAN_POINT('',(0.02,0.10125,0.014));
#2435=CARTESIAN_POINT('',(0.02,0.1,0.014));
#2436=CARTESIAN_POINT('',(0.02,0.1025,0.014));
#2437=CARTESIAN_POINT('',(-2.79859123427295E-17,0.1,0.014));
#2438=CARTESIAN_POINT('',(-0.177502,0.1025,0.014));
#2439=CARTESIAN_POINT('',(0.02,0.10125,0.014));
#2440=CARTESIAN_POINT('',(0.02,0.10125,1.7347234759768E-18));
#2441=CARTESIAN_POINT('',(0.02,0.1,1.7347234759768E-18));
#2442=CARTESIAN_POINT('',(0.02,0.1025,0.));
#2443=CARTESIAN_POINT('',(0.02,0.1,0.014));
#2444=CARTESIAN_POINT('',(0.02,0.1025,0.014));
#2445=CARTESIAN_POINT('',(0.038,0.09675,0.008));
#2446=CARTESIAN_POINT('',(0.038,0.1,0.008));
#2447=CARTESIAN_POINT('',(0.038,0.1,1.7347234759768E-18));
#2448=CARTESIAN_POINT('',(0.038,0.1,0.008));
#2449=CARTESIAN_POINT('',(0.038,0.09675,1.7347234759768E-18));
#2450=CARTESIAN_POINT('',(0.038,0.1025,0.));
#2451=CARTESIAN_POINT('',(0.038,0.1025,0.008));
#2452=CARTESIAN_POINT('',(0.038,0.1025,0.008));
#2453=CARTESIAN_POINT('',(0.038,0.09675,0.008));
#2454=CARTESIAN_POINT('',(0.053,0.09675,0.008));
#2455=CARTESIAN_POINT('',(0.053,0.1,0.008));
#2456=CARTESIAN_POINT('',(0.053,0.1,0.008));
#2457=CARTESIAN_POINT('',(0.053,0.1,1.7347234759768E-18));
#2458=CARTESIAN_POINT('',(0.053,0.09675,0.008));
#2459=CARTESIAN_POINT('',(0.053,0.1025,0.008));
#2460=CARTESIAN_POINT('',(0.053,0.1025,0.008));
#2461=CARTESIAN_POINT('',(0.053,0.1025,0.));
#2462=CARTESIAN_POINT('',(0.053,0.09675,1.7347234759768E-18));
#2463=CARTESIAN_POINT('',(-2.77555756156289E-17,0.098,0.008));
#2464=CARTESIAN_POINT('',(-2.79859123427295E-17,0.1,0.008));
#2465=CARTESIAN_POINT('',(-0.177502,0.1025,0.008));
#2466=CARTESIAN_POINT('',(-0.177502,-0.0643117333157176,1.7347234759768E-18));
#2467=CARTESIAN_POINT('',(0.11325,0.1,1.7347234759768E-18));
#2468=CARTESIAN_POINT('',(-0.177502,0.1025,0.));
#2469=CARTESIAN_POINT('',(-0.177502,-0.0643117333157176,1.7347234759768E-18));
#2470=CARTESIAN_POINT('',(0.1735,0.09675,1.7347234759768E-18));
#2471=CARTESIAN_POINT('',(0.1735,0.1,1.7347234759768E-18));
#2472=CARTESIAN_POINT('',(0.1735,0.0935,2.16840434497101E-18));
#2473=CARTESIAN_POINT('',(0.11325,0.1,1.7347234759768E-18));
#2474=CARTESIAN_POINT('',(-0.177502,0.1025,0.));
#2475=CARTESIAN_POINT('',(0.1775,0.1025,0.));
#2476=CARTESIAN_POINT('',(0.1775,-0.0643117333157176,1.7347234759768E-18));
#2477=CARTESIAN_POINT('',(0.1775,0.0935,2.60208521396521E-18));
#2478=CARTESIAN_POINT('',(-0.177502,0.0935,2.60208521396521E-18));
#2479=CARTESIAN_POINT('',(-0.177502,0.1025,0.022937671102931));
#2480=CARTESIAN_POINT('',(0.1775,0.1025,0.022937671102931));
#2481=CARTESIAN_POINT('',(0.1775,0.0181882666842823,0.0271635965929457));
#2482=CARTESIAN_POINT('',(0.1775,0.0574262975050256,0.0501012676958767));
#2483=CARTESIAN_POINT('',(0.1775,0.0601762975050256,0.0501012676958767));
#2484=CARTESIAN_POINT('',(0.1775,0.0674262975050256,0.0501012676958767));
#2485=CARTESIAN_POINT('',(0.1775,0.0701762975050256,0.0501012676958767));
#2486=CARTESIAN_POINT('',(0.1775,0.0774262975050256,0.0501012676958767));
#2487=CARTESIAN_POINT('',(0.1775,0.0801762975050256,0.0501012676958767));
#2488=CARTESIAN_POINT('',(0.1775,0.0874262975050256,0.0501012676958767));
#2489=CARTESIAN_POINT('',(0.1775,0.0901762975050256,0.0501012676958767));
#2490=CARTESIAN_POINT('',(0.1775,0.0974262975050256,0.0501012676958767));
#2491=CARTESIAN_POINT('',(0.1775,0.100176297505026,0.0501012676958767));
#2492=CARTESIAN_POINT('',(0.1775,0.0974262975050256,0.0401012676958767));
#2493=CARTESIAN_POINT('',(0.1775,0.100176297505026,0.0401012676958767));
#2494=CARTESIAN_POINT('',(0.1775,0.0974262975050256,0.0301012676958767));
#2495=CARTESIAN_POINT('',(0.1775,0.100176297505026,0.0301012676958767));
#2496=CARTESIAN_POINT('',(0.1775,0.0523525950100512,0.0543271931858914));
#2497=CARTESIAN_POINT('',(0.1775,0.0546172616546983,0.045875342205862));
#2498=CARTESIAN_POINT('',(0.1775,0.0740586308273491,0.045875342205862));
#2499=CARTESIAN_POINT('',(0.1775,0.0935,0.045875342205862));
#2500=CARTESIAN_POINT('',(0.1775,0.0935,0.022937671102931));
#2501=CARTESIAN_POINT('',(0.,0.0774262975050256,0.0533271931858914));
#2502=CARTESIAN_POINT('',(-0.01075,0.0569262975050256,0.0533271931858914));
#2503=CARTESIAN_POINT('',(0.0215,0.0569262975050256,0.0533271931858914));
#2504=CARTESIAN_POINT('',(0.0215,0.0784262975050256,0.0533271931858914));
#2505=CARTESIAN_POINT('',(0.0215,0.0999262975050256,0.0533271931858914));
#2506=CARTESIAN_POINT('',(-0.01075,0.0999262975050256,0.0533271931858914));
#2507=CARTESIAN_POINT('',(-0.177502,0.0523525950100512,0.0543271931858914));
#2508=CARTESIAN_POINT('',(0.16775,0.0532261092872722,0.0510671935221657));
#2509=CARTESIAN_POINT('',(0.16775,0.0525143569132403,0.0537234895444606));
#2510=CARTESIAN_POINT('',(0.1525,0.0532261092872722,0.0510671935221657));
#2511=CARTESIAN_POINT('',(0.1525,0.0525143569132403,0.0537234895444606));
#2512=CARTESIAN_POINT('',(0.13725,0.0532261092872722,0.0510671935221657));
#2513=CARTESIAN_POINT('',(0.13725,0.0525143569132403,0.0537234895444606));
#2514=CARTESIAN_POINT('',(0.122,0.0532261092872722,0.0510671935221657));
#2515=CARTESIAN_POINT('',(0.122,0.0525143569132403,0.0537234895444606));
#2516=CARTESIAN_POINT('',(0.10675,0.0532261092872722,0.0510671935221657));
#2517=CARTESIAN_POINT('',(0.10675,0.0525143569132403,0.0537234895444606));
#2518=CARTESIAN_POINT('',(0.0915,0.0532261092872722,0.0510671935221657));
#2519=CARTESIAN_POINT('',(0.0915,0.0525143569132403,0.0537234895444606));
#2520=CARTESIAN_POINT('',(0.07625,0.0532261092872722,0.0510671935221657));
#2521=CARTESIAN_POINT('',(0.07625,0.0525143569132403,0.0537234895444606));
#2522=CARTESIAN_POINT('',(0.061,0.0532261092872722,0.0510671935221657));
#2523=CARTESIAN_POINT('',(0.061,0.0525143569132403,0.0537234895444606));
#2524=CARTESIAN_POINT('',(0.04575,0.0532261092872722,0.0510671935221657));
#2525=CARTESIAN_POINT('',(0.04575,0.0525143569132403,0.0537234895444606));
#2526=CARTESIAN_POINT('',(0.0305,0.0532261092872722,0.0510671935221657));
#2527=CARTESIAN_POINT('',(0.0305,0.0525143569132403,0.0537234895444606));
#2528=CARTESIAN_POINT('',(0.01525,0.0532261092872722,0.0510671935221657));
#2529=CARTESIAN_POINT('',(0.01525,0.0525143569132403,0.0537234895444606));
#2530=CARTESIAN_POINT('',(-0.177502,0.0546172616546983,0.045875342205862));
#2531=CARTESIAN_POINT('',(-0.177502,0.0740586308273491,0.045875342205862));
#2532=CARTESIAN_POINT('',(0.11325,0.1,0.045875342205862));
#2533=CARTESIAN_POINT('',(0.1735,0.1,0.045875342205862));
#2534=CARTESIAN_POINT('',(0.1735,0.09675,0.045875342205862));
#2535=CARTESIAN_POINT('',(0.1735,0.0935,0.045875342205862));
#2536=CARTESIAN_POINT('',(-0.177502,0.0935,0.045875342205862));
#2537=CARTESIAN_POINT('',(-0.177502,0.0935,0.022937671102931));
#2538=CARTESIAN_POINT('',(0.1735,0.0935,0.045877342205862));
#2539=CARTESIAN_POINT('',(0.11325,0.1,0.045877342205862));
#2540=CARTESIAN_POINT('',(0.1735,0.1,0.045877342205862));
#2541=CARTESIAN_POINT('',(0.1735,0.09675,0.045877342205862));
#2542=CARTESIAN_POINT('',(0.17475,0.0974262975050256,0.0301012676958767));
#2543=CARTESIAN_POINT('',(0.17475,0.0974262975050256,0.0301012676958767));
#2544=CARTESIAN_POINT('',(0.17475,0.100176297505026,0.0301012676958767));
#2545=CARTESIAN_POINT('',(0.17475,0.0281514154367952,0.0271635965929457));
#2546=CARTESIAN_POINT('',(0.17475,0.0974262975050256,0.0401012676958767));
#2547=CARTESIAN_POINT('',(0.17475,0.0974262975050256,0.0401012676958767));
#2548=CARTESIAN_POINT('',(0.17475,0.100176297505026,0.0401012676958767));
#2549=CARTESIAN_POINT('',(0.17475,0.0281514154367952,0.0271635965929457));
#2550=CARTESIAN_POINT('',(0.17475,0.0974262975050256,0.0501012676958767));
#2551=CARTESIAN_POINT('',(0.17475,0.0974262975050256,0.0501012676958767));
#2552=CARTESIAN_POINT('',(0.17475,0.100176297505026,0.0501012676958767));
#2553=CARTESIAN_POINT('',(0.17475,0.0774262975050256,0.0501012676958767));
#2554=CARTESIAN_POINT('',(0.17475,0.0874262975050256,0.0501012676958767));
#2555=CARTESIAN_POINT('',(0.17475,0.0874262975050256,0.0501012676958767));
#2556=CARTESIAN_POINT('',(0.17475,0.0901762975050256,0.0501012676958767));
#2557=CARTESIAN_POINT('',(0.17475,0.0774262975050256,0.0501012676958767));
#2558=CARTESIAN_POINT('',(0.17475,0.0774262975050256,0.0501012676958767));
#2559=CARTESIAN_POINT('',(0.17475,0.0774262975050256,0.0501012676958767));
#2560=CARTESIAN_POINT('',(0.17475,0.0801762975050256,0.0501012676958767));
#2561=CARTESIAN_POINT('',(0.17475,0.0281514154367952,0.0271635965929457));
#2562=CARTESIAN_POINT('',(0.17475,0.0674262975050256,0.0501012676958767));
#2563=CARTESIAN_POINT('',(0.17475,0.0674262975050256,0.0501012676958767));
#2564=CARTESIAN_POINT('',(0.17475,0.0701762975050256,0.0501012676958767));
#2565=CARTESIAN_POINT('',(0.17475,0.0774262975050256,0.0501012676958767));
#2566=CARTESIAN_POINT('',(0.17475,0.0574262975050256,0.0501012676958767));
#2567=CARTESIAN_POINT('',(0.17475,0.0574262975050256,0.0501012676958767));
#2568=CARTESIAN_POINT('',(0.17475,0.0601762975050256,0.0501012676958767));
#2569=CARTESIAN_POINT('',(0.17475,0.0774262975050256,0.0501012676958767));
#2570=CARTESIAN_POINT('',(0.00275,0.0584262975050257,0.0496012676958767));
#2571=CARTESIAN_POINT('',(0.00275,0.0584262975050257,0.0496012676958767));
#2572=CARTESIAN_POINT('',(0.00275,0.0584262975050257,0.0523512676958767));
#2573=CARTESIAN_POINT('',(0.00275,0.0774262975050256,0.0341635965929457));
#2574=CARTESIAN_POINT('',(0.00275,0.0684262975050257,0.0496012676958767));
#2575=CARTESIAN_POINT('',(0.00275,0.0684262975050257,0.0496012676958767));
#2576=CARTESIAN_POINT('',(0.00275,0.0684262975050257,0.0523512676958767));
#2577=CARTESIAN_POINT('',(0.00275,0.0774262975050256,0.0341635965929457));
#2578=CARTESIAN_POINT('',(0.00275,0.0784262975050257,0.0496012676958767));
#2579=CARTESIAN_POINT('',(0.00275,0.0784262975050257,0.0496012676958767));
#2580=CARTESIAN_POINT('',(0.00275,0.0784262975050257,0.0523512676958767));
#2581=CARTESIAN_POINT('',(0.00275,0.0774262975050256,0.0341635965929457));
#2582=CARTESIAN_POINT('',(0.00275,0.0884262975050257,0.0496012676958767));
#2583=CARTESIAN_POINT('',(0.00275,0.0884262975050257,0.0496012676958767));
#2584=CARTESIAN_POINT('',(0.00275,0.0884262975050257,0.0523512676958767));
#2585=CARTESIAN_POINT('',(0.00275,0.0774262975050256,0.0341635965929457));
#2586=CARTESIAN_POINT('',(0.00275,0.0984262975050257,0.0496012676958767));
#2587=CARTESIAN_POINT('',(0.00275,0.0984262975050257,0.0496012676958767));
#2588=CARTESIAN_POINT('',(0.00275,0.0984262975050257,0.0523512676958767));
#2589=CARTESIAN_POINT('',(0.00275,0.0774262975050256,0.0341635965929457));
#2590=CARTESIAN_POINT('',(0.01525,0.0558824053095671,0.0517789458961977));
#2591=CARTESIAN_POINT('',(0.01525,0.0558824053095671,0.0517789458961977));
#2592=CARTESIAN_POINT('',(-2.15123677753845E-17,0.0561412243546696,0.0508130200699086));
#2593=CARTESIAN_POINT('',(0.0305,0.0558824053095672,0.0517789458961977));
#2594=CARTESIAN_POINT('',(0.0305,0.0558824053095672,0.0517789458961977));
#2595=CARTESIAN_POINT('',(-2.15123677753845E-17,0.0561412243546696,0.0508130200699086));
#2596=CARTESIAN_POINT('',(0.04575,0.0558824053095672,0.0517789458961977));
#2597=CARTESIAN_POINT('',(0.04575,0.0558824053095672,0.0517789458961977));
#2598=CARTESIAN_POINT('',(-2.15123677753845E-17,0.0561412243546696,0.0508130200699086));
#2599=CARTESIAN_POINT('',(0.061,0.0558824053095672,0.0517789458961977));
#2600=CARTESIAN_POINT('',(0.061,0.0558824053095672,0.0517789458961977));
#2601=CARTESIAN_POINT('',(-2.15123677753845E-17,0.0561412243546696,0.0508130200699086));
#2602=CARTESIAN_POINT('',(0.07625,0.0558824053095672,0.0517789458961977));
#2603=CARTESIAN_POINT('',(0.07625,0.0558824053095672,0.0517789458961977));
#2604=CARTESIAN_POINT('',(-2.15123677753845E-17,0.0561412243546696,0.0508130200699086));
#2605=CARTESIAN_POINT('',(0.0915,0.0558824053095673,0.0517789458961977));
#2606=CARTESIAN_POINT('',(0.0915,0.0558824053095673,0.0517789458961977));
#2607=CARTESIAN_POINT('',(-2.15123677753845E-17,0.0561412243546696,0.0508130200699086));
#2608=CARTESIAN_POINT('',(0.10675,0.0558824053095673,0.0517789458961977));
#2609=CARTESIAN_POINT('',(0.10675,0.0558824053095673,0.0517789458961977));
#2610=CARTESIAN_POINT('',(-2.15123677753845E-17,0.0561412243546696,0.0508130200699086));
#2611=CARTESIAN_POINT('',(0.122,0.0558824053095673,0.0517789458961977));
#2612=CARTESIAN_POINT('',(0.122,0.0558824053095673,0.0517789458961977));
#2613=CARTESIAN_POINT('',(-2.15123677753845E-17,0.0561412243546696,0.0508130200699086));
#2614=CARTESIAN_POINT('',(0.13725,0.0558824053095673,0.0517789458961977));
#2615=CARTESIAN_POINT('',(0.13725,0.0558824053095673,0.0517789458961977));
#2616=CARTESIAN_POINT('',(-2.15123677753845E-17,0.0561412243546696,0.0508130200699086));
#2617=CARTESIAN_POINT('',(0.1525,0.0558824053095674,0.0517789458961977));
#2618=CARTESIAN_POINT('',(0.1525,0.0558824053095674,0.0517789458961977));
#2619=CARTESIAN_POINT('',(-2.15123677753845E-17,0.0561412243546696,0.0508130200699086));
#2620=CARTESIAN_POINT('',(0.16775,0.0558824053095674,0.0517789458961977));
#2621=CARTESIAN_POINT('',(0.16775,0.0558824053095674,0.0517789458961977));
#2622=CARTESIAN_POINT('',(-2.15123677753845E-17,0.0561412243546696,0.0508130200699086));
#2623=CARTESIAN_POINT('',(-0.01075,0.0999262975050256,0.0533271931858914));
#2624=CARTESIAN_POINT('',(0.0215,0.0999262975050256,0.0533271931858914));
#2625=CARTESIAN_POINT('',(-0.01075,0.0569262975050256,0.0533271931858914));
#2626=CARTESIAN_POINT('',(0.0215,0.0569262975050256,0.0533271931858914));
#2627=CARTESIAN_POINT('',(0.0215,0.0784262975050256,0.0533271931858914));
#2628=CARTESIAN_POINT('',(0.,0.,0.));
#2629=CARTESIAN_POINT('',(0.012,0.0664262975050257,0.0543271931858914));
#2630=CARTESIAN_POINT('',(0.012,0.0664262975050257,0.0533271931858914));
#2631=CARTESIAN_POINT('',(0.009,0.0634262975050257,0.0533271931858914));
#2632=CARTESIAN_POINT('',(0.015,0.0694262975050257,0.0533271931858914));
#2633=CARTESIAN_POINT('',(0.015,0.0694262975050257,0.0543271931858914));
#2634=CARTESIAN_POINT('',(0.015,0.0694262975050257,0.0543271931858914));
#2635=CARTESIAN_POINT('',(0.012,0.0664262975050257,0.0543271931858914));
#2636=CARTESIAN_POINT('',(0.009,0.0634262975050257,0.0543271931858914));
#2637=CARTESIAN_POINT('',(0.009,0.0634262975050257,0.0543271931858914));
#2638=CARTESIAN_POINT('',(0.015,0.0739262975050257,0.0543271931858914));
#2639=CARTESIAN_POINT('',(0.015,0.0739262975050257,0.0533271931858914));
#2640=CARTESIAN_POINT('',(0.015,0.0874262975050256,0.0533271931858914));
#2641=CARTESIAN_POINT('',(0.015,0.0874262975050256,0.0543271931858914));
#2642=CARTESIAN_POINT('',(0.015,0.0874262975050256,0.0543271931858914));
#2643=CARTESIAN_POINT('',(0.015,0.0739262975050257,0.0543271931858914));
#2644=CARTESIAN_POINT('',(0.012,0.0904262975050256,0.0543271931858914));
#2645=CARTESIAN_POINT('',(0.012,0.0904262975050256,0.0533271931858914));
#2646=CARTESIAN_POINT('',(0.009,0.0934262975050256,0.0533271931858914));
#2647=CARTESIAN_POINT('',(0.009,0.0934262975050256,0.0543271931858914));
#2648=CARTESIAN_POINT('',(0.009,0.0934262975050256,0.0543271931858914));
#2649=CARTESIAN_POINT('',(0.012,0.0904262975050256,0.0543271931858914));
#2650=CARTESIAN_POINT('',(0.,0.0774262975050256,0.0533271931858914));
#2651=CARTESIAN_POINT('',(-0.0045,0.0634262975050257,0.0533271931858914));
#2652=CARTESIAN_POINT('',(0.,0.0634262975050257,0.0533271931858914));
#2653=CARTESIAN_POINT('',(0.,0.0774262975050256,0.0533271931858914));
#2654=CARTESIAN_POINT('',(0.,0.0654262975050256,0.0533271931858914));
#2655=CARTESIAN_POINT('',(3.98010209722885E-19,0.0784262975050256,0.0533271931858914));
#2656=CARTESIAN_POINT('',(0.,0.0914262975050256,0.0533271931858914));
#2657=CARTESIAN_POINT('',(0.,0.0774262975050256,0.0533271931858914));
#2658=CARTESIAN_POINT('',(0.,0.0934262975050257,0.0533271931858914));
#2659=CARTESIAN_POINT('',(-0.0045,0.0934262975050257,0.0533271931858914));
#2660=CARTESIAN_POINT('',(0.,0.0774262975050256,0.0543271931858914));
#2661=CARTESIAN_POINT('',(0.,0.0774262975050256,0.0543271931858914));
#2662=CARTESIAN_POINT('',(0.,0.0634262975050257,0.0543271931858914));
#2663=CARTESIAN_POINT('',(0.,0.0654262975050256,0.0543271931858914));
#2664=CARTESIAN_POINT('',(-0.0045,0.0634262975050257,0.0543271931858914));
#2665=CARTESIAN_POINT('',(-0.0045,0.0934262975050257,0.0543271931858914));
#2666=CARTESIAN_POINT('',(0.,0.0934262975050257,0.0543271931858914));
#2667=CARTESIAN_POINT('',(0.,0.0774262975050256,0.0543271931858914));
#2668=CARTESIAN_POINT('',(0.,0.0914262975050256,0.0543271931858914));
#2669=CARTESIAN_POINT('',(3.98010209722885E-19,0.0784262975050256,0.0543271931858914));
#2670=CARTESIAN_POINT('',(3.98010209722885E-19,0.0784262975050256,0.0543271931858914));
#2671=CARTESIAN_POINT('',(0.,0.0654262975050256,0.0543271931858914));
#2672=CARTESIAN_POINT('',(0.,0.0914262975050256,0.0543271931858914));
#2673=CARTESIAN_POINT('',(-0.0045,0.0634262975050257,0.0543271931858914));
#2674=CARTESIAN_POINT('',(0.,0.0634262975050257,0.0543271931858914));
#2675=CARTESIAN_POINT('',(-0.0045,0.0934262975050257,0.0543271931858914));
#2676=CARTESIAN_POINT('',(0.,0.0934262975050257,0.0543271931858914));
#2677=CARTESIAN_POINT('',(0.,0.,0.));
#2678=CARTESIAN_POINT('',(0.,0.,0.));
#2679=CARTESIAN_POINT('',(0.,0.,0.));
#2680=CARTESIAN_POINT('',(0.,0.0774262975050256,0.0533271931858914));
#2681=CARTESIAN_POINT('',(-2.34323516202229E-17,0.0784262975050256,0.0533271931858914));
#2682=CARTESIAN_POINT('',(0.,0.0744262975050256,0.0533271931858914));
#2683=CARTESIAN_POINT('',(0.,0.0824262975050256,0.0533271931858914));
#2684=CARTESIAN_POINT('',(0.,0.0774262975050256,0.0533271931858914));
#2685=CARTESIAN_POINT('',(0.,0.0774262975050256,0.0543271931858914));
#2686=CARTESIAN_POINT('',(0.,0.0774262975050256,0.0543271931858914));
#2687=CARTESIAN_POINT('',(0.,0.0744262975050256,0.0543271931858914));
#2688=CARTESIAN_POINT('',(0.,0.0824262975050256,0.0543271931858914));
#2689=CARTESIAN_POINT('',(-2.34323516202229E-17,0.0784262975050256,0.0543271931858914));
#2690=CARTESIAN_POINT('',(-2.34323516202229E-17,0.0784262975050256,0.0543271931858914));
#2691=CARTESIAN_POINT('',(0.,0.0744262975050256,0.0543271931858914));
#2692=CARTESIAN_POINT('',(0.,0.0824262975050256,0.0543271931858914));
#2693=CARTESIAN_POINT('',(0.,0.,0.));
#2694=CARTESIAN_POINT('',(0.,0.,0.));
#2695=CARTESIAN_POINT('',(0.016,0.0624262975050257,0.0543271931858914));
#2696=CARTESIAN_POINT('',(0.016,0.0624262975050257,0.0533271931858914));
#2697=CARTESIAN_POINT('',(0.02,0.0664262975050257,0.0533271931858914));
#2698=CARTESIAN_POINT('',(0.012,0.0584262975050257,0.0533271931858914));
#2699=CARTESIAN_POINT('',(0.02,0.0664262975050257,0.0543271931858914));
#2700=CARTESIAN_POINT('',(0.02,0.0664262975050257,0.0543271931858914));
#2701=CARTESIAN_POINT('',(0.016,0.0624262975050257,0.0543271931858914));
#2702=CARTESIAN_POINT('',(0.012,0.0584262975050257,0.0543271931858914));
#2703=CARTESIAN_POINT('',(0.012,0.0584262975050257,0.0543271931858914));
#2704=CARTESIAN_POINT('',(0.02,0.0724262975050257,0.0543271931858914));
#2705=CARTESIAN_POINT('',(0.02,0.0724262975050257,0.0533271931858914));
#2706=CARTESIAN_POINT('',(0.02,0.0904262975050257,0.0533271931858914));
#2707=CARTESIAN_POINT('',(0.02,0.0904262975050257,0.0543271931858914));
#2708=CARTESIAN_POINT('',(0.02,0.0904262975050257,0.0543271931858914));
#2709=CARTESIAN_POINT('',(0.02,0.0724262975050257,0.0543271931858914));
#2710=CARTESIAN_POINT('',(0.016,0.0944262975050257,0.0543271931858914));
#2711=CARTESIAN_POINT('',(0.016,0.0944262975050257,0.0533271931858914));
#2712=CARTESIAN_POINT('',(0.012,0.0984262975050257,0.0533271931858914));
#2713=CARTESIAN_POINT('',(0.012,0.0984262975050257,0.0543271931858914));
#2714=CARTESIAN_POINT('',(0.012,0.0984262975050257,0.0543271931858914));
#2715=CARTESIAN_POINT('',(0.016,0.0944262975050257,0.0543271931858914));
#2716=CARTESIAN_POINT('',(0.012,0.0904262975050256,0.0543271931858914));
#2717=CARTESIAN_POINT('',(0.012,0.0904262975050256,0.0533271931858914));
#2718=CARTESIAN_POINT('',(0.009,0.0934262975050256,0.0533271931858914));
#2719=CARTESIAN_POINT('',(0.015,0.0874262975050256,0.0533271931858914));
#2720=CARTESIAN_POINT('',(0.015,0.0874262975050256,0.0543271931858914));
#2721=CARTESIAN_POINT('',(0.015,0.0874262975050256,0.0543271931858914));
#2722=CARTESIAN_POINT('',(0.012,0.0904262975050256,0.0543271931858914));
#2723=CARTESIAN_POINT('',(0.009,0.0934262975050256,0.0543271931858914));
#2724=CARTESIAN_POINT('',(0.009,0.0934262975050256,0.0543271931858914));
#2725=CARTESIAN_POINT('',(0.015,0.0739262975050257,0.0543271931858914));
#2726=CARTESIAN_POINT('',(0.015,0.0739262975050257,0.0533271931858914));
#2727=CARTESIAN_POINT('',(0.015,0.0694262975050257,0.0533271931858914));
#2728=CARTESIAN_POINT('',(0.015,0.0694262975050257,0.0543271931858914));
#2729=CARTESIAN_POINT('',(0.015,0.0694262975050257,0.0543271931858914));
#2730=CARTESIAN_POINT('',(0.015,0.0739262975050257,0.0543271931858914));
#2731=CARTESIAN_POINT('',(0.012,0.0664262975050257,0.0543271931858914));
#2732=CARTESIAN_POINT('',(0.012,0.0664262975050257,0.0533271931858914));
#2733=CARTESIAN_POINT('',(0.009,0.0634262975050257,0.0533271931858914));
#2734=CARTESIAN_POINT('',(0.009,0.0634262975050257,0.0543271931858914));
#2735=CARTESIAN_POINT('',(0.009,0.0634262975050257,0.0543271931858914));
#2736=CARTESIAN_POINT('',(0.012,0.0664262975050257,0.0543271931858914));
#2737=CARTESIAN_POINT('',(0.,0.0774262975050256,0.0543271931858914));
#2738=CARTESIAN_POINT('',(0.,0.0774262975050256,0.0543271931858914));
#2739=CARTESIAN_POINT('',(0.,0.0584262975050257,0.0543271931858914));
#2740=CARTESIAN_POINT('',(0.,0.0634262975050257,0.0543271931858914));
#2741=CARTESIAN_POINT('',(-0.006,0.0584262975050257,0.0543271931858914));
#2742=CARTESIAN_POINT('',(-0.0105,0.0984262975050257,0.0543271931858914));
#2743=CARTESIAN_POINT('',(0.,0.0984262975050257,0.0543271931858914));
#2744=CARTESIAN_POINT('',(0.,0.0774262975050256,0.0543271931858914));
#2745=CARTESIAN_POINT('',(0.,0.0934262975050257,0.0543271931858914));
#2746=CARTESIAN_POINT('',(-0.0045,0.0934262975050257,0.0543271931858914));
#2747=CARTESIAN_POINT('',(-0.0045,0.0634262975050257,0.0543271931858914));
#2748=CARTESIAN_POINT('',(0.,0.0774262975050256,0.0533271931858914));
#2749=CARTESIAN_POINT('',(-0.006,0.0584262975050257,0.0533271931858914));
#2750=CARTESIAN_POINT('',(0.,0.0584262975050257,0.0533271931858914));
#2751=CARTESIAN_POINT('',(0.,0.0774262975050256,0.0533271931858914));
#2752=CARTESIAN_POINT('',(0.,0.0634262975050257,0.0533271931858914));
#2753=CARTESIAN_POINT('',(-0.0045,0.0634262975050257,0.0533271931858914));
#2754=CARTESIAN_POINT('',(-0.0045,0.0934262975050257,0.0533271931858914));
#2755=CARTESIAN_POINT('',(0.,0.0934262975050257,0.0533271931858914));
#2756=CARTESIAN_POINT('',(0.,0.0774262975050256,0.0533271931858914));
#2757=CARTESIAN_POINT('',(0.,0.0984262975050257,0.0533271931858914));
#2758=CARTESIAN_POINT('',(-0.0105,0.0984262975050257,0.0533271931858914));
#2759=CARTESIAN_POINT('',(-0.0045,0.0934262975050257,0.0543271931858914));
#2760=CARTESIAN_POINT('',(0.,0.0934262975050257,0.0543271931858914));
#2761=CARTESIAN_POINT('',(-0.0045,0.0634262975050257,0.0543271931858914));
#2762=CARTESIAN_POINT('',(0.,0.0634262975050257,0.0543271931858914));
#2763=CARTESIAN_POINT('',(-0.0105,0.0984262975050257,0.0543271931858914));
#2764=CARTESIAN_POINT('',(0.,0.0984262975050257,0.0543271931858914));
#2765=CARTESIAN_POINT('',(-0.006,0.0584262975050257,0.0543271931858914));
#2766=CARTESIAN_POINT('',(0.,0.0584262975050257,0.0543271931858914));
#2767=CARTESIAN_POINT('',(0.,0.,0.));
#2768=CARTESIAN_POINT('',(0.,0.,0.));
#2769=MECHANICAL_DESIGN_GEOMETRIC_PRESENTATION_REPRESENTATION('',(#1619),
#2774);
#2770=MECHANICAL_DESIGN_GEOMETRIC_PRESENTATION_REPRESENTATION('',(#1620),
#2775);
#2771=MECHANICAL_DESIGN_GEOMETRIC_PRESENTATION_REPRESENTATION('',(#1621),
#2776);
#2772=MECHANICAL_DESIGN_GEOMETRIC_PRESENTATION_REPRESENTATION('',(#1622),
#2777);
#2773=MECHANICAL_DESIGN_GEOMETRIC_PRESENTATION_REPRESENTATION('',(#1623),
#2778);
#2774=(
GEOMETRIC_REPRESENTATION_CONTEXT(3)
GLOBAL_UNCERTAINTY_ASSIGNED_CONTEXT((#2779))
GLOBAL_UNIT_ASSIGNED_CONTEXT((#2794,#2789,#2784))
REPRESENTATION_CONTEXT('Part 12','TOP_LEVEL_ASSEMBLY_PART')
);
#2775=(
GEOMETRIC_REPRESENTATION_CONTEXT(3)
GLOBAL_UNCERTAINTY_ASSIGNED_CONTEXT((#2780))
GLOBAL_UNIT_ASSIGNED_CONTEXT((#2795,#2790,#2785))
REPRESENTATION_CONTEXT('lid','TOP_LEVEL_ASSEMBLY_PART')
);
#2776=(
GEOMETRIC_REPRESENTATION_CONTEXT(3)
GLOBAL_UNCERTAINTY_ASSIGNED_CONTEXT((#2781))
GLOBAL_UNIT_ASSIGNED_CONTEXT((#2796,#2791,#2786))
REPRESENTATION_CONTEXT('Part 7','TOP_LEVEL_ASSEMBLY_PART')
);
#2777=(
GEOMETRIC_REPRESENTATION_CONTEXT(3)
GLOBAL_UNCERTAINTY_ASSIGNED_CONTEXT((#2782))
GLOBAL_UNIT_ASSIGNED_CONTEXT((#2797,#2792,#2787))
REPRESENTATION_CONTEXT('Part 8','TOP_LEVEL_ASSEMBLY_PART')
);
#2778=(
GEOMETRIC_REPRESENTATION_CONTEXT(3)
GLOBAL_UNCERTAINTY_ASSIGNED_CONTEXT((#2783))
GLOBAL_UNIT_ASSIGNED_CONTEXT((#2798,#2793,#2788))
REPRESENTATION_CONTEXT('Part 10','TOP_LEVEL_ASSEMBLY_PART')
);
#2779=UNCERTAINTY_MEASURE_WITH_UNIT(LENGTH_MEASURE(1.E-8),#2794,
'DISTANCE_ACCURACY_VALUE','Maximum Tolerance applied to model');
#2780=UNCERTAINTY_MEASURE_WITH_UNIT(LENGTH_MEASURE(1.E-8),#2795,
'DISTANCE_ACCURACY_VALUE','Maximum Tolerance applied to model');
#2781=UNCERTAINTY_MEASURE_WITH_UNIT(LENGTH_MEASURE(1.E-8),#2796,
'DISTANCE_ACCURACY_VALUE','Maximum Tolerance applied to model');
#2782=UNCERTAINTY_MEASURE_WITH_UNIT(LENGTH_MEASURE(1.E-8),#2797,
'DISTANCE_ACCURACY_VALUE','Maximum Tolerance applied to model');
#2783=UNCERTAINTY_MEASURE_WITH_UNIT(LENGTH_MEASURE(1.E-8),#2798,
'DISTANCE_ACCURACY_VALUE','Maximum Tolerance applied to model');
#2784=(
NAMED_UNIT(*)
SI_UNIT($,.STERADIAN.)
SOLID_ANGLE_UNIT()
);
#2785=(
NAMED_UNIT(*)
SI_UNIT($,.STERADIAN.)
SOLID_ANGLE_UNIT()
);
#2786=(
NAMED_UNIT(*)
SI_UNIT($,.STERADIAN.)
SOLID_ANGLE_UNIT()
);
#2787=(
NAMED_UNIT(*)
SI_UNIT($,.STERADIAN.)
SOLID_ANGLE_UNIT()
);
#2788=(
NAMED_UNIT(*)
SI_UNIT($,.STERADIAN.)
SOLID_ANGLE_UNIT()
);
#2789=(
NAMED_UNIT(*)
PLANE_ANGLE_UNIT()
SI_UNIT($,.RADIAN.)
);
#2790=(
NAMED_UNIT(*)
PLANE_ANGLE_UNIT()
SI_UNIT($,.RADIAN.)
);
#2791=(
NAMED_UNIT(*)
PLANE_ANGLE_UNIT()
SI_UNIT($,.RADIAN.)
);
#2792=(
NAMED_UNIT(*)
PLANE_ANGLE_UNIT()
SI_UNIT($,.RADIAN.)
);
#2793=(
NAMED_UNIT(*)
PLANE_ANGLE_UNIT()
SI_UNIT($,.RADIAN.)
);
#2794=(
LENGTH_UNIT()
NAMED_UNIT(*)
SI_UNIT($,.METRE.)
);
#2795=(
LENGTH_UNIT()
NAMED_UNIT(*)
SI_UNIT($,.METRE.)
);
#2796=(
LENGTH_UNIT()
NAMED_UNIT(*)
SI_UNIT($,.METRE.)
);
#2797=(
LENGTH_UNIT()
NAMED_UNIT(*)
SI_UNIT($,.METRE.)
);
#2798=(
LENGTH_UNIT()
NAMED_UNIT(*)
SI_UNIT($,.METRE.)
);
#2799=PRODUCT_DEFINITION_SHAPE('','',#2804);
#2800=PRODUCT_DEFINITION_SHAPE('','',#2805);
#2801=PRODUCT_DEFINITION_SHAPE('','',#2806);
#2802=PRODUCT_DEFINITION_SHAPE('','',#2807);
#2803=PRODUCT_DEFINITION_SHAPE('','',#2808);
#2804=PRODUCT_DEFINITION('','',#2814,#2809);
#2805=PRODUCT_DEFINITION('','',#2815,#2810);
#2806=PRODUCT_DEFINITION('','',#2816,#2811);
#2807=PRODUCT_DEFINITION('','',#2817,#2812);
#2808=PRODUCT_DEFINITION('','',#2818,#2813);
#2809=PRODUCT_DEFINITION_CONTEXT('',#2844,'design');
#2810=PRODUCT_DEFINITION_CONTEXT('',#2845,'design');
#2811=PRODUCT_DEFINITION_CONTEXT('',#2846,'design');
#2812=PRODUCT_DEFINITION_CONTEXT('',#2847,'design');
#2813=PRODUCT_DEFINITION_CONTEXT('',#2848,'design');
#2814=PRODUCT_DEFINITION_FORMATION_WITH_SPECIFIED_SOURCE('','',#2824,
 .NOT_KNOWN.);
#2815=PRODUCT_DEFINITION_FORMATION_WITH_SPECIFIED_SOURCE('','',#2825,
 .NOT_KNOWN.);
#2816=PRODUCT_DEFINITION_FORMATION_WITH_SPECIFIED_SOURCE('','',#2826,
 .NOT_KNOWN.);
#2817=PRODUCT_DEFINITION_FORMATION_WITH_SPECIFIED_SOURCE('','',#2827,
 .NOT_KNOWN.);
#2818=PRODUCT_DEFINITION_FORMATION_WITH_SPECIFIED_SOURCE('','',#2828,
 .NOT_KNOWN.);
#2819=PRODUCT_RELATED_PRODUCT_CATEGORY('','',(#2824));
#2820=PRODUCT_RELATED_PRODUCT_CATEGORY('','',(#2825));
#2821=PRODUCT_RELATED_PRODUCT_CATEGORY('','',(#2826));
#2822=PRODUCT_RELATED_PRODUCT_CATEGORY('','',(#2827));
#2823=PRODUCT_RELATED_PRODUCT_CATEGORY('','',(#2828));
#2824=PRODUCT('Part 12','Part 12','Part 12',(#2834));
#2825=PRODUCT('lid','lid','lid',(#2835));
#2826=PRODUCT('Part 7','Part 7','Part 7',(#2836));
#2827=PRODUCT('Part 8','Part 8','Part 8',(#2837));
#2828=PRODUCT('Part 10','Part 10','Part 10',(#2838));
#2829=PRODUCT_CATEGORY('','');
#2830=PRODUCT_CATEGORY('','');
#2831=PRODUCT_CATEGORY('','');
#2832=PRODUCT_CATEGORY('','');
#2833=PRODUCT_CATEGORY('','');
#2834=PRODUCT_CONTEXT('',#2844,'mechanical');
#2835=PRODUCT_CONTEXT('',#2845,'mechanical');
#2836=PRODUCT_CONTEXT('',#2846,'mechanical');
#2837=PRODUCT_CONTEXT('',#2847,'mechanical');
#2838=PRODUCT_CONTEXT('',#2848,'mechanical');
#2839=APPLICATION_PROTOCOL_DEFINITION('international standard',
'ap242_managed_model_based_3d_engineering',2011,#2844);
#2840=APPLICATION_PROTOCOL_DEFINITION('international standard',
'ap242_managed_model_based_3d_engineering',2011,#2845);
#2841=APPLICATION_PROTOCOL_DEFINITION('international standard',
'ap242_managed_model_based_3d_engineering',2011,#2846);
#2842=APPLICATION_PROTOCOL_DEFINITION('international standard',
'ap242_managed_model_based_3d_engineering',2011,#2847);
#2843=APPLICATION_PROTOCOL_DEFINITION('international standard',
'ap242_managed_model_based_3d_engineering',2011,#2848);
#2844=APPLICATION_CONTEXT('managed model based 3d engineering');
#2845=APPLICATION_CONTEXT('managed model based 3d engineering');
#2846=APPLICATION_CONTEXT('managed model based 3d engineering');
#2847=APPLICATION_CONTEXT('managed model based 3d engineering');
#2848=APPLICATION_CONTEXT('managed model based 3d engineering');
ENDSEC;
END-ISO-10303-21;
