ISO-10303-21;
HEADER;
/* Generated by software containing ST-Developer
 * from STEP Tools, Inc. (www.steptools.com) 
 */
/* OPTION: using custom renumber hook */

FILE_DESCRIPTION(
/* description */ ('STEP AP242',
'CAx-IF Rec.Pracs.---Representation and Presentation of Product Manufa
cturing Information (PMI)---4.0---2014-10-13',
'CAx-IF Rec.Pracs.---3D Tessellated Geometry---0.4---2014-09-14','2;1'),

/* implementation_level */ '2;1');

FILE_NAME(
/* name */ '68f9f925e6e04d504fe58ff4',
/* time_stamp */ '2025-10-23T09:45:10Z',
/* author */ (''),
/* organization */ (''),
/* preprocessor_version */ 'ST-DEVELOPER v20',
/* originating_system */ 'ONSHAPE BY PTC INC, 1.205',
/* authorisation */ '  ');

FILE_SCHEMA (('AP242_MANAGED_MODEL_BASED_3D_ENGINEERING_MIM_LF { 1 0 10303 442 1 1 4 }'));
ENDSEC;

DATA;
#10=SHAPE_REPRESENTATION_RELATIONSHIP('','',#1831,#11);
#11=ADVANCED_BREP_SHAPE_REPRESENTATION('',(#1829),#3077);
#12=CIRCLE('',#1838,0.0023);
#13=CIRCLE('',#1839,0.0023);
#14=CIRCLE('',#1842,0.0023);
#15=CIRCLE('',#1843,0.0023);
#16=CIRCLE('',#1846,0.0023);
#17=CIRCLE('',#1847,0.0023);
#18=CIRCLE('',#1851,0.0023);
#19=CIRCLE('',#1852,0.0023);
#20=CIRCLE('',#1855,0.0023);
#21=CIRCLE('',#1856,0.0023);
#22=CIRCLE('',#1859,0.0023);
#23=CIRCLE('',#1860,0.0023);
#24=CIRCLE('',#1864,0.0023);
#25=CIRCLE('',#1865,0.0023);
#26=CIRCLE('',#1868,0.0023);
#27=CIRCLE('',#1869,0.0023);
#28=CIRCLE('',#1872,0.0023);
#29=CIRCLE('',#1873,0.0023);
#30=CIRCLE('',#1877,0.0023);
#31=CIRCLE('',#1878,0.0023);
#32=CIRCLE('',#1881,0.0023);
#33=CIRCLE('',#1882,0.0023);
#34=CIRCLE('',#1885,0.0023);
#35=CIRCLE('',#1886,0.0023);
#36=CIRCLE('',#1890,0.0023);
#37=CIRCLE('',#1891,0.0023);
#38=CIRCLE('',#1894,0.0023);
#39=CIRCLE('',#1895,0.0023);
#40=CIRCLE('',#1898,0.0023);
#41=CIRCLE('',#1899,0.0023);
#42=CIRCLE('',#1903,0.0023);
#43=CIRCLE('',#1904,0.0023);
#44=CIRCLE('',#1907,0.0023);
#45=CIRCLE('',#1908,0.0023);
#46=CIRCLE('',#1911,0.0023);
#47=CIRCLE('',#1912,0.0023);
#48=CIRCLE('',#1916,0.0023);
#49=CIRCLE('',#1917,0.0023);
#50=CIRCLE('',#1920,0.0023);
#51=CIRCLE('',#1921,0.0023);
#52=CIRCLE('',#1924,0.0023);
#53=CIRCLE('',#1925,0.0023);
#54=CIRCLE('',#1929,0.0023);
#55=CIRCLE('',#1930,0.0023);
#56=CIRCLE('',#1933,0.0023);
#57=CIRCLE('',#1934,0.0023);
#58=CIRCLE('',#1937,0.0023);
#59=CIRCLE('',#1938,0.0023);
#60=CIRCLE('',#1942,0.0023);
#61=CIRCLE('',#1943,0.0023);
#62=CIRCLE('',#1946,0.0023);
#63=CIRCLE('',#1947,0.0023);
#64=CIRCLE('',#1950,0.0023);
#65=CIRCLE('',#1951,0.0023);
#66=CIRCLE('',#1955,0.0023);
#67=CIRCLE('',#1956,0.0023);
#68=CIRCLE('',#1959,0.0023);
#69=CIRCLE('',#1960,0.0023);
#70=CIRCLE('',#1963,0.0023);
#71=CIRCLE('',#1964,0.0023);
#72=CIRCLE('',#1967,0.0023);
#73=CIRCLE('',#1968,0.0023);
#74=CIRCLE('',#1970,0.0023);
#75=CIRCLE('',#1971,0.0023);
#76=CIRCLE('',#1973,0.0023);
#77=CIRCLE('',#1974,0.0023);
#78=CIRCLE('',#1976,0.0023);
#79=CIRCLE('',#1977,0.0023);
#80=CIRCLE('',#1979,0.0023);
#81=CIRCLE('',#1980,0.0023);
#82=CIRCLE('',#1982,0.0023);
#83=CIRCLE('',#1983,0.0023);
#84=CIRCLE('',#1985,0.0023);
#85=CIRCLE('',#1986,0.0023);
#86=CIRCLE('',#1988,0.0023);
#87=CIRCLE('',#1989,0.0023);
#88=CIRCLE('',#1991,0.0023);
#89=CIRCLE('',#1992,0.0023);
#90=CIRCLE('',#1994,0.0023);
#91=CIRCLE('',#1995,0.0023);
#92=CIRCLE('',#1998,0.001);
#93=CIRCLE('',#1999,0.001);
#94=CIRCLE('',#2000,0.001);
#95=CIRCLE('',#2001,0.001);
#96=CIRCLE('',#2003,0.001);
#97=CIRCLE('',#2004,0.001);
#98=CIRCLE('',#2005,0.001);
#99=CIRCLE('',#2006,0.001);
#100=CYLINDRICAL_SURFACE('',#1837,0.0023);
#101=CYLINDRICAL_SURFACE('',#1841,0.0023);
#102=CYLINDRICAL_SURFACE('',#1845,0.0023);
#103=CYLINDRICAL_SURFACE('',#1850,0.0023);
#104=CYLINDRICAL_SURFACE('',#1854,0.0023);
#105=CYLINDRICAL_SURFACE('',#1858,0.0023);
#106=CYLINDRICAL_SURFACE('',#1863,0.0023);
#107=CYLINDRICAL_SURFACE('',#1867,0.0023);
#108=CYLINDRICAL_SURFACE('',#1871,0.0023);
#109=CYLINDRICAL_SURFACE('',#1876,0.0023);
#110=CYLINDRICAL_SURFACE('',#1880,0.0023);
#111=CYLINDRICAL_SURFACE('',#1884,0.0023);
#112=CYLINDRICAL_SURFACE('',#1889,0.0023);
#113=CYLINDRICAL_SURFACE('',#1893,0.0023);
#114=CYLINDRICAL_SURFACE('',#1897,0.0023);
#115=CYLINDRICAL_SURFACE('',#1902,0.0023);
#116=CYLINDRICAL_SURFACE('',#1906,0.0023);
#117=CYLINDRICAL_SURFACE('',#1910,0.0023);
#118=CYLINDRICAL_SURFACE('',#1915,0.0023);
#119=CYLINDRICAL_SURFACE('',#1919,0.0023);
#120=CYLINDRICAL_SURFACE('',#1923,0.0023);
#121=CYLINDRICAL_SURFACE('',#1928,0.0023);
#122=CYLINDRICAL_SURFACE('',#1932,0.0023);
#123=CYLINDRICAL_SURFACE('',#1936,0.0023);
#124=CYLINDRICAL_SURFACE('',#1941,0.0023);
#125=CYLINDRICAL_SURFACE('',#1945,0.0023);
#126=CYLINDRICAL_SURFACE('',#1949,0.0023);
#127=CYLINDRICAL_SURFACE('',#1954,0.0023);
#128=CYLINDRICAL_SURFACE('',#1958,0.0023);
#129=CYLINDRICAL_SURFACE('',#1962,0.0023);
#130=CYLINDRICAL_SURFACE('',#1966,0.0023);
#131=CYLINDRICAL_SURFACE('',#1969,0.0023);
#132=CYLINDRICAL_SURFACE('',#1972,0.0023);
#133=CYLINDRICAL_SURFACE('',#1975,0.0023);
#134=CYLINDRICAL_SURFACE('',#1978,0.0023);
#135=CYLINDRICAL_SURFACE('',#1981,0.0023);
#136=CYLINDRICAL_SURFACE('',#1984,0.0023);
#137=CYLINDRICAL_SURFACE('',#1987,0.0023);
#138=CYLINDRICAL_SURFACE('',#1990,0.0023);
#139=CYLINDRICAL_SURFACE('',#1993,0.0023);
#140=CYLINDRICAL_SURFACE('',#2007,0.001);
#141=CYLINDRICAL_SURFACE('',#2008,0.001);
#142=CYLINDRICAL_SURFACE('',#2009,0.001);
#143=CYLINDRICAL_SURFACE('',#2010,0.001);
#144=ORIENTED_EDGE('',*,*,#672,.F.);
#145=ORIENTED_EDGE('',*,*,#673,.T.);
#146=ORIENTED_EDGE('',*,*,#674,.T.);
#147=ORIENTED_EDGE('',*,*,#675,.T.);
#148=ORIENTED_EDGE('',*,*,#676,.F.);
#149=ORIENTED_EDGE('',*,*,#677,.T.);
#150=ORIENTED_EDGE('',*,*,#678,.T.);
#151=ORIENTED_EDGE('',*,*,#679,.T.);
#152=ORIENTED_EDGE('',*,*,#680,.F.);
#153=ORIENTED_EDGE('',*,*,#681,.T.);
#154=ORIENTED_EDGE('',*,*,#682,.T.);
#155=ORIENTED_EDGE('',*,*,#683,.T.);
#156=ORIENTED_EDGE('',*,*,#684,.T.);
#157=ORIENTED_EDGE('',*,*,#685,.F.);
#158=ORIENTED_EDGE('',*,*,#686,.F.);
#159=ORIENTED_EDGE('',*,*,#687,.T.);
#160=ORIENTED_EDGE('',*,*,#688,.T.);
#161=ORIENTED_EDGE('',*,*,#689,.F.);
#162=ORIENTED_EDGE('',*,*,#690,.F.);
#163=ORIENTED_EDGE('',*,*,#685,.T.);
#164=ORIENTED_EDGE('',*,*,#691,.F.);
#165=ORIENTED_EDGE('',*,*,#692,.F.);
#166=ORIENTED_EDGE('',*,*,#693,.T.);
#167=ORIENTED_EDGE('',*,*,#689,.T.);
#168=ORIENTED_EDGE('',*,*,#694,.T.);
#169=ORIENTED_EDGE('',*,*,#695,.F.);
#170=ORIENTED_EDGE('',*,*,#696,.F.);
#171=ORIENTED_EDGE('',*,*,#692,.T.);
#172=ORIENTED_EDGE('',*,*,#697,.F.);
#173=ORIENTED_EDGE('',*,*,#698,.F.);
#174=ORIENTED_EDGE('',*,*,#699,.T.);
#175=ORIENTED_EDGE('',*,*,#695,.T.);
#176=ORIENTED_EDGE('',*,*,#700,.T.);
#177=ORIENTED_EDGE('',*,*,#701,.F.);
#178=ORIENTED_EDGE('',*,*,#702,.F.);
#179=ORIENTED_EDGE('',*,*,#698,.T.);
#180=ORIENTED_EDGE('',*,*,#703,.F.);
#181=ORIENTED_EDGE('',*,*,#704,.F.);
#182=ORIENTED_EDGE('',*,*,#705,.T.);
#183=ORIENTED_EDGE('',*,*,#701,.T.);
#184=ORIENTED_EDGE('',*,*,#706,.T.);
#185=ORIENTED_EDGE('',*,*,#707,.F.);
#186=ORIENTED_EDGE('',*,*,#708,.F.);
#187=ORIENTED_EDGE('',*,*,#709,.T.);
#188=ORIENTED_EDGE('',*,*,#710,.T.);
#189=ORIENTED_EDGE('',*,*,#711,.F.);
#190=ORIENTED_EDGE('',*,*,#712,.F.);
#191=ORIENTED_EDGE('',*,*,#707,.T.);
#192=ORIENTED_EDGE('',*,*,#713,.F.);
#193=ORIENTED_EDGE('',*,*,#714,.F.);
#194=ORIENTED_EDGE('',*,*,#715,.T.);
#195=ORIENTED_EDGE('',*,*,#711,.T.);
#196=ORIENTED_EDGE('',*,*,#716,.T.);
#197=ORIENTED_EDGE('',*,*,#717,.F.);
#198=ORIENTED_EDGE('',*,*,#718,.F.);
#199=ORIENTED_EDGE('',*,*,#714,.T.);
#200=ORIENTED_EDGE('',*,*,#719,.F.);
#201=ORIENTED_EDGE('',*,*,#720,.F.);
#202=ORIENTED_EDGE('',*,*,#721,.T.);
#203=ORIENTED_EDGE('',*,*,#717,.T.);
#204=ORIENTED_EDGE('',*,*,#722,.T.);
#205=ORIENTED_EDGE('',*,*,#723,.F.);
#206=ORIENTED_EDGE('',*,*,#724,.F.);
#207=ORIENTED_EDGE('',*,*,#720,.T.);
#208=ORIENTED_EDGE('',*,*,#725,.F.);
#209=ORIENTED_EDGE('',*,*,#726,.F.);
#210=ORIENTED_EDGE('',*,*,#727,.T.);
#211=ORIENTED_EDGE('',*,*,#723,.T.);
#212=ORIENTED_EDGE('',*,*,#728,.T.);
#213=ORIENTED_EDGE('',*,*,#729,.F.);
#214=ORIENTED_EDGE('',*,*,#730,.F.);
#215=ORIENTED_EDGE('',*,*,#731,.T.);
#216=ORIENTED_EDGE('',*,*,#732,.T.);
#217=ORIENTED_EDGE('',*,*,#733,.F.);
#218=ORIENTED_EDGE('',*,*,#734,.F.);
#219=ORIENTED_EDGE('',*,*,#729,.T.);
#220=ORIENTED_EDGE('',*,*,#735,.T.);
#221=ORIENTED_EDGE('',*,*,#736,.F.);
#222=ORIENTED_EDGE('',*,*,#737,.F.);
#223=ORIENTED_EDGE('',*,*,#733,.T.);
#224=ORIENTED_EDGE('',*,*,#738,.T.);
#225=ORIENTED_EDGE('',*,*,#739,.F.);
#226=ORIENTED_EDGE('',*,*,#740,.F.);
#227=ORIENTED_EDGE('',*,*,#736,.T.);
#228=ORIENTED_EDGE('',*,*,#741,.F.);
#229=ORIENTED_EDGE('',*,*,#742,.F.);
#230=ORIENTED_EDGE('',*,*,#743,.T.);
#231=ORIENTED_EDGE('',*,*,#739,.T.);
#232=ORIENTED_EDGE('',*,*,#744,.T.);
#233=ORIENTED_EDGE('',*,*,#745,.F.);
#234=ORIENTED_EDGE('',*,*,#746,.F.);
#235=ORIENTED_EDGE('',*,*,#742,.T.);
#236=ORIENTED_EDGE('',*,*,#747,.F.);
#237=ORIENTED_EDGE('',*,*,#748,.F.);
#238=ORIENTED_EDGE('',*,*,#749,.T.);
#239=ORIENTED_EDGE('',*,*,#745,.T.);
#240=ORIENTED_EDGE('',*,*,#750,.T.);
#241=ORIENTED_EDGE('',*,*,#751,.F.);
#242=ORIENTED_EDGE('',*,*,#752,.F.);
#243=ORIENTED_EDGE('',*,*,#753,.T.);
#244=ORIENTED_EDGE('',*,*,#754,.T.);
#245=ORIENTED_EDGE('',*,*,#755,.F.);
#246=ORIENTED_EDGE('',*,*,#756,.F.);
#247=ORIENTED_EDGE('',*,*,#751,.T.);
#248=ORIENTED_EDGE('',*,*,#757,.F.);
#249=ORIENTED_EDGE('',*,*,#758,.F.);
#250=ORIENTED_EDGE('',*,*,#759,.T.);
#251=ORIENTED_EDGE('',*,*,#755,.T.);
#252=ORIENTED_EDGE('',*,*,#760,.T.);
#253=ORIENTED_EDGE('',*,*,#761,.F.);
#254=ORIENTED_EDGE('',*,*,#762,.F.);
#255=ORIENTED_EDGE('',*,*,#758,.T.);
#256=ORIENTED_EDGE('',*,*,#763,.F.);
#257=ORIENTED_EDGE('',*,*,#764,.F.);
#258=ORIENTED_EDGE('',*,*,#765,.T.);
#259=ORIENTED_EDGE('',*,*,#761,.T.);
#260=ORIENTED_EDGE('',*,*,#766,.T.);
#261=ORIENTED_EDGE('',*,*,#767,.F.);
#262=ORIENTED_EDGE('',*,*,#768,.F.);
#263=ORIENTED_EDGE('',*,*,#764,.T.);
#264=ORIENTED_EDGE('',*,*,#769,.T.);
#265=ORIENTED_EDGE('',*,*,#770,.F.);
#266=ORIENTED_EDGE('',*,*,#771,.F.);
#267=ORIENTED_EDGE('',*,*,#767,.T.);
#268=ORIENTED_EDGE('',*,*,#772,.F.);
#269=ORIENTED_EDGE('',*,*,#773,.F.);
#270=ORIENTED_EDGE('',*,*,#774,.T.);
#271=ORIENTED_EDGE('',*,*,#775,.T.);
#272=ORIENTED_EDGE('',*,*,#776,.T.);
#273=ORIENTED_EDGE('',*,*,#777,.F.);
#274=ORIENTED_EDGE('',*,*,#778,.F.);
#275=ORIENTED_EDGE('',*,*,#773,.T.);
#276=ORIENTED_EDGE('',*,*,#779,.F.);
#277=ORIENTED_EDGE('',*,*,#780,.F.);
#278=ORIENTED_EDGE('',*,*,#781,.T.);
#279=ORIENTED_EDGE('',*,*,#777,.T.);
#280=ORIENTED_EDGE('',*,*,#782,.T.);
#281=ORIENTED_EDGE('',*,*,#783,.F.);
#282=ORIENTED_EDGE('',*,*,#784,.F.);
#283=ORIENTED_EDGE('',*,*,#780,.T.);
#284=ORIENTED_EDGE('',*,*,#785,.F.);
#285=ORIENTED_EDGE('',*,*,#786,.F.);
#286=ORIENTED_EDGE('',*,*,#787,.T.);
#287=ORIENTED_EDGE('',*,*,#783,.T.);
#288=ORIENTED_EDGE('',*,*,#788,.T.);
#289=ORIENTED_EDGE('',*,*,#789,.F.);
#290=ORIENTED_EDGE('',*,*,#790,.F.);
#291=ORIENTED_EDGE('',*,*,#786,.T.);
#292=ORIENTED_EDGE('',*,*,#791,.T.);
#293=ORIENTED_EDGE('',*,*,#792,.F.);
#294=ORIENTED_EDGE('',*,*,#793,.F.);
#295=ORIENTED_EDGE('',*,*,#789,.T.);
#296=ORIENTED_EDGE('',*,*,#794,.T.);
#297=ORIENTED_EDGE('',*,*,#795,.F.);
#298=ORIENTED_EDGE('',*,*,#796,.F.);
#299=ORIENTED_EDGE('',*,*,#797,.T.);
#300=ORIENTED_EDGE('',*,*,#798,.T.);
#301=ORIENTED_EDGE('',*,*,#799,.F.);
#302=ORIENTED_EDGE('',*,*,#800,.F.);
#303=ORIENTED_EDGE('',*,*,#795,.T.);
#304=ORIENTED_EDGE('',*,*,#801,.T.);
#305=ORIENTED_EDGE('',*,*,#802,.F.);
#306=ORIENTED_EDGE('',*,*,#803,.F.);
#307=ORIENTED_EDGE('',*,*,#799,.T.);
#308=ORIENTED_EDGE('',*,*,#804,.T.);
#309=ORIENTED_EDGE('',*,*,#805,.F.);
#310=ORIENTED_EDGE('',*,*,#806,.F.);
#311=ORIENTED_EDGE('',*,*,#802,.T.);
#312=ORIENTED_EDGE('',*,*,#807,.F.);
#313=ORIENTED_EDGE('',*,*,#808,.F.);
#314=ORIENTED_EDGE('',*,*,#809,.T.);
#315=ORIENTED_EDGE('',*,*,#805,.T.);
#316=ORIENTED_EDGE('',*,*,#810,.T.);
#317=ORIENTED_EDGE('',*,*,#811,.F.);
#318=ORIENTED_EDGE('',*,*,#812,.F.);
#319=ORIENTED_EDGE('',*,*,#808,.T.);
#320=ORIENTED_EDGE('',*,*,#813,.F.);
#321=ORIENTED_EDGE('',*,*,#814,.F.);
#322=ORIENTED_EDGE('',*,*,#815,.T.);
#323=ORIENTED_EDGE('',*,*,#811,.T.);
#324=ORIENTED_EDGE('',*,*,#816,.F.);
#325=ORIENTED_EDGE('',*,*,#817,.F.);
#326=ORIENTED_EDGE('',*,*,#818,.T.);
#327=ORIENTED_EDGE('',*,*,#819,.T.);
#328=ORIENTED_EDGE('',*,*,#820,.T.);
#329=ORIENTED_EDGE('',*,*,#821,.F.);
#330=ORIENTED_EDGE('',*,*,#822,.F.);
#331=ORIENTED_EDGE('',*,*,#817,.T.);
#332=ORIENTED_EDGE('',*,*,#823,.T.);
#333=ORIENTED_EDGE('',*,*,#824,.F.);
#334=ORIENTED_EDGE('',*,*,#825,.F.);
#335=ORIENTED_EDGE('',*,*,#821,.T.);
#336=ORIENTED_EDGE('',*,*,#826,.T.);
#337=ORIENTED_EDGE('',*,*,#827,.F.);
#338=ORIENTED_EDGE('',*,*,#828,.F.);
#339=ORIENTED_EDGE('',*,*,#824,.T.);
#340=ORIENTED_EDGE('',*,*,#829,.T.);
#341=ORIENTED_EDGE('',*,*,#830,.F.);
#342=ORIENTED_EDGE('',*,*,#831,.F.);
#343=ORIENTED_EDGE('',*,*,#827,.T.);
#344=ORIENTED_EDGE('',*,*,#832,.T.);
#345=ORIENTED_EDGE('',*,*,#833,.F.);
#346=ORIENTED_EDGE('',*,*,#834,.F.);
#347=ORIENTED_EDGE('',*,*,#830,.T.);
#348=ORIENTED_EDGE('',*,*,#835,.F.);
#349=ORIENTED_EDGE('',*,*,#836,.F.);
#350=ORIENTED_EDGE('',*,*,#837,.T.);
#351=ORIENTED_EDGE('',*,*,#833,.T.);
#352=ORIENTED_EDGE('',*,*,#838,.T.);
#353=ORIENTED_EDGE('',*,*,#839,.F.);
#354=ORIENTED_EDGE('',*,*,#840,.F.);
#355=ORIENTED_EDGE('',*,*,#841,.T.);
#356=ORIENTED_EDGE('',*,*,#842,.T.);
#357=ORIENTED_EDGE('',*,*,#843,.F.);
#358=ORIENTED_EDGE('',*,*,#844,.F.);
#359=ORIENTED_EDGE('',*,*,#839,.T.);
#360=ORIENTED_EDGE('',*,*,#845,.T.);
#361=ORIENTED_EDGE('',*,*,#846,.F.);
#362=ORIENTED_EDGE('',*,*,#847,.F.);
#363=ORIENTED_EDGE('',*,*,#843,.T.);
#364=ORIENTED_EDGE('',*,*,#848,.T.);
#365=ORIENTED_EDGE('',*,*,#849,.F.);
#366=ORIENTED_EDGE('',*,*,#850,.F.);
#367=ORIENTED_EDGE('',*,*,#846,.T.);
#368=ORIENTED_EDGE('',*,*,#851,.F.);
#369=ORIENTED_EDGE('',*,*,#852,.F.);
#370=ORIENTED_EDGE('',*,*,#853,.T.);
#371=ORIENTED_EDGE('',*,*,#849,.T.);
#372=ORIENTED_EDGE('',*,*,#854,.T.);
#373=ORIENTED_EDGE('',*,*,#855,.F.);
#374=ORIENTED_EDGE('',*,*,#856,.F.);
#375=ORIENTED_EDGE('',*,*,#852,.T.);
#376=ORIENTED_EDGE('',*,*,#857,.F.);
#377=ORIENTED_EDGE('',*,*,#858,.F.);
#378=ORIENTED_EDGE('',*,*,#859,.T.);
#379=ORIENTED_EDGE('',*,*,#855,.T.);
#380=ORIENTED_EDGE('',*,*,#860,.F.);
#381=ORIENTED_EDGE('',*,*,#861,.F.);
#382=ORIENTED_EDGE('',*,*,#862,.T.);
#383=ORIENTED_EDGE('',*,*,#863,.T.);
#384=ORIENTED_EDGE('',*,*,#864,.T.);
#385=ORIENTED_EDGE('',*,*,#865,.F.);
#386=ORIENTED_EDGE('',*,*,#866,.F.);
#387=ORIENTED_EDGE('',*,*,#861,.T.);
#388=ORIENTED_EDGE('',*,*,#867,.T.);
#389=ORIENTED_EDGE('',*,*,#868,.F.);
#390=ORIENTED_EDGE('',*,*,#869,.F.);
#391=ORIENTED_EDGE('',*,*,#865,.T.);
#392=ORIENTED_EDGE('',*,*,#870,.T.);
#393=ORIENTED_EDGE('',*,*,#871,.F.);
#394=ORIENTED_EDGE('',*,*,#872,.F.);
#395=ORIENTED_EDGE('',*,*,#868,.T.);
#396=ORIENTED_EDGE('',*,*,#873,.T.);
#397=ORIENTED_EDGE('',*,*,#874,.F.);
#398=ORIENTED_EDGE('',*,*,#875,.F.);
#399=ORIENTED_EDGE('',*,*,#871,.T.);
#400=ORIENTED_EDGE('',*,*,#876,.T.);
#401=ORIENTED_EDGE('',*,*,#877,.F.);
#402=ORIENTED_EDGE('',*,*,#878,.F.);
#403=ORIENTED_EDGE('',*,*,#874,.T.);
#404=ORIENTED_EDGE('',*,*,#879,.F.);
#405=ORIENTED_EDGE('',*,*,#880,.F.);
#406=ORIENTED_EDGE('',*,*,#881,.T.);
#407=ORIENTED_EDGE('',*,*,#877,.T.);
#408=ORIENTED_EDGE('',*,*,#882,.T.);
#409=ORIENTED_EDGE('',*,*,#883,.F.);
#410=ORIENTED_EDGE('',*,*,#884,.F.);
#411=ORIENTED_EDGE('',*,*,#885,.T.);
#412=ORIENTED_EDGE('',*,*,#886,.T.);
#413=ORIENTED_EDGE('',*,*,#887,.F.);
#414=ORIENTED_EDGE('',*,*,#888,.F.);
#415=ORIENTED_EDGE('',*,*,#883,.T.);
#416=ORIENTED_EDGE('',*,*,#889,.T.);
#417=ORIENTED_EDGE('',*,*,#890,.F.);
#418=ORIENTED_EDGE('',*,*,#891,.F.);
#419=ORIENTED_EDGE('',*,*,#887,.T.);
#420=ORIENTED_EDGE('',*,*,#892,.T.);
#421=ORIENTED_EDGE('',*,*,#893,.F.);
#422=ORIENTED_EDGE('',*,*,#894,.F.);
#423=ORIENTED_EDGE('',*,*,#890,.T.);
#424=ORIENTED_EDGE('',*,*,#895,.F.);
#425=ORIENTED_EDGE('',*,*,#896,.F.);
#426=ORIENTED_EDGE('',*,*,#897,.T.);
#427=ORIENTED_EDGE('',*,*,#893,.T.);
#428=ORIENTED_EDGE('',*,*,#898,.T.);
#429=ORIENTED_EDGE('',*,*,#899,.F.);
#430=ORIENTED_EDGE('',*,*,#900,.F.);
#431=ORIENTED_EDGE('',*,*,#896,.T.);
#432=ORIENTED_EDGE('',*,*,#901,.F.);
#433=ORIENTED_EDGE('',*,*,#902,.F.);
#434=ORIENTED_EDGE('',*,*,#903,.T.);
#435=ORIENTED_EDGE('',*,*,#899,.T.);
#436=ORIENTED_EDGE('',*,*,#904,.T.);
#437=ORIENTED_EDGE('',*,*,#687,.F.);
#438=ORIENTED_EDGE('',*,*,#905,.F.);
#439=ORIENTED_EDGE('',*,*,#704,.T.);
#440=ORIENTED_EDGE('',*,*,#906,.T.);
#441=ORIENTED_EDGE('',*,*,#709,.F.);
#442=ORIENTED_EDGE('',*,*,#907,.F.);
#443=ORIENTED_EDGE('',*,*,#726,.T.);
#444=ORIENTED_EDGE('',*,*,#908,.T.);
#445=ORIENTED_EDGE('',*,*,#731,.F.);
#446=ORIENTED_EDGE('',*,*,#909,.F.);
#447=ORIENTED_EDGE('',*,*,#748,.T.);
#448=ORIENTED_EDGE('',*,*,#910,.T.);
#449=ORIENTED_EDGE('',*,*,#753,.F.);
#450=ORIENTED_EDGE('',*,*,#911,.F.);
#451=ORIENTED_EDGE('',*,*,#770,.T.);
#452=ORIENTED_EDGE('',*,*,#912,.T.);
#453=ORIENTED_EDGE('',*,*,#775,.F.);
#454=ORIENTED_EDGE('',*,*,#913,.F.);
#455=ORIENTED_EDGE('',*,*,#792,.T.);
#456=ORIENTED_EDGE('',*,*,#914,.T.);
#457=ORIENTED_EDGE('',*,*,#797,.F.);
#458=ORIENTED_EDGE('',*,*,#915,.F.);
#459=ORIENTED_EDGE('',*,*,#814,.T.);
#460=ORIENTED_EDGE('',*,*,#916,.T.);
#461=ORIENTED_EDGE('',*,*,#819,.F.);
#462=ORIENTED_EDGE('',*,*,#917,.F.);
#463=ORIENTED_EDGE('',*,*,#836,.T.);
#464=ORIENTED_EDGE('',*,*,#918,.T.);
#465=ORIENTED_EDGE('',*,*,#841,.F.);
#466=ORIENTED_EDGE('',*,*,#919,.F.);
#467=ORIENTED_EDGE('',*,*,#858,.T.);
#468=ORIENTED_EDGE('',*,*,#920,.T.);
#469=ORIENTED_EDGE('',*,*,#863,.F.);
#470=ORIENTED_EDGE('',*,*,#921,.F.);
#471=ORIENTED_EDGE('',*,*,#880,.T.);
#472=ORIENTED_EDGE('',*,*,#922,.T.);
#473=ORIENTED_EDGE('',*,*,#885,.F.);
#474=ORIENTED_EDGE('',*,*,#923,.F.);
#475=ORIENTED_EDGE('',*,*,#902,.T.);
#476=ORIENTED_EDGE('',*,*,#924,.T.);
#477=ORIENTED_EDGE('',*,*,#925,.T.);
#478=ORIENTED_EDGE('',*,*,#926,.F.);
#479=ORIENTED_EDGE('',*,*,#927,.T.);
#480=ORIENTED_EDGE('',*,*,#884,.T.);
#481=ORIENTED_EDGE('',*,*,#888,.T.);
#482=ORIENTED_EDGE('',*,*,#891,.T.);
#483=ORIENTED_EDGE('',*,*,#894,.T.);
#484=ORIENTED_EDGE('',*,*,#897,.F.);
#485=ORIENTED_EDGE('',*,*,#900,.T.);
#486=ORIENTED_EDGE('',*,*,#903,.F.);
#487=ORIENTED_EDGE('',*,*,#923,.T.);
#488=ORIENTED_EDGE('',*,*,#862,.F.);
#489=ORIENTED_EDGE('',*,*,#866,.T.);
#490=ORIENTED_EDGE('',*,*,#869,.T.);
#491=ORIENTED_EDGE('',*,*,#872,.T.);
#492=ORIENTED_EDGE('',*,*,#875,.T.);
#493=ORIENTED_EDGE('',*,*,#878,.T.);
#494=ORIENTED_EDGE('',*,*,#881,.F.);
#495=ORIENTED_EDGE('',*,*,#921,.T.);
#496=ORIENTED_EDGE('',*,*,#840,.T.);
#497=ORIENTED_EDGE('',*,*,#844,.T.);
#498=ORIENTED_EDGE('',*,*,#847,.T.);
#499=ORIENTED_EDGE('',*,*,#850,.T.);
#500=ORIENTED_EDGE('',*,*,#853,.F.);
#501=ORIENTED_EDGE('',*,*,#856,.T.);
#502=ORIENTED_EDGE('',*,*,#859,.F.);
#503=ORIENTED_EDGE('',*,*,#919,.T.);
#504=ORIENTED_EDGE('',*,*,#818,.F.);
#505=ORIENTED_EDGE('',*,*,#822,.T.);
#506=ORIENTED_EDGE('',*,*,#825,.T.);
#507=ORIENTED_EDGE('',*,*,#828,.T.);
#508=ORIENTED_EDGE('',*,*,#831,.T.);
#509=ORIENTED_EDGE('',*,*,#834,.T.);
#510=ORIENTED_EDGE('',*,*,#837,.F.);
#511=ORIENTED_EDGE('',*,*,#917,.T.);
#512=ORIENTED_EDGE('',*,*,#796,.T.);
#513=ORIENTED_EDGE('',*,*,#800,.T.);
#514=ORIENTED_EDGE('',*,*,#803,.T.);
#515=ORIENTED_EDGE('',*,*,#806,.T.);
#516=ORIENTED_EDGE('',*,*,#809,.F.);
#517=ORIENTED_EDGE('',*,*,#812,.T.);
#518=ORIENTED_EDGE('',*,*,#815,.F.);
#519=ORIENTED_EDGE('',*,*,#915,.T.);
#520=ORIENTED_EDGE('',*,*,#774,.F.);
#521=ORIENTED_EDGE('',*,*,#778,.T.);
#522=ORIENTED_EDGE('',*,*,#781,.F.);
#523=ORIENTED_EDGE('',*,*,#784,.T.);
#524=ORIENTED_EDGE('',*,*,#787,.F.);
#525=ORIENTED_EDGE('',*,*,#790,.T.);
#526=ORIENTED_EDGE('',*,*,#793,.T.);
#527=ORIENTED_EDGE('',*,*,#913,.T.);
#528=ORIENTED_EDGE('',*,*,#752,.T.);
#529=ORIENTED_EDGE('',*,*,#756,.T.);
#530=ORIENTED_EDGE('',*,*,#759,.F.);
#531=ORIENTED_EDGE('',*,*,#762,.T.);
#532=ORIENTED_EDGE('',*,*,#765,.F.);
#533=ORIENTED_EDGE('',*,*,#768,.T.);
#534=ORIENTED_EDGE('',*,*,#771,.T.);
#535=ORIENTED_EDGE('',*,*,#911,.T.);
#536=ORIENTED_EDGE('',*,*,#730,.T.);
#537=ORIENTED_EDGE('',*,*,#734,.T.);
#538=ORIENTED_EDGE('',*,*,#737,.T.);
#539=ORIENTED_EDGE('',*,*,#740,.T.);
#540=ORIENTED_EDGE('',*,*,#743,.F.);
#541=ORIENTED_EDGE('',*,*,#746,.T.);
#542=ORIENTED_EDGE('',*,*,#749,.F.);
#543=ORIENTED_EDGE('',*,*,#909,.T.);
#544=ORIENTED_EDGE('',*,*,#708,.T.);
#545=ORIENTED_EDGE('',*,*,#712,.T.);
#546=ORIENTED_EDGE('',*,*,#715,.F.);
#547=ORIENTED_EDGE('',*,*,#718,.T.);
#548=ORIENTED_EDGE('',*,*,#721,.F.);
#549=ORIENTED_EDGE('',*,*,#724,.T.);
#550=ORIENTED_EDGE('',*,*,#727,.F.);
#551=ORIENTED_EDGE('',*,*,#907,.T.);
#552=ORIENTED_EDGE('',*,*,#686,.T.);
#553=ORIENTED_EDGE('',*,*,#690,.T.);
#554=ORIENTED_EDGE('',*,*,#693,.F.);
#555=ORIENTED_EDGE('',*,*,#696,.T.);
#556=ORIENTED_EDGE('',*,*,#699,.F.);
#557=ORIENTED_EDGE('',*,*,#702,.T.);
#558=ORIENTED_EDGE('',*,*,#705,.F.);
#559=ORIENTED_EDGE('',*,*,#905,.T.);
#560=ORIENTED_EDGE('',*,*,#682,.F.);
#561=ORIENTED_EDGE('',*,*,#928,.T.);
#562=ORIENTED_EDGE('',*,*,#924,.F.);
#563=ORIENTED_EDGE('',*,*,#929,.T.);
#564=ORIENTED_EDGE('',*,*,#672,.T.);
#565=ORIENTED_EDGE('',*,*,#930,.T.);
#566=ORIENTED_EDGE('',*,*,#676,.T.);
#567=ORIENTED_EDGE('',*,*,#931,.T.);
#568=ORIENTED_EDGE('',*,*,#882,.F.);
#569=ORIENTED_EDGE('',*,*,#922,.F.);
#570=ORIENTED_EDGE('',*,*,#901,.T.);
#571=ORIENTED_EDGE('',*,*,#898,.F.);
#572=ORIENTED_EDGE('',*,*,#895,.T.);
#573=ORIENTED_EDGE('',*,*,#892,.F.);
#574=ORIENTED_EDGE('',*,*,#889,.F.);
#575=ORIENTED_EDGE('',*,*,#886,.F.);
#576=ORIENTED_EDGE('',*,*,#860,.T.);
#577=ORIENTED_EDGE('',*,*,#920,.F.);
#578=ORIENTED_EDGE('',*,*,#879,.T.);
#579=ORIENTED_EDGE('',*,*,#876,.F.);
#580=ORIENTED_EDGE('',*,*,#873,.F.);
#581=ORIENTED_EDGE('',*,*,#870,.F.);
#582=ORIENTED_EDGE('',*,*,#867,.F.);
#583=ORIENTED_EDGE('',*,*,#864,.F.);
#584=ORIENTED_EDGE('',*,*,#838,.F.);
#585=ORIENTED_EDGE('',*,*,#918,.F.);
#586=ORIENTED_EDGE('',*,*,#857,.T.);
#587=ORIENTED_EDGE('',*,*,#854,.F.);
#588=ORIENTED_EDGE('',*,*,#851,.T.);
#589=ORIENTED_EDGE('',*,*,#848,.F.);
#590=ORIENTED_EDGE('',*,*,#845,.F.);
#591=ORIENTED_EDGE('',*,*,#842,.F.);
#592=ORIENTED_EDGE('',*,*,#816,.T.);
#593=ORIENTED_EDGE('',*,*,#916,.F.);
#594=ORIENTED_EDGE('',*,*,#835,.T.);
#595=ORIENTED_EDGE('',*,*,#832,.F.);
#596=ORIENTED_EDGE('',*,*,#829,.F.);
#597=ORIENTED_EDGE('',*,*,#826,.F.);
#598=ORIENTED_EDGE('',*,*,#823,.F.);
#599=ORIENTED_EDGE('',*,*,#820,.F.);
#600=ORIENTED_EDGE('',*,*,#794,.F.);
#601=ORIENTED_EDGE('',*,*,#914,.F.);
#602=ORIENTED_EDGE('',*,*,#813,.T.);
#603=ORIENTED_EDGE('',*,*,#810,.F.);
#604=ORIENTED_EDGE('',*,*,#807,.T.);
#605=ORIENTED_EDGE('',*,*,#804,.F.);
#606=ORIENTED_EDGE('',*,*,#801,.F.);
#607=ORIENTED_EDGE('',*,*,#798,.F.);
#608=ORIENTED_EDGE('',*,*,#772,.T.);
#609=ORIENTED_EDGE('',*,*,#912,.F.);
#610=ORIENTED_EDGE('',*,*,#791,.F.);
#611=ORIENTED_EDGE('',*,*,#788,.F.);
#612=ORIENTED_EDGE('',*,*,#785,.T.);
#613=ORIENTED_EDGE('',*,*,#782,.F.);
#614=ORIENTED_EDGE('',*,*,#779,.T.);
#615=ORIENTED_EDGE('',*,*,#776,.F.);
#616=ORIENTED_EDGE('',*,*,#750,.F.);
#617=ORIENTED_EDGE('',*,*,#910,.F.);
#618=ORIENTED_EDGE('',*,*,#769,.F.);
#619=ORIENTED_EDGE('',*,*,#766,.F.);
#620=ORIENTED_EDGE('',*,*,#763,.T.);
#621=ORIENTED_EDGE('',*,*,#760,.F.);
#622=ORIENTED_EDGE('',*,*,#757,.T.);
#623=ORIENTED_EDGE('',*,*,#754,.F.);
#624=ORIENTED_EDGE('',*,*,#728,.F.);
#625=ORIENTED_EDGE('',*,*,#908,.F.);
#626=ORIENTED_EDGE('',*,*,#747,.T.);
#627=ORIENTED_EDGE('',*,*,#744,.F.);
#628=ORIENTED_EDGE('',*,*,#741,.T.);
#629=ORIENTED_EDGE('',*,*,#738,.F.);
#630=ORIENTED_EDGE('',*,*,#735,.F.);
#631=ORIENTED_EDGE('',*,*,#732,.F.);
#632=ORIENTED_EDGE('',*,*,#706,.F.);
#633=ORIENTED_EDGE('',*,*,#906,.F.);
#634=ORIENTED_EDGE('',*,*,#725,.T.);
#635=ORIENTED_EDGE('',*,*,#722,.F.);
#636=ORIENTED_EDGE('',*,*,#719,.T.);
#637=ORIENTED_EDGE('',*,*,#716,.F.);
#638=ORIENTED_EDGE('',*,*,#713,.T.);
#639=ORIENTED_EDGE('',*,*,#710,.F.);
#640=ORIENTED_EDGE('',*,*,#684,.F.);
#641=ORIENTED_EDGE('',*,*,#904,.F.);
#642=ORIENTED_EDGE('',*,*,#703,.T.);
#643=ORIENTED_EDGE('',*,*,#700,.F.);
#644=ORIENTED_EDGE('',*,*,#697,.T.);
#645=ORIENTED_EDGE('',*,*,#694,.F.);
#646=ORIENTED_EDGE('',*,*,#691,.T.);
#647=ORIENTED_EDGE('',*,*,#688,.F.);
#648=ORIENTED_EDGE('',*,*,#926,.T.);
#649=ORIENTED_EDGE('',*,*,#932,.T.);
#650=ORIENTED_EDGE('',*,*,#680,.T.);
#651=ORIENTED_EDGE('',*,*,#933,.T.);
#652=ORIENTED_EDGE('',*,*,#678,.F.);
#653=ORIENTED_EDGE('',*,*,#934,.T.);
#654=ORIENTED_EDGE('',*,*,#674,.F.);
#655=ORIENTED_EDGE('',*,*,#935,.T.);
#656=ORIENTED_EDGE('',*,*,#928,.F.);
#657=ORIENTED_EDGE('',*,*,#681,.F.);
#658=ORIENTED_EDGE('',*,*,#932,.F.);
#659=ORIENTED_EDGE('',*,*,#925,.F.);
#660=ORIENTED_EDGE('',*,*,#929,.F.);
#661=ORIENTED_EDGE('',*,*,#927,.F.);
#662=ORIENTED_EDGE('',*,*,#935,.F.);
#663=ORIENTED_EDGE('',*,*,#673,.F.);
#664=ORIENTED_EDGE('',*,*,#930,.F.);
#665=ORIENTED_EDGE('',*,*,#675,.F.);
#666=ORIENTED_EDGE('',*,*,#934,.F.);
#667=ORIENTED_EDGE('',*,*,#677,.F.);
#668=ORIENTED_EDGE('',*,*,#931,.F.);
#669=ORIENTED_EDGE('',*,*,#679,.F.);
#670=ORIENTED_EDGE('',*,*,#933,.F.);
#671=ORIENTED_EDGE('',*,*,#683,.F.);
#672=EDGE_CURVE('',#936,#937,#1112,.T.);
#673=EDGE_CURVE('',#936,#938,#1113,.T.);
#674=EDGE_CURVE('',#938,#939,#1114,.T.);
#675=EDGE_CURVE('',#939,#937,#1115,.F.);
#676=EDGE_CURVE('',#940,#941,#1116,.T.);
#677=EDGE_CURVE('',#940,#942,#1117,.T.);
#678=EDGE_CURVE('',#942,#943,#1118,.T.);
#679=EDGE_CURVE('',#943,#941,#1119,.F.);
#680=EDGE_CURVE('',#944,#945,#1120,.T.);
#681=EDGE_CURVE('',#944,#946,#1121,.F.);
#682=EDGE_CURVE('',#946,#947,#1122,.T.);
#683=EDGE_CURVE('',#947,#945,#1123,.T.);
#684=EDGE_CURVE('',#948,#949,#1124,.T.);
#685=EDGE_CURVE('',#950,#949,#1125,.T.);
#686=EDGE_CURVE('',#951,#950,#1126,.T.);
#687=EDGE_CURVE('',#951,#948,#1127,.T.);
#688=EDGE_CURVE('',#949,#952,#12,.T.);
#689=EDGE_CURVE('',#953,#952,#1128,.T.);
#690=EDGE_CURVE('',#950,#953,#13,.T.);
#691=EDGE_CURVE('',#954,#952,#1129,.T.);
#692=EDGE_CURVE('',#955,#954,#1130,.T.);
#693=EDGE_CURVE('',#955,#953,#1131,.T.);
#694=EDGE_CURVE('',#954,#956,#14,.T.);
#695=EDGE_CURVE('',#957,#956,#1132,.T.);
#696=EDGE_CURVE('',#955,#957,#15,.T.);
#697=EDGE_CURVE('',#958,#956,#1133,.T.);
#698=EDGE_CURVE('',#959,#958,#1134,.T.);
#699=EDGE_CURVE('',#959,#957,#1135,.T.);
#700=EDGE_CURVE('',#958,#960,#16,.T.);
#701=EDGE_CURVE('',#961,#960,#1136,.T.);
#702=EDGE_CURVE('',#959,#961,#17,.T.);
#703=EDGE_CURVE('',#962,#960,#1137,.T.);
#704=EDGE_CURVE('',#963,#962,#1138,.T.);
#705=EDGE_CURVE('',#963,#961,#1139,.T.);
#706=EDGE_CURVE('',#964,#965,#1140,.T.);
#707=EDGE_CURVE('',#966,#965,#1141,.T.);
#708=EDGE_CURVE('',#967,#966,#1142,.T.);
#709=EDGE_CURVE('',#967,#964,#1143,.T.);
#710=EDGE_CURVE('',#965,#968,#18,.T.);
#711=EDGE_CURVE('',#969,#968,#1144,.T.);
#712=EDGE_CURVE('',#966,#969,#19,.T.);
#713=EDGE_CURVE('',#970,#968,#1145,.T.);
#714=EDGE_CURVE('',#971,#970,#1146,.T.);
#715=EDGE_CURVE('',#971,#969,#1147,.T.);
#716=EDGE_CURVE('',#970,#972,#20,.T.);
#717=EDGE_CURVE('',#973,#972,#1148,.T.);
#718=EDGE_CURVE('',#971,#973,#21,.T.);
#719=EDGE_CURVE('',#974,#972,#1149,.T.);
#720=EDGE_CURVE('',#975,#974,#1150,.T.);
#721=EDGE_CURVE('',#975,#973,#1151,.T.);
#722=EDGE_CURVE('',#974,#976,#22,.T.);
#723=EDGE_CURVE('',#977,#976,#1152,.T.);
#724=EDGE_CURVE('',#975,#977,#23,.T.);
#725=EDGE_CURVE('',#978,#976,#1153,.T.);
#726=EDGE_CURVE('',#979,#978,#1154,.T.);
#727=EDGE_CURVE('',#979,#977,#1155,.T.);
#728=EDGE_CURVE('',#980,#981,#1156,.T.);
#729=EDGE_CURVE('',#982,#981,#1157,.T.);
#730=EDGE_CURVE('',#983,#982,#1158,.T.);
#731=EDGE_CURVE('',#983,#980,#1159,.T.);
#732=EDGE_CURVE('',#981,#984,#24,.T.);
#733=EDGE_CURVE('',#985,#984,#1160,.T.);
#734=EDGE_CURVE('',#982,#985,#25,.T.);
#735=EDGE_CURVE('',#984,#986,#1161,.T.);
#736=EDGE_CURVE('',#987,#986,#1162,.T.);
#737=EDGE_CURVE('',#985,#987,#1163,.T.);
#738=EDGE_CURVE('',#986,#988,#26,.T.);
#739=EDGE_CURVE('',#989,#988,#1164,.T.);
#740=EDGE_CURVE('',#987,#989,#27,.T.);
#741=EDGE_CURVE('',#990,#988,#1165,.T.);
#742=EDGE_CURVE('',#991,#990,#1166,.T.);
#743=EDGE_CURVE('',#991,#989,#1167,.T.);
#744=EDGE_CURVE('',#990,#992,#28,.T.);
#745=EDGE_CURVE('',#993,#992,#1168,.T.);
#746=EDGE_CURVE('',#991,#993,#29,.T.);
#747=EDGE_CURVE('',#994,#992,#1169,.T.);
#748=EDGE_CURVE('',#995,#994,#1170,.T.);
#749=EDGE_CURVE('',#995,#993,#1171,.T.);
#750=EDGE_CURVE('',#996,#997,#1172,.T.);
#751=EDGE_CURVE('',#998,#997,#1173,.T.);
#752=EDGE_CURVE('',#999,#998,#1174,.T.);
#753=EDGE_CURVE('',#999,#996,#1175,.T.);
#754=EDGE_CURVE('',#997,#1000,#30,.T.);
#755=EDGE_CURVE('',#1001,#1000,#1176,.T.);
#756=EDGE_CURVE('',#998,#1001,#31,.T.);
#757=EDGE_CURVE('',#1002,#1000,#1177,.T.);
#758=EDGE_CURVE('',#1003,#1002,#1178,.T.);
#759=EDGE_CURVE('',#1003,#1001,#1179,.T.);
#760=EDGE_CURVE('',#1002,#1004,#32,.T.);
#761=EDGE_CURVE('',#1005,#1004,#1180,.T.);
#762=EDGE_CURVE('',#1003,#1005,#33,.T.);
#763=EDGE_CURVE('',#1006,#1004,#1181,.T.);
#764=EDGE_CURVE('',#1007,#1006,#1182,.T.);
#765=EDGE_CURVE('',#1007,#1005,#1183,.T.);
#766=EDGE_CURVE('',#1006,#1008,#34,.T.);
#767=EDGE_CURVE('',#1009,#1008,#1184,.T.);
#768=EDGE_CURVE('',#1007,#1009,#35,.T.);
#769=EDGE_CURVE('',#1008,#1010,#1185,.T.);
#770=EDGE_CURVE('',#1011,#1010,#1186,.T.);
#771=EDGE_CURVE('',#1009,#1011,#1187,.T.);
#772=EDGE_CURVE('',#1012,#1013,#1188,.T.);
#773=EDGE_CURVE('',#1014,#1012,#1189,.T.);
#774=EDGE_CURVE('',#1014,#1015,#1190,.T.);
#775=EDGE_CURVE('',#1015,#1013,#1191,.T.);
#776=EDGE_CURVE('',#1012,#1016,#36,.T.);
#777=EDGE_CURVE('',#1017,#1016,#1192,.T.);
#778=EDGE_CURVE('',#1014,#1017,#37,.T.);
#779=EDGE_CURVE('',#1018,#1016,#1193,.T.);
#780=EDGE_CURVE('',#1019,#1018,#1194,.T.);
#781=EDGE_CURVE('',#1019,#1017,#1195,.T.);
#782=EDGE_CURVE('',#1018,#1020,#38,.T.);
#783=EDGE_CURVE('',#1021,#1020,#1196,.T.);
#784=EDGE_CURVE('',#1019,#1021,#39,.T.);
#785=EDGE_CURVE('',#1022,#1020,#1197,.T.);
#786=EDGE_CURVE('',#1023,#1022,#1198,.T.);
#787=EDGE_CURVE('',#1023,#1021,#1199,.T.);
#788=EDGE_CURVE('',#1022,#1024,#40,.T.);
#789=EDGE_CURVE('',#1025,#1024,#1200,.T.);
#790=EDGE_CURVE('',#1023,#1025,#41,.T.);
#791=EDGE_CURVE('',#1024,#1026,#1201,.T.);
#792=EDGE_CURVE('',#1027,#1026,#1202,.T.);
#793=EDGE_CURVE('',#1025,#1027,#1203,.T.);
#794=EDGE_CURVE('',#1028,#1029,#1204,.T.);
#795=EDGE_CURVE('',#1030,#1029,#1205,.T.);
#796=EDGE_CURVE('',#1031,#1030,#1206,.T.);
#797=EDGE_CURVE('',#1031,#1028,#1207,.T.);
#798=EDGE_CURVE('',#1029,#1032,#42,.T.);
#799=EDGE_CURVE('',#1033,#1032,#1208,.T.);
#800=EDGE_CURVE('',#1030,#1033,#43,.T.);
#801=EDGE_CURVE('',#1032,#1034,#1209,.T.);
#802=EDGE_CURVE('',#1035,#1034,#1210,.T.);
#803=EDGE_CURVE('',#1033,#1035,#1211,.T.);
#804=EDGE_CURVE('',#1034,#1036,#44,.T.);
#805=EDGE_CURVE('',#1037,#1036,#1212,.T.);
#806=EDGE_CURVE('',#1035,#1037,#45,.T.);
#807=EDGE_CURVE('',#1038,#1036,#1213,.T.);
#808=EDGE_CURVE('',#1039,#1038,#1214,.T.);
#809=EDGE_CURVE('',#1039,#1037,#1215,.T.);
#810=EDGE_CURVE('',#1038,#1040,#46,.T.);
#811=EDGE_CURVE('',#1041,#1040,#1216,.T.);
#812=EDGE_CURVE('',#1039,#1041,#47,.T.);
#813=EDGE_CURVE('',#1042,#1040,#1217,.T.);
#814=EDGE_CURVE('',#1043,#1042,#1218,.T.);
#815=EDGE_CURVE('',#1043,#1041,#1219,.T.);
#816=EDGE_CURVE('',#1044,#1045,#1220,.T.);
#817=EDGE_CURVE('',#1046,#1044,#1221,.T.);
#818=EDGE_CURVE('',#1046,#1047,#1222,.T.);
#819=EDGE_CURVE('',#1047,#1045,#1223,.T.);
#820=EDGE_CURVE('',#1044,#1048,#48,.T.);
#821=EDGE_CURVE('',#1049,#1048,#1224,.T.);
#822=EDGE_CURVE('',#1046,#1049,#49,.T.);
#823=EDGE_CURVE('',#1048,#1050,#1225,.T.);
#824=EDGE_CURVE('',#1051,#1050,#1226,.T.);
#825=EDGE_CURVE('',#1049,#1051,#1227,.T.);
#826=EDGE_CURVE('',#1050,#1052,#50,.T.);
#827=EDGE_CURVE('',#1053,#1052,#1228,.T.);
#828=EDGE_CURVE('',#1051,#1053,#51,.T.);
#829=EDGE_CURVE('',#1052,#1054,#1229,.T.);
#830=EDGE_CURVE('',#1055,#1054,#1230,.T.);
#831=EDGE_CURVE('',#1053,#1055,#1231,.T.);
#832=EDGE_CURVE('',#1054,#1056,#52,.T.);
#833=EDGE_CURVE('',#1057,#1056,#1232,.T.);
#834=EDGE_CURVE('',#1055,#1057,#53,.T.);
#835=EDGE_CURVE('',#1058,#1056,#1233,.T.);
#836=EDGE_CURVE('',#1059,#1058,#1234,.T.);
#837=EDGE_CURVE('',#1059,#1057,#1235,.T.);
#838=EDGE_CURVE('',#1060,#1061,#1236,.T.);
#839=EDGE_CURVE('',#1062,#1061,#1237,.T.);
#840=EDGE_CURVE('',#1063,#1062,#1238,.T.);
#841=EDGE_CURVE('',#1063,#1060,#1239,.T.);
#842=EDGE_CURVE('',#1061,#1064,#54,.T.);
#843=EDGE_CURVE('',#1065,#1064,#1240,.T.);
#844=EDGE_CURVE('',#1062,#1065,#55,.T.);
#845=EDGE_CURVE('',#1064,#1066,#1241,.T.);
#846=EDGE_CURVE('',#1067,#1066,#1242,.T.);
#847=EDGE_CURVE('',#1065,#1067,#1243,.T.);
#848=EDGE_CURVE('',#1066,#1068,#56,.T.);
#849=EDGE_CURVE('',#1069,#1068,#1244,.T.);
#850=EDGE_CURVE('',#1067,#1069,#57,.T.);
#851=EDGE_CURVE('',#1070,#1068,#1245,.T.);
#852=EDGE_CURVE('',#1071,#1070,#1246,.T.);
#853=EDGE_CURVE('',#1071,#1069,#1247,.T.);
#854=EDGE_CURVE('',#1070,#1072,#58,.T.);
#855=EDGE_CURVE('',#1073,#1072,#1248,.T.);
#856=EDGE_CURVE('',#1071,#1073,#59,.T.);
#857=EDGE_CURVE('',#1074,#1072,#1249,.T.);
#858=EDGE_CURVE('',#1075,#1074,#1250,.T.);
#859=EDGE_CURVE('',#1075,#1073,#1251,.T.);
#860=EDGE_CURVE('',#1076,#1077,#1252,.T.);
#861=EDGE_CURVE('',#1078,#1076,#1253,.T.);
#862=EDGE_CURVE('',#1078,#1079,#1254,.T.);
#863=EDGE_CURVE('',#1079,#1077,#1255,.T.);
#864=EDGE_CURVE('',#1076,#1080,#60,.T.);
#865=EDGE_CURVE('',#1081,#1080,#1256,.T.);
#866=EDGE_CURVE('',#1078,#1081,#61,.T.);
#867=EDGE_CURVE('',#1080,#1082,#1257,.T.);
#868=EDGE_CURVE('',#1083,#1082,#1258,.T.);
#869=EDGE_CURVE('',#1081,#1083,#1259,.T.);
#870=EDGE_CURVE('',#1082,#1084,#62,.T.);
#871=EDGE_CURVE('',#1085,#1084,#1260,.T.);
#872=EDGE_CURVE('',#1083,#1085,#63,.T.);
#873=EDGE_CURVE('',#1084,#1086,#1261,.T.);
#874=EDGE_CURVE('',#1087,#1086,#1262,.T.);
#875=EDGE_CURVE('',#1085,#1087,#1263,.T.);
#876=EDGE_CURVE('',#1086,#1088,#64,.T.);
#877=EDGE_CURVE('',#1089,#1088,#1264,.T.);
#878=EDGE_CURVE('',#1087,#1089,#65,.T.);
#879=EDGE_CURVE('',#1090,#1088,#1265,.T.);
#880=EDGE_CURVE('',#1091,#1090,#1266,.T.);
#881=EDGE_CURVE('',#1091,#1089,#1267,.T.);
#882=EDGE_CURVE('',#1092,#1093,#1268,.T.);
#883=EDGE_CURVE('',#1094,#1093,#1269,.T.);
#884=EDGE_CURVE('',#1095,#1094,#1270,.T.);
#885=EDGE_CURVE('',#1095,#1092,#1271,.T.);
#886=EDGE_CURVE('',#1093,#1096,#66,.T.);
#887=EDGE_CURVE('',#1097,#1096,#1272,.T.);
#888=EDGE_CURVE('',#1094,#1097,#67,.T.);
#889=EDGE_CURVE('',#1096,#1098,#1273,.T.);
#890=EDGE_CURVE('',#1099,#1098,#1274,.T.);
#891=EDGE_CURVE('',#1097,#1099,#1275,.T.);
#892=EDGE_CURVE('',#1098,#1100,#68,.T.);
#893=EDGE_CURVE('',#1101,#1100,#1276,.T.);
#894=EDGE_CURVE('',#1099,#1101,#69,.T.);
#895=EDGE_CURVE('',#1102,#1100,#1277,.T.);
#896=EDGE_CURVE('',#1103,#1102,#1278,.T.);
#897=EDGE_CURVE('',#1103,#1101,#1279,.T.);
#898=EDGE_CURVE('',#1102,#1104,#70,.T.);
#899=EDGE_CURVE('',#1105,#1104,#1280,.T.);
#900=EDGE_CURVE('',#1103,#1105,#71,.T.);
#901=EDGE_CURVE('',#1106,#1104,#1281,.T.);
#902=EDGE_CURVE('',#1107,#1106,#1282,.T.);
#903=EDGE_CURVE('',#1107,#1105,#1283,.T.);
#904=EDGE_CURVE('',#962,#948,#72,.T.);
#905=EDGE_CURVE('',#963,#951,#73,.T.);
#906=EDGE_CURVE('',#978,#964,#74,.T.);
#907=EDGE_CURVE('',#979,#967,#75,.T.);
#908=EDGE_CURVE('',#994,#980,#76,.T.);
#909=EDGE_CURVE('',#995,#983,#77,.T.);
#910=EDGE_CURVE('',#1010,#996,#78,.T.);
#911=EDGE_CURVE('',#1011,#999,#79,.T.);
#912=EDGE_CURVE('',#1026,#1013,#80,.T.);
#913=EDGE_CURVE('',#1027,#1015,#81,.T.);
#914=EDGE_CURVE('',#1042,#1028,#82,.T.);
#915=EDGE_CURVE('',#1043,#1031,#83,.T.);
#916=EDGE_CURVE('',#1058,#1045,#84,.T.);
#917=EDGE_CURVE('',#1059,#1047,#85,.T.);
#918=EDGE_CURVE('',#1074,#1060,#86,.T.);
#919=EDGE_CURVE('',#1075,#1063,#87,.T.);
#920=EDGE_CURVE('',#1090,#1077,#88,.T.);
#921=EDGE_CURVE('',#1091,#1079,#89,.T.);
#922=EDGE_CURVE('',#1106,#1092,#90,.T.);
#923=EDGE_CURVE('',#1107,#1095,#91,.T.);
#924=EDGE_CURVE('',#1108,#1109,#1284,.T.);
#925=EDGE_CURVE('',#1109,#1110,#1285,.T.);
#926=EDGE_CURVE('',#1111,#1110,#1286,.T.);
#927=EDGE_CURVE('',#1111,#1108,#1287,.F.);
#928=EDGE_CURVE('',#946,#1109,#92,.F.);
#929=EDGE_CURVE('',#1108,#936,#93,.F.);
#930=EDGE_CURVE('',#937,#940,#94,.F.);
#931=EDGE_CURVE('',#941,#947,#95,.F.);
#932=EDGE_CURVE('',#1110,#944,#96,.T.);
#933=EDGE_CURVE('',#945,#943,#97,.T.);
#934=EDGE_CURVE('',#942,#939,#98,.T.);
#935=EDGE_CURVE('',#938,#1111,#99,.T.);
#936=VERTEX_POINT('',#2548);
#937=VERTEX_POINT('',#2549);
#938=VERTEX_POINT('',#2551);
#939=VERTEX_POINT('',#2553);
#940=VERTEX_POINT('',#2557);
#941=VERTEX_POINT('',#2558);
#942=VERTEX_POINT('',#2560);
#943=VERTEX_POINT('',#2562);
#944=VERTEX_POINT('',#2566);
#945=VERTEX_POINT('',#2567);
#946=VERTEX_POINT('',#2569);
#947=VERTEX_POINT('',#2571);
#948=VERTEX_POINT('',#2575);
#949=VERTEX_POINT('',#2576);
#950=VERTEX_POINT('',#2578);
#951=VERTEX_POINT('',#2580);
#952=VERTEX_POINT('',#2584);
#953=VERTEX_POINT('',#2586);
#954=VERTEX_POINT('',#2590);
#955=VERTEX_POINT('',#2592);
#956=VERTEX_POINT('',#2596);
#957=VERTEX_POINT('',#2598);
#958=VERTEX_POINT('',#2602);
#959=VERTEX_POINT('',#2604);
#960=VERTEX_POINT('',#2608);
#961=VERTEX_POINT('',#2610);
#962=VERTEX_POINT('',#2614);
#963=VERTEX_POINT('',#2616);
#964=VERTEX_POINT('',#2620);
#965=VERTEX_POINT('',#2621);
#966=VERTEX_POINT('',#2623);
#967=VERTEX_POINT('',#2625);
#968=VERTEX_POINT('',#2629);
#969=VERTEX_POINT('',#2631);
#970=VERTEX_POINT('',#2635);
#971=VERTEX_POINT('',#2637);
#972=VERTEX_POINT('',#2641);
#973=VERTEX_POINT('',#2643);
#974=VERTEX_POINT('',#2647);
#975=VERTEX_POINT('',#2649);
#976=VERTEX_POINT('',#2653);
#977=VERTEX_POINT('',#2655);
#978=VERTEX_POINT('',#2659);
#979=VERTEX_POINT('',#2661);
#980=VERTEX_POINT('',#2665);
#981=VERTEX_POINT('',#2666);
#982=VERTEX_POINT('',#2668);
#983=VERTEX_POINT('',#2670);
#984=VERTEX_POINT('',#2674);
#985=VERTEX_POINT('',#2676);
#986=VERTEX_POINT('',#2680);
#987=VERTEX_POINT('',#2682);
#988=VERTEX_POINT('',#2686);
#989=VERTEX_POINT('',#2688);
#990=VERTEX_POINT('',#2692);
#991=VERTEX_POINT('',#2694);
#992=VERTEX_POINT('',#2698);
#993=VERTEX_POINT('',#2700);
#994=VERTEX_POINT('',#2704);
#995=VERTEX_POINT('',#2706);
#996=VERTEX_POINT('',#2710);
#997=VERTEX_POINT('',#2711);
#998=VERTEX_POINT('',#2713);
#999=VERTEX_POINT('',#2715);
#1000=VERTEX_POINT('',#2719);
#1001=VERTEX_POINT('',#2721);
#1002=VERTEX_POINT('',#2725);
#1003=VERTEX_POINT('',#2727);
#1004=VERTEX_POINT('',#2731);
#1005=VERTEX_POINT('',#2733);
#1006=VERTEX_POINT('',#2737);
#1007=VERTEX_POINT('',#2739);
#1008=VERTEX_POINT('',#2743);
#1009=VERTEX_POINT('',#2745);
#1010=VERTEX_POINT('',#2749);
#1011=VERTEX_POINT('',#2751);
#1012=VERTEX_POINT('',#2755);
#1013=VERTEX_POINT('',#2756);
#1014=VERTEX_POINT('',#2758);
#1015=VERTEX_POINT('',#2760);
#1016=VERTEX_POINT('',#2764);
#1017=VERTEX_POINT('',#2766);
#1018=VERTEX_POINT('',#2770);
#1019=VERTEX_POINT('',#2772);
#1020=VERTEX_POINT('',#2776);
#1021=VERTEX_POINT('',#2778);
#1022=VERTEX_POINT('',#2782);
#1023=VERTEX_POINT('',#2784);
#1024=VERTEX_POINT('',#2788);
#1025=VERTEX_POINT('',#2790);
#1026=VERTEX_POINT('',#2794);
#1027=VERTEX_POINT('',#2796);
#1028=VERTEX_POINT('',#2800);
#1029=VERTEX_POINT('',#2801);
#1030=VERTEX_POINT('',#2803);
#1031=VERTEX_POINT('',#2805);
#1032=VERTEX_POINT('',#2809);
#1033=VERTEX_POINT('',#2811);
#1034=VERTEX_POINT('',#2815);
#1035=VERTEX_POINT('',#2817);
#1036=VERTEX_POINT('',#2821);
#1037=VERTEX_POINT('',#2823);
#1038=VERTEX_POINT('',#2827);
#1039=VERTEX_POINT('',#2829);
#1040=VERTEX_POINT('',#2833);
#1041=VERTEX_POINT('',#2835);
#1042=VERTEX_POINT('',#2839);
#1043=VERTEX_POINT('',#2841);
#1044=VERTEX_POINT('',#2845);
#1045=VERTEX_POINT('',#2846);
#1046=VERTEX_POINT('',#2848);
#1047=VERTEX_POINT('',#2850);
#1048=VERTEX_POINT('',#2854);
#1049=VERTEX_POINT('',#2856);
#1050=VERTEX_POINT('',#2860);
#1051=VERTEX_POINT('',#2862);
#1052=VERTEX_POINT('',#2866);
#1053=VERTEX_POINT('',#2868);
#1054=VERTEX_POINT('',#2872);
#1055=VERTEX_POINT('',#2874);
#1056=VERTEX_POINT('',#2878);
#1057=VERTEX_POINT('',#2880);
#1058=VERTEX_POINT('',#2884);
#1059=VERTEX_POINT('',#2886);
#1060=VERTEX_POINT('',#2890);
#1061=VERTEX_POINT('',#2891);
#1062=VERTEX_POINT('',#2893);
#1063=VERTEX_POINT('',#2895);
#1064=VERTEX_POINT('',#2899);
#1065=VERTEX_POINT('',#2901);
#1066=VERTEX_POINT('',#2905);
#1067=VERTEX_POINT('',#2907);
#1068=VERTEX_POINT('',#2911);
#1069=VERTEX_POINT('',#2913);
#1070=VERTEX_POINT('',#2917);
#1071=VERTEX_POINT('',#2919);
#1072=VERTEX_POINT('',#2923);
#1073=VERTEX_POINT('',#2925);
#1074=VERTEX_POINT('',#2929);
#1075=VERTEX_POINT('',#2931);
#1076=VERTEX_POINT('',#2935);
#1077=VERTEX_POINT('',#2936);
#1078=VERTEX_POINT('',#2938);
#1079=VERTEX_POINT('',#2940);
#1080=VERTEX_POINT('',#2944);
#1081=VERTEX_POINT('',#2946);
#1082=VERTEX_POINT('',#2950);
#1083=VERTEX_POINT('',#2952);
#1084=VERTEX_POINT('',#2956);
#1085=VERTEX_POINT('',#2958);
#1086=VERTEX_POINT('',#2962);
#1087=VERTEX_POINT('',#2964);
#1088=VERTEX_POINT('',#2968);
#1089=VERTEX_POINT('',#2970);
#1090=VERTEX_POINT('',#2974);
#1091=VERTEX_POINT('',#2976);
#1092=VERTEX_POINT('',#2980);
#1093=VERTEX_POINT('',#2981);
#1094=VERTEX_POINT('',#2983);
#1095=VERTEX_POINT('',#2985);
#1096=VERTEX_POINT('',#2989);
#1097=VERTEX_POINT('',#2991);
#1098=VERTEX_POINT('',#2995);
#1099=VERTEX_POINT('',#2997);
#1100=VERTEX_POINT('',#3001);
#1101=VERTEX_POINT('',#3003);
#1102=VERTEX_POINT('',#3007);
#1103=VERTEX_POINT('',#3009);
#1104=VERTEX_POINT('',#3013);
#1105=VERTEX_POINT('',#3015);
#1106=VERTEX_POINT('',#3019);
#1107=VERTEX_POINT('',#3021);
#1108=VERTEX_POINT('',#3055);
#1109=VERTEX_POINT('',#3056);
#1110=VERTEX_POINT('',#3058);
#1111=VERTEX_POINT('',#3060);
#1112=LINE('',#2547,#1288);
#1113=LINE('',#2550,#1289);
#1114=LINE('',#2552,#1290);
#1115=LINE('',#2554,#1291);
#1116=LINE('',#2556,#1292);
#1117=LINE('',#2559,#1293);
#1118=LINE('',#2561,#1294);
#1119=LINE('',#2563,#1295);
#1120=LINE('',#2565,#1296);
#1121=LINE('',#2568,#1297);
#1122=LINE('',#2570,#1298);
#1123=LINE('',#2572,#1299);
#1124=LINE('',#2574,#1300);
#1125=LINE('',#2577,#1301);
#1126=LINE('',#2579,#1302);
#1127=LINE('',#2581,#1303);
#1128=LINE('',#2585,#1304);
#1129=LINE('',#2589,#1305);
#1130=LINE('',#2591,#1306);
#1131=LINE('',#2593,#1307);
#1132=LINE('',#2597,#1308);
#1133=LINE('',#2601,#1309);
#1134=LINE('',#2603,#1310);
#1135=LINE('',#2605,#1311);
#1136=LINE('',#2609,#1312);
#1137=LINE('',#2613,#1313);
#1138=LINE('',#2615,#1314);
#1139=LINE('',#2617,#1315);
#1140=LINE('',#2619,#1316);
#1141=LINE('',#2622,#1317);
#1142=LINE('',#2624,#1318);
#1143=LINE('',#2626,#1319);
#1144=LINE('',#2630,#1320);
#1145=LINE('',#2634,#1321);
#1146=LINE('',#2636,#1322);
#1147=LINE('',#2638,#1323);
#1148=LINE('',#2642,#1324);
#1149=LINE('',#2646,#1325);
#1150=LINE('',#2648,#1326);
#1151=LINE('',#2650,#1327);
#1152=LINE('',#2654,#1328);
#1153=LINE('',#2658,#1329);
#1154=LINE('',#2660,#1330);
#1155=LINE('',#2662,#1331);
#1156=LINE('',#2664,#1332);
#1157=LINE('',#2667,#1333);
#1158=LINE('',#2669,#1334);
#1159=LINE('',#2671,#1335);
#1160=LINE('',#2675,#1336);
#1161=LINE('',#2679,#1337);
#1162=LINE('',#2681,#1338);
#1163=LINE('',#2683,#1339);
#1164=LINE('',#2687,#1340);
#1165=LINE('',#2691,#1341);
#1166=LINE('',#2693,#1342);
#1167=LINE('',#2695,#1343);
#1168=LINE('',#2699,#1344);
#1169=LINE('',#2703,#1345);
#1170=LINE('',#2705,#1346);
#1171=LINE('',#2707,#1347);
#1172=LINE('',#2709,#1348);
#1173=LINE('',#2712,#1349);
#1174=LINE('',#2714,#1350);
#1175=LINE('',#2716,#1351);
#1176=LINE('',#2720,#1352);
#1177=LINE('',#2724,#1353);
#1178=LINE('',#2726,#1354);
#1179=LINE('',#2728,#1355);
#1180=LINE('',#2732,#1356);
#1181=LINE('',#2736,#1357);
#1182=LINE('',#2738,#1358);
#1183=LINE('',#2740,#1359);
#1184=LINE('',#2744,#1360);
#1185=LINE('',#2748,#1361);
#1186=LINE('',#2750,#1362);
#1187=LINE('',#2752,#1363);
#1188=LINE('',#2754,#1364);
#1189=LINE('',#2757,#1365);
#1190=LINE('',#2759,#1366);
#1191=LINE('',#2761,#1367);
#1192=LINE('',#2765,#1368);
#1193=LINE('',#2769,#1369);
#1194=LINE('',#2771,#1370);
#1195=LINE('',#2773,#1371);
#1196=LINE('',#2777,#1372);
#1197=LINE('',#2781,#1373);
#1198=LINE('',#2783,#1374);
#1199=LINE('',#2785,#1375);
#1200=LINE('',#2789,#1376);
#1201=LINE('',#2793,#1377);
#1202=LINE('',#2795,#1378);
#1203=LINE('',#2797,#1379);
#1204=LINE('',#2799,#1380);
#1205=LINE('',#2802,#1381);
#1206=LINE('',#2804,#1382);
#1207=LINE('',#2806,#1383);
#1208=LINE('',#2810,#1384);
#1209=LINE('',#2814,#1385);
#1210=LINE('',#2816,#1386);
#1211=LINE('',#2818,#1387);
#1212=LINE('',#2822,#1388);
#1213=LINE('',#2826,#1389);
#1214=LINE('',#2828,#1390);
#1215=LINE('',#2830,#1391);
#1216=LINE('',#2834,#1392);
#1217=LINE('',#2838,#1393);
#1218=LINE('',#2840,#1394);
#1219=LINE('',#2842,#1395);
#1220=LINE('',#2844,#1396);
#1221=LINE('',#2847,#1397);
#1222=LINE('',#2849,#1398);
#1223=LINE('',#2851,#1399);
#1224=LINE('',#2855,#1400);
#1225=LINE('',#2859,#1401);
#1226=LINE('',#2861,#1402);
#1227=LINE('',#2863,#1403);
#1228=LINE('',#2867,#1404);
#1229=LINE('',#2871,#1405);
#1230=LINE('',#2873,#1406);
#1231=LINE('',#2875,#1407);
#1232=LINE('',#2879,#1408);
#1233=LINE('',#2883,#1409);
#1234=LINE('',#2885,#1410);
#1235=LINE('',#2887,#1411);
#1236=LINE('',#2889,#1412);
#1237=LINE('',#2892,#1413);
#1238=LINE('',#2894,#1414);
#1239=LINE('',#2896,#1415);
#1240=LINE('',#2900,#1416);
#1241=LINE('',#2904,#1417);
#1242=LINE('',#2906,#1418);
#1243=LINE('',#2908,#1419);
#1244=LINE('',#2912,#1420);
#1245=LINE('',#2916,#1421);
#1246=LINE('',#2918,#1422);
#1247=LINE('',#2920,#1423);
#1248=LINE('',#2924,#1424);
#1249=LINE('',#2928,#1425);
#1250=LINE('',#2930,#1426);
#1251=LINE('',#2932,#1427);
#1252=LINE('',#2934,#1428);
#1253=LINE('',#2937,#1429);
#1254=LINE('',#2939,#1430);
#1255=LINE('',#2941,#1431);
#1256=LINE('',#2945,#1432);
#1257=LINE('',#2949,#1433);
#1258=LINE('',#2951,#1434);
#1259=LINE('',#2953,#1435);
#1260=LINE('',#2957,#1436);
#1261=LINE('',#2961,#1437);
#1262=LINE('',#2963,#1438);
#1263=LINE('',#2965,#1439);
#1264=LINE('',#2969,#1440);
#1265=LINE('',#2973,#1441);
#1266=LINE('',#2975,#1442);
#1267=LINE('',#2977,#1443);
#1268=LINE('',#2979,#1444);
#1269=LINE('',#2982,#1445);
#1270=LINE('',#2984,#1446);
#1271=LINE('',#2986,#1447);
#1272=LINE('',#2990,#1448);
#1273=LINE('',#2994,#1449);
#1274=LINE('',#2996,#1450);
#1275=LINE('',#2998,#1451);
#1276=LINE('',#3002,#1452);
#1277=LINE('',#3006,#1453);
#1278=LINE('',#3008,#1454);
#1279=LINE('',#3010,#1455);
#1280=LINE('',#3014,#1456);
#1281=LINE('',#3018,#1457);
#1282=LINE('',#3020,#1458);
#1283=LINE('',#3022,#1459);
#1284=LINE('',#3054,#1460);
#1285=LINE('',#3057,#1461);
#1286=LINE('',#3059,#1462);
#1287=LINE('',#3061,#1463);
#1288=VECTOR('',#2015,1.);
#1289=VECTOR('',#2016,1.);
#1290=VECTOR('',#2017,1.);
#1291=VECTOR('',#2018,1.);
#1292=VECTOR('',#2021,1.);
#1293=VECTOR('',#2022,1.);
#1294=VECTOR('',#2023,1.);
#1295=VECTOR('',#2024,1.);
#1296=VECTOR('',#2027,1.);
#1297=VECTOR('',#2028,1.);
#1298=VECTOR('',#2029,1.);
#1299=VECTOR('',#2030,1.);
#1300=VECTOR('',#2033,1.);
#1301=VECTOR('',#2034,1.);
#1302=VECTOR('',#2035,1.);
#1303=VECTOR('',#2036,1.);
#1304=VECTOR('',#2041,1.);
#1305=VECTOR('',#2046,1.);
#1306=VECTOR('',#2047,1.);
#1307=VECTOR('',#2048,1.);
#1308=VECTOR('',#2053,1.);
#1309=VECTOR('',#2058,1.);
#1310=VECTOR('',#2059,1.);
#1311=VECTOR('',#2060,1.);
#1312=VECTOR('',#2065,1.);
#1313=VECTOR('',#2070,1.);
#1314=VECTOR('',#2071,1.);
#1315=VECTOR('',#2072,1.);
#1316=VECTOR('',#2075,1.);
#1317=VECTOR('',#2076,1.);
#1318=VECTOR('',#2077,1.);
#1319=VECTOR('',#2078,1.);
#1320=VECTOR('',#2083,1.);
#1321=VECTOR('',#2088,1.);
#1322=VECTOR('',#2089,1.);
#1323=VECTOR('',#2090,1.);
#1324=VECTOR('',#2095,1.);
#1325=VECTOR('',#2100,1.);
#1326=VECTOR('',#2101,1.);
#1327=VECTOR('',#2102,1.);
#1328=VECTOR('',#2107,1.);
#1329=VECTOR('',#2112,1.);
#1330=VECTOR('',#2113,1.);
#1331=VECTOR('',#2114,1.);
#1332=VECTOR('',#2117,1.);
#1333=VECTOR('',#2118,1.);
#1334=VECTOR('',#2119,1.);
#1335=VECTOR('',#2120,1.);
#1336=VECTOR('',#2125,1.);
#1337=VECTOR('',#2130,1.);
#1338=VECTOR('',#2131,1.);
#1339=VECTOR('',#2132,1.);
#1340=VECTOR('',#2137,1.);
#1341=VECTOR('',#2142,1.);
#1342=VECTOR('',#2143,1.);
#1343=VECTOR('',#2144,1.);
#1344=VECTOR('',#2149,1.);
#1345=VECTOR('',#2154,1.);
#1346=VECTOR('',#2155,1.);
#1347=VECTOR('',#2156,1.);
#1348=VECTOR('',#2159,1.);
#1349=VECTOR('',#2160,1.);
#1350=VECTOR('',#2161,1.);
#1351=VECTOR('',#2162,1.);
#1352=VECTOR('',#2167,1.);
#1353=VECTOR('',#2172,1.);
#1354=VECTOR('',#2173,1.);
#1355=VECTOR('',#2174,1.);
#1356=VECTOR('',#2179,1.);
#1357=VECTOR('',#2184,1.);
#1358=VECTOR('',#2185,1.);
#1359=VECTOR('',#2186,1.);
#1360=VECTOR('',#2191,1.);
#1361=VECTOR('',#2196,1.);
#1362=VECTOR('',#2197,1.);
#1363=VECTOR('',#2198,1.);
#1364=VECTOR('',#2201,1.);
#1365=VECTOR('',#2202,1.);
#1366=VECTOR('',#2203,1.);
#1367=VECTOR('',#2204,1.);
#1368=VECTOR('',#2209,1.);
#1369=VECTOR('',#2214,1.);
#1370=VECTOR('',#2215,1.);
#1371=VECTOR('',#2216,1.);
#1372=VECTOR('',#2221,1.);
#1373=VECTOR('',#2226,1.);
#1374=VECTOR('',#2227,1.);
#1375=VECTOR('',#2228,1.);
#1376=VECTOR('',#2233,1.);
#1377=VECTOR('',#2238,1.);
#1378=VECTOR('',#2239,1.);
#1379=VECTOR('',#2240,1.);
#1380=VECTOR('',#2243,1.);
#1381=VECTOR('',#2244,1.);
#1382=VECTOR('',#2245,1.);
#1383=VECTOR('',#2246,1.);
#1384=VECTOR('',#2251,1.);
#1385=VECTOR('',#2256,1.);
#1386=VECTOR('',#2257,1.);
#1387=VECTOR('',#2258,1.);
#1388=VECTOR('',#2263,1.);
#1389=VECTOR('',#2268,1.);
#1390=VECTOR('',#2269,1.);
#1391=VECTOR('',#2270,1.);
#1392=VECTOR('',#2275,1.);
#1393=VECTOR('',#2280,1.);
#1394=VECTOR('',#2281,1.);
#1395=VECTOR('',#2282,1.);
#1396=VECTOR('',#2285,1.);
#1397=VECTOR('',#2286,1.);
#1398=VECTOR('',#2287,1.);
#1399=VECTOR('',#2288,1.);
#1400=VECTOR('',#2293,1.);
#1401=VECTOR('',#2298,1.);
#1402=VECTOR('',#2299,1.);
#1403=VECTOR('',#2300,1.);
#1404=VECTOR('',#2305,1.);
#1405=VECTOR('',#2310,1.);
#1406=VECTOR('',#2311,1.);
#1407=VECTOR('',#2312,1.);
#1408=VECTOR('',#2317,1.);
#1409=VECTOR('',#2322,1.);
#1410=VECTOR('',#2323,1.);
#1411=VECTOR('',#2324,1.);
#1412=VECTOR('',#2327,1.);
#1413=VECTOR('',#2328,1.);
#1414=VECTOR('',#2329,1.);
#1415=VECTOR('',#2330,1.);
#1416=VECTOR('',#2335,1.);
#1417=VECTOR('',#2340,1.);
#1418=VECTOR('',#2341,1.);
#1419=VECTOR('',#2342,1.);
#1420=VECTOR('',#2347,1.);
#1421=VECTOR('',#2352,1.);
#1422=VECTOR('',#2353,1.);
#1423=VECTOR('',#2354,1.);
#1424=VECTOR('',#2359,1.);
#1425=VECTOR('',#2364,1.);
#1426=VECTOR('',#2365,1.);
#1427=VECTOR('',#2366,1.);
#1428=VECTOR('',#2369,1.);
#1429=VECTOR('',#2370,1.);
#1430=VECTOR('',#2371,1.);
#1431=VECTOR('',#2372,1.);
#1432=VECTOR('',#2377,1.);
#1433=VECTOR('',#2382,1.);
#1434=VECTOR('',#2383,1.);
#1435=VECTOR('',#2384,1.);
#1436=VECTOR('',#2389,1.);
#1437=VECTOR('',#2394,1.);
#1438=VECTOR('',#2395,1.);
#1439=VECTOR('',#2396,1.);
#1440=VECTOR('',#2401,1.);
#1441=VECTOR('',#2406,1.);
#1442=VECTOR('',#2407,1.);
#1443=VECTOR('',#2408,1.);
#1444=VECTOR('',#2411,1.);
#1445=VECTOR('',#2412,1.);
#1446=VECTOR('',#2413,1.);
#1447=VECTOR('',#2414,1.);
#1448=VECTOR('',#2419,1.);
#1449=VECTOR('',#2424,1.);
#1450=VECTOR('',#2425,1.);
#1451=VECTOR('',#2426,1.);
#1452=VECTOR('',#2431,1.);
#1453=VECTOR('',#2436,1.);
#1454=VECTOR('',#2437,1.);
#1455=VECTOR('',#2438,1.);
#1456=VECTOR('',#2443,1.);
#1457=VECTOR('',#2448,1.);
#1458=VECTOR('',#2449,1.);
#1459=VECTOR('',#2450,1.);
#1460=VECTOR('',#2513,1.);
#1461=VECTOR('',#2514,1.);
#1462=VECTOR('',#2515,1.);
#1463=VECTOR('',#2516,1.);
#1464=EDGE_LOOP('',(#144,#145,#146,#147));
#1465=EDGE_LOOP('',(#148,#149,#150,#151));
#1466=EDGE_LOOP('',(#152,#153,#154,#155));
#1467=EDGE_LOOP('',(#156,#157,#158,#159));
#1468=EDGE_LOOP('',(#160,#161,#162,#163));
#1469=EDGE_LOOP('',(#164,#165,#166,#167));
#1470=EDGE_LOOP('',(#168,#169,#170,#171));
#1471=EDGE_LOOP('',(#172,#173,#174,#175));
#1472=EDGE_LOOP('',(#176,#177,#178,#179));
#1473=EDGE_LOOP('',(#180,#181,#182,#183));
#1474=EDGE_LOOP('',(#184,#185,#186,#187));
#1475=EDGE_LOOP('',(#188,#189,#190,#191));
#1476=EDGE_LOOP('',(#192,#193,#194,#195));
#1477=EDGE_LOOP('',(#196,#197,#198,#199));
#1478=EDGE_LOOP('',(#200,#201,#202,#203));
#1479=EDGE_LOOP('',(#204,#205,#206,#207));
#1480=EDGE_LOOP('',(#208,#209,#210,#211));
#1481=EDGE_LOOP('',(#212,#213,#214,#215));
#1482=EDGE_LOOP('',(#216,#217,#218,#219));
#1483=EDGE_LOOP('',(#220,#221,#222,#223));
#1484=EDGE_LOOP('',(#224,#225,#226,#227));
#1485=EDGE_LOOP('',(#228,#229,#230,#231));
#1486=EDGE_LOOP('',(#232,#233,#234,#235));
#1487=EDGE_LOOP('',(#236,#237,#238,#239));
#1488=EDGE_LOOP('',(#240,#241,#242,#243));
#1489=EDGE_LOOP('',(#244,#245,#246,#247));
#1490=EDGE_LOOP('',(#248,#249,#250,#251));
#1491=EDGE_LOOP('',(#252,#253,#254,#255));
#1492=EDGE_LOOP('',(#256,#257,#258,#259));
#1493=EDGE_LOOP('',(#260,#261,#262,#263));
#1494=EDGE_LOOP('',(#264,#265,#266,#267));
#1495=EDGE_LOOP('',(#268,#269,#270,#271));
#1496=EDGE_LOOP('',(#272,#273,#274,#275));
#1497=EDGE_LOOP('',(#276,#277,#278,#279));
#1498=EDGE_LOOP('',(#280,#281,#282,#283));
#1499=EDGE_LOOP('',(#284,#285,#286,#287));
#1500=EDGE_LOOP('',(#288,#289,#290,#291));
#1501=EDGE_LOOP('',(#292,#293,#294,#295));
#1502=EDGE_LOOP('',(#296,#297,#298,#299));
#1503=EDGE_LOOP('',(#300,#301,#302,#303));
#1504=EDGE_LOOP('',(#304,#305,#306,#307));
#1505=EDGE_LOOP('',(#308,#309,#310,#311));
#1506=EDGE_LOOP('',(#312,#313,#314,#315));
#1507=EDGE_LOOP('',(#316,#317,#318,#319));
#1508=EDGE_LOOP('',(#320,#321,#322,#323));
#1509=EDGE_LOOP('',(#324,#325,#326,#327));
#1510=EDGE_LOOP('',(#328,#329,#330,#331));
#1511=EDGE_LOOP('',(#332,#333,#334,#335));
#1512=EDGE_LOOP('',(#336,#337,#338,#339));
#1513=EDGE_LOOP('',(#340,#341,#342,#343));
#1514=EDGE_LOOP('',(#344,#345,#346,#347));
#1515=EDGE_LOOP('',(#348,#349,#350,#351));
#1516=EDGE_LOOP('',(#352,#353,#354,#355));
#1517=EDGE_LOOP('',(#356,#357,#358,#359));
#1518=EDGE_LOOP('',(#360,#361,#362,#363));
#1519=EDGE_LOOP('',(#364,#365,#366,#367));
#1520=EDGE_LOOP('',(#368,#369,#370,#371));
#1521=EDGE_LOOP('',(#372,#373,#374,#375));
#1522=EDGE_LOOP('',(#376,#377,#378,#379));
#1523=EDGE_LOOP('',(#380,#381,#382,#383));
#1524=EDGE_LOOP('',(#384,#385,#386,#387));
#1525=EDGE_LOOP('',(#388,#389,#390,#391));
#1526=EDGE_LOOP('',(#392,#393,#394,#395));
#1527=EDGE_LOOP('',(#396,#397,#398,#399));
#1528=EDGE_LOOP('',(#400,#401,#402,#403));
#1529=EDGE_LOOP('',(#404,#405,#406,#407));
#1530=EDGE_LOOP('',(#408,#409,#410,#411));
#1531=EDGE_LOOP('',(#412,#413,#414,#415));
#1532=EDGE_LOOP('',(#416,#417,#418,#419));
#1533=EDGE_LOOP('',(#420,#421,#422,#423));
#1534=EDGE_LOOP('',(#424,#425,#426,#427));
#1535=EDGE_LOOP('',(#428,#429,#430,#431));
#1536=EDGE_LOOP('',(#432,#433,#434,#435));
#1537=EDGE_LOOP('',(#436,#437,#438,#439));
#1538=EDGE_LOOP('',(#440,#441,#442,#443));
#1539=EDGE_LOOP('',(#444,#445,#446,#447));
#1540=EDGE_LOOP('',(#448,#449,#450,#451));
#1541=EDGE_LOOP('',(#452,#453,#454,#455));
#1542=EDGE_LOOP('',(#456,#457,#458,#459));
#1543=EDGE_LOOP('',(#460,#461,#462,#463));
#1544=EDGE_LOOP('',(#464,#465,#466,#467));
#1545=EDGE_LOOP('',(#468,#469,#470,#471));
#1546=EDGE_LOOP('',(#472,#473,#474,#475));
#1547=EDGE_LOOP('',(#476,#477,#478,#479));
#1548=EDGE_LOOP('',(#480,#481,#482,#483,#484,#485,#486,#487));
#1549=EDGE_LOOP('',(#488,#489,#490,#491,#492,#493,#494,#495));
#1550=EDGE_LOOP('',(#496,#497,#498,#499,#500,#501,#502,#503));
#1551=EDGE_LOOP('',(#504,#505,#506,#507,#508,#509,#510,#511));
#1552=EDGE_LOOP('',(#512,#513,#514,#515,#516,#517,#518,#519));
#1553=EDGE_LOOP('',(#520,#521,#522,#523,#524,#525,#526,#527));
#1554=EDGE_LOOP('',(#528,#529,#530,#531,#532,#533,#534,#535));
#1555=EDGE_LOOP('',(#536,#537,#538,#539,#540,#541,#542,#543));
#1556=EDGE_LOOP('',(#544,#545,#546,#547,#548,#549,#550,#551));
#1557=EDGE_LOOP('',(#552,#553,#554,#555,#556,#557,#558,#559));
#1558=EDGE_LOOP('',(#560,#561,#562,#563,#564,#565,#566,#567));
#1559=EDGE_LOOP('',(#568,#569,#570,#571,#572,#573,#574,#575));
#1560=EDGE_LOOP('',(#576,#577,#578,#579,#580,#581,#582,#583));
#1561=EDGE_LOOP('',(#584,#585,#586,#587,#588,#589,#590,#591));
#1562=EDGE_LOOP('',(#592,#593,#594,#595,#596,#597,#598,#599));
#1563=EDGE_LOOP('',(#600,#601,#602,#603,#604,#605,#606,#607));
#1564=EDGE_LOOP('',(#608,#609,#610,#611,#612,#613,#614,#615));
#1565=EDGE_LOOP('',(#616,#617,#618,#619,#620,#621,#622,#623));
#1566=EDGE_LOOP('',(#624,#625,#626,#627,#628,#629,#630,#631));
#1567=EDGE_LOOP('',(#632,#633,#634,#635,#636,#637,#638,#639));
#1568=EDGE_LOOP('',(#640,#641,#642,#643,#644,#645,#646,#647));
#1569=EDGE_LOOP('',(#648,#649,#650,#651,#652,#653,#654,#655));
#1570=EDGE_LOOP('',(#656,#657,#658,#659));
#1571=EDGE_LOOP('',(#660,#661,#662,#663));
#1572=EDGE_LOOP('',(#664,#665,#666,#667));
#1573=EDGE_LOOP('',(#668,#669,#670,#671));
#1574=FACE_BOUND('',#1464,.T.);
#1575=FACE_BOUND('',#1465,.T.);
#1576=FACE_BOUND('',#1466,.T.);
#1577=FACE_BOUND('',#1467,.T.);
#1578=FACE_BOUND('',#1468,.T.);
#1579=FACE_BOUND('',#1469,.T.);
#1580=FACE_BOUND('',#1470,.T.);
#1581=FACE_BOUND('',#1471,.T.);
#1582=FACE_BOUND('',#1472,.T.);
#1583=FACE_BOUND('',#1473,.T.);
#1584=FACE_BOUND('',#1474,.T.);
#1585=FACE_BOUND('',#1475,.T.);
#1586=FACE_BOUND('',#1476,.T.);
#1587=FACE_BOUND('',#1477,.T.);
#1588=FACE_BOUND('',#1478,.T.);
#1589=FACE_BOUND('',#1479,.T.);
#1590=FACE_BOUND('',#1480,.T.);
#1591=FACE_BOUND('',#1481,.T.);
#1592=FACE_BOUND('',#1482,.T.);
#1593=FACE_BOUND('',#1483,.T.);
#1594=FACE_BOUND('',#1484,.T.);
#1595=FACE_BOUND('',#1485,.T.);
#1596=FACE_BOUND('',#1486,.T.);
#1597=FACE_BOUND('',#1487,.T.);
#1598=FACE_BOUND('',#1488,.T.);
#1599=FACE_BOUND('',#1489,.T.);
#1600=FACE_BOUND('',#1490,.T.);
#1601=FACE_BOUND('',#1491,.T.);
#1602=FACE_BOUND('',#1492,.T.);
#1603=FACE_BOUND('',#1493,.T.);
#1604=FACE_BOUND('',#1494,.T.);
#1605=FACE_BOUND('',#1495,.T.);
#1606=FACE_BOUND('',#1496,.T.);
#1607=FACE_BOUND('',#1497,.T.);
#1608=FACE_BOUND('',#1498,.T.);
#1609=FACE_BOUND('',#1499,.T.);
#1610=FACE_BOUND('',#1500,.T.);
#1611=FACE_BOUND('',#1501,.T.);
#1612=FACE_BOUND('',#1502,.T.);
#1613=FACE_BOUND('',#1503,.T.);
#1614=FACE_BOUND('',#1504,.T.);
#1615=FACE_BOUND('',#1505,.T.);
#1616=FACE_BOUND('',#1506,.T.);
#1617=FACE_BOUND('',#1507,.T.);
#1618=FACE_BOUND('',#1508,.T.);
#1619=FACE_BOUND('',#1509,.T.);
#1620=FACE_BOUND('',#1510,.T.);
#1621=FACE_BOUND('',#1511,.T.);
#1622=FACE_BOUND('',#1512,.T.);
#1623=FACE_BOUND('',#1513,.T.);
#1624=FACE_BOUND('',#1514,.T.);
#1625=FACE_BOUND('',#1515,.T.);
#1626=FACE_BOUND('',#1516,.T.);
#1627=FACE_BOUND('',#1517,.T.);
#1628=FACE_BOUND('',#1518,.T.);
#1629=FACE_BOUND('',#1519,.T.);
#1630=FACE_BOUND('',#1520,.T.);
#1631=FACE_BOUND('',#1521,.T.);
#1632=FACE_BOUND('',#1522,.T.);
#1633=FACE_BOUND('',#1523,.T.);
#1634=FACE_BOUND('',#1524,.T.);
#1635=FACE_BOUND('',#1525,.T.);
#1636=FACE_BOUND('',#1526,.T.);
#1637=FACE_BOUND('',#1527,.T.);
#1638=FACE_BOUND('',#1528,.T.);
#1639=FACE_BOUND('',#1529,.T.);
#1640=FACE_BOUND('',#1530,.T.);
#1641=FACE_BOUND('',#1531,.T.);
#1642=FACE_BOUND('',#1532,.T.);
#1643=FACE_BOUND('',#1533,.T.);
#1644=FACE_BOUND('',#1534,.T.);
#1645=FACE_BOUND('',#1535,.T.);
#1646=FACE_BOUND('',#1536,.T.);
#1647=FACE_BOUND('',#1537,.T.);
#1648=FACE_BOUND('',#1538,.T.);
#1649=FACE_BOUND('',#1539,.T.);
#1650=FACE_BOUND('',#1540,.T.);
#1651=FACE_BOUND('',#1541,.T.);
#1652=FACE_BOUND('',#1542,.T.);
#1653=FACE_BOUND('',#1543,.T.);
#1654=FACE_BOUND('',#1544,.T.);
#1655=FACE_BOUND('',#1545,.T.);
#1656=FACE_BOUND('',#1546,.T.);
#1657=FACE_BOUND('',#1547,.T.);
#1658=FACE_BOUND('',#1548,.T.);
#1659=FACE_BOUND('',#1549,.T.);
#1660=FACE_BOUND('',#1550,.T.);
#1661=FACE_BOUND('',#1551,.T.);
#1662=FACE_BOUND('',#1552,.T.);
#1663=FACE_BOUND('',#1553,.T.);
#1664=FACE_BOUND('',#1554,.T.);
#1665=FACE_BOUND('',#1555,.T.);
#1666=FACE_BOUND('',#1556,.T.);
#1667=FACE_BOUND('',#1557,.T.);
#1668=FACE_BOUND('',#1558,.T.);
#1669=FACE_BOUND('',#1559,.T.);
#1670=FACE_BOUND('',#1560,.T.);
#1671=FACE_BOUND('',#1561,.T.);
#1672=FACE_BOUND('',#1562,.T.);
#1673=FACE_BOUND('',#1563,.T.);
#1674=FACE_BOUND('',#1564,.T.);
#1675=FACE_BOUND('',#1565,.T.);
#1676=FACE_BOUND('',#1566,.T.);
#1677=FACE_BOUND('',#1567,.T.);
#1678=FACE_BOUND('',#1568,.T.);
#1679=FACE_BOUND('',#1569,.T.);
#1680=FACE_BOUND('',#1570,.T.);
#1681=FACE_BOUND('',#1571,.T.);
#1682=FACE_BOUND('',#1572,.T.);
#1683=FACE_BOUND('',#1573,.T.);
#1684=PLANE('',#1833);
#1685=PLANE('',#1834);
#1686=PLANE('',#1835);
#1687=PLANE('',#1836);
#1688=PLANE('',#1840);
#1689=PLANE('',#1844);
#1690=PLANE('',#1848);
#1691=PLANE('',#1849);
#1692=PLANE('',#1853);
#1693=PLANE('',#1857);
#1694=PLANE('',#1861);
#1695=PLANE('',#1862);
#1696=PLANE('',#1866);
#1697=PLANE('',#1870);
#1698=PLANE('',#1874);
#1699=PLANE('',#1875);
#1700=PLANE('',#1879);
#1701=PLANE('',#1883);
#1702=PLANE('',#1887);
#1703=PLANE('',#1888);
#1704=PLANE('',#1892);
#1705=PLANE('',#1896);
#1706=PLANE('',#1900);
#1707=PLANE('',#1901);
#1708=PLANE('',#1905);
#1709=PLANE('',#1909);
#1710=PLANE('',#1913);
#1711=PLANE('',#1914);
#1712=PLANE('',#1918);
#1713=PLANE('',#1922);
#1714=PLANE('',#1926);
#1715=PLANE('',#1927);
#1716=PLANE('',#1931);
#1717=PLANE('',#1935);
#1718=PLANE('',#1939);
#1719=PLANE('',#1940);
#1720=PLANE('',#1944);
#1721=PLANE('',#1948);
#1722=PLANE('',#1952);
#1723=PLANE('',#1953);
#1724=PLANE('',#1957);
#1725=PLANE('',#1961);
#1726=PLANE('',#1965);
#1727=PLANE('',#1996);
#1728=PLANE('',#1997);
#1729=PLANE('',#2002);
#1730=ADVANCED_FACE('',(#1574),#1684,.F.);
#1731=ADVANCED_FACE('',(#1575),#1685,.F.);
#1732=ADVANCED_FACE('',(#1576),#1686,.T.);
#1733=ADVANCED_FACE('',(#1577),#1687,.F.);
#1734=ADVANCED_FACE('',(#1578),#100,.F.);
#1735=ADVANCED_FACE('',(#1579),#1688,.T.);
#1736=ADVANCED_FACE('',(#1580),#101,.F.);
#1737=ADVANCED_FACE('',(#1581),#1689,.T.);
#1738=ADVANCED_FACE('',(#1582),#102,.F.);
#1739=ADVANCED_FACE('',(#1583),#1690,.T.);
#1740=ADVANCED_FACE('',(#1584),#1691,.F.);
#1741=ADVANCED_FACE('',(#1585),#103,.F.);
#1742=ADVANCED_FACE('',(#1586),#1692,.T.);
#1743=ADVANCED_FACE('',(#1587),#104,.F.);
#1744=ADVANCED_FACE('',(#1588),#1693,.T.);
#1745=ADVANCED_FACE('',(#1589),#105,.F.);
#1746=ADVANCED_FACE('',(#1590),#1694,.T.);
#1747=ADVANCED_FACE('',(#1591),#1695,.F.);
#1748=ADVANCED_FACE('',(#1592),#106,.F.);
#1749=ADVANCED_FACE('',(#1593),#1696,.F.);
#1750=ADVANCED_FACE('',(#1594),#107,.F.);
#1751=ADVANCED_FACE('',(#1595),#1697,.T.);
#1752=ADVANCED_FACE('',(#1596),#108,.F.);
#1753=ADVANCED_FACE('',(#1597),#1698,.T.);
#1754=ADVANCED_FACE('',(#1598),#1699,.F.);
#1755=ADVANCED_FACE('',(#1599),#109,.F.);
#1756=ADVANCED_FACE('',(#1600),#1700,.T.);
#1757=ADVANCED_FACE('',(#1601),#110,.F.);
#1758=ADVANCED_FACE('',(#1602),#1701,.T.);
#1759=ADVANCED_FACE('',(#1603),#111,.F.);
#1760=ADVANCED_FACE('',(#1604),#1702,.F.);
#1761=ADVANCED_FACE('',(#1605),#1703,.T.);
#1762=ADVANCED_FACE('',(#1606),#112,.F.);
#1763=ADVANCED_FACE('',(#1607),#1704,.T.);
#1764=ADVANCED_FACE('',(#1608),#113,.F.);
#1765=ADVANCED_FACE('',(#1609),#1705,.T.);
#1766=ADVANCED_FACE('',(#1610),#114,.F.);
#1767=ADVANCED_FACE('',(#1611),#1706,.F.);
#1768=ADVANCED_FACE('',(#1612),#1707,.F.);
#1769=ADVANCED_FACE('',(#1613),#115,.F.);
#1770=ADVANCED_FACE('',(#1614),#1708,.F.);
#1771=ADVANCED_FACE('',(#1615),#116,.F.);
#1772=ADVANCED_FACE('',(#1616),#1709,.T.);
#1773=ADVANCED_FACE('',(#1617),#117,.F.);
#1774=ADVANCED_FACE('',(#1618),#1710,.T.);
#1775=ADVANCED_FACE('',(#1619),#1711,.T.);
#1776=ADVANCED_FACE('',(#1620),#118,.F.);
#1777=ADVANCED_FACE('',(#1621),#1712,.F.);
#1778=ADVANCED_FACE('',(#1622),#119,.F.);
#1779=ADVANCED_FACE('',(#1623),#1713,.F.);
#1780=ADVANCED_FACE('',(#1624),#120,.F.);
#1781=ADVANCED_FACE('',(#1625),#1714,.T.);
#1782=ADVANCED_FACE('',(#1626),#1715,.F.);
#1783=ADVANCED_FACE('',(#1627),#121,.F.);
#1784=ADVANCED_FACE('',(#1628),#1716,.F.);
#1785=ADVANCED_FACE('',(#1629),#122,.F.);
#1786=ADVANCED_FACE('',(#1630),#1717,.T.);
#1787=ADVANCED_FACE('',(#1631),#123,.F.);
#1788=ADVANCED_FACE('',(#1632),#1718,.T.);
#1789=ADVANCED_FACE('',(#1633),#1719,.T.);
#1790=ADVANCED_FACE('',(#1634),#124,.F.);
#1791=ADVANCED_FACE('',(#1635),#1720,.F.);
#1792=ADVANCED_FACE('',(#1636),#125,.F.);
#1793=ADVANCED_FACE('',(#1637),#1721,.F.);
#1794=ADVANCED_FACE('',(#1638),#126,.F.);
#1795=ADVANCED_FACE('',(#1639),#1722,.T.);
#1796=ADVANCED_FACE('',(#1640),#1723,.F.);
#1797=ADVANCED_FACE('',(#1641),#127,.F.);
#1798=ADVANCED_FACE('',(#1642),#1724,.F.);
#1799=ADVANCED_FACE('',(#1643),#128,.F.);
#1800=ADVANCED_FACE('',(#1644),#1725,.T.);
#1801=ADVANCED_FACE('',(#1645),#129,.F.);
#1802=ADVANCED_FACE('',(#1646),#1726,.T.);
#1803=ADVANCED_FACE('',(#1647),#130,.F.);
#1804=ADVANCED_FACE('',(#1648),#131,.F.);
#1805=ADVANCED_FACE('',(#1649),#132,.F.);
#1806=ADVANCED_FACE('',(#1650),#133,.F.);
#1807=ADVANCED_FACE('',(#1651),#134,.F.);
#1808=ADVANCED_FACE('',(#1652),#135,.F.);
#1809=ADVANCED_FACE('',(#1653),#136,.F.);
#1810=ADVANCED_FACE('',(#1654),#137,.F.);
#1811=ADVANCED_FACE('',(#1655),#138,.F.);
#1812=ADVANCED_FACE('',(#1656),#139,.F.);
#1813=ADVANCED_FACE('',(#1657),#1727,.T.);
#1814=ADVANCED_FACE('',(#1658,#1659,#1660,#1661,#1662,#1663,#1664,#1665,
#1666,#1667,#1668),#1728,.F.);
#1815=ADVANCED_FACE('',(#1669,#1670,#1671,#1672,#1673,#1674,#1675,#1676,
#1677,#1678,#1679),#1729,.T.);
#1816=ADVANCED_FACE('',(#1680),#140,.T.);
#1817=ADVANCED_FACE('',(#1681),#141,.T.);
#1818=ADVANCED_FACE('',(#1682),#142,.T.);
#1819=ADVANCED_FACE('',(#1683),#143,.T.);
#1820=CLOSED_SHELL('',(#1730,#1731,#1732,#1733,#1734,#1735,#1736,#1737,
#1738,#1739,#1740,#1741,#1742,#1743,#1744,#1745,#1746,#1747,#1748,#1749,
#1750,#1751,#1752,#1753,#1754,#1755,#1756,#1757,#1758,#1759,#1760,#1761,
#1762,#1763,#1764,#1765,#1766,#1767,#1768,#1769,#1770,#1771,#1772,#1773,
#1774,#1775,#1776,#1777,#1778,#1779,#1780,#1781,#1782,#1783,#1784,#1785,
#1786,#1787,#1788,#1789,#1790,#1791,#1792,#1793,#1794,#1795,#1796,#1797,
#1798,#1799,#1800,#1801,#1802,#1803,#1804,#1805,#1806,#1807,#1808,#1809,
#1810,#1811,#1812,#1813,#1814,#1815,#1816,#1817,#1818,#1819));
#1821=STYLED_ITEM('',(#1822),#1829);
#1822=PRESENTATION_STYLE_ASSIGNMENT((#1823));
#1823=SURFACE_STYLE_USAGE(.BOTH.,#1824);
#1824=SURFACE_SIDE_STYLE('',(#1825));
#1825=SURFACE_STYLE_FILL_AREA(#1826);
#1826=FILL_AREA_STYLE('',(#1827));
#1827=FILL_AREA_STYLE_COLOUR('',#1828);
#1828=COLOUR_RGB('',0.498039215686275,0.498039215686275,0.498039215686275);
#1829=MANIFOLD_SOLID_BREP('Part 120',#1820);
#1830=SHAPE_DEFINITION_REPRESENTATION(#3082,#1831);
#1831=SHAPE_REPRESENTATION('Part 120',(#1832),#3077);
#1832=AXIS2_PLACEMENT_3D('',#2545,#2011,#2012);
#1833=AXIS2_PLACEMENT_3D('',#2546,#2013,#2014);
#1834=AXIS2_PLACEMENT_3D('',#2555,#2019,#2020);
#1835=AXIS2_PLACEMENT_3D('',#2564,#2025,#2026);
#1836=AXIS2_PLACEMENT_3D('',#2573,#2031,#2032);
#1837=AXIS2_PLACEMENT_3D('',#2582,#2037,#2038);
#1838=AXIS2_PLACEMENT_3D('',#2583,#2039,#2040);
#1839=AXIS2_PLACEMENT_3D('',#2587,#2042,#2043);
#1840=AXIS2_PLACEMENT_3D('',#2588,#2044,#2045);
#1841=AXIS2_PLACEMENT_3D('',#2594,#2049,#2050);
#1842=AXIS2_PLACEMENT_3D('',#2595,#2051,#2052);
#1843=AXIS2_PLACEMENT_3D('',#2599,#2054,#2055);
#1844=AXIS2_PLACEMENT_3D('',#2600,#2056,#2057);
#1845=AXIS2_PLACEMENT_3D('',#2606,#2061,#2062);
#1846=AXIS2_PLACEMENT_3D('',#2607,#2063,#2064);
#1847=AXIS2_PLACEMENT_3D('',#2611,#2066,#2067);
#1848=AXIS2_PLACEMENT_3D('',#2612,#2068,#2069);
#1849=AXIS2_PLACEMENT_3D('',#2618,#2073,#2074);
#1850=AXIS2_PLACEMENT_3D('',#2627,#2079,#2080);
#1851=AXIS2_PLACEMENT_3D('',#2628,#2081,#2082);
#1852=AXIS2_PLACEMENT_3D('',#2632,#2084,#2085);
#1853=AXIS2_PLACEMENT_3D('',#2633,#2086,#2087);
#1854=AXIS2_PLACEMENT_3D('',#2639,#2091,#2092);
#1855=AXIS2_PLACEMENT_3D('',#2640,#2093,#2094);
#1856=AXIS2_PLACEMENT_3D('',#2644,#2096,#2097);
#1857=AXIS2_PLACEMENT_3D('',#2645,#2098,#2099);
#1858=AXIS2_PLACEMENT_3D('',#2651,#2103,#2104);
#1859=AXIS2_PLACEMENT_3D('',#2652,#2105,#2106);
#1860=AXIS2_PLACEMENT_3D('',#2656,#2108,#2109);
#1861=AXIS2_PLACEMENT_3D('',#2657,#2110,#2111);
#1862=AXIS2_PLACEMENT_3D('',#2663,#2115,#2116);
#1863=AXIS2_PLACEMENT_3D('',#2672,#2121,#2122);
#1864=AXIS2_PLACEMENT_3D('',#2673,#2123,#2124);
#1865=AXIS2_PLACEMENT_3D('',#2677,#2126,#2127);
#1866=AXIS2_PLACEMENT_3D('',#2678,#2128,#2129);
#1867=AXIS2_PLACEMENT_3D('',#2684,#2133,#2134);
#1868=AXIS2_PLACEMENT_3D('',#2685,#2135,#2136);
#1869=AXIS2_PLACEMENT_3D('',#2689,#2138,#2139);
#1870=AXIS2_PLACEMENT_3D('',#2690,#2140,#2141);
#1871=AXIS2_PLACEMENT_3D('',#2696,#2145,#2146);
#1872=AXIS2_PLACEMENT_3D('',#2697,#2147,#2148);
#1873=AXIS2_PLACEMENT_3D('',#2701,#2150,#2151);
#1874=AXIS2_PLACEMENT_3D('',#2702,#2152,#2153);
#1875=AXIS2_PLACEMENT_3D('',#2708,#2157,#2158);
#1876=AXIS2_PLACEMENT_3D('',#2717,#2163,#2164);
#1877=AXIS2_PLACEMENT_3D('',#2718,#2165,#2166);
#1878=AXIS2_PLACEMENT_3D('',#2722,#2168,#2169);
#1879=AXIS2_PLACEMENT_3D('',#2723,#2170,#2171);
#1880=AXIS2_PLACEMENT_3D('',#2729,#2175,#2176);
#1881=AXIS2_PLACEMENT_3D('',#2730,#2177,#2178);
#1882=AXIS2_PLACEMENT_3D('',#2734,#2180,#2181);
#1883=AXIS2_PLACEMENT_3D('',#2735,#2182,#2183);
#1884=AXIS2_PLACEMENT_3D('',#2741,#2187,#2188);
#1885=AXIS2_PLACEMENT_3D('',#2742,#2189,#2190);
#1886=AXIS2_PLACEMENT_3D('',#2746,#2192,#2193);
#1887=AXIS2_PLACEMENT_3D('',#2747,#2194,#2195);
#1888=AXIS2_PLACEMENT_3D('',#2753,#2199,#2200);
#1889=AXIS2_PLACEMENT_3D('',#2762,#2205,#2206);
#1890=AXIS2_PLACEMENT_3D('',#2763,#2207,#2208);
#1891=AXIS2_PLACEMENT_3D('',#2767,#2210,#2211);
#1892=AXIS2_PLACEMENT_3D('',#2768,#2212,#2213);
#1893=AXIS2_PLACEMENT_3D('',#2774,#2217,#2218);
#1894=AXIS2_PLACEMENT_3D('',#2775,#2219,#2220);
#1895=AXIS2_PLACEMENT_3D('',#2779,#2222,#2223);
#1896=AXIS2_PLACEMENT_3D('',#2780,#2224,#2225);
#1897=AXIS2_PLACEMENT_3D('',#2786,#2229,#2230);
#1898=AXIS2_PLACEMENT_3D('',#2787,#2231,#2232);
#1899=AXIS2_PLACEMENT_3D('',#2791,#2234,#2235);
#1900=AXIS2_PLACEMENT_3D('',#2792,#2236,#2237);
#1901=AXIS2_PLACEMENT_3D('',#2798,#2241,#2242);
#1902=AXIS2_PLACEMENT_3D('',#2807,#2247,#2248);
#1903=AXIS2_PLACEMENT_3D('',#2808,#2249,#2250);
#1904=AXIS2_PLACEMENT_3D('',#2812,#2252,#2253);
#1905=AXIS2_PLACEMENT_3D('',#2813,#2254,#2255);
#1906=AXIS2_PLACEMENT_3D('',#2819,#2259,#2260);
#1907=AXIS2_PLACEMENT_3D('',#2820,#2261,#2262);
#1908=AXIS2_PLACEMENT_3D('',#2824,#2264,#2265);
#1909=AXIS2_PLACEMENT_3D('',#2825,#2266,#2267);
#1910=AXIS2_PLACEMENT_3D('',#2831,#2271,#2272);
#1911=AXIS2_PLACEMENT_3D('',#2832,#2273,#2274);
#1912=AXIS2_PLACEMENT_3D('',#2836,#2276,#2277);
#1913=AXIS2_PLACEMENT_3D('',#2837,#2278,#2279);
#1914=AXIS2_PLACEMENT_3D('',#2843,#2283,#2284);
#1915=AXIS2_PLACEMENT_3D('',#2852,#2289,#2290);
#1916=AXIS2_PLACEMENT_3D('',#2853,#2291,#2292);
#1917=AXIS2_PLACEMENT_3D('',#2857,#2294,#2295);
#1918=AXIS2_PLACEMENT_3D('',#2858,#2296,#2297);
#1919=AXIS2_PLACEMENT_3D('',#2864,#2301,#2302);
#1920=AXIS2_PLACEMENT_3D('',#2865,#2303,#2304);
#1921=AXIS2_PLACEMENT_3D('',#2869,#2306,#2307);
#1922=AXIS2_PLACEMENT_3D('',#2870,#2308,#2309);
#1923=AXIS2_PLACEMENT_3D('',#2876,#2313,#2314);
#1924=AXIS2_PLACEMENT_3D('',#2877,#2315,#2316);
#1925=AXIS2_PLACEMENT_3D('',#2881,#2318,#2319);
#1926=AXIS2_PLACEMENT_3D('',#2882,#2320,#2321);
#1927=AXIS2_PLACEMENT_3D('',#2888,#2325,#2326);
#1928=AXIS2_PLACEMENT_3D('',#2897,#2331,#2332);
#1929=AXIS2_PLACEMENT_3D('',#2898,#2333,#2334);
#1930=AXIS2_PLACEMENT_3D('',#2902,#2336,#2337);
#1931=AXIS2_PLACEMENT_3D('',#2903,#2338,#2339);
#1932=AXIS2_PLACEMENT_3D('',#2909,#2343,#2344);
#1933=AXIS2_PLACEMENT_3D('',#2910,#2345,#2346);
#1934=AXIS2_PLACEMENT_3D('',#2914,#2348,#2349);
#1935=AXIS2_PLACEMENT_3D('',#2915,#2350,#2351);
#1936=AXIS2_PLACEMENT_3D('',#2921,#2355,#2356);
#1937=AXIS2_PLACEMENT_3D('',#2922,#2357,#2358);
#1938=AXIS2_PLACEMENT_3D('',#2926,#2360,#2361);
#1939=AXIS2_PLACEMENT_3D('',#2927,#2362,#2363);
#1940=AXIS2_PLACEMENT_3D('',#2933,#2367,#2368);
#1941=AXIS2_PLACEMENT_3D('',#2942,#2373,#2374);
#1942=AXIS2_PLACEMENT_3D('',#2943,#2375,#2376);
#1943=AXIS2_PLACEMENT_3D('',#2947,#2378,#2379);
#1944=AXIS2_PLACEMENT_3D('',#2948,#2380,#2381);
#1945=AXIS2_PLACEMENT_3D('',#2954,#2385,#2386);
#1946=AXIS2_PLACEMENT_3D('',#2955,#2387,#2388);
#1947=AXIS2_PLACEMENT_3D('',#2959,#2390,#2391);
#1948=AXIS2_PLACEMENT_3D('',#2960,#2392,#2393);
#1949=AXIS2_PLACEMENT_3D('',#2966,#2397,#2398);
#1950=AXIS2_PLACEMENT_3D('',#2967,#2399,#2400);
#1951=AXIS2_PLACEMENT_3D('',#2971,#2402,#2403);
#1952=AXIS2_PLACEMENT_3D('',#2972,#2404,#2405);
#1953=AXIS2_PLACEMENT_3D('',#2978,#2409,#2410);
#1954=AXIS2_PLACEMENT_3D('',#2987,#2415,#2416);
#1955=AXIS2_PLACEMENT_3D('',#2988,#2417,#2418);
#1956=AXIS2_PLACEMENT_3D('',#2992,#2420,#2421);
#1957=AXIS2_PLACEMENT_3D('',#2993,#2422,#2423);
#1958=AXIS2_PLACEMENT_3D('',#2999,#2427,#2428);
#1959=AXIS2_PLACEMENT_3D('',#3000,#2429,#2430);
#1960=AXIS2_PLACEMENT_3D('',#3004,#2432,#2433);
#1961=AXIS2_PLACEMENT_3D('',#3005,#2434,#2435);
#1962=AXIS2_PLACEMENT_3D('',#3011,#2439,#2440);
#1963=AXIS2_PLACEMENT_3D('',#3012,#2441,#2442);
#1964=AXIS2_PLACEMENT_3D('',#3016,#2444,#2445);
#1965=AXIS2_PLACEMENT_3D('',#3017,#2446,#2447);
#1966=AXIS2_PLACEMENT_3D('',#3023,#2451,#2452);
#1967=AXIS2_PLACEMENT_3D('',#3024,#2453,#2454);
#1968=AXIS2_PLACEMENT_3D('',#3025,#2455,#2456);
#1969=AXIS2_PLACEMENT_3D('',#3026,#2457,#2458);
#1970=AXIS2_PLACEMENT_3D('',#3027,#2459,#2460);
#1971=AXIS2_PLACEMENT_3D('',#3028,#2461,#2462);
#1972=AXIS2_PLACEMENT_3D('',#3029,#2463,#2464);
#1973=AXIS2_PLACEMENT_3D('',#3030,#2465,#2466);
#1974=AXIS2_PLACEMENT_3D('',#3031,#2467,#2468);
#1975=AXIS2_PLACEMENT_3D('',#3032,#2469,#2470);
#1976=AXIS2_PLACEMENT_3D('',#3033,#2471,#2472);
#1977=AXIS2_PLACEMENT_3D('',#3034,#2473,#2474);
#1978=AXIS2_PLACEMENT_3D('',#3035,#2475,#2476);
#1979=AXIS2_PLACEMENT_3D('',#3036,#2477,#2478);
#1980=AXIS2_PLACEMENT_3D('',#3037,#2479,#2480);
#1981=AXIS2_PLACEMENT_3D('',#3038,#2481,#2482);
#1982=AXIS2_PLACEMENT_3D('',#3039,#2483,#2484);
#1983=AXIS2_PLACEMENT_3D('',#3040,#2485,#2486);
#1984=AXIS2_PLACEMENT_3D('',#3041,#2487,#2488);
#1985=AXIS2_PLACEMENT_3D('',#3042,#2489,#2490);
#1986=AXIS2_PLACEMENT_3D('',#3043,#2491,#2492);
#1987=AXIS2_PLACEMENT_3D('',#3044,#2493,#2494);
#1988=AXIS2_PLACEMENT_3D('',#3045,#2495,#2496);
#1989=AXIS2_PLACEMENT_3D('',#3046,#2497,#2498);
#1990=AXIS2_PLACEMENT_3D('',#3047,#2499,#2500);
#1991=AXIS2_PLACEMENT_3D('',#3048,#2501,#2502);
#1992=AXIS2_PLACEMENT_3D('',#3049,#2503,#2504);
#1993=AXIS2_PLACEMENT_3D('',#3050,#2505,#2506);
#1994=AXIS2_PLACEMENT_3D('',#3051,#2507,#2508);
#1995=AXIS2_PLACEMENT_3D('',#3052,#2509,#2510);
#1996=AXIS2_PLACEMENT_3D('',#3053,#2511,#2512);
#1997=AXIS2_PLACEMENT_3D('',#3062,#2517,#2518);
#1998=AXIS2_PLACEMENT_3D('',#3063,#2519,#2520);
#1999=AXIS2_PLACEMENT_3D('',#3064,#2521,#2522);
#2000=AXIS2_PLACEMENT_3D('',#3065,#2523,#2524);
#2001=AXIS2_PLACEMENT_3D('',#3066,#2525,#2526);
#2002=AXIS2_PLACEMENT_3D('',#3067,#2527,#2528);
#2003=AXIS2_PLACEMENT_3D('',#3068,#2529,#2530);
#2004=AXIS2_PLACEMENT_3D('',#3069,#2531,#2532);
#2005=AXIS2_PLACEMENT_3D('',#3070,#2533,#2534);
#2006=AXIS2_PLACEMENT_3D('',#3071,#2535,#2536);
#2007=AXIS2_PLACEMENT_3D('',#3072,#2537,#2538);
#2008=AXIS2_PLACEMENT_3D('',#3073,#2539,#2540);
#2009=AXIS2_PLACEMENT_3D('',#3074,#2541,#2542);
#2010=AXIS2_PLACEMENT_3D('',#3075,#2543,#2544);
#2011=DIRECTION('',(0.,0.,1.));
#2012=DIRECTION('',(1.,0.,0.));
#2013=DIRECTION('',(0.,-1.,0.));
#2014=DIRECTION('',(0.,0.,-1.));
#2015=DIRECTION('',(1.,0.,0.));
#2016=DIRECTION('',(0.,0.,1.));
#2017=DIRECTION('',(1.,0.,0.));
#2018=DIRECTION('',(0.,0.,1.));
#2019=DIRECTION('',(-1.,0.,0.));
#2020=DIRECTION('',(0.,0.,1.));
#2021=DIRECTION('',(0.,-1.,0.));
#2022=DIRECTION('',(0.,0.,1.));
#2023=DIRECTION('',(0.,-1.,0.));
#2024=DIRECTION('',(0.,0.,1.));
#2025=DIRECTION('',(0.,-1.,0.));
#2026=DIRECTION('',(0.,0.,-1.));
#2027=DIRECTION('',(1.,0.,0.));
#2028=DIRECTION('',(0.,0.,1.));
#2029=DIRECTION('',(1.,0.,0.));
#2030=DIRECTION('',(0.,0.,1.));
#2031=DIRECTION('',(1.,0.,0.));
#2032=DIRECTION('',(0.,0.,-1.));
#2033=DIRECTION('',(0.,1.,0.));
#2034=DIRECTION('',(0.,0.,1.));
#2035=DIRECTION('',(0.,1.,0.));
#2036=DIRECTION('',(0.,0.,1.));
#2037=DIRECTION('',(0.,0.,1.));
#2038=DIRECTION('',(1.,0.,0.));
#2039=DIRECTION('',(0.,0.,1.));
#2040=DIRECTION('',(1.,0.,0.));
#2041=DIRECTION('',(0.,0.,1.));
#2042=DIRECTION('',(0.,0.,1.));
#2043=DIRECTION('',(1.,0.,0.));
#2044=DIRECTION('',(0.,-1.,0.));
#2045=DIRECTION('',(0.,0.,-1.));
#2046=DIRECTION('',(1.,0.,0.));
#2047=DIRECTION('',(0.,0.,1.));
#2048=DIRECTION('',(1.,0.,0.));
#2049=DIRECTION('',(0.,0.,1.));
#2050=DIRECTION('',(1.,0.,0.));
#2051=DIRECTION('',(0.,0.,1.));
#2052=DIRECTION('',(1.,0.,0.));
#2053=DIRECTION('',(0.,0.,1.));
#2054=DIRECTION('',(0.,0.,1.));
#2055=DIRECTION('',(1.,0.,0.));
#2056=DIRECTION('',(1.,0.,0.));
#2057=DIRECTION('',(0.,0.,-1.));
#2058=DIRECTION('',(0.,1.,0.));
#2059=DIRECTION('',(0.,0.,1.));
#2060=DIRECTION('',(0.,1.,0.));
#2061=DIRECTION('',(0.,0.,1.));
#2062=DIRECTION('',(1.,0.,0.));
#2063=DIRECTION('',(0.,0.,1.));
#2064=DIRECTION('',(1.,0.,0.));
#2065=DIRECTION('',(0.,0.,1.));
#2066=DIRECTION('',(0.,0.,1.));
#2067=DIRECTION('',(1.,0.,0.));
#2068=DIRECTION('',(0.,1.,0.));
#2069=DIRECTION('',(0.,0.,1.));
#2070=DIRECTION('',(-1.,0.,0.));
#2071=DIRECTION('',(0.,0.,1.));
#2072=DIRECTION('',(-1.,0.,0.));
#2073=DIRECTION('',(1.,0.,0.));
#2074=DIRECTION('',(0.,0.,-1.));
#2075=DIRECTION('',(0.,1.,0.));
#2076=DIRECTION('',(0.,0.,1.));
#2077=DIRECTION('',(0.,1.,0.));
#2078=DIRECTION('',(0.,0.,1.));
#2079=DIRECTION('',(0.,0.,1.));
#2080=DIRECTION('',(1.,0.,0.));
#2081=DIRECTION('',(0.,0.,1.));
#2082=DIRECTION('',(1.,0.,0.));
#2083=DIRECTION('',(0.,0.,1.));
#2084=DIRECTION('',(0.,0.,1.));
#2085=DIRECTION('',(1.,0.,0.));
#2086=DIRECTION('',(0.,-1.,0.));
#2087=DIRECTION('',(0.,0.,-1.));
#2088=DIRECTION('',(1.,0.,0.));
#2089=DIRECTION('',(0.,0.,1.));
#2090=DIRECTION('',(1.,0.,0.));
#2091=DIRECTION('',(0.,0.,1.));
#2092=DIRECTION('',(1.,0.,0.));
#2093=DIRECTION('',(0.,0.,1.));
#2094=DIRECTION('',(1.,0.,0.));
#2095=DIRECTION('',(0.,0.,1.));
#2096=DIRECTION('',(0.,0.,1.));
#2097=DIRECTION('',(1.,0.,0.));
#2098=DIRECTION('',(1.,0.,0.));
#2099=DIRECTION('',(0.,0.,-1.));
#2100=DIRECTION('',(0.,1.,0.));
#2101=DIRECTION('',(0.,0.,1.));
#2102=DIRECTION('',(0.,1.,0.));
#2103=DIRECTION('',(0.,0.,1.));
#2104=DIRECTION('',(1.,0.,0.));
#2105=DIRECTION('',(0.,0.,1.));
#2106=DIRECTION('',(1.,0.,0.));
#2107=DIRECTION('',(0.,0.,1.));
#2108=DIRECTION('',(0.,0.,1.));
#2109=DIRECTION('',(1.,0.,0.));
#2110=DIRECTION('',(0.,1.,0.));
#2111=DIRECTION('',(0.,0.,1.));
#2112=DIRECTION('',(-1.,0.,0.));
#2113=DIRECTION('',(0.,0.,1.));
#2114=DIRECTION('',(-1.,0.,0.));
#2115=DIRECTION('',(0.,1.,0.));
#2116=DIRECTION('',(0.,0.,1.));
#2117=DIRECTION('',(-1.,0.,0.));
#2118=DIRECTION('',(0.,0.,1.));
#2119=DIRECTION('',(-1.,0.,0.));
#2120=DIRECTION('',(0.,0.,1.));
#2121=DIRECTION('',(0.,0.,1.));
#2122=DIRECTION('',(1.,0.,0.));
#2123=DIRECTION('',(0.,0.,1.));
#2124=DIRECTION('',(1.,0.,0.));
#2125=DIRECTION('',(0.,0.,1.));
#2126=DIRECTION('',(0.,0.,1.));
#2127=DIRECTION('',(1.,0.,0.));
#2128=DIRECTION('',(-1.,0.,0.));
#2129=DIRECTION('',(0.,0.,1.));
#2130=DIRECTION('',(0.,-1.,0.));
#2131=DIRECTION('',(0.,0.,1.));
#2132=DIRECTION('',(0.,-1.,0.));
#2133=DIRECTION('',(0.,0.,1.));
#2134=DIRECTION('',(1.,0.,0.));
#2135=DIRECTION('',(0.,0.,1.));
#2136=DIRECTION('',(1.,0.,0.));
#2137=DIRECTION('',(0.,0.,1.));
#2138=DIRECTION('',(0.,0.,1.));
#2139=DIRECTION('',(1.,0.,0.));
#2140=DIRECTION('',(0.,1.,0.));
#2141=DIRECTION('',(0.,0.,1.));
#2142=DIRECTION('',(-1.,0.,0.));
#2143=DIRECTION('',(0.,0.,1.));
#2144=DIRECTION('',(-1.,0.,0.));
#2145=DIRECTION('',(0.,0.,1.));
#2146=DIRECTION('',(1.,0.,0.));
#2147=DIRECTION('',(0.,0.,1.));
#2148=DIRECTION('',(1.,0.,0.));
#2149=DIRECTION('',(0.,0.,1.));
#2150=DIRECTION('',(0.,0.,1.));
#2151=DIRECTION('',(1.,0.,0.));
#2152=DIRECTION('',(-1.,0.,0.));
#2153=DIRECTION('',(0.,0.,1.));
#2154=DIRECTION('',(0.,-1.,0.));
#2155=DIRECTION('',(0.,0.,1.));
#2156=DIRECTION('',(0.,-1.,0.));
#2157=DIRECTION('',(0.,1.,0.));
#2158=DIRECTION('',(0.,0.,1.));
#2159=DIRECTION('',(-1.,0.,0.));
#2160=DIRECTION('',(0.,0.,1.));
#2161=DIRECTION('',(-1.,0.,0.));
#2162=DIRECTION('',(0.,0.,1.));
#2163=DIRECTION('',(0.,0.,1.));
#2164=DIRECTION('',(1.,0.,0.));
#2165=DIRECTION('',(0.,0.,1.));
#2166=DIRECTION('',(1.,0.,0.));
#2167=DIRECTION('',(0.,0.,1.));
#2168=DIRECTION('',(0.,0.,1.));
#2169=DIRECTION('',(1.,0.,0.));
#2170=DIRECTION('',(1.,0.,0.));
#2171=DIRECTION('',(0.,0.,-1.));
#2172=DIRECTION('',(0.,1.,0.));
#2173=DIRECTION('',(0.,0.,1.));
#2174=DIRECTION('',(0.,1.,0.));
#2175=DIRECTION('',(0.,0.,1.));
#2176=DIRECTION('',(1.,0.,0.));
#2177=DIRECTION('',(0.,0.,1.));
#2178=DIRECTION('',(1.,0.,0.));
#2179=DIRECTION('',(0.,0.,1.));
#2180=DIRECTION('',(0.,0.,1.));
#2181=DIRECTION('',(1.,0.,0.));
#2182=DIRECTION('',(0.,1.,0.));
#2183=DIRECTION('',(0.,0.,1.));
#2184=DIRECTION('',(-1.,0.,0.));
#2185=DIRECTION('',(0.,0.,1.));
#2186=DIRECTION('',(-1.,0.,0.));
#2187=DIRECTION('',(0.,0.,1.));
#2188=DIRECTION('',(1.,0.,0.));
#2189=DIRECTION('',(0.,0.,1.));
#2190=DIRECTION('',(1.,0.,0.));
#2191=DIRECTION('',(0.,0.,1.));
#2192=DIRECTION('',(0.,0.,1.));
#2193=DIRECTION('',(1.,0.,0.));
#2194=DIRECTION('',(1.,0.,0.));
#2195=DIRECTION('',(0.,0.,-1.));
#2196=DIRECTION('',(0.,1.,0.));
#2197=DIRECTION('',(0.,0.,1.));
#2198=DIRECTION('',(0.,1.,0.));
#2199=DIRECTION('',(0.,-1.,0.));
#2200=DIRECTION('',(0.,0.,-1.));
#2201=DIRECTION('',(1.,0.,0.));
#2202=DIRECTION('',(0.,0.,1.));
#2203=DIRECTION('',(1.,0.,0.));
#2204=DIRECTION('',(0.,0.,1.));
#2205=DIRECTION('',(0.,0.,1.));
#2206=DIRECTION('',(1.,0.,0.));
#2207=DIRECTION('',(0.,0.,1.));
#2208=DIRECTION('',(1.,0.,0.));
#2209=DIRECTION('',(0.,0.,1.));
#2210=DIRECTION('',(0.,0.,1.));
#2211=DIRECTION('',(1.,0.,0.));
#2212=DIRECTION('',(1.,0.,0.));
#2213=DIRECTION('',(0.,0.,-1.));
#2214=DIRECTION('',(0.,1.,0.));
#2215=DIRECTION('',(0.,0.,1.));
#2216=DIRECTION('',(0.,1.,0.));
#2217=DIRECTION('',(0.,0.,1.));
#2218=DIRECTION('',(1.,0.,0.));
#2219=DIRECTION('',(0.,0.,1.));
#2220=DIRECTION('',(1.,0.,0.));
#2221=DIRECTION('',(0.,0.,1.));
#2222=DIRECTION('',(0.,0.,1.));
#2223=DIRECTION('',(1.,0.,0.));
#2224=DIRECTION('',(0.,1.,0.));
#2225=DIRECTION('',(0.,0.,1.));
#2226=DIRECTION('',(-1.,0.,0.));
#2227=DIRECTION('',(0.,0.,1.));
#2228=DIRECTION('',(-1.,0.,0.));
#2229=DIRECTION('',(0.,0.,1.));
#2230=DIRECTION('',(1.,0.,0.));
#2231=DIRECTION('',(0.,0.,1.));
#2232=DIRECTION('',(1.,0.,0.));
#2233=DIRECTION('',(0.,0.,1.));
#2234=DIRECTION('',(0.,0.,1.));
#2235=DIRECTION('',(1.,0.,0.));
#2236=DIRECTION('',(1.,0.,0.));
#2237=DIRECTION('',(0.,0.,-1.));
#2238=DIRECTION('',(0.,1.,0.));
#2239=DIRECTION('',(0.,0.,1.));
#2240=DIRECTION('',(0.,1.,0.));
#2241=DIRECTION('',(1.,0.,0.));
#2242=DIRECTION('',(0.,0.,-1.));
#2243=DIRECTION('',(0.,1.,0.));
#2244=DIRECTION('',(0.,0.,1.));
#2245=DIRECTION('',(0.,1.,0.));
#2246=DIRECTION('',(0.,0.,1.));
#2247=DIRECTION('',(0.,0.,1.));
#2248=DIRECTION('',(1.,0.,0.));
#2249=DIRECTION('',(0.,0.,1.));
#2250=DIRECTION('',(1.,0.,0.));
#2251=DIRECTION('',(0.,0.,1.));
#2252=DIRECTION('',(0.,0.,1.));
#2253=DIRECTION('',(1.,0.,0.));
#2254=DIRECTION('',(0.,1.,0.));
#2255=DIRECTION('',(0.,0.,1.));
#2256=DIRECTION('',(-1.,0.,0.));
#2257=DIRECTION('',(0.,0.,1.));
#2258=DIRECTION('',(-1.,0.,0.));
#2259=DIRECTION('',(0.,0.,1.));
#2260=DIRECTION('',(1.,0.,0.));
#2261=DIRECTION('',(0.,0.,1.));
#2262=DIRECTION('',(1.,0.,0.));
#2263=DIRECTION('',(0.,0.,1.));
#2264=DIRECTION('',(0.,0.,1.));
#2265=DIRECTION('',(1.,0.,0.));
#2266=DIRECTION('',(1.,0.,0.));
#2267=DIRECTION('',(0.,0.,-1.));
#2268=DIRECTION('',(0.,1.,0.));
#2269=DIRECTION('',(0.,0.,1.));
#2270=DIRECTION('',(0.,1.,0.));
#2271=DIRECTION('',(0.,0.,1.));
#2272=DIRECTION('',(1.,0.,0.));
#2273=DIRECTION('',(0.,0.,1.));
#2274=DIRECTION('',(1.,0.,0.));
#2275=DIRECTION('',(0.,0.,1.));
#2276=DIRECTION('',(0.,0.,1.));
#2277=DIRECTION('',(1.,0.,0.));
#2278=DIRECTION('',(0.,1.,0.));
#2279=DIRECTION('',(0.,0.,1.));
#2280=DIRECTION('',(-1.,0.,0.));
#2281=DIRECTION('',(0.,0.,1.));
#2282=DIRECTION('',(-1.,0.,0.));
#2283=DIRECTION('',(-1.,0.,0.));
#2284=DIRECTION('',(0.,0.,1.));
#2285=DIRECTION('',(0.,-1.,0.));
#2286=DIRECTION('',(0.,0.,1.));
#2287=DIRECTION('',(0.,-1.,0.));
#2288=DIRECTION('',(0.,0.,1.));
#2289=DIRECTION('',(0.,0.,1.));
#2290=DIRECTION('',(1.,0.,0.));
#2291=DIRECTION('',(0.,0.,1.));
#2292=DIRECTION('',(1.,0.,0.));
#2293=DIRECTION('',(0.,0.,1.));
#2294=DIRECTION('',(0.,0.,1.));
#2295=DIRECTION('',(1.,0.,0.));
#2296=DIRECTION('',(0.,1.,0.));
#2297=DIRECTION('',(0.,0.,1.));
#2298=DIRECTION('',(-1.,0.,0.));
#2299=DIRECTION('',(0.,0.,1.));
#2300=DIRECTION('',(-1.,0.,0.));
#2301=DIRECTION('',(0.,0.,1.));
#2302=DIRECTION('',(1.,0.,0.));
#2303=DIRECTION('',(0.,0.,1.));
#2304=DIRECTION('',(1.,0.,0.));
#2305=DIRECTION('',(0.,0.,1.));
#2306=DIRECTION('',(0.,0.,1.));
#2307=DIRECTION('',(1.,0.,0.));
#2308=DIRECTION('',(-1.,0.,0.));
#2309=DIRECTION('',(0.,0.,1.));
#2310=DIRECTION('',(0.,-1.,0.));
#2311=DIRECTION('',(0.,0.,1.));
#2312=DIRECTION('',(0.,-1.,0.));
#2313=DIRECTION('',(0.,0.,1.));
#2314=DIRECTION('',(1.,0.,0.));
#2315=DIRECTION('',(0.,0.,1.));
#2316=DIRECTION('',(1.,0.,0.));
#2317=DIRECTION('',(0.,0.,1.));
#2318=DIRECTION('',(0.,0.,1.));
#2319=DIRECTION('',(1.,0.,0.));
#2320=DIRECTION('',(0.,1.,0.));
#2321=DIRECTION('',(0.,0.,1.));
#2322=DIRECTION('',(-1.,0.,0.));
#2323=DIRECTION('',(0.,0.,1.));
#2324=DIRECTION('',(-1.,0.,0.));
#2325=DIRECTION('',(1.,0.,0.));
#2326=DIRECTION('',(0.,0.,-1.));
#2327=DIRECTION('',(0.,1.,0.));
#2328=DIRECTION('',(0.,0.,1.));
#2329=DIRECTION('',(0.,1.,0.));
#2330=DIRECTION('',(0.,0.,1.));
#2331=DIRECTION('',(0.,0.,1.));
#2332=DIRECTION('',(1.,0.,0.));
#2333=DIRECTION('',(0.,0.,1.));
#2334=DIRECTION('',(1.,0.,0.));
#2335=DIRECTION('',(0.,0.,1.));
#2336=DIRECTION('',(0.,0.,1.));
#2337=DIRECTION('',(1.,0.,0.));
#2338=DIRECTION('',(0.,1.,0.));
#2339=DIRECTION('',(0.,0.,1.));
#2340=DIRECTION('',(-1.,0.,0.));
#2341=DIRECTION('',(0.,0.,1.));
#2342=DIRECTION('',(-1.,0.,0.));
#2343=DIRECTION('',(0.,0.,1.));
#2344=DIRECTION('',(1.,0.,0.));
#2345=DIRECTION('',(0.,0.,1.));
#2346=DIRECTION('',(1.,0.,0.));
#2347=DIRECTION('',(0.,0.,1.));
#2348=DIRECTION('',(0.,0.,1.));
#2349=DIRECTION('',(1.,0.,0.));
#2350=DIRECTION('',(1.,0.,0.));
#2351=DIRECTION('',(0.,0.,-1.));
#2352=DIRECTION('',(0.,1.,0.));
#2353=DIRECTION('',(0.,0.,1.));
#2354=DIRECTION('',(0.,1.,0.));
#2355=DIRECTION('',(0.,0.,1.));
#2356=DIRECTION('',(1.,0.,0.));
#2357=DIRECTION('',(0.,0.,1.));
#2358=DIRECTION('',(1.,0.,0.));
#2359=DIRECTION('',(0.,0.,1.));
#2360=DIRECTION('',(0.,0.,1.));
#2361=DIRECTION('',(1.,0.,0.));
#2362=DIRECTION('',(0.,1.,0.));
#2363=DIRECTION('',(0.,0.,1.));
#2364=DIRECTION('',(-1.,0.,0.));
#2365=DIRECTION('',(0.,0.,1.));
#2366=DIRECTION('',(-1.,0.,0.));
#2367=DIRECTION('',(-1.,0.,0.));
#2368=DIRECTION('',(0.,0.,1.));
#2369=DIRECTION('',(0.,-1.,0.));
#2370=DIRECTION('',(0.,0.,1.));
#2371=DIRECTION('',(0.,-1.,0.));
#2372=DIRECTION('',(0.,0.,1.));
#2373=DIRECTION('',(0.,0.,1.));
#2374=DIRECTION('',(1.,0.,0.));
#2375=DIRECTION('',(0.,0.,1.));
#2376=DIRECTION('',(1.,0.,0.));
#2377=DIRECTION('',(0.,0.,1.));
#2378=DIRECTION('',(0.,0.,1.));
#2379=DIRECTION('',(1.,0.,0.));
#2380=DIRECTION('',(0.,1.,0.));
#2381=DIRECTION('',(0.,0.,1.));
#2382=DIRECTION('',(-1.,0.,0.));
#2383=DIRECTION('',(0.,0.,1.));
#2384=DIRECTION('',(-1.,0.,0.));
#2385=DIRECTION('',(0.,0.,1.));
#2386=DIRECTION('',(1.,0.,0.));
#2387=DIRECTION('',(0.,0.,1.));
#2388=DIRECTION('',(1.,0.,0.));
#2389=DIRECTION('',(0.,0.,1.));
#2390=DIRECTION('',(0.,0.,1.));
#2391=DIRECTION('',(1.,0.,0.));
#2392=DIRECTION('',(-1.,0.,0.));
#2393=DIRECTION('',(0.,0.,1.));
#2394=DIRECTION('',(0.,-1.,0.));
#2395=DIRECTION('',(0.,0.,1.));
#2396=DIRECTION('',(0.,-1.,0.));
#2397=DIRECTION('',(0.,0.,1.));
#2398=DIRECTION('',(1.,0.,0.));
#2399=DIRECTION('',(0.,0.,1.));
#2400=DIRECTION('',(1.,0.,0.));
#2401=DIRECTION('',(0.,0.,1.));
#2402=DIRECTION('',(0.,0.,1.));
#2403=DIRECTION('',(1.,0.,0.));
#2404=DIRECTION('',(0.,1.,0.));
#2405=DIRECTION('',(0.,0.,1.));
#2406=DIRECTION('',(-1.,0.,0.));
#2407=DIRECTION('',(0.,0.,1.));
#2408=DIRECTION('',(-1.,0.,0.));
#2409=DIRECTION('',(1.,0.,0.));
#2410=DIRECTION('',(0.,0.,-1.));
#2411=DIRECTION('',(0.,1.,0.));
#2412=DIRECTION('',(0.,0.,1.));
#2413=DIRECTION('',(0.,1.,0.));
#2414=DIRECTION('',(0.,0.,1.));
#2415=DIRECTION('',(0.,0.,1.));
#2416=DIRECTION('',(1.,0.,0.));
#2417=DIRECTION('',(0.,0.,1.));
#2418=DIRECTION('',(1.,0.,0.));
#2419=DIRECTION('',(0.,0.,1.));
#2420=DIRECTION('',(0.,0.,1.));
#2421=DIRECTION('',(1.,0.,0.));
#2422=DIRECTION('',(0.,1.,0.));
#2423=DIRECTION('',(0.,0.,1.));
#2424=DIRECTION('',(-1.,0.,0.));
#2425=DIRECTION('',(0.,0.,1.));
#2426=DIRECTION('',(-1.,0.,0.));
#2427=DIRECTION('',(0.,0.,1.));
#2428=DIRECTION('',(1.,0.,0.));
#2429=DIRECTION('',(0.,0.,1.));
#2430=DIRECTION('',(1.,0.,0.));
#2431=DIRECTION('',(0.,0.,1.));
#2432=DIRECTION('',(0.,0.,1.));
#2433=DIRECTION('',(1.,0.,0.));
#2434=DIRECTION('',(1.,0.,0.));
#2435=DIRECTION('',(0.,0.,-1.));
#2436=DIRECTION('',(0.,1.,0.));
#2437=DIRECTION('',(0.,0.,1.));
#2438=DIRECTION('',(0.,1.,0.));
#2439=DIRECTION('',(0.,0.,1.));
#2440=DIRECTION('',(1.,0.,0.));
#2441=DIRECTION('',(0.,0.,1.));
#2442=DIRECTION('',(1.,0.,0.));
#2443=DIRECTION('',(0.,0.,1.));
#2444=DIRECTION('',(0.,0.,1.));
#2445=DIRECTION('',(1.,0.,0.));
#2446=DIRECTION('',(0.,1.,0.));
#2447=DIRECTION('',(0.,0.,1.));
#2448=DIRECTION('',(-1.,0.,0.));
#2449=DIRECTION('',(0.,0.,1.));
#2450=DIRECTION('',(-1.,0.,0.));
#2451=DIRECTION('',(0.,0.,1.));
#2452=DIRECTION('',(1.,0.,0.));
#2453=DIRECTION('',(0.,0.,1.));
#2454=DIRECTION('',(1.,0.,0.));
#2455=DIRECTION('',(0.,0.,1.));
#2456=DIRECTION('',(1.,0.,0.));
#2457=DIRECTION('',(0.,0.,1.));
#2458=DIRECTION('',(1.,0.,0.));
#2459=DIRECTION('',(0.,0.,1.));
#2460=DIRECTION('',(1.,0.,0.));
#2461=DIRECTION('',(0.,0.,1.));
#2462=DIRECTION('',(1.,0.,0.));
#2463=DIRECTION('',(0.,0.,1.));
#2464=DIRECTION('',(1.,0.,0.));
#2465=DIRECTION('',(0.,0.,1.));
#2466=DIRECTION('',(1.,0.,0.));
#2467=DIRECTION('',(0.,0.,1.));
#2468=DIRECTION('',(1.,0.,0.));
#2469=DIRECTION('',(0.,0.,1.));
#2470=DIRECTION('',(1.,0.,0.));
#2471=DIRECTION('',(0.,0.,1.));
#2472=DIRECTION('',(1.,0.,0.));
#2473=DIRECTION('',(0.,0.,1.));
#2474=DIRECTION('',(1.,0.,0.));
#2475=DIRECTION('',(0.,0.,1.));
#2476=DIRECTION('',(1.,0.,0.));
#2477=DIRECTION('',(0.,0.,1.));
#2478=DIRECTION('',(1.,0.,0.));
#2479=DIRECTION('',(0.,0.,1.));
#2480=DIRECTION('',(1.,0.,0.));
#2481=DIRECTION('',(0.,0.,1.));
#2482=DIRECTION('',(1.,0.,0.));
#2483=DIRECTION('',(0.,0.,1.));
#2484=DIRECTION('',(1.,0.,0.));
#2485=DIRECTION('',(0.,0.,1.));
#2486=DIRECTION('',(1.,0.,0.));
#2487=DIRECTION('',(0.,0.,1.));
#2488=DIRECTION('',(1.,0.,0.));
#2489=DIRECTION('',(0.,0.,1.));
#2490=DIRECTION('',(1.,0.,0.));
#2491=DIRECTION('',(0.,0.,1.));
#2492=DIRECTION('',(1.,0.,0.));
#2493=DIRECTION('',(0.,0.,1.));
#2494=DIRECTION('',(1.,0.,0.));
#2495=DIRECTION('',(0.,0.,1.));
#2496=DIRECTION('',(1.,0.,0.));
#2497=DIRECTION('',(0.,0.,1.));
#2498=DIRECTION('',(1.,0.,0.));
#2499=DIRECTION('',(0.,0.,1.));
#2500=DIRECTION('',(1.,0.,0.));
#2501=DIRECTION('',(0.,0.,1.));
#2502=DIRECTION('',(1.,0.,0.));
#2503=DIRECTION('',(0.,0.,1.));
#2504=DIRECTION('',(1.,0.,0.));
#2505=DIRECTION('',(0.,0.,1.));
#2506=DIRECTION('',(1.,0.,0.));
#2507=DIRECTION('',(0.,0.,1.));
#2508=DIRECTION('',(1.,0.,0.));
#2509=DIRECTION('',(0.,0.,1.));
#2510=DIRECTION('',(1.,0.,0.));
#2511=DIRECTION('',(-1.,0.,0.));
#2512=DIRECTION('',(0.,0.,1.));
#2513=DIRECTION('',(0.,-1.,0.));
#2514=DIRECTION('',(0.,0.,1.));
#2515=DIRECTION('',(0.,-1.,0.));
#2516=DIRECTION('',(0.,0.,1.));
#2517=DIRECTION('',(0.,0.,1.));
#2518=DIRECTION('',(1.,0.,0.));
#2519=DIRECTION('',(0.,0.,1.));
#2520=DIRECTION('',(1.,0.,0.));
#2521=DIRECTION('',(0.,0.,1.));
#2522=DIRECTION('',(1.,0.,0.));
#2523=DIRECTION('',(0.,0.,1.));
#2524=DIRECTION('',(1.,0.,0.));
#2525=DIRECTION('',(0.,0.,1.));
#2526=DIRECTION('',(1.,0.,0.));
#2527=DIRECTION('',(0.,0.,1.));
#2528=DIRECTION('',(1.,0.,0.));
#2529=DIRECTION('',(0.,0.,1.));
#2530=DIRECTION('',(1.,0.,0.));
#2531=DIRECTION('',(0.,0.,1.));
#2532=DIRECTION('',(1.,0.,0.));
#2533=DIRECTION('',(0.,0.,1.));
#2534=DIRECTION('',(1.,0.,0.));
#2535=DIRECTION('',(0.,0.,1.));
#2536=DIRECTION('',(1.,0.,0.));
#2537=DIRECTION('',(0.,0.,1.));
#2538=DIRECTION('',(1.,0.,0.));
#2539=DIRECTION('',(0.,0.,-1.));
#2540=DIRECTION('',(-1.,0.,0.));
#2541=DIRECTION('',(0.,0.,1.));
#2542=DIRECTION('',(1.,0.,0.));
#2543=DIRECTION('',(0.,0.,-1.));
#2544=DIRECTION('',(-1.,0.,0.));
#2545=CARTESIAN_POINT('',(0.,0.,0.));
#2546=CARTESIAN_POINT('',(0.129625,0.053,-0.002));
#2547=CARTESIAN_POINT('',(0.129625,0.053,-0.002));
#2548=CARTESIAN_POINT('',(0.08475,0.053,-0.002));
#2549=CARTESIAN_POINT('',(0.1745,0.053,-0.002));
#2550=CARTESIAN_POINT('',(0.08475,0.053,0.));
#2551=CARTESIAN_POINT('',(0.08475,0.053,0.));
#2552=CARTESIAN_POINT('',(0.129625,0.053,0.));
#2553=CARTESIAN_POINT('',(0.1745,0.053,0.));
#2554=CARTESIAN_POINT('',(0.1745,0.053,-0.002));
#2555=CARTESIAN_POINT('',(0.1755,-6.93889390390723E-18,-0.002));
#2556=CARTESIAN_POINT('',(0.1755,-6.93889390390723E-18,-0.002));
#2557=CARTESIAN_POINT('',(0.1755,0.052,-0.002));
#2558=CARTESIAN_POINT('',(0.1755,-0.052,-0.002));
#2559=CARTESIAN_POINT('',(0.1755,0.052,-0.002));
#2560=CARTESIAN_POINT('',(0.1755,0.052,0.));
#2561=CARTESIAN_POINT('',(0.1755,-6.93889390390723E-18,0.));
#2562=CARTESIAN_POINT('',(0.1755,-0.052,0.));
#2563=CARTESIAN_POINT('',(0.1755,-0.052,-0.002));
#2564=CARTESIAN_POINT('',(0.129625,-0.053,-0.002));
#2565=CARTESIAN_POINT('',(0.129625,-0.053,0.));
#2566=CARTESIAN_POINT('',(0.08475,-0.053,0.));
#2567=CARTESIAN_POINT('',(0.1745,-0.053,0.));
#2568=CARTESIAN_POINT('',(0.08475,-0.053,-0.002));
#2569=CARTESIAN_POINT('',(0.08475,-0.053,-0.002));
#2570=CARTESIAN_POINT('',(0.129625,-0.053,-0.002));
#2571=CARTESIAN_POINT('',(0.1745,-0.053,-0.002));
#2572=CARTESIAN_POINT('',(0.1745,-0.053,0.));
#2573=CARTESIAN_POINT('',(0.114425,1.38777878078145E-17,-0.002));
#2574=CARTESIAN_POINT('',(0.114425,1.38777878078145E-17,0.));
#2575=CARTESIAN_POINT('',(0.114425,-0.047625,0.));
#2576=CARTESIAN_POINT('',(0.114425,-0.025625,0.));
#2577=CARTESIAN_POINT('',(0.114425,-0.025625,-0.002));
#2578=CARTESIAN_POINT('',(0.114425,-0.025625,-0.002));
#2579=CARTESIAN_POINT('',(0.114425,1.38777878078145E-17,-0.002));
#2580=CARTESIAN_POINT('',(0.114425,-0.047625,-0.002));
#2581=CARTESIAN_POINT('',(0.114425,-0.047625,-0.002));
#2582=CARTESIAN_POINT('',(0.112125,-0.025625,-0.002));
#2583=CARTESIAN_POINT('',(0.112125,-0.025625,0.));
#2584=CARTESIAN_POINT('',(0.112125,-0.023325,0.));
#2585=CARTESIAN_POINT('',(0.112125,-0.023325,-0.002));
#2586=CARTESIAN_POINT('',(0.112125,-0.023325,-0.002));
#2587=CARTESIAN_POINT('',(0.112125,-0.025625,-0.002));
#2588=CARTESIAN_POINT('',(0.,-0.023325,-0.002));
#2589=CARTESIAN_POINT('',(0.,-0.023325,0.));
#2590=CARTESIAN_POINT('',(0.090125,-0.023325,0.));
#2591=CARTESIAN_POINT('',(0.090125,-0.023325,-0.002));
#2592=CARTESIAN_POINT('',(0.090125,-0.023325,-0.002));
#2593=CARTESIAN_POINT('',(0.,-0.023325,-0.002));
#2594=CARTESIAN_POINT('',(0.090125,-0.025625,-0.002));
#2595=CARTESIAN_POINT('',(0.090125,-0.025625,0.));
#2596=CARTESIAN_POINT('',(0.087825,-0.025625,0.));
#2597=CARTESIAN_POINT('',(0.087825,-0.025625,-0.002));
#2598=CARTESIAN_POINT('',(0.087825,-0.025625,-0.002));
#2599=CARTESIAN_POINT('',(0.090125,-0.025625,-0.002));
#2600=CARTESIAN_POINT('',(0.087825,1.38777878078145E-17,-0.002));
#2601=CARTESIAN_POINT('',(0.087825,1.38777878078145E-17,0.));
#2602=CARTESIAN_POINT('',(0.087825,-0.047625,0.));
#2603=CARTESIAN_POINT('',(0.087825,-0.047625,-0.002));
#2604=CARTESIAN_POINT('',(0.087825,-0.047625,-0.002));
#2605=CARTESIAN_POINT('',(0.087825,1.38777878078145E-17,-0.002));
#2606=CARTESIAN_POINT('',(0.090125,-0.047625,-0.002));
#2607=CARTESIAN_POINT('',(0.090125,-0.047625,0.));
#2608=CARTESIAN_POINT('',(0.090125,-0.049925,0.));
#2609=CARTESIAN_POINT('',(0.090125,-0.049925,-0.002));
#2610=CARTESIAN_POINT('',(0.090125,-0.049925,-0.002));
#2611=CARTESIAN_POINT('',(0.090125,-0.047625,-0.002));
#2612=CARTESIAN_POINT('',(0.,-0.049925,-0.002));
#2613=CARTESIAN_POINT('',(0.,-0.049925,0.));
#2614=CARTESIAN_POINT('',(0.112125,-0.049925,0.));
#2615=CARTESIAN_POINT('',(0.112125,-0.049925,-0.002));
#2616=CARTESIAN_POINT('',(0.112125,-0.049925,-0.002));
#2617=CARTESIAN_POINT('',(0.,-0.049925,-0.002));
#2618=CARTESIAN_POINT('',(0.114425,1.38777878078145E-17,-0.002));
#2619=CARTESIAN_POINT('',(0.114425,1.38777878078145E-17,0.));
#2620=CARTESIAN_POINT('',(0.114425,-0.020125,0.));
#2621=CARTESIAN_POINT('',(0.114425,0.00187499999999997,0.));
#2622=CARTESIAN_POINT('',(0.114425,0.00187499999999997,-0.002));
#2623=CARTESIAN_POINT('',(0.114425,0.00187499999999997,-0.002));
#2624=CARTESIAN_POINT('',(0.114425,1.38777878078145E-17,-0.002));
#2625=CARTESIAN_POINT('',(0.114425,-0.020125,-0.002));
#2626=CARTESIAN_POINT('',(0.114425,-0.020125,-0.002));
#2627=CARTESIAN_POINT('',(0.112125,0.00187499999999997,-0.002));
#2628=CARTESIAN_POINT('',(0.112125,0.00187499999999997,0.));
#2629=CARTESIAN_POINT('',(0.112125,0.004175,0.));
#2630=CARTESIAN_POINT('',(0.112125,0.004175,-0.002));
#2631=CARTESIAN_POINT('',(0.112125,0.004175,-0.002));
#2632=CARTESIAN_POINT('',(0.112125,0.00187499999999997,-0.002));
#2633=CARTESIAN_POINT('',(0.,0.004175,-0.002));
#2634=CARTESIAN_POINT('',(0.,0.004175,0.));
#2635=CARTESIAN_POINT('',(0.090125,0.004175,0.));
#2636=CARTESIAN_POINT('',(0.090125,0.004175,-0.002));
#2637=CARTESIAN_POINT('',(0.090125,0.004175,-0.002));
#2638=CARTESIAN_POINT('',(0.,0.004175,-0.002));
#2639=CARTESIAN_POINT('',(0.090125,0.00187499999999997,-0.002));
#2640=CARTESIAN_POINT('',(0.090125,0.00187499999999997,0.));
#2641=CARTESIAN_POINT('',(0.087825,0.00187499999999997,0.));
#2642=CARTESIAN_POINT('',(0.087825,0.00187499999999997,-0.002));
#2643=CARTESIAN_POINT('',(0.087825,0.00187499999999997,-0.002));
#2644=CARTESIAN_POINT('',(0.090125,0.00187499999999997,-0.002));
#2645=CARTESIAN_POINT('',(0.087825,1.38777878078145E-17,-0.002));
#2646=CARTESIAN_POINT('',(0.087825,1.38777878078145E-17,0.));
#2647=CARTESIAN_POINT('',(0.087825,-0.020125,0.));
#2648=CARTESIAN_POINT('',(0.087825,-0.020125,-0.002));
#2649=CARTESIAN_POINT('',(0.087825,-0.020125,-0.002));
#2650=CARTESIAN_POINT('',(0.087825,1.38777878078145E-17,-0.002));
#2651=CARTESIAN_POINT('',(0.090125,-0.020125,-0.002));
#2652=CARTESIAN_POINT('',(0.090125,-0.020125,0.));
#2653=CARTESIAN_POINT('',(0.090125,-0.022425,0.));
#2654=CARTESIAN_POINT('',(0.090125,-0.022425,-0.002));
#2655=CARTESIAN_POINT('',(0.090125,-0.022425,-0.002));
#2656=CARTESIAN_POINT('',(0.090125,-0.020125,-0.002));
#2657=CARTESIAN_POINT('',(0.,-0.022425,-0.002));
#2658=CARTESIAN_POINT('',(0.,-0.022425,0.));
#2659=CARTESIAN_POINT('',(0.112125,-0.022425,0.));
#2660=CARTESIAN_POINT('',(0.112125,-0.022425,-0.002));
#2661=CARTESIAN_POINT('',(0.112125,-0.022425,-0.002));
#2662=CARTESIAN_POINT('',(0.,-0.022425,-0.002));
#2663=CARTESIAN_POINT('',(0.,0.031675,-0.002));
#2664=CARTESIAN_POINT('',(0.,0.031675,0.));
#2665=CARTESIAN_POINT('',(0.139375,0.031675,0.));
#2666=CARTESIAN_POINT('',(0.117375,0.031675,0.));
#2667=CARTESIAN_POINT('',(0.117375,0.031675,-0.002));
#2668=CARTESIAN_POINT('',(0.117375,0.031675,-0.002));
#2669=CARTESIAN_POINT('',(0.,0.031675,-0.002));
#2670=CARTESIAN_POINT('',(0.139375,0.031675,-0.002));
#2671=CARTESIAN_POINT('',(0.139375,0.031675,-0.002));
#2672=CARTESIAN_POINT('',(0.117375,0.029375,-0.002));
#2673=CARTESIAN_POINT('',(0.117375,0.029375,0.));
#2674=CARTESIAN_POINT('',(0.115075,0.029375,0.));
#2675=CARTESIAN_POINT('',(0.115075,0.029375,-0.002));
#2676=CARTESIAN_POINT('',(0.115075,0.029375,-0.002));
#2677=CARTESIAN_POINT('',(0.117375,0.029375,-0.002));
#2678=CARTESIAN_POINT('',(0.115075,1.38777878078145E-17,-0.002));
#2679=CARTESIAN_POINT('',(0.115075,1.38777878078145E-17,0.));
#2680=CARTESIAN_POINT('',(0.115075,0.007375,0.));
#2681=CARTESIAN_POINT('',(0.115075,0.007375,-0.002));
#2682=CARTESIAN_POINT('',(0.115075,0.007375,-0.002));
#2683=CARTESIAN_POINT('',(0.115075,1.38777878078145E-17,-0.002));
#2684=CARTESIAN_POINT('',(0.117375,0.007375,-0.002));
#2685=CARTESIAN_POINT('',(0.117375,0.007375,0.));
#2686=CARTESIAN_POINT('',(0.117375,0.005075,0.));
#2687=CARTESIAN_POINT('',(0.117375,0.005075,-0.002));
#2688=CARTESIAN_POINT('',(0.117375,0.005075,-0.002));
#2689=CARTESIAN_POINT('',(0.117375,0.007375,-0.002));
#2690=CARTESIAN_POINT('',(0.,0.005075,-0.002));
#2691=CARTESIAN_POINT('',(0.,0.005075,0.));
#2692=CARTESIAN_POINT('',(0.139375,0.005075,0.));
#2693=CARTESIAN_POINT('',(0.139375,0.005075,-0.002));
#2694=CARTESIAN_POINT('',(0.139375,0.005075,-0.002));
#2695=CARTESIAN_POINT('',(0.,0.005075,-0.002));
#2696=CARTESIAN_POINT('',(0.139375,0.007375,-0.002));
#2697=CARTESIAN_POINT('',(0.139375,0.007375,0.));
#2698=CARTESIAN_POINT('',(0.141675,0.007375,0.));
#2699=CARTESIAN_POINT('',(0.141675,0.007375,-0.002));
#2700=CARTESIAN_POINT('',(0.141675,0.007375,-0.002));
#2701=CARTESIAN_POINT('',(0.139375,0.007375,-0.002));
#2702=CARTESIAN_POINT('',(0.141675,1.38777878078145E-17,-0.002));
#2703=CARTESIAN_POINT('',(0.141675,1.38777878078145E-17,0.));
#2704=CARTESIAN_POINT('',(0.141675,0.029375,0.));
#2705=CARTESIAN_POINT('',(0.141675,0.029375,-0.002));
#2706=CARTESIAN_POINT('',(0.141675,0.029375,-0.002));
#2707=CARTESIAN_POINT('',(0.141675,1.38777878078145E-17,-0.002));
#2708=CARTESIAN_POINT('',(0.,0.031675,-0.002));
#2709=CARTESIAN_POINT('',(0.,0.031675,0.));
#2710=CARTESIAN_POINT('',(0.166625,0.031675,0.));
#2711=CARTESIAN_POINT('',(0.144625,0.031675,0.));
#2712=CARTESIAN_POINT('',(0.144625,0.031675,-0.002));
#2713=CARTESIAN_POINT('',(0.144625,0.031675,-0.002));
#2714=CARTESIAN_POINT('',(0.,0.031675,-0.002));
#2715=CARTESIAN_POINT('',(0.166625,0.031675,-0.002));
#2716=CARTESIAN_POINT('',(0.166625,0.031675,-0.002));
#2717=CARTESIAN_POINT('',(0.144625,0.029375,-0.002));
#2718=CARTESIAN_POINT('',(0.144625,0.029375,0.));
#2719=CARTESIAN_POINT('',(0.142325,0.029375,0.));
#2720=CARTESIAN_POINT('',(0.142325,0.029375,-0.002));
#2721=CARTESIAN_POINT('',(0.142325,0.029375,-0.002));
#2722=CARTESIAN_POINT('',(0.144625,0.029375,-0.002));
#2723=CARTESIAN_POINT('',(0.142325,1.38777878078145E-17,-0.002));
#2724=CARTESIAN_POINT('',(0.142325,1.38777878078145E-17,0.));
#2725=CARTESIAN_POINT('',(0.142325,0.007375,0.));
#2726=CARTESIAN_POINT('',(0.142325,0.007375,-0.002));
#2727=CARTESIAN_POINT('',(0.142325,0.007375,-0.002));
#2728=CARTESIAN_POINT('',(0.142325,1.38777878078145E-17,-0.002));
#2729=CARTESIAN_POINT('',(0.144625,0.007375,-0.002));
#2730=CARTESIAN_POINT('',(0.144625,0.007375,0.));
#2731=CARTESIAN_POINT('',(0.144625,0.005075,0.));
#2732=CARTESIAN_POINT('',(0.144625,0.005075,-0.002));
#2733=CARTESIAN_POINT('',(0.144625,0.005075,-0.002));
#2734=CARTESIAN_POINT('',(0.144625,0.007375,-0.002));
#2735=CARTESIAN_POINT('',(0.,0.005075,-0.002));
#2736=CARTESIAN_POINT('',(0.,0.005075,0.));
#2737=CARTESIAN_POINT('',(0.166625,0.005075,0.));
#2738=CARTESIAN_POINT('',(0.166625,0.005075,-0.002));
#2739=CARTESIAN_POINT('',(0.166625,0.005075,-0.002));
#2740=CARTESIAN_POINT('',(0.,0.005075,-0.002));
#2741=CARTESIAN_POINT('',(0.166625,0.007375,-0.002));
#2742=CARTESIAN_POINT('',(0.166625,0.007375,0.));
#2743=CARTESIAN_POINT('',(0.168925,0.007375,0.));
#2744=CARTESIAN_POINT('',(0.168925,0.007375,-0.002));
#2745=CARTESIAN_POINT('',(0.168925,0.007375,-0.002));
#2746=CARTESIAN_POINT('',(0.166625,0.007375,-0.002));
#2747=CARTESIAN_POINT('',(0.168925,1.38777878078145E-17,-0.002));
#2748=CARTESIAN_POINT('',(0.168925,1.38777878078145E-17,0.));
#2749=CARTESIAN_POINT('',(0.168925,0.029375,0.));
#2750=CARTESIAN_POINT('',(0.168925,0.029375,-0.002));
#2751=CARTESIAN_POINT('',(0.168925,0.029375,-0.002));
#2752=CARTESIAN_POINT('',(0.168925,1.38777878078145E-17,-0.002));
#2753=CARTESIAN_POINT('',(0.,0.031675,-0.002));
#2754=CARTESIAN_POINT('',(0.,0.031675,0.));
#2755=CARTESIAN_POINT('',(0.090125,0.031675,0.));
#2756=CARTESIAN_POINT('',(0.112125,0.031675,0.));
#2757=CARTESIAN_POINT('',(0.090125,0.031675,-0.002));
#2758=CARTESIAN_POINT('',(0.090125,0.031675,-0.002));
#2759=CARTESIAN_POINT('',(0.,0.031675,-0.002));
#2760=CARTESIAN_POINT('',(0.112125,0.031675,-0.002));
#2761=CARTESIAN_POINT('',(0.112125,0.031675,-0.002));
#2762=CARTESIAN_POINT('',(0.090125,0.029375,-0.002));
#2763=CARTESIAN_POINT('',(0.090125,0.029375,0.));
#2764=CARTESIAN_POINT('',(0.087825,0.029375,0.));
#2765=CARTESIAN_POINT('',(0.087825,0.029375,-0.002));
#2766=CARTESIAN_POINT('',(0.087825,0.029375,-0.002));
#2767=CARTESIAN_POINT('',(0.090125,0.029375,-0.002));
#2768=CARTESIAN_POINT('',(0.087825,1.38777878078145E-17,-0.002));
#2769=CARTESIAN_POINT('',(0.087825,1.38777878078145E-17,0.));
#2770=CARTESIAN_POINT('',(0.087825,0.007375,0.));
#2771=CARTESIAN_POINT('',(0.087825,0.007375,-0.002));
#2772=CARTESIAN_POINT('',(0.087825,0.007375,-0.002));
#2773=CARTESIAN_POINT('',(0.087825,1.38777878078145E-17,-0.002));
#2774=CARTESIAN_POINT('',(0.090125,0.007375,-0.002));
#2775=CARTESIAN_POINT('',(0.090125,0.007375,0.));
#2776=CARTESIAN_POINT('',(0.090125,0.005075,0.));
#2777=CARTESIAN_POINT('',(0.090125,0.005075,-0.002));
#2778=CARTESIAN_POINT('',(0.090125,0.005075,-0.002));
#2779=CARTESIAN_POINT('',(0.090125,0.007375,-0.002));
#2780=CARTESIAN_POINT('',(0.,0.005075,-0.002));
#2781=CARTESIAN_POINT('',(0.,0.005075,0.));
#2782=CARTESIAN_POINT('',(0.112125,0.005075,0.));
#2783=CARTESIAN_POINT('',(0.112125,0.005075,-0.002));
#2784=CARTESIAN_POINT('',(0.112125,0.005075,-0.002));
#2785=CARTESIAN_POINT('',(0.,0.005075,-0.002));
#2786=CARTESIAN_POINT('',(0.112125,0.007375,-0.002));
#2787=CARTESIAN_POINT('',(0.112125,0.007375,0.));
#2788=CARTESIAN_POINT('',(0.114425,0.007375,0.));
#2789=CARTESIAN_POINT('',(0.114425,0.007375,-0.002));
#2790=CARTESIAN_POINT('',(0.114425,0.007375,-0.002));
#2791=CARTESIAN_POINT('',(0.112125,0.007375,-0.002));
#2792=CARTESIAN_POINT('',(0.114425,1.38777878078145E-17,-0.002));
#2793=CARTESIAN_POINT('',(0.114425,1.38777878078145E-17,0.));
#2794=CARTESIAN_POINT('',(0.114425,0.029375,0.));
#2795=CARTESIAN_POINT('',(0.114425,0.029375,-0.002));
#2796=CARTESIAN_POINT('',(0.114425,0.029375,-0.002));
#2797=CARTESIAN_POINT('',(0.114425,1.38777878078145E-17,-0.002));
#2798=CARTESIAN_POINT('',(0.168925,1.38777878078145E-17,-0.002));
#2799=CARTESIAN_POINT('',(0.168925,1.38777878078145E-17,0.));
#2800=CARTESIAN_POINT('',(0.168925,-0.020125,0.));
#2801=CARTESIAN_POINT('',(0.168925,0.00187499999999997,0.));
#2802=CARTESIAN_POINT('',(0.168925,0.00187499999999997,-0.002));
#2803=CARTESIAN_POINT('',(0.168925,0.00187499999999997,-0.002));
#2804=CARTESIAN_POINT('',(0.168925,1.38777878078145E-17,-0.002));
#2805=CARTESIAN_POINT('',(0.168925,-0.020125,-0.002));
#2806=CARTESIAN_POINT('',(0.168925,-0.020125,-0.002));
#2807=CARTESIAN_POINT('',(0.166625,0.00187499999999997,-0.002));
#2808=CARTESIAN_POINT('',(0.166625,0.00187499999999997,0.));
#2809=CARTESIAN_POINT('',(0.166625,0.004175,0.));
#2810=CARTESIAN_POINT('',(0.166625,0.004175,-0.002));
#2811=CARTESIAN_POINT('',(0.166625,0.004175,-0.002));
#2812=CARTESIAN_POINT('',(0.166625,0.00187499999999997,-0.002));
#2813=CARTESIAN_POINT('',(0.,0.004175,-0.002));
#2814=CARTESIAN_POINT('',(0.,0.004175,0.));
#2815=CARTESIAN_POINT('',(0.144625,0.004175,0.));
#2816=CARTESIAN_POINT('',(0.144625,0.004175,-0.002));
#2817=CARTESIAN_POINT('',(0.144625,0.004175,-0.002));
#2818=CARTESIAN_POINT('',(0.,0.004175,-0.002));
#2819=CARTESIAN_POINT('',(0.144625,0.00187499999999997,-0.002));
#2820=CARTESIAN_POINT('',(0.144625,0.00187499999999997,0.));
#2821=CARTESIAN_POINT('',(0.142325,0.00187499999999997,0.));
#2822=CARTESIAN_POINT('',(0.142325,0.00187499999999997,-0.002));
#2823=CARTESIAN_POINT('',(0.142325,0.00187499999999997,-0.002));
#2824=CARTESIAN_POINT('',(0.144625,0.00187499999999997,-0.002));
#2825=CARTESIAN_POINT('',(0.142325,1.38777878078145E-17,-0.002));
#2826=CARTESIAN_POINT('',(0.142325,1.38777878078145E-17,0.));
#2827=CARTESIAN_POINT('',(0.142325,-0.020125,0.));
#2828=CARTESIAN_POINT('',(0.142325,-0.020125,-0.002));
#2829=CARTESIAN_POINT('',(0.142325,-0.020125,-0.002));
#2830=CARTESIAN_POINT('',(0.142325,1.38777878078145E-17,-0.002));
#2831=CARTESIAN_POINT('',(0.144625,-0.020125,-0.002));
#2832=CARTESIAN_POINT('',(0.144625,-0.020125,0.));
#2833=CARTESIAN_POINT('',(0.144625,-0.022425,0.));
#2834=CARTESIAN_POINT('',(0.144625,-0.022425,-0.002));
#2835=CARTESIAN_POINT('',(0.144625,-0.022425,-0.002));
#2836=CARTESIAN_POINT('',(0.144625,-0.020125,-0.002));
#2837=CARTESIAN_POINT('',(0.,-0.022425,-0.002));
#2838=CARTESIAN_POINT('',(0.,-0.022425,0.));
#2839=CARTESIAN_POINT('',(0.166625,-0.022425,0.));
#2840=CARTESIAN_POINT('',(0.166625,-0.022425,-0.002));
#2841=CARTESIAN_POINT('',(0.166625,-0.022425,-0.002));
#2842=CARTESIAN_POINT('',(0.,-0.022425,-0.002));
#2843=CARTESIAN_POINT('',(0.141675,1.38777878078145E-17,-0.002));
#2844=CARTESIAN_POINT('',(0.141675,1.38777878078145E-17,0.));
#2845=CARTESIAN_POINT('',(0.141675,0.00187499999999997,0.));
#2846=CARTESIAN_POINT('',(0.141675,-0.020125,0.));
#2847=CARTESIAN_POINT('',(0.141675,0.00187499999999997,-0.002));
#2848=CARTESIAN_POINT('',(0.141675,0.00187499999999997,-0.002));
#2849=CARTESIAN_POINT('',(0.141675,1.38777878078145E-17,-0.002));
#2850=CARTESIAN_POINT('',(0.141675,-0.020125,-0.002));
#2851=CARTESIAN_POINT('',(0.141675,-0.020125,-0.002));
#2852=CARTESIAN_POINT('',(0.139375,0.00187499999999997,-0.002));
#2853=CARTESIAN_POINT('',(0.139375,0.00187499999999997,0.));
#2854=CARTESIAN_POINT('',(0.139375,0.004175,0.));
#2855=CARTESIAN_POINT('',(0.139375,0.004175,-0.002));
#2856=CARTESIAN_POINT('',(0.139375,0.004175,-0.002));
#2857=CARTESIAN_POINT('',(0.139375,0.00187499999999997,-0.002));
#2858=CARTESIAN_POINT('',(0.,0.004175,-0.002));
#2859=CARTESIAN_POINT('',(0.,0.004175,0.));
#2860=CARTESIAN_POINT('',(0.117375,0.004175,0.));
#2861=CARTESIAN_POINT('',(0.117375,0.004175,-0.002));
#2862=CARTESIAN_POINT('',(0.117375,0.004175,-0.002));
#2863=CARTESIAN_POINT('',(0.,0.004175,-0.002));
#2864=CARTESIAN_POINT('',(0.117375,0.00187499999999997,-0.002));
#2865=CARTESIAN_POINT('',(0.117375,0.00187499999999997,0.));
#2866=CARTESIAN_POINT('',(0.115075,0.00187499999999997,0.));
#2867=CARTESIAN_POINT('',(0.115075,0.00187499999999997,-0.002));
#2868=CARTESIAN_POINT('',(0.115075,0.00187499999999997,-0.002));
#2869=CARTESIAN_POINT('',(0.117375,0.00187499999999997,-0.002));
#2870=CARTESIAN_POINT('',(0.115075,1.38777878078145E-17,-0.002));
#2871=CARTESIAN_POINT('',(0.115075,1.38777878078145E-17,0.));
#2872=CARTESIAN_POINT('',(0.115075,-0.020125,0.));
#2873=CARTESIAN_POINT('',(0.115075,-0.020125,-0.002));
#2874=CARTESIAN_POINT('',(0.115075,-0.020125,-0.002));
#2875=CARTESIAN_POINT('',(0.115075,1.38777878078145E-17,-0.002));
#2876=CARTESIAN_POINT('',(0.117375,-0.020125,-0.002));
#2877=CARTESIAN_POINT('',(0.117375,-0.020125,0.));
#2878=CARTESIAN_POINT('',(0.117375,-0.022425,0.));
#2879=CARTESIAN_POINT('',(0.117375,-0.022425,-0.002));
#2880=CARTESIAN_POINT('',(0.117375,-0.022425,-0.002));
#2881=CARTESIAN_POINT('',(0.117375,-0.020125,-0.002));
#2882=CARTESIAN_POINT('',(0.,-0.022425,-0.002));
#2883=CARTESIAN_POINT('',(0.,-0.022425,0.));
#2884=CARTESIAN_POINT('',(0.139375,-0.022425,0.));
#2885=CARTESIAN_POINT('',(0.139375,-0.022425,-0.002));
#2886=CARTESIAN_POINT('',(0.139375,-0.022425,-0.002));
#2887=CARTESIAN_POINT('',(0.,-0.022425,-0.002));
#2888=CARTESIAN_POINT('',(0.168925,1.38777878078145E-17,-0.002));
#2889=CARTESIAN_POINT('',(0.168925,1.38777878078145E-17,0.));
#2890=CARTESIAN_POINT('',(0.168925,-0.047625,0.));
#2891=CARTESIAN_POINT('',(0.168925,-0.025625,0.));
#2892=CARTESIAN_POINT('',(0.168925,-0.025625,-0.002));
#2893=CARTESIAN_POINT('',(0.168925,-0.025625,-0.002));
#2894=CARTESIAN_POINT('',(0.168925,1.38777878078145E-17,-0.002));
#2895=CARTESIAN_POINT('',(0.168925,-0.047625,-0.002));
#2896=CARTESIAN_POINT('',(0.168925,-0.047625,-0.002));
#2897=CARTESIAN_POINT('',(0.166625,-0.025625,-0.002));
#2898=CARTESIAN_POINT('',(0.166625,-0.025625,0.));
#2899=CARTESIAN_POINT('',(0.166625,-0.023325,0.));
#2900=CARTESIAN_POINT('',(0.166625,-0.023325,-0.002));
#2901=CARTESIAN_POINT('',(0.166625,-0.023325,-0.002));
#2902=CARTESIAN_POINT('',(0.166625,-0.025625,-0.002));
#2903=CARTESIAN_POINT('',(0.,-0.023325,-0.002));
#2904=CARTESIAN_POINT('',(0.,-0.023325,0.));
#2905=CARTESIAN_POINT('',(0.144625,-0.023325,0.));
#2906=CARTESIAN_POINT('',(0.144625,-0.023325,-0.002));
#2907=CARTESIAN_POINT('',(0.144625,-0.023325,-0.002));
#2908=CARTESIAN_POINT('',(0.,-0.023325,-0.002));
#2909=CARTESIAN_POINT('',(0.144625,-0.025625,-0.002));
#2910=CARTESIAN_POINT('',(0.144625,-0.025625,0.));
#2911=CARTESIAN_POINT('',(0.142325,-0.025625,0.));
#2912=CARTESIAN_POINT('',(0.142325,-0.025625,-0.002));
#2913=CARTESIAN_POINT('',(0.142325,-0.025625,-0.002));
#2914=CARTESIAN_POINT('',(0.144625,-0.025625,-0.002));
#2915=CARTESIAN_POINT('',(0.142325,1.38777878078145E-17,-0.002));
#2916=CARTESIAN_POINT('',(0.142325,1.38777878078145E-17,0.));
#2917=CARTESIAN_POINT('',(0.142325,-0.047625,0.));
#2918=CARTESIAN_POINT('',(0.142325,-0.047625,-0.002));
#2919=CARTESIAN_POINT('',(0.142325,-0.047625,-0.002));
#2920=CARTESIAN_POINT('',(0.142325,1.38777878078145E-17,-0.002));
#2921=CARTESIAN_POINT('',(0.144625,-0.047625,-0.002));
#2922=CARTESIAN_POINT('',(0.144625,-0.047625,0.));
#2923=CARTESIAN_POINT('',(0.144625,-0.049925,0.));
#2924=CARTESIAN_POINT('',(0.144625,-0.049925,-0.002));
#2925=CARTESIAN_POINT('',(0.144625,-0.049925,-0.002));
#2926=CARTESIAN_POINT('',(0.144625,-0.047625,-0.002));
#2927=CARTESIAN_POINT('',(0.,-0.049925,-0.002));
#2928=CARTESIAN_POINT('',(0.,-0.049925,0.));
#2929=CARTESIAN_POINT('',(0.166625,-0.049925,0.));
#2930=CARTESIAN_POINT('',(0.166625,-0.049925,-0.002));
#2931=CARTESIAN_POINT('',(0.166625,-0.049925,-0.002));
#2932=CARTESIAN_POINT('',(0.,-0.049925,-0.002));
#2933=CARTESIAN_POINT('',(0.141675,1.38777878078145E-17,-0.002));
#2934=CARTESIAN_POINT('',(0.141675,1.38777878078145E-17,0.));
#2935=CARTESIAN_POINT('',(0.141675,-0.025625,0.));
#2936=CARTESIAN_POINT('',(0.141675,-0.047625,0.));
#2937=CARTESIAN_POINT('',(0.141675,-0.025625,-0.002));
#2938=CARTESIAN_POINT('',(0.141675,-0.025625,-0.002));
#2939=CARTESIAN_POINT('',(0.141675,1.38777878078145E-17,-0.002));
#2940=CARTESIAN_POINT('',(0.141675,-0.047625,-0.002));
#2941=CARTESIAN_POINT('',(0.141675,-0.047625,-0.002));
#2942=CARTESIAN_POINT('',(0.139375,-0.025625,-0.002));
#2943=CARTESIAN_POINT('',(0.139375,-0.025625,0.));
#2944=CARTESIAN_POINT('',(0.139375,-0.023325,0.));
#2945=CARTESIAN_POINT('',(0.139375,-0.023325,-0.002));
#2946=CARTESIAN_POINT('',(0.139375,-0.023325,-0.002));
#2947=CARTESIAN_POINT('',(0.139375,-0.025625,-0.002));
#2948=CARTESIAN_POINT('',(0.,-0.023325,-0.002));
#2949=CARTESIAN_POINT('',(0.,-0.023325,0.));
#2950=CARTESIAN_POINT('',(0.117375,-0.023325,0.));
#2951=CARTESIAN_POINT('',(0.117375,-0.023325,-0.002));
#2952=CARTESIAN_POINT('',(0.117375,-0.023325,-0.002));
#2953=CARTESIAN_POINT('',(0.,-0.023325,-0.002));
#2954=CARTESIAN_POINT('',(0.117375,-0.025625,-0.002));
#2955=CARTESIAN_POINT('',(0.117375,-0.025625,0.));
#2956=CARTESIAN_POINT('',(0.115075,-0.025625,0.));
#2957=CARTESIAN_POINT('',(0.115075,-0.025625,-0.002));
#2958=CARTESIAN_POINT('',(0.115075,-0.025625,-0.002));
#2959=CARTESIAN_POINT('',(0.117375,-0.025625,-0.002));
#2960=CARTESIAN_POINT('',(0.115075,1.38777878078145E-17,-0.002));
#2961=CARTESIAN_POINT('',(0.115075,1.38777878078145E-17,0.));
#2962=CARTESIAN_POINT('',(0.115075,-0.047625,0.));
#2963=CARTESIAN_POINT('',(0.115075,-0.047625,-0.002));
#2964=CARTESIAN_POINT('',(0.115075,-0.047625,-0.002));
#2965=CARTESIAN_POINT('',(0.115075,1.38777878078145E-17,-0.002));
#2966=CARTESIAN_POINT('',(0.117375,-0.047625,-0.002));
#2967=CARTESIAN_POINT('',(0.117375,-0.047625,0.));
#2968=CARTESIAN_POINT('',(0.117375,-0.049925,0.));
#2969=CARTESIAN_POINT('',(0.117375,-0.049925,-0.002));
#2970=CARTESIAN_POINT('',(0.117375,-0.049925,-0.002));
#2971=CARTESIAN_POINT('',(0.117375,-0.047625,-0.002));
#2972=CARTESIAN_POINT('',(0.,-0.049925,-0.002));
#2973=CARTESIAN_POINT('',(0.,-0.049925,0.));
#2974=CARTESIAN_POINT('',(0.139375,-0.049925,0.));
#2975=CARTESIAN_POINT('',(0.139375,-0.049925,-0.002));
#2976=CARTESIAN_POINT('',(0.139375,-0.049925,-0.002));
#2977=CARTESIAN_POINT('',(0.,-0.049925,-0.002));
#2978=CARTESIAN_POINT('',(0.169925,1.38777878078145E-17,-0.002));
#2979=CARTESIAN_POINT('',(0.169925,1.38777878078145E-17,0.));
#2980=CARTESIAN_POINT('',(0.169925,0.036125,0.));
#2981=CARTESIAN_POINT('',(0.169925,0.047625,0.));
#2982=CARTESIAN_POINT('',(0.169925,0.047625,-0.002));
#2983=CARTESIAN_POINT('',(0.169925,0.047625,-0.002));
#2984=CARTESIAN_POINT('',(0.169925,1.38777878078145E-17,-0.002));
#2985=CARTESIAN_POINT('',(0.169925,0.036125,-0.002));
#2986=CARTESIAN_POINT('',(0.169925,0.036125,-0.002));
#2987=CARTESIAN_POINT('',(0.167625,0.047625,-0.002));
#2988=CARTESIAN_POINT('',(0.167625,0.047625,0.));
#2989=CARTESIAN_POINT('',(0.167625,0.049925,0.));
#2990=CARTESIAN_POINT('',(0.167625,0.049925,-0.002));
#2991=CARTESIAN_POINT('',(0.167625,0.049925,-0.002));
#2992=CARTESIAN_POINT('',(0.167625,0.047625,-0.002));
#2993=CARTESIAN_POINT('',(0.,0.049925,-0.002));
#2994=CARTESIAN_POINT('',(0.,0.049925,0.));
#2995=CARTESIAN_POINT('',(0.089125,0.049925,0.));
#2996=CARTESIAN_POINT('',(0.089125,0.049925,-0.002));
#2997=CARTESIAN_POINT('',(0.089125,0.049925,-0.002));
#2998=CARTESIAN_POINT('',(0.,0.049925,-0.002));
#2999=CARTESIAN_POINT('',(0.089125,0.047625,-0.002));
#3000=CARTESIAN_POINT('',(0.089125,0.047625,0.));
#3001=CARTESIAN_POINT('',(0.086825,0.047625,0.));
#3002=CARTESIAN_POINT('',(0.086825,0.047625,-0.002));
#3003=CARTESIAN_POINT('',(0.086825,0.047625,-0.002));
#3004=CARTESIAN_POINT('',(0.089125,0.047625,-0.002));
#3005=CARTESIAN_POINT('',(0.086825,1.38777878078145E-17,-0.002));
#3006=CARTESIAN_POINT('',(0.086825,1.38777878078145E-17,0.));
#3007=CARTESIAN_POINT('',(0.086825,0.036125,0.));
#3008=CARTESIAN_POINT('',(0.086825,0.036125,-0.002));
#3009=CARTESIAN_POINT('',(0.086825,0.036125,-0.002));
#3010=CARTESIAN_POINT('',(0.086825,1.38777878078145E-17,-0.002));
#3011=CARTESIAN_POINT('',(0.089125,0.036125,-0.002));
#3012=CARTESIAN_POINT('',(0.089125,0.036125,0.));
#3013=CARTESIAN_POINT('',(0.089125,0.033825,0.));
#3014=CARTESIAN_POINT('',(0.089125,0.033825,-0.002));
#3015=CARTESIAN_POINT('',(0.089125,0.033825,-0.002));
#3016=CARTESIAN_POINT('',(0.089125,0.036125,-0.002));
#3017=CARTESIAN_POINT('',(0.,0.033825,-0.002));
#3018=CARTESIAN_POINT('',(0.,0.033825,0.));
#3019=CARTESIAN_POINT('',(0.167625,0.033825,0.));
#3020=CARTESIAN_POINT('',(0.167625,0.033825,-0.002));
#3021=CARTESIAN_POINT('',(0.167625,0.033825,-0.002));
#3022=CARTESIAN_POINT('',(0.,0.033825,-0.002));
#3023=CARTESIAN_POINT('',(0.112125,-0.047625,-0.002));
#3024=CARTESIAN_POINT('',(0.112125,-0.047625,0.));
#3025=CARTESIAN_POINT('',(0.112125,-0.047625,-0.002));
#3026=CARTESIAN_POINT('',(0.112125,-0.020125,-0.002));
#3027=CARTESIAN_POINT('',(0.112125,-0.020125,0.));
#3028=CARTESIAN_POINT('',(0.112125,-0.020125,-0.002));
#3029=CARTESIAN_POINT('',(0.139375,0.029375,-0.002));
#3030=CARTESIAN_POINT('',(0.139375,0.029375,0.));
#3031=CARTESIAN_POINT('',(0.139375,0.029375,-0.002));
#3032=CARTESIAN_POINT('',(0.166625,0.029375,-0.002));
#3033=CARTESIAN_POINT('',(0.166625,0.029375,0.));
#3034=CARTESIAN_POINT('',(0.166625,0.029375,-0.002));
#3035=CARTESIAN_POINT('',(0.112125,0.029375,-0.002));
#3036=CARTESIAN_POINT('',(0.112125,0.029375,0.));
#3037=CARTESIAN_POINT('',(0.112125,0.029375,-0.002));
#3038=CARTESIAN_POINT('',(0.166625,-0.020125,-0.002));
#3039=CARTESIAN_POINT('',(0.166625,-0.020125,0.));
#3040=CARTESIAN_POINT('',(0.166625,-0.020125,-0.002));
#3041=CARTESIAN_POINT('',(0.139375,-0.020125,-0.002));
#3042=CARTESIAN_POINT('',(0.139375,-0.020125,0.));
#3043=CARTESIAN_POINT('',(0.139375,-0.020125,-0.002));
#3044=CARTESIAN_POINT('',(0.166625,-0.047625,-0.002));
#3045=CARTESIAN_POINT('',(0.166625,-0.047625,0.));
#3046=CARTESIAN_POINT('',(0.166625,-0.047625,-0.002));
#3047=CARTESIAN_POINT('',(0.139375,-0.047625,-0.002));
#3048=CARTESIAN_POINT('',(0.139375,-0.047625,0.));
#3049=CARTESIAN_POINT('',(0.139375,-0.047625,-0.002));
#3050=CARTESIAN_POINT('',(0.167625,0.036125,-0.002));
#3051=CARTESIAN_POINT('',(0.167625,0.036125,0.));
#3052=CARTESIAN_POINT('',(0.167625,0.036125,-0.002));
#3053=CARTESIAN_POINT('',(0.08375,1.38777878078145E-17,-0.002));
#3054=CARTESIAN_POINT('',(0.08375,1.38777878078145E-17,-0.002));
#3055=CARTESIAN_POINT('',(0.08375,0.052,-0.002));
#3056=CARTESIAN_POINT('',(0.08375,-0.052,-0.002));
#3057=CARTESIAN_POINT('',(0.08375,-0.052,-0.002));
#3058=CARTESIAN_POINT('',(0.08375,-0.052,0.));
#3059=CARTESIAN_POINT('',(0.08375,1.38777878078145E-17,0.));
#3060=CARTESIAN_POINT('',(0.08375,0.052,0.));
#3061=CARTESIAN_POINT('',(0.08375,0.052,-0.002));
#3062=CARTESIAN_POINT('',(0.,1.38777878078145E-17,-0.002));
#3063=CARTESIAN_POINT('',(0.08475,-0.052,-0.002));
#3064=CARTESIAN_POINT('',(0.08475,0.052,-0.002));
#3065=CARTESIAN_POINT('',(0.1745,0.052,-0.002));
#3066=CARTESIAN_POINT('',(0.1745,-0.052,-0.002));
#3067=CARTESIAN_POINT('',(0.,1.38777878078145E-17,0.));
#3068=CARTESIAN_POINT('',(0.08475,-0.052,0.));
#3069=CARTESIAN_POINT('',(0.1745,-0.052,0.));
#3070=CARTESIAN_POINT('',(0.1745,0.052,0.));
#3071=CARTESIAN_POINT('',(0.08475,0.052,0.));
#3072=CARTESIAN_POINT('',(0.08475,-0.052,-0.002));
#3073=CARTESIAN_POINT('',(0.08475,0.052,-0.002));
#3074=CARTESIAN_POINT('',(0.1745,0.052,-0.002));
#3075=CARTESIAN_POINT('',(0.1745,-0.052,-0.002));
#3076=MECHANICAL_DESIGN_GEOMETRIC_PRESENTATION_REPRESENTATION('',(#1821),
#3077);
#3077=(
GEOMETRIC_REPRESENTATION_CONTEXT(3)
GLOBAL_UNCERTAINTY_ASSIGNED_CONTEXT((#3078))
GLOBAL_UNIT_ASSIGNED_CONTEXT((#3081,#3080,#3079))
REPRESENTATION_CONTEXT('Part 120','TOP_LEVEL_ASSEMBLY_PART')
);
#3078=UNCERTAINTY_MEASURE_WITH_UNIT(LENGTH_MEASURE(1.E-8),#3081,
'DISTANCE_ACCURACY_VALUE','Maximum Tolerance applied to model');
#3079=(
NAMED_UNIT(*)
SI_UNIT($,.STERADIAN.)
SOLID_ANGLE_UNIT()
);
#3080=(
NAMED_UNIT(*)
PLANE_ANGLE_UNIT()
SI_UNIT($,.RADIAN.)
);
#3081=(
LENGTH_UNIT()
NAMED_UNIT(*)
SI_UNIT($,.METRE.)
);
#3082=PRODUCT_DEFINITION_SHAPE('','',#3083);
#3083=PRODUCT_DEFINITION('','',#3085,#3084);
#3084=PRODUCT_DEFINITION_CONTEXT('',#3091,'design');
#3085=PRODUCT_DEFINITION_FORMATION_WITH_SPECIFIED_SOURCE('','',#3087,
 .NOT_KNOWN.);
#3086=PRODUCT_RELATED_PRODUCT_CATEGORY('','',(#3087));
#3087=PRODUCT('Part 120','Part 120','Part 120',(#3089));
#3088=PRODUCT_CATEGORY('','');
#3089=PRODUCT_CONTEXT('',#3091,'mechanical');
#3090=APPLICATION_PROTOCOL_DEFINITION('international standard',
'ap242_managed_model_based_3d_engineering',2011,#3091);
#3091=APPLICATION_CONTEXT('managed model based 3d engineering');
ENDSEC;
END-ISO-10303-21;
