ISO-10303-21;
HEADER;
/* Generated by software containing ST-Developer
 * from STEP Tools, Inc. (www.steptools.com) 
 */
/* OPTION: using custom renumber hook */

FILE_DESCRIPTION(
/* description */ ('STEP AP242',
'CAx-IF Rec.Pracs.---Representation and Presentation of Product Manufa
cturing Information (PMI)---4.0---2014-10-13',
'CAx-IF Rec.Pracs.---3D Tessellated Geometry---0.4---2014-09-14','2;1',
'CAx-IF Rec.Pracs.---User Defined Attributes---1.5---2016-08-15'),
/* implementation_level */ '2;1');

FILE_NAME(
/* name */ '691869c6dff9c71410661786',
/* time_stamp */ '2025-11-15T11:53:43Z',
/* author */ (''),
/* organization */ (''),
/* preprocessor_version */ 'ST-DEVELOPER v20',
/* originating_system */ 'ONSHAPE BY PTC INC, 1.206',
/* authorisation */ '  ');

FILE_SCHEMA (('AP242_MANAGED_MODEL_BASED_3D_ENGINEERING_MIM_LF { 1 0 10303 442 1 1 4 }'));
ENDSEC;

DATA;
#10=SHAPE_REPRESENTATION_RELATIONSHIP('','',#12327,#11);
#11=ADVANCED_BREP_SHAPE_REPRESENTATION('',(#12325),#20741);
#12=CIRCLE('',#12331,0.0023);
#13=CIRCLE('',#12332,0.0023);
#14=CIRCLE('',#12335,0.0023);
#15=CIRCLE('',#12336,0.0023);
#16=CIRCLE('',#12339,0.0023);
#17=CIRCLE('',#12340,0.0023);
#18=CIRCLE('',#12344,0.0023);
#19=CIRCLE('',#12345,0.0023);
#20=CIRCLE('',#12348,0.0023);
#21=CIRCLE('',#12349,0.0023);
#22=CIRCLE('',#12352,0.0023);
#23=CIRCLE('',#12353,0.0023);
#24=CIRCLE('',#12357,0.0023);
#25=CIRCLE('',#12358,0.0023);
#26=CIRCLE('',#12361,0.0023);
#27=CIRCLE('',#12362,0.0023);
#28=CIRCLE('',#12365,0.0023);
#29=CIRCLE('',#12366,0.0023);
#30=CIRCLE('',#12370,0.0023);
#31=CIRCLE('',#12371,0.0023);
#32=CIRCLE('',#12374,0.0023);
#33=CIRCLE('',#12375,0.0023);
#34=CIRCLE('',#12378,0.0023);
#35=CIRCLE('',#12379,0.0023);
#36=CIRCLE('',#12383,0.0023);
#37=CIRCLE('',#12384,0.0023);
#38=CIRCLE('',#12387,0.0023);
#39=CIRCLE('',#12388,0.0023);
#40=CIRCLE('',#12391,0.0023);
#41=CIRCLE('',#12392,0.0023);
#42=CIRCLE('',#12396,0.0023);
#43=CIRCLE('',#12397,0.0023);
#44=CIRCLE('',#12400,0.0023);
#45=CIRCLE('',#12401,0.0023);
#46=CIRCLE('',#12404,0.0023);
#47=CIRCLE('',#12405,0.0023);
#48=CIRCLE('',#12409,0.0023);
#49=CIRCLE('',#12410,0.0023);
#50=CIRCLE('',#12413,0.0023);
#51=CIRCLE('',#12414,0.0023);
#52=CIRCLE('',#12417,0.0023);
#53=CIRCLE('',#12418,0.0023);
#54=CIRCLE('',#12422,0.0023);
#55=CIRCLE('',#12423,0.0023);
#56=CIRCLE('',#12426,0.0023);
#57=CIRCLE('',#12427,0.0023);
#58=CIRCLE('',#12430,0.0023);
#59=CIRCLE('',#12431,0.0023);
#60=CIRCLE('',#12435,0.0023);
#61=CIRCLE('',#12436,0.0023);
#62=CIRCLE('',#12439,0.0023);
#63=CIRCLE('',#12440,0.0023);
#64=CIRCLE('',#12443,0.0023);
#65=CIRCLE('',#12444,0.0023);
#66=CIRCLE('',#12448,0.0023);
#67=CIRCLE('',#12449,0.0023);
#68=CIRCLE('',#12452,0.0023);
#69=CIRCLE('',#12453,0.0023);
#70=CIRCLE('',#12456,0.0023);
#71=CIRCLE('',#12457,0.0023);
#72=CIRCLE('',#12461,0.0023);
#73=CIRCLE('',#12462,0.0023);
#74=CIRCLE('',#12465,0.0023);
#75=CIRCLE('',#12466,0.0023);
#76=CIRCLE('',#12469,0.0023);
#77=CIRCLE('',#12470,0.0023);
#78=CIRCLE('',#12474,0.0023);
#79=CIRCLE('',#12475,0.0023);
#80=CIRCLE('',#12478,0.0023);
#81=CIRCLE('',#12479,0.0023);
#82=CIRCLE('',#12482,0.0023);
#83=CIRCLE('',#12483,0.0023);
#84=CIRCLE('',#12487,0.0023);
#85=CIRCLE('',#12488,0.0023);
#86=CIRCLE('',#12491,0.0023);
#87=CIRCLE('',#12492,0.0023);
#88=CIRCLE('',#12495,0.0023);
#89=CIRCLE('',#12496,0.0023);
#90=CIRCLE('',#12500,0.0023);
#91=CIRCLE('',#12501,0.0023);
#92=CIRCLE('',#12504,0.0023);
#93=CIRCLE('',#12505,0.0023);
#94=CIRCLE('',#12508,0.0023);
#95=CIRCLE('',#12509,0.0023);
#96=CIRCLE('',#12513,0.0023);
#97=CIRCLE('',#12514,0.0023);
#98=CIRCLE('',#12517,0.0023);
#99=CIRCLE('',#12518,0.0023);
#100=CIRCLE('',#12521,0.0023);
#101=CIRCLE('',#12522,0.0023);
#102=CIRCLE('',#12526,0.0023);
#103=CIRCLE('',#12527,0.0023);
#104=CIRCLE('',#12530,0.0023);
#105=CIRCLE('',#12531,0.0023);
#106=CIRCLE('',#12534,0.0023);
#107=CIRCLE('',#12535,0.0023);
#108=CIRCLE('',#12539,0.0023);
#109=CIRCLE('',#12540,0.0023);
#110=CIRCLE('',#12543,0.0023);
#111=CIRCLE('',#12544,0.0023);
#112=CIRCLE('',#12547,0.0023);
#113=CIRCLE('',#12548,0.0023);
#114=CIRCLE('',#12552,0.0023);
#115=CIRCLE('',#12553,0.0023);
#116=CIRCLE('',#12556,0.0023);
#117=CIRCLE('',#12557,0.0023);
#118=CIRCLE('',#12560,0.0023);
#119=CIRCLE('',#12561,0.0023);
#120=CIRCLE('',#12565,0.0023);
#121=CIRCLE('',#12566,0.0023);
#122=CIRCLE('',#12569,0.0023);
#123=CIRCLE('',#12570,0.0023);
#124=CIRCLE('',#12573,0.0023);
#125=CIRCLE('',#12574,0.0023);
#126=CIRCLE('',#12578,0.0023);
#127=CIRCLE('',#12579,0.0023);
#128=CIRCLE('',#12582,0.0023);
#129=CIRCLE('',#12583,0.0023);
#130=CIRCLE('',#12586,0.0023);
#131=CIRCLE('',#12587,0.0023);
#132=CIRCLE('',#12591,0.0023);
#133=CIRCLE('',#12592,0.0023);
#134=CIRCLE('',#12595,0.0023);
#135=CIRCLE('',#12596,0.0023);
#136=CIRCLE('',#12599,0.0023);
#137=CIRCLE('',#12600,0.0023);
#138=CIRCLE('',#12604,0.0023);
#139=CIRCLE('',#12605,0.0023);
#140=CIRCLE('',#12608,0.0023);
#141=CIRCLE('',#12609,0.0023);
#142=CIRCLE('',#12612,0.0023);
#143=CIRCLE('',#12613,0.0023);
#144=CIRCLE('',#12617,0.0023);
#145=CIRCLE('',#12618,0.0023);
#146=CIRCLE('',#12621,0.0023);
#147=CIRCLE('',#12622,0.0023);
#148=CIRCLE('',#12625,0.0023);
#149=CIRCLE('',#12626,0.0023);
#150=CIRCLE('',#12630,0.0023);
#151=CIRCLE('',#12631,0.0023);
#152=CIRCLE('',#12634,0.0023);
#153=CIRCLE('',#12635,0.0023);
#154=CIRCLE('',#12638,0.0023);
#155=CIRCLE('',#12639,0.0023);
#156=CIRCLE('',#12643,0.0023);
#157=CIRCLE('',#12644,0.0023);
#158=CIRCLE('',#12647,0.0023);
#159=CIRCLE('',#12648,0.0023);
#160=CIRCLE('',#12651,0.0023);
#161=CIRCLE('',#12652,0.0023);
#162=CIRCLE('',#12656,0.0023);
#163=CIRCLE('',#12657,0.0023);
#164=CIRCLE('',#12660,0.0023);
#165=CIRCLE('',#12661,0.0023);
#166=CIRCLE('',#12664,0.0023);
#167=CIRCLE('',#12665,0.0023);
#168=CIRCLE('',#12669,0.0023);
#169=CIRCLE('',#12670,0.0023);
#170=CIRCLE('',#12673,0.0023);
#171=CIRCLE('',#12674,0.0023);
#172=CIRCLE('',#12677,0.0023);
#173=CIRCLE('',#12678,0.0023);
#174=CIRCLE('',#12682,0.0023);
#175=CIRCLE('',#12683,0.0023);
#176=CIRCLE('',#12686,0.0023);
#177=CIRCLE('',#12687,0.0023);
#178=CIRCLE('',#12690,0.0023);
#179=CIRCLE('',#12691,0.0023);
#180=CIRCLE('',#12695,0.0023);
#181=CIRCLE('',#12696,0.0023);
#182=CIRCLE('',#12699,0.0023);
#183=CIRCLE('',#12700,0.0023);
#184=CIRCLE('',#12703,0.0023);
#185=CIRCLE('',#12704,0.0023);
#186=CIRCLE('',#12708,0.0023);
#187=CIRCLE('',#12709,0.0023);
#188=CIRCLE('',#12712,0.0023);
#189=CIRCLE('',#12713,0.0023);
#190=CIRCLE('',#12716,0.0023);
#191=CIRCLE('',#12717,0.0023);
#192=CIRCLE('',#12721,0.0023);
#193=CIRCLE('',#12722,0.0023);
#194=CIRCLE('',#12725,0.0023);
#195=CIRCLE('',#12726,0.0023);
#196=CIRCLE('',#12729,0.0023);
#197=CIRCLE('',#12730,0.0023);
#198=CIRCLE('',#12734,0.0023);
#199=CIRCLE('',#12735,0.0023);
#200=CIRCLE('',#12738,0.0023);
#201=CIRCLE('',#12739,0.0023);
#202=CIRCLE('',#12742,0.0023);
#203=CIRCLE('',#12743,0.0023);
#204=CIRCLE('',#12747,0.0023);
#205=CIRCLE('',#12748,0.0023);
#206=CIRCLE('',#12751,0.0023);
#207=CIRCLE('',#12752,0.0023);
#208=CIRCLE('',#12755,0.0023);
#209=CIRCLE('',#12756,0.0023);
#210=CIRCLE('',#12760,0.0023);
#211=CIRCLE('',#12761,0.0023);
#212=CIRCLE('',#12764,0.0023);
#213=CIRCLE('',#12765,0.0023);
#214=CIRCLE('',#12768,0.0023);
#215=CIRCLE('',#12769,0.0023);
#216=CIRCLE('',#12773,0.0023);
#217=CIRCLE('',#12774,0.0023);
#218=CIRCLE('',#12777,0.0023);
#219=CIRCLE('',#12778,0.0023);
#220=CIRCLE('',#12781,0.0023);
#221=CIRCLE('',#12782,0.0023);
#222=CIRCLE('',#12786,0.0023);
#223=CIRCLE('',#12787,0.0023);
#224=CIRCLE('',#12790,0.0023);
#225=CIRCLE('',#12791,0.0023);
#226=CIRCLE('',#12794,0.0023);
#227=CIRCLE('',#12795,0.0023);
#228=CIRCLE('',#12799,0.0023);
#229=CIRCLE('',#12800,0.0023);
#230=CIRCLE('',#12803,0.0023);
#231=CIRCLE('',#12804,0.0023);
#232=CIRCLE('',#12807,0.0023);
#233=CIRCLE('',#12808,0.0023);
#234=CIRCLE('',#12812,0.0023);
#235=CIRCLE('',#12813,0.0023);
#236=CIRCLE('',#12816,0.0023);
#237=CIRCLE('',#12817,0.0023);
#238=CIRCLE('',#12820,0.0023);
#239=CIRCLE('',#12821,0.0023);
#240=CIRCLE('',#12825,0.0023);
#241=CIRCLE('',#12826,0.0023);
#242=CIRCLE('',#12829,0.0023);
#243=CIRCLE('',#12830,0.0023);
#244=CIRCLE('',#12833,0.0023);
#245=CIRCLE('',#12834,0.0023);
#246=CIRCLE('',#12838,0.0023);
#247=CIRCLE('',#12839,0.0023);
#248=CIRCLE('',#12842,0.0023);
#249=CIRCLE('',#12843,0.0023);
#250=CIRCLE('',#12846,0.0023);
#251=CIRCLE('',#12847,0.0023);
#252=CIRCLE('',#12851,0.0023);
#253=CIRCLE('',#12852,0.0023);
#254=CIRCLE('',#12855,0.0023);
#255=CIRCLE('',#12856,0.0023);
#256=CIRCLE('',#12859,0.0023);
#257=CIRCLE('',#12860,0.0023);
#258=CIRCLE('',#12864,0.0023);
#259=CIRCLE('',#12865,0.0023);
#260=CIRCLE('',#12868,0.0023);
#261=CIRCLE('',#12869,0.0023);
#262=CIRCLE('',#12872,0.0023);
#263=CIRCLE('',#12873,0.0023);
#264=CIRCLE('',#12877,0.0023);
#265=CIRCLE('',#12878,0.0023);
#266=CIRCLE('',#12881,0.0023);
#267=CIRCLE('',#12882,0.0023);
#268=CIRCLE('',#12885,0.0023);
#269=CIRCLE('',#12886,0.0023);
#270=CIRCLE('',#12890,0.0023);
#271=CIRCLE('',#12891,0.0023);
#272=CIRCLE('',#12894,0.0023);
#273=CIRCLE('',#12895,0.0023);
#274=CIRCLE('',#12898,0.0023);
#275=CIRCLE('',#12899,0.0023);
#276=CIRCLE('',#12903,0.0023);
#277=CIRCLE('',#12904,0.0023);
#278=CIRCLE('',#12907,0.0023);
#279=CIRCLE('',#12908,0.0023);
#280=CIRCLE('',#12911,0.0023);
#281=CIRCLE('',#12912,0.0023);
#282=CIRCLE('',#12916,0.0023);
#283=CIRCLE('',#12917,0.0023);
#284=CIRCLE('',#12920,0.0023);
#285=CIRCLE('',#12921,0.0023);
#286=CIRCLE('',#12924,0.0023);
#287=CIRCLE('',#12925,0.0023);
#288=CIRCLE('',#12929,0.0023);
#289=CIRCLE('',#12930,0.0023);
#290=CIRCLE('',#12933,0.0023);
#291=CIRCLE('',#12934,0.0023);
#292=CIRCLE('',#12937,0.0023);
#293=CIRCLE('',#12938,0.0023);
#294=CIRCLE('',#12942,0.0023);
#295=CIRCLE('',#12943,0.0023);
#296=CIRCLE('',#12946,0.0023);
#297=CIRCLE('',#12947,0.0023);
#298=CIRCLE('',#12950,0.0023);
#299=CIRCLE('',#12951,0.0023);
#300=CIRCLE('',#12955,0.0023);
#301=CIRCLE('',#12956,0.0023);
#302=CIRCLE('',#12959,0.0023);
#303=CIRCLE('',#12960,0.0023);
#304=CIRCLE('',#12963,0.0023);
#305=CIRCLE('',#12964,0.0023);
#306=CIRCLE('',#12968,0.0023);
#307=CIRCLE('',#12969,0.0023);
#308=CIRCLE('',#12972,0.0023);
#309=CIRCLE('',#12973,0.0023);
#310=CIRCLE('',#12976,0.0023);
#311=CIRCLE('',#12977,0.0023);
#312=CIRCLE('',#12981,0.0023);
#313=CIRCLE('',#12982,0.0023);
#314=CIRCLE('',#12985,0.0023);
#315=CIRCLE('',#12986,0.0023);
#316=CIRCLE('',#12989,0.0023);
#317=CIRCLE('',#12990,0.0023);
#318=CIRCLE('',#12994,0.0023);
#319=CIRCLE('',#12995,0.0023);
#320=CIRCLE('',#12998,0.0023);
#321=CIRCLE('',#12999,0.0023);
#322=CIRCLE('',#13002,0.0023);
#323=CIRCLE('',#13003,0.0023);
#324=CIRCLE('',#13007,0.0023);
#325=CIRCLE('',#13008,0.0023);
#326=CIRCLE('',#13011,0.0023);
#327=CIRCLE('',#13012,0.0023);
#328=CIRCLE('',#13015,0.0023);
#329=CIRCLE('',#13016,0.0023);
#330=CIRCLE('',#13020,0.0023);
#331=CIRCLE('',#13021,0.0023);
#332=CIRCLE('',#13024,0.0023);
#333=CIRCLE('',#13025,0.0023);
#334=CIRCLE('',#13028,0.0023);
#335=CIRCLE('',#13029,0.0023);
#336=CIRCLE('',#13033,0.0023);
#337=CIRCLE('',#13034,0.0023);
#338=CIRCLE('',#13037,0.0023);
#339=CIRCLE('',#13038,0.0023);
#340=CIRCLE('',#13041,0.0023);
#341=CIRCLE('',#13042,0.0023);
#342=CIRCLE('',#13046,0.0023);
#343=CIRCLE('',#13047,0.0023);
#344=CIRCLE('',#13050,0.0023);
#345=CIRCLE('',#13051,0.0023);
#346=CIRCLE('',#13054,0.0023);
#347=CIRCLE('',#13055,0.0023);
#348=CIRCLE('',#13059,0.0023);
#349=CIRCLE('',#13060,0.0023);
#350=CIRCLE('',#13063,0.0023);
#351=CIRCLE('',#13064,0.0023);
#352=CIRCLE('',#13067,0.0023);
#353=CIRCLE('',#13068,0.0023);
#354=CIRCLE('',#13072,0.0023);
#355=CIRCLE('',#13073,0.0023);
#356=CIRCLE('',#13076,0.0023);
#357=CIRCLE('',#13077,0.0023);
#358=CIRCLE('',#13080,0.0023);
#359=CIRCLE('',#13081,0.0023);
#360=CIRCLE('',#13085,0.0023);
#361=CIRCLE('',#13086,0.0023);
#362=CIRCLE('',#13089,0.0023);
#363=CIRCLE('',#13090,0.0023);
#364=CIRCLE('',#13093,0.0023);
#365=CIRCLE('',#13094,0.0023);
#366=CIRCLE('',#13098,0.0023);
#367=CIRCLE('',#13099,0.0023);
#368=CIRCLE('',#13102,0.0023);
#369=CIRCLE('',#13103,0.0023);
#370=CIRCLE('',#13106,0.0023);
#371=CIRCLE('',#13107,0.0023);
#372=CIRCLE('',#13111,0.0023);
#373=CIRCLE('',#13112,0.0023);
#374=CIRCLE('',#13115,0.0023);
#375=CIRCLE('',#13116,0.0023);
#376=CIRCLE('',#13119,0.0023);
#377=CIRCLE('',#13120,0.0023);
#378=CIRCLE('',#13124,0.0023);
#379=CIRCLE('',#13125,0.0023);
#380=CIRCLE('',#13128,0.0023);
#381=CIRCLE('',#13129,0.0023);
#382=CIRCLE('',#13132,0.0023);
#383=CIRCLE('',#13133,0.0023);
#384=CIRCLE('',#13137,0.0023);
#385=CIRCLE('',#13138,0.0023);
#386=CIRCLE('',#13141,0.0023);
#387=CIRCLE('',#13142,0.0023);
#388=CIRCLE('',#13145,0.0023);
#389=CIRCLE('',#13146,0.0023);
#390=CIRCLE('',#13150,0.0023);
#391=CIRCLE('',#13151,0.0023);
#392=CIRCLE('',#13154,0.0023);
#393=CIRCLE('',#13155,0.0023);
#394=CIRCLE('',#13158,0.0023);
#395=CIRCLE('',#13159,0.0023);
#396=CIRCLE('',#13163,0.0023);
#397=CIRCLE('',#13164,0.0023);
#398=CIRCLE('',#13167,0.0023);
#399=CIRCLE('',#13168,0.0023);
#400=CIRCLE('',#13171,0.0023);
#401=CIRCLE('',#13172,0.0023);
#402=CIRCLE('',#13176,0.0023);
#403=CIRCLE('',#13177,0.0023);
#404=CIRCLE('',#13180,0.0023);
#405=CIRCLE('',#13181,0.0023);
#406=CIRCLE('',#13184,0.0023);
#407=CIRCLE('',#13185,0.0023);
#408=CIRCLE('',#13189,0.0023);
#409=CIRCLE('',#13190,0.0023);
#410=CIRCLE('',#13193,0.0023);
#411=CIRCLE('',#13194,0.0023);
#412=CIRCLE('',#13197,0.0023);
#413=CIRCLE('',#13198,0.0023);
#414=CIRCLE('',#13202,0.0023);
#415=CIRCLE('',#13203,0.0023);
#416=CIRCLE('',#13206,0.0023);
#417=CIRCLE('',#13207,0.0023);
#418=CIRCLE('',#13210,0.0023);
#419=CIRCLE('',#13211,0.0023);
#420=CIRCLE('',#13215,0.0023);
#421=CIRCLE('',#13216,0.0023);
#422=CIRCLE('',#13219,0.0023);
#423=CIRCLE('',#13220,0.0023);
#424=CIRCLE('',#13223,0.0023);
#425=CIRCLE('',#13224,0.0023);
#426=CIRCLE('',#13228,0.0023);
#427=CIRCLE('',#13229,0.0023);
#428=CIRCLE('',#13232,0.0023);
#429=CIRCLE('',#13233,0.0023);
#430=CIRCLE('',#13236,0.0023);
#431=CIRCLE('',#13237,0.0023);
#432=CIRCLE('',#13241,0.0023);
#433=CIRCLE('',#13242,0.0023);
#434=CIRCLE('',#13245,0.0023);
#435=CIRCLE('',#13246,0.0023);
#436=CIRCLE('',#13249,0.0023);
#437=CIRCLE('',#13250,0.0023);
#438=CIRCLE('',#13254,0.0023);
#439=CIRCLE('',#13255,0.0023);
#440=CIRCLE('',#13258,0.0023);
#441=CIRCLE('',#13259,0.0023);
#442=CIRCLE('',#13262,0.0023);
#443=CIRCLE('',#13263,0.0023);
#444=CIRCLE('',#13267,0.0023);
#445=CIRCLE('',#13268,0.0023);
#446=CIRCLE('',#13271,0.0023);
#447=CIRCLE('',#13272,0.0023);
#448=CIRCLE('',#13275,0.0023);
#449=CIRCLE('',#13276,0.0023);
#450=CIRCLE('',#13280,0.0023);
#451=CIRCLE('',#13281,0.0023);
#452=CIRCLE('',#13284,0.0023);
#453=CIRCLE('',#13285,0.0023);
#454=CIRCLE('',#13288,0.0023);
#455=CIRCLE('',#13289,0.0023);
#456=CIRCLE('',#13295,0.0023);
#457=CIRCLE('',#13296,0.0023);
#458=CIRCLE('',#13298,0.0023);
#459=CIRCLE('',#13299,0.0023);
#460=CIRCLE('',#13301,0.0023);
#461=CIRCLE('',#13302,0.0023);
#462=CIRCLE('',#13304,0.0023);
#463=CIRCLE('',#13305,0.0023);
#464=CIRCLE('',#13307,0.0023);
#465=CIRCLE('',#13308,0.0023);
#466=CIRCLE('',#13310,0.0023);
#467=CIRCLE('',#13311,0.0023);
#468=CIRCLE('',#13313,0.0023);
#469=CIRCLE('',#13314,0.0023);
#470=CIRCLE('',#13316,0.0023);
#471=CIRCLE('',#13317,0.0023);
#472=CIRCLE('',#13319,0.0023);
#473=CIRCLE('',#13320,0.0023);
#474=CIRCLE('',#13322,0.0023);
#475=CIRCLE('',#13323,0.0023);
#476=CIRCLE('',#13325,0.0023);
#477=CIRCLE('',#13326,0.0023);
#478=CIRCLE('',#13328,0.0023);
#479=CIRCLE('',#13329,0.0023);
#480=CIRCLE('',#13331,0.0023);
#481=CIRCLE('',#13332,0.0023);
#482=CIRCLE('',#13334,0.0023);
#483=CIRCLE('',#13335,0.0023);
#484=CIRCLE('',#13337,0.0023);
#485=CIRCLE('',#13338,0.0023);
#486=CIRCLE('',#13340,0.0023);
#487=CIRCLE('',#13341,0.0023);
#488=CIRCLE('',#13343,0.0023);
#489=CIRCLE('',#13344,0.0023);
#490=CIRCLE('',#13346,0.0023);
#491=CIRCLE('',#13347,0.0023);
#492=CIRCLE('',#13349,0.0023);
#493=CIRCLE('',#13350,0.0023);
#494=CIRCLE('',#13352,0.0023);
#495=CIRCLE('',#13353,0.0023);
#496=CIRCLE('',#13355,0.0023);
#497=CIRCLE('',#13356,0.0023);
#498=CIRCLE('',#13358,0.0023);
#499=CIRCLE('',#13359,0.0023);
#500=CIRCLE('',#13361,0.0023);
#501=CIRCLE('',#13362,0.0023);
#502=CIRCLE('',#13364,0.0023);
#503=CIRCLE('',#13365,0.0023);
#504=CIRCLE('',#13367,0.0023);
#505=CIRCLE('',#13368,0.0023);
#506=CIRCLE('',#13370,0.0023);
#507=CIRCLE('',#13371,0.0023);
#508=CIRCLE('',#13373,0.0023);
#509=CIRCLE('',#13374,0.0023);
#510=CIRCLE('',#13376,0.0023);
#511=CIRCLE('',#13377,0.0023);
#512=CIRCLE('',#13379,0.0023);
#513=CIRCLE('',#13380,0.0023);
#514=CIRCLE('',#13382,0.0023);
#515=CIRCLE('',#13383,0.0023);
#516=CIRCLE('',#13385,0.0023);
#517=CIRCLE('',#13386,0.0023);
#518=CIRCLE('',#13388,0.0023);
#519=CIRCLE('',#13389,0.0023);
#520=CIRCLE('',#13391,0.0023);
#521=CIRCLE('',#13392,0.0023);
#522=CIRCLE('',#13394,0.0023);
#523=CIRCLE('',#13395,0.0023);
#524=CIRCLE('',#13397,0.0023);
#525=CIRCLE('',#13398,0.0023);
#526=CIRCLE('',#13400,0.0023);
#527=CIRCLE('',#13401,0.0023);
#528=CIRCLE('',#13403,0.0023);
#529=CIRCLE('',#13404,0.0023);
#530=CIRCLE('',#13406,0.0023);
#531=CIRCLE('',#13407,0.0023);
#532=CIRCLE('',#13409,0.0023);
#533=CIRCLE('',#13410,0.0023);
#534=CIRCLE('',#13412,0.0023);
#535=CIRCLE('',#13413,0.0023);
#536=CIRCLE('',#13415,0.0023);
#537=CIRCLE('',#13416,0.0023);
#538=CIRCLE('',#13418,0.0023);
#539=CIRCLE('',#13419,0.0023);
#540=CIRCLE('',#13421,0.0023);
#541=CIRCLE('',#13422,0.0023);
#542=CIRCLE('',#13424,0.0023);
#543=CIRCLE('',#13425,0.0023);
#544=CIRCLE('',#13427,0.0023);
#545=CIRCLE('',#13428,0.0023);
#546=CIRCLE('',#13430,0.0023);
#547=CIRCLE('',#13431,0.0023);
#548=CIRCLE('',#13433,0.0023);
#549=CIRCLE('',#13434,0.0023);
#550=CIRCLE('',#13436,0.0023);
#551=CIRCLE('',#13437,0.0023);
#552=CIRCLE('',#13439,0.0023);
#553=CIRCLE('',#13440,0.0023);
#554=CIRCLE('',#13442,0.0023);
#555=CIRCLE('',#13443,0.0023);
#556=CIRCLE('',#13445,0.0023);
#557=CIRCLE('',#13446,0.0023);
#558=CIRCLE('',#13448,0.0023);
#559=CIRCLE('',#13449,0.0023);
#560=CIRCLE('',#13451,0.0023);
#561=CIRCLE('',#13452,0.0023);
#562=CIRCLE('',#13454,0.0023);
#563=CIRCLE('',#13455,0.0023);
#564=CIRCLE('',#13457,0.0023);
#565=CIRCLE('',#13458,0.0023);
#566=CIRCLE('',#13460,0.0023);
#567=CIRCLE('',#13461,0.0023);
#568=CIRCLE('',#13463,0.0023);
#569=CIRCLE('',#13464,0.0023);
#570=CIRCLE('',#13466,0.0023);
#571=CIRCLE('',#13467,0.0023);
#572=CIRCLE('',#13469,0.0023);
#573=CIRCLE('',#13470,0.0023);
#574=CIRCLE('',#13472,0.0023);
#575=CIRCLE('',#13473,0.0023);
#576=CIRCLE('',#13475,0.0023);
#577=CIRCLE('',#13476,0.0023);
#578=CIRCLE('',#13478,0.0023);
#579=CIRCLE('',#13479,0.0023);
#580=CIRCLE('',#13481,0.0023);
#581=CIRCLE('',#13482,0.0023);
#582=CIRCLE('',#13484,0.0023);
#583=CIRCLE('',#13485,0.0023);
#584=CIRCLE('',#13487,0.0023);
#585=CIRCLE('',#13488,0.0023);
#586=CIRCLE('',#13490,0.0023);
#587=CIRCLE('',#13491,0.0023);
#588=CIRCLE('',#13493,0.0023);
#589=CIRCLE('',#13494,0.0023);
#590=CIRCLE('',#13496,0.0023);
#591=CIRCLE('',#13497,0.0023);
#592=CIRCLE('',#13499,0.0023);
#593=CIRCLE('',#13500,0.0023);
#594=CIRCLE('',#13502,0.0023);
#595=CIRCLE('',#13503,0.0023);
#596=CIRCLE('',#13505,0.0023);
#597=CIRCLE('',#13506,0.0023);
#598=CIRCLE('',#13508,0.0023);
#599=CIRCLE('',#13509,0.0023);
#600=CIRCLE('',#13511,0.0023);
#601=CIRCLE('',#13512,0.0023);
#602=CIRCLE('',#13515,0.0023);
#603=CIRCLE('',#13516,0.0023);
#604=CIRCLE('',#13518,0.001);
#605=CIRCLE('',#13519,0.001);
#606=CIRCLE('',#13520,0.001);
#607=CIRCLE('',#13521,0.001);
#608=CIRCLE('',#13523,0.001);
#609=CIRCLE('',#13524,0.001);
#610=CIRCLE('',#13525,0.001);
#611=CIRCLE('',#13526,0.001);
#612=CYLINDRICAL_SURFACE('',#12330,0.0023);
#613=CYLINDRICAL_SURFACE('',#12334,0.0023);
#614=CYLINDRICAL_SURFACE('',#12338,0.0023);
#615=CYLINDRICAL_SURFACE('',#12343,0.0023);
#616=CYLINDRICAL_SURFACE('',#12347,0.0023);
#617=CYLINDRICAL_SURFACE('',#12351,0.0023);
#618=CYLINDRICAL_SURFACE('',#12356,0.0023);
#619=CYLINDRICAL_SURFACE('',#12360,0.0023);
#620=CYLINDRICAL_SURFACE('',#12364,0.0023);
#621=CYLINDRICAL_SURFACE('',#12369,0.0023);
#622=CYLINDRICAL_SURFACE('',#12373,0.0023);
#623=CYLINDRICAL_SURFACE('',#12377,0.0023);
#624=CYLINDRICAL_SURFACE('',#12382,0.0023);
#625=CYLINDRICAL_SURFACE('',#12386,0.0023);
#626=CYLINDRICAL_SURFACE('',#12390,0.0023);
#627=CYLINDRICAL_SURFACE('',#12395,0.0023);
#628=CYLINDRICAL_SURFACE('',#12399,0.0023);
#629=CYLINDRICAL_SURFACE('',#12403,0.0023);
#630=CYLINDRICAL_SURFACE('',#12408,0.0023);
#631=CYLINDRICAL_SURFACE('',#12412,0.0023);
#632=CYLINDRICAL_SURFACE('',#12416,0.0023);
#633=CYLINDRICAL_SURFACE('',#12421,0.0023);
#634=CYLINDRICAL_SURFACE('',#12425,0.0023);
#635=CYLINDRICAL_SURFACE('',#12429,0.0023);
#636=CYLINDRICAL_SURFACE('',#12434,0.0023);
#637=CYLINDRICAL_SURFACE('',#12438,0.0023);
#638=CYLINDRICAL_SURFACE('',#12442,0.0023);
#639=CYLINDRICAL_SURFACE('',#12447,0.0023);
#640=CYLINDRICAL_SURFACE('',#12451,0.0023);
#641=CYLINDRICAL_SURFACE('',#12455,0.0023);
#642=CYLINDRICAL_SURFACE('',#12460,0.0023);
#643=CYLINDRICAL_SURFACE('',#12464,0.0023);
#644=CYLINDRICAL_SURFACE('',#12468,0.0023);
#645=CYLINDRICAL_SURFACE('',#12473,0.0023);
#646=CYLINDRICAL_SURFACE('',#12477,0.0023);
#647=CYLINDRICAL_SURFACE('',#12481,0.0023);
#648=CYLINDRICAL_SURFACE('',#12486,0.0023);
#649=CYLINDRICAL_SURFACE('',#12490,0.0023);
#650=CYLINDRICAL_SURFACE('',#12494,0.0023);
#651=CYLINDRICAL_SURFACE('',#12499,0.0023);
#652=CYLINDRICAL_SURFACE('',#12503,0.0023);
#653=CYLINDRICAL_SURFACE('',#12507,0.0023);
#654=CYLINDRICAL_SURFACE('',#12512,0.0023);
#655=CYLINDRICAL_SURFACE('',#12516,0.0023);
#656=CYLINDRICAL_SURFACE('',#12520,0.0023);
#657=CYLINDRICAL_SURFACE('',#12525,0.0023);
#658=CYLINDRICAL_SURFACE('',#12529,0.0023);
#659=CYLINDRICAL_SURFACE('',#12533,0.0023);
#660=CYLINDRICAL_SURFACE('',#12538,0.0023);
#661=CYLINDRICAL_SURFACE('',#12542,0.0023);
#662=CYLINDRICAL_SURFACE('',#12546,0.0023);
#663=CYLINDRICAL_SURFACE('',#12551,0.0023);
#664=CYLINDRICAL_SURFACE('',#12555,0.0023);
#665=CYLINDRICAL_SURFACE('',#12559,0.0023);
#666=CYLINDRICAL_SURFACE('',#12564,0.0023);
#667=CYLINDRICAL_SURFACE('',#12568,0.0023);
#668=CYLINDRICAL_SURFACE('',#12572,0.0023);
#669=CYLINDRICAL_SURFACE('',#12577,0.0023);
#670=CYLINDRICAL_SURFACE('',#12581,0.0023);
#671=CYLINDRICAL_SURFACE('',#12585,0.0023);
#672=CYLINDRICAL_SURFACE('',#12590,0.0023);
#673=CYLINDRICAL_SURFACE('',#12594,0.0023);
#674=CYLINDRICAL_SURFACE('',#12598,0.0023);
#675=CYLINDRICAL_SURFACE('',#12603,0.0023);
#676=CYLINDRICAL_SURFACE('',#12607,0.0023);
#677=CYLINDRICAL_SURFACE('',#12611,0.0023);
#678=CYLINDRICAL_SURFACE('',#12616,0.0023);
#679=CYLINDRICAL_SURFACE('',#12620,0.0023);
#680=CYLINDRICAL_SURFACE('',#12624,0.0023);
#681=CYLINDRICAL_SURFACE('',#12629,0.0023);
#682=CYLINDRICAL_SURFACE('',#12633,0.0023);
#683=CYLINDRICAL_SURFACE('',#12637,0.0023);
#684=CYLINDRICAL_SURFACE('',#12642,0.0023);
#685=CYLINDRICAL_SURFACE('',#12646,0.0023);
#686=CYLINDRICAL_SURFACE('',#12650,0.0023);
#687=CYLINDRICAL_SURFACE('',#12655,0.0023);
#688=CYLINDRICAL_SURFACE('',#12659,0.0023);
#689=CYLINDRICAL_SURFACE('',#12663,0.0023);
#690=CYLINDRICAL_SURFACE('',#12668,0.0023);
#691=CYLINDRICAL_SURFACE('',#12672,0.0023);
#692=CYLINDRICAL_SURFACE('',#12676,0.0023);
#693=CYLINDRICAL_SURFACE('',#12681,0.0023);
#694=CYLINDRICAL_SURFACE('',#12685,0.0023);
#695=CYLINDRICAL_SURFACE('',#12689,0.0023);
#696=CYLINDRICAL_SURFACE('',#12694,0.0023);
#697=CYLINDRICAL_SURFACE('',#12698,0.0023);
#698=CYLINDRICAL_SURFACE('',#12702,0.0023);
#699=CYLINDRICAL_SURFACE('',#12707,0.0023);
#700=CYLINDRICAL_SURFACE('',#12711,0.0023);
#701=CYLINDRICAL_SURFACE('',#12715,0.0023);
#702=CYLINDRICAL_SURFACE('',#12720,0.0023);
#703=CYLINDRICAL_SURFACE('',#12724,0.0023);
#704=CYLINDRICAL_SURFACE('',#12728,0.0023);
#705=CYLINDRICAL_SURFACE('',#12733,0.0023);
#706=CYLINDRICAL_SURFACE('',#12737,0.0023);
#707=CYLINDRICAL_SURFACE('',#12741,0.0023);
#708=CYLINDRICAL_SURFACE('',#12746,0.0023);
#709=CYLINDRICAL_SURFACE('',#12750,0.0023);
#710=CYLINDRICAL_SURFACE('',#12754,0.0023);
#711=CYLINDRICAL_SURFACE('',#12759,0.0023);
#712=CYLINDRICAL_SURFACE('',#12763,0.0023);
#713=CYLINDRICAL_SURFACE('',#12767,0.0023);
#714=CYLINDRICAL_SURFACE('',#12772,0.0023);
#715=CYLINDRICAL_SURFACE('',#12776,0.0023);
#716=CYLINDRICAL_SURFACE('',#12780,0.0023);
#717=CYLINDRICAL_SURFACE('',#12785,0.0023);
#718=CYLINDRICAL_SURFACE('',#12789,0.0023);
#719=CYLINDRICAL_SURFACE('',#12793,0.0023);
#720=CYLINDRICAL_SURFACE('',#12798,0.0023);
#721=CYLINDRICAL_SURFACE('',#12802,0.0023);
#722=CYLINDRICAL_SURFACE('',#12806,0.0023);
#723=CYLINDRICAL_SURFACE('',#12811,0.0023);
#724=CYLINDRICAL_SURFACE('',#12815,0.0023);
#725=CYLINDRICAL_SURFACE('',#12819,0.0023);
#726=CYLINDRICAL_SURFACE('',#12824,0.0023);
#727=CYLINDRICAL_SURFACE('',#12828,0.0023);
#728=CYLINDRICAL_SURFACE('',#12832,0.0023);
#729=CYLINDRICAL_SURFACE('',#12837,0.0023);
#730=CYLINDRICAL_SURFACE('',#12841,0.0023);
#731=CYLINDRICAL_SURFACE('',#12845,0.0023);
#732=CYLINDRICAL_SURFACE('',#12850,0.0023);
#733=CYLINDRICAL_SURFACE('',#12854,0.0023);
#734=CYLINDRICAL_SURFACE('',#12858,0.0023);
#735=CYLINDRICAL_SURFACE('',#12863,0.0023);
#736=CYLINDRICAL_SURFACE('',#12867,0.0023);
#737=CYLINDRICAL_SURFACE('',#12871,0.0023);
#738=CYLINDRICAL_SURFACE('',#12876,0.0023);
#739=CYLINDRICAL_SURFACE('',#12880,0.0023);
#740=CYLINDRICAL_SURFACE('',#12884,0.0023);
#741=CYLINDRICAL_SURFACE('',#12889,0.0023);
#742=CYLINDRICAL_SURFACE('',#12893,0.0023);
#743=CYLINDRICAL_SURFACE('',#12897,0.0023);
#744=CYLINDRICAL_SURFACE('',#12902,0.0023);
#745=CYLINDRICAL_SURFACE('',#12906,0.0023);
#746=CYLINDRICAL_SURFACE('',#12910,0.0023);
#747=CYLINDRICAL_SURFACE('',#12915,0.0023);
#748=CYLINDRICAL_SURFACE('',#12919,0.0023);
#749=CYLINDRICAL_SURFACE('',#12923,0.0023);
#750=CYLINDRICAL_SURFACE('',#12928,0.0023);
#751=CYLINDRICAL_SURFACE('',#12932,0.0023);
#752=CYLINDRICAL_SURFACE('',#12936,0.0023);
#753=CYLINDRICAL_SURFACE('',#12941,0.0023);
#754=CYLINDRICAL_SURFACE('',#12945,0.0023);
#755=CYLINDRICAL_SURFACE('',#12949,0.0023);
#756=CYLINDRICAL_SURFACE('',#12954,0.0023);
#757=CYLINDRICAL_SURFACE('',#12958,0.0023);
#758=CYLINDRICAL_SURFACE('',#12962,0.0023);
#759=CYLINDRICAL_SURFACE('',#12967,0.0023);
#760=CYLINDRICAL_SURFACE('',#12971,0.0023);
#761=CYLINDRICAL_SURFACE('',#12975,0.0023);
#762=CYLINDRICAL_SURFACE('',#12980,0.0023);
#763=CYLINDRICAL_SURFACE('',#12984,0.0023);
#764=CYLINDRICAL_SURFACE('',#12988,0.0023);
#765=CYLINDRICAL_SURFACE('',#12993,0.0023);
#766=CYLINDRICAL_SURFACE('',#12997,0.0023);
#767=CYLINDRICAL_SURFACE('',#13001,0.0023);
#768=CYLINDRICAL_SURFACE('',#13006,0.0023);
#769=CYLINDRICAL_SURFACE('',#13010,0.0023);
#770=CYLINDRICAL_SURFACE('',#13014,0.0023);
#771=CYLINDRICAL_SURFACE('',#13019,0.0023);
#772=CYLINDRICAL_SURFACE('',#13023,0.0023);
#773=CYLINDRICAL_SURFACE('',#13027,0.0023);
#774=CYLINDRICAL_SURFACE('',#13032,0.0023);
#775=CYLINDRICAL_SURFACE('',#13036,0.0023);
#776=CYLINDRICAL_SURFACE('',#13040,0.0023);
#777=CYLINDRICAL_SURFACE('',#13045,0.0023);
#778=CYLINDRICAL_SURFACE('',#13049,0.0023);
#779=CYLINDRICAL_SURFACE('',#13053,0.0023);
#780=CYLINDRICAL_SURFACE('',#13058,0.0023);
#781=CYLINDRICAL_SURFACE('',#13062,0.0023);
#782=CYLINDRICAL_SURFACE('',#13066,0.0023);
#783=CYLINDRICAL_SURFACE('',#13071,0.0023);
#784=CYLINDRICAL_SURFACE('',#13075,0.0023);
#785=CYLINDRICAL_SURFACE('',#13079,0.0023);
#786=CYLINDRICAL_SURFACE('',#13084,0.0023);
#787=CYLINDRICAL_SURFACE('',#13088,0.0023);
#788=CYLINDRICAL_SURFACE('',#13092,0.0023);
#789=CYLINDRICAL_SURFACE('',#13097,0.0023);
#790=CYLINDRICAL_SURFACE('',#13101,0.0023);
#791=CYLINDRICAL_SURFACE('',#13105,0.0023);
#792=CYLINDRICAL_SURFACE('',#13110,0.0023);
#793=CYLINDRICAL_SURFACE('',#13114,0.0023);
#794=CYLINDRICAL_SURFACE('',#13118,0.0023);
#795=CYLINDRICAL_SURFACE('',#13123,0.0023);
#796=CYLINDRICAL_SURFACE('',#13127,0.0023);
#797=CYLINDRICAL_SURFACE('',#13131,0.0023);
#798=CYLINDRICAL_SURFACE('',#13136,0.0023);
#799=CYLINDRICAL_SURFACE('',#13140,0.0023);
#800=CYLINDRICAL_SURFACE('',#13144,0.0023);
#801=CYLINDRICAL_SURFACE('',#13149,0.0023);
#802=CYLINDRICAL_SURFACE('',#13153,0.0023);
#803=CYLINDRICAL_SURFACE('',#13157,0.0023);
#804=CYLINDRICAL_SURFACE('',#13162,0.0023);
#805=CYLINDRICAL_SURFACE('',#13166,0.0023);
#806=CYLINDRICAL_SURFACE('',#13170,0.0023);
#807=CYLINDRICAL_SURFACE('',#13175,0.0023);
#808=CYLINDRICAL_SURFACE('',#13179,0.0023);
#809=CYLINDRICAL_SURFACE('',#13183,0.0023);
#810=CYLINDRICAL_SURFACE('',#13188,0.0023);
#811=CYLINDRICAL_SURFACE('',#13192,0.0023);
#812=CYLINDRICAL_SURFACE('',#13196,0.0023);
#813=CYLINDRICAL_SURFACE('',#13201,0.0023);
#814=CYLINDRICAL_SURFACE('',#13205,0.0023);
#815=CYLINDRICAL_SURFACE('',#13209,0.0023);
#816=CYLINDRICAL_SURFACE('',#13214,0.0023);
#817=CYLINDRICAL_SURFACE('',#13218,0.0023);
#818=CYLINDRICAL_SURFACE('',#13222,0.0023);
#819=CYLINDRICAL_SURFACE('',#13227,0.0023);
#820=CYLINDRICAL_SURFACE('',#13231,0.0023);
#821=CYLINDRICAL_SURFACE('',#13235,0.0023);
#822=CYLINDRICAL_SURFACE('',#13240,0.0023);
#823=CYLINDRICAL_SURFACE('',#13244,0.0023);
#824=CYLINDRICAL_SURFACE('',#13248,0.0023);
#825=CYLINDRICAL_SURFACE('',#13253,0.0023);
#826=CYLINDRICAL_SURFACE('',#13257,0.0023);
#827=CYLINDRICAL_SURFACE('',#13261,0.0023);
#828=CYLINDRICAL_SURFACE('',#13266,0.0023);
#829=CYLINDRICAL_SURFACE('',#13270,0.0023);
#830=CYLINDRICAL_SURFACE('',#13274,0.0023);
#831=CYLINDRICAL_SURFACE('',#13279,0.0023);
#832=CYLINDRICAL_SURFACE('',#13283,0.0023);
#833=CYLINDRICAL_SURFACE('',#13287,0.0023);
#834=CYLINDRICAL_SURFACE('',#13294,0.0023);
#835=CYLINDRICAL_SURFACE('',#13297,0.0023);
#836=CYLINDRICAL_SURFACE('',#13300,0.0023);
#837=CYLINDRICAL_SURFACE('',#13303,0.0023);
#838=CYLINDRICAL_SURFACE('',#13306,0.0023);
#839=CYLINDRICAL_SURFACE('',#13309,0.0023);
#840=CYLINDRICAL_SURFACE('',#13312,0.0023);
#841=CYLINDRICAL_SURFACE('',#13315,0.0023);
#842=CYLINDRICAL_SURFACE('',#13318,0.0023);
#843=CYLINDRICAL_SURFACE('',#13321,0.0023);
#844=CYLINDRICAL_SURFACE('',#13324,0.0023);
#845=CYLINDRICAL_SURFACE('',#13327,0.0023);
#846=CYLINDRICAL_SURFACE('',#13330,0.0023);
#847=CYLINDRICAL_SURFACE('',#13333,0.0023);
#848=CYLINDRICAL_SURFACE('',#13336,0.0023);
#849=CYLINDRICAL_SURFACE('',#13339,0.0023);
#850=CYLINDRICAL_SURFACE('',#13342,0.0023);
#851=CYLINDRICAL_SURFACE('',#13345,0.0023);
#852=CYLINDRICAL_SURFACE('',#13348,0.0023);
#853=CYLINDRICAL_SURFACE('',#13351,0.0023);
#854=CYLINDRICAL_SURFACE('',#13354,0.0023);
#855=CYLINDRICAL_SURFACE('',#13357,0.0023);
#856=CYLINDRICAL_SURFACE('',#13360,0.0023);
#857=CYLINDRICAL_SURFACE('',#13363,0.0023);
#858=CYLINDRICAL_SURFACE('',#13366,0.0023);
#859=CYLINDRICAL_SURFACE('',#13369,0.0023);
#860=CYLINDRICAL_SURFACE('',#13372,0.0023);
#861=CYLINDRICAL_SURFACE('',#13375,0.0023);
#862=CYLINDRICAL_SURFACE('',#13378,0.0023);
#863=CYLINDRICAL_SURFACE('',#13381,0.0023);
#864=CYLINDRICAL_SURFACE('',#13384,0.0023);
#865=CYLINDRICAL_SURFACE('',#13387,0.0023);
#866=CYLINDRICAL_SURFACE('',#13390,0.0023);
#867=CYLINDRICAL_SURFACE('',#13393,0.0023);
#868=CYLINDRICAL_SURFACE('',#13396,0.0023);
#869=CYLINDRICAL_SURFACE('',#13399,0.0023);
#870=CYLINDRICAL_SURFACE('',#13402,0.0023);
#871=CYLINDRICAL_SURFACE('',#13405,0.0023);
#872=CYLINDRICAL_SURFACE('',#13408,0.0023);
#873=CYLINDRICAL_SURFACE('',#13411,0.0023);
#874=CYLINDRICAL_SURFACE('',#13414,0.0023);
#875=CYLINDRICAL_SURFACE('',#13417,0.0023);
#876=CYLINDRICAL_SURFACE('',#13420,0.0023);
#877=CYLINDRICAL_SURFACE('',#13423,0.0023);
#878=CYLINDRICAL_SURFACE('',#13426,0.0023);
#879=CYLINDRICAL_SURFACE('',#13429,0.0023);
#880=CYLINDRICAL_SURFACE('',#13432,0.0023);
#881=CYLINDRICAL_SURFACE('',#13435,0.0023);
#882=CYLINDRICAL_SURFACE('',#13438,0.0023);
#883=CYLINDRICAL_SURFACE('',#13441,0.0023);
#884=CYLINDRICAL_SURFACE('',#13444,0.0023);
#885=CYLINDRICAL_SURFACE('',#13447,0.0023);
#886=CYLINDRICAL_SURFACE('',#13450,0.0023);
#887=CYLINDRICAL_SURFACE('',#13453,0.0023);
#888=CYLINDRICAL_SURFACE('',#13456,0.0023);
#889=CYLINDRICAL_SURFACE('',#13459,0.0023);
#890=CYLINDRICAL_SURFACE('',#13462,0.0023);
#891=CYLINDRICAL_SURFACE('',#13465,0.0023);
#892=CYLINDRICAL_SURFACE('',#13468,0.0023);
#893=CYLINDRICAL_SURFACE('',#13471,0.0023);
#894=CYLINDRICAL_SURFACE('',#13474,0.0023);
#895=CYLINDRICAL_SURFACE('',#13477,0.0023);
#896=CYLINDRICAL_SURFACE('',#13480,0.0023);
#897=CYLINDRICAL_SURFACE('',#13483,0.0023);
#898=CYLINDRICAL_SURFACE('',#13486,0.0023);
#899=CYLINDRICAL_SURFACE('',#13489,0.0023);
#900=CYLINDRICAL_SURFACE('',#13492,0.0023);
#901=CYLINDRICAL_SURFACE('',#13495,0.0023);
#902=CYLINDRICAL_SURFACE('',#13498,0.0023);
#903=CYLINDRICAL_SURFACE('',#13501,0.0023);
#904=CYLINDRICAL_SURFACE('',#13504,0.0023);
#905=CYLINDRICAL_SURFACE('',#13507,0.0023);
#906=CYLINDRICAL_SURFACE('',#13510,0.0023);
#907=CYLINDRICAL_SURFACE('',#13514,0.0023);
#908=CYLINDRICAL_SURFACE('',#13527,0.001);
#909=CYLINDRICAL_SURFACE('',#13528,0.001);
#910=CYLINDRICAL_SURFACE('',#13529,0.001);
#911=CYLINDRICAL_SURFACE('',#13530,0.001);
#912=ORIENTED_EDGE('',*,*,#4512,.F.);
#913=ORIENTED_EDGE('',*,*,#4513,.F.);
#914=ORIENTED_EDGE('',*,*,#4514,.T.);
#915=ORIENTED_EDGE('',*,*,#4515,.T.);
#916=ORIENTED_EDGE('',*,*,#4516,.T.);
#917=ORIENTED_EDGE('',*,*,#4517,.F.);
#918=ORIENTED_EDGE('',*,*,#4518,.F.);
#919=ORIENTED_EDGE('',*,*,#4513,.T.);
#920=ORIENTED_EDGE('',*,*,#4519,.F.);
#921=ORIENTED_EDGE('',*,*,#4520,.F.);
#922=ORIENTED_EDGE('',*,*,#4521,.T.);
#923=ORIENTED_EDGE('',*,*,#4517,.T.);
#924=ORIENTED_EDGE('',*,*,#4522,.T.);
#925=ORIENTED_EDGE('',*,*,#4523,.F.);
#926=ORIENTED_EDGE('',*,*,#4524,.F.);
#927=ORIENTED_EDGE('',*,*,#4520,.T.);
#928=ORIENTED_EDGE('',*,*,#4525,.T.);
#929=ORIENTED_EDGE('',*,*,#4526,.F.);
#930=ORIENTED_EDGE('',*,*,#4527,.F.);
#931=ORIENTED_EDGE('',*,*,#4523,.T.);
#932=ORIENTED_EDGE('',*,*,#4528,.T.);
#933=ORIENTED_EDGE('',*,*,#4529,.F.);
#934=ORIENTED_EDGE('',*,*,#4530,.F.);
#935=ORIENTED_EDGE('',*,*,#4526,.T.);
#936=ORIENTED_EDGE('',*,*,#4531,.T.);
#937=ORIENTED_EDGE('',*,*,#4532,.F.);
#938=ORIENTED_EDGE('',*,*,#4533,.F.);
#939=ORIENTED_EDGE('',*,*,#4529,.T.);
#940=ORIENTED_EDGE('',*,*,#4534,.T.);
#941=ORIENTED_EDGE('',*,*,#4535,.F.);
#942=ORIENTED_EDGE('',*,*,#4536,.F.);
#943=ORIENTED_EDGE('',*,*,#4537,.T.);
#944=ORIENTED_EDGE('',*,*,#4538,.T.);
#945=ORIENTED_EDGE('',*,*,#4539,.F.);
#946=ORIENTED_EDGE('',*,*,#4540,.F.);
#947=ORIENTED_EDGE('',*,*,#4535,.T.);
#948=ORIENTED_EDGE('',*,*,#4541,.F.);
#949=ORIENTED_EDGE('',*,*,#4542,.F.);
#950=ORIENTED_EDGE('',*,*,#4543,.T.);
#951=ORIENTED_EDGE('',*,*,#4539,.T.);
#952=ORIENTED_EDGE('',*,*,#4544,.T.);
#953=ORIENTED_EDGE('',*,*,#4545,.F.);
#954=ORIENTED_EDGE('',*,*,#4546,.F.);
#955=ORIENTED_EDGE('',*,*,#4542,.T.);
#956=ORIENTED_EDGE('',*,*,#4547,.F.);
#957=ORIENTED_EDGE('',*,*,#4548,.F.);
#958=ORIENTED_EDGE('',*,*,#4549,.T.);
#959=ORIENTED_EDGE('',*,*,#4545,.T.);
#960=ORIENTED_EDGE('',*,*,#4550,.T.);
#961=ORIENTED_EDGE('',*,*,#4551,.F.);
#962=ORIENTED_EDGE('',*,*,#4552,.F.);
#963=ORIENTED_EDGE('',*,*,#4548,.T.);
#964=ORIENTED_EDGE('',*,*,#4553,.T.);
#965=ORIENTED_EDGE('',*,*,#4554,.F.);
#966=ORIENTED_EDGE('',*,*,#4555,.F.);
#967=ORIENTED_EDGE('',*,*,#4551,.T.);
#968=ORIENTED_EDGE('',*,*,#4556,.F.);
#969=ORIENTED_EDGE('',*,*,#4557,.F.);
#970=ORIENTED_EDGE('',*,*,#4558,.T.);
#971=ORIENTED_EDGE('',*,*,#4559,.T.);
#972=ORIENTED_EDGE('',*,*,#4560,.T.);
#973=ORIENTED_EDGE('',*,*,#4561,.F.);
#974=ORIENTED_EDGE('',*,*,#4562,.F.);
#975=ORIENTED_EDGE('',*,*,#4557,.T.);
#976=ORIENTED_EDGE('',*,*,#4563,.F.);
#977=ORIENTED_EDGE('',*,*,#4564,.F.);
#978=ORIENTED_EDGE('',*,*,#4565,.T.);
#979=ORIENTED_EDGE('',*,*,#4561,.T.);
#980=ORIENTED_EDGE('',*,*,#4566,.T.);
#981=ORIENTED_EDGE('',*,*,#4567,.F.);
#982=ORIENTED_EDGE('',*,*,#4568,.F.);
#983=ORIENTED_EDGE('',*,*,#4564,.T.);
#984=ORIENTED_EDGE('',*,*,#4569,.T.);
#985=ORIENTED_EDGE('',*,*,#4570,.F.);
#986=ORIENTED_EDGE('',*,*,#4571,.F.);
#987=ORIENTED_EDGE('',*,*,#4567,.T.);
#988=ORIENTED_EDGE('',*,*,#4572,.T.);
#989=ORIENTED_EDGE('',*,*,#4573,.F.);
#990=ORIENTED_EDGE('',*,*,#4574,.F.);
#991=ORIENTED_EDGE('',*,*,#4570,.T.);
#992=ORIENTED_EDGE('',*,*,#4575,.T.);
#993=ORIENTED_EDGE('',*,*,#4576,.F.);
#994=ORIENTED_EDGE('',*,*,#4577,.F.);
#995=ORIENTED_EDGE('',*,*,#4573,.T.);
#996=ORIENTED_EDGE('',*,*,#4578,.F.);
#997=ORIENTED_EDGE('',*,*,#4579,.F.);
#998=ORIENTED_EDGE('',*,*,#4580,.T.);
#999=ORIENTED_EDGE('',*,*,#4581,.T.);
#1000=ORIENTED_EDGE('',*,*,#4582,.T.);
#1001=ORIENTED_EDGE('',*,*,#4583,.F.);
#1002=ORIENTED_EDGE('',*,*,#4584,.F.);
#1003=ORIENTED_EDGE('',*,*,#4579,.T.);
#1004=ORIENTED_EDGE('',*,*,#4585,.T.);
#1005=ORIENTED_EDGE('',*,*,#4586,.F.);
#1006=ORIENTED_EDGE('',*,*,#4587,.F.);
#1007=ORIENTED_EDGE('',*,*,#4583,.T.);
#1008=ORIENTED_EDGE('',*,*,#4588,.T.);
#1009=ORIENTED_EDGE('',*,*,#4589,.F.);
#1010=ORIENTED_EDGE('',*,*,#4590,.F.);
#1011=ORIENTED_EDGE('',*,*,#4586,.T.);
#1012=ORIENTED_EDGE('',*,*,#4591,.T.);
#1013=ORIENTED_EDGE('',*,*,#4592,.F.);
#1014=ORIENTED_EDGE('',*,*,#4593,.F.);
#1015=ORIENTED_EDGE('',*,*,#4589,.T.);
#1016=ORIENTED_EDGE('',*,*,#4594,.T.);
#1017=ORIENTED_EDGE('',*,*,#4595,.F.);
#1018=ORIENTED_EDGE('',*,*,#4596,.F.);
#1019=ORIENTED_EDGE('',*,*,#4592,.T.);
#1020=ORIENTED_EDGE('',*,*,#4597,.F.);
#1021=ORIENTED_EDGE('',*,*,#4598,.F.);
#1022=ORIENTED_EDGE('',*,*,#4599,.T.);
#1023=ORIENTED_EDGE('',*,*,#4595,.T.);
#1024=ORIENTED_EDGE('',*,*,#4600,.F.);
#1025=ORIENTED_EDGE('',*,*,#4601,.F.);
#1026=ORIENTED_EDGE('',*,*,#4602,.T.);
#1027=ORIENTED_EDGE('',*,*,#4603,.T.);
#1028=ORIENTED_EDGE('',*,*,#4604,.T.);
#1029=ORIENTED_EDGE('',*,*,#4605,.F.);
#1030=ORIENTED_EDGE('',*,*,#4606,.F.);
#1031=ORIENTED_EDGE('',*,*,#4601,.T.);
#1032=ORIENTED_EDGE('',*,*,#4607,.T.);
#1033=ORIENTED_EDGE('',*,*,#4608,.F.);
#1034=ORIENTED_EDGE('',*,*,#4609,.F.);
#1035=ORIENTED_EDGE('',*,*,#4605,.T.);
#1036=ORIENTED_EDGE('',*,*,#4610,.T.);
#1037=ORIENTED_EDGE('',*,*,#4611,.F.);
#1038=ORIENTED_EDGE('',*,*,#4612,.F.);
#1039=ORIENTED_EDGE('',*,*,#4608,.T.);
#1040=ORIENTED_EDGE('',*,*,#4613,.T.);
#1041=ORIENTED_EDGE('',*,*,#4614,.F.);
#1042=ORIENTED_EDGE('',*,*,#4615,.F.);
#1043=ORIENTED_EDGE('',*,*,#4611,.T.);
#1044=ORIENTED_EDGE('',*,*,#4616,.T.);
#1045=ORIENTED_EDGE('',*,*,#4617,.F.);
#1046=ORIENTED_EDGE('',*,*,#4618,.F.);
#1047=ORIENTED_EDGE('',*,*,#4614,.T.);
#1048=ORIENTED_EDGE('',*,*,#4619,.F.);
#1049=ORIENTED_EDGE('',*,*,#4620,.F.);
#1050=ORIENTED_EDGE('',*,*,#4621,.T.);
#1051=ORIENTED_EDGE('',*,*,#4617,.T.);
#1052=ORIENTED_EDGE('',*,*,#4622,.F.);
#1053=ORIENTED_EDGE('',*,*,#4623,.F.);
#1054=ORIENTED_EDGE('',*,*,#4624,.T.);
#1055=ORIENTED_EDGE('',*,*,#4625,.T.);
#1056=ORIENTED_EDGE('',*,*,#4626,.T.);
#1057=ORIENTED_EDGE('',*,*,#4627,.F.);
#1058=ORIENTED_EDGE('',*,*,#4628,.F.);
#1059=ORIENTED_EDGE('',*,*,#4623,.T.);
#1060=ORIENTED_EDGE('',*,*,#4629,.F.);
#1061=ORIENTED_EDGE('',*,*,#4630,.F.);
#1062=ORIENTED_EDGE('',*,*,#4631,.T.);
#1063=ORIENTED_EDGE('',*,*,#4627,.T.);
#1064=ORIENTED_EDGE('',*,*,#4632,.T.);
#1065=ORIENTED_EDGE('',*,*,#4633,.F.);
#1066=ORIENTED_EDGE('',*,*,#4634,.F.);
#1067=ORIENTED_EDGE('',*,*,#4630,.T.);
#1068=ORIENTED_EDGE('',*,*,#4635,.T.);
#1069=ORIENTED_EDGE('',*,*,#4636,.F.);
#1070=ORIENTED_EDGE('',*,*,#4637,.F.);
#1071=ORIENTED_EDGE('',*,*,#4633,.T.);
#1072=ORIENTED_EDGE('',*,*,#4638,.T.);
#1073=ORIENTED_EDGE('',*,*,#4639,.F.);
#1074=ORIENTED_EDGE('',*,*,#4640,.F.);
#1075=ORIENTED_EDGE('',*,*,#4636,.T.);
#1076=ORIENTED_EDGE('',*,*,#4641,.T.);
#1077=ORIENTED_EDGE('',*,*,#4642,.F.);
#1078=ORIENTED_EDGE('',*,*,#4643,.F.);
#1079=ORIENTED_EDGE('',*,*,#4639,.T.);
#1080=ORIENTED_EDGE('',*,*,#4644,.T.);
#1081=ORIENTED_EDGE('',*,*,#4645,.F.);
#1082=ORIENTED_EDGE('',*,*,#4646,.F.);
#1083=ORIENTED_EDGE('',*,*,#4647,.T.);
#1084=ORIENTED_EDGE('',*,*,#4648,.T.);
#1085=ORIENTED_EDGE('',*,*,#4649,.F.);
#1086=ORIENTED_EDGE('',*,*,#4650,.F.);
#1087=ORIENTED_EDGE('',*,*,#4645,.T.);
#1088=ORIENTED_EDGE('',*,*,#4651,.F.);
#1089=ORIENTED_EDGE('',*,*,#4652,.F.);
#1090=ORIENTED_EDGE('',*,*,#4653,.T.);
#1091=ORIENTED_EDGE('',*,*,#4649,.T.);
#1092=ORIENTED_EDGE('',*,*,#4654,.T.);
#1093=ORIENTED_EDGE('',*,*,#4655,.F.);
#1094=ORIENTED_EDGE('',*,*,#4656,.F.);
#1095=ORIENTED_EDGE('',*,*,#4652,.T.);
#1096=ORIENTED_EDGE('',*,*,#4657,.F.);
#1097=ORIENTED_EDGE('',*,*,#4658,.F.);
#1098=ORIENTED_EDGE('',*,*,#4659,.T.);
#1099=ORIENTED_EDGE('',*,*,#4655,.T.);
#1100=ORIENTED_EDGE('',*,*,#4660,.T.);
#1101=ORIENTED_EDGE('',*,*,#4661,.F.);
#1102=ORIENTED_EDGE('',*,*,#4662,.F.);
#1103=ORIENTED_EDGE('',*,*,#4658,.T.);
#1104=ORIENTED_EDGE('',*,*,#4663,.T.);
#1105=ORIENTED_EDGE('',*,*,#4664,.F.);
#1106=ORIENTED_EDGE('',*,*,#4665,.F.);
#1107=ORIENTED_EDGE('',*,*,#4661,.T.);
#1108=ORIENTED_EDGE('',*,*,#4666,.F.);
#1109=ORIENTED_EDGE('',*,*,#4667,.F.);
#1110=ORIENTED_EDGE('',*,*,#4668,.T.);
#1111=ORIENTED_EDGE('',*,*,#4669,.T.);
#1112=ORIENTED_EDGE('',*,*,#4670,.T.);
#1113=ORIENTED_EDGE('',*,*,#4671,.F.);
#1114=ORIENTED_EDGE('',*,*,#4672,.F.);
#1115=ORIENTED_EDGE('',*,*,#4667,.T.);
#1116=ORIENTED_EDGE('',*,*,#4673,.F.);
#1117=ORIENTED_EDGE('',*,*,#4674,.F.);
#1118=ORIENTED_EDGE('',*,*,#4675,.T.);
#1119=ORIENTED_EDGE('',*,*,#4671,.T.);
#1120=ORIENTED_EDGE('',*,*,#4676,.T.);
#1121=ORIENTED_EDGE('',*,*,#4677,.F.);
#1122=ORIENTED_EDGE('',*,*,#4678,.F.);
#1123=ORIENTED_EDGE('',*,*,#4674,.T.);
#1124=ORIENTED_EDGE('',*,*,#4679,.T.);
#1125=ORIENTED_EDGE('',*,*,#4680,.F.);
#1126=ORIENTED_EDGE('',*,*,#4681,.F.);
#1127=ORIENTED_EDGE('',*,*,#4677,.T.);
#1128=ORIENTED_EDGE('',*,*,#4682,.T.);
#1129=ORIENTED_EDGE('',*,*,#4683,.F.);
#1130=ORIENTED_EDGE('',*,*,#4684,.F.);
#1131=ORIENTED_EDGE('',*,*,#4680,.T.);
#1132=ORIENTED_EDGE('',*,*,#4685,.T.);
#1133=ORIENTED_EDGE('',*,*,#4686,.F.);
#1134=ORIENTED_EDGE('',*,*,#4687,.F.);
#1135=ORIENTED_EDGE('',*,*,#4683,.T.);
#1136=ORIENTED_EDGE('',*,*,#4688,.F.);
#1137=ORIENTED_EDGE('',*,*,#4689,.F.);
#1138=ORIENTED_EDGE('',*,*,#4690,.T.);
#1139=ORIENTED_EDGE('',*,*,#4691,.T.);
#1140=ORIENTED_EDGE('',*,*,#4692,.T.);
#1141=ORIENTED_EDGE('',*,*,#4693,.F.);
#1142=ORIENTED_EDGE('',*,*,#4694,.F.);
#1143=ORIENTED_EDGE('',*,*,#4689,.T.);
#1144=ORIENTED_EDGE('',*,*,#4695,.F.);
#1145=ORIENTED_EDGE('',*,*,#4696,.F.);
#1146=ORIENTED_EDGE('',*,*,#4697,.T.);
#1147=ORIENTED_EDGE('',*,*,#4693,.T.);
#1148=ORIENTED_EDGE('',*,*,#4698,.T.);
#1149=ORIENTED_EDGE('',*,*,#4699,.F.);
#1150=ORIENTED_EDGE('',*,*,#4700,.F.);
#1151=ORIENTED_EDGE('',*,*,#4696,.T.);
#1152=ORIENTED_EDGE('',*,*,#4701,.T.);
#1153=ORIENTED_EDGE('',*,*,#4702,.F.);
#1154=ORIENTED_EDGE('',*,*,#4703,.F.);
#1155=ORIENTED_EDGE('',*,*,#4699,.T.);
#1156=ORIENTED_EDGE('',*,*,#4704,.T.);
#1157=ORIENTED_EDGE('',*,*,#4705,.F.);
#1158=ORIENTED_EDGE('',*,*,#4706,.F.);
#1159=ORIENTED_EDGE('',*,*,#4702,.T.);
#1160=ORIENTED_EDGE('',*,*,#4707,.T.);
#1161=ORIENTED_EDGE('',*,*,#4708,.F.);
#1162=ORIENTED_EDGE('',*,*,#4709,.F.);
#1163=ORIENTED_EDGE('',*,*,#4705,.T.);
#1164=ORIENTED_EDGE('',*,*,#4710,.T.);
#1165=ORIENTED_EDGE('',*,*,#4711,.F.);
#1166=ORIENTED_EDGE('',*,*,#4712,.F.);
#1167=ORIENTED_EDGE('',*,*,#4713,.T.);
#1168=ORIENTED_EDGE('',*,*,#4714,.T.);
#1169=ORIENTED_EDGE('',*,*,#4715,.F.);
#1170=ORIENTED_EDGE('',*,*,#4716,.F.);
#1171=ORIENTED_EDGE('',*,*,#4711,.T.);
#1172=ORIENTED_EDGE('',*,*,#4717,.F.);
#1173=ORIENTED_EDGE('',*,*,#4718,.F.);
#1174=ORIENTED_EDGE('',*,*,#4719,.T.);
#1175=ORIENTED_EDGE('',*,*,#4715,.T.);
#1176=ORIENTED_EDGE('',*,*,#4720,.T.);
#1177=ORIENTED_EDGE('',*,*,#4721,.F.);
#1178=ORIENTED_EDGE('',*,*,#4722,.F.);
#1179=ORIENTED_EDGE('',*,*,#4718,.T.);
#1180=ORIENTED_EDGE('',*,*,#4723,.F.);
#1181=ORIENTED_EDGE('',*,*,#4724,.F.);
#1182=ORIENTED_EDGE('',*,*,#4725,.T.);
#1183=ORIENTED_EDGE('',*,*,#4721,.T.);
#1184=ORIENTED_EDGE('',*,*,#4726,.T.);
#1185=ORIENTED_EDGE('',*,*,#4727,.F.);
#1186=ORIENTED_EDGE('',*,*,#4728,.F.);
#1187=ORIENTED_EDGE('',*,*,#4724,.T.);
#1188=ORIENTED_EDGE('',*,*,#4729,.T.);
#1189=ORIENTED_EDGE('',*,*,#4730,.F.);
#1190=ORIENTED_EDGE('',*,*,#4731,.F.);
#1191=ORIENTED_EDGE('',*,*,#4727,.T.);
#1192=ORIENTED_EDGE('',*,*,#4732,.F.);
#1193=ORIENTED_EDGE('',*,*,#4733,.F.);
#1194=ORIENTED_EDGE('',*,*,#4734,.T.);
#1195=ORIENTED_EDGE('',*,*,#4735,.T.);
#1196=ORIENTED_EDGE('',*,*,#4736,.T.);
#1197=ORIENTED_EDGE('',*,*,#4737,.F.);
#1198=ORIENTED_EDGE('',*,*,#4738,.F.);
#1199=ORIENTED_EDGE('',*,*,#4733,.T.);
#1200=ORIENTED_EDGE('',*,*,#4739,.F.);
#1201=ORIENTED_EDGE('',*,*,#4740,.F.);
#1202=ORIENTED_EDGE('',*,*,#4741,.T.);
#1203=ORIENTED_EDGE('',*,*,#4737,.T.);
#1204=ORIENTED_EDGE('',*,*,#4742,.T.);
#1205=ORIENTED_EDGE('',*,*,#4743,.F.);
#1206=ORIENTED_EDGE('',*,*,#4744,.F.);
#1207=ORIENTED_EDGE('',*,*,#4740,.T.);
#1208=ORIENTED_EDGE('',*,*,#4745,.T.);
#1209=ORIENTED_EDGE('',*,*,#4746,.F.);
#1210=ORIENTED_EDGE('',*,*,#4747,.F.);
#1211=ORIENTED_EDGE('',*,*,#4743,.T.);
#1212=ORIENTED_EDGE('',*,*,#4748,.T.);
#1213=ORIENTED_EDGE('',*,*,#4749,.F.);
#1214=ORIENTED_EDGE('',*,*,#4750,.F.);
#1215=ORIENTED_EDGE('',*,*,#4746,.T.);
#1216=ORIENTED_EDGE('',*,*,#4751,.T.);
#1217=ORIENTED_EDGE('',*,*,#4752,.F.);
#1218=ORIENTED_EDGE('',*,*,#4753,.F.);
#1219=ORIENTED_EDGE('',*,*,#4749,.T.);
#1220=ORIENTED_EDGE('',*,*,#4754,.F.);
#1221=ORIENTED_EDGE('',*,*,#4755,.F.);
#1222=ORIENTED_EDGE('',*,*,#4756,.T.);
#1223=ORIENTED_EDGE('',*,*,#4757,.T.);
#1224=ORIENTED_EDGE('',*,*,#4758,.T.);
#1225=ORIENTED_EDGE('',*,*,#4759,.F.);
#1226=ORIENTED_EDGE('',*,*,#4760,.F.);
#1227=ORIENTED_EDGE('',*,*,#4755,.T.);
#1228=ORIENTED_EDGE('',*,*,#4761,.T.);
#1229=ORIENTED_EDGE('',*,*,#4762,.F.);
#1230=ORIENTED_EDGE('',*,*,#4763,.F.);
#1231=ORIENTED_EDGE('',*,*,#4759,.T.);
#1232=ORIENTED_EDGE('',*,*,#4764,.T.);
#1233=ORIENTED_EDGE('',*,*,#4765,.F.);
#1234=ORIENTED_EDGE('',*,*,#4766,.F.);
#1235=ORIENTED_EDGE('',*,*,#4762,.T.);
#1236=ORIENTED_EDGE('',*,*,#4767,.T.);
#1237=ORIENTED_EDGE('',*,*,#4768,.F.);
#1238=ORIENTED_EDGE('',*,*,#4769,.F.);
#1239=ORIENTED_EDGE('',*,*,#4765,.T.);
#1240=ORIENTED_EDGE('',*,*,#4770,.T.);
#1241=ORIENTED_EDGE('',*,*,#4771,.F.);
#1242=ORIENTED_EDGE('',*,*,#4772,.F.);
#1243=ORIENTED_EDGE('',*,*,#4768,.T.);
#1244=ORIENTED_EDGE('',*,*,#4773,.F.);
#1245=ORIENTED_EDGE('',*,*,#4774,.F.);
#1246=ORIENTED_EDGE('',*,*,#4775,.T.);
#1247=ORIENTED_EDGE('',*,*,#4771,.T.);
#1248=ORIENTED_EDGE('',*,*,#4776,.F.);
#1249=ORIENTED_EDGE('',*,*,#4777,.F.);
#1250=ORIENTED_EDGE('',*,*,#4778,.T.);
#1251=ORIENTED_EDGE('',*,*,#4779,.T.);
#1252=ORIENTED_EDGE('',*,*,#4780,.T.);
#1253=ORIENTED_EDGE('',*,*,#4781,.F.);
#1254=ORIENTED_EDGE('',*,*,#4782,.F.);
#1255=ORIENTED_EDGE('',*,*,#4777,.T.);
#1256=ORIENTED_EDGE('',*,*,#4783,.F.);
#1257=ORIENTED_EDGE('',*,*,#4784,.F.);
#1258=ORIENTED_EDGE('',*,*,#4785,.T.);
#1259=ORIENTED_EDGE('',*,*,#4781,.T.);
#1260=ORIENTED_EDGE('',*,*,#4786,.T.);
#1261=ORIENTED_EDGE('',*,*,#4787,.F.);
#1262=ORIENTED_EDGE('',*,*,#4788,.F.);
#1263=ORIENTED_EDGE('',*,*,#4784,.T.);
#1264=ORIENTED_EDGE('',*,*,#4789,.T.);
#1265=ORIENTED_EDGE('',*,*,#4790,.F.);
#1266=ORIENTED_EDGE('',*,*,#4791,.F.);
#1267=ORIENTED_EDGE('',*,*,#4787,.T.);
#1268=ORIENTED_EDGE('',*,*,#4792,.T.);
#1269=ORIENTED_EDGE('',*,*,#4793,.F.);
#1270=ORIENTED_EDGE('',*,*,#4794,.F.);
#1271=ORIENTED_EDGE('',*,*,#4790,.T.);
#1272=ORIENTED_EDGE('',*,*,#4795,.T.);
#1273=ORIENTED_EDGE('',*,*,#4796,.F.);
#1274=ORIENTED_EDGE('',*,*,#4797,.F.);
#1275=ORIENTED_EDGE('',*,*,#4793,.T.);
#1276=ORIENTED_EDGE('',*,*,#4798,.T.);
#1277=ORIENTED_EDGE('',*,*,#4799,.F.);
#1278=ORIENTED_EDGE('',*,*,#4800,.F.);
#1279=ORIENTED_EDGE('',*,*,#4801,.T.);
#1280=ORIENTED_EDGE('',*,*,#4802,.T.);
#1281=ORIENTED_EDGE('',*,*,#4803,.F.);
#1282=ORIENTED_EDGE('',*,*,#4804,.F.);
#1283=ORIENTED_EDGE('',*,*,#4799,.T.);
#1284=ORIENTED_EDGE('',*,*,#4805,.F.);
#1285=ORIENTED_EDGE('',*,*,#4806,.F.);
#1286=ORIENTED_EDGE('',*,*,#4807,.T.);
#1287=ORIENTED_EDGE('',*,*,#4803,.T.);
#1288=ORIENTED_EDGE('',*,*,#4808,.T.);
#1289=ORIENTED_EDGE('',*,*,#4809,.F.);
#1290=ORIENTED_EDGE('',*,*,#4810,.F.);
#1291=ORIENTED_EDGE('',*,*,#4806,.T.);
#1292=ORIENTED_EDGE('',*,*,#4811,.F.);
#1293=ORIENTED_EDGE('',*,*,#4812,.F.);
#1294=ORIENTED_EDGE('',*,*,#4813,.T.);
#1295=ORIENTED_EDGE('',*,*,#4809,.T.);
#1296=ORIENTED_EDGE('',*,*,#4814,.T.);
#1297=ORIENTED_EDGE('',*,*,#4815,.F.);
#1298=ORIENTED_EDGE('',*,*,#4816,.F.);
#1299=ORIENTED_EDGE('',*,*,#4812,.T.);
#1300=ORIENTED_EDGE('',*,*,#4817,.T.);
#1301=ORIENTED_EDGE('',*,*,#4818,.F.);
#1302=ORIENTED_EDGE('',*,*,#4819,.F.);
#1303=ORIENTED_EDGE('',*,*,#4815,.T.);
#1304=ORIENTED_EDGE('',*,*,#4820,.F.);
#1305=ORIENTED_EDGE('',*,*,#4821,.F.);
#1306=ORIENTED_EDGE('',*,*,#4822,.T.);
#1307=ORIENTED_EDGE('',*,*,#4823,.T.);
#1308=ORIENTED_EDGE('',*,*,#4824,.T.);
#1309=ORIENTED_EDGE('',*,*,#4825,.F.);
#1310=ORIENTED_EDGE('',*,*,#4826,.F.);
#1311=ORIENTED_EDGE('',*,*,#4821,.T.);
#1312=ORIENTED_EDGE('',*,*,#4827,.F.);
#1313=ORIENTED_EDGE('',*,*,#4828,.F.);
#1314=ORIENTED_EDGE('',*,*,#4829,.T.);
#1315=ORIENTED_EDGE('',*,*,#4825,.T.);
#1316=ORIENTED_EDGE('',*,*,#4830,.T.);
#1317=ORIENTED_EDGE('',*,*,#4831,.F.);
#1318=ORIENTED_EDGE('',*,*,#4832,.F.);
#1319=ORIENTED_EDGE('',*,*,#4828,.T.);
#1320=ORIENTED_EDGE('',*,*,#4833,.T.);
#1321=ORIENTED_EDGE('',*,*,#4834,.F.);
#1322=ORIENTED_EDGE('',*,*,#4835,.F.);
#1323=ORIENTED_EDGE('',*,*,#4831,.T.);
#1324=ORIENTED_EDGE('',*,*,#4836,.T.);
#1325=ORIENTED_EDGE('',*,*,#4837,.F.);
#1326=ORIENTED_EDGE('',*,*,#4838,.F.);
#1327=ORIENTED_EDGE('',*,*,#4834,.T.);
#1328=ORIENTED_EDGE('',*,*,#4839,.T.);
#1329=ORIENTED_EDGE('',*,*,#4840,.F.);
#1330=ORIENTED_EDGE('',*,*,#4841,.F.);
#1331=ORIENTED_EDGE('',*,*,#4837,.T.);
#1332=ORIENTED_EDGE('',*,*,#4842,.F.);
#1333=ORIENTED_EDGE('',*,*,#4843,.F.);
#1334=ORIENTED_EDGE('',*,*,#4844,.T.);
#1335=ORIENTED_EDGE('',*,*,#4845,.T.);
#1336=ORIENTED_EDGE('',*,*,#4846,.T.);
#1337=ORIENTED_EDGE('',*,*,#4847,.F.);
#1338=ORIENTED_EDGE('',*,*,#4848,.F.);
#1339=ORIENTED_EDGE('',*,*,#4843,.T.);
#1340=ORIENTED_EDGE('',*,*,#4849,.T.);
#1341=ORIENTED_EDGE('',*,*,#4850,.F.);
#1342=ORIENTED_EDGE('',*,*,#4851,.F.);
#1343=ORIENTED_EDGE('',*,*,#4847,.T.);
#1344=ORIENTED_EDGE('',*,*,#4852,.T.);
#1345=ORIENTED_EDGE('',*,*,#4853,.F.);
#1346=ORIENTED_EDGE('',*,*,#4854,.F.);
#1347=ORIENTED_EDGE('',*,*,#4850,.T.);
#1348=ORIENTED_EDGE('',*,*,#4855,.T.);
#1349=ORIENTED_EDGE('',*,*,#4856,.F.);
#1350=ORIENTED_EDGE('',*,*,#4857,.F.);
#1351=ORIENTED_EDGE('',*,*,#4853,.T.);
#1352=ORIENTED_EDGE('',*,*,#4858,.T.);
#1353=ORIENTED_EDGE('',*,*,#4859,.F.);
#1354=ORIENTED_EDGE('',*,*,#4860,.F.);
#1355=ORIENTED_EDGE('',*,*,#4856,.T.);
#1356=ORIENTED_EDGE('',*,*,#4861,.F.);
#1357=ORIENTED_EDGE('',*,*,#4862,.F.);
#1358=ORIENTED_EDGE('',*,*,#4863,.T.);
#1359=ORIENTED_EDGE('',*,*,#4859,.T.);
#1360=ORIENTED_EDGE('',*,*,#4864,.F.);
#1361=ORIENTED_EDGE('',*,*,#4865,.F.);
#1362=ORIENTED_EDGE('',*,*,#4866,.T.);
#1363=ORIENTED_EDGE('',*,*,#4867,.T.);
#1364=ORIENTED_EDGE('',*,*,#4868,.T.);
#1365=ORIENTED_EDGE('',*,*,#4869,.F.);
#1366=ORIENTED_EDGE('',*,*,#4870,.F.);
#1367=ORIENTED_EDGE('',*,*,#4865,.T.);
#1368=ORIENTED_EDGE('',*,*,#4871,.T.);
#1369=ORIENTED_EDGE('',*,*,#4872,.F.);
#1370=ORIENTED_EDGE('',*,*,#4873,.F.);
#1371=ORIENTED_EDGE('',*,*,#4869,.T.);
#1372=ORIENTED_EDGE('',*,*,#4874,.T.);
#1373=ORIENTED_EDGE('',*,*,#4875,.F.);
#1374=ORIENTED_EDGE('',*,*,#4876,.F.);
#1375=ORIENTED_EDGE('',*,*,#4872,.T.);
#1376=ORIENTED_EDGE('',*,*,#4877,.T.);
#1377=ORIENTED_EDGE('',*,*,#4878,.F.);
#1378=ORIENTED_EDGE('',*,*,#4879,.F.);
#1379=ORIENTED_EDGE('',*,*,#4875,.T.);
#1380=ORIENTED_EDGE('',*,*,#4880,.T.);
#1381=ORIENTED_EDGE('',*,*,#4881,.F.);
#1382=ORIENTED_EDGE('',*,*,#4882,.F.);
#1383=ORIENTED_EDGE('',*,*,#4878,.T.);
#1384=ORIENTED_EDGE('',*,*,#4883,.F.);
#1385=ORIENTED_EDGE('',*,*,#4884,.F.);
#1386=ORIENTED_EDGE('',*,*,#4885,.T.);
#1387=ORIENTED_EDGE('',*,*,#4881,.T.);
#1388=ORIENTED_EDGE('',*,*,#4886,.T.);
#1389=ORIENTED_EDGE('',*,*,#4887,.F.);
#1390=ORIENTED_EDGE('',*,*,#4888,.F.);
#1391=ORIENTED_EDGE('',*,*,#4889,.T.);
#1392=ORIENTED_EDGE('',*,*,#4890,.T.);
#1393=ORIENTED_EDGE('',*,*,#4891,.F.);
#1394=ORIENTED_EDGE('',*,*,#4892,.F.);
#1395=ORIENTED_EDGE('',*,*,#4887,.T.);
#1396=ORIENTED_EDGE('',*,*,#4893,.T.);
#1397=ORIENTED_EDGE('',*,*,#4894,.F.);
#1398=ORIENTED_EDGE('',*,*,#4895,.F.);
#1399=ORIENTED_EDGE('',*,*,#4891,.T.);
#1400=ORIENTED_EDGE('',*,*,#4896,.T.);
#1401=ORIENTED_EDGE('',*,*,#4897,.F.);
#1402=ORIENTED_EDGE('',*,*,#4898,.F.);
#1403=ORIENTED_EDGE('',*,*,#4894,.T.);
#1404=ORIENTED_EDGE('',*,*,#4899,.F.);
#1405=ORIENTED_EDGE('',*,*,#4900,.F.);
#1406=ORIENTED_EDGE('',*,*,#4901,.T.);
#1407=ORIENTED_EDGE('',*,*,#4897,.T.);
#1408=ORIENTED_EDGE('',*,*,#4902,.T.);
#1409=ORIENTED_EDGE('',*,*,#4903,.F.);
#1410=ORIENTED_EDGE('',*,*,#4904,.F.);
#1411=ORIENTED_EDGE('',*,*,#4900,.T.);
#1412=ORIENTED_EDGE('',*,*,#4905,.F.);
#1413=ORIENTED_EDGE('',*,*,#4906,.F.);
#1414=ORIENTED_EDGE('',*,*,#4907,.T.);
#1415=ORIENTED_EDGE('',*,*,#4903,.T.);
#1416=ORIENTED_EDGE('',*,*,#4908,.T.);
#1417=ORIENTED_EDGE('',*,*,#4909,.F.);
#1418=ORIENTED_EDGE('',*,*,#4910,.F.);
#1419=ORIENTED_EDGE('',*,*,#4911,.T.);
#1420=ORIENTED_EDGE('',*,*,#4912,.T.);
#1421=ORIENTED_EDGE('',*,*,#4913,.F.);
#1422=ORIENTED_EDGE('',*,*,#4914,.F.);
#1423=ORIENTED_EDGE('',*,*,#4909,.T.);
#1424=ORIENTED_EDGE('',*,*,#4915,.F.);
#1425=ORIENTED_EDGE('',*,*,#4916,.F.);
#1426=ORIENTED_EDGE('',*,*,#4917,.T.);
#1427=ORIENTED_EDGE('',*,*,#4913,.T.);
#1428=ORIENTED_EDGE('',*,*,#4918,.T.);
#1429=ORIENTED_EDGE('',*,*,#4919,.F.);
#1430=ORIENTED_EDGE('',*,*,#4920,.F.);
#1431=ORIENTED_EDGE('',*,*,#4916,.T.);
#1432=ORIENTED_EDGE('',*,*,#4921,.F.);
#1433=ORIENTED_EDGE('',*,*,#4922,.F.);
#1434=ORIENTED_EDGE('',*,*,#4923,.T.);
#1435=ORIENTED_EDGE('',*,*,#4919,.T.);
#1436=ORIENTED_EDGE('',*,*,#4924,.T.);
#1437=ORIENTED_EDGE('',*,*,#4925,.F.);
#1438=ORIENTED_EDGE('',*,*,#4926,.F.);
#1439=ORIENTED_EDGE('',*,*,#4922,.T.);
#1440=ORIENTED_EDGE('',*,*,#4927,.T.);
#1441=ORIENTED_EDGE('',*,*,#4928,.F.);
#1442=ORIENTED_EDGE('',*,*,#4929,.F.);
#1443=ORIENTED_EDGE('',*,*,#4925,.T.);
#1444=ORIENTED_EDGE('',*,*,#4930,.T.);
#1445=ORIENTED_EDGE('',*,*,#4931,.F.);
#1446=ORIENTED_EDGE('',*,*,#4932,.F.);
#1447=ORIENTED_EDGE('',*,*,#4933,.T.);
#1448=ORIENTED_EDGE('',*,*,#4934,.T.);
#1449=ORIENTED_EDGE('',*,*,#4935,.F.);
#1450=ORIENTED_EDGE('',*,*,#4936,.F.);
#1451=ORIENTED_EDGE('',*,*,#4931,.T.);
#1452=ORIENTED_EDGE('',*,*,#4937,.T.);
#1453=ORIENTED_EDGE('',*,*,#4938,.F.);
#1454=ORIENTED_EDGE('',*,*,#4939,.F.);
#1455=ORIENTED_EDGE('',*,*,#4935,.T.);
#1456=ORIENTED_EDGE('',*,*,#4940,.T.);
#1457=ORIENTED_EDGE('',*,*,#4941,.F.);
#1458=ORIENTED_EDGE('',*,*,#4942,.F.);
#1459=ORIENTED_EDGE('',*,*,#4938,.T.);
#1460=ORIENTED_EDGE('',*,*,#4943,.F.);
#1461=ORIENTED_EDGE('',*,*,#4944,.F.);
#1462=ORIENTED_EDGE('',*,*,#4945,.T.);
#1463=ORIENTED_EDGE('',*,*,#4941,.T.);
#1464=ORIENTED_EDGE('',*,*,#4946,.T.);
#1465=ORIENTED_EDGE('',*,*,#4947,.F.);
#1466=ORIENTED_EDGE('',*,*,#4948,.F.);
#1467=ORIENTED_EDGE('',*,*,#4944,.T.);
#1468=ORIENTED_EDGE('',*,*,#4949,.T.);
#1469=ORIENTED_EDGE('',*,*,#4950,.F.);
#1470=ORIENTED_EDGE('',*,*,#4951,.F.);
#1471=ORIENTED_EDGE('',*,*,#4947,.T.);
#1472=ORIENTED_EDGE('',*,*,#4952,.F.);
#1473=ORIENTED_EDGE('',*,*,#4953,.F.);
#1474=ORIENTED_EDGE('',*,*,#4954,.T.);
#1475=ORIENTED_EDGE('',*,*,#4955,.T.);
#1476=ORIENTED_EDGE('',*,*,#4956,.T.);
#1477=ORIENTED_EDGE('',*,*,#4957,.F.);
#1478=ORIENTED_EDGE('',*,*,#4958,.F.);
#1479=ORIENTED_EDGE('',*,*,#4953,.T.);
#1480=ORIENTED_EDGE('',*,*,#4959,.F.);
#1481=ORIENTED_EDGE('',*,*,#4960,.F.);
#1482=ORIENTED_EDGE('',*,*,#4961,.T.);
#1483=ORIENTED_EDGE('',*,*,#4957,.T.);
#1484=ORIENTED_EDGE('',*,*,#4962,.T.);
#1485=ORIENTED_EDGE('',*,*,#4963,.F.);
#1486=ORIENTED_EDGE('',*,*,#4964,.F.);
#1487=ORIENTED_EDGE('',*,*,#4960,.T.);
#1488=ORIENTED_EDGE('',*,*,#4965,.T.);
#1489=ORIENTED_EDGE('',*,*,#4966,.F.);
#1490=ORIENTED_EDGE('',*,*,#4967,.F.);
#1491=ORIENTED_EDGE('',*,*,#4963,.T.);
#1492=ORIENTED_EDGE('',*,*,#4968,.T.);
#1493=ORIENTED_EDGE('',*,*,#4969,.F.);
#1494=ORIENTED_EDGE('',*,*,#4970,.F.);
#1495=ORIENTED_EDGE('',*,*,#4966,.T.);
#1496=ORIENTED_EDGE('',*,*,#4971,.T.);
#1497=ORIENTED_EDGE('',*,*,#4972,.F.);
#1498=ORIENTED_EDGE('',*,*,#4973,.F.);
#1499=ORIENTED_EDGE('',*,*,#4969,.T.);
#1500=ORIENTED_EDGE('',*,*,#4974,.F.);
#1501=ORIENTED_EDGE('',*,*,#4975,.F.);
#1502=ORIENTED_EDGE('',*,*,#4976,.T.);
#1503=ORIENTED_EDGE('',*,*,#4977,.T.);
#1504=ORIENTED_EDGE('',*,*,#4978,.T.);
#1505=ORIENTED_EDGE('',*,*,#4979,.F.);
#1506=ORIENTED_EDGE('',*,*,#4980,.F.);
#1507=ORIENTED_EDGE('',*,*,#4975,.T.);
#1508=ORIENTED_EDGE('',*,*,#4981,.F.);
#1509=ORIENTED_EDGE('',*,*,#4982,.F.);
#1510=ORIENTED_EDGE('',*,*,#4983,.T.);
#1511=ORIENTED_EDGE('',*,*,#4979,.T.);
#1512=ORIENTED_EDGE('',*,*,#4984,.T.);
#1513=ORIENTED_EDGE('',*,*,#4985,.F.);
#1514=ORIENTED_EDGE('',*,*,#4986,.F.);
#1515=ORIENTED_EDGE('',*,*,#4982,.T.);
#1516=ORIENTED_EDGE('',*,*,#4987,.T.);
#1517=ORIENTED_EDGE('',*,*,#4988,.F.);
#1518=ORIENTED_EDGE('',*,*,#4989,.F.);
#1519=ORIENTED_EDGE('',*,*,#4985,.T.);
#1520=ORIENTED_EDGE('',*,*,#4990,.T.);
#1521=ORIENTED_EDGE('',*,*,#4991,.F.);
#1522=ORIENTED_EDGE('',*,*,#4992,.F.);
#1523=ORIENTED_EDGE('',*,*,#4988,.T.);
#1524=ORIENTED_EDGE('',*,*,#4993,.T.);
#1525=ORIENTED_EDGE('',*,*,#4994,.F.);
#1526=ORIENTED_EDGE('',*,*,#4995,.F.);
#1527=ORIENTED_EDGE('',*,*,#4991,.T.);
#1528=ORIENTED_EDGE('',*,*,#4996,.F.);
#1529=ORIENTED_EDGE('',*,*,#4997,.F.);
#1530=ORIENTED_EDGE('',*,*,#4998,.T.);
#1531=ORIENTED_EDGE('',*,*,#4999,.T.);
#1532=ORIENTED_EDGE('',*,*,#5000,.T.);
#1533=ORIENTED_EDGE('',*,*,#5001,.F.);
#1534=ORIENTED_EDGE('',*,*,#5002,.F.);
#1535=ORIENTED_EDGE('',*,*,#4997,.T.);
#1536=ORIENTED_EDGE('',*,*,#5003,.F.);
#1537=ORIENTED_EDGE('',*,*,#5004,.F.);
#1538=ORIENTED_EDGE('',*,*,#5005,.T.);
#1539=ORIENTED_EDGE('',*,*,#5001,.T.);
#1540=ORIENTED_EDGE('',*,*,#5006,.T.);
#1541=ORIENTED_EDGE('',*,*,#5007,.F.);
#1542=ORIENTED_EDGE('',*,*,#5008,.F.);
#1543=ORIENTED_EDGE('',*,*,#5004,.T.);
#1544=ORIENTED_EDGE('',*,*,#5009,.T.);
#1545=ORIENTED_EDGE('',*,*,#5010,.F.);
#1546=ORIENTED_EDGE('',*,*,#5011,.F.);
#1547=ORIENTED_EDGE('',*,*,#5007,.T.);
#1548=ORIENTED_EDGE('',*,*,#5012,.T.);
#1549=ORIENTED_EDGE('',*,*,#5013,.F.);
#1550=ORIENTED_EDGE('',*,*,#5014,.F.);
#1551=ORIENTED_EDGE('',*,*,#5010,.T.);
#1552=ORIENTED_EDGE('',*,*,#5015,.T.);
#1553=ORIENTED_EDGE('',*,*,#5016,.F.);
#1554=ORIENTED_EDGE('',*,*,#5017,.F.);
#1555=ORIENTED_EDGE('',*,*,#5013,.T.);
#1556=ORIENTED_EDGE('',*,*,#5018,.T.);
#1557=ORIENTED_EDGE('',*,*,#5019,.F.);
#1558=ORIENTED_EDGE('',*,*,#5020,.F.);
#1559=ORIENTED_EDGE('',*,*,#5021,.T.);
#1560=ORIENTED_EDGE('',*,*,#5022,.T.);
#1561=ORIENTED_EDGE('',*,*,#5023,.F.);
#1562=ORIENTED_EDGE('',*,*,#5024,.F.);
#1563=ORIENTED_EDGE('',*,*,#5019,.T.);
#1564=ORIENTED_EDGE('',*,*,#5025,.F.);
#1565=ORIENTED_EDGE('',*,*,#5026,.F.);
#1566=ORIENTED_EDGE('',*,*,#5027,.T.);
#1567=ORIENTED_EDGE('',*,*,#5023,.T.);
#1568=ORIENTED_EDGE('',*,*,#5028,.T.);
#1569=ORIENTED_EDGE('',*,*,#5029,.F.);
#1570=ORIENTED_EDGE('',*,*,#5030,.F.);
#1571=ORIENTED_EDGE('',*,*,#5026,.T.);
#1572=ORIENTED_EDGE('',*,*,#5031,.F.);
#1573=ORIENTED_EDGE('',*,*,#5032,.F.);
#1574=ORIENTED_EDGE('',*,*,#5033,.T.);
#1575=ORIENTED_EDGE('',*,*,#5029,.T.);
#1576=ORIENTED_EDGE('',*,*,#5034,.T.);
#1577=ORIENTED_EDGE('',*,*,#5035,.F.);
#1578=ORIENTED_EDGE('',*,*,#5036,.F.);
#1579=ORIENTED_EDGE('',*,*,#5032,.T.);
#1580=ORIENTED_EDGE('',*,*,#5037,.T.);
#1581=ORIENTED_EDGE('',*,*,#5038,.F.);
#1582=ORIENTED_EDGE('',*,*,#5039,.F.);
#1583=ORIENTED_EDGE('',*,*,#5035,.T.);
#1584=ORIENTED_EDGE('',*,*,#5040,.F.);
#1585=ORIENTED_EDGE('',*,*,#5041,.F.);
#1586=ORIENTED_EDGE('',*,*,#5042,.T.);
#1587=ORIENTED_EDGE('',*,*,#5043,.T.);
#1588=ORIENTED_EDGE('',*,*,#5044,.T.);
#1589=ORIENTED_EDGE('',*,*,#5045,.F.);
#1590=ORIENTED_EDGE('',*,*,#5046,.F.);
#1591=ORIENTED_EDGE('',*,*,#5041,.T.);
#1592=ORIENTED_EDGE('',*,*,#5047,.F.);
#1593=ORIENTED_EDGE('',*,*,#5048,.F.);
#1594=ORIENTED_EDGE('',*,*,#5049,.T.);
#1595=ORIENTED_EDGE('',*,*,#5045,.T.);
#1596=ORIENTED_EDGE('',*,*,#5050,.T.);
#1597=ORIENTED_EDGE('',*,*,#5051,.F.);
#1598=ORIENTED_EDGE('',*,*,#5052,.F.);
#1599=ORIENTED_EDGE('',*,*,#5048,.T.);
#1600=ORIENTED_EDGE('',*,*,#5053,.T.);
#1601=ORIENTED_EDGE('',*,*,#5054,.F.);
#1602=ORIENTED_EDGE('',*,*,#5055,.F.);
#1603=ORIENTED_EDGE('',*,*,#5051,.T.);
#1604=ORIENTED_EDGE('',*,*,#5056,.T.);
#1605=ORIENTED_EDGE('',*,*,#5057,.F.);
#1606=ORIENTED_EDGE('',*,*,#5058,.F.);
#1607=ORIENTED_EDGE('',*,*,#5054,.T.);
#1608=ORIENTED_EDGE('',*,*,#5059,.T.);
#1609=ORIENTED_EDGE('',*,*,#5060,.F.);
#1610=ORIENTED_EDGE('',*,*,#5061,.F.);
#1611=ORIENTED_EDGE('',*,*,#5057,.T.);
#1612=ORIENTED_EDGE('',*,*,#5062,.F.);
#1613=ORIENTED_EDGE('',*,*,#5063,.F.);
#1614=ORIENTED_EDGE('',*,*,#5064,.T.);
#1615=ORIENTED_EDGE('',*,*,#5065,.T.);
#1616=ORIENTED_EDGE('',*,*,#5066,.T.);
#1617=ORIENTED_EDGE('',*,*,#5067,.F.);
#1618=ORIENTED_EDGE('',*,*,#5068,.F.);
#1619=ORIENTED_EDGE('',*,*,#5063,.T.);
#1620=ORIENTED_EDGE('',*,*,#5069,.T.);
#1621=ORIENTED_EDGE('',*,*,#5070,.F.);
#1622=ORIENTED_EDGE('',*,*,#5071,.F.);
#1623=ORIENTED_EDGE('',*,*,#5067,.T.);
#1624=ORIENTED_EDGE('',*,*,#5072,.T.);
#1625=ORIENTED_EDGE('',*,*,#5073,.F.);
#1626=ORIENTED_EDGE('',*,*,#5074,.F.);
#1627=ORIENTED_EDGE('',*,*,#5070,.T.);
#1628=ORIENTED_EDGE('',*,*,#5075,.T.);
#1629=ORIENTED_EDGE('',*,*,#5076,.F.);
#1630=ORIENTED_EDGE('',*,*,#5077,.F.);
#1631=ORIENTED_EDGE('',*,*,#5073,.T.);
#1632=ORIENTED_EDGE('',*,*,#5078,.T.);
#1633=ORIENTED_EDGE('',*,*,#5079,.F.);
#1634=ORIENTED_EDGE('',*,*,#5080,.F.);
#1635=ORIENTED_EDGE('',*,*,#5076,.T.);
#1636=ORIENTED_EDGE('',*,*,#5081,.F.);
#1637=ORIENTED_EDGE('',*,*,#5082,.F.);
#1638=ORIENTED_EDGE('',*,*,#5083,.T.);
#1639=ORIENTED_EDGE('',*,*,#5079,.T.);
#1640=ORIENTED_EDGE('',*,*,#5084,.T.);
#1641=ORIENTED_EDGE('',*,*,#5085,.F.);
#1642=ORIENTED_EDGE('',*,*,#5086,.F.);
#1643=ORIENTED_EDGE('',*,*,#5087,.T.);
#1644=ORIENTED_EDGE('',*,*,#5088,.T.);
#1645=ORIENTED_EDGE('',*,*,#5089,.F.);
#1646=ORIENTED_EDGE('',*,*,#5090,.F.);
#1647=ORIENTED_EDGE('',*,*,#5085,.T.);
#1648=ORIENTED_EDGE('',*,*,#5091,.T.);
#1649=ORIENTED_EDGE('',*,*,#5092,.F.);
#1650=ORIENTED_EDGE('',*,*,#5093,.F.);
#1651=ORIENTED_EDGE('',*,*,#5089,.T.);
#1652=ORIENTED_EDGE('',*,*,#5094,.T.);
#1653=ORIENTED_EDGE('',*,*,#5095,.F.);
#1654=ORIENTED_EDGE('',*,*,#5096,.F.);
#1655=ORIENTED_EDGE('',*,*,#5092,.T.);
#1656=ORIENTED_EDGE('',*,*,#5097,.F.);
#1657=ORIENTED_EDGE('',*,*,#5098,.F.);
#1658=ORIENTED_EDGE('',*,*,#5099,.T.);
#1659=ORIENTED_EDGE('',*,*,#5095,.T.);
#1660=ORIENTED_EDGE('',*,*,#5100,.T.);
#1661=ORIENTED_EDGE('',*,*,#5101,.F.);
#1662=ORIENTED_EDGE('',*,*,#5102,.F.);
#1663=ORIENTED_EDGE('',*,*,#5098,.T.);
#1664=ORIENTED_EDGE('',*,*,#5103,.T.);
#1665=ORIENTED_EDGE('',*,*,#5104,.F.);
#1666=ORIENTED_EDGE('',*,*,#5105,.F.);
#1667=ORIENTED_EDGE('',*,*,#5101,.T.);
#1668=ORIENTED_EDGE('',*,*,#5106,.F.);
#1669=ORIENTED_EDGE('',*,*,#5107,.F.);
#1670=ORIENTED_EDGE('',*,*,#5108,.T.);
#1671=ORIENTED_EDGE('',*,*,#5109,.T.);
#1672=ORIENTED_EDGE('',*,*,#5110,.T.);
#1673=ORIENTED_EDGE('',*,*,#5111,.F.);
#1674=ORIENTED_EDGE('',*,*,#5112,.F.);
#1675=ORIENTED_EDGE('',*,*,#5107,.T.);
#1676=ORIENTED_EDGE('',*,*,#5113,.F.);
#1677=ORIENTED_EDGE('',*,*,#5114,.F.);
#1678=ORIENTED_EDGE('',*,*,#5115,.T.);
#1679=ORIENTED_EDGE('',*,*,#5111,.T.);
#1680=ORIENTED_EDGE('',*,*,#5116,.T.);
#1681=ORIENTED_EDGE('',*,*,#5117,.F.);
#1682=ORIENTED_EDGE('',*,*,#5118,.F.);
#1683=ORIENTED_EDGE('',*,*,#5114,.T.);
#1684=ORIENTED_EDGE('',*,*,#5119,.T.);
#1685=ORIENTED_EDGE('',*,*,#5120,.F.);
#1686=ORIENTED_EDGE('',*,*,#5121,.F.);
#1687=ORIENTED_EDGE('',*,*,#5117,.T.);
#1688=ORIENTED_EDGE('',*,*,#5122,.T.);
#1689=ORIENTED_EDGE('',*,*,#5123,.F.);
#1690=ORIENTED_EDGE('',*,*,#5124,.F.);
#1691=ORIENTED_EDGE('',*,*,#5120,.T.);
#1692=ORIENTED_EDGE('',*,*,#5125,.T.);
#1693=ORIENTED_EDGE('',*,*,#5126,.F.);
#1694=ORIENTED_EDGE('',*,*,#5127,.F.);
#1695=ORIENTED_EDGE('',*,*,#5123,.T.);
#1696=ORIENTED_EDGE('',*,*,#5128,.T.);
#1697=ORIENTED_EDGE('',*,*,#5129,.F.);
#1698=ORIENTED_EDGE('',*,*,#5130,.F.);
#1699=ORIENTED_EDGE('',*,*,#5131,.T.);
#1700=ORIENTED_EDGE('',*,*,#5132,.T.);
#1701=ORIENTED_EDGE('',*,*,#5133,.F.);
#1702=ORIENTED_EDGE('',*,*,#5134,.F.);
#1703=ORIENTED_EDGE('',*,*,#5129,.T.);
#1704=ORIENTED_EDGE('',*,*,#5135,.F.);
#1705=ORIENTED_EDGE('',*,*,#5136,.F.);
#1706=ORIENTED_EDGE('',*,*,#5137,.T.);
#1707=ORIENTED_EDGE('',*,*,#5133,.T.);
#1708=ORIENTED_EDGE('',*,*,#5138,.T.);
#1709=ORIENTED_EDGE('',*,*,#5139,.F.);
#1710=ORIENTED_EDGE('',*,*,#5140,.F.);
#1711=ORIENTED_EDGE('',*,*,#5136,.T.);
#1712=ORIENTED_EDGE('',*,*,#5141,.F.);
#1713=ORIENTED_EDGE('',*,*,#5142,.F.);
#1714=ORIENTED_EDGE('',*,*,#5143,.T.);
#1715=ORIENTED_EDGE('',*,*,#5139,.T.);
#1716=ORIENTED_EDGE('',*,*,#5144,.T.);
#1717=ORIENTED_EDGE('',*,*,#5145,.F.);
#1718=ORIENTED_EDGE('',*,*,#5146,.F.);
#1719=ORIENTED_EDGE('',*,*,#5142,.T.);
#1720=ORIENTED_EDGE('',*,*,#5147,.T.);
#1721=ORIENTED_EDGE('',*,*,#5148,.F.);
#1722=ORIENTED_EDGE('',*,*,#5149,.F.);
#1723=ORIENTED_EDGE('',*,*,#5145,.T.);
#1724=ORIENTED_EDGE('',*,*,#5150,.F.);
#1725=ORIENTED_EDGE('',*,*,#5151,.F.);
#1726=ORIENTED_EDGE('',*,*,#5152,.T.);
#1727=ORIENTED_EDGE('',*,*,#5153,.T.);
#1728=ORIENTED_EDGE('',*,*,#5154,.T.);
#1729=ORIENTED_EDGE('',*,*,#5155,.F.);
#1730=ORIENTED_EDGE('',*,*,#5156,.F.);
#1731=ORIENTED_EDGE('',*,*,#5151,.T.);
#1732=ORIENTED_EDGE('',*,*,#5157,.F.);
#1733=ORIENTED_EDGE('',*,*,#5158,.F.);
#1734=ORIENTED_EDGE('',*,*,#5159,.T.);
#1735=ORIENTED_EDGE('',*,*,#5155,.T.);
#1736=ORIENTED_EDGE('',*,*,#5160,.T.);
#1737=ORIENTED_EDGE('',*,*,#5161,.F.);
#1738=ORIENTED_EDGE('',*,*,#5162,.F.);
#1739=ORIENTED_EDGE('',*,*,#5158,.T.);
#1740=ORIENTED_EDGE('',*,*,#5163,.T.);
#1741=ORIENTED_EDGE('',*,*,#5164,.F.);
#1742=ORIENTED_EDGE('',*,*,#5165,.F.);
#1743=ORIENTED_EDGE('',*,*,#5161,.T.);
#1744=ORIENTED_EDGE('',*,*,#5166,.T.);
#1745=ORIENTED_EDGE('',*,*,#5167,.F.);
#1746=ORIENTED_EDGE('',*,*,#5168,.F.);
#1747=ORIENTED_EDGE('',*,*,#5164,.T.);
#1748=ORIENTED_EDGE('',*,*,#5169,.T.);
#1749=ORIENTED_EDGE('',*,*,#5170,.F.);
#1750=ORIENTED_EDGE('',*,*,#5171,.F.);
#1751=ORIENTED_EDGE('',*,*,#5167,.T.);
#1752=ORIENTED_EDGE('',*,*,#5172,.T.);
#1753=ORIENTED_EDGE('',*,*,#5173,.F.);
#1754=ORIENTED_EDGE('',*,*,#5174,.F.);
#1755=ORIENTED_EDGE('',*,*,#5175,.T.);
#1756=ORIENTED_EDGE('',*,*,#5176,.T.);
#1757=ORIENTED_EDGE('',*,*,#5177,.F.);
#1758=ORIENTED_EDGE('',*,*,#5178,.F.);
#1759=ORIENTED_EDGE('',*,*,#5173,.T.);
#1760=ORIENTED_EDGE('',*,*,#5179,.F.);
#1761=ORIENTED_EDGE('',*,*,#5180,.F.);
#1762=ORIENTED_EDGE('',*,*,#5181,.T.);
#1763=ORIENTED_EDGE('',*,*,#5177,.T.);
#1764=ORIENTED_EDGE('',*,*,#5182,.T.);
#1765=ORIENTED_EDGE('',*,*,#5183,.F.);
#1766=ORIENTED_EDGE('',*,*,#5184,.F.);
#1767=ORIENTED_EDGE('',*,*,#5180,.T.);
#1768=ORIENTED_EDGE('',*,*,#5185,.F.);
#1769=ORIENTED_EDGE('',*,*,#5186,.F.);
#1770=ORIENTED_EDGE('',*,*,#5187,.T.);
#1771=ORIENTED_EDGE('',*,*,#5183,.T.);
#1772=ORIENTED_EDGE('',*,*,#5188,.T.);
#1773=ORIENTED_EDGE('',*,*,#5189,.F.);
#1774=ORIENTED_EDGE('',*,*,#5190,.F.);
#1775=ORIENTED_EDGE('',*,*,#5186,.T.);
#1776=ORIENTED_EDGE('',*,*,#5191,.T.);
#1777=ORIENTED_EDGE('',*,*,#5192,.F.);
#1778=ORIENTED_EDGE('',*,*,#5193,.F.);
#1779=ORIENTED_EDGE('',*,*,#5189,.T.);
#1780=ORIENTED_EDGE('',*,*,#5194,.T.);
#1781=ORIENTED_EDGE('',*,*,#5195,.F.);
#1782=ORIENTED_EDGE('',*,*,#5196,.F.);
#1783=ORIENTED_EDGE('',*,*,#5197,.T.);
#1784=ORIENTED_EDGE('',*,*,#5198,.T.);
#1785=ORIENTED_EDGE('',*,*,#5199,.F.);
#1786=ORIENTED_EDGE('',*,*,#5200,.F.);
#1787=ORIENTED_EDGE('',*,*,#5195,.T.);
#1788=ORIENTED_EDGE('',*,*,#5201,.T.);
#1789=ORIENTED_EDGE('',*,*,#5202,.F.);
#1790=ORIENTED_EDGE('',*,*,#5203,.F.);
#1791=ORIENTED_EDGE('',*,*,#5199,.T.);
#1792=ORIENTED_EDGE('',*,*,#5204,.T.);
#1793=ORIENTED_EDGE('',*,*,#5205,.F.);
#1794=ORIENTED_EDGE('',*,*,#5206,.F.);
#1795=ORIENTED_EDGE('',*,*,#5202,.T.);
#1796=ORIENTED_EDGE('',*,*,#5207,.F.);
#1797=ORIENTED_EDGE('',*,*,#5208,.F.);
#1798=ORIENTED_EDGE('',*,*,#5209,.T.);
#1799=ORIENTED_EDGE('',*,*,#5205,.T.);
#1800=ORIENTED_EDGE('',*,*,#5210,.T.);
#1801=ORIENTED_EDGE('',*,*,#5211,.F.);
#1802=ORIENTED_EDGE('',*,*,#5212,.F.);
#1803=ORIENTED_EDGE('',*,*,#5208,.T.);
#1804=ORIENTED_EDGE('',*,*,#5213,.F.);
#1805=ORIENTED_EDGE('',*,*,#5214,.F.);
#1806=ORIENTED_EDGE('',*,*,#5215,.T.);
#1807=ORIENTED_EDGE('',*,*,#5211,.T.);
#1808=ORIENTED_EDGE('',*,*,#5216,.T.);
#1809=ORIENTED_EDGE('',*,*,#5217,.F.);
#1810=ORIENTED_EDGE('',*,*,#5218,.F.);
#1811=ORIENTED_EDGE('',*,*,#5219,.T.);
#1812=ORIENTED_EDGE('',*,*,#5220,.T.);
#1813=ORIENTED_EDGE('',*,*,#5221,.F.);
#1814=ORIENTED_EDGE('',*,*,#5222,.F.);
#1815=ORIENTED_EDGE('',*,*,#5217,.T.);
#1816=ORIENTED_EDGE('',*,*,#5223,.F.);
#1817=ORIENTED_EDGE('',*,*,#5224,.F.);
#1818=ORIENTED_EDGE('',*,*,#5225,.T.);
#1819=ORIENTED_EDGE('',*,*,#5221,.T.);
#1820=ORIENTED_EDGE('',*,*,#5226,.T.);
#1821=ORIENTED_EDGE('',*,*,#5227,.F.);
#1822=ORIENTED_EDGE('',*,*,#5228,.F.);
#1823=ORIENTED_EDGE('',*,*,#5224,.T.);
#1824=ORIENTED_EDGE('',*,*,#5229,.F.);
#1825=ORIENTED_EDGE('',*,*,#5230,.F.);
#1826=ORIENTED_EDGE('',*,*,#5231,.T.);
#1827=ORIENTED_EDGE('',*,*,#5227,.T.);
#1828=ORIENTED_EDGE('',*,*,#5232,.T.);
#1829=ORIENTED_EDGE('',*,*,#5233,.F.);
#1830=ORIENTED_EDGE('',*,*,#5234,.F.);
#1831=ORIENTED_EDGE('',*,*,#5230,.T.);
#1832=ORIENTED_EDGE('',*,*,#5235,.T.);
#1833=ORIENTED_EDGE('',*,*,#5236,.F.);
#1834=ORIENTED_EDGE('',*,*,#5237,.F.);
#1835=ORIENTED_EDGE('',*,*,#5233,.T.);
#1836=ORIENTED_EDGE('',*,*,#5238,.T.);
#1837=ORIENTED_EDGE('',*,*,#5239,.F.);
#1838=ORIENTED_EDGE('',*,*,#5240,.F.);
#1839=ORIENTED_EDGE('',*,*,#5241,.T.);
#1840=ORIENTED_EDGE('',*,*,#5242,.T.);
#1841=ORIENTED_EDGE('',*,*,#5243,.F.);
#1842=ORIENTED_EDGE('',*,*,#5244,.F.);
#1843=ORIENTED_EDGE('',*,*,#5239,.T.);
#1844=ORIENTED_EDGE('',*,*,#5245,.T.);
#1845=ORIENTED_EDGE('',*,*,#5246,.F.);
#1846=ORIENTED_EDGE('',*,*,#5247,.F.);
#1847=ORIENTED_EDGE('',*,*,#5243,.T.);
#1848=ORIENTED_EDGE('',*,*,#5248,.T.);
#1849=ORIENTED_EDGE('',*,*,#5249,.F.);
#1850=ORIENTED_EDGE('',*,*,#5250,.F.);
#1851=ORIENTED_EDGE('',*,*,#5246,.T.);
#1852=ORIENTED_EDGE('',*,*,#5251,.F.);
#1853=ORIENTED_EDGE('',*,*,#5252,.F.);
#1854=ORIENTED_EDGE('',*,*,#5253,.T.);
#1855=ORIENTED_EDGE('',*,*,#5249,.T.);
#1856=ORIENTED_EDGE('',*,*,#5254,.T.);
#1857=ORIENTED_EDGE('',*,*,#5255,.F.);
#1858=ORIENTED_EDGE('',*,*,#5256,.F.);
#1859=ORIENTED_EDGE('',*,*,#5252,.T.);
#1860=ORIENTED_EDGE('',*,*,#5257,.F.);
#1861=ORIENTED_EDGE('',*,*,#5258,.F.);
#1862=ORIENTED_EDGE('',*,*,#5259,.T.);
#1863=ORIENTED_EDGE('',*,*,#5255,.T.);
#1864=ORIENTED_EDGE('',*,*,#5260,.T.);
#1865=ORIENTED_EDGE('',*,*,#5261,.F.);
#1866=ORIENTED_EDGE('',*,*,#5262,.F.);
#1867=ORIENTED_EDGE('',*,*,#5263,.T.);
#1868=ORIENTED_EDGE('',*,*,#5264,.T.);
#1869=ORIENTED_EDGE('',*,*,#5265,.F.);
#1870=ORIENTED_EDGE('',*,*,#5266,.F.);
#1871=ORIENTED_EDGE('',*,*,#5261,.T.);
#1872=ORIENTED_EDGE('',*,*,#5267,.F.);
#1873=ORIENTED_EDGE('',*,*,#5268,.F.);
#1874=ORIENTED_EDGE('',*,*,#5269,.T.);
#1875=ORIENTED_EDGE('',*,*,#5265,.T.);
#1876=ORIENTED_EDGE('',*,*,#5270,.T.);
#1877=ORIENTED_EDGE('',*,*,#5271,.F.);
#1878=ORIENTED_EDGE('',*,*,#5272,.F.);
#1879=ORIENTED_EDGE('',*,*,#5268,.T.);
#1880=ORIENTED_EDGE('',*,*,#5273,.F.);
#1881=ORIENTED_EDGE('',*,*,#5274,.F.);
#1882=ORIENTED_EDGE('',*,*,#5275,.T.);
#1883=ORIENTED_EDGE('',*,*,#5271,.T.);
#1884=ORIENTED_EDGE('',*,*,#5276,.T.);
#1885=ORIENTED_EDGE('',*,*,#5277,.F.);
#1886=ORIENTED_EDGE('',*,*,#5278,.F.);
#1887=ORIENTED_EDGE('',*,*,#5274,.T.);
#1888=ORIENTED_EDGE('',*,*,#5279,.T.);
#1889=ORIENTED_EDGE('',*,*,#5280,.F.);
#1890=ORIENTED_EDGE('',*,*,#5281,.F.);
#1891=ORIENTED_EDGE('',*,*,#5277,.T.);
#1892=ORIENTED_EDGE('',*,*,#5282,.T.);
#1893=ORIENTED_EDGE('',*,*,#5283,.F.);
#1894=ORIENTED_EDGE('',*,*,#5284,.F.);
#1895=ORIENTED_EDGE('',*,*,#5285,.T.);
#1896=ORIENTED_EDGE('',*,*,#5286,.T.);
#1897=ORIENTED_EDGE('',*,*,#5287,.F.);
#1898=ORIENTED_EDGE('',*,*,#5288,.F.);
#1899=ORIENTED_EDGE('',*,*,#5283,.T.);
#1900=ORIENTED_EDGE('',*,*,#5289,.T.);
#1901=ORIENTED_EDGE('',*,*,#5290,.F.);
#1902=ORIENTED_EDGE('',*,*,#5291,.F.);
#1903=ORIENTED_EDGE('',*,*,#5287,.T.);
#1904=ORIENTED_EDGE('',*,*,#5292,.T.);
#1905=ORIENTED_EDGE('',*,*,#5293,.F.);
#1906=ORIENTED_EDGE('',*,*,#5294,.F.);
#1907=ORIENTED_EDGE('',*,*,#5290,.T.);
#1908=ORIENTED_EDGE('',*,*,#5295,.F.);
#1909=ORIENTED_EDGE('',*,*,#5296,.F.);
#1910=ORIENTED_EDGE('',*,*,#5297,.T.);
#1911=ORIENTED_EDGE('',*,*,#5293,.T.);
#1912=ORIENTED_EDGE('',*,*,#5298,.T.);
#1913=ORIENTED_EDGE('',*,*,#5299,.F.);
#1914=ORIENTED_EDGE('',*,*,#5300,.F.);
#1915=ORIENTED_EDGE('',*,*,#5296,.T.);
#1916=ORIENTED_EDGE('',*,*,#5301,.F.);
#1917=ORIENTED_EDGE('',*,*,#5302,.F.);
#1918=ORIENTED_EDGE('',*,*,#5303,.T.);
#1919=ORIENTED_EDGE('',*,*,#5299,.T.);
#1920=ORIENTED_EDGE('',*,*,#5304,.T.);
#1921=ORIENTED_EDGE('',*,*,#5305,.F.);
#1922=ORIENTED_EDGE('',*,*,#5306,.F.);
#1923=ORIENTED_EDGE('',*,*,#5307,.T.);
#1924=ORIENTED_EDGE('',*,*,#5308,.T.);
#1925=ORIENTED_EDGE('',*,*,#5309,.F.);
#1926=ORIENTED_EDGE('',*,*,#5310,.F.);
#1927=ORIENTED_EDGE('',*,*,#5305,.T.);
#1928=ORIENTED_EDGE('',*,*,#5311,.F.);
#1929=ORIENTED_EDGE('',*,*,#5312,.F.);
#1930=ORIENTED_EDGE('',*,*,#5313,.T.);
#1931=ORIENTED_EDGE('',*,*,#5309,.T.);
#1932=ORIENTED_EDGE('',*,*,#5314,.T.);
#1933=ORIENTED_EDGE('',*,*,#5315,.F.);
#1934=ORIENTED_EDGE('',*,*,#5316,.F.);
#1935=ORIENTED_EDGE('',*,*,#5312,.T.);
#1936=ORIENTED_EDGE('',*,*,#5317,.F.);
#1937=ORIENTED_EDGE('',*,*,#5318,.F.);
#1938=ORIENTED_EDGE('',*,*,#5319,.T.);
#1939=ORIENTED_EDGE('',*,*,#5315,.T.);
#1940=ORIENTED_EDGE('',*,*,#5320,.T.);
#1941=ORIENTED_EDGE('',*,*,#5321,.F.);
#1942=ORIENTED_EDGE('',*,*,#5322,.F.);
#1943=ORIENTED_EDGE('',*,*,#5318,.T.);
#1944=ORIENTED_EDGE('',*,*,#5323,.T.);
#1945=ORIENTED_EDGE('',*,*,#5324,.F.);
#1946=ORIENTED_EDGE('',*,*,#5325,.F.);
#1947=ORIENTED_EDGE('',*,*,#5321,.T.);
#1948=ORIENTED_EDGE('',*,*,#5326,.F.);
#1949=ORIENTED_EDGE('',*,*,#5327,.F.);
#1950=ORIENTED_EDGE('',*,*,#5328,.T.);
#1951=ORIENTED_EDGE('',*,*,#5329,.T.);
#1952=ORIENTED_EDGE('',*,*,#5330,.T.);
#1953=ORIENTED_EDGE('',*,*,#5331,.F.);
#1954=ORIENTED_EDGE('',*,*,#5332,.F.);
#1955=ORIENTED_EDGE('',*,*,#5327,.T.);
#1956=ORIENTED_EDGE('',*,*,#5333,.F.);
#1957=ORIENTED_EDGE('',*,*,#5334,.F.);
#1958=ORIENTED_EDGE('',*,*,#5335,.T.);
#1959=ORIENTED_EDGE('',*,*,#5331,.T.);
#1960=ORIENTED_EDGE('',*,*,#5336,.T.);
#1961=ORIENTED_EDGE('',*,*,#5337,.F.);
#1962=ORIENTED_EDGE('',*,*,#5338,.F.);
#1963=ORIENTED_EDGE('',*,*,#5334,.T.);
#1964=ORIENTED_EDGE('',*,*,#5339,.T.);
#1965=ORIENTED_EDGE('',*,*,#5340,.F.);
#1966=ORIENTED_EDGE('',*,*,#5341,.F.);
#1967=ORIENTED_EDGE('',*,*,#5337,.T.);
#1968=ORIENTED_EDGE('',*,*,#5342,.T.);
#1969=ORIENTED_EDGE('',*,*,#5343,.F.);
#1970=ORIENTED_EDGE('',*,*,#5344,.F.);
#1971=ORIENTED_EDGE('',*,*,#5340,.T.);
#1972=ORIENTED_EDGE('',*,*,#5345,.T.);
#1973=ORIENTED_EDGE('',*,*,#5346,.F.);
#1974=ORIENTED_EDGE('',*,*,#5347,.F.);
#1975=ORIENTED_EDGE('',*,*,#5343,.T.);
#1976=ORIENTED_EDGE('',*,*,#5348,.F.);
#1977=ORIENTED_EDGE('',*,*,#5349,.F.);
#1978=ORIENTED_EDGE('',*,*,#5350,.T.);
#1979=ORIENTED_EDGE('',*,*,#5351,.T.);
#1980=ORIENTED_EDGE('',*,*,#5352,.T.);
#1981=ORIENTED_EDGE('',*,*,#5353,.F.);
#1982=ORIENTED_EDGE('',*,*,#5354,.F.);
#1983=ORIENTED_EDGE('',*,*,#5349,.T.);
#1984=ORIENTED_EDGE('',*,*,#5355,.T.);
#1985=ORIENTED_EDGE('',*,*,#5356,.F.);
#1986=ORIENTED_EDGE('',*,*,#5357,.F.);
#1987=ORIENTED_EDGE('',*,*,#5353,.T.);
#1988=ORIENTED_EDGE('',*,*,#5358,.T.);
#1989=ORIENTED_EDGE('',*,*,#5359,.F.);
#1990=ORIENTED_EDGE('',*,*,#5360,.F.);
#1991=ORIENTED_EDGE('',*,*,#5356,.T.);
#1992=ORIENTED_EDGE('',*,*,#5361,.T.);
#1993=ORIENTED_EDGE('',*,*,#5362,.F.);
#1994=ORIENTED_EDGE('',*,*,#5363,.F.);
#1995=ORIENTED_EDGE('',*,*,#5359,.T.);
#1996=ORIENTED_EDGE('',*,*,#5364,.T.);
#1997=ORIENTED_EDGE('',*,*,#5365,.F.);
#1998=ORIENTED_EDGE('',*,*,#5366,.F.);
#1999=ORIENTED_EDGE('',*,*,#5362,.T.);
#2000=ORIENTED_EDGE('',*,*,#5367,.F.);
#2001=ORIENTED_EDGE('',*,*,#5368,.F.);
#2002=ORIENTED_EDGE('',*,*,#5369,.T.);
#2003=ORIENTED_EDGE('',*,*,#5365,.T.);
#2004=ORIENTED_EDGE('',*,*,#5370,.F.);
#2005=ORIENTED_EDGE('',*,*,#5371,.F.);
#2006=ORIENTED_EDGE('',*,*,#5372,.T.);
#2007=ORIENTED_EDGE('',*,*,#5373,.T.);
#2008=ORIENTED_EDGE('',*,*,#5374,.T.);
#2009=ORIENTED_EDGE('',*,*,#5375,.F.);
#2010=ORIENTED_EDGE('',*,*,#5376,.F.);
#2011=ORIENTED_EDGE('',*,*,#5371,.T.);
#2012=ORIENTED_EDGE('',*,*,#5377,.T.);
#2013=ORIENTED_EDGE('',*,*,#5378,.F.);
#2014=ORIENTED_EDGE('',*,*,#5379,.F.);
#2015=ORIENTED_EDGE('',*,*,#5375,.T.);
#2016=ORIENTED_EDGE('',*,*,#5380,.T.);
#2017=ORIENTED_EDGE('',*,*,#5381,.F.);
#2018=ORIENTED_EDGE('',*,*,#5382,.F.);
#2019=ORIENTED_EDGE('',*,*,#5378,.T.);
#2020=ORIENTED_EDGE('',*,*,#5383,.T.);
#2021=ORIENTED_EDGE('',*,*,#5384,.F.);
#2022=ORIENTED_EDGE('',*,*,#5385,.F.);
#2023=ORIENTED_EDGE('',*,*,#5381,.T.);
#2024=ORIENTED_EDGE('',*,*,#5386,.T.);
#2025=ORIENTED_EDGE('',*,*,#5387,.F.);
#2026=ORIENTED_EDGE('',*,*,#5388,.F.);
#2027=ORIENTED_EDGE('',*,*,#5384,.T.);
#2028=ORIENTED_EDGE('',*,*,#5389,.F.);
#2029=ORIENTED_EDGE('',*,*,#5390,.F.);
#2030=ORIENTED_EDGE('',*,*,#5391,.T.);
#2031=ORIENTED_EDGE('',*,*,#5387,.T.);
#2032=ORIENTED_EDGE('',*,*,#5392,.T.);
#2033=ORIENTED_EDGE('',*,*,#5393,.F.);
#2034=ORIENTED_EDGE('',*,*,#5394,.F.);
#2035=ORIENTED_EDGE('',*,*,#5395,.T.);
#2036=ORIENTED_EDGE('',*,*,#5396,.T.);
#2037=ORIENTED_EDGE('',*,*,#5397,.F.);
#2038=ORIENTED_EDGE('',*,*,#5398,.F.);
#2039=ORIENTED_EDGE('',*,*,#5393,.T.);
#2040=ORIENTED_EDGE('',*,*,#5399,.T.);
#2041=ORIENTED_EDGE('',*,*,#5400,.F.);
#2042=ORIENTED_EDGE('',*,*,#5401,.F.);
#2043=ORIENTED_EDGE('',*,*,#5397,.T.);
#2044=ORIENTED_EDGE('',*,*,#5402,.T.);
#2045=ORIENTED_EDGE('',*,*,#5403,.F.);
#2046=ORIENTED_EDGE('',*,*,#5404,.F.);
#2047=ORIENTED_EDGE('',*,*,#5400,.T.);
#2048=ORIENTED_EDGE('',*,*,#5405,.F.);
#2049=ORIENTED_EDGE('',*,*,#5406,.F.);
#2050=ORIENTED_EDGE('',*,*,#5407,.T.);
#2051=ORIENTED_EDGE('',*,*,#5403,.T.);
#2052=ORIENTED_EDGE('',*,*,#5408,.T.);
#2053=ORIENTED_EDGE('',*,*,#5409,.F.);
#2054=ORIENTED_EDGE('',*,*,#5410,.F.);
#2055=ORIENTED_EDGE('',*,*,#5406,.T.);
#2056=ORIENTED_EDGE('',*,*,#5411,.F.);
#2057=ORIENTED_EDGE('',*,*,#5412,.F.);
#2058=ORIENTED_EDGE('',*,*,#5413,.T.);
#2059=ORIENTED_EDGE('',*,*,#5409,.T.);
#2060=ORIENTED_EDGE('',*,*,#5414,.T.);
#2061=ORIENTED_EDGE('',*,*,#5415,.F.);
#2062=ORIENTED_EDGE('',*,*,#5416,.F.);
#2063=ORIENTED_EDGE('',*,*,#5417,.T.);
#2064=ORIENTED_EDGE('',*,*,#5418,.T.);
#2065=ORIENTED_EDGE('',*,*,#5419,.F.);
#2066=ORIENTED_EDGE('',*,*,#5420,.F.);
#2067=ORIENTED_EDGE('',*,*,#5415,.T.);
#2068=ORIENTED_EDGE('',*,*,#5421,.F.);
#2069=ORIENTED_EDGE('',*,*,#5422,.F.);
#2070=ORIENTED_EDGE('',*,*,#5423,.T.);
#2071=ORIENTED_EDGE('',*,*,#5419,.T.);
#2072=ORIENTED_EDGE('',*,*,#5424,.T.);
#2073=ORIENTED_EDGE('',*,*,#5425,.F.);
#2074=ORIENTED_EDGE('',*,*,#5426,.F.);
#2075=ORIENTED_EDGE('',*,*,#5422,.T.);
#2076=ORIENTED_EDGE('',*,*,#5427,.F.);
#2077=ORIENTED_EDGE('',*,*,#5428,.F.);
#2078=ORIENTED_EDGE('',*,*,#5429,.T.);
#2079=ORIENTED_EDGE('',*,*,#5425,.T.);
#2080=ORIENTED_EDGE('',*,*,#5430,.T.);
#2081=ORIENTED_EDGE('',*,*,#5431,.F.);
#2082=ORIENTED_EDGE('',*,*,#5432,.F.);
#2083=ORIENTED_EDGE('',*,*,#5428,.T.);
#2084=ORIENTED_EDGE('',*,*,#5433,.T.);
#2085=ORIENTED_EDGE('',*,*,#5434,.F.);
#2086=ORIENTED_EDGE('',*,*,#5435,.F.);
#2087=ORIENTED_EDGE('',*,*,#5431,.T.);
#2088=ORIENTED_EDGE('',*,*,#5436,.F.);
#2089=ORIENTED_EDGE('',*,*,#5437,.F.);
#2090=ORIENTED_EDGE('',*,*,#5438,.T.);
#2091=ORIENTED_EDGE('',*,*,#5439,.T.);
#2092=ORIENTED_EDGE('',*,*,#5440,.T.);
#2093=ORIENTED_EDGE('',*,*,#5441,.F.);
#2094=ORIENTED_EDGE('',*,*,#5442,.F.);
#2095=ORIENTED_EDGE('',*,*,#5437,.T.);
#2096=ORIENTED_EDGE('',*,*,#5443,.T.);
#2097=ORIENTED_EDGE('',*,*,#5444,.F.);
#2098=ORIENTED_EDGE('',*,*,#5445,.F.);
#2099=ORIENTED_EDGE('',*,*,#5441,.T.);
#2100=ORIENTED_EDGE('',*,*,#5446,.T.);
#2101=ORIENTED_EDGE('',*,*,#5447,.F.);
#2102=ORIENTED_EDGE('',*,*,#5448,.F.);
#2103=ORIENTED_EDGE('',*,*,#5444,.T.);
#2104=ORIENTED_EDGE('',*,*,#5449,.T.);
#2105=ORIENTED_EDGE('',*,*,#5450,.F.);
#2106=ORIENTED_EDGE('',*,*,#5451,.F.);
#2107=ORIENTED_EDGE('',*,*,#5447,.T.);
#2108=ORIENTED_EDGE('',*,*,#5452,.T.);
#2109=ORIENTED_EDGE('',*,*,#5453,.F.);
#2110=ORIENTED_EDGE('',*,*,#5454,.F.);
#2111=ORIENTED_EDGE('',*,*,#5450,.T.);
#2112=ORIENTED_EDGE('',*,*,#5455,.T.);
#2113=ORIENTED_EDGE('',*,*,#5456,.F.);
#2114=ORIENTED_EDGE('',*,*,#5457,.F.);
#2115=ORIENTED_EDGE('',*,*,#5453,.T.);
#2116=ORIENTED_EDGE('',*,*,#5458,.F.);
#2117=ORIENTED_EDGE('',*,*,#5459,.F.);
#2118=ORIENTED_EDGE('',*,*,#5460,.T.);
#2119=ORIENTED_EDGE('',*,*,#5461,.T.);
#2120=ORIENTED_EDGE('',*,*,#5462,.T.);
#2121=ORIENTED_EDGE('',*,*,#5463,.F.);
#2122=ORIENTED_EDGE('',*,*,#5464,.F.);
#2123=ORIENTED_EDGE('',*,*,#5459,.T.);
#2124=ORIENTED_EDGE('',*,*,#5465,.F.);
#2125=ORIENTED_EDGE('',*,*,#5466,.F.);
#2126=ORIENTED_EDGE('',*,*,#5467,.T.);
#2127=ORIENTED_EDGE('',*,*,#5463,.T.);
#2128=ORIENTED_EDGE('',*,*,#5468,.T.);
#2129=ORIENTED_EDGE('',*,*,#5469,.F.);
#2130=ORIENTED_EDGE('',*,*,#5470,.F.);
#2131=ORIENTED_EDGE('',*,*,#5466,.T.);
#2132=ORIENTED_EDGE('',*,*,#5471,.F.);
#2133=ORIENTED_EDGE('',*,*,#5472,.F.);
#2134=ORIENTED_EDGE('',*,*,#5473,.T.);
#2135=ORIENTED_EDGE('',*,*,#5469,.T.);
#2136=ORIENTED_EDGE('',*,*,#5474,.T.);
#2137=ORIENTED_EDGE('',*,*,#5475,.F.);
#2138=ORIENTED_EDGE('',*,*,#5476,.F.);
#2139=ORIENTED_EDGE('',*,*,#5472,.T.);
#2140=ORIENTED_EDGE('',*,*,#5477,.T.);
#2141=ORIENTED_EDGE('',*,*,#5478,.F.);
#2142=ORIENTED_EDGE('',*,*,#5479,.F.);
#2143=ORIENTED_EDGE('',*,*,#5475,.T.);
#2144=ORIENTED_EDGE('',*,*,#5480,.F.);
#2145=ORIENTED_EDGE('',*,*,#5481,.F.);
#2146=ORIENTED_EDGE('',*,*,#5482,.T.);
#2147=ORIENTED_EDGE('',*,*,#5483,.T.);
#2148=ORIENTED_EDGE('',*,*,#5484,.T.);
#2149=ORIENTED_EDGE('',*,*,#5485,.F.);
#2150=ORIENTED_EDGE('',*,*,#5486,.F.);
#2151=ORIENTED_EDGE('',*,*,#5481,.T.);
#2152=ORIENTED_EDGE('',*,*,#5487,.T.);
#2153=ORIENTED_EDGE('',*,*,#5488,.F.);
#2154=ORIENTED_EDGE('',*,*,#5489,.F.);
#2155=ORIENTED_EDGE('',*,*,#5485,.T.);
#2156=ORIENTED_EDGE('',*,*,#5490,.T.);
#2157=ORIENTED_EDGE('',*,*,#5491,.F.);
#2158=ORIENTED_EDGE('',*,*,#5492,.F.);
#2159=ORIENTED_EDGE('',*,*,#5488,.T.);
#2160=ORIENTED_EDGE('',*,*,#5493,.T.);
#2161=ORIENTED_EDGE('',*,*,#5494,.F.);
#2162=ORIENTED_EDGE('',*,*,#5495,.F.);
#2163=ORIENTED_EDGE('',*,*,#5491,.T.);
#2164=ORIENTED_EDGE('',*,*,#5496,.T.);
#2165=ORIENTED_EDGE('',*,*,#5497,.F.);
#2166=ORIENTED_EDGE('',*,*,#5498,.F.);
#2167=ORIENTED_EDGE('',*,*,#5494,.T.);
#2168=ORIENTED_EDGE('',*,*,#5499,.F.);
#2169=ORIENTED_EDGE('',*,*,#5500,.F.);
#2170=ORIENTED_EDGE('',*,*,#5501,.T.);
#2171=ORIENTED_EDGE('',*,*,#5497,.T.);
#2172=ORIENTED_EDGE('',*,*,#5502,.F.);
#2173=ORIENTED_EDGE('',*,*,#5503,.F.);
#2174=ORIENTED_EDGE('',*,*,#5504,.T.);
#2175=ORIENTED_EDGE('',*,*,#5505,.T.);
#2176=ORIENTED_EDGE('',*,*,#5506,.T.);
#2177=ORIENTED_EDGE('',*,*,#5507,.F.);
#2178=ORIENTED_EDGE('',*,*,#5508,.F.);
#2179=ORIENTED_EDGE('',*,*,#5503,.T.);
#2180=ORIENTED_EDGE('',*,*,#5509,.F.);
#2181=ORIENTED_EDGE('',*,*,#5510,.F.);
#2182=ORIENTED_EDGE('',*,*,#5511,.T.);
#2183=ORIENTED_EDGE('',*,*,#5507,.T.);
#2184=ORIENTED_EDGE('',*,*,#5512,.T.);
#2185=ORIENTED_EDGE('',*,*,#5513,.F.);
#2186=ORIENTED_EDGE('',*,*,#5514,.F.);
#2187=ORIENTED_EDGE('',*,*,#5510,.T.);
#2188=ORIENTED_EDGE('',*,*,#5515,.F.);
#2189=ORIENTED_EDGE('',*,*,#5516,.F.);
#2190=ORIENTED_EDGE('',*,*,#5517,.T.);
#2191=ORIENTED_EDGE('',*,*,#5513,.T.);
#2192=ORIENTED_EDGE('',*,*,#5518,.T.);
#2193=ORIENTED_EDGE('',*,*,#5519,.F.);
#2194=ORIENTED_EDGE('',*,*,#5520,.F.);
#2195=ORIENTED_EDGE('',*,*,#5516,.T.);
#2196=ORIENTED_EDGE('',*,*,#5521,.T.);
#2197=ORIENTED_EDGE('',*,*,#5522,.F.);
#2198=ORIENTED_EDGE('',*,*,#5523,.F.);
#2199=ORIENTED_EDGE('',*,*,#5519,.T.);
#2200=ORIENTED_EDGE('',*,*,#5524,.F.);
#2201=ORIENTED_EDGE('',*,*,#5525,.F.);
#2202=ORIENTED_EDGE('',*,*,#5526,.T.);
#2203=ORIENTED_EDGE('',*,*,#5527,.T.);
#2204=ORIENTED_EDGE('',*,*,#5528,.T.);
#2205=ORIENTED_EDGE('',*,*,#5529,.F.);
#2206=ORIENTED_EDGE('',*,*,#5530,.F.);
#2207=ORIENTED_EDGE('',*,*,#5525,.T.);
#2208=ORIENTED_EDGE('',*,*,#5531,.T.);
#2209=ORIENTED_EDGE('',*,*,#5532,.F.);
#2210=ORIENTED_EDGE('',*,*,#5533,.F.);
#2211=ORIENTED_EDGE('',*,*,#5529,.T.);
#2212=ORIENTED_EDGE('',*,*,#5534,.T.);
#2213=ORIENTED_EDGE('',*,*,#5535,.F.);
#2214=ORIENTED_EDGE('',*,*,#5536,.F.);
#2215=ORIENTED_EDGE('',*,*,#5532,.T.);
#2216=ORIENTED_EDGE('',*,*,#5537,.T.);
#2217=ORIENTED_EDGE('',*,*,#5538,.F.);
#2218=ORIENTED_EDGE('',*,*,#5539,.F.);
#2219=ORIENTED_EDGE('',*,*,#5535,.T.);
#2220=ORIENTED_EDGE('',*,*,#5540,.T.);
#2221=ORIENTED_EDGE('',*,*,#5541,.F.);
#2222=ORIENTED_EDGE('',*,*,#5542,.F.);
#2223=ORIENTED_EDGE('',*,*,#5538,.T.);
#2224=ORIENTED_EDGE('',*,*,#5543,.F.);
#2225=ORIENTED_EDGE('',*,*,#5544,.F.);
#2226=ORIENTED_EDGE('',*,*,#5545,.T.);
#2227=ORIENTED_EDGE('',*,*,#5541,.T.);
#2228=ORIENTED_EDGE('',*,*,#5546,.F.);
#2229=ORIENTED_EDGE('',*,*,#5547,.F.);
#2230=ORIENTED_EDGE('',*,*,#5548,.T.);
#2231=ORIENTED_EDGE('',*,*,#5549,.T.);
#2232=ORIENTED_EDGE('',*,*,#5550,.T.);
#2233=ORIENTED_EDGE('',*,*,#5551,.F.);
#2234=ORIENTED_EDGE('',*,*,#5552,.F.);
#2235=ORIENTED_EDGE('',*,*,#5547,.T.);
#2236=ORIENTED_EDGE('',*,*,#5553,.F.);
#2237=ORIENTED_EDGE('',*,*,#5554,.F.);
#2238=ORIENTED_EDGE('',*,*,#5555,.T.);
#2239=ORIENTED_EDGE('',*,*,#5551,.T.);
#2240=ORIENTED_EDGE('',*,*,#5556,.T.);
#2241=ORIENTED_EDGE('',*,*,#5557,.F.);
#2242=ORIENTED_EDGE('',*,*,#5558,.F.);
#2243=ORIENTED_EDGE('',*,*,#5554,.T.);
#2244=ORIENTED_EDGE('',*,*,#5559,.T.);
#2245=ORIENTED_EDGE('',*,*,#5560,.F.);
#2246=ORIENTED_EDGE('',*,*,#5561,.F.);
#2247=ORIENTED_EDGE('',*,*,#5557,.T.);
#2248=ORIENTED_EDGE('',*,*,#5562,.T.);
#2249=ORIENTED_EDGE('',*,*,#5563,.F.);
#2250=ORIENTED_EDGE('',*,*,#5564,.F.);
#2251=ORIENTED_EDGE('',*,*,#5560,.T.);
#2252=ORIENTED_EDGE('',*,*,#5565,.T.);
#2253=ORIENTED_EDGE('',*,*,#5566,.F.);
#2254=ORIENTED_EDGE('',*,*,#5567,.F.);
#2255=ORIENTED_EDGE('',*,*,#5563,.T.);
#2256=ORIENTED_EDGE('',*,*,#5568,.T.);
#2257=ORIENTED_EDGE('',*,*,#5569,.F.);
#2258=ORIENTED_EDGE('',*,*,#5570,.F.);
#2259=ORIENTED_EDGE('',*,*,#5571,.T.);
#2260=ORIENTED_EDGE('',*,*,#5572,.T.);
#2261=ORIENTED_EDGE('',*,*,#5573,.F.);
#2262=ORIENTED_EDGE('',*,*,#5574,.F.);
#2263=ORIENTED_EDGE('',*,*,#5569,.T.);
#2264=ORIENTED_EDGE('',*,*,#5575,.F.);
#2265=ORIENTED_EDGE('',*,*,#5576,.F.);
#2266=ORIENTED_EDGE('',*,*,#5577,.T.);
#2267=ORIENTED_EDGE('',*,*,#5573,.T.);
#2268=ORIENTED_EDGE('',*,*,#5578,.T.);
#2269=ORIENTED_EDGE('',*,*,#5579,.F.);
#2270=ORIENTED_EDGE('',*,*,#5580,.F.);
#2271=ORIENTED_EDGE('',*,*,#5576,.T.);
#2272=ORIENTED_EDGE('',*,*,#5581,.F.);
#2273=ORIENTED_EDGE('',*,*,#5582,.F.);
#2274=ORIENTED_EDGE('',*,*,#5583,.T.);
#2275=ORIENTED_EDGE('',*,*,#5579,.T.);
#2276=ORIENTED_EDGE('',*,*,#5584,.T.);
#2277=ORIENTED_EDGE('',*,*,#5585,.F.);
#2278=ORIENTED_EDGE('',*,*,#5586,.F.);
#2279=ORIENTED_EDGE('',*,*,#5582,.T.);
#2280=ORIENTED_EDGE('',*,*,#5587,.T.);
#2281=ORIENTED_EDGE('',*,*,#5588,.F.);
#2282=ORIENTED_EDGE('',*,*,#5589,.F.);
#2283=ORIENTED_EDGE('',*,*,#5585,.T.);
#2284=ORIENTED_EDGE('',*,*,#5590,.F.);
#2285=ORIENTED_EDGE('',*,*,#5591,.F.);
#2286=ORIENTED_EDGE('',*,*,#5592,.T.);
#2287=ORIENTED_EDGE('',*,*,#5593,.T.);
#2288=ORIENTED_EDGE('',*,*,#5594,.T.);
#2289=ORIENTED_EDGE('',*,*,#5595,.F.);
#2290=ORIENTED_EDGE('',*,*,#5596,.F.);
#2291=ORIENTED_EDGE('',*,*,#5591,.T.);
#2292=ORIENTED_EDGE('',*,*,#5597,.F.);
#2293=ORIENTED_EDGE('',*,*,#5598,.F.);
#2294=ORIENTED_EDGE('',*,*,#5599,.T.);
#2295=ORIENTED_EDGE('',*,*,#5595,.T.);
#2296=ORIENTED_EDGE('',*,*,#5600,.T.);
#2297=ORIENTED_EDGE('',*,*,#5601,.F.);
#2298=ORIENTED_EDGE('',*,*,#5602,.F.);
#2299=ORIENTED_EDGE('',*,*,#5598,.T.);
#2300=ORIENTED_EDGE('',*,*,#5603,.T.);
#2301=ORIENTED_EDGE('',*,*,#5604,.F.);
#2302=ORIENTED_EDGE('',*,*,#5605,.F.);
#2303=ORIENTED_EDGE('',*,*,#5601,.T.);
#2304=ORIENTED_EDGE('',*,*,#5606,.T.);
#2305=ORIENTED_EDGE('',*,*,#5607,.F.);
#2306=ORIENTED_EDGE('',*,*,#5608,.F.);
#2307=ORIENTED_EDGE('',*,*,#5604,.T.);
#2308=ORIENTED_EDGE('',*,*,#5609,.T.);
#2309=ORIENTED_EDGE('',*,*,#5610,.F.);
#2310=ORIENTED_EDGE('',*,*,#5611,.F.);
#2311=ORIENTED_EDGE('',*,*,#5607,.T.);
#2312=ORIENTED_EDGE('',*,*,#5612,.F.);
#2313=ORIENTED_EDGE('',*,*,#5613,.F.);
#2314=ORIENTED_EDGE('',*,*,#5614,.T.);
#2315=ORIENTED_EDGE('',*,*,#5615,.T.);
#2316=ORIENTED_EDGE('',*,*,#5616,.T.);
#2317=ORIENTED_EDGE('',*,*,#5617,.F.);
#2318=ORIENTED_EDGE('',*,*,#5618,.F.);
#2319=ORIENTED_EDGE('',*,*,#5613,.T.);
#2320=ORIENTED_EDGE('',*,*,#5619,.T.);
#2321=ORIENTED_EDGE('',*,*,#5620,.F.);
#2322=ORIENTED_EDGE('',*,*,#5621,.F.);
#2323=ORIENTED_EDGE('',*,*,#5617,.T.);
#2324=ORIENTED_EDGE('',*,*,#5622,.T.);
#2325=ORIENTED_EDGE('',*,*,#5623,.F.);
#2326=ORIENTED_EDGE('',*,*,#5624,.F.);
#2327=ORIENTED_EDGE('',*,*,#5620,.T.);
#2328=ORIENTED_EDGE('',*,*,#5625,.T.);
#2329=ORIENTED_EDGE('',*,*,#5626,.F.);
#2330=ORIENTED_EDGE('',*,*,#5627,.F.);
#2331=ORIENTED_EDGE('',*,*,#5623,.T.);
#2332=ORIENTED_EDGE('',*,*,#5628,.T.);
#2333=ORIENTED_EDGE('',*,*,#5629,.F.);
#2334=ORIENTED_EDGE('',*,*,#5630,.F.);
#2335=ORIENTED_EDGE('',*,*,#5626,.T.);
#2336=ORIENTED_EDGE('',*,*,#5631,.F.);
#2337=ORIENTED_EDGE('',*,*,#5632,.F.);
#2338=ORIENTED_EDGE('',*,*,#5633,.T.);
#2339=ORIENTED_EDGE('',*,*,#5629,.T.);
#2340=ORIENTED_EDGE('',*,*,#5634,.F.);
#2341=ORIENTED_EDGE('',*,*,#5635,.F.);
#2342=ORIENTED_EDGE('',*,*,#5636,.T.);
#2343=ORIENTED_EDGE('',*,*,#5637,.T.);
#2344=ORIENTED_EDGE('',*,*,#5638,.T.);
#2345=ORIENTED_EDGE('',*,*,#5639,.F.);
#2346=ORIENTED_EDGE('',*,*,#5640,.F.);
#2347=ORIENTED_EDGE('',*,*,#5635,.T.);
#2348=ORIENTED_EDGE('',*,*,#5641,.F.);
#2349=ORIENTED_EDGE('',*,*,#5642,.F.);
#2350=ORIENTED_EDGE('',*,*,#5643,.T.);
#2351=ORIENTED_EDGE('',*,*,#5639,.T.);
#2352=ORIENTED_EDGE('',*,*,#5644,.T.);
#2353=ORIENTED_EDGE('',*,*,#5645,.F.);
#2354=ORIENTED_EDGE('',*,*,#5646,.F.);
#2355=ORIENTED_EDGE('',*,*,#5642,.T.);
#2356=ORIENTED_EDGE('',*,*,#5647,.T.);
#2357=ORIENTED_EDGE('',*,*,#5648,.F.);
#2358=ORIENTED_EDGE('',*,*,#5649,.F.);
#2359=ORIENTED_EDGE('',*,*,#5645,.T.);
#2360=ORIENTED_EDGE('',*,*,#5650,.T.);
#2361=ORIENTED_EDGE('',*,*,#5651,.F.);
#2362=ORIENTED_EDGE('',*,*,#5652,.F.);
#2363=ORIENTED_EDGE('',*,*,#5648,.T.);
#2364=ORIENTED_EDGE('',*,*,#5653,.T.);
#2365=ORIENTED_EDGE('',*,*,#5654,.F.);
#2366=ORIENTED_EDGE('',*,*,#5655,.F.);
#2367=ORIENTED_EDGE('',*,*,#5651,.T.);
#2368=ORIENTED_EDGE('',*,*,#5656,.T.);
#2369=ORIENTED_EDGE('',*,*,#5657,.F.);
#2370=ORIENTED_EDGE('',*,*,#5658,.F.);
#2371=ORIENTED_EDGE('',*,*,#5659,.T.);
#2372=ORIENTED_EDGE('',*,*,#5660,.T.);
#2373=ORIENTED_EDGE('',*,*,#5661,.F.);
#2374=ORIENTED_EDGE('',*,*,#5662,.F.);
#2375=ORIENTED_EDGE('',*,*,#5657,.T.);
#2376=ORIENTED_EDGE('',*,*,#5663,.F.);
#2377=ORIENTED_EDGE('',*,*,#5664,.F.);
#2378=ORIENTED_EDGE('',*,*,#5665,.T.);
#2379=ORIENTED_EDGE('',*,*,#5661,.T.);
#2380=ORIENTED_EDGE('',*,*,#5666,.T.);
#2381=ORIENTED_EDGE('',*,*,#5667,.F.);
#2382=ORIENTED_EDGE('',*,*,#5668,.F.);
#2383=ORIENTED_EDGE('',*,*,#5664,.T.);
#2384=ORIENTED_EDGE('',*,*,#5669,.F.);
#2385=ORIENTED_EDGE('',*,*,#5670,.F.);
#2386=ORIENTED_EDGE('',*,*,#5671,.T.);
#2387=ORIENTED_EDGE('',*,*,#5667,.T.);
#2388=ORIENTED_EDGE('',*,*,#5672,.T.);
#2389=ORIENTED_EDGE('',*,*,#5673,.F.);
#2390=ORIENTED_EDGE('',*,*,#5674,.F.);
#2391=ORIENTED_EDGE('',*,*,#5670,.T.);
#2392=ORIENTED_EDGE('',*,*,#5675,.T.);
#2393=ORIENTED_EDGE('',*,*,#5676,.F.);
#2394=ORIENTED_EDGE('',*,*,#5677,.F.);
#2395=ORIENTED_EDGE('',*,*,#5673,.T.);
#2396=ORIENTED_EDGE('',*,*,#5678,.F.);
#2397=ORIENTED_EDGE('',*,*,#5679,.F.);
#2398=ORIENTED_EDGE('',*,*,#5680,.T.);
#2399=ORIENTED_EDGE('',*,*,#5681,.T.);
#2400=ORIENTED_EDGE('',*,*,#5682,.T.);
#2401=ORIENTED_EDGE('',*,*,#5683,.F.);
#2402=ORIENTED_EDGE('',*,*,#5684,.F.);
#2403=ORIENTED_EDGE('',*,*,#5679,.T.);
#2404=ORIENTED_EDGE('',*,*,#5685,.F.);
#2405=ORIENTED_EDGE('',*,*,#5686,.F.);
#2406=ORIENTED_EDGE('',*,*,#5687,.T.);
#2407=ORIENTED_EDGE('',*,*,#5683,.T.);
#2408=ORIENTED_EDGE('',*,*,#5688,.T.);
#2409=ORIENTED_EDGE('',*,*,#5689,.F.);
#2410=ORIENTED_EDGE('',*,*,#5690,.F.);
#2411=ORIENTED_EDGE('',*,*,#5686,.T.);
#2412=ORIENTED_EDGE('',*,*,#5691,.T.);
#2413=ORIENTED_EDGE('',*,*,#5692,.F.);
#2414=ORIENTED_EDGE('',*,*,#5693,.F.);
#2415=ORIENTED_EDGE('',*,*,#5689,.T.);
#2416=ORIENTED_EDGE('',*,*,#5694,.T.);
#2417=ORIENTED_EDGE('',*,*,#5695,.F.);
#2418=ORIENTED_EDGE('',*,*,#5696,.F.);
#2419=ORIENTED_EDGE('',*,*,#5692,.T.);
#2420=ORIENTED_EDGE('',*,*,#5697,.T.);
#2421=ORIENTED_EDGE('',*,*,#5698,.F.);
#2422=ORIENTED_EDGE('',*,*,#5699,.F.);
#2423=ORIENTED_EDGE('',*,*,#5695,.T.);
#2424=ORIENTED_EDGE('',*,*,#5700,.T.);
#2425=ORIENTED_EDGE('',*,*,#5701,.F.);
#2426=ORIENTED_EDGE('',*,*,#5702,.F.);
#2427=ORIENTED_EDGE('',*,*,#5703,.T.);
#2428=ORIENTED_EDGE('',*,*,#5704,.T.);
#2429=ORIENTED_EDGE('',*,*,#5705,.F.);
#2430=ORIENTED_EDGE('',*,*,#5706,.F.);
#2431=ORIENTED_EDGE('',*,*,#5701,.T.);
#2432=ORIENTED_EDGE('',*,*,#5707,.T.);
#2433=ORIENTED_EDGE('',*,*,#5708,.F.);
#2434=ORIENTED_EDGE('',*,*,#5709,.F.);
#2435=ORIENTED_EDGE('',*,*,#5705,.T.);
#2436=ORIENTED_EDGE('',*,*,#5710,.T.);
#2437=ORIENTED_EDGE('',*,*,#5711,.F.);
#2438=ORIENTED_EDGE('',*,*,#5712,.F.);
#2439=ORIENTED_EDGE('',*,*,#5708,.T.);
#2440=ORIENTED_EDGE('',*,*,#5713,.F.);
#2441=ORIENTED_EDGE('',*,*,#5714,.F.);
#2442=ORIENTED_EDGE('',*,*,#5715,.T.);
#2443=ORIENTED_EDGE('',*,*,#5711,.T.);
#2444=ORIENTED_EDGE('',*,*,#5716,.T.);
#2445=ORIENTED_EDGE('',*,*,#5717,.F.);
#2446=ORIENTED_EDGE('',*,*,#5718,.F.);
#2447=ORIENTED_EDGE('',*,*,#5714,.T.);
#2448=ORIENTED_EDGE('',*,*,#5719,.F.);
#2449=ORIENTED_EDGE('',*,*,#5720,.F.);
#2450=ORIENTED_EDGE('',*,*,#5721,.T.);
#2451=ORIENTED_EDGE('',*,*,#5717,.T.);
#2452=ORIENTED_EDGE('',*,*,#5722,.T.);
#2453=ORIENTED_EDGE('',*,*,#5723,.F.);
#2454=ORIENTED_EDGE('',*,*,#5724,.F.);
#2455=ORIENTED_EDGE('',*,*,#5725,.T.);
#2456=ORIENTED_EDGE('',*,*,#5726,.T.);
#2457=ORIENTED_EDGE('',*,*,#5727,.F.);
#2458=ORIENTED_EDGE('',*,*,#5728,.F.);
#2459=ORIENTED_EDGE('',*,*,#5723,.T.);
#2460=ORIENTED_EDGE('',*,*,#5729,.F.);
#2461=ORIENTED_EDGE('',*,*,#5730,.F.);
#2462=ORIENTED_EDGE('',*,*,#5731,.T.);
#2463=ORIENTED_EDGE('',*,*,#5727,.T.);
#2464=ORIENTED_EDGE('',*,*,#5732,.T.);
#2465=ORIENTED_EDGE('',*,*,#5733,.F.);
#2466=ORIENTED_EDGE('',*,*,#5734,.F.);
#2467=ORIENTED_EDGE('',*,*,#5730,.T.);
#2468=ORIENTED_EDGE('',*,*,#5735,.F.);
#2469=ORIENTED_EDGE('',*,*,#5736,.F.);
#2470=ORIENTED_EDGE('',*,*,#5737,.T.);
#2471=ORIENTED_EDGE('',*,*,#5733,.T.);
#2472=ORIENTED_EDGE('',*,*,#5738,.T.);
#2473=ORIENTED_EDGE('',*,*,#5739,.F.);
#2474=ORIENTED_EDGE('',*,*,#5740,.F.);
#2475=ORIENTED_EDGE('',*,*,#5736,.T.);
#2476=ORIENTED_EDGE('',*,*,#5741,.T.);
#2477=ORIENTED_EDGE('',*,*,#5742,.F.);
#2478=ORIENTED_EDGE('',*,*,#5743,.F.);
#2479=ORIENTED_EDGE('',*,*,#5739,.T.);
#2480=ORIENTED_EDGE('',*,*,#5744,.T.);
#2481=ORIENTED_EDGE('',*,*,#5745,.F.);
#2482=ORIENTED_EDGE('',*,*,#5746,.F.);
#2483=ORIENTED_EDGE('',*,*,#5747,.T.);
#2484=ORIENTED_EDGE('',*,*,#5748,.T.);
#2485=ORIENTED_EDGE('',*,*,#5749,.F.);
#2486=ORIENTED_EDGE('',*,*,#5750,.F.);
#2487=ORIENTED_EDGE('',*,*,#5745,.T.);
#2488=ORIENTED_EDGE('',*,*,#5751,.T.);
#2489=ORIENTED_EDGE('',*,*,#5752,.F.);
#2490=ORIENTED_EDGE('',*,*,#5753,.F.);
#2491=ORIENTED_EDGE('',*,*,#5749,.T.);
#2492=ORIENTED_EDGE('',*,*,#5754,.T.);
#2493=ORIENTED_EDGE('',*,*,#5755,.F.);
#2494=ORIENTED_EDGE('',*,*,#5756,.F.);
#2495=ORIENTED_EDGE('',*,*,#5752,.T.);
#2496=ORIENTED_EDGE('',*,*,#5757,.F.);
#2497=ORIENTED_EDGE('',*,*,#5758,.F.);
#2498=ORIENTED_EDGE('',*,*,#5759,.T.);
#2499=ORIENTED_EDGE('',*,*,#5755,.T.);
#2500=ORIENTED_EDGE('',*,*,#5760,.T.);
#2501=ORIENTED_EDGE('',*,*,#5761,.F.);
#2502=ORIENTED_EDGE('',*,*,#5762,.F.);
#2503=ORIENTED_EDGE('',*,*,#5758,.T.);
#2504=ORIENTED_EDGE('',*,*,#5763,.F.);
#2505=ORIENTED_EDGE('',*,*,#5764,.F.);
#2506=ORIENTED_EDGE('',*,*,#5765,.T.);
#2507=ORIENTED_EDGE('',*,*,#5761,.T.);
#2508=ORIENTED_EDGE('',*,*,#5766,.T.);
#2509=ORIENTED_EDGE('',*,*,#5767,.F.);
#2510=ORIENTED_EDGE('',*,*,#5768,.F.);
#2511=ORIENTED_EDGE('',*,*,#5769,.T.);
#2512=ORIENTED_EDGE('',*,*,#5770,.T.);
#2513=ORIENTED_EDGE('',*,*,#5771,.F.);
#2514=ORIENTED_EDGE('',*,*,#5772,.F.);
#2515=ORIENTED_EDGE('',*,*,#5767,.T.);
#2516=ORIENTED_EDGE('',*,*,#5773,.F.);
#2517=ORIENTED_EDGE('',*,*,#5774,.F.);
#2518=ORIENTED_EDGE('',*,*,#5775,.T.);
#2519=ORIENTED_EDGE('',*,*,#5771,.T.);
#2520=ORIENTED_EDGE('',*,*,#5776,.T.);
#2521=ORIENTED_EDGE('',*,*,#5777,.F.);
#2522=ORIENTED_EDGE('',*,*,#5778,.F.);
#2523=ORIENTED_EDGE('',*,*,#5774,.T.);
#2524=ORIENTED_EDGE('',*,*,#5779,.F.);
#2525=ORIENTED_EDGE('',*,*,#5780,.F.);
#2526=ORIENTED_EDGE('',*,*,#5781,.T.);
#2527=ORIENTED_EDGE('',*,*,#5777,.T.);
#2528=ORIENTED_EDGE('',*,*,#5782,.T.);
#2529=ORIENTED_EDGE('',*,*,#5783,.F.);
#2530=ORIENTED_EDGE('',*,*,#5784,.F.);
#2531=ORIENTED_EDGE('',*,*,#5780,.T.);
#2532=ORIENTED_EDGE('',*,*,#5785,.T.);
#2533=ORIENTED_EDGE('',*,*,#5786,.F.);
#2534=ORIENTED_EDGE('',*,*,#5787,.F.);
#2535=ORIENTED_EDGE('',*,*,#5783,.T.);
#2536=ORIENTED_EDGE('',*,*,#5788,.T.);
#2537=ORIENTED_EDGE('',*,*,#5789,.F.);
#2538=ORIENTED_EDGE('',*,*,#5790,.F.);
#2539=ORIENTED_EDGE('',*,*,#5791,.T.);
#2540=ORIENTED_EDGE('',*,*,#5792,.T.);
#2541=ORIENTED_EDGE('',*,*,#5793,.F.);
#2542=ORIENTED_EDGE('',*,*,#5794,.F.);
#2543=ORIENTED_EDGE('',*,*,#5789,.T.);
#2544=ORIENTED_EDGE('',*,*,#5795,.T.);
#2545=ORIENTED_EDGE('',*,*,#5796,.F.);
#2546=ORIENTED_EDGE('',*,*,#5797,.F.);
#2547=ORIENTED_EDGE('',*,*,#5793,.T.);
#2548=ORIENTED_EDGE('',*,*,#5798,.T.);
#2549=ORIENTED_EDGE('',*,*,#5799,.F.);
#2550=ORIENTED_EDGE('',*,*,#5800,.F.);
#2551=ORIENTED_EDGE('',*,*,#5796,.T.);
#2552=ORIENTED_EDGE('',*,*,#5801,.F.);
#2553=ORIENTED_EDGE('',*,*,#5802,.F.);
#2554=ORIENTED_EDGE('',*,*,#5803,.T.);
#2555=ORIENTED_EDGE('',*,*,#5799,.T.);
#2556=ORIENTED_EDGE('',*,*,#5804,.T.);
#2557=ORIENTED_EDGE('',*,*,#5805,.F.);
#2558=ORIENTED_EDGE('',*,*,#5806,.F.);
#2559=ORIENTED_EDGE('',*,*,#5802,.T.);
#2560=ORIENTED_EDGE('',*,*,#5807,.F.);
#2561=ORIENTED_EDGE('',*,*,#5808,.F.);
#2562=ORIENTED_EDGE('',*,*,#5809,.T.);
#2563=ORIENTED_EDGE('',*,*,#5805,.T.);
#2564=ORIENTED_EDGE('',*,*,#5810,.F.);
#2565=ORIENTED_EDGE('',*,*,#5811,.F.);
#2566=ORIENTED_EDGE('',*,*,#5812,.T.);
#2567=ORIENTED_EDGE('',*,*,#5813,.T.);
#2568=ORIENTED_EDGE('',*,*,#5814,.T.);
#2569=ORIENTED_EDGE('',*,*,#5815,.F.);
#2570=ORIENTED_EDGE('',*,*,#5816,.F.);
#2571=ORIENTED_EDGE('',*,*,#5811,.T.);
#2572=ORIENTED_EDGE('',*,*,#5817,.F.);
#2573=ORIENTED_EDGE('',*,*,#5818,.F.);
#2574=ORIENTED_EDGE('',*,*,#5819,.T.);
#2575=ORIENTED_EDGE('',*,*,#5815,.T.);
#2576=ORIENTED_EDGE('',*,*,#5820,.T.);
#2577=ORIENTED_EDGE('',*,*,#5821,.F.);
#2578=ORIENTED_EDGE('',*,*,#5822,.F.);
#2579=ORIENTED_EDGE('',*,*,#5818,.T.);
#2580=ORIENTED_EDGE('',*,*,#5823,.T.);
#2581=ORIENTED_EDGE('',*,*,#5824,.F.);
#2582=ORIENTED_EDGE('',*,*,#5825,.F.);
#2583=ORIENTED_EDGE('',*,*,#5821,.T.);
#2584=ORIENTED_EDGE('',*,*,#5826,.T.);
#2585=ORIENTED_EDGE('',*,*,#5827,.F.);
#2586=ORIENTED_EDGE('',*,*,#5828,.F.);
#2587=ORIENTED_EDGE('',*,*,#5824,.T.);
#2588=ORIENTED_EDGE('',*,*,#5829,.T.);
#2589=ORIENTED_EDGE('',*,*,#5830,.F.);
#2590=ORIENTED_EDGE('',*,*,#5831,.F.);
#2591=ORIENTED_EDGE('',*,*,#5827,.T.);
#2592=ORIENTED_EDGE('',*,*,#5832,.F.);
#2593=ORIENTED_EDGE('',*,*,#5833,.F.);
#2594=ORIENTED_EDGE('',*,*,#5834,.T.);
#2595=ORIENTED_EDGE('',*,*,#5835,.T.);
#2596=ORIENTED_EDGE('',*,*,#5836,.T.);
#2597=ORIENTED_EDGE('',*,*,#5837,.F.);
#2598=ORIENTED_EDGE('',*,*,#5838,.F.);
#2599=ORIENTED_EDGE('',*,*,#5833,.T.);
#2600=ORIENTED_EDGE('',*,*,#5839,.T.);
#2601=ORIENTED_EDGE('',*,*,#5840,.F.);
#2602=ORIENTED_EDGE('',*,*,#5841,.F.);
#2603=ORIENTED_EDGE('',*,*,#5837,.T.);
#2604=ORIENTED_EDGE('',*,*,#5842,.T.);
#2605=ORIENTED_EDGE('',*,*,#5843,.F.);
#2606=ORIENTED_EDGE('',*,*,#5844,.F.);
#2607=ORIENTED_EDGE('',*,*,#5840,.T.);
#2608=ORIENTED_EDGE('',*,*,#5845,.T.);
#2609=ORIENTED_EDGE('',*,*,#5846,.F.);
#2610=ORIENTED_EDGE('',*,*,#5847,.F.);
#2611=ORIENTED_EDGE('',*,*,#5843,.T.);
#2612=ORIENTED_EDGE('',*,*,#5848,.T.);
#2613=ORIENTED_EDGE('',*,*,#5849,.F.);
#2614=ORIENTED_EDGE('',*,*,#5850,.F.);
#2615=ORIENTED_EDGE('',*,*,#5846,.T.);
#2616=ORIENTED_EDGE('',*,*,#5851,.F.);
#2617=ORIENTED_EDGE('',*,*,#5852,.F.);
#2618=ORIENTED_EDGE('',*,*,#5853,.T.);
#2619=ORIENTED_EDGE('',*,*,#5849,.T.);
#2620=ORIENTED_EDGE('',*,*,#5854,.T.);
#2621=ORIENTED_EDGE('',*,*,#5855,.F.);
#2622=ORIENTED_EDGE('',*,*,#5856,.F.);
#2623=ORIENTED_EDGE('',*,*,#5857,.T.);
#2624=ORIENTED_EDGE('',*,*,#5858,.T.);
#2625=ORIENTED_EDGE('',*,*,#5859,.F.);
#2626=ORIENTED_EDGE('',*,*,#5860,.F.);
#2627=ORIENTED_EDGE('',*,*,#5855,.T.);
#2628=ORIENTED_EDGE('',*,*,#5861,.T.);
#2629=ORIENTED_EDGE('',*,*,#5862,.F.);
#2630=ORIENTED_EDGE('',*,*,#5863,.F.);
#2631=ORIENTED_EDGE('',*,*,#5859,.T.);
#2632=ORIENTED_EDGE('',*,*,#5864,.T.);
#2633=ORIENTED_EDGE('',*,*,#5865,.F.);
#2634=ORIENTED_EDGE('',*,*,#5866,.F.);
#2635=ORIENTED_EDGE('',*,*,#5862,.T.);
#2636=ORIENTED_EDGE('',*,*,#5867,.F.);
#2637=ORIENTED_EDGE('',*,*,#5868,.F.);
#2638=ORIENTED_EDGE('',*,*,#5869,.T.);
#2639=ORIENTED_EDGE('',*,*,#5865,.T.);
#2640=ORIENTED_EDGE('',*,*,#5870,.T.);
#2641=ORIENTED_EDGE('',*,*,#5871,.F.);
#2642=ORIENTED_EDGE('',*,*,#5872,.F.);
#2643=ORIENTED_EDGE('',*,*,#5868,.T.);
#2644=ORIENTED_EDGE('',*,*,#5873,.F.);
#2645=ORIENTED_EDGE('',*,*,#5874,.F.);
#2646=ORIENTED_EDGE('',*,*,#5875,.T.);
#2647=ORIENTED_EDGE('',*,*,#5871,.T.);
#2648=ORIENTED_EDGE('',*,*,#5876,.T.);
#2649=ORIENTED_EDGE('',*,*,#5877,.F.);
#2650=ORIENTED_EDGE('',*,*,#5878,.F.);
#2651=ORIENTED_EDGE('',*,*,#5879,.T.);
#2652=ORIENTED_EDGE('',*,*,#5880,.T.);
#2653=ORIENTED_EDGE('',*,*,#5881,.F.);
#2654=ORIENTED_EDGE('',*,*,#5882,.F.);
#2655=ORIENTED_EDGE('',*,*,#5877,.T.);
#2656=ORIENTED_EDGE('',*,*,#5883,.F.);
#2657=ORIENTED_EDGE('',*,*,#5884,.F.);
#2658=ORIENTED_EDGE('',*,*,#5885,.T.);
#2659=ORIENTED_EDGE('',*,*,#5881,.T.);
#2660=ORIENTED_EDGE('',*,*,#5886,.T.);
#2661=ORIENTED_EDGE('',*,*,#5887,.F.);
#2662=ORIENTED_EDGE('',*,*,#5888,.F.);
#2663=ORIENTED_EDGE('',*,*,#5884,.T.);
#2664=ORIENTED_EDGE('',*,*,#5889,.F.);
#2665=ORIENTED_EDGE('',*,*,#5890,.F.);
#2666=ORIENTED_EDGE('',*,*,#5891,.T.);
#2667=ORIENTED_EDGE('',*,*,#5887,.T.);
#2668=ORIENTED_EDGE('',*,*,#5892,.T.);
#2669=ORIENTED_EDGE('',*,*,#5893,.F.);
#2670=ORIENTED_EDGE('',*,*,#5894,.F.);
#2671=ORIENTED_EDGE('',*,*,#5890,.T.);
#2672=ORIENTED_EDGE('',*,*,#5895,.T.);
#2673=ORIENTED_EDGE('',*,*,#5896,.F.);
#2674=ORIENTED_EDGE('',*,*,#5897,.F.);
#2675=ORIENTED_EDGE('',*,*,#5893,.T.);
#2676=ORIENTED_EDGE('',*,*,#5898,.T.);
#2677=ORIENTED_EDGE('',*,*,#5899,.F.);
#2678=ORIENTED_EDGE('',*,*,#5900,.F.);
#2679=ORIENTED_EDGE('',*,*,#5901,.T.);
#2680=ORIENTED_EDGE('',*,*,#5902,.T.);
#2681=ORIENTED_EDGE('',*,*,#5903,.F.);
#2682=ORIENTED_EDGE('',*,*,#5904,.F.);
#2683=ORIENTED_EDGE('',*,*,#5899,.T.);
#2684=ORIENTED_EDGE('',*,*,#5905,.T.);
#2685=ORIENTED_EDGE('',*,*,#5906,.F.);
#2686=ORIENTED_EDGE('',*,*,#5907,.F.);
#2687=ORIENTED_EDGE('',*,*,#5903,.T.);
#2688=ORIENTED_EDGE('',*,*,#5908,.T.);
#2689=ORIENTED_EDGE('',*,*,#5909,.F.);
#2690=ORIENTED_EDGE('',*,*,#5910,.F.);
#2691=ORIENTED_EDGE('',*,*,#5906,.T.);
#2692=ORIENTED_EDGE('',*,*,#5911,.F.);
#2693=ORIENTED_EDGE('',*,*,#5912,.F.);
#2694=ORIENTED_EDGE('',*,*,#5913,.T.);
#2695=ORIENTED_EDGE('',*,*,#5909,.T.);
#2696=ORIENTED_EDGE('',*,*,#5914,.T.);
#2697=ORIENTED_EDGE('',*,*,#5915,.F.);
#2698=ORIENTED_EDGE('',*,*,#5916,.F.);
#2699=ORIENTED_EDGE('',*,*,#5912,.T.);
#2700=ORIENTED_EDGE('',*,*,#5917,.F.);
#2701=ORIENTED_EDGE('',*,*,#5918,.F.);
#2702=ORIENTED_EDGE('',*,*,#5919,.T.);
#2703=ORIENTED_EDGE('',*,*,#5915,.T.);
#2704=ORIENTED_EDGE('',*,*,#5920,.T.);
#2705=ORIENTED_EDGE('',*,*,#5921,.F.);
#2706=ORIENTED_EDGE('',*,*,#5922,.F.);
#2707=ORIENTED_EDGE('',*,*,#5923,.T.);
#2708=ORIENTED_EDGE('',*,*,#5924,.T.);
#2709=ORIENTED_EDGE('',*,*,#5925,.F.);
#2710=ORIENTED_EDGE('',*,*,#5926,.F.);
#2711=ORIENTED_EDGE('',*,*,#5921,.T.);
#2712=ORIENTED_EDGE('',*,*,#5927,.F.);
#2713=ORIENTED_EDGE('',*,*,#5928,.F.);
#2714=ORIENTED_EDGE('',*,*,#5929,.T.);
#2715=ORIENTED_EDGE('',*,*,#5925,.T.);
#2716=ORIENTED_EDGE('',*,*,#5930,.T.);
#2717=ORIENTED_EDGE('',*,*,#5931,.F.);
#2718=ORIENTED_EDGE('',*,*,#5932,.F.);
#2719=ORIENTED_EDGE('',*,*,#5928,.T.);
#2720=ORIENTED_EDGE('',*,*,#5933,.F.);
#2721=ORIENTED_EDGE('',*,*,#5934,.F.);
#2722=ORIENTED_EDGE('',*,*,#5935,.T.);
#2723=ORIENTED_EDGE('',*,*,#5931,.T.);
#2724=ORIENTED_EDGE('',*,*,#5936,.T.);
#2725=ORIENTED_EDGE('',*,*,#5937,.F.);
#2726=ORIENTED_EDGE('',*,*,#5938,.F.);
#2727=ORIENTED_EDGE('',*,*,#5934,.T.);
#2728=ORIENTED_EDGE('',*,*,#5939,.T.);
#2729=ORIENTED_EDGE('',*,*,#5940,.F.);
#2730=ORIENTED_EDGE('',*,*,#5941,.F.);
#2731=ORIENTED_EDGE('',*,*,#5937,.T.);
#2732=ORIENTED_EDGE('',*,*,#5942,.T.);
#2733=ORIENTED_EDGE('',*,*,#5943,.F.);
#2734=ORIENTED_EDGE('',*,*,#5944,.F.);
#2735=ORIENTED_EDGE('',*,*,#5945,.T.);
#2736=ORIENTED_EDGE('',*,*,#5946,.T.);
#2737=ORIENTED_EDGE('',*,*,#5947,.F.);
#2738=ORIENTED_EDGE('',*,*,#5948,.F.);
#2739=ORIENTED_EDGE('',*,*,#5943,.T.);
#2740=ORIENTED_EDGE('',*,*,#5949,.T.);
#2741=ORIENTED_EDGE('',*,*,#5950,.F.);
#2742=ORIENTED_EDGE('',*,*,#5951,.F.);
#2743=ORIENTED_EDGE('',*,*,#5947,.T.);
#2744=ORIENTED_EDGE('',*,*,#5952,.T.);
#2745=ORIENTED_EDGE('',*,*,#5953,.F.);
#2746=ORIENTED_EDGE('',*,*,#5954,.F.);
#2747=ORIENTED_EDGE('',*,*,#5950,.T.);
#2748=ORIENTED_EDGE('',*,*,#5955,.F.);
#2749=ORIENTED_EDGE('',*,*,#5956,.F.);
#2750=ORIENTED_EDGE('',*,*,#5957,.T.);
#2751=ORIENTED_EDGE('',*,*,#5953,.T.);
#2752=ORIENTED_EDGE('',*,*,#5958,.T.);
#2753=ORIENTED_EDGE('',*,*,#5959,.F.);
#2754=ORIENTED_EDGE('',*,*,#5960,.F.);
#2755=ORIENTED_EDGE('',*,*,#5956,.T.);
#2756=ORIENTED_EDGE('',*,*,#5961,.F.);
#2757=ORIENTED_EDGE('',*,*,#5962,.F.);
#2758=ORIENTED_EDGE('',*,*,#5963,.T.);
#2759=ORIENTED_EDGE('',*,*,#5959,.T.);
#2760=ORIENTED_EDGE('',*,*,#5964,.T.);
#2761=ORIENTED_EDGE('',*,*,#5965,.F.);
#2762=ORIENTED_EDGE('',*,*,#5966,.F.);
#2763=ORIENTED_EDGE('',*,*,#5967,.T.);
#2764=ORIENTED_EDGE('',*,*,#5968,.T.);
#2765=ORIENTED_EDGE('',*,*,#5969,.F.);
#2766=ORIENTED_EDGE('',*,*,#5970,.F.);
#2767=ORIENTED_EDGE('',*,*,#5965,.T.);
#2768=ORIENTED_EDGE('',*,*,#5971,.F.);
#2769=ORIENTED_EDGE('',*,*,#5972,.F.);
#2770=ORIENTED_EDGE('',*,*,#5973,.T.);
#2771=ORIENTED_EDGE('',*,*,#5969,.T.);
#2772=ORIENTED_EDGE('',*,*,#5974,.T.);
#2773=ORIENTED_EDGE('',*,*,#5975,.F.);
#2774=ORIENTED_EDGE('',*,*,#5976,.F.);
#2775=ORIENTED_EDGE('',*,*,#5972,.T.);
#2776=ORIENTED_EDGE('',*,*,#5977,.F.);
#2777=ORIENTED_EDGE('',*,*,#5978,.F.);
#2778=ORIENTED_EDGE('',*,*,#5979,.T.);
#2779=ORIENTED_EDGE('',*,*,#5975,.T.);
#2780=ORIENTED_EDGE('',*,*,#5980,.T.);
#2781=ORIENTED_EDGE('',*,*,#5981,.F.);
#2782=ORIENTED_EDGE('',*,*,#5982,.F.);
#2783=ORIENTED_EDGE('',*,*,#5978,.T.);
#2784=ORIENTED_EDGE('',*,*,#5983,.T.);
#2785=ORIENTED_EDGE('',*,*,#5984,.F.);
#2786=ORIENTED_EDGE('',*,*,#5985,.F.);
#2787=ORIENTED_EDGE('',*,*,#5981,.T.);
#2788=ORIENTED_EDGE('',*,*,#5986,.T.);
#2789=ORIENTED_EDGE('',*,*,#5987,.F.);
#2790=ORIENTED_EDGE('',*,*,#5988,.F.);
#2791=ORIENTED_EDGE('',*,*,#5989,.T.);
#2792=ORIENTED_EDGE('',*,*,#5990,.T.);
#2793=ORIENTED_EDGE('',*,*,#5991,.F.);
#2794=ORIENTED_EDGE('',*,*,#5992,.F.);
#2795=ORIENTED_EDGE('',*,*,#5987,.T.);
#2796=ORIENTED_EDGE('',*,*,#5993,.T.);
#2797=ORIENTED_EDGE('',*,*,#5994,.F.);
#2798=ORIENTED_EDGE('',*,*,#5995,.F.);
#2799=ORIENTED_EDGE('',*,*,#5991,.T.);
#2800=ORIENTED_EDGE('',*,*,#5996,.T.);
#2801=ORIENTED_EDGE('',*,*,#5997,.F.);
#2802=ORIENTED_EDGE('',*,*,#5998,.F.);
#2803=ORIENTED_EDGE('',*,*,#5994,.T.);
#2804=ORIENTED_EDGE('',*,*,#5999,.F.);
#2805=ORIENTED_EDGE('',*,*,#6000,.F.);
#2806=ORIENTED_EDGE('',*,*,#6001,.T.);
#2807=ORIENTED_EDGE('',*,*,#5997,.T.);
#2808=ORIENTED_EDGE('',*,*,#6002,.T.);
#2809=ORIENTED_EDGE('',*,*,#6003,.F.);
#2810=ORIENTED_EDGE('',*,*,#6004,.F.);
#2811=ORIENTED_EDGE('',*,*,#6000,.T.);
#2812=ORIENTED_EDGE('',*,*,#6005,.F.);
#2813=ORIENTED_EDGE('',*,*,#6006,.F.);
#2814=ORIENTED_EDGE('',*,*,#6007,.T.);
#2815=ORIENTED_EDGE('',*,*,#6003,.T.);
#2816=ORIENTED_EDGE('',*,*,#6008,.T.);
#2817=ORIENTED_EDGE('',*,*,#6009,.F.);
#2818=ORIENTED_EDGE('',*,*,#6010,.F.);
#2819=ORIENTED_EDGE('',*,*,#6011,.T.);
#2820=ORIENTED_EDGE('',*,*,#6012,.T.);
#2821=ORIENTED_EDGE('',*,*,#6013,.F.);
#2822=ORIENTED_EDGE('',*,*,#6014,.F.);
#2823=ORIENTED_EDGE('',*,*,#6009,.T.);
#2824=ORIENTED_EDGE('',*,*,#6015,.F.);
#2825=ORIENTED_EDGE('',*,*,#6016,.F.);
#2826=ORIENTED_EDGE('',*,*,#6017,.T.);
#2827=ORIENTED_EDGE('',*,*,#6013,.T.);
#2828=ORIENTED_EDGE('',*,*,#6018,.T.);
#2829=ORIENTED_EDGE('',*,*,#6019,.F.);
#2830=ORIENTED_EDGE('',*,*,#6020,.F.);
#2831=ORIENTED_EDGE('',*,*,#6016,.T.);
#2832=ORIENTED_EDGE('',*,*,#6021,.F.);
#2833=ORIENTED_EDGE('',*,*,#6022,.F.);
#2834=ORIENTED_EDGE('',*,*,#6023,.T.);
#2835=ORIENTED_EDGE('',*,*,#6019,.T.);
#2836=ORIENTED_EDGE('',*,*,#6024,.T.);
#2837=ORIENTED_EDGE('',*,*,#6025,.F.);
#2838=ORIENTED_EDGE('',*,*,#6026,.F.);
#2839=ORIENTED_EDGE('',*,*,#6022,.T.);
#2840=ORIENTED_EDGE('',*,*,#6027,.T.);
#2841=ORIENTED_EDGE('',*,*,#6028,.F.);
#2842=ORIENTED_EDGE('',*,*,#6029,.F.);
#2843=ORIENTED_EDGE('',*,*,#6025,.T.);
#2844=ORIENTED_EDGE('',*,*,#6030,.T.);
#2845=ORIENTED_EDGE('',*,*,#6031,.F.);
#2846=ORIENTED_EDGE('',*,*,#6032,.F.);
#2847=ORIENTED_EDGE('',*,*,#6033,.T.);
#2848=ORIENTED_EDGE('',*,*,#6034,.T.);
#2849=ORIENTED_EDGE('',*,*,#6035,.F.);
#2850=ORIENTED_EDGE('',*,*,#6036,.F.);
#2851=ORIENTED_EDGE('',*,*,#6031,.T.);
#2852=ORIENTED_EDGE('',*,*,#6037,.F.);
#2853=ORIENTED_EDGE('',*,*,#6038,.F.);
#2854=ORIENTED_EDGE('',*,*,#6039,.T.);
#2855=ORIENTED_EDGE('',*,*,#6035,.T.);
#2856=ORIENTED_EDGE('',*,*,#6040,.T.);
#2857=ORIENTED_EDGE('',*,*,#6041,.F.);
#2858=ORIENTED_EDGE('',*,*,#6042,.F.);
#2859=ORIENTED_EDGE('',*,*,#6038,.T.);
#2860=ORIENTED_EDGE('',*,*,#6043,.F.);
#2861=ORIENTED_EDGE('',*,*,#6044,.F.);
#2862=ORIENTED_EDGE('',*,*,#6045,.T.);
#2863=ORIENTED_EDGE('',*,*,#6041,.T.);
#2864=ORIENTED_EDGE('',*,*,#6046,.T.);
#2865=ORIENTED_EDGE('',*,*,#6047,.F.);
#2866=ORIENTED_EDGE('',*,*,#6048,.F.);
#2867=ORIENTED_EDGE('',*,*,#6044,.T.);
#2868=ORIENTED_EDGE('',*,*,#6049,.T.);
#2869=ORIENTED_EDGE('',*,*,#6050,.F.);
#2870=ORIENTED_EDGE('',*,*,#6051,.F.);
#2871=ORIENTED_EDGE('',*,*,#6047,.T.);
#2872=ORIENTED_EDGE('',*,*,#6052,.T.);
#2873=ORIENTED_EDGE('',*,*,#6053,.F.);
#2874=ORIENTED_EDGE('',*,*,#6054,.F.);
#2875=ORIENTED_EDGE('',*,*,#6055,.T.);
#2876=ORIENTED_EDGE('',*,*,#6056,.T.);
#2877=ORIENTED_EDGE('',*,*,#6057,.F.);
#2878=ORIENTED_EDGE('',*,*,#6058,.F.);
#2879=ORIENTED_EDGE('',*,*,#6053,.T.);
#2880=ORIENTED_EDGE('',*,*,#6059,.F.);
#2881=ORIENTED_EDGE('',*,*,#6060,.F.);
#2882=ORIENTED_EDGE('',*,*,#6061,.T.);
#2883=ORIENTED_EDGE('',*,*,#6057,.T.);
#2884=ORIENTED_EDGE('',*,*,#6062,.T.);
#2885=ORIENTED_EDGE('',*,*,#6063,.F.);
#2886=ORIENTED_EDGE('',*,*,#6064,.F.);
#2887=ORIENTED_EDGE('',*,*,#6060,.T.);
#2888=ORIENTED_EDGE('',*,*,#6065,.F.);
#2889=ORIENTED_EDGE('',*,*,#6066,.F.);
#2890=ORIENTED_EDGE('',*,*,#6067,.T.);
#2891=ORIENTED_EDGE('',*,*,#6063,.T.);
#2892=ORIENTED_EDGE('',*,*,#6068,.T.);
#2893=ORIENTED_EDGE('',*,*,#6069,.F.);
#2894=ORIENTED_EDGE('',*,*,#6070,.F.);
#2895=ORIENTED_EDGE('',*,*,#6066,.T.);
#2896=ORIENTED_EDGE('',*,*,#6071,.T.);
#2897=ORIENTED_EDGE('',*,*,#6072,.F.);
#2898=ORIENTED_EDGE('',*,*,#6073,.F.);
#2899=ORIENTED_EDGE('',*,*,#6069,.T.);
#2900=ORIENTED_EDGE('',*,*,#6074,.T.);
#2901=ORIENTED_EDGE('',*,*,#6075,.F.);
#2902=ORIENTED_EDGE('',*,*,#6076,.F.);
#2903=ORIENTED_EDGE('',*,*,#6077,.T.);
#2904=ORIENTED_EDGE('',*,*,#6078,.T.);
#2905=ORIENTED_EDGE('',*,*,#6079,.F.);
#2906=ORIENTED_EDGE('',*,*,#6080,.F.);
#2907=ORIENTED_EDGE('',*,*,#6075,.T.);
#2908=ORIENTED_EDGE('',*,*,#6081,.F.);
#2909=ORIENTED_EDGE('',*,*,#6082,.F.);
#2910=ORIENTED_EDGE('',*,*,#6083,.T.);
#2911=ORIENTED_EDGE('',*,*,#6079,.T.);
#2912=ORIENTED_EDGE('',*,*,#6084,.T.);
#2913=ORIENTED_EDGE('',*,*,#6085,.F.);
#2914=ORIENTED_EDGE('',*,*,#6086,.F.);
#2915=ORIENTED_EDGE('',*,*,#6082,.T.);
#2916=ORIENTED_EDGE('',*,*,#6087,.F.);
#2917=ORIENTED_EDGE('',*,*,#6088,.F.);
#2918=ORIENTED_EDGE('',*,*,#6089,.T.);
#2919=ORIENTED_EDGE('',*,*,#6085,.T.);
#2920=ORIENTED_EDGE('',*,*,#6090,.T.);
#2921=ORIENTED_EDGE('',*,*,#6091,.F.);
#2922=ORIENTED_EDGE('',*,*,#6092,.F.);
#2923=ORIENTED_EDGE('',*,*,#6088,.T.);
#2924=ORIENTED_EDGE('',*,*,#6093,.T.);
#2925=ORIENTED_EDGE('',*,*,#6094,.F.);
#2926=ORIENTED_EDGE('',*,*,#6095,.F.);
#2927=ORIENTED_EDGE('',*,*,#6091,.T.);
#2928=ORIENTED_EDGE('',*,*,#6096,.T.);
#2929=ORIENTED_EDGE('',*,*,#6097,.F.);
#2930=ORIENTED_EDGE('',*,*,#6098,.F.);
#2931=ORIENTED_EDGE('',*,*,#6099,.T.);
#2932=ORIENTED_EDGE('',*,*,#6100,.T.);
#2933=ORIENTED_EDGE('',*,*,#6101,.F.);
#2934=ORIENTED_EDGE('',*,*,#6102,.F.);
#2935=ORIENTED_EDGE('',*,*,#6097,.T.);
#2936=ORIENTED_EDGE('',*,*,#6103,.F.);
#2937=ORIENTED_EDGE('',*,*,#6104,.F.);
#2938=ORIENTED_EDGE('',*,*,#6105,.T.);
#2939=ORIENTED_EDGE('',*,*,#6101,.T.);
#2940=ORIENTED_EDGE('',*,*,#6106,.T.);
#2941=ORIENTED_EDGE('',*,*,#6107,.F.);
#2942=ORIENTED_EDGE('',*,*,#6108,.F.);
#2943=ORIENTED_EDGE('',*,*,#6104,.T.);
#2944=ORIENTED_EDGE('',*,*,#6109,.F.);
#2945=ORIENTED_EDGE('',*,*,#6110,.F.);
#2946=ORIENTED_EDGE('',*,*,#6111,.T.);
#2947=ORIENTED_EDGE('',*,*,#6107,.T.);
#2948=ORIENTED_EDGE('',*,*,#6112,.T.);
#2949=ORIENTED_EDGE('',*,*,#6113,.F.);
#2950=ORIENTED_EDGE('',*,*,#6114,.F.);
#2951=ORIENTED_EDGE('',*,*,#6110,.T.);
#2952=ORIENTED_EDGE('',*,*,#6115,.T.);
#2953=ORIENTED_EDGE('',*,*,#6116,.F.);
#2954=ORIENTED_EDGE('',*,*,#6117,.F.);
#2955=ORIENTED_EDGE('',*,*,#6113,.T.);
#2956=ORIENTED_EDGE('',*,*,#6118,.F.);
#2957=ORIENTED_EDGE('',*,*,#6119,.F.);
#2958=ORIENTED_EDGE('',*,*,#6120,.T.);
#2959=ORIENTED_EDGE('',*,*,#6121,.T.);
#2960=ORIENTED_EDGE('',*,*,#6122,.T.);
#2961=ORIENTED_EDGE('',*,*,#6123,.F.);
#2962=ORIENTED_EDGE('',*,*,#6124,.F.);
#2963=ORIENTED_EDGE('',*,*,#6119,.T.);
#2964=ORIENTED_EDGE('',*,*,#6125,.F.);
#2965=ORIENTED_EDGE('',*,*,#6126,.F.);
#2966=ORIENTED_EDGE('',*,*,#6127,.T.);
#2967=ORIENTED_EDGE('',*,*,#6123,.T.);
#2968=ORIENTED_EDGE('',*,*,#6128,.T.);
#2969=ORIENTED_EDGE('',*,*,#6129,.F.);
#2970=ORIENTED_EDGE('',*,*,#6130,.F.);
#2971=ORIENTED_EDGE('',*,*,#6126,.T.);
#2972=ORIENTED_EDGE('',*,*,#6131,.T.);
#2973=ORIENTED_EDGE('',*,*,#6132,.F.);
#2974=ORIENTED_EDGE('',*,*,#6133,.F.);
#2975=ORIENTED_EDGE('',*,*,#6129,.T.);
#2976=ORIENTED_EDGE('',*,*,#6134,.T.);
#2977=ORIENTED_EDGE('',*,*,#6135,.F.);
#2978=ORIENTED_EDGE('',*,*,#6136,.F.);
#2979=ORIENTED_EDGE('',*,*,#6132,.T.);
#2980=ORIENTED_EDGE('',*,*,#6137,.T.);
#2981=ORIENTED_EDGE('',*,*,#6138,.F.);
#2982=ORIENTED_EDGE('',*,*,#6139,.F.);
#2983=ORIENTED_EDGE('',*,*,#6135,.T.);
#2984=ORIENTED_EDGE('',*,*,#6140,.F.);
#2985=ORIENTED_EDGE('',*,*,#6141,.T.);
#2986=ORIENTED_EDGE('',*,*,#6142,.T.);
#2987=ORIENTED_EDGE('',*,*,#6143,.T.);
#2988=ORIENTED_EDGE('',*,*,#6144,.T.);
#2989=ORIENTED_EDGE('',*,*,#6145,.T.);
#2990=ORIENTED_EDGE('',*,*,#6146,.F.);
#2991=ORIENTED_EDGE('',*,*,#6147,.T.);
#2992=ORIENTED_EDGE('',*,*,#6148,.F.);
#2993=ORIENTED_EDGE('',*,*,#6149,.T.);
#2994=ORIENTED_EDGE('',*,*,#6150,.T.);
#2995=ORIENTED_EDGE('',*,*,#6151,.T.);
#2996=ORIENTED_EDGE('',*,*,#6152,.T.);
#2997=ORIENTED_EDGE('',*,*,#4537,.F.);
#2998=ORIENTED_EDGE('',*,*,#6153,.F.);
#2999=ORIENTED_EDGE('',*,*,#4554,.T.);
#3000=ORIENTED_EDGE('',*,*,#6154,.T.);
#3001=ORIENTED_EDGE('',*,*,#4559,.F.);
#3002=ORIENTED_EDGE('',*,*,#6155,.F.);
#3003=ORIENTED_EDGE('',*,*,#4576,.T.);
#3004=ORIENTED_EDGE('',*,*,#6156,.T.);
#3005=ORIENTED_EDGE('',*,*,#4581,.F.);
#3006=ORIENTED_EDGE('',*,*,#6157,.F.);
#3007=ORIENTED_EDGE('',*,*,#4598,.T.);
#3008=ORIENTED_EDGE('',*,*,#6158,.T.);
#3009=ORIENTED_EDGE('',*,*,#4603,.F.);
#3010=ORIENTED_EDGE('',*,*,#6159,.F.);
#3011=ORIENTED_EDGE('',*,*,#4620,.T.);
#3012=ORIENTED_EDGE('',*,*,#6160,.T.);
#3013=ORIENTED_EDGE('',*,*,#4625,.F.);
#3014=ORIENTED_EDGE('',*,*,#6161,.F.);
#3015=ORIENTED_EDGE('',*,*,#4642,.T.);
#3016=ORIENTED_EDGE('',*,*,#6162,.T.);
#3017=ORIENTED_EDGE('',*,*,#4647,.F.);
#3018=ORIENTED_EDGE('',*,*,#6163,.F.);
#3019=ORIENTED_EDGE('',*,*,#4664,.T.);
#3020=ORIENTED_EDGE('',*,*,#6164,.T.);
#3021=ORIENTED_EDGE('',*,*,#4669,.F.);
#3022=ORIENTED_EDGE('',*,*,#6165,.F.);
#3023=ORIENTED_EDGE('',*,*,#4686,.T.);
#3024=ORIENTED_EDGE('',*,*,#6166,.T.);
#3025=ORIENTED_EDGE('',*,*,#4691,.F.);
#3026=ORIENTED_EDGE('',*,*,#6167,.F.);
#3027=ORIENTED_EDGE('',*,*,#4708,.T.);
#3028=ORIENTED_EDGE('',*,*,#6168,.T.);
#3029=ORIENTED_EDGE('',*,*,#4713,.F.);
#3030=ORIENTED_EDGE('',*,*,#6169,.F.);
#3031=ORIENTED_EDGE('',*,*,#4730,.T.);
#3032=ORIENTED_EDGE('',*,*,#6170,.T.);
#3033=ORIENTED_EDGE('',*,*,#4735,.F.);
#3034=ORIENTED_EDGE('',*,*,#6171,.F.);
#3035=ORIENTED_EDGE('',*,*,#4752,.T.);
#3036=ORIENTED_EDGE('',*,*,#6172,.T.);
#3037=ORIENTED_EDGE('',*,*,#4757,.F.);
#3038=ORIENTED_EDGE('',*,*,#6173,.F.);
#3039=ORIENTED_EDGE('',*,*,#4774,.T.);
#3040=ORIENTED_EDGE('',*,*,#6174,.T.);
#3041=ORIENTED_EDGE('',*,*,#4779,.F.);
#3042=ORIENTED_EDGE('',*,*,#6175,.F.);
#3043=ORIENTED_EDGE('',*,*,#4796,.T.);
#3044=ORIENTED_EDGE('',*,*,#6176,.T.);
#3045=ORIENTED_EDGE('',*,*,#4801,.F.);
#3046=ORIENTED_EDGE('',*,*,#6177,.F.);
#3047=ORIENTED_EDGE('',*,*,#4818,.T.);
#3048=ORIENTED_EDGE('',*,*,#6178,.T.);
#3049=ORIENTED_EDGE('',*,*,#4823,.F.);
#3050=ORIENTED_EDGE('',*,*,#6179,.F.);
#3051=ORIENTED_EDGE('',*,*,#4840,.T.);
#3052=ORIENTED_EDGE('',*,*,#6180,.T.);
#3053=ORIENTED_EDGE('',*,*,#4845,.F.);
#3054=ORIENTED_EDGE('',*,*,#6181,.F.);
#3055=ORIENTED_EDGE('',*,*,#4862,.T.);
#3056=ORIENTED_EDGE('',*,*,#6182,.T.);
#3057=ORIENTED_EDGE('',*,*,#4867,.F.);
#3058=ORIENTED_EDGE('',*,*,#6183,.F.);
#3059=ORIENTED_EDGE('',*,*,#4884,.T.);
#3060=ORIENTED_EDGE('',*,*,#6184,.T.);
#3061=ORIENTED_EDGE('',*,*,#4889,.F.);
#3062=ORIENTED_EDGE('',*,*,#6185,.F.);
#3063=ORIENTED_EDGE('',*,*,#4906,.T.);
#3064=ORIENTED_EDGE('',*,*,#6186,.T.);
#3065=ORIENTED_EDGE('',*,*,#4911,.F.);
#3066=ORIENTED_EDGE('',*,*,#6187,.F.);
#3067=ORIENTED_EDGE('',*,*,#4928,.T.);
#3068=ORIENTED_EDGE('',*,*,#6188,.T.);
#3069=ORIENTED_EDGE('',*,*,#4933,.F.);
#3070=ORIENTED_EDGE('',*,*,#6189,.F.);
#3071=ORIENTED_EDGE('',*,*,#4950,.T.);
#3072=ORIENTED_EDGE('',*,*,#6190,.T.);
#3073=ORIENTED_EDGE('',*,*,#4955,.F.);
#3074=ORIENTED_EDGE('',*,*,#6191,.F.);
#3075=ORIENTED_EDGE('',*,*,#4972,.T.);
#3076=ORIENTED_EDGE('',*,*,#6192,.T.);
#3077=ORIENTED_EDGE('',*,*,#4977,.F.);
#3078=ORIENTED_EDGE('',*,*,#6193,.F.);
#3079=ORIENTED_EDGE('',*,*,#4994,.T.);
#3080=ORIENTED_EDGE('',*,*,#6194,.T.);
#3081=ORIENTED_EDGE('',*,*,#4999,.F.);
#3082=ORIENTED_EDGE('',*,*,#6195,.F.);
#3083=ORIENTED_EDGE('',*,*,#5016,.T.);
#3084=ORIENTED_EDGE('',*,*,#6196,.T.);
#3085=ORIENTED_EDGE('',*,*,#5021,.F.);
#3086=ORIENTED_EDGE('',*,*,#6197,.F.);
#3087=ORIENTED_EDGE('',*,*,#5038,.T.);
#3088=ORIENTED_EDGE('',*,*,#6198,.T.);
#3089=ORIENTED_EDGE('',*,*,#5043,.F.);
#3090=ORIENTED_EDGE('',*,*,#6199,.F.);
#3091=ORIENTED_EDGE('',*,*,#5060,.T.);
#3092=ORIENTED_EDGE('',*,*,#6200,.T.);
#3093=ORIENTED_EDGE('',*,*,#5065,.F.);
#3094=ORIENTED_EDGE('',*,*,#6201,.F.);
#3095=ORIENTED_EDGE('',*,*,#5082,.T.);
#3096=ORIENTED_EDGE('',*,*,#6202,.T.);
#3097=ORIENTED_EDGE('',*,*,#5087,.F.);
#3098=ORIENTED_EDGE('',*,*,#6203,.F.);
#3099=ORIENTED_EDGE('',*,*,#5104,.T.);
#3100=ORIENTED_EDGE('',*,*,#6204,.T.);
#3101=ORIENTED_EDGE('',*,*,#5109,.F.);
#3102=ORIENTED_EDGE('',*,*,#6205,.F.);
#3103=ORIENTED_EDGE('',*,*,#5126,.T.);
#3104=ORIENTED_EDGE('',*,*,#6206,.T.);
#3105=ORIENTED_EDGE('',*,*,#5131,.F.);
#3106=ORIENTED_EDGE('',*,*,#6207,.F.);
#3107=ORIENTED_EDGE('',*,*,#5148,.T.);
#3108=ORIENTED_EDGE('',*,*,#6208,.T.);
#3109=ORIENTED_EDGE('',*,*,#5153,.F.);
#3110=ORIENTED_EDGE('',*,*,#6209,.F.);
#3111=ORIENTED_EDGE('',*,*,#5170,.T.);
#3112=ORIENTED_EDGE('',*,*,#6210,.T.);
#3113=ORIENTED_EDGE('',*,*,#5175,.F.);
#3114=ORIENTED_EDGE('',*,*,#6211,.F.);
#3115=ORIENTED_EDGE('',*,*,#5192,.T.);
#3116=ORIENTED_EDGE('',*,*,#6212,.T.);
#3117=ORIENTED_EDGE('',*,*,#5197,.F.);
#3118=ORIENTED_EDGE('',*,*,#6213,.F.);
#3119=ORIENTED_EDGE('',*,*,#5214,.T.);
#3120=ORIENTED_EDGE('',*,*,#6214,.T.);
#3121=ORIENTED_EDGE('',*,*,#5219,.F.);
#3122=ORIENTED_EDGE('',*,*,#6215,.F.);
#3123=ORIENTED_EDGE('',*,*,#5236,.T.);
#3124=ORIENTED_EDGE('',*,*,#6216,.T.);
#3125=ORIENTED_EDGE('',*,*,#5241,.F.);
#3126=ORIENTED_EDGE('',*,*,#6217,.F.);
#3127=ORIENTED_EDGE('',*,*,#5258,.T.);
#3128=ORIENTED_EDGE('',*,*,#6218,.T.);
#3129=ORIENTED_EDGE('',*,*,#5263,.F.);
#3130=ORIENTED_EDGE('',*,*,#6219,.F.);
#3131=ORIENTED_EDGE('',*,*,#5280,.T.);
#3132=ORIENTED_EDGE('',*,*,#6220,.T.);
#3133=ORIENTED_EDGE('',*,*,#5285,.F.);
#3134=ORIENTED_EDGE('',*,*,#6221,.F.);
#3135=ORIENTED_EDGE('',*,*,#5302,.T.);
#3136=ORIENTED_EDGE('',*,*,#6222,.T.);
#3137=ORIENTED_EDGE('',*,*,#5307,.F.);
#3138=ORIENTED_EDGE('',*,*,#6223,.F.);
#3139=ORIENTED_EDGE('',*,*,#5324,.T.);
#3140=ORIENTED_EDGE('',*,*,#6224,.T.);
#3141=ORIENTED_EDGE('',*,*,#5329,.F.);
#3142=ORIENTED_EDGE('',*,*,#6225,.F.);
#3143=ORIENTED_EDGE('',*,*,#5346,.T.);
#3144=ORIENTED_EDGE('',*,*,#6226,.T.);
#3145=ORIENTED_EDGE('',*,*,#5351,.F.);
#3146=ORIENTED_EDGE('',*,*,#6227,.F.);
#3147=ORIENTED_EDGE('',*,*,#5368,.T.);
#3148=ORIENTED_EDGE('',*,*,#6228,.T.);
#3149=ORIENTED_EDGE('',*,*,#5373,.F.);
#3150=ORIENTED_EDGE('',*,*,#6229,.F.);
#3151=ORIENTED_EDGE('',*,*,#5390,.T.);
#3152=ORIENTED_EDGE('',*,*,#6230,.T.);
#3153=ORIENTED_EDGE('',*,*,#5395,.F.);
#3154=ORIENTED_EDGE('',*,*,#6231,.F.);
#3155=ORIENTED_EDGE('',*,*,#5412,.T.);
#3156=ORIENTED_EDGE('',*,*,#6232,.T.);
#3157=ORIENTED_EDGE('',*,*,#5417,.F.);
#3158=ORIENTED_EDGE('',*,*,#6233,.F.);
#3159=ORIENTED_EDGE('',*,*,#5434,.T.);
#3160=ORIENTED_EDGE('',*,*,#6234,.T.);
#3161=ORIENTED_EDGE('',*,*,#5439,.F.);
#3162=ORIENTED_EDGE('',*,*,#6235,.F.);
#3163=ORIENTED_EDGE('',*,*,#5456,.T.);
#3164=ORIENTED_EDGE('',*,*,#6236,.T.);
#3165=ORIENTED_EDGE('',*,*,#5461,.F.);
#3166=ORIENTED_EDGE('',*,*,#6237,.F.);
#3167=ORIENTED_EDGE('',*,*,#5478,.T.);
#3168=ORIENTED_EDGE('',*,*,#6238,.T.);
#3169=ORIENTED_EDGE('',*,*,#5483,.F.);
#3170=ORIENTED_EDGE('',*,*,#6239,.F.);
#3171=ORIENTED_EDGE('',*,*,#5500,.T.);
#3172=ORIENTED_EDGE('',*,*,#6240,.T.);
#3173=ORIENTED_EDGE('',*,*,#5505,.F.);
#3174=ORIENTED_EDGE('',*,*,#6241,.F.);
#3175=ORIENTED_EDGE('',*,*,#5522,.T.);
#3176=ORIENTED_EDGE('',*,*,#6242,.T.);
#3177=ORIENTED_EDGE('',*,*,#5527,.F.);
#3178=ORIENTED_EDGE('',*,*,#6243,.F.);
#3179=ORIENTED_EDGE('',*,*,#5544,.T.);
#3180=ORIENTED_EDGE('',*,*,#6244,.T.);
#3181=ORIENTED_EDGE('',*,*,#5549,.F.);
#3182=ORIENTED_EDGE('',*,*,#6245,.F.);
#3183=ORIENTED_EDGE('',*,*,#5566,.T.);
#3184=ORIENTED_EDGE('',*,*,#6246,.T.);
#3185=ORIENTED_EDGE('',*,*,#5571,.F.);
#3186=ORIENTED_EDGE('',*,*,#6247,.F.);
#3187=ORIENTED_EDGE('',*,*,#5588,.T.);
#3188=ORIENTED_EDGE('',*,*,#6248,.T.);
#3189=ORIENTED_EDGE('',*,*,#5593,.F.);
#3190=ORIENTED_EDGE('',*,*,#6249,.F.);
#3191=ORIENTED_EDGE('',*,*,#5610,.T.);
#3192=ORIENTED_EDGE('',*,*,#6250,.T.);
#3193=ORIENTED_EDGE('',*,*,#5615,.F.);
#3194=ORIENTED_EDGE('',*,*,#6251,.F.);
#3195=ORIENTED_EDGE('',*,*,#5632,.T.);
#3196=ORIENTED_EDGE('',*,*,#6252,.T.);
#3197=ORIENTED_EDGE('',*,*,#5637,.F.);
#3198=ORIENTED_EDGE('',*,*,#6253,.F.);
#3199=ORIENTED_EDGE('',*,*,#5654,.T.);
#3200=ORIENTED_EDGE('',*,*,#6254,.T.);
#3201=ORIENTED_EDGE('',*,*,#5659,.F.);
#3202=ORIENTED_EDGE('',*,*,#6255,.F.);
#3203=ORIENTED_EDGE('',*,*,#5676,.T.);
#3204=ORIENTED_EDGE('',*,*,#6256,.T.);
#3205=ORIENTED_EDGE('',*,*,#5681,.F.);
#3206=ORIENTED_EDGE('',*,*,#6257,.F.);
#3207=ORIENTED_EDGE('',*,*,#5698,.T.);
#3208=ORIENTED_EDGE('',*,*,#6258,.T.);
#3209=ORIENTED_EDGE('',*,*,#5703,.F.);
#3210=ORIENTED_EDGE('',*,*,#6259,.F.);
#3211=ORIENTED_EDGE('',*,*,#5720,.T.);
#3212=ORIENTED_EDGE('',*,*,#6260,.T.);
#3213=ORIENTED_EDGE('',*,*,#5725,.F.);
#3214=ORIENTED_EDGE('',*,*,#6261,.F.);
#3215=ORIENTED_EDGE('',*,*,#5742,.T.);
#3216=ORIENTED_EDGE('',*,*,#6262,.T.);
#3217=ORIENTED_EDGE('',*,*,#5747,.F.);
#3218=ORIENTED_EDGE('',*,*,#6263,.F.);
#3219=ORIENTED_EDGE('',*,*,#5764,.T.);
#3220=ORIENTED_EDGE('',*,*,#6264,.T.);
#3221=ORIENTED_EDGE('',*,*,#5769,.F.);
#3222=ORIENTED_EDGE('',*,*,#6265,.F.);
#3223=ORIENTED_EDGE('',*,*,#5786,.T.);
#3224=ORIENTED_EDGE('',*,*,#6266,.T.);
#3225=ORIENTED_EDGE('',*,*,#5791,.F.);
#3226=ORIENTED_EDGE('',*,*,#6267,.F.);
#3227=ORIENTED_EDGE('',*,*,#5808,.T.);
#3228=ORIENTED_EDGE('',*,*,#6268,.T.);
#3229=ORIENTED_EDGE('',*,*,#5813,.F.);
#3230=ORIENTED_EDGE('',*,*,#6269,.F.);
#3231=ORIENTED_EDGE('',*,*,#5830,.T.);
#3232=ORIENTED_EDGE('',*,*,#6270,.T.);
#3233=ORIENTED_EDGE('',*,*,#5835,.F.);
#3234=ORIENTED_EDGE('',*,*,#6271,.F.);
#3235=ORIENTED_EDGE('',*,*,#5852,.T.);
#3236=ORIENTED_EDGE('',*,*,#6272,.T.);
#3237=ORIENTED_EDGE('',*,*,#5857,.F.);
#3238=ORIENTED_EDGE('',*,*,#6273,.F.);
#3239=ORIENTED_EDGE('',*,*,#5874,.T.);
#3240=ORIENTED_EDGE('',*,*,#6274,.T.);
#3241=ORIENTED_EDGE('',*,*,#5879,.F.);
#3242=ORIENTED_EDGE('',*,*,#6275,.F.);
#3243=ORIENTED_EDGE('',*,*,#5896,.T.);
#3244=ORIENTED_EDGE('',*,*,#6276,.T.);
#3245=ORIENTED_EDGE('',*,*,#5901,.F.);
#3246=ORIENTED_EDGE('',*,*,#6277,.F.);
#3247=ORIENTED_EDGE('',*,*,#5918,.T.);
#3248=ORIENTED_EDGE('',*,*,#6278,.T.);
#3249=ORIENTED_EDGE('',*,*,#5923,.F.);
#3250=ORIENTED_EDGE('',*,*,#6279,.F.);
#3251=ORIENTED_EDGE('',*,*,#5940,.T.);
#3252=ORIENTED_EDGE('',*,*,#6280,.T.);
#3253=ORIENTED_EDGE('',*,*,#5945,.F.);
#3254=ORIENTED_EDGE('',*,*,#6281,.F.);
#3255=ORIENTED_EDGE('',*,*,#5962,.T.);
#3256=ORIENTED_EDGE('',*,*,#6282,.T.);
#3257=ORIENTED_EDGE('',*,*,#5967,.F.);
#3258=ORIENTED_EDGE('',*,*,#6283,.F.);
#3259=ORIENTED_EDGE('',*,*,#5984,.T.);
#3260=ORIENTED_EDGE('',*,*,#6284,.T.);
#3261=ORIENTED_EDGE('',*,*,#5989,.F.);
#3262=ORIENTED_EDGE('',*,*,#6285,.F.);
#3263=ORIENTED_EDGE('',*,*,#6006,.T.);
#3264=ORIENTED_EDGE('',*,*,#6286,.T.);
#3265=ORIENTED_EDGE('',*,*,#6011,.F.);
#3266=ORIENTED_EDGE('',*,*,#6287,.F.);
#3267=ORIENTED_EDGE('',*,*,#6028,.T.);
#3268=ORIENTED_EDGE('',*,*,#6288,.T.);
#3269=ORIENTED_EDGE('',*,*,#6033,.F.);
#3270=ORIENTED_EDGE('',*,*,#6289,.F.);
#3271=ORIENTED_EDGE('',*,*,#6050,.T.);
#3272=ORIENTED_EDGE('',*,*,#6290,.T.);
#3273=ORIENTED_EDGE('',*,*,#6055,.F.);
#3274=ORIENTED_EDGE('',*,*,#6291,.F.);
#3275=ORIENTED_EDGE('',*,*,#6072,.T.);
#3276=ORIENTED_EDGE('',*,*,#6292,.T.);
#3277=ORIENTED_EDGE('',*,*,#6077,.F.);
#3278=ORIENTED_EDGE('',*,*,#6293,.F.);
#3279=ORIENTED_EDGE('',*,*,#6094,.T.);
#3280=ORIENTED_EDGE('',*,*,#6294,.T.);
#3281=ORIENTED_EDGE('',*,*,#6099,.F.);
#3282=ORIENTED_EDGE('',*,*,#6295,.F.);
#3283=ORIENTED_EDGE('',*,*,#6116,.T.);
#3284=ORIENTED_EDGE('',*,*,#6296,.T.);
#3285=ORIENTED_EDGE('',*,*,#6121,.F.);
#3286=ORIENTED_EDGE('',*,*,#6297,.F.);
#3287=ORIENTED_EDGE('',*,*,#6138,.T.);
#3288=ORIENTED_EDGE('',*,*,#6298,.T.);
#3289=ORIENTED_EDGE('',*,*,#6299,.T.);
#3290=ORIENTED_EDGE('',*,*,#6300,.F.);
#3291=ORIENTED_EDGE('',*,*,#6301,.T.);
#3292=ORIENTED_EDGE('',*,*,#6302,.T.);
#3293=ORIENTED_EDGE('',*,*,#4515,.F.);
#3294=ORIENTED_EDGE('',*,*,#6303,.F.);
#3295=ORIENTED_EDGE('',*,*,#4532,.T.);
#3296=ORIENTED_EDGE('',*,*,#6146,.T.);
#3297=ORIENTED_EDGE('',*,*,#6304,.T.);
#3298=ORIENTED_EDGE('',*,*,#6148,.T.);
#3299=ORIENTED_EDGE('',*,*,#6305,.T.);
#3300=ORIENTED_EDGE('',*,*,#6298,.F.);
#3301=ORIENTED_EDGE('',*,*,#6306,.T.);
#3302=ORIENTED_EDGE('',*,*,#6140,.T.);
#3303=ORIENTED_EDGE('',*,*,#6307,.T.);
#3304=ORIENTED_EDGE('',*,*,#6120,.F.);
#3305=ORIENTED_EDGE('',*,*,#6124,.T.);
#3306=ORIENTED_EDGE('',*,*,#6127,.F.);
#3307=ORIENTED_EDGE('',*,*,#6130,.T.);
#3308=ORIENTED_EDGE('',*,*,#6133,.T.);
#3309=ORIENTED_EDGE('',*,*,#6136,.T.);
#3310=ORIENTED_EDGE('',*,*,#6139,.T.);
#3311=ORIENTED_EDGE('',*,*,#6297,.T.);
#3312=ORIENTED_EDGE('',*,*,#6098,.T.);
#3313=ORIENTED_EDGE('',*,*,#6102,.T.);
#3314=ORIENTED_EDGE('',*,*,#6105,.F.);
#3315=ORIENTED_EDGE('',*,*,#6108,.T.);
#3316=ORIENTED_EDGE('',*,*,#6111,.F.);
#3317=ORIENTED_EDGE('',*,*,#6114,.T.);
#3318=ORIENTED_EDGE('',*,*,#6117,.T.);
#3319=ORIENTED_EDGE('',*,*,#6295,.T.);
#3320=ORIENTED_EDGE('',*,*,#6076,.T.);
#3321=ORIENTED_EDGE('',*,*,#6080,.T.);
#3322=ORIENTED_EDGE('',*,*,#6083,.F.);
#3323=ORIENTED_EDGE('',*,*,#6086,.T.);
#3324=ORIENTED_EDGE('',*,*,#6089,.F.);
#3325=ORIENTED_EDGE('',*,*,#6092,.T.);
#3326=ORIENTED_EDGE('',*,*,#6095,.T.);
#3327=ORIENTED_EDGE('',*,*,#6293,.T.);
#3328=ORIENTED_EDGE('',*,*,#6054,.T.);
#3329=ORIENTED_EDGE('',*,*,#6058,.T.);
#3330=ORIENTED_EDGE('',*,*,#6061,.F.);
#3331=ORIENTED_EDGE('',*,*,#6064,.T.);
#3332=ORIENTED_EDGE('',*,*,#6067,.F.);
#3333=ORIENTED_EDGE('',*,*,#6070,.T.);
#3334=ORIENTED_EDGE('',*,*,#6073,.T.);
#3335=ORIENTED_EDGE('',*,*,#6291,.T.);
#3336=ORIENTED_EDGE('',*,*,#6032,.T.);
#3337=ORIENTED_EDGE('',*,*,#6036,.T.);
#3338=ORIENTED_EDGE('',*,*,#6039,.F.);
#3339=ORIENTED_EDGE('',*,*,#6042,.T.);
#3340=ORIENTED_EDGE('',*,*,#6045,.F.);
#3341=ORIENTED_EDGE('',*,*,#6048,.T.);
#3342=ORIENTED_EDGE('',*,*,#6051,.T.);
#3343=ORIENTED_EDGE('',*,*,#6289,.T.);
#3344=ORIENTED_EDGE('',*,*,#6010,.T.);
#3345=ORIENTED_EDGE('',*,*,#6014,.T.);
#3346=ORIENTED_EDGE('',*,*,#6017,.F.);
#3347=ORIENTED_EDGE('',*,*,#6020,.T.);
#3348=ORIENTED_EDGE('',*,*,#6023,.F.);
#3349=ORIENTED_EDGE('',*,*,#6026,.T.);
#3350=ORIENTED_EDGE('',*,*,#6029,.T.);
#3351=ORIENTED_EDGE('',*,*,#6287,.T.);
#3352=ORIENTED_EDGE('',*,*,#5988,.T.);
#3353=ORIENTED_EDGE('',*,*,#5992,.T.);
#3354=ORIENTED_EDGE('',*,*,#5995,.T.);
#3355=ORIENTED_EDGE('',*,*,#5998,.T.);
#3356=ORIENTED_EDGE('',*,*,#6001,.F.);
#3357=ORIENTED_EDGE('',*,*,#6004,.T.);
#3358=ORIENTED_EDGE('',*,*,#6007,.F.);
#3359=ORIENTED_EDGE('',*,*,#6285,.T.);
#3360=ORIENTED_EDGE('',*,*,#5966,.T.);
#3361=ORIENTED_EDGE('',*,*,#5970,.T.);
#3362=ORIENTED_EDGE('',*,*,#5973,.F.);
#3363=ORIENTED_EDGE('',*,*,#5976,.T.);
#3364=ORIENTED_EDGE('',*,*,#5979,.F.);
#3365=ORIENTED_EDGE('',*,*,#5982,.T.);
#3366=ORIENTED_EDGE('',*,*,#5985,.T.);
#3367=ORIENTED_EDGE('',*,*,#6283,.T.);
#3368=ORIENTED_EDGE('',*,*,#5944,.T.);
#3369=ORIENTED_EDGE('',*,*,#5948,.T.);
#3370=ORIENTED_EDGE('',*,*,#5951,.T.);
#3371=ORIENTED_EDGE('',*,*,#5954,.T.);
#3372=ORIENTED_EDGE('',*,*,#5957,.F.);
#3373=ORIENTED_EDGE('',*,*,#5960,.T.);
#3374=ORIENTED_EDGE('',*,*,#5963,.F.);
#3375=ORIENTED_EDGE('',*,*,#6281,.T.);
#3376=ORIENTED_EDGE('',*,*,#5922,.T.);
#3377=ORIENTED_EDGE('',*,*,#5926,.T.);
#3378=ORIENTED_EDGE('',*,*,#5929,.F.);
#3379=ORIENTED_EDGE('',*,*,#5932,.T.);
#3380=ORIENTED_EDGE('',*,*,#5935,.F.);
#3381=ORIENTED_EDGE('',*,*,#5938,.T.);
#3382=ORIENTED_EDGE('',*,*,#5941,.T.);
#3383=ORIENTED_EDGE('',*,*,#6279,.T.);
#3384=ORIENTED_EDGE('',*,*,#5900,.T.);
#3385=ORIENTED_EDGE('',*,*,#5904,.T.);
#3386=ORIENTED_EDGE('',*,*,#5907,.T.);
#3387=ORIENTED_EDGE('',*,*,#5910,.T.);
#3388=ORIENTED_EDGE('',*,*,#5913,.F.);
#3389=ORIENTED_EDGE('',*,*,#5916,.T.);
#3390=ORIENTED_EDGE('',*,*,#5919,.F.);
#3391=ORIENTED_EDGE('',*,*,#6277,.T.);
#3392=ORIENTED_EDGE('',*,*,#5878,.T.);
#3393=ORIENTED_EDGE('',*,*,#5882,.T.);
#3394=ORIENTED_EDGE('',*,*,#5885,.F.);
#3395=ORIENTED_EDGE('',*,*,#5888,.T.);
#3396=ORIENTED_EDGE('',*,*,#5891,.F.);
#3397=ORIENTED_EDGE('',*,*,#5894,.T.);
#3398=ORIENTED_EDGE('',*,*,#5897,.T.);
#3399=ORIENTED_EDGE('',*,*,#6275,.T.);
#3400=ORIENTED_EDGE('',*,*,#5856,.T.);
#3401=ORIENTED_EDGE('',*,*,#5860,.T.);
#3402=ORIENTED_EDGE('',*,*,#5863,.T.);
#3403=ORIENTED_EDGE('',*,*,#5866,.T.);
#3404=ORIENTED_EDGE('',*,*,#5869,.F.);
#3405=ORIENTED_EDGE('',*,*,#5872,.T.);
#3406=ORIENTED_EDGE('',*,*,#5875,.F.);
#3407=ORIENTED_EDGE('',*,*,#6273,.T.);
#3408=ORIENTED_EDGE('',*,*,#5834,.F.);
#3409=ORIENTED_EDGE('',*,*,#5838,.T.);
#3410=ORIENTED_EDGE('',*,*,#5841,.T.);
#3411=ORIENTED_EDGE('',*,*,#5844,.T.);
#3412=ORIENTED_EDGE('',*,*,#5847,.T.);
#3413=ORIENTED_EDGE('',*,*,#5850,.T.);
#3414=ORIENTED_EDGE('',*,*,#5853,.F.);
#3415=ORIENTED_EDGE('',*,*,#6271,.T.);
#3416=ORIENTED_EDGE('',*,*,#5812,.F.);
#3417=ORIENTED_EDGE('',*,*,#5816,.T.);
#3418=ORIENTED_EDGE('',*,*,#5819,.F.);
#3419=ORIENTED_EDGE('',*,*,#5822,.T.);
#3420=ORIENTED_EDGE('',*,*,#5825,.T.);
#3421=ORIENTED_EDGE('',*,*,#5828,.T.);
#3422=ORIENTED_EDGE('',*,*,#5831,.T.);
#3423=ORIENTED_EDGE('',*,*,#6269,.T.);
#3424=ORIENTED_EDGE('',*,*,#5790,.T.);
#3425=ORIENTED_EDGE('',*,*,#5794,.T.);
#3426=ORIENTED_EDGE('',*,*,#5797,.T.);
#3427=ORIENTED_EDGE('',*,*,#5800,.T.);
#3428=ORIENTED_EDGE('',*,*,#5803,.F.);
#3429=ORIENTED_EDGE('',*,*,#5806,.T.);
#3430=ORIENTED_EDGE('',*,*,#5809,.F.);
#3431=ORIENTED_EDGE('',*,*,#6267,.T.);
#3432=ORIENTED_EDGE('',*,*,#5768,.T.);
#3433=ORIENTED_EDGE('',*,*,#5772,.T.);
#3434=ORIENTED_EDGE('',*,*,#5775,.F.);
#3435=ORIENTED_EDGE('',*,*,#5778,.T.);
#3436=ORIENTED_EDGE('',*,*,#5781,.F.);
#3437=ORIENTED_EDGE('',*,*,#5784,.T.);
#3438=ORIENTED_EDGE('',*,*,#5787,.T.);
#3439=ORIENTED_EDGE('',*,*,#6265,.T.);
#3440=ORIENTED_EDGE('',*,*,#5746,.T.);
#3441=ORIENTED_EDGE('',*,*,#5750,.T.);
#3442=ORIENTED_EDGE('',*,*,#5753,.T.);
#3443=ORIENTED_EDGE('',*,*,#5756,.T.);
#3444=ORIENTED_EDGE('',*,*,#5759,.F.);
#3445=ORIENTED_EDGE('',*,*,#5762,.T.);
#3446=ORIENTED_EDGE('',*,*,#5765,.F.);
#3447=ORIENTED_EDGE('',*,*,#6263,.T.);
#3448=ORIENTED_EDGE('',*,*,#5724,.T.);
#3449=ORIENTED_EDGE('',*,*,#5728,.T.);
#3450=ORIENTED_EDGE('',*,*,#5731,.F.);
#3451=ORIENTED_EDGE('',*,*,#5734,.T.);
#3452=ORIENTED_EDGE('',*,*,#5737,.F.);
#3453=ORIENTED_EDGE('',*,*,#5740,.T.);
#3454=ORIENTED_EDGE('',*,*,#5743,.T.);
#3455=ORIENTED_EDGE('',*,*,#6261,.T.);
#3456=ORIENTED_EDGE('',*,*,#5702,.T.);
#3457=ORIENTED_EDGE('',*,*,#5706,.T.);
#3458=ORIENTED_EDGE('',*,*,#5709,.T.);
#3459=ORIENTED_EDGE('',*,*,#5712,.T.);
#3460=ORIENTED_EDGE('',*,*,#5715,.F.);
#3461=ORIENTED_EDGE('',*,*,#5718,.T.);
#3462=ORIENTED_EDGE('',*,*,#5721,.F.);
#3463=ORIENTED_EDGE('',*,*,#6259,.T.);
#3464=ORIENTED_EDGE('',*,*,#5680,.F.);
#3465=ORIENTED_EDGE('',*,*,#5684,.T.);
#3466=ORIENTED_EDGE('',*,*,#5687,.F.);
#3467=ORIENTED_EDGE('',*,*,#5690,.T.);
#3468=ORIENTED_EDGE('',*,*,#5693,.T.);
#3469=ORIENTED_EDGE('',*,*,#5696,.T.);
#3470=ORIENTED_EDGE('',*,*,#5699,.T.);
#3471=ORIENTED_EDGE('',*,*,#6257,.T.);
#3472=ORIENTED_EDGE('',*,*,#5658,.T.);
#3473=ORIENTED_EDGE('',*,*,#5662,.T.);
#3474=ORIENTED_EDGE('',*,*,#5665,.F.);
#3475=ORIENTED_EDGE('',*,*,#5668,.T.);
#3476=ORIENTED_EDGE('',*,*,#5671,.F.);
#3477=ORIENTED_EDGE('',*,*,#5674,.T.);
#3478=ORIENTED_EDGE('',*,*,#5677,.T.);
#3479=ORIENTED_EDGE('',*,*,#6255,.T.);
#3480=ORIENTED_EDGE('',*,*,#5636,.F.);
#3481=ORIENTED_EDGE('',*,*,#5640,.T.);
#3482=ORIENTED_EDGE('',*,*,#5643,.F.);
#3483=ORIENTED_EDGE('',*,*,#5646,.T.);
#3484=ORIENTED_EDGE('',*,*,#5649,.T.);
#3485=ORIENTED_EDGE('',*,*,#5652,.T.);
#3486=ORIENTED_EDGE('',*,*,#5655,.T.);
#3487=ORIENTED_EDGE('',*,*,#6253,.T.);
#3488=ORIENTED_EDGE('',*,*,#5614,.F.);
#3489=ORIENTED_EDGE('',*,*,#5618,.T.);
#3490=ORIENTED_EDGE('',*,*,#5621,.T.);
#3491=ORIENTED_EDGE('',*,*,#5624,.T.);
#3492=ORIENTED_EDGE('',*,*,#5627,.T.);
#3493=ORIENTED_EDGE('',*,*,#5630,.T.);
#3494=ORIENTED_EDGE('',*,*,#5633,.F.);
#3495=ORIENTED_EDGE('',*,*,#6251,.T.);
#3496=ORIENTED_EDGE('',*,*,#5592,.F.);
#3497=ORIENTED_EDGE('',*,*,#5596,.T.);
#3498=ORIENTED_EDGE('',*,*,#5599,.F.);
#3499=ORIENTED_EDGE('',*,*,#5602,.T.);
#3500=ORIENTED_EDGE('',*,*,#5605,.T.);
#3501=ORIENTED_EDGE('',*,*,#5608,.T.);
#3502=ORIENTED_EDGE('',*,*,#5611,.T.);
#3503=ORIENTED_EDGE('',*,*,#6249,.T.);
#3504=ORIENTED_EDGE('',*,*,#5570,.T.);
#3505=ORIENTED_EDGE('',*,*,#5574,.T.);
#3506=ORIENTED_EDGE('',*,*,#5577,.F.);
#3507=ORIENTED_EDGE('',*,*,#5580,.T.);
#3508=ORIENTED_EDGE('',*,*,#5583,.F.);
#3509=ORIENTED_EDGE('',*,*,#5586,.T.);
#3510=ORIENTED_EDGE('',*,*,#5589,.T.);
#3511=ORIENTED_EDGE('',*,*,#6247,.T.);
#3512=ORIENTED_EDGE('',*,*,#5548,.F.);
#3513=ORIENTED_EDGE('',*,*,#5552,.T.);
#3514=ORIENTED_EDGE('',*,*,#5555,.F.);
#3515=ORIENTED_EDGE('',*,*,#5558,.T.);
#3516=ORIENTED_EDGE('',*,*,#5561,.T.);
#3517=ORIENTED_EDGE('',*,*,#5564,.T.);
#3518=ORIENTED_EDGE('',*,*,#5567,.T.);
#3519=ORIENTED_EDGE('',*,*,#6245,.T.);
#3520=ORIENTED_EDGE('',*,*,#5526,.F.);
#3521=ORIENTED_EDGE('',*,*,#5530,.T.);
#3522=ORIENTED_EDGE('',*,*,#5533,.T.);
#3523=ORIENTED_EDGE('',*,*,#5536,.T.);
#3524=ORIENTED_EDGE('',*,*,#5539,.T.);
#3525=ORIENTED_EDGE('',*,*,#5542,.T.);
#3526=ORIENTED_EDGE('',*,*,#5545,.F.);
#3527=ORIENTED_EDGE('',*,*,#6243,.T.);
#3528=ORIENTED_EDGE('',*,*,#5504,.F.);
#3529=ORIENTED_EDGE('',*,*,#5508,.T.);
#3530=ORIENTED_EDGE('',*,*,#5511,.F.);
#3531=ORIENTED_EDGE('',*,*,#5514,.T.);
#3532=ORIENTED_EDGE('',*,*,#5517,.F.);
#3533=ORIENTED_EDGE('',*,*,#5520,.T.);
#3534=ORIENTED_EDGE('',*,*,#5523,.T.);
#3535=ORIENTED_EDGE('',*,*,#6241,.T.);
#3536=ORIENTED_EDGE('',*,*,#5482,.F.);
#3537=ORIENTED_EDGE('',*,*,#5486,.T.);
#3538=ORIENTED_EDGE('',*,*,#5489,.T.);
#3539=ORIENTED_EDGE('',*,*,#5492,.T.);
#3540=ORIENTED_EDGE('',*,*,#5495,.T.);
#3541=ORIENTED_EDGE('',*,*,#5498,.T.);
#3542=ORIENTED_EDGE('',*,*,#5501,.F.);
#3543=ORIENTED_EDGE('',*,*,#6239,.T.);
#3544=ORIENTED_EDGE('',*,*,#5460,.F.);
#3545=ORIENTED_EDGE('',*,*,#5464,.T.);
#3546=ORIENTED_EDGE('',*,*,#5467,.F.);
#3547=ORIENTED_EDGE('',*,*,#5470,.T.);
#3548=ORIENTED_EDGE('',*,*,#5473,.F.);
#3549=ORIENTED_EDGE('',*,*,#5476,.T.);
#3550=ORIENTED_EDGE('',*,*,#5479,.T.);
#3551=ORIENTED_EDGE('',*,*,#6237,.T.);
#3552=ORIENTED_EDGE('',*,*,#5438,.F.);
#3553=ORIENTED_EDGE('',*,*,#5442,.T.);
#3554=ORIENTED_EDGE('',*,*,#5445,.T.);
#3555=ORIENTED_EDGE('',*,*,#5448,.T.);
#3556=ORIENTED_EDGE('',*,*,#5451,.T.);
#3557=ORIENTED_EDGE('',*,*,#5454,.T.);
#3558=ORIENTED_EDGE('',*,*,#5457,.T.);
#3559=ORIENTED_EDGE('',*,*,#6235,.T.);
#3560=ORIENTED_EDGE('',*,*,#5416,.T.);
#3561=ORIENTED_EDGE('',*,*,#5420,.T.);
#3562=ORIENTED_EDGE('',*,*,#5423,.F.);
#3563=ORIENTED_EDGE('',*,*,#5426,.T.);
#3564=ORIENTED_EDGE('',*,*,#5429,.F.);
#3565=ORIENTED_EDGE('',*,*,#5432,.T.);
#3566=ORIENTED_EDGE('',*,*,#5435,.T.);
#3567=ORIENTED_EDGE('',*,*,#6233,.T.);
#3568=ORIENTED_EDGE('',*,*,#5394,.T.);
#3569=ORIENTED_EDGE('',*,*,#5398,.T.);
#3570=ORIENTED_EDGE('',*,*,#5401,.T.);
#3571=ORIENTED_EDGE('',*,*,#5404,.T.);
#3572=ORIENTED_EDGE('',*,*,#5407,.F.);
#3573=ORIENTED_EDGE('',*,*,#5410,.T.);
#3574=ORIENTED_EDGE('',*,*,#5413,.F.);
#3575=ORIENTED_EDGE('',*,*,#6231,.T.);
#3576=ORIENTED_EDGE('',*,*,#5372,.F.);
#3577=ORIENTED_EDGE('',*,*,#5376,.T.);
#3578=ORIENTED_EDGE('',*,*,#5379,.T.);
#3579=ORIENTED_EDGE('',*,*,#5382,.T.);
#3580=ORIENTED_EDGE('',*,*,#5385,.T.);
#3581=ORIENTED_EDGE('',*,*,#5388,.T.);
#3582=ORIENTED_EDGE('',*,*,#5391,.F.);
#3583=ORIENTED_EDGE('',*,*,#6229,.T.);
#3584=ORIENTED_EDGE('',*,*,#5350,.F.);
#3585=ORIENTED_EDGE('',*,*,#5354,.T.);
#3586=ORIENTED_EDGE('',*,*,#5357,.T.);
#3587=ORIENTED_EDGE('',*,*,#5360,.T.);
#3588=ORIENTED_EDGE('',*,*,#5363,.T.);
#3589=ORIENTED_EDGE('',*,*,#5366,.T.);
#3590=ORIENTED_EDGE('',*,*,#5369,.F.);
#3591=ORIENTED_EDGE('',*,*,#6227,.T.);
#3592=ORIENTED_EDGE('',*,*,#5328,.F.);
#3593=ORIENTED_EDGE('',*,*,#5332,.T.);
#3594=ORIENTED_EDGE('',*,*,#5335,.F.);
#3595=ORIENTED_EDGE('',*,*,#5338,.T.);
#3596=ORIENTED_EDGE('',*,*,#5341,.T.);
#3597=ORIENTED_EDGE('',*,*,#5344,.T.);
#3598=ORIENTED_EDGE('',*,*,#5347,.T.);
#3599=ORIENTED_EDGE('',*,*,#6225,.T.);
#3600=ORIENTED_EDGE('',*,*,#5306,.T.);
#3601=ORIENTED_EDGE('',*,*,#5310,.T.);
#3602=ORIENTED_EDGE('',*,*,#5313,.F.);
#3603=ORIENTED_EDGE('',*,*,#5316,.T.);
#3604=ORIENTED_EDGE('',*,*,#5319,.F.);
#3605=ORIENTED_EDGE('',*,*,#5322,.T.);
#3606=ORIENTED_EDGE('',*,*,#5325,.T.);
#3607=ORIENTED_EDGE('',*,*,#6223,.T.);
#3608=ORIENTED_EDGE('',*,*,#5284,.T.);
#3609=ORIENTED_EDGE('',*,*,#5288,.T.);
#3610=ORIENTED_EDGE('',*,*,#5291,.T.);
#3611=ORIENTED_EDGE('',*,*,#5294,.T.);
#3612=ORIENTED_EDGE('',*,*,#5297,.F.);
#3613=ORIENTED_EDGE('',*,*,#5300,.T.);
#3614=ORIENTED_EDGE('',*,*,#5303,.F.);
#3615=ORIENTED_EDGE('',*,*,#6221,.T.);
#3616=ORIENTED_EDGE('',*,*,#5262,.T.);
#3617=ORIENTED_EDGE('',*,*,#5266,.T.);
#3618=ORIENTED_EDGE('',*,*,#5269,.F.);
#3619=ORIENTED_EDGE('',*,*,#5272,.T.);
#3620=ORIENTED_EDGE('',*,*,#5275,.F.);
#3621=ORIENTED_EDGE('',*,*,#5278,.T.);
#3622=ORIENTED_EDGE('',*,*,#5281,.T.);
#3623=ORIENTED_EDGE('',*,*,#6219,.T.);
#3624=ORIENTED_EDGE('',*,*,#5240,.T.);
#3625=ORIENTED_EDGE('',*,*,#5244,.T.);
#3626=ORIENTED_EDGE('',*,*,#5247,.T.);
#3627=ORIENTED_EDGE('',*,*,#5250,.T.);
#3628=ORIENTED_EDGE('',*,*,#5253,.F.);
#3629=ORIENTED_EDGE('',*,*,#5256,.T.);
#3630=ORIENTED_EDGE('',*,*,#5259,.F.);
#3631=ORIENTED_EDGE('',*,*,#6217,.T.);
#3632=ORIENTED_EDGE('',*,*,#5218,.T.);
#3633=ORIENTED_EDGE('',*,*,#5222,.T.);
#3634=ORIENTED_EDGE('',*,*,#5225,.F.);
#3635=ORIENTED_EDGE('',*,*,#5228,.T.);
#3636=ORIENTED_EDGE('',*,*,#5231,.F.);
#3637=ORIENTED_EDGE('',*,*,#5234,.T.);
#3638=ORIENTED_EDGE('',*,*,#5237,.T.);
#3639=ORIENTED_EDGE('',*,*,#6215,.T.);
#3640=ORIENTED_EDGE('',*,*,#5196,.T.);
#3641=ORIENTED_EDGE('',*,*,#5200,.T.);
#3642=ORIENTED_EDGE('',*,*,#5203,.T.);
#3643=ORIENTED_EDGE('',*,*,#5206,.T.);
#3644=ORIENTED_EDGE('',*,*,#5209,.F.);
#3645=ORIENTED_EDGE('',*,*,#5212,.T.);
#3646=ORIENTED_EDGE('',*,*,#5215,.F.);
#3647=ORIENTED_EDGE('',*,*,#6213,.T.);
#3648=ORIENTED_EDGE('',*,*,#5174,.T.);
#3649=ORIENTED_EDGE('',*,*,#5178,.T.);
#3650=ORIENTED_EDGE('',*,*,#5181,.F.);
#3651=ORIENTED_EDGE('',*,*,#5184,.T.);
#3652=ORIENTED_EDGE('',*,*,#5187,.F.);
#3653=ORIENTED_EDGE('',*,*,#5190,.T.);
#3654=ORIENTED_EDGE('',*,*,#5193,.T.);
#3655=ORIENTED_EDGE('',*,*,#6211,.T.);
#3656=ORIENTED_EDGE('',*,*,#5152,.F.);
#3657=ORIENTED_EDGE('',*,*,#5156,.T.);
#3658=ORIENTED_EDGE('',*,*,#5159,.F.);
#3659=ORIENTED_EDGE('',*,*,#5162,.T.);
#3660=ORIENTED_EDGE('',*,*,#5165,.T.);
#3661=ORIENTED_EDGE('',*,*,#5168,.T.);
#3662=ORIENTED_EDGE('',*,*,#5171,.T.);
#3663=ORIENTED_EDGE('',*,*,#6209,.T.);
#3664=ORIENTED_EDGE('',*,*,#5130,.T.);
#3665=ORIENTED_EDGE('',*,*,#5134,.T.);
#3666=ORIENTED_EDGE('',*,*,#5137,.F.);
#3667=ORIENTED_EDGE('',*,*,#5140,.T.);
#3668=ORIENTED_EDGE('',*,*,#5143,.F.);
#3669=ORIENTED_EDGE('',*,*,#5146,.T.);
#3670=ORIENTED_EDGE('',*,*,#5149,.T.);
#3671=ORIENTED_EDGE('',*,*,#6207,.T.);
#3672=ORIENTED_EDGE('',*,*,#5108,.F.);
#3673=ORIENTED_EDGE('',*,*,#5112,.T.);
#3674=ORIENTED_EDGE('',*,*,#5115,.F.);
#3675=ORIENTED_EDGE('',*,*,#5118,.T.);
#3676=ORIENTED_EDGE('',*,*,#5121,.T.);
#3677=ORIENTED_EDGE('',*,*,#5124,.T.);
#3678=ORIENTED_EDGE('',*,*,#5127,.T.);
#3679=ORIENTED_EDGE('',*,*,#6205,.T.);
#3680=ORIENTED_EDGE('',*,*,#5086,.T.);
#3681=ORIENTED_EDGE('',*,*,#5090,.T.);
#3682=ORIENTED_EDGE('',*,*,#5093,.T.);
#3683=ORIENTED_EDGE('',*,*,#5096,.T.);
#3684=ORIENTED_EDGE('',*,*,#5099,.F.);
#3685=ORIENTED_EDGE('',*,*,#5102,.T.);
#3686=ORIENTED_EDGE('',*,*,#5105,.T.);
#3687=ORIENTED_EDGE('',*,*,#6203,.T.);
#3688=ORIENTED_EDGE('',*,*,#5064,.F.);
#3689=ORIENTED_EDGE('',*,*,#5068,.T.);
#3690=ORIENTED_EDGE('',*,*,#5071,.T.);
#3691=ORIENTED_EDGE('',*,*,#5074,.T.);
#3692=ORIENTED_EDGE('',*,*,#5077,.T.);
#3693=ORIENTED_EDGE('',*,*,#5080,.T.);
#3694=ORIENTED_EDGE('',*,*,#5083,.F.);
#3695=ORIENTED_EDGE('',*,*,#6201,.T.);
#3696=ORIENTED_EDGE('',*,*,#5042,.F.);
#3697=ORIENTED_EDGE('',*,*,#5046,.T.);
#3698=ORIENTED_EDGE('',*,*,#5049,.F.);
#3699=ORIENTED_EDGE('',*,*,#5052,.T.);
#3700=ORIENTED_EDGE('',*,*,#5055,.T.);
#3701=ORIENTED_EDGE('',*,*,#5058,.T.);
#3702=ORIENTED_EDGE('',*,*,#5061,.T.);
#3703=ORIENTED_EDGE('',*,*,#6199,.T.);
#3704=ORIENTED_EDGE('',*,*,#5020,.T.);
#3705=ORIENTED_EDGE('',*,*,#5024,.T.);
#3706=ORIENTED_EDGE('',*,*,#5027,.F.);
#3707=ORIENTED_EDGE('',*,*,#5030,.T.);
#3708=ORIENTED_EDGE('',*,*,#5033,.F.);
#3709=ORIENTED_EDGE('',*,*,#5036,.T.);
#3710=ORIENTED_EDGE('',*,*,#5039,.T.);
#3711=ORIENTED_EDGE('',*,*,#6197,.T.);
#3712=ORIENTED_EDGE('',*,*,#4998,.F.);
#3713=ORIENTED_EDGE('',*,*,#5002,.T.);
#3714=ORIENTED_EDGE('',*,*,#5005,.F.);
#3715=ORIENTED_EDGE('',*,*,#5008,.T.);
#3716=ORIENTED_EDGE('',*,*,#5011,.T.);
#3717=ORIENTED_EDGE('',*,*,#5014,.T.);
#3718=ORIENTED_EDGE('',*,*,#5017,.T.);
#3719=ORIENTED_EDGE('',*,*,#6195,.T.);
#3720=ORIENTED_EDGE('',*,*,#4976,.F.);
#3721=ORIENTED_EDGE('',*,*,#4980,.T.);
#3722=ORIENTED_EDGE('',*,*,#4983,.F.);
#3723=ORIENTED_EDGE('',*,*,#4986,.T.);
#3724=ORIENTED_EDGE('',*,*,#4989,.T.);
#3725=ORIENTED_EDGE('',*,*,#4992,.T.);
#3726=ORIENTED_EDGE('',*,*,#4995,.T.);
#3727=ORIENTED_EDGE('',*,*,#6193,.T.);
#3728=ORIENTED_EDGE('',*,*,#4954,.F.);
#3729=ORIENTED_EDGE('',*,*,#4958,.T.);
#3730=ORIENTED_EDGE('',*,*,#4961,.F.);
#3731=ORIENTED_EDGE('',*,*,#4964,.T.);
#3732=ORIENTED_EDGE('',*,*,#4967,.T.);
#3733=ORIENTED_EDGE('',*,*,#4970,.T.);
#3734=ORIENTED_EDGE('',*,*,#4973,.T.);
#3735=ORIENTED_EDGE('',*,*,#6191,.T.);
#3736=ORIENTED_EDGE('',*,*,#4932,.T.);
#3737=ORIENTED_EDGE('',*,*,#4936,.T.);
#3738=ORIENTED_EDGE('',*,*,#4939,.T.);
#3739=ORIENTED_EDGE('',*,*,#4942,.T.);
#3740=ORIENTED_EDGE('',*,*,#4945,.F.);
#3741=ORIENTED_EDGE('',*,*,#4948,.T.);
#3742=ORIENTED_EDGE('',*,*,#4951,.T.);
#3743=ORIENTED_EDGE('',*,*,#6189,.T.);
#3744=ORIENTED_EDGE('',*,*,#4910,.T.);
#3745=ORIENTED_EDGE('',*,*,#4914,.T.);
#3746=ORIENTED_EDGE('',*,*,#4917,.F.);
#3747=ORIENTED_EDGE('',*,*,#4920,.T.);
#3748=ORIENTED_EDGE('',*,*,#4923,.F.);
#3749=ORIENTED_EDGE('',*,*,#4926,.T.);
#3750=ORIENTED_EDGE('',*,*,#4929,.T.);
#3751=ORIENTED_EDGE('',*,*,#6187,.T.);
#3752=ORIENTED_EDGE('',*,*,#4888,.T.);
#3753=ORIENTED_EDGE('',*,*,#4892,.T.);
#3754=ORIENTED_EDGE('',*,*,#4895,.T.);
#3755=ORIENTED_EDGE('',*,*,#4898,.T.);
#3756=ORIENTED_EDGE('',*,*,#4901,.F.);
#3757=ORIENTED_EDGE('',*,*,#4904,.T.);
#3758=ORIENTED_EDGE('',*,*,#4907,.F.);
#3759=ORIENTED_EDGE('',*,*,#6185,.T.);
#3760=ORIENTED_EDGE('',*,*,#4866,.F.);
#3761=ORIENTED_EDGE('',*,*,#4870,.T.);
#3762=ORIENTED_EDGE('',*,*,#4873,.T.);
#3763=ORIENTED_EDGE('',*,*,#4876,.T.);
#3764=ORIENTED_EDGE('',*,*,#4879,.T.);
#3765=ORIENTED_EDGE('',*,*,#4882,.T.);
#3766=ORIENTED_EDGE('',*,*,#4885,.F.);
#3767=ORIENTED_EDGE('',*,*,#6183,.T.);
#3768=ORIENTED_EDGE('',*,*,#4844,.F.);
#3769=ORIENTED_EDGE('',*,*,#4848,.T.);
#3770=ORIENTED_EDGE('',*,*,#4851,.T.);
#3771=ORIENTED_EDGE('',*,*,#4854,.T.);
#3772=ORIENTED_EDGE('',*,*,#4857,.T.);
#3773=ORIENTED_EDGE('',*,*,#4860,.T.);
#3774=ORIENTED_EDGE('',*,*,#4863,.F.);
#3775=ORIENTED_EDGE('',*,*,#6181,.T.);
#3776=ORIENTED_EDGE('',*,*,#4822,.F.);
#3777=ORIENTED_EDGE('',*,*,#4826,.T.);
#3778=ORIENTED_EDGE('',*,*,#4829,.F.);
#3779=ORIENTED_EDGE('',*,*,#4832,.T.);
#3780=ORIENTED_EDGE('',*,*,#4835,.T.);
#3781=ORIENTED_EDGE('',*,*,#4838,.T.);
#3782=ORIENTED_EDGE('',*,*,#4841,.T.);
#3783=ORIENTED_EDGE('',*,*,#6179,.T.);
#3784=ORIENTED_EDGE('',*,*,#4800,.T.);
#3785=ORIENTED_EDGE('',*,*,#4804,.T.);
#3786=ORIENTED_EDGE('',*,*,#4807,.F.);
#3787=ORIENTED_EDGE('',*,*,#4810,.T.);
#3788=ORIENTED_EDGE('',*,*,#4813,.F.);
#3789=ORIENTED_EDGE('',*,*,#4816,.T.);
#3790=ORIENTED_EDGE('',*,*,#4819,.T.);
#3791=ORIENTED_EDGE('',*,*,#6177,.T.);
#3792=ORIENTED_EDGE('',*,*,#4778,.F.);
#3793=ORIENTED_EDGE('',*,*,#4782,.T.);
#3794=ORIENTED_EDGE('',*,*,#4785,.F.);
#3795=ORIENTED_EDGE('',*,*,#4788,.T.);
#3796=ORIENTED_EDGE('',*,*,#4791,.T.);
#3797=ORIENTED_EDGE('',*,*,#4794,.T.);
#3798=ORIENTED_EDGE('',*,*,#4797,.T.);
#3799=ORIENTED_EDGE('',*,*,#6175,.T.);
#3800=ORIENTED_EDGE('',*,*,#4756,.F.);
#3801=ORIENTED_EDGE('',*,*,#4760,.T.);
#3802=ORIENTED_EDGE('',*,*,#4763,.T.);
#3803=ORIENTED_EDGE('',*,*,#4766,.T.);
#3804=ORIENTED_EDGE('',*,*,#4769,.T.);
#3805=ORIENTED_EDGE('',*,*,#4772,.T.);
#3806=ORIENTED_EDGE('',*,*,#4775,.F.);
#3807=ORIENTED_EDGE('',*,*,#6173,.T.);
#3808=ORIENTED_EDGE('',*,*,#4734,.F.);
#3809=ORIENTED_EDGE('',*,*,#4738,.T.);
#3810=ORIENTED_EDGE('',*,*,#4741,.F.);
#3811=ORIENTED_EDGE('',*,*,#4744,.T.);
#3812=ORIENTED_EDGE('',*,*,#4747,.T.);
#3813=ORIENTED_EDGE('',*,*,#4750,.T.);
#3814=ORIENTED_EDGE('',*,*,#4753,.T.);
#3815=ORIENTED_EDGE('',*,*,#6171,.T.);
#3816=ORIENTED_EDGE('',*,*,#4712,.T.);
#3817=ORIENTED_EDGE('',*,*,#4716,.T.);
#3818=ORIENTED_EDGE('',*,*,#4719,.F.);
#3819=ORIENTED_EDGE('',*,*,#4722,.T.);
#3820=ORIENTED_EDGE('',*,*,#4725,.F.);
#3821=ORIENTED_EDGE('',*,*,#4728,.T.);
#3822=ORIENTED_EDGE('',*,*,#4731,.T.);
#3823=ORIENTED_EDGE('',*,*,#6169,.T.);
#3824=ORIENTED_EDGE('',*,*,#4690,.F.);
#3825=ORIENTED_EDGE('',*,*,#4694,.T.);
#3826=ORIENTED_EDGE('',*,*,#4697,.F.);
#3827=ORIENTED_EDGE('',*,*,#4700,.T.);
#3828=ORIENTED_EDGE('',*,*,#4703,.T.);
#3829=ORIENTED_EDGE('',*,*,#4706,.T.);
#3830=ORIENTED_EDGE('',*,*,#4709,.T.);
#3831=ORIENTED_EDGE('',*,*,#6167,.T.);
#3832=ORIENTED_EDGE('',*,*,#4668,.F.);
#3833=ORIENTED_EDGE('',*,*,#4672,.T.);
#3834=ORIENTED_EDGE('',*,*,#4675,.F.);
#3835=ORIENTED_EDGE('',*,*,#4678,.T.);
#3836=ORIENTED_EDGE('',*,*,#4681,.T.);
#3837=ORIENTED_EDGE('',*,*,#4684,.T.);
#3838=ORIENTED_EDGE('',*,*,#4687,.T.);
#3839=ORIENTED_EDGE('',*,*,#6165,.T.);
#3840=ORIENTED_EDGE('',*,*,#4646,.T.);
#3841=ORIENTED_EDGE('',*,*,#4650,.T.);
#3842=ORIENTED_EDGE('',*,*,#4653,.F.);
#3843=ORIENTED_EDGE('',*,*,#4656,.T.);
#3844=ORIENTED_EDGE('',*,*,#4659,.F.);
#3845=ORIENTED_EDGE('',*,*,#4662,.T.);
#3846=ORIENTED_EDGE('',*,*,#4665,.T.);
#3847=ORIENTED_EDGE('',*,*,#6163,.T.);
#3848=ORIENTED_EDGE('',*,*,#4624,.F.);
#3849=ORIENTED_EDGE('',*,*,#4628,.T.);
#3850=ORIENTED_EDGE('',*,*,#4631,.F.);
#3851=ORIENTED_EDGE('',*,*,#4634,.T.);
#3852=ORIENTED_EDGE('',*,*,#4637,.T.);
#3853=ORIENTED_EDGE('',*,*,#4640,.T.);
#3854=ORIENTED_EDGE('',*,*,#4643,.T.);
#3855=ORIENTED_EDGE('',*,*,#6161,.T.);
#3856=ORIENTED_EDGE('',*,*,#4602,.F.);
#3857=ORIENTED_EDGE('',*,*,#4606,.T.);
#3858=ORIENTED_EDGE('',*,*,#4609,.T.);
#3859=ORIENTED_EDGE('',*,*,#4612,.T.);
#3860=ORIENTED_EDGE('',*,*,#4615,.T.);
#3861=ORIENTED_EDGE('',*,*,#4618,.T.);
#3862=ORIENTED_EDGE('',*,*,#4621,.F.);
#3863=ORIENTED_EDGE('',*,*,#6159,.T.);
#3864=ORIENTED_EDGE('',*,*,#4580,.F.);
#3865=ORIENTED_EDGE('',*,*,#4584,.T.);
#3866=ORIENTED_EDGE('',*,*,#4587,.T.);
#3867=ORIENTED_EDGE('',*,*,#4590,.T.);
#3868=ORIENTED_EDGE('',*,*,#4593,.T.);
#3869=ORIENTED_EDGE('',*,*,#4596,.T.);
#3870=ORIENTED_EDGE('',*,*,#4599,.F.);
#3871=ORIENTED_EDGE('',*,*,#6157,.T.);
#3872=ORIENTED_EDGE('',*,*,#4558,.F.);
#3873=ORIENTED_EDGE('',*,*,#4562,.T.);
#3874=ORIENTED_EDGE('',*,*,#4565,.F.);
#3875=ORIENTED_EDGE('',*,*,#4568,.T.);
#3876=ORIENTED_EDGE('',*,*,#4571,.T.);
#3877=ORIENTED_EDGE('',*,*,#4574,.T.);
#3878=ORIENTED_EDGE('',*,*,#4577,.T.);
#3879=ORIENTED_EDGE('',*,*,#6155,.T.);
#3880=ORIENTED_EDGE('',*,*,#4536,.T.);
#3881=ORIENTED_EDGE('',*,*,#4540,.T.);
#3882=ORIENTED_EDGE('',*,*,#4543,.F.);
#3883=ORIENTED_EDGE('',*,*,#4546,.T.);
#3884=ORIENTED_EDGE('',*,*,#4549,.F.);
#3885=ORIENTED_EDGE('',*,*,#4552,.T.);
#3886=ORIENTED_EDGE('',*,*,#4555,.T.);
#3887=ORIENTED_EDGE('',*,*,#6153,.T.);
#3888=ORIENTED_EDGE('',*,*,#4514,.F.);
#3889=ORIENTED_EDGE('',*,*,#4518,.T.);
#3890=ORIENTED_EDGE('',*,*,#4521,.F.);
#3891=ORIENTED_EDGE('',*,*,#4524,.T.);
#3892=ORIENTED_EDGE('',*,*,#4527,.T.);
#3893=ORIENTED_EDGE('',*,*,#4530,.T.);
#3894=ORIENTED_EDGE('',*,*,#4533,.T.);
#3895=ORIENTED_EDGE('',*,*,#6303,.T.);
#3896=ORIENTED_EDGE('',*,*,#6150,.F.);
#3897=ORIENTED_EDGE('',*,*,#6308,.T.);
#3898=ORIENTED_EDGE('',*,*,#6144,.F.);
#3899=ORIENTED_EDGE('',*,*,#6309,.T.);
#3900=ORIENTED_EDGE('',*,*,#6142,.F.);
#3901=ORIENTED_EDGE('',*,*,#6310,.T.);
#3902=ORIENTED_EDGE('',*,*,#6300,.T.);
#3903=ORIENTED_EDGE('',*,*,#6311,.T.);
#3904=ORIENTED_EDGE('',*,*,#6118,.T.);
#3905=ORIENTED_EDGE('',*,*,#6296,.F.);
#3906=ORIENTED_EDGE('',*,*,#6137,.F.);
#3907=ORIENTED_EDGE('',*,*,#6134,.F.);
#3908=ORIENTED_EDGE('',*,*,#6131,.F.);
#3909=ORIENTED_EDGE('',*,*,#6128,.F.);
#3910=ORIENTED_EDGE('',*,*,#6125,.T.);
#3911=ORIENTED_EDGE('',*,*,#6122,.F.);
#3912=ORIENTED_EDGE('',*,*,#6096,.F.);
#3913=ORIENTED_EDGE('',*,*,#6294,.F.);
#3914=ORIENTED_EDGE('',*,*,#6115,.F.);
#3915=ORIENTED_EDGE('',*,*,#6112,.F.);
#3916=ORIENTED_EDGE('',*,*,#6109,.T.);
#3917=ORIENTED_EDGE('',*,*,#6106,.F.);
#3918=ORIENTED_EDGE('',*,*,#6103,.T.);
#3919=ORIENTED_EDGE('',*,*,#6100,.F.);
#3920=ORIENTED_EDGE('',*,*,#6074,.F.);
#3921=ORIENTED_EDGE('',*,*,#6292,.F.);
#3922=ORIENTED_EDGE('',*,*,#6093,.F.);
#3923=ORIENTED_EDGE('',*,*,#6090,.F.);
#3924=ORIENTED_EDGE('',*,*,#6087,.T.);
#3925=ORIENTED_EDGE('',*,*,#6084,.F.);
#3926=ORIENTED_EDGE('',*,*,#6081,.T.);
#3927=ORIENTED_EDGE('',*,*,#6078,.F.);
#3928=ORIENTED_EDGE('',*,*,#6052,.F.);
#3929=ORIENTED_EDGE('',*,*,#6290,.F.);
#3930=ORIENTED_EDGE('',*,*,#6071,.F.);
#3931=ORIENTED_EDGE('',*,*,#6068,.F.);
#3932=ORIENTED_EDGE('',*,*,#6065,.T.);
#3933=ORIENTED_EDGE('',*,*,#6062,.F.);
#3934=ORIENTED_EDGE('',*,*,#6059,.T.);
#3935=ORIENTED_EDGE('',*,*,#6056,.F.);
#3936=ORIENTED_EDGE('',*,*,#6030,.F.);
#3937=ORIENTED_EDGE('',*,*,#6288,.F.);
#3938=ORIENTED_EDGE('',*,*,#6049,.F.);
#3939=ORIENTED_EDGE('',*,*,#6046,.F.);
#3940=ORIENTED_EDGE('',*,*,#6043,.T.);
#3941=ORIENTED_EDGE('',*,*,#6040,.F.);
#3942=ORIENTED_EDGE('',*,*,#6037,.T.);
#3943=ORIENTED_EDGE('',*,*,#6034,.F.);
#3944=ORIENTED_EDGE('',*,*,#6008,.F.);
#3945=ORIENTED_EDGE('',*,*,#6286,.F.);
#3946=ORIENTED_EDGE('',*,*,#6027,.F.);
#3947=ORIENTED_EDGE('',*,*,#6024,.F.);
#3948=ORIENTED_EDGE('',*,*,#6021,.T.);
#3949=ORIENTED_EDGE('',*,*,#6018,.F.);
#3950=ORIENTED_EDGE('',*,*,#6015,.T.);
#3951=ORIENTED_EDGE('',*,*,#6012,.F.);
#3952=ORIENTED_EDGE('',*,*,#5986,.F.);
#3953=ORIENTED_EDGE('',*,*,#6284,.F.);
#3954=ORIENTED_EDGE('',*,*,#6005,.T.);
#3955=ORIENTED_EDGE('',*,*,#6002,.F.);
#3956=ORIENTED_EDGE('',*,*,#5999,.T.);
#3957=ORIENTED_EDGE('',*,*,#5996,.F.);
#3958=ORIENTED_EDGE('',*,*,#5993,.F.);
#3959=ORIENTED_EDGE('',*,*,#5990,.F.);
#3960=ORIENTED_EDGE('',*,*,#5964,.F.);
#3961=ORIENTED_EDGE('',*,*,#6282,.F.);
#3962=ORIENTED_EDGE('',*,*,#5983,.F.);
#3963=ORIENTED_EDGE('',*,*,#5980,.F.);
#3964=ORIENTED_EDGE('',*,*,#5977,.T.);
#3965=ORIENTED_EDGE('',*,*,#5974,.F.);
#3966=ORIENTED_EDGE('',*,*,#5971,.T.);
#3967=ORIENTED_EDGE('',*,*,#5968,.F.);
#3968=ORIENTED_EDGE('',*,*,#5942,.F.);
#3969=ORIENTED_EDGE('',*,*,#6280,.F.);
#3970=ORIENTED_EDGE('',*,*,#5961,.T.);
#3971=ORIENTED_EDGE('',*,*,#5958,.F.);
#3972=ORIENTED_EDGE('',*,*,#5955,.T.);
#3973=ORIENTED_EDGE('',*,*,#5952,.F.);
#3974=ORIENTED_EDGE('',*,*,#5949,.F.);
#3975=ORIENTED_EDGE('',*,*,#5946,.F.);
#3976=ORIENTED_EDGE('',*,*,#5920,.F.);
#3977=ORIENTED_EDGE('',*,*,#6278,.F.);
#3978=ORIENTED_EDGE('',*,*,#5939,.F.);
#3979=ORIENTED_EDGE('',*,*,#5936,.F.);
#3980=ORIENTED_EDGE('',*,*,#5933,.T.);
#3981=ORIENTED_EDGE('',*,*,#5930,.F.);
#3982=ORIENTED_EDGE('',*,*,#5927,.T.);
#3983=ORIENTED_EDGE('',*,*,#5924,.F.);
#3984=ORIENTED_EDGE('',*,*,#5898,.F.);
#3985=ORIENTED_EDGE('',*,*,#6276,.F.);
#3986=ORIENTED_EDGE('',*,*,#5917,.T.);
#3987=ORIENTED_EDGE('',*,*,#5914,.F.);
#3988=ORIENTED_EDGE('',*,*,#5911,.T.);
#3989=ORIENTED_EDGE('',*,*,#5908,.F.);
#3990=ORIENTED_EDGE('',*,*,#5905,.F.);
#3991=ORIENTED_EDGE('',*,*,#5902,.F.);
#3992=ORIENTED_EDGE('',*,*,#5876,.F.);
#3993=ORIENTED_EDGE('',*,*,#6274,.F.);
#3994=ORIENTED_EDGE('',*,*,#5895,.F.);
#3995=ORIENTED_EDGE('',*,*,#5892,.F.);
#3996=ORIENTED_EDGE('',*,*,#5889,.T.);
#3997=ORIENTED_EDGE('',*,*,#5886,.F.);
#3998=ORIENTED_EDGE('',*,*,#5883,.T.);
#3999=ORIENTED_EDGE('',*,*,#5880,.F.);
#4000=ORIENTED_EDGE('',*,*,#5854,.F.);
#4001=ORIENTED_EDGE('',*,*,#6272,.F.);
#4002=ORIENTED_EDGE('',*,*,#5873,.T.);
#4003=ORIENTED_EDGE('',*,*,#5870,.F.);
#4004=ORIENTED_EDGE('',*,*,#5867,.T.);
#4005=ORIENTED_EDGE('',*,*,#5864,.F.);
#4006=ORIENTED_EDGE('',*,*,#5861,.F.);
#4007=ORIENTED_EDGE('',*,*,#5858,.F.);
#4008=ORIENTED_EDGE('',*,*,#5832,.T.);
#4009=ORIENTED_EDGE('',*,*,#6270,.F.);
#4010=ORIENTED_EDGE('',*,*,#5851,.T.);
#4011=ORIENTED_EDGE('',*,*,#5848,.F.);
#4012=ORIENTED_EDGE('',*,*,#5845,.F.);
#4013=ORIENTED_EDGE('',*,*,#5842,.F.);
#4014=ORIENTED_EDGE('',*,*,#5839,.F.);
#4015=ORIENTED_EDGE('',*,*,#5836,.F.);
#4016=ORIENTED_EDGE('',*,*,#5810,.T.);
#4017=ORIENTED_EDGE('',*,*,#6268,.F.);
#4018=ORIENTED_EDGE('',*,*,#5829,.F.);
#4019=ORIENTED_EDGE('',*,*,#5826,.F.);
#4020=ORIENTED_EDGE('',*,*,#5823,.F.);
#4021=ORIENTED_EDGE('',*,*,#5820,.F.);
#4022=ORIENTED_EDGE('',*,*,#5817,.T.);
#4023=ORIENTED_EDGE('',*,*,#5814,.F.);
#4024=ORIENTED_EDGE('',*,*,#5788,.F.);
#4025=ORIENTED_EDGE('',*,*,#6266,.F.);
#4026=ORIENTED_EDGE('',*,*,#5807,.T.);
#4027=ORIENTED_EDGE('',*,*,#5804,.F.);
#4028=ORIENTED_EDGE('',*,*,#5801,.T.);
#4029=ORIENTED_EDGE('',*,*,#5798,.F.);
#4030=ORIENTED_EDGE('',*,*,#5795,.F.);
#4031=ORIENTED_EDGE('',*,*,#5792,.F.);
#4032=ORIENTED_EDGE('',*,*,#5766,.F.);
#4033=ORIENTED_EDGE('',*,*,#6264,.F.);
#4034=ORIENTED_EDGE('',*,*,#5785,.F.);
#4035=ORIENTED_EDGE('',*,*,#5782,.F.);
#4036=ORIENTED_EDGE('',*,*,#5779,.T.);
#4037=ORIENTED_EDGE('',*,*,#5776,.F.);
#4038=ORIENTED_EDGE('',*,*,#5773,.T.);
#4039=ORIENTED_EDGE('',*,*,#5770,.F.);
#4040=ORIENTED_EDGE('',*,*,#5744,.F.);
#4041=ORIENTED_EDGE('',*,*,#6262,.F.);
#4042=ORIENTED_EDGE('',*,*,#5763,.T.);
#4043=ORIENTED_EDGE('',*,*,#5760,.F.);
#4044=ORIENTED_EDGE('',*,*,#5757,.T.);
#4045=ORIENTED_EDGE('',*,*,#5754,.F.);
#4046=ORIENTED_EDGE('',*,*,#5751,.F.);
#4047=ORIENTED_EDGE('',*,*,#5748,.F.);
#4048=ORIENTED_EDGE('',*,*,#5722,.F.);
#4049=ORIENTED_EDGE('',*,*,#6260,.F.);
#4050=ORIENTED_EDGE('',*,*,#5741,.F.);
#4051=ORIENTED_EDGE('',*,*,#5738,.F.);
#4052=ORIENTED_EDGE('',*,*,#5735,.T.);
#4053=ORIENTED_EDGE('',*,*,#5732,.F.);
#4054=ORIENTED_EDGE('',*,*,#5729,.T.);
#4055=ORIENTED_EDGE('',*,*,#5726,.F.);
#4056=ORIENTED_EDGE('',*,*,#5700,.F.);
#4057=ORIENTED_EDGE('',*,*,#6258,.F.);
#4058=ORIENTED_EDGE('',*,*,#5719,.T.);
#4059=ORIENTED_EDGE('',*,*,#5716,.F.);
#4060=ORIENTED_EDGE('',*,*,#5713,.T.);
#4061=ORIENTED_EDGE('',*,*,#5710,.F.);
#4062=ORIENTED_EDGE('',*,*,#5707,.F.);
#4063=ORIENTED_EDGE('',*,*,#5704,.F.);
#4064=ORIENTED_EDGE('',*,*,#5678,.T.);
#4065=ORIENTED_EDGE('',*,*,#6256,.F.);
#4066=ORIENTED_EDGE('',*,*,#5697,.F.);
#4067=ORIENTED_EDGE('',*,*,#5694,.F.);
#4068=ORIENTED_EDGE('',*,*,#5691,.F.);
#4069=ORIENTED_EDGE('',*,*,#5688,.F.);
#4070=ORIENTED_EDGE('',*,*,#5685,.T.);
#4071=ORIENTED_EDGE('',*,*,#5682,.F.);
#4072=ORIENTED_EDGE('',*,*,#5656,.F.);
#4073=ORIENTED_EDGE('',*,*,#6254,.F.);
#4074=ORIENTED_EDGE('',*,*,#5675,.F.);
#4075=ORIENTED_EDGE('',*,*,#5672,.F.);
#4076=ORIENTED_EDGE('',*,*,#5669,.T.);
#4077=ORIENTED_EDGE('',*,*,#5666,.F.);
#4078=ORIENTED_EDGE('',*,*,#5663,.T.);
#4079=ORIENTED_EDGE('',*,*,#5660,.F.);
#4080=ORIENTED_EDGE('',*,*,#5634,.T.);
#4081=ORIENTED_EDGE('',*,*,#6252,.F.);
#4082=ORIENTED_EDGE('',*,*,#5653,.F.);
#4083=ORIENTED_EDGE('',*,*,#5650,.F.);
#4084=ORIENTED_EDGE('',*,*,#5647,.F.);
#4085=ORIENTED_EDGE('',*,*,#5644,.F.);
#4086=ORIENTED_EDGE('',*,*,#5641,.T.);
#4087=ORIENTED_EDGE('',*,*,#5638,.F.);
#4088=ORIENTED_EDGE('',*,*,#5612,.T.);
#4089=ORIENTED_EDGE('',*,*,#6250,.F.);
#4090=ORIENTED_EDGE('',*,*,#5631,.T.);
#4091=ORIENTED_EDGE('',*,*,#5628,.F.);
#4092=ORIENTED_EDGE('',*,*,#5625,.F.);
#4093=ORIENTED_EDGE('',*,*,#5622,.F.);
#4094=ORIENTED_EDGE('',*,*,#5619,.F.);
#4095=ORIENTED_EDGE('',*,*,#5616,.F.);
#4096=ORIENTED_EDGE('',*,*,#5590,.T.);
#4097=ORIENTED_EDGE('',*,*,#6248,.F.);
#4098=ORIENTED_EDGE('',*,*,#5609,.F.);
#4099=ORIENTED_EDGE('',*,*,#5606,.F.);
#4100=ORIENTED_EDGE('',*,*,#5603,.F.);
#4101=ORIENTED_EDGE('',*,*,#5600,.F.);
#4102=ORIENTED_EDGE('',*,*,#5597,.T.);
#4103=ORIENTED_EDGE('',*,*,#5594,.F.);
#4104=ORIENTED_EDGE('',*,*,#5568,.F.);
#4105=ORIENTED_EDGE('',*,*,#6246,.F.);
#4106=ORIENTED_EDGE('',*,*,#5587,.F.);
#4107=ORIENTED_EDGE('',*,*,#5584,.F.);
#4108=ORIENTED_EDGE('',*,*,#5581,.T.);
#4109=ORIENTED_EDGE('',*,*,#5578,.F.);
#4110=ORIENTED_EDGE('',*,*,#5575,.T.);
#4111=ORIENTED_EDGE('',*,*,#5572,.F.);
#4112=ORIENTED_EDGE('',*,*,#5546,.T.);
#4113=ORIENTED_EDGE('',*,*,#6244,.F.);
#4114=ORIENTED_EDGE('',*,*,#5565,.F.);
#4115=ORIENTED_EDGE('',*,*,#5562,.F.);
#4116=ORIENTED_EDGE('',*,*,#5559,.F.);
#4117=ORIENTED_EDGE('',*,*,#5556,.F.);
#4118=ORIENTED_EDGE('',*,*,#5553,.T.);
#4119=ORIENTED_EDGE('',*,*,#5550,.F.);
#4120=ORIENTED_EDGE('',*,*,#5524,.T.);
#4121=ORIENTED_EDGE('',*,*,#6242,.F.);
#4122=ORIENTED_EDGE('',*,*,#5543,.T.);
#4123=ORIENTED_EDGE('',*,*,#5540,.F.);
#4124=ORIENTED_EDGE('',*,*,#5537,.F.);
#4125=ORIENTED_EDGE('',*,*,#5534,.F.);
#4126=ORIENTED_EDGE('',*,*,#5531,.F.);
#4127=ORIENTED_EDGE('',*,*,#5528,.F.);
#4128=ORIENTED_EDGE('',*,*,#5502,.T.);
#4129=ORIENTED_EDGE('',*,*,#6240,.F.);
#4130=ORIENTED_EDGE('',*,*,#5521,.F.);
#4131=ORIENTED_EDGE('',*,*,#5518,.F.);
#4132=ORIENTED_EDGE('',*,*,#5515,.T.);
#4133=ORIENTED_EDGE('',*,*,#5512,.F.);
#4134=ORIENTED_EDGE('',*,*,#5509,.T.);
#4135=ORIENTED_EDGE('',*,*,#5506,.F.);
#4136=ORIENTED_EDGE('',*,*,#5480,.T.);
#4137=ORIENTED_EDGE('',*,*,#6238,.F.);
#4138=ORIENTED_EDGE('',*,*,#5499,.T.);
#4139=ORIENTED_EDGE('',*,*,#5496,.F.);
#4140=ORIENTED_EDGE('',*,*,#5493,.F.);
#4141=ORIENTED_EDGE('',*,*,#5490,.F.);
#4142=ORIENTED_EDGE('',*,*,#5487,.F.);
#4143=ORIENTED_EDGE('',*,*,#5484,.F.);
#4144=ORIENTED_EDGE('',*,*,#5458,.T.);
#4145=ORIENTED_EDGE('',*,*,#6236,.F.);
#4146=ORIENTED_EDGE('',*,*,#5477,.F.);
#4147=ORIENTED_EDGE('',*,*,#5474,.F.);
#4148=ORIENTED_EDGE('',*,*,#5471,.T.);
#4149=ORIENTED_EDGE('',*,*,#5468,.F.);
#4150=ORIENTED_EDGE('',*,*,#5465,.T.);
#4151=ORIENTED_EDGE('',*,*,#5462,.F.);
#4152=ORIENTED_EDGE('',*,*,#5436,.T.);
#4153=ORIENTED_EDGE('',*,*,#6234,.F.);
#4154=ORIENTED_EDGE('',*,*,#5455,.F.);
#4155=ORIENTED_EDGE('',*,*,#5452,.F.);
#4156=ORIENTED_EDGE('',*,*,#5449,.F.);
#4157=ORIENTED_EDGE('',*,*,#5446,.F.);
#4158=ORIENTED_EDGE('',*,*,#5443,.F.);
#4159=ORIENTED_EDGE('',*,*,#5440,.F.);
#4160=ORIENTED_EDGE('',*,*,#5414,.F.);
#4161=ORIENTED_EDGE('',*,*,#6232,.F.);
#4162=ORIENTED_EDGE('',*,*,#5433,.F.);
#4163=ORIENTED_EDGE('',*,*,#5430,.F.);
#4164=ORIENTED_EDGE('',*,*,#5427,.T.);
#4165=ORIENTED_EDGE('',*,*,#5424,.F.);
#4166=ORIENTED_EDGE('',*,*,#5421,.T.);
#4167=ORIENTED_EDGE('',*,*,#5418,.F.);
#4168=ORIENTED_EDGE('',*,*,#5392,.F.);
#4169=ORIENTED_EDGE('',*,*,#6230,.F.);
#4170=ORIENTED_EDGE('',*,*,#5411,.T.);
#4171=ORIENTED_EDGE('',*,*,#5408,.F.);
#4172=ORIENTED_EDGE('',*,*,#5405,.T.);
#4173=ORIENTED_EDGE('',*,*,#5402,.F.);
#4174=ORIENTED_EDGE('',*,*,#5399,.F.);
#4175=ORIENTED_EDGE('',*,*,#5396,.F.);
#4176=ORIENTED_EDGE('',*,*,#5370,.T.);
#4177=ORIENTED_EDGE('',*,*,#6228,.F.);
#4178=ORIENTED_EDGE('',*,*,#5389,.T.);
#4179=ORIENTED_EDGE('',*,*,#5386,.F.);
#4180=ORIENTED_EDGE('',*,*,#5383,.F.);
#4181=ORIENTED_EDGE('',*,*,#5380,.F.);
#4182=ORIENTED_EDGE('',*,*,#5377,.F.);
#4183=ORIENTED_EDGE('',*,*,#5374,.F.);
#4184=ORIENTED_EDGE('',*,*,#5348,.T.);
#4185=ORIENTED_EDGE('',*,*,#6226,.F.);
#4186=ORIENTED_EDGE('',*,*,#5367,.T.);
#4187=ORIENTED_EDGE('',*,*,#5364,.F.);
#4188=ORIENTED_EDGE('',*,*,#5361,.F.);
#4189=ORIENTED_EDGE('',*,*,#5358,.F.);
#4190=ORIENTED_EDGE('',*,*,#5355,.F.);
#4191=ORIENTED_EDGE('',*,*,#5352,.F.);
#4192=ORIENTED_EDGE('',*,*,#5326,.T.);
#4193=ORIENTED_EDGE('',*,*,#6224,.F.);
#4194=ORIENTED_EDGE('',*,*,#5345,.F.);
#4195=ORIENTED_EDGE('',*,*,#5342,.F.);
#4196=ORIENTED_EDGE('',*,*,#5339,.F.);
#4197=ORIENTED_EDGE('',*,*,#5336,.F.);
#4198=ORIENTED_EDGE('',*,*,#5333,.T.);
#4199=ORIENTED_EDGE('',*,*,#5330,.F.);
#4200=ORIENTED_EDGE('',*,*,#5304,.F.);
#4201=ORIENTED_EDGE('',*,*,#6222,.F.);
#4202=ORIENTED_EDGE('',*,*,#5323,.F.);
#4203=ORIENTED_EDGE('',*,*,#5320,.F.);
#4204=ORIENTED_EDGE('',*,*,#5317,.T.);
#4205=ORIENTED_EDGE('',*,*,#5314,.F.);
#4206=ORIENTED_EDGE('',*,*,#5311,.T.);
#4207=ORIENTED_EDGE('',*,*,#5308,.F.);
#4208=ORIENTED_EDGE('',*,*,#5282,.F.);
#4209=ORIENTED_EDGE('',*,*,#6220,.F.);
#4210=ORIENTED_EDGE('',*,*,#5301,.T.);
#4211=ORIENTED_EDGE('',*,*,#5298,.F.);
#4212=ORIENTED_EDGE('',*,*,#5295,.T.);
#4213=ORIENTED_EDGE('',*,*,#5292,.F.);
#4214=ORIENTED_EDGE('',*,*,#5289,.F.);
#4215=ORIENTED_EDGE('',*,*,#5286,.F.);
#4216=ORIENTED_EDGE('',*,*,#5260,.F.);
#4217=ORIENTED_EDGE('',*,*,#6218,.F.);
#4218=ORIENTED_EDGE('',*,*,#5279,.F.);
#4219=ORIENTED_EDGE('',*,*,#5276,.F.);
#4220=ORIENTED_EDGE('',*,*,#5273,.T.);
#4221=ORIENTED_EDGE('',*,*,#5270,.F.);
#4222=ORIENTED_EDGE('',*,*,#5267,.T.);
#4223=ORIENTED_EDGE('',*,*,#5264,.F.);
#4224=ORIENTED_EDGE('',*,*,#5238,.F.);
#4225=ORIENTED_EDGE('',*,*,#6216,.F.);
#4226=ORIENTED_EDGE('',*,*,#5257,.T.);
#4227=ORIENTED_EDGE('',*,*,#5254,.F.);
#4228=ORIENTED_EDGE('',*,*,#5251,.T.);
#4229=ORIENTED_EDGE('',*,*,#5248,.F.);
#4230=ORIENTED_EDGE('',*,*,#5245,.F.);
#4231=ORIENTED_EDGE('',*,*,#5242,.F.);
#4232=ORIENTED_EDGE('',*,*,#5216,.F.);
#4233=ORIENTED_EDGE('',*,*,#6214,.F.);
#4234=ORIENTED_EDGE('',*,*,#5235,.F.);
#4235=ORIENTED_EDGE('',*,*,#5232,.F.);
#4236=ORIENTED_EDGE('',*,*,#5229,.T.);
#4237=ORIENTED_EDGE('',*,*,#5226,.F.);
#4238=ORIENTED_EDGE('',*,*,#5223,.T.);
#4239=ORIENTED_EDGE('',*,*,#5220,.F.);
#4240=ORIENTED_EDGE('',*,*,#5194,.F.);
#4241=ORIENTED_EDGE('',*,*,#6212,.F.);
#4242=ORIENTED_EDGE('',*,*,#5213,.T.);
#4243=ORIENTED_EDGE('',*,*,#5210,.F.);
#4244=ORIENTED_EDGE('',*,*,#5207,.T.);
#4245=ORIENTED_EDGE('',*,*,#5204,.F.);
#4246=ORIENTED_EDGE('',*,*,#5201,.F.);
#4247=ORIENTED_EDGE('',*,*,#5198,.F.);
#4248=ORIENTED_EDGE('',*,*,#5172,.F.);
#4249=ORIENTED_EDGE('',*,*,#6210,.F.);
#4250=ORIENTED_EDGE('',*,*,#5191,.F.);
#4251=ORIENTED_EDGE('',*,*,#5188,.F.);
#4252=ORIENTED_EDGE('',*,*,#5185,.T.);
#4253=ORIENTED_EDGE('',*,*,#5182,.F.);
#4254=ORIENTED_EDGE('',*,*,#5179,.T.);
#4255=ORIENTED_EDGE('',*,*,#5176,.F.);
#4256=ORIENTED_EDGE('',*,*,#5150,.T.);
#4257=ORIENTED_EDGE('',*,*,#6208,.F.);
#4258=ORIENTED_EDGE('',*,*,#5169,.F.);
#4259=ORIENTED_EDGE('',*,*,#5166,.F.);
#4260=ORIENTED_EDGE('',*,*,#5163,.F.);
#4261=ORIENTED_EDGE('',*,*,#5160,.F.);
#4262=ORIENTED_EDGE('',*,*,#5157,.T.);
#4263=ORIENTED_EDGE('',*,*,#5154,.F.);
#4264=ORIENTED_EDGE('',*,*,#5128,.F.);
#4265=ORIENTED_EDGE('',*,*,#6206,.F.);
#4266=ORIENTED_EDGE('',*,*,#5147,.F.);
#4267=ORIENTED_EDGE('',*,*,#5144,.F.);
#4268=ORIENTED_EDGE('',*,*,#5141,.T.);
#4269=ORIENTED_EDGE('',*,*,#5138,.F.);
#4270=ORIENTED_EDGE('',*,*,#5135,.T.);
#4271=ORIENTED_EDGE('',*,*,#5132,.F.);
#4272=ORIENTED_EDGE('',*,*,#5106,.T.);
#4273=ORIENTED_EDGE('',*,*,#6204,.F.);
#4274=ORIENTED_EDGE('',*,*,#5125,.F.);
#4275=ORIENTED_EDGE('',*,*,#5122,.F.);
#4276=ORIENTED_EDGE('',*,*,#5119,.F.);
#4277=ORIENTED_EDGE('',*,*,#5116,.F.);
#4278=ORIENTED_EDGE('',*,*,#5113,.T.);
#4279=ORIENTED_EDGE('',*,*,#5110,.F.);
#4280=ORIENTED_EDGE('',*,*,#5084,.F.);
#4281=ORIENTED_EDGE('',*,*,#6202,.F.);
#4282=ORIENTED_EDGE('',*,*,#5103,.F.);
#4283=ORIENTED_EDGE('',*,*,#5100,.F.);
#4284=ORIENTED_EDGE('',*,*,#5097,.T.);
#4285=ORIENTED_EDGE('',*,*,#5094,.F.);
#4286=ORIENTED_EDGE('',*,*,#5091,.F.);
#4287=ORIENTED_EDGE('',*,*,#5088,.F.);
#4288=ORIENTED_EDGE('',*,*,#5062,.T.);
#4289=ORIENTED_EDGE('',*,*,#6200,.F.);
#4290=ORIENTED_EDGE('',*,*,#5081,.T.);
#4291=ORIENTED_EDGE('',*,*,#5078,.F.);
#4292=ORIENTED_EDGE('',*,*,#5075,.F.);
#4293=ORIENTED_EDGE('',*,*,#5072,.F.);
#4294=ORIENTED_EDGE('',*,*,#5069,.F.);
#4295=ORIENTED_EDGE('',*,*,#5066,.F.);
#4296=ORIENTED_EDGE('',*,*,#5040,.T.);
#4297=ORIENTED_EDGE('',*,*,#6198,.F.);
#4298=ORIENTED_EDGE('',*,*,#5059,.F.);
#4299=ORIENTED_EDGE('',*,*,#5056,.F.);
#4300=ORIENTED_EDGE('',*,*,#5053,.F.);
#4301=ORIENTED_EDGE('',*,*,#5050,.F.);
#4302=ORIENTED_EDGE('',*,*,#5047,.T.);
#4303=ORIENTED_EDGE('',*,*,#5044,.F.);
#4304=ORIENTED_EDGE('',*,*,#5018,.F.);
#4305=ORIENTED_EDGE('',*,*,#6196,.F.);
#4306=ORIENTED_EDGE('',*,*,#5037,.F.);
#4307=ORIENTED_EDGE('',*,*,#5034,.F.);
#4308=ORIENTED_EDGE('',*,*,#5031,.T.);
#4309=ORIENTED_EDGE('',*,*,#5028,.F.);
#4310=ORIENTED_EDGE('',*,*,#5025,.T.);
#4311=ORIENTED_EDGE('',*,*,#5022,.F.);
#4312=ORIENTED_EDGE('',*,*,#4996,.T.);
#4313=ORIENTED_EDGE('',*,*,#6194,.F.);
#4314=ORIENTED_EDGE('',*,*,#5015,.F.);
#4315=ORIENTED_EDGE('',*,*,#5012,.F.);
#4316=ORIENTED_EDGE('',*,*,#5009,.F.);
#4317=ORIENTED_EDGE('',*,*,#5006,.F.);
#4318=ORIENTED_EDGE('',*,*,#5003,.T.);
#4319=ORIENTED_EDGE('',*,*,#5000,.F.);
#4320=ORIENTED_EDGE('',*,*,#4974,.T.);
#4321=ORIENTED_EDGE('',*,*,#6192,.F.);
#4322=ORIENTED_EDGE('',*,*,#4993,.F.);
#4323=ORIENTED_EDGE('',*,*,#4990,.F.);
#4324=ORIENTED_EDGE('',*,*,#4987,.F.);
#4325=ORIENTED_EDGE('',*,*,#4984,.F.);
#4326=ORIENTED_EDGE('',*,*,#4981,.T.);
#4327=ORIENTED_EDGE('',*,*,#4978,.F.);
#4328=ORIENTED_EDGE('',*,*,#4952,.T.);
#4329=ORIENTED_EDGE('',*,*,#6190,.F.);
#4330=ORIENTED_EDGE('',*,*,#4971,.F.);
#4331=ORIENTED_EDGE('',*,*,#4968,.F.);
#4332=ORIENTED_EDGE('',*,*,#4965,.F.);
#4333=ORIENTED_EDGE('',*,*,#4962,.F.);
#4334=ORIENTED_EDGE('',*,*,#4959,.T.);
#4335=ORIENTED_EDGE('',*,*,#4956,.F.);
#4336=ORIENTED_EDGE('',*,*,#4930,.F.);
#4337=ORIENTED_EDGE('',*,*,#6188,.F.);
#4338=ORIENTED_EDGE('',*,*,#4949,.F.);
#4339=ORIENTED_EDGE('',*,*,#4946,.F.);
#4340=ORIENTED_EDGE('',*,*,#4943,.T.);
#4341=ORIENTED_EDGE('',*,*,#4940,.F.);
#4342=ORIENTED_EDGE('',*,*,#4937,.F.);
#4343=ORIENTED_EDGE('',*,*,#4934,.F.);
#4344=ORIENTED_EDGE('',*,*,#4908,.F.);
#4345=ORIENTED_EDGE('',*,*,#6186,.F.);
#4346=ORIENTED_EDGE('',*,*,#4927,.F.);
#4347=ORIENTED_EDGE('',*,*,#4924,.F.);
#4348=ORIENTED_EDGE('',*,*,#4921,.T.);
#4349=ORIENTED_EDGE('',*,*,#4918,.F.);
#4350=ORIENTED_EDGE('',*,*,#4915,.T.);
#4351=ORIENTED_EDGE('',*,*,#4912,.F.);
#4352=ORIENTED_EDGE('',*,*,#4886,.F.);
#4353=ORIENTED_EDGE('',*,*,#6184,.F.);
#4354=ORIENTED_EDGE('',*,*,#4905,.T.);
#4355=ORIENTED_EDGE('',*,*,#4902,.F.);
#4356=ORIENTED_EDGE('',*,*,#4899,.T.);
#4357=ORIENTED_EDGE('',*,*,#4896,.F.);
#4358=ORIENTED_EDGE('',*,*,#4893,.F.);
#4359=ORIENTED_EDGE('',*,*,#4890,.F.);
#4360=ORIENTED_EDGE('',*,*,#4864,.T.);
#4361=ORIENTED_EDGE('',*,*,#6182,.F.);
#4362=ORIENTED_EDGE('',*,*,#4883,.T.);
#4363=ORIENTED_EDGE('',*,*,#4880,.F.);
#4364=ORIENTED_EDGE('',*,*,#4877,.F.);
#4365=ORIENTED_EDGE('',*,*,#4874,.F.);
#4366=ORIENTED_EDGE('',*,*,#4871,.F.);
#4367=ORIENTED_EDGE('',*,*,#4868,.F.);
#4368=ORIENTED_EDGE('',*,*,#4842,.T.);
#4369=ORIENTED_EDGE('',*,*,#6180,.F.);
#4370=ORIENTED_EDGE('',*,*,#4861,.T.);
#4371=ORIENTED_EDGE('',*,*,#4858,.F.);
#4372=ORIENTED_EDGE('',*,*,#4855,.F.);
#4373=ORIENTED_EDGE('',*,*,#4852,.F.);
#4374=ORIENTED_EDGE('',*,*,#4849,.F.);
#4375=ORIENTED_EDGE('',*,*,#4846,.F.);
#4376=ORIENTED_EDGE('',*,*,#4820,.T.);
#4377=ORIENTED_EDGE('',*,*,#6178,.F.);
#4378=ORIENTED_EDGE('',*,*,#4839,.F.);
#4379=ORIENTED_EDGE('',*,*,#4836,.F.);
#4380=ORIENTED_EDGE('',*,*,#4833,.F.);
#4381=ORIENTED_EDGE('',*,*,#4830,.F.);
#4382=ORIENTED_EDGE('',*,*,#4827,.T.);
#4383=ORIENTED_EDGE('',*,*,#4824,.F.);
#4384=ORIENTED_EDGE('',*,*,#4798,.F.);
#4385=ORIENTED_EDGE('',*,*,#6176,.F.);
#4386=ORIENTED_EDGE('',*,*,#4817,.F.);
#4387=ORIENTED_EDGE('',*,*,#4814,.F.);
#4388=ORIENTED_EDGE('',*,*,#4811,.T.);
#4389=ORIENTED_EDGE('',*,*,#4808,.F.);
#4390=ORIENTED_EDGE('',*,*,#4805,.T.);
#4391=ORIENTED_EDGE('',*,*,#4802,.F.);
#4392=ORIENTED_EDGE('',*,*,#4776,.T.);
#4393=ORIENTED_EDGE('',*,*,#6174,.F.);
#4394=ORIENTED_EDGE('',*,*,#4795,.F.);
#4395=ORIENTED_EDGE('',*,*,#4792,.F.);
#4396=ORIENTED_EDGE('',*,*,#4789,.F.);
#4397=ORIENTED_EDGE('',*,*,#4786,.F.);
#4398=ORIENTED_EDGE('',*,*,#4783,.T.);
#4399=ORIENTED_EDGE('',*,*,#4780,.F.);
#4400=ORIENTED_EDGE('',*,*,#4754,.T.);
#4401=ORIENTED_EDGE('',*,*,#6172,.F.);
#4402=ORIENTED_EDGE('',*,*,#4773,.T.);
#4403=ORIENTED_EDGE('',*,*,#4770,.F.);
#4404=ORIENTED_EDGE('',*,*,#4767,.F.);
#4405=ORIENTED_EDGE('',*,*,#4764,.F.);
#4406=ORIENTED_EDGE('',*,*,#4761,.F.);
#4407=ORIENTED_EDGE('',*,*,#4758,.F.);
#4408=ORIENTED_EDGE('',*,*,#4732,.T.);
#4409=ORIENTED_EDGE('',*,*,#6170,.F.);
#4410=ORIENTED_EDGE('',*,*,#4751,.F.);
#4411=ORIENTED_EDGE('',*,*,#4748,.F.);
#4412=ORIENTED_EDGE('',*,*,#4745,.F.);
#4413=ORIENTED_EDGE('',*,*,#4742,.F.);
#4414=ORIENTED_EDGE('',*,*,#4739,.T.);
#4415=ORIENTED_EDGE('',*,*,#4736,.F.);
#4416=ORIENTED_EDGE('',*,*,#4710,.F.);
#4417=ORIENTED_EDGE('',*,*,#6168,.F.);
#4418=ORIENTED_EDGE('',*,*,#4729,.F.);
#4419=ORIENTED_EDGE('',*,*,#4726,.F.);
#4420=ORIENTED_EDGE('',*,*,#4723,.T.);
#4421=ORIENTED_EDGE('',*,*,#4720,.F.);
#4422=ORIENTED_EDGE('',*,*,#4717,.T.);
#4423=ORIENTED_EDGE('',*,*,#4714,.F.);
#4424=ORIENTED_EDGE('',*,*,#4688,.T.);
#4425=ORIENTED_EDGE('',*,*,#6166,.F.);
#4426=ORIENTED_EDGE('',*,*,#4707,.F.);
#4427=ORIENTED_EDGE('',*,*,#4704,.F.);
#4428=ORIENTED_EDGE('',*,*,#4701,.F.);
#4429=ORIENTED_EDGE('',*,*,#4698,.F.);
#4430=ORIENTED_EDGE('',*,*,#4695,.T.);
#4431=ORIENTED_EDGE('',*,*,#4692,.F.);
#4432=ORIENTED_EDGE('',*,*,#4666,.T.);
#4433=ORIENTED_EDGE('',*,*,#6164,.F.);
#4434=ORIENTED_EDGE('',*,*,#4685,.F.);
#4435=ORIENTED_EDGE('',*,*,#4682,.F.);
#4436=ORIENTED_EDGE('',*,*,#4679,.F.);
#4437=ORIENTED_EDGE('',*,*,#4676,.F.);
#4438=ORIENTED_EDGE('',*,*,#4673,.T.);
#4439=ORIENTED_EDGE('',*,*,#4670,.F.);
#4440=ORIENTED_EDGE('',*,*,#4644,.F.);
#4441=ORIENTED_EDGE('',*,*,#6162,.F.);
#4442=ORIENTED_EDGE('',*,*,#4663,.F.);
#4443=ORIENTED_EDGE('',*,*,#4660,.F.);
#4444=ORIENTED_EDGE('',*,*,#4657,.T.);
#4445=ORIENTED_EDGE('',*,*,#4654,.F.);
#4446=ORIENTED_EDGE('',*,*,#4651,.T.);
#4447=ORIENTED_EDGE('',*,*,#4648,.F.);
#4448=ORIENTED_EDGE('',*,*,#4622,.T.);
#4449=ORIENTED_EDGE('',*,*,#6160,.F.);
#4450=ORIENTED_EDGE('',*,*,#4641,.F.);
#4451=ORIENTED_EDGE('',*,*,#4638,.F.);
#4452=ORIENTED_EDGE('',*,*,#4635,.F.);
#4453=ORIENTED_EDGE('',*,*,#4632,.F.);
#4454=ORIENTED_EDGE('',*,*,#4629,.T.);
#4455=ORIENTED_EDGE('',*,*,#4626,.F.);
#4456=ORIENTED_EDGE('',*,*,#4600,.T.);
#4457=ORIENTED_EDGE('',*,*,#6158,.F.);
#4458=ORIENTED_EDGE('',*,*,#4619,.T.);
#4459=ORIENTED_EDGE('',*,*,#4616,.F.);
#4460=ORIENTED_EDGE('',*,*,#4613,.F.);
#4461=ORIENTED_EDGE('',*,*,#4610,.F.);
#4462=ORIENTED_EDGE('',*,*,#4607,.F.);
#4463=ORIENTED_EDGE('',*,*,#4604,.F.);
#4464=ORIENTED_EDGE('',*,*,#4578,.T.);
#4465=ORIENTED_EDGE('',*,*,#6156,.F.);
#4466=ORIENTED_EDGE('',*,*,#4597,.T.);
#4467=ORIENTED_EDGE('',*,*,#4594,.F.);
#4468=ORIENTED_EDGE('',*,*,#4591,.F.);
#4469=ORIENTED_EDGE('',*,*,#4588,.F.);
#4470=ORIENTED_EDGE('',*,*,#4585,.F.);
#4471=ORIENTED_EDGE('',*,*,#4582,.F.);
#4472=ORIENTED_EDGE('',*,*,#4556,.T.);
#4473=ORIENTED_EDGE('',*,*,#6154,.F.);
#4474=ORIENTED_EDGE('',*,*,#4575,.F.);
#4475=ORIENTED_EDGE('',*,*,#4572,.F.);
#4476=ORIENTED_EDGE('',*,*,#4569,.F.);
#4477=ORIENTED_EDGE('',*,*,#4566,.F.);
#4478=ORIENTED_EDGE('',*,*,#4563,.T.);
#4479=ORIENTED_EDGE('',*,*,#4560,.F.);
#4480=ORIENTED_EDGE('',*,*,#4534,.F.);
#4481=ORIENTED_EDGE('',*,*,#6152,.F.);
#4482=ORIENTED_EDGE('',*,*,#4553,.F.);
#4483=ORIENTED_EDGE('',*,*,#4550,.F.);
#4484=ORIENTED_EDGE('',*,*,#4547,.T.);
#4485=ORIENTED_EDGE('',*,*,#4544,.F.);
#4486=ORIENTED_EDGE('',*,*,#4541,.T.);
#4487=ORIENTED_EDGE('',*,*,#4538,.F.);
#4488=ORIENTED_EDGE('',*,*,#4512,.T.);
#4489=ORIENTED_EDGE('',*,*,#6302,.F.);
#4490=ORIENTED_EDGE('',*,*,#4531,.F.);
#4491=ORIENTED_EDGE('',*,*,#4528,.F.);
#4492=ORIENTED_EDGE('',*,*,#4525,.F.);
#4493=ORIENTED_EDGE('',*,*,#4522,.F.);
#4494=ORIENTED_EDGE('',*,*,#4519,.T.);
#4495=ORIENTED_EDGE('',*,*,#4516,.F.);
#4496=ORIENTED_EDGE('',*,*,#6304,.F.);
#4497=ORIENTED_EDGE('',*,*,#6145,.F.);
#4498=ORIENTED_EDGE('',*,*,#6308,.F.);
#4499=ORIENTED_EDGE('',*,*,#6149,.F.);
#4500=ORIENTED_EDGE('',*,*,#6305,.F.);
#4501=ORIENTED_EDGE('',*,*,#6151,.F.);
#4502=ORIENTED_EDGE('',*,*,#6311,.F.);
#4503=ORIENTED_EDGE('',*,*,#6299,.F.);
#4504=ORIENTED_EDGE('',*,*,#6306,.F.);
#4505=ORIENTED_EDGE('',*,*,#6301,.F.);
#4506=ORIENTED_EDGE('',*,*,#6310,.F.);
#4507=ORIENTED_EDGE('',*,*,#6141,.F.);
#4508=ORIENTED_EDGE('',*,*,#6307,.F.);
#4509=ORIENTED_EDGE('',*,*,#6143,.F.);
#4510=ORIENTED_EDGE('',*,*,#6309,.F.);
#4511=ORIENTED_EDGE('',*,*,#6147,.F.);
#4512=EDGE_CURVE('',#6312,#6313,#7512,.T.);
#4513=EDGE_CURVE('',#6314,#6312,#7513,.T.);
#4514=EDGE_CURVE('',#6314,#6315,#7514,.T.);
#4515=EDGE_CURVE('',#6315,#6313,#7515,.T.);
#4516=EDGE_CURVE('',#6312,#6316,#12,.T.);
#4517=EDGE_CURVE('',#6317,#6316,#7516,.T.);
#4518=EDGE_CURVE('',#6314,#6317,#13,.T.);
#4519=EDGE_CURVE('',#6318,#6316,#7517,.T.);
#4520=EDGE_CURVE('',#6319,#6318,#7518,.T.);
#4521=EDGE_CURVE('',#6319,#6317,#7519,.T.);
#4522=EDGE_CURVE('',#6318,#6320,#14,.T.);
#4523=EDGE_CURVE('',#6321,#6320,#7520,.T.);
#4524=EDGE_CURVE('',#6319,#6321,#15,.T.);
#4525=EDGE_CURVE('',#6320,#6322,#7521,.T.);
#4526=EDGE_CURVE('',#6323,#6322,#7522,.T.);
#4527=EDGE_CURVE('',#6321,#6323,#7523,.T.);
#4528=EDGE_CURVE('',#6322,#6324,#16,.T.);
#4529=EDGE_CURVE('',#6325,#6324,#7524,.T.);
#4530=EDGE_CURVE('',#6323,#6325,#17,.T.);
#4531=EDGE_CURVE('',#6324,#6326,#7525,.T.);
#4532=EDGE_CURVE('',#6327,#6326,#7526,.T.);
#4533=EDGE_CURVE('',#6325,#6327,#7527,.T.);
#4534=EDGE_CURVE('',#6328,#6329,#7528,.T.);
#4535=EDGE_CURVE('',#6330,#6329,#7529,.T.);
#4536=EDGE_CURVE('',#6331,#6330,#7530,.T.);
#4537=EDGE_CURVE('',#6331,#6328,#7531,.T.);
#4538=EDGE_CURVE('',#6329,#6332,#18,.T.);
#4539=EDGE_CURVE('',#6333,#6332,#7532,.T.);
#4540=EDGE_CURVE('',#6330,#6333,#19,.T.);
#4541=EDGE_CURVE('',#6334,#6332,#7533,.T.);
#4542=EDGE_CURVE('',#6335,#6334,#7534,.T.);
#4543=EDGE_CURVE('',#6335,#6333,#7535,.T.);
#4544=EDGE_CURVE('',#6334,#6336,#20,.T.);
#4545=EDGE_CURVE('',#6337,#6336,#7536,.T.);
#4546=EDGE_CURVE('',#6335,#6337,#21,.T.);
#4547=EDGE_CURVE('',#6338,#6336,#7537,.T.);
#4548=EDGE_CURVE('',#6339,#6338,#7538,.T.);
#4549=EDGE_CURVE('',#6339,#6337,#7539,.T.);
#4550=EDGE_CURVE('',#6338,#6340,#22,.T.);
#4551=EDGE_CURVE('',#6341,#6340,#7540,.T.);
#4552=EDGE_CURVE('',#6339,#6341,#23,.T.);
#4553=EDGE_CURVE('',#6340,#6342,#7541,.T.);
#4554=EDGE_CURVE('',#6343,#6342,#7542,.T.);
#4555=EDGE_CURVE('',#6341,#6343,#7543,.T.);
#4556=EDGE_CURVE('',#6344,#6345,#7544,.T.);
#4557=EDGE_CURVE('',#6346,#6344,#7545,.T.);
#4558=EDGE_CURVE('',#6346,#6347,#7546,.T.);
#4559=EDGE_CURVE('',#6347,#6345,#7547,.T.);
#4560=EDGE_CURVE('',#6344,#6348,#24,.T.);
#4561=EDGE_CURVE('',#6349,#6348,#7548,.T.);
#4562=EDGE_CURVE('',#6346,#6349,#25,.T.);
#4563=EDGE_CURVE('',#6350,#6348,#7549,.T.);
#4564=EDGE_CURVE('',#6351,#6350,#7550,.T.);
#4565=EDGE_CURVE('',#6351,#6349,#7551,.T.);
#4566=EDGE_CURVE('',#6350,#6352,#26,.T.);
#4567=EDGE_CURVE('',#6353,#6352,#7552,.T.);
#4568=EDGE_CURVE('',#6351,#6353,#27,.T.);
#4569=EDGE_CURVE('',#6352,#6354,#7553,.T.);
#4570=EDGE_CURVE('',#6355,#6354,#7554,.T.);
#4571=EDGE_CURVE('',#6353,#6355,#7555,.T.);
#4572=EDGE_CURVE('',#6354,#6356,#28,.T.);
#4573=EDGE_CURVE('',#6357,#6356,#7556,.T.);
#4574=EDGE_CURVE('',#6355,#6357,#29,.T.);
#4575=EDGE_CURVE('',#6356,#6358,#7557,.T.);
#4576=EDGE_CURVE('',#6359,#6358,#7558,.T.);
#4577=EDGE_CURVE('',#6357,#6359,#7559,.T.);
#4578=EDGE_CURVE('',#6360,#6361,#7560,.T.);
#4579=EDGE_CURVE('',#6362,#6360,#7561,.T.);
#4580=EDGE_CURVE('',#6362,#6363,#7562,.T.);
#4581=EDGE_CURVE('',#6363,#6361,#7563,.T.);
#4582=EDGE_CURVE('',#6360,#6364,#30,.T.);
#4583=EDGE_CURVE('',#6365,#6364,#7564,.T.);
#4584=EDGE_CURVE('',#6362,#6365,#31,.T.);
#4585=EDGE_CURVE('',#6364,#6366,#7565,.T.);
#4586=EDGE_CURVE('',#6367,#6366,#7566,.T.);
#4587=EDGE_CURVE('',#6365,#6367,#7567,.T.);
#4588=EDGE_CURVE('',#6366,#6368,#32,.T.);
#4589=EDGE_CURVE('',#6369,#6368,#7568,.T.);
#4590=EDGE_CURVE('',#6367,#6369,#33,.T.);
#4591=EDGE_CURVE('',#6368,#6370,#7569,.T.);
#4592=EDGE_CURVE('',#6371,#6370,#7570,.T.);
#4593=EDGE_CURVE('',#6369,#6371,#7571,.T.);
#4594=EDGE_CURVE('',#6370,#6372,#34,.T.);
#4595=EDGE_CURVE('',#6373,#6372,#7572,.T.);
#4596=EDGE_CURVE('',#6371,#6373,#35,.T.);
#4597=EDGE_CURVE('',#6374,#6372,#7573,.T.);
#4598=EDGE_CURVE('',#6375,#6374,#7574,.T.);
#4599=EDGE_CURVE('',#6375,#6373,#7575,.T.);
#4600=EDGE_CURVE('',#6376,#6377,#7576,.T.);
#4601=EDGE_CURVE('',#6378,#6376,#7577,.T.);
#4602=EDGE_CURVE('',#6378,#6379,#7578,.T.);
#4603=EDGE_CURVE('',#6379,#6377,#7579,.T.);
#4604=EDGE_CURVE('',#6376,#6380,#36,.T.);
#4605=EDGE_CURVE('',#6381,#6380,#7580,.T.);
#4606=EDGE_CURVE('',#6378,#6381,#37,.T.);
#4607=EDGE_CURVE('',#6380,#6382,#7581,.T.);
#4608=EDGE_CURVE('',#6383,#6382,#7582,.T.);
#4609=EDGE_CURVE('',#6381,#6383,#7583,.T.);
#4610=EDGE_CURVE('',#6382,#6384,#38,.T.);
#4611=EDGE_CURVE('',#6385,#6384,#7584,.T.);
#4612=EDGE_CURVE('',#6383,#6385,#39,.T.);
#4613=EDGE_CURVE('',#6384,#6386,#7585,.T.);
#4614=EDGE_CURVE('',#6387,#6386,#7586,.T.);
#4615=EDGE_CURVE('',#6385,#6387,#7587,.T.);
#4616=EDGE_CURVE('',#6386,#6388,#40,.T.);
#4617=EDGE_CURVE('',#6389,#6388,#7588,.T.);
#4618=EDGE_CURVE('',#6387,#6389,#41,.T.);
#4619=EDGE_CURVE('',#6390,#6388,#7589,.T.);
#4620=EDGE_CURVE('',#6391,#6390,#7590,.T.);
#4621=EDGE_CURVE('',#6391,#6389,#7591,.T.);
#4622=EDGE_CURVE('',#6392,#6393,#7592,.T.);
#4623=EDGE_CURVE('',#6394,#6392,#7593,.T.);
#4624=EDGE_CURVE('',#6394,#6395,#7594,.T.);
#4625=EDGE_CURVE('',#6395,#6393,#7595,.T.);
#4626=EDGE_CURVE('',#6392,#6396,#42,.T.);
#4627=EDGE_CURVE('',#6397,#6396,#7596,.T.);
#4628=EDGE_CURVE('',#6394,#6397,#43,.T.);
#4629=EDGE_CURVE('',#6398,#6396,#7597,.T.);
#4630=EDGE_CURVE('',#6399,#6398,#7598,.T.);
#4631=EDGE_CURVE('',#6399,#6397,#7599,.T.);
#4632=EDGE_CURVE('',#6398,#6400,#44,.T.);
#4633=EDGE_CURVE('',#6401,#6400,#7600,.T.);
#4634=EDGE_CURVE('',#6399,#6401,#45,.T.);
#4635=EDGE_CURVE('',#6400,#6402,#7601,.T.);
#4636=EDGE_CURVE('',#6403,#6402,#7602,.T.);
#4637=EDGE_CURVE('',#6401,#6403,#7603,.T.);
#4638=EDGE_CURVE('',#6402,#6404,#46,.T.);
#4639=EDGE_CURVE('',#6405,#6404,#7604,.T.);
#4640=EDGE_CURVE('',#6403,#6405,#47,.T.);
#4641=EDGE_CURVE('',#6404,#6406,#7605,.T.);
#4642=EDGE_CURVE('',#6407,#6406,#7606,.T.);
#4643=EDGE_CURVE('',#6405,#6407,#7607,.T.);
#4644=EDGE_CURVE('',#6408,#6409,#7608,.T.);
#4645=EDGE_CURVE('',#6410,#6409,#7609,.T.);
#4646=EDGE_CURVE('',#6411,#6410,#7610,.T.);
#4647=EDGE_CURVE('',#6411,#6408,#7611,.T.);
#4648=EDGE_CURVE('',#6409,#6412,#48,.T.);
#4649=EDGE_CURVE('',#6413,#6412,#7612,.T.);
#4650=EDGE_CURVE('',#6410,#6413,#49,.T.);
#4651=EDGE_CURVE('',#6414,#6412,#7613,.T.);
#4652=EDGE_CURVE('',#6415,#6414,#7614,.T.);
#4653=EDGE_CURVE('',#6415,#6413,#7615,.T.);
#4654=EDGE_CURVE('',#6414,#6416,#50,.T.);
#4655=EDGE_CURVE('',#6417,#6416,#7616,.T.);
#4656=EDGE_CURVE('',#6415,#6417,#51,.T.);
#4657=EDGE_CURVE('',#6418,#6416,#7617,.T.);
#4658=EDGE_CURVE('',#6419,#6418,#7618,.T.);
#4659=EDGE_CURVE('',#6419,#6417,#7619,.T.);
#4660=EDGE_CURVE('',#6418,#6420,#52,.T.);
#4661=EDGE_CURVE('',#6421,#6420,#7620,.T.);
#4662=EDGE_CURVE('',#6419,#6421,#53,.T.);
#4663=EDGE_CURVE('',#6420,#6422,#7621,.T.);
#4664=EDGE_CURVE('',#6423,#6422,#7622,.T.);
#4665=EDGE_CURVE('',#6421,#6423,#7623,.T.);
#4666=EDGE_CURVE('',#6424,#6425,#7624,.T.);
#4667=EDGE_CURVE('',#6426,#6424,#7625,.T.);
#4668=EDGE_CURVE('',#6426,#6427,#7626,.T.);
#4669=EDGE_CURVE('',#6427,#6425,#7627,.T.);
#4670=EDGE_CURVE('',#6424,#6428,#54,.T.);
#4671=EDGE_CURVE('',#6429,#6428,#7628,.T.);
#4672=EDGE_CURVE('',#6426,#6429,#55,.T.);
#4673=EDGE_CURVE('',#6430,#6428,#7629,.T.);
#4674=EDGE_CURVE('',#6431,#6430,#7630,.T.);
#4675=EDGE_CURVE('',#6431,#6429,#7631,.T.);
#4676=EDGE_CURVE('',#6430,#6432,#56,.T.);
#4677=EDGE_CURVE('',#6433,#6432,#7632,.T.);
#4678=EDGE_CURVE('',#6431,#6433,#57,.T.);
#4679=EDGE_CURVE('',#6432,#6434,#7633,.T.);
#4680=EDGE_CURVE('',#6435,#6434,#7634,.T.);
#4681=EDGE_CURVE('',#6433,#6435,#7635,.T.);
#4682=EDGE_CURVE('',#6434,#6436,#58,.T.);
#4683=EDGE_CURVE('',#6437,#6436,#7636,.T.);
#4684=EDGE_CURVE('',#6435,#6437,#59,.T.);
#4685=EDGE_CURVE('',#6436,#6438,#7637,.T.);
#4686=EDGE_CURVE('',#6439,#6438,#7638,.T.);
#4687=EDGE_CURVE('',#6437,#6439,#7639,.T.);
#4688=EDGE_CURVE('',#6440,#6441,#7640,.T.);
#4689=EDGE_CURVE('',#6442,#6440,#7641,.T.);
#4690=EDGE_CURVE('',#6442,#6443,#7642,.T.);
#4691=EDGE_CURVE('',#6443,#6441,#7643,.T.);
#4692=EDGE_CURVE('',#6440,#6444,#60,.T.);
#4693=EDGE_CURVE('',#6445,#6444,#7644,.T.);
#4694=EDGE_CURVE('',#6442,#6445,#61,.T.);
#4695=EDGE_CURVE('',#6446,#6444,#7645,.T.);
#4696=EDGE_CURVE('',#6447,#6446,#7646,.T.);
#4697=EDGE_CURVE('',#6447,#6445,#7647,.T.);
#4698=EDGE_CURVE('',#6446,#6448,#62,.T.);
#4699=EDGE_CURVE('',#6449,#6448,#7648,.T.);
#4700=EDGE_CURVE('',#6447,#6449,#63,.T.);
#4701=EDGE_CURVE('',#6448,#6450,#7649,.T.);
#4702=EDGE_CURVE('',#6451,#6450,#7650,.T.);
#4703=EDGE_CURVE('',#6449,#6451,#7651,.T.);
#4704=EDGE_CURVE('',#6450,#6452,#64,.T.);
#4705=EDGE_CURVE('',#6453,#6452,#7652,.T.);
#4706=EDGE_CURVE('',#6451,#6453,#65,.T.);
#4707=EDGE_CURVE('',#6452,#6454,#7653,.T.);
#4708=EDGE_CURVE('',#6455,#6454,#7654,.T.);
#4709=EDGE_CURVE('',#6453,#6455,#7655,.T.);
#4710=EDGE_CURVE('',#6456,#6457,#7656,.T.);
#4711=EDGE_CURVE('',#6458,#6457,#7657,.T.);
#4712=EDGE_CURVE('',#6459,#6458,#7658,.T.);
#4713=EDGE_CURVE('',#6459,#6456,#7659,.T.);
#4714=EDGE_CURVE('',#6457,#6460,#66,.T.);
#4715=EDGE_CURVE('',#6461,#6460,#7660,.T.);
#4716=EDGE_CURVE('',#6458,#6461,#67,.T.);
#4717=EDGE_CURVE('',#6462,#6460,#7661,.T.);
#4718=EDGE_CURVE('',#6463,#6462,#7662,.T.);
#4719=EDGE_CURVE('',#6463,#6461,#7663,.T.);
#4720=EDGE_CURVE('',#6462,#6464,#68,.T.);
#4721=EDGE_CURVE('',#6465,#6464,#7664,.T.);
#4722=EDGE_CURVE('',#6463,#6465,#69,.T.);
#4723=EDGE_CURVE('',#6466,#6464,#7665,.T.);
#4724=EDGE_CURVE('',#6467,#6466,#7666,.T.);
#4725=EDGE_CURVE('',#6467,#6465,#7667,.T.);
#4726=EDGE_CURVE('',#6466,#6468,#70,.T.);
#4727=EDGE_CURVE('',#6469,#6468,#7668,.T.);
#4728=EDGE_CURVE('',#6467,#6469,#71,.T.);
#4729=EDGE_CURVE('',#6468,#6470,#7669,.T.);
#4730=EDGE_CURVE('',#6471,#6470,#7670,.T.);
#4731=EDGE_CURVE('',#6469,#6471,#7671,.T.);
#4732=EDGE_CURVE('',#6472,#6473,#7672,.T.);
#4733=EDGE_CURVE('',#6474,#6472,#7673,.T.);
#4734=EDGE_CURVE('',#6474,#6475,#7674,.T.);
#4735=EDGE_CURVE('',#6475,#6473,#7675,.T.);
#4736=EDGE_CURVE('',#6472,#6476,#72,.T.);
#4737=EDGE_CURVE('',#6477,#6476,#7676,.T.);
#4738=EDGE_CURVE('',#6474,#6477,#73,.T.);
#4739=EDGE_CURVE('',#6478,#6476,#7677,.T.);
#4740=EDGE_CURVE('',#6479,#6478,#7678,.T.);
#4741=EDGE_CURVE('',#6479,#6477,#7679,.T.);
#4742=EDGE_CURVE('',#6478,#6480,#74,.T.);
#4743=EDGE_CURVE('',#6481,#6480,#7680,.T.);
#4744=EDGE_CURVE('',#6479,#6481,#75,.T.);
#4745=EDGE_CURVE('',#6480,#6482,#7681,.T.);
#4746=EDGE_CURVE('',#6483,#6482,#7682,.T.);
#4747=EDGE_CURVE('',#6481,#6483,#7683,.T.);
#4748=EDGE_CURVE('',#6482,#6484,#76,.T.);
#4749=EDGE_CURVE('',#6485,#6484,#7684,.T.);
#4750=EDGE_CURVE('',#6483,#6485,#77,.T.);
#4751=EDGE_CURVE('',#6484,#6486,#7685,.T.);
#4752=EDGE_CURVE('',#6487,#6486,#7686,.T.);
#4753=EDGE_CURVE('',#6485,#6487,#7687,.T.);
#4754=EDGE_CURVE('',#6488,#6489,#7688,.T.);
#4755=EDGE_CURVE('',#6490,#6488,#7689,.T.);
#4756=EDGE_CURVE('',#6490,#6491,#7690,.T.);
#4757=EDGE_CURVE('',#6491,#6489,#7691,.T.);
#4758=EDGE_CURVE('',#6488,#6492,#78,.T.);
#4759=EDGE_CURVE('',#6493,#6492,#7692,.T.);
#4760=EDGE_CURVE('',#6490,#6493,#79,.T.);
#4761=EDGE_CURVE('',#6492,#6494,#7693,.T.);
#4762=EDGE_CURVE('',#6495,#6494,#7694,.T.);
#4763=EDGE_CURVE('',#6493,#6495,#7695,.T.);
#4764=EDGE_CURVE('',#6494,#6496,#80,.T.);
#4765=EDGE_CURVE('',#6497,#6496,#7696,.T.);
#4766=EDGE_CURVE('',#6495,#6497,#81,.T.);
#4767=EDGE_CURVE('',#6496,#6498,#7697,.T.);
#4768=EDGE_CURVE('',#6499,#6498,#7698,.T.);
#4769=EDGE_CURVE('',#6497,#6499,#7699,.T.);
#4770=EDGE_CURVE('',#6498,#6500,#82,.T.);
#4771=EDGE_CURVE('',#6501,#6500,#7700,.T.);
#4772=EDGE_CURVE('',#6499,#6501,#83,.T.);
#4773=EDGE_CURVE('',#6502,#6500,#7701,.T.);
#4774=EDGE_CURVE('',#6503,#6502,#7702,.T.);
#4775=EDGE_CURVE('',#6503,#6501,#7703,.T.);
#4776=EDGE_CURVE('',#6504,#6505,#7704,.T.);
#4777=EDGE_CURVE('',#6506,#6504,#7705,.T.);
#4778=EDGE_CURVE('',#6506,#6507,#7706,.T.);
#4779=EDGE_CURVE('',#6507,#6505,#7707,.T.);
#4780=EDGE_CURVE('',#6504,#6508,#84,.T.);
#4781=EDGE_CURVE('',#6509,#6508,#7708,.T.);
#4782=EDGE_CURVE('',#6506,#6509,#85,.T.);
#4783=EDGE_CURVE('',#6510,#6508,#7709,.T.);
#4784=EDGE_CURVE('',#6511,#6510,#7710,.T.);
#4785=EDGE_CURVE('',#6511,#6509,#7711,.T.);
#4786=EDGE_CURVE('',#6510,#6512,#86,.T.);
#4787=EDGE_CURVE('',#6513,#6512,#7712,.T.);
#4788=EDGE_CURVE('',#6511,#6513,#87,.T.);
#4789=EDGE_CURVE('',#6512,#6514,#7713,.T.);
#4790=EDGE_CURVE('',#6515,#6514,#7714,.T.);
#4791=EDGE_CURVE('',#6513,#6515,#7715,.T.);
#4792=EDGE_CURVE('',#6514,#6516,#88,.T.);
#4793=EDGE_CURVE('',#6517,#6516,#7716,.T.);
#4794=EDGE_CURVE('',#6515,#6517,#89,.T.);
#4795=EDGE_CURVE('',#6516,#6518,#7717,.T.);
#4796=EDGE_CURVE('',#6519,#6518,#7718,.T.);
#4797=EDGE_CURVE('',#6517,#6519,#7719,.T.);
#4798=EDGE_CURVE('',#6520,#6521,#7720,.T.);
#4799=EDGE_CURVE('',#6522,#6521,#7721,.T.);
#4800=EDGE_CURVE('',#6523,#6522,#7722,.T.);
#4801=EDGE_CURVE('',#6523,#6520,#7723,.T.);
#4802=EDGE_CURVE('',#6521,#6524,#90,.T.);
#4803=EDGE_CURVE('',#6525,#6524,#7724,.T.);
#4804=EDGE_CURVE('',#6522,#6525,#91,.T.);
#4805=EDGE_CURVE('',#6526,#6524,#7725,.T.);
#4806=EDGE_CURVE('',#6527,#6526,#7726,.T.);
#4807=EDGE_CURVE('',#6527,#6525,#7727,.T.);
#4808=EDGE_CURVE('',#6526,#6528,#92,.T.);
#4809=EDGE_CURVE('',#6529,#6528,#7728,.T.);
#4810=EDGE_CURVE('',#6527,#6529,#93,.T.);
#4811=EDGE_CURVE('',#6530,#6528,#7729,.T.);
#4812=EDGE_CURVE('',#6531,#6530,#7730,.T.);
#4813=EDGE_CURVE('',#6531,#6529,#7731,.T.);
#4814=EDGE_CURVE('',#6530,#6532,#94,.T.);
#4815=EDGE_CURVE('',#6533,#6532,#7732,.T.);
#4816=EDGE_CURVE('',#6531,#6533,#95,.T.);
#4817=EDGE_CURVE('',#6532,#6534,#7733,.T.);
#4818=EDGE_CURVE('',#6535,#6534,#7734,.T.);
#4819=EDGE_CURVE('',#6533,#6535,#7735,.T.);
#4820=EDGE_CURVE('',#6536,#6537,#7736,.T.);
#4821=EDGE_CURVE('',#6538,#6536,#7737,.T.);
#4822=EDGE_CURVE('',#6538,#6539,#7738,.T.);
#4823=EDGE_CURVE('',#6539,#6537,#7739,.T.);
#4824=EDGE_CURVE('',#6536,#6540,#96,.T.);
#4825=EDGE_CURVE('',#6541,#6540,#7740,.T.);
#4826=EDGE_CURVE('',#6538,#6541,#97,.T.);
#4827=EDGE_CURVE('',#6542,#6540,#7741,.T.);
#4828=EDGE_CURVE('',#6543,#6542,#7742,.T.);
#4829=EDGE_CURVE('',#6543,#6541,#7743,.T.);
#4830=EDGE_CURVE('',#6542,#6544,#98,.T.);
#4831=EDGE_CURVE('',#6545,#6544,#7744,.T.);
#4832=EDGE_CURVE('',#6543,#6545,#99,.T.);
#4833=EDGE_CURVE('',#6544,#6546,#7745,.T.);
#4834=EDGE_CURVE('',#6547,#6546,#7746,.T.);
#4835=EDGE_CURVE('',#6545,#6547,#7747,.T.);
#4836=EDGE_CURVE('',#6546,#6548,#100,.T.);
#4837=EDGE_CURVE('',#6549,#6548,#7748,.T.);
#4838=EDGE_CURVE('',#6547,#6549,#101,.T.);
#4839=EDGE_CURVE('',#6548,#6550,#7749,.T.);
#4840=EDGE_CURVE('',#6551,#6550,#7750,.T.);
#4841=EDGE_CURVE('',#6549,#6551,#7751,.T.);
#4842=EDGE_CURVE('',#6552,#6553,#7752,.T.);
#4843=EDGE_CURVE('',#6554,#6552,#7753,.T.);
#4844=EDGE_CURVE('',#6554,#6555,#7754,.T.);
#4845=EDGE_CURVE('',#6555,#6553,#7755,.T.);
#4846=EDGE_CURVE('',#6552,#6556,#102,.T.);
#4847=EDGE_CURVE('',#6557,#6556,#7756,.T.);
#4848=EDGE_CURVE('',#6554,#6557,#103,.T.);
#4849=EDGE_CURVE('',#6556,#6558,#7757,.T.);
#4850=EDGE_CURVE('',#6559,#6558,#7758,.T.);
#4851=EDGE_CURVE('',#6557,#6559,#7759,.T.);
#4852=EDGE_CURVE('',#6558,#6560,#104,.T.);
#4853=EDGE_CURVE('',#6561,#6560,#7760,.T.);
#4854=EDGE_CURVE('',#6559,#6561,#105,.T.);
#4855=EDGE_CURVE('',#6560,#6562,#7761,.T.);
#4856=EDGE_CURVE('',#6563,#6562,#7762,.T.);
#4857=EDGE_CURVE('',#6561,#6563,#7763,.T.);
#4858=EDGE_CURVE('',#6562,#6564,#106,.T.);
#4859=EDGE_CURVE('',#6565,#6564,#7764,.T.);
#4860=EDGE_CURVE('',#6563,#6565,#107,.T.);
#4861=EDGE_CURVE('',#6566,#6564,#7765,.T.);
#4862=EDGE_CURVE('',#6567,#6566,#7766,.T.);
#4863=EDGE_CURVE('',#6567,#6565,#7767,.T.);
#4864=EDGE_CURVE('',#6568,#6569,#7768,.T.);
#4865=EDGE_CURVE('',#6570,#6568,#7769,.T.);
#4866=EDGE_CURVE('',#6570,#6571,#7770,.T.);
#4867=EDGE_CURVE('',#6571,#6569,#7771,.T.);
#4868=EDGE_CURVE('',#6568,#6572,#108,.T.);
#4869=EDGE_CURVE('',#6573,#6572,#7772,.T.);
#4870=EDGE_CURVE('',#6570,#6573,#109,.T.);
#4871=EDGE_CURVE('',#6572,#6574,#7773,.T.);
#4872=EDGE_CURVE('',#6575,#6574,#7774,.T.);
#4873=EDGE_CURVE('',#6573,#6575,#7775,.T.);
#4874=EDGE_CURVE('',#6574,#6576,#110,.T.);
#4875=EDGE_CURVE('',#6577,#6576,#7776,.T.);
#4876=EDGE_CURVE('',#6575,#6577,#111,.T.);
#4877=EDGE_CURVE('',#6576,#6578,#7777,.T.);
#4878=EDGE_CURVE('',#6579,#6578,#7778,.T.);
#4879=EDGE_CURVE('',#6577,#6579,#7779,.T.);
#4880=EDGE_CURVE('',#6578,#6580,#112,.T.);
#4881=EDGE_CURVE('',#6581,#6580,#7780,.T.);
#4882=EDGE_CURVE('',#6579,#6581,#113,.T.);
#4883=EDGE_CURVE('',#6582,#6580,#7781,.T.);
#4884=EDGE_CURVE('',#6583,#6582,#7782,.T.);
#4885=EDGE_CURVE('',#6583,#6581,#7783,.T.);
#4886=EDGE_CURVE('',#6584,#6585,#7784,.T.);
#4887=EDGE_CURVE('',#6586,#6585,#7785,.T.);
#4888=EDGE_CURVE('',#6587,#6586,#7786,.T.);
#4889=EDGE_CURVE('',#6587,#6584,#7787,.T.);
#4890=EDGE_CURVE('',#6585,#6588,#114,.T.);
#4891=EDGE_CURVE('',#6589,#6588,#7788,.T.);
#4892=EDGE_CURVE('',#6586,#6589,#115,.T.);
#4893=EDGE_CURVE('',#6588,#6590,#7789,.T.);
#4894=EDGE_CURVE('',#6591,#6590,#7790,.T.);
#4895=EDGE_CURVE('',#6589,#6591,#7791,.T.);
#4896=EDGE_CURVE('',#6590,#6592,#116,.T.);
#4897=EDGE_CURVE('',#6593,#6592,#7792,.T.);
#4898=EDGE_CURVE('',#6591,#6593,#117,.T.);
#4899=EDGE_CURVE('',#6594,#6592,#7793,.T.);
#4900=EDGE_CURVE('',#6595,#6594,#7794,.T.);
#4901=EDGE_CURVE('',#6595,#6593,#7795,.T.);
#4902=EDGE_CURVE('',#6594,#6596,#118,.T.);
#4903=EDGE_CURVE('',#6597,#6596,#7796,.T.);
#4904=EDGE_CURVE('',#6595,#6597,#119,.T.);
#4905=EDGE_CURVE('',#6598,#6596,#7797,.T.);
#4906=EDGE_CURVE('',#6599,#6598,#7798,.T.);
#4907=EDGE_CURVE('',#6599,#6597,#7799,.T.);
#4908=EDGE_CURVE('',#6600,#6601,#7800,.T.);
#4909=EDGE_CURVE('',#6602,#6601,#7801,.T.);
#4910=EDGE_CURVE('',#6603,#6602,#7802,.T.);
#4911=EDGE_CURVE('',#6603,#6600,#7803,.T.);
#4912=EDGE_CURVE('',#6601,#6604,#120,.T.);
#4913=EDGE_CURVE('',#6605,#6604,#7804,.T.);
#4914=EDGE_CURVE('',#6602,#6605,#121,.T.);
#4915=EDGE_CURVE('',#6606,#6604,#7805,.T.);
#4916=EDGE_CURVE('',#6607,#6606,#7806,.T.);
#4917=EDGE_CURVE('',#6607,#6605,#7807,.T.);
#4918=EDGE_CURVE('',#6606,#6608,#122,.T.);
#4919=EDGE_CURVE('',#6609,#6608,#7808,.T.);
#4920=EDGE_CURVE('',#6607,#6609,#123,.T.);
#4921=EDGE_CURVE('',#6610,#6608,#7809,.T.);
#4922=EDGE_CURVE('',#6611,#6610,#7810,.T.);
#4923=EDGE_CURVE('',#6611,#6609,#7811,.T.);
#4924=EDGE_CURVE('',#6610,#6612,#124,.T.);
#4925=EDGE_CURVE('',#6613,#6612,#7812,.T.);
#4926=EDGE_CURVE('',#6611,#6613,#125,.T.);
#4927=EDGE_CURVE('',#6612,#6614,#7813,.T.);
#4928=EDGE_CURVE('',#6615,#6614,#7814,.T.);
#4929=EDGE_CURVE('',#6613,#6615,#7815,.T.);
#4930=EDGE_CURVE('',#6616,#6617,#7816,.T.);
#4931=EDGE_CURVE('',#6618,#6617,#7817,.T.);
#4932=EDGE_CURVE('',#6619,#6618,#7818,.T.);
#4933=EDGE_CURVE('',#6619,#6616,#7819,.T.);
#4934=EDGE_CURVE('',#6617,#6620,#126,.T.);
#4935=EDGE_CURVE('',#6621,#6620,#7820,.T.);
#4936=EDGE_CURVE('',#6618,#6621,#127,.T.);
#4937=EDGE_CURVE('',#6620,#6622,#7821,.T.);
#4938=EDGE_CURVE('',#6623,#6622,#7822,.T.);
#4939=EDGE_CURVE('',#6621,#6623,#7823,.T.);
#4940=EDGE_CURVE('',#6622,#6624,#128,.T.);
#4941=EDGE_CURVE('',#6625,#6624,#7824,.T.);
#4942=EDGE_CURVE('',#6623,#6625,#129,.T.);
#4943=EDGE_CURVE('',#6626,#6624,#7825,.T.);
#4944=EDGE_CURVE('',#6627,#6626,#7826,.T.);
#4945=EDGE_CURVE('',#6627,#6625,#7827,.T.);
#4946=EDGE_CURVE('',#6626,#6628,#130,.T.);
#4947=EDGE_CURVE('',#6629,#6628,#7828,.T.);
#4948=EDGE_CURVE('',#6627,#6629,#131,.T.);
#4949=EDGE_CURVE('',#6628,#6630,#7829,.T.);
#4950=EDGE_CURVE('',#6631,#6630,#7830,.T.);
#4951=EDGE_CURVE('',#6629,#6631,#7831,.T.);
#4952=EDGE_CURVE('',#6632,#6633,#7832,.T.);
#4953=EDGE_CURVE('',#6634,#6632,#7833,.T.);
#4954=EDGE_CURVE('',#6634,#6635,#7834,.T.);
#4955=EDGE_CURVE('',#6635,#6633,#7835,.T.);
#4956=EDGE_CURVE('',#6632,#6636,#132,.T.);
#4957=EDGE_CURVE('',#6637,#6636,#7836,.T.);
#4958=EDGE_CURVE('',#6634,#6637,#133,.T.);
#4959=EDGE_CURVE('',#6638,#6636,#7837,.T.);
#4960=EDGE_CURVE('',#6639,#6638,#7838,.T.);
#4961=EDGE_CURVE('',#6639,#6637,#7839,.T.);
#4962=EDGE_CURVE('',#6638,#6640,#134,.T.);
#4963=EDGE_CURVE('',#6641,#6640,#7840,.T.);
#4964=EDGE_CURVE('',#6639,#6641,#135,.T.);
#4965=EDGE_CURVE('',#6640,#6642,#7841,.T.);
#4966=EDGE_CURVE('',#6643,#6642,#7842,.T.);
#4967=EDGE_CURVE('',#6641,#6643,#7843,.T.);
#4968=EDGE_CURVE('',#6642,#6644,#136,.T.);
#4969=EDGE_CURVE('',#6645,#6644,#7844,.T.);
#4970=EDGE_CURVE('',#6643,#6645,#137,.T.);
#4971=EDGE_CURVE('',#6644,#6646,#7845,.T.);
#4972=EDGE_CURVE('',#6647,#6646,#7846,.T.);
#4973=EDGE_CURVE('',#6645,#6647,#7847,.T.);
#4974=EDGE_CURVE('',#6648,#6649,#7848,.T.);
#4975=EDGE_CURVE('',#6650,#6648,#7849,.T.);
#4976=EDGE_CURVE('',#6650,#6651,#7850,.T.);
#4977=EDGE_CURVE('',#6651,#6649,#7851,.T.);
#4978=EDGE_CURVE('',#6648,#6652,#138,.T.);
#4979=EDGE_CURVE('',#6653,#6652,#7852,.T.);
#4980=EDGE_CURVE('',#6650,#6653,#139,.T.);
#4981=EDGE_CURVE('',#6654,#6652,#7853,.T.);
#4982=EDGE_CURVE('',#6655,#6654,#7854,.T.);
#4983=EDGE_CURVE('',#6655,#6653,#7855,.T.);
#4984=EDGE_CURVE('',#6654,#6656,#140,.T.);
#4985=EDGE_CURVE('',#6657,#6656,#7856,.T.);
#4986=EDGE_CURVE('',#6655,#6657,#141,.T.);
#4987=EDGE_CURVE('',#6656,#6658,#7857,.T.);
#4988=EDGE_CURVE('',#6659,#6658,#7858,.T.);
#4989=EDGE_CURVE('',#6657,#6659,#7859,.T.);
#4990=EDGE_CURVE('',#6658,#6660,#142,.T.);
#4991=EDGE_CURVE('',#6661,#6660,#7860,.T.);
#4992=EDGE_CURVE('',#6659,#6661,#143,.T.);
#4993=EDGE_CURVE('',#6660,#6662,#7861,.T.);
#4994=EDGE_CURVE('',#6663,#6662,#7862,.T.);
#4995=EDGE_CURVE('',#6661,#6663,#7863,.T.);
#4996=EDGE_CURVE('',#6664,#6665,#7864,.T.);
#4997=EDGE_CURVE('',#6666,#6664,#7865,.T.);
#4998=EDGE_CURVE('',#6666,#6667,#7866,.T.);
#4999=EDGE_CURVE('',#6667,#6665,#7867,.T.);
#5000=EDGE_CURVE('',#6664,#6668,#144,.T.);
#5001=EDGE_CURVE('',#6669,#6668,#7868,.T.);
#5002=EDGE_CURVE('',#6666,#6669,#145,.T.);
#5003=EDGE_CURVE('',#6670,#6668,#7869,.T.);
#5004=EDGE_CURVE('',#6671,#6670,#7870,.T.);
#5005=EDGE_CURVE('',#6671,#6669,#7871,.T.);
#5006=EDGE_CURVE('',#6670,#6672,#146,.T.);
#5007=EDGE_CURVE('',#6673,#6672,#7872,.T.);
#5008=EDGE_CURVE('',#6671,#6673,#147,.T.);
#5009=EDGE_CURVE('',#6672,#6674,#7873,.T.);
#5010=EDGE_CURVE('',#6675,#6674,#7874,.T.);
#5011=EDGE_CURVE('',#6673,#6675,#7875,.T.);
#5012=EDGE_CURVE('',#6674,#6676,#148,.T.);
#5013=EDGE_CURVE('',#6677,#6676,#7876,.T.);
#5014=EDGE_CURVE('',#6675,#6677,#149,.T.);
#5015=EDGE_CURVE('',#6676,#6678,#7877,.T.);
#5016=EDGE_CURVE('',#6679,#6678,#7878,.T.);
#5017=EDGE_CURVE('',#6677,#6679,#7879,.T.);
#5018=EDGE_CURVE('',#6680,#6681,#7880,.T.);
#5019=EDGE_CURVE('',#6682,#6681,#7881,.T.);
#5020=EDGE_CURVE('',#6683,#6682,#7882,.T.);
#5021=EDGE_CURVE('',#6683,#6680,#7883,.T.);
#5022=EDGE_CURVE('',#6681,#6684,#150,.T.);
#5023=EDGE_CURVE('',#6685,#6684,#7884,.T.);
#5024=EDGE_CURVE('',#6682,#6685,#151,.T.);
#5025=EDGE_CURVE('',#6686,#6684,#7885,.T.);
#5026=EDGE_CURVE('',#6687,#6686,#7886,.T.);
#5027=EDGE_CURVE('',#6687,#6685,#7887,.T.);
#5028=EDGE_CURVE('',#6686,#6688,#152,.T.);
#5029=EDGE_CURVE('',#6689,#6688,#7888,.T.);
#5030=EDGE_CURVE('',#6687,#6689,#153,.T.);
#5031=EDGE_CURVE('',#6690,#6688,#7889,.T.);
#5032=EDGE_CURVE('',#6691,#6690,#7890,.T.);
#5033=EDGE_CURVE('',#6691,#6689,#7891,.T.);
#5034=EDGE_CURVE('',#6690,#6692,#154,.T.);
#5035=EDGE_CURVE('',#6693,#6692,#7892,.T.);
#5036=EDGE_CURVE('',#6691,#6693,#155,.T.);
#5037=EDGE_CURVE('',#6692,#6694,#7893,.T.);
#5038=EDGE_CURVE('',#6695,#6694,#7894,.T.);
#5039=EDGE_CURVE('',#6693,#6695,#7895,.T.);
#5040=EDGE_CURVE('',#6696,#6697,#7896,.T.);
#5041=EDGE_CURVE('',#6698,#6696,#7897,.T.);
#5042=EDGE_CURVE('',#6698,#6699,#7898,.T.);
#5043=EDGE_CURVE('',#6699,#6697,#7899,.T.);
#5044=EDGE_CURVE('',#6696,#6700,#156,.T.);
#5045=EDGE_CURVE('',#6701,#6700,#7900,.T.);
#5046=EDGE_CURVE('',#6698,#6701,#157,.T.);
#5047=EDGE_CURVE('',#6702,#6700,#7901,.T.);
#5048=EDGE_CURVE('',#6703,#6702,#7902,.T.);
#5049=EDGE_CURVE('',#6703,#6701,#7903,.T.);
#5050=EDGE_CURVE('',#6702,#6704,#158,.T.);
#5051=EDGE_CURVE('',#6705,#6704,#7904,.T.);
#5052=EDGE_CURVE('',#6703,#6705,#159,.T.);
#5053=EDGE_CURVE('',#6704,#6706,#7905,.T.);
#5054=EDGE_CURVE('',#6707,#6706,#7906,.T.);
#5055=EDGE_CURVE('',#6705,#6707,#7907,.T.);
#5056=EDGE_CURVE('',#6706,#6708,#160,.T.);
#5057=EDGE_CURVE('',#6709,#6708,#7908,.T.);
#5058=EDGE_CURVE('',#6707,#6709,#161,.T.);
#5059=EDGE_CURVE('',#6708,#6710,#7909,.T.);
#5060=EDGE_CURVE('',#6711,#6710,#7910,.T.);
#5061=EDGE_CURVE('',#6709,#6711,#7911,.T.);
#5062=EDGE_CURVE('',#6712,#6713,#7912,.T.);
#5063=EDGE_CURVE('',#6714,#6712,#7913,.T.);
#5064=EDGE_CURVE('',#6714,#6715,#7914,.T.);
#5065=EDGE_CURVE('',#6715,#6713,#7915,.T.);
#5066=EDGE_CURVE('',#6712,#6716,#162,.T.);
#5067=EDGE_CURVE('',#6717,#6716,#7916,.T.);
#5068=EDGE_CURVE('',#6714,#6717,#163,.T.);
#5069=EDGE_CURVE('',#6716,#6718,#7917,.T.);
#5070=EDGE_CURVE('',#6719,#6718,#7918,.T.);
#5071=EDGE_CURVE('',#6717,#6719,#7919,.T.);
#5072=EDGE_CURVE('',#6718,#6720,#164,.T.);
#5073=EDGE_CURVE('',#6721,#6720,#7920,.T.);
#5074=EDGE_CURVE('',#6719,#6721,#165,.T.);
#5075=EDGE_CURVE('',#6720,#6722,#7921,.T.);
#5076=EDGE_CURVE('',#6723,#6722,#7922,.T.);
#5077=EDGE_CURVE('',#6721,#6723,#7923,.T.);
#5078=EDGE_CURVE('',#6722,#6724,#166,.T.);
#5079=EDGE_CURVE('',#6725,#6724,#7924,.T.);
#5080=EDGE_CURVE('',#6723,#6725,#167,.T.);
#5081=EDGE_CURVE('',#6726,#6724,#7925,.T.);
#5082=EDGE_CURVE('',#6727,#6726,#7926,.T.);
#5083=EDGE_CURVE('',#6727,#6725,#7927,.T.);
#5084=EDGE_CURVE('',#6728,#6729,#7928,.T.);
#5085=EDGE_CURVE('',#6730,#6729,#7929,.T.);
#5086=EDGE_CURVE('',#6731,#6730,#7930,.T.);
#5087=EDGE_CURVE('',#6731,#6728,#7931,.T.);
#5088=EDGE_CURVE('',#6729,#6732,#168,.T.);
#5089=EDGE_CURVE('',#6733,#6732,#7932,.T.);
#5090=EDGE_CURVE('',#6730,#6733,#169,.T.);
#5091=EDGE_CURVE('',#6732,#6734,#7933,.T.);
#5092=EDGE_CURVE('',#6735,#6734,#7934,.T.);
#5093=EDGE_CURVE('',#6733,#6735,#7935,.T.);
#5094=EDGE_CURVE('',#6734,#6736,#170,.T.);
#5095=EDGE_CURVE('',#6737,#6736,#7936,.T.);
#5096=EDGE_CURVE('',#6735,#6737,#171,.T.);
#5097=EDGE_CURVE('',#6738,#6736,#7937,.T.);
#5098=EDGE_CURVE('',#6739,#6738,#7938,.T.);
#5099=EDGE_CURVE('',#6739,#6737,#7939,.T.);
#5100=EDGE_CURVE('',#6738,#6740,#172,.T.);
#5101=EDGE_CURVE('',#6741,#6740,#7940,.T.);
#5102=EDGE_CURVE('',#6739,#6741,#173,.T.);
#5103=EDGE_CURVE('',#6740,#6742,#7941,.T.);
#5104=EDGE_CURVE('',#6743,#6742,#7942,.T.);
#5105=EDGE_CURVE('',#6741,#6743,#7943,.T.);
#5106=EDGE_CURVE('',#6744,#6745,#7944,.T.);
#5107=EDGE_CURVE('',#6746,#6744,#7945,.T.);
#5108=EDGE_CURVE('',#6746,#6747,#7946,.T.);
#5109=EDGE_CURVE('',#6747,#6745,#7947,.T.);
#5110=EDGE_CURVE('',#6744,#6748,#174,.T.);
#5111=EDGE_CURVE('',#6749,#6748,#7948,.T.);
#5112=EDGE_CURVE('',#6746,#6749,#175,.T.);
#5113=EDGE_CURVE('',#6750,#6748,#7949,.T.);
#5114=EDGE_CURVE('',#6751,#6750,#7950,.T.);
#5115=EDGE_CURVE('',#6751,#6749,#7951,.T.);
#5116=EDGE_CURVE('',#6750,#6752,#176,.T.);
#5117=EDGE_CURVE('',#6753,#6752,#7952,.T.);
#5118=EDGE_CURVE('',#6751,#6753,#177,.T.);
#5119=EDGE_CURVE('',#6752,#6754,#7953,.T.);
#5120=EDGE_CURVE('',#6755,#6754,#7954,.T.);
#5121=EDGE_CURVE('',#6753,#6755,#7955,.T.);
#5122=EDGE_CURVE('',#6754,#6756,#178,.T.);
#5123=EDGE_CURVE('',#6757,#6756,#7956,.T.);
#5124=EDGE_CURVE('',#6755,#6757,#179,.T.);
#5125=EDGE_CURVE('',#6756,#6758,#7957,.T.);
#5126=EDGE_CURVE('',#6759,#6758,#7958,.T.);
#5127=EDGE_CURVE('',#6757,#6759,#7959,.T.);
#5128=EDGE_CURVE('',#6760,#6761,#7960,.T.);
#5129=EDGE_CURVE('',#6762,#6761,#7961,.T.);
#5130=EDGE_CURVE('',#6763,#6762,#7962,.T.);
#5131=EDGE_CURVE('',#6763,#6760,#7963,.T.);
#5132=EDGE_CURVE('',#6761,#6764,#180,.T.);
#5133=EDGE_CURVE('',#6765,#6764,#7964,.T.);
#5134=EDGE_CURVE('',#6762,#6765,#181,.T.);
#5135=EDGE_CURVE('',#6766,#6764,#7965,.T.);
#5136=EDGE_CURVE('',#6767,#6766,#7966,.T.);
#5137=EDGE_CURVE('',#6767,#6765,#7967,.T.);
#5138=EDGE_CURVE('',#6766,#6768,#182,.T.);
#5139=EDGE_CURVE('',#6769,#6768,#7968,.T.);
#5140=EDGE_CURVE('',#6767,#6769,#183,.T.);
#5141=EDGE_CURVE('',#6770,#6768,#7969,.T.);
#5142=EDGE_CURVE('',#6771,#6770,#7970,.T.);
#5143=EDGE_CURVE('',#6771,#6769,#7971,.T.);
#5144=EDGE_CURVE('',#6770,#6772,#184,.T.);
#5145=EDGE_CURVE('',#6773,#6772,#7972,.T.);
#5146=EDGE_CURVE('',#6771,#6773,#185,.T.);
#5147=EDGE_CURVE('',#6772,#6774,#7973,.T.);
#5148=EDGE_CURVE('',#6775,#6774,#7974,.T.);
#5149=EDGE_CURVE('',#6773,#6775,#7975,.T.);
#5150=EDGE_CURVE('',#6776,#6777,#7976,.T.);
#5151=EDGE_CURVE('',#6778,#6776,#7977,.T.);
#5152=EDGE_CURVE('',#6778,#6779,#7978,.T.);
#5153=EDGE_CURVE('',#6779,#6777,#7979,.T.);
#5154=EDGE_CURVE('',#6776,#6780,#186,.T.);
#5155=EDGE_CURVE('',#6781,#6780,#7980,.T.);
#5156=EDGE_CURVE('',#6778,#6781,#187,.T.);
#5157=EDGE_CURVE('',#6782,#6780,#7981,.T.);
#5158=EDGE_CURVE('',#6783,#6782,#7982,.T.);
#5159=EDGE_CURVE('',#6783,#6781,#7983,.T.);
#5160=EDGE_CURVE('',#6782,#6784,#188,.T.);
#5161=EDGE_CURVE('',#6785,#6784,#7984,.T.);
#5162=EDGE_CURVE('',#6783,#6785,#189,.T.);
#5163=EDGE_CURVE('',#6784,#6786,#7985,.T.);
#5164=EDGE_CURVE('',#6787,#6786,#7986,.T.);
#5165=EDGE_CURVE('',#6785,#6787,#7987,.T.);
#5166=EDGE_CURVE('',#6786,#6788,#190,.T.);
#5167=EDGE_CURVE('',#6789,#6788,#7988,.T.);
#5168=EDGE_CURVE('',#6787,#6789,#191,.T.);
#5169=EDGE_CURVE('',#6788,#6790,#7989,.T.);
#5170=EDGE_CURVE('',#6791,#6790,#7990,.T.);
#5171=EDGE_CURVE('',#6789,#6791,#7991,.T.);
#5172=EDGE_CURVE('',#6792,#6793,#7992,.T.);
#5173=EDGE_CURVE('',#6794,#6793,#7993,.T.);
#5174=EDGE_CURVE('',#6795,#6794,#7994,.T.);
#5175=EDGE_CURVE('',#6795,#6792,#7995,.T.);
#5176=EDGE_CURVE('',#6793,#6796,#192,.T.);
#5177=EDGE_CURVE('',#6797,#6796,#7996,.T.);
#5178=EDGE_CURVE('',#6794,#6797,#193,.T.);
#5179=EDGE_CURVE('',#6798,#6796,#7997,.T.);
#5180=EDGE_CURVE('',#6799,#6798,#7998,.T.);
#5181=EDGE_CURVE('',#6799,#6797,#7999,.T.);
#5182=EDGE_CURVE('',#6798,#6800,#194,.T.);
#5183=EDGE_CURVE('',#6801,#6800,#8000,.T.);
#5184=EDGE_CURVE('',#6799,#6801,#195,.T.);
#5185=EDGE_CURVE('',#6802,#6800,#8001,.T.);
#5186=EDGE_CURVE('',#6803,#6802,#8002,.T.);
#5187=EDGE_CURVE('',#6803,#6801,#8003,.T.);
#5188=EDGE_CURVE('',#6802,#6804,#196,.T.);
#5189=EDGE_CURVE('',#6805,#6804,#8004,.T.);
#5190=EDGE_CURVE('',#6803,#6805,#197,.T.);
#5191=EDGE_CURVE('',#6804,#6806,#8005,.T.);
#5192=EDGE_CURVE('',#6807,#6806,#8006,.T.);
#5193=EDGE_CURVE('',#6805,#6807,#8007,.T.);
#5194=EDGE_CURVE('',#6808,#6809,#8008,.T.);
#5195=EDGE_CURVE('',#6810,#6809,#8009,.T.);
#5196=EDGE_CURVE('',#6811,#6810,#8010,.T.);
#5197=EDGE_CURVE('',#6811,#6808,#8011,.T.);
#5198=EDGE_CURVE('',#6809,#6812,#198,.T.);
#5199=EDGE_CURVE('',#6813,#6812,#8012,.T.);
#5200=EDGE_CURVE('',#6810,#6813,#199,.T.);
#5201=EDGE_CURVE('',#6812,#6814,#8013,.T.);
#5202=EDGE_CURVE('',#6815,#6814,#8014,.T.);
#5203=EDGE_CURVE('',#6813,#6815,#8015,.T.);
#5204=EDGE_CURVE('',#6814,#6816,#200,.T.);
#5205=EDGE_CURVE('',#6817,#6816,#8016,.T.);
#5206=EDGE_CURVE('',#6815,#6817,#201,.T.);
#5207=EDGE_CURVE('',#6818,#6816,#8017,.T.);
#5208=EDGE_CURVE('',#6819,#6818,#8018,.T.);
#5209=EDGE_CURVE('',#6819,#6817,#8019,.T.);
#5210=EDGE_CURVE('',#6818,#6820,#202,.T.);
#5211=EDGE_CURVE('',#6821,#6820,#8020,.T.);
#5212=EDGE_CURVE('',#6819,#6821,#203,.T.);
#5213=EDGE_CURVE('',#6822,#6820,#8021,.T.);
#5214=EDGE_CURVE('',#6823,#6822,#8022,.T.);
#5215=EDGE_CURVE('',#6823,#6821,#8023,.T.);
#5216=EDGE_CURVE('',#6824,#6825,#8024,.T.);
#5217=EDGE_CURVE('',#6826,#6825,#8025,.T.);
#5218=EDGE_CURVE('',#6827,#6826,#8026,.T.);
#5219=EDGE_CURVE('',#6827,#6824,#8027,.T.);
#5220=EDGE_CURVE('',#6825,#6828,#204,.T.);
#5221=EDGE_CURVE('',#6829,#6828,#8028,.T.);
#5222=EDGE_CURVE('',#6826,#6829,#205,.T.);
#5223=EDGE_CURVE('',#6830,#6828,#8029,.T.);
#5224=EDGE_CURVE('',#6831,#6830,#8030,.T.);
#5225=EDGE_CURVE('',#6831,#6829,#8031,.T.);
#5226=EDGE_CURVE('',#6830,#6832,#206,.T.);
#5227=EDGE_CURVE('',#6833,#6832,#8032,.T.);
#5228=EDGE_CURVE('',#6831,#6833,#207,.T.);
#5229=EDGE_CURVE('',#6834,#6832,#8033,.T.);
#5230=EDGE_CURVE('',#6835,#6834,#8034,.T.);
#5231=EDGE_CURVE('',#6835,#6833,#8035,.T.);
#5232=EDGE_CURVE('',#6834,#6836,#208,.T.);
#5233=EDGE_CURVE('',#6837,#6836,#8036,.T.);
#5234=EDGE_CURVE('',#6835,#6837,#209,.T.);
#5235=EDGE_CURVE('',#6836,#6838,#8037,.T.);
#5236=EDGE_CURVE('',#6839,#6838,#8038,.T.);
#5237=EDGE_CURVE('',#6837,#6839,#8039,.T.);
#5238=EDGE_CURVE('',#6840,#6841,#8040,.T.);
#5239=EDGE_CURVE('',#6842,#6841,#8041,.T.);
#5240=EDGE_CURVE('',#6843,#6842,#8042,.T.);
#5241=EDGE_CURVE('',#6843,#6840,#8043,.T.);
#5242=EDGE_CURVE('',#6841,#6844,#210,.T.);
#5243=EDGE_CURVE('',#6845,#6844,#8044,.T.);
#5244=EDGE_CURVE('',#6842,#6845,#211,.T.);
#5245=EDGE_CURVE('',#6844,#6846,#8045,.T.);
#5246=EDGE_CURVE('',#6847,#6846,#8046,.T.);
#5247=EDGE_CURVE('',#6845,#6847,#8047,.T.);
#5248=EDGE_CURVE('',#6846,#6848,#212,.T.);
#5249=EDGE_CURVE('',#6849,#6848,#8048,.T.);
#5250=EDGE_CURVE('',#6847,#6849,#213,.T.);
#5251=EDGE_CURVE('',#6850,#6848,#8049,.T.);
#5252=EDGE_CURVE('',#6851,#6850,#8050,.T.);
#5253=EDGE_CURVE('',#6851,#6849,#8051,.T.);
#5254=EDGE_CURVE('',#6850,#6852,#214,.T.);
#5255=EDGE_CURVE('',#6853,#6852,#8052,.T.);
#5256=EDGE_CURVE('',#6851,#6853,#215,.T.);
#5257=EDGE_CURVE('',#6854,#6852,#8053,.T.);
#5258=EDGE_CURVE('',#6855,#6854,#8054,.T.);
#5259=EDGE_CURVE('',#6855,#6853,#8055,.T.);
#5260=EDGE_CURVE('',#6856,#6857,#8056,.T.);
#5261=EDGE_CURVE('',#6858,#6857,#8057,.T.);
#5262=EDGE_CURVE('',#6859,#6858,#8058,.T.);
#5263=EDGE_CURVE('',#6859,#6856,#8059,.T.);
#5264=EDGE_CURVE('',#6857,#6860,#216,.T.);
#5265=EDGE_CURVE('',#6861,#6860,#8060,.T.);
#5266=EDGE_CURVE('',#6858,#6861,#217,.T.);
#5267=EDGE_CURVE('',#6862,#6860,#8061,.T.);
#5268=EDGE_CURVE('',#6863,#6862,#8062,.T.);
#5269=EDGE_CURVE('',#6863,#6861,#8063,.T.);
#5270=EDGE_CURVE('',#6862,#6864,#218,.T.);
#5271=EDGE_CURVE('',#6865,#6864,#8064,.T.);
#5272=EDGE_CURVE('',#6863,#6865,#219,.T.);
#5273=EDGE_CURVE('',#6866,#6864,#8065,.T.);
#5274=EDGE_CURVE('',#6867,#6866,#8066,.T.);
#5275=EDGE_CURVE('',#6867,#6865,#8067,.T.);
#5276=EDGE_CURVE('',#6866,#6868,#220,.T.);
#5277=EDGE_CURVE('',#6869,#6868,#8068,.T.);
#5278=EDGE_CURVE('',#6867,#6869,#221,.T.);
#5279=EDGE_CURVE('',#6868,#6870,#8069,.T.);
#5280=EDGE_CURVE('',#6871,#6870,#8070,.T.);
#5281=EDGE_CURVE('',#6869,#6871,#8071,.T.);
#5282=EDGE_CURVE('',#6872,#6873,#8072,.T.);
#5283=EDGE_CURVE('',#6874,#6873,#8073,.T.);
#5284=EDGE_CURVE('',#6875,#6874,#8074,.T.);
#5285=EDGE_CURVE('',#6875,#6872,#8075,.T.);
#5286=EDGE_CURVE('',#6873,#6876,#222,.T.);
#5287=EDGE_CURVE('',#6877,#6876,#8076,.T.);
#5288=EDGE_CURVE('',#6874,#6877,#223,.T.);
#5289=EDGE_CURVE('',#6876,#6878,#8077,.T.);
#5290=EDGE_CURVE('',#6879,#6878,#8078,.T.);
#5291=EDGE_CURVE('',#6877,#6879,#8079,.T.);
#5292=EDGE_CURVE('',#6878,#6880,#224,.T.);
#5293=EDGE_CURVE('',#6881,#6880,#8080,.T.);
#5294=EDGE_CURVE('',#6879,#6881,#225,.T.);
#5295=EDGE_CURVE('',#6882,#6880,#8081,.T.);
#5296=EDGE_CURVE('',#6883,#6882,#8082,.T.);
#5297=EDGE_CURVE('',#6883,#6881,#8083,.T.);
#5298=EDGE_CURVE('',#6882,#6884,#226,.T.);
#5299=EDGE_CURVE('',#6885,#6884,#8084,.T.);
#5300=EDGE_CURVE('',#6883,#6885,#227,.T.);
#5301=EDGE_CURVE('',#6886,#6884,#8085,.T.);
#5302=EDGE_CURVE('',#6887,#6886,#8086,.T.);
#5303=EDGE_CURVE('',#6887,#6885,#8087,.T.);
#5304=EDGE_CURVE('',#6888,#6889,#8088,.T.);
#5305=EDGE_CURVE('',#6890,#6889,#8089,.T.);
#5306=EDGE_CURVE('',#6891,#6890,#8090,.T.);
#5307=EDGE_CURVE('',#6891,#6888,#8091,.T.);
#5308=EDGE_CURVE('',#6889,#6892,#228,.T.);
#5309=EDGE_CURVE('',#6893,#6892,#8092,.T.);
#5310=EDGE_CURVE('',#6890,#6893,#229,.T.);
#5311=EDGE_CURVE('',#6894,#6892,#8093,.T.);
#5312=EDGE_CURVE('',#6895,#6894,#8094,.T.);
#5313=EDGE_CURVE('',#6895,#6893,#8095,.T.);
#5314=EDGE_CURVE('',#6894,#6896,#230,.T.);
#5315=EDGE_CURVE('',#6897,#6896,#8096,.T.);
#5316=EDGE_CURVE('',#6895,#6897,#231,.T.);
#5317=EDGE_CURVE('',#6898,#6896,#8097,.T.);
#5318=EDGE_CURVE('',#6899,#6898,#8098,.T.);
#5319=EDGE_CURVE('',#6899,#6897,#8099,.T.);
#5320=EDGE_CURVE('',#6898,#6900,#232,.T.);
#5321=EDGE_CURVE('',#6901,#6900,#8100,.T.);
#5322=EDGE_CURVE('',#6899,#6901,#233,.T.);
#5323=EDGE_CURVE('',#6900,#6902,#8101,.T.);
#5324=EDGE_CURVE('',#6903,#6902,#8102,.T.);
#5325=EDGE_CURVE('',#6901,#6903,#8103,.T.);
#5326=EDGE_CURVE('',#6904,#6905,#8104,.T.);
#5327=EDGE_CURVE('',#6906,#6904,#8105,.T.);
#5328=EDGE_CURVE('',#6906,#6907,#8106,.T.);
#5329=EDGE_CURVE('',#6907,#6905,#8107,.T.);
#5330=EDGE_CURVE('',#6904,#6908,#234,.T.);
#5331=EDGE_CURVE('',#6909,#6908,#8108,.T.);
#5332=EDGE_CURVE('',#6906,#6909,#235,.T.);
#5333=EDGE_CURVE('',#6910,#6908,#8109,.T.);
#5334=EDGE_CURVE('',#6911,#6910,#8110,.T.);
#5335=EDGE_CURVE('',#6911,#6909,#8111,.T.);
#5336=EDGE_CURVE('',#6910,#6912,#236,.T.);
#5337=EDGE_CURVE('',#6913,#6912,#8112,.T.);
#5338=EDGE_CURVE('',#6911,#6913,#237,.T.);
#5339=EDGE_CURVE('',#6912,#6914,#8113,.T.);
#5340=EDGE_CURVE('',#6915,#6914,#8114,.T.);
#5341=EDGE_CURVE('',#6913,#6915,#8115,.T.);
#5342=EDGE_CURVE('',#6914,#6916,#238,.T.);
#5343=EDGE_CURVE('',#6917,#6916,#8116,.T.);
#5344=EDGE_CURVE('',#6915,#6917,#239,.T.);
#5345=EDGE_CURVE('',#6916,#6918,#8117,.T.);
#5346=EDGE_CURVE('',#6919,#6918,#8118,.T.);
#5347=EDGE_CURVE('',#6917,#6919,#8119,.T.);
#5348=EDGE_CURVE('',#6920,#6921,#8120,.T.);
#5349=EDGE_CURVE('',#6922,#6920,#8121,.T.);
#5350=EDGE_CURVE('',#6922,#6923,#8122,.T.);
#5351=EDGE_CURVE('',#6923,#6921,#8123,.T.);
#5352=EDGE_CURVE('',#6920,#6924,#240,.T.);
#5353=EDGE_CURVE('',#6925,#6924,#8124,.T.);
#5354=EDGE_CURVE('',#6922,#6925,#241,.T.);
#5355=EDGE_CURVE('',#6924,#6926,#8125,.T.);
#5356=EDGE_CURVE('',#6927,#6926,#8126,.T.);
#5357=EDGE_CURVE('',#6925,#6927,#8127,.T.);
#5358=EDGE_CURVE('',#6926,#6928,#242,.T.);
#5359=EDGE_CURVE('',#6929,#6928,#8128,.T.);
#5360=EDGE_CURVE('',#6927,#6929,#243,.T.);
#5361=EDGE_CURVE('',#6928,#6930,#8129,.T.);
#5362=EDGE_CURVE('',#6931,#6930,#8130,.T.);
#5363=EDGE_CURVE('',#6929,#6931,#8131,.T.);
#5364=EDGE_CURVE('',#6930,#6932,#244,.T.);
#5365=EDGE_CURVE('',#6933,#6932,#8132,.T.);
#5366=EDGE_CURVE('',#6931,#6933,#245,.T.);
#5367=EDGE_CURVE('',#6934,#6932,#8133,.T.);
#5368=EDGE_CURVE('',#6935,#6934,#8134,.T.);
#5369=EDGE_CURVE('',#6935,#6933,#8135,.T.);
#5370=EDGE_CURVE('',#6936,#6937,#8136,.T.);
#5371=EDGE_CURVE('',#6938,#6936,#8137,.T.);
#5372=EDGE_CURVE('',#6938,#6939,#8138,.T.);
#5373=EDGE_CURVE('',#6939,#6937,#8139,.T.);
#5374=EDGE_CURVE('',#6936,#6940,#246,.T.);
#5375=EDGE_CURVE('',#6941,#6940,#8140,.T.);
#5376=EDGE_CURVE('',#6938,#6941,#247,.T.);
#5377=EDGE_CURVE('',#6940,#6942,#8141,.T.);
#5378=EDGE_CURVE('',#6943,#6942,#8142,.T.);
#5379=EDGE_CURVE('',#6941,#6943,#8143,.T.);
#5380=EDGE_CURVE('',#6942,#6944,#248,.T.);
#5381=EDGE_CURVE('',#6945,#6944,#8144,.T.);
#5382=EDGE_CURVE('',#6943,#6945,#249,.T.);
#5383=EDGE_CURVE('',#6944,#6946,#8145,.T.);
#5384=EDGE_CURVE('',#6947,#6946,#8146,.T.);
#5385=EDGE_CURVE('',#6945,#6947,#8147,.T.);
#5386=EDGE_CURVE('',#6946,#6948,#250,.T.);
#5387=EDGE_CURVE('',#6949,#6948,#8148,.T.);
#5388=EDGE_CURVE('',#6947,#6949,#251,.T.);
#5389=EDGE_CURVE('',#6950,#6948,#8149,.T.);
#5390=EDGE_CURVE('',#6951,#6950,#8150,.T.);
#5391=EDGE_CURVE('',#6951,#6949,#8151,.T.);
#5392=EDGE_CURVE('',#6952,#6953,#8152,.T.);
#5393=EDGE_CURVE('',#6954,#6953,#8153,.T.);
#5394=EDGE_CURVE('',#6955,#6954,#8154,.T.);
#5395=EDGE_CURVE('',#6955,#6952,#8155,.T.);
#5396=EDGE_CURVE('',#6953,#6956,#252,.T.);
#5397=EDGE_CURVE('',#6957,#6956,#8156,.T.);
#5398=EDGE_CURVE('',#6954,#6957,#253,.T.);
#5399=EDGE_CURVE('',#6956,#6958,#8157,.T.);
#5400=EDGE_CURVE('',#6959,#6958,#8158,.T.);
#5401=EDGE_CURVE('',#6957,#6959,#8159,.T.);
#5402=EDGE_CURVE('',#6958,#6960,#254,.T.);
#5403=EDGE_CURVE('',#6961,#6960,#8160,.T.);
#5404=EDGE_CURVE('',#6959,#6961,#255,.T.);
#5405=EDGE_CURVE('',#6962,#6960,#8161,.T.);
#5406=EDGE_CURVE('',#6963,#6962,#8162,.T.);
#5407=EDGE_CURVE('',#6963,#6961,#8163,.T.);
#5408=EDGE_CURVE('',#6962,#6964,#256,.T.);
#5409=EDGE_CURVE('',#6965,#6964,#8164,.T.);
#5410=EDGE_CURVE('',#6963,#6965,#257,.T.);
#5411=EDGE_CURVE('',#6966,#6964,#8165,.T.);
#5412=EDGE_CURVE('',#6967,#6966,#8166,.T.);
#5413=EDGE_CURVE('',#6967,#6965,#8167,.T.);
#5414=EDGE_CURVE('',#6968,#6969,#8168,.T.);
#5415=EDGE_CURVE('',#6970,#6969,#8169,.T.);
#5416=EDGE_CURVE('',#6971,#6970,#8170,.T.);
#5417=EDGE_CURVE('',#6971,#6968,#8171,.T.);
#5418=EDGE_CURVE('',#6969,#6972,#258,.T.);
#5419=EDGE_CURVE('',#6973,#6972,#8172,.T.);
#5420=EDGE_CURVE('',#6970,#6973,#259,.T.);
#5421=EDGE_CURVE('',#6974,#6972,#8173,.T.);
#5422=EDGE_CURVE('',#6975,#6974,#8174,.T.);
#5423=EDGE_CURVE('',#6975,#6973,#8175,.T.);
#5424=EDGE_CURVE('',#6974,#6976,#260,.T.);
#5425=EDGE_CURVE('',#6977,#6976,#8176,.T.);
#5426=EDGE_CURVE('',#6975,#6977,#261,.T.);
#5427=EDGE_CURVE('',#6978,#6976,#8177,.T.);
#5428=EDGE_CURVE('',#6979,#6978,#8178,.T.);
#5429=EDGE_CURVE('',#6979,#6977,#8179,.T.);
#5430=EDGE_CURVE('',#6978,#6980,#262,.T.);
#5431=EDGE_CURVE('',#6981,#6980,#8180,.T.);
#5432=EDGE_CURVE('',#6979,#6981,#263,.T.);
#5433=EDGE_CURVE('',#6980,#6982,#8181,.T.);
#5434=EDGE_CURVE('',#6983,#6982,#8182,.T.);
#5435=EDGE_CURVE('',#6981,#6983,#8183,.T.);
#5436=EDGE_CURVE('',#6984,#6985,#8184,.T.);
#5437=EDGE_CURVE('',#6986,#6984,#8185,.T.);
#5438=EDGE_CURVE('',#6986,#6987,#8186,.T.);
#5439=EDGE_CURVE('',#6987,#6985,#8187,.T.);
#5440=EDGE_CURVE('',#6984,#6988,#264,.T.);
#5441=EDGE_CURVE('',#6989,#6988,#8188,.T.);
#5442=EDGE_CURVE('',#6986,#6989,#265,.T.);
#5443=EDGE_CURVE('',#6988,#6990,#8189,.T.);
#5444=EDGE_CURVE('',#6991,#6990,#8190,.T.);
#5445=EDGE_CURVE('',#6989,#6991,#8191,.T.);
#5446=EDGE_CURVE('',#6990,#6992,#266,.T.);
#5447=EDGE_CURVE('',#6993,#6992,#8192,.T.);
#5448=EDGE_CURVE('',#6991,#6993,#267,.T.);
#5449=EDGE_CURVE('',#6992,#6994,#8193,.T.);
#5450=EDGE_CURVE('',#6995,#6994,#8194,.T.);
#5451=EDGE_CURVE('',#6993,#6995,#8195,.T.);
#5452=EDGE_CURVE('',#6994,#6996,#268,.T.);
#5453=EDGE_CURVE('',#6997,#6996,#8196,.T.);
#5454=EDGE_CURVE('',#6995,#6997,#269,.T.);
#5455=EDGE_CURVE('',#6996,#6998,#8197,.T.);
#5456=EDGE_CURVE('',#6999,#6998,#8198,.T.);
#5457=EDGE_CURVE('',#6997,#6999,#8199,.T.);
#5458=EDGE_CURVE('',#7000,#7001,#8200,.T.);
#5459=EDGE_CURVE('',#7002,#7000,#8201,.T.);
#5460=EDGE_CURVE('',#7002,#7003,#8202,.T.);
#5461=EDGE_CURVE('',#7003,#7001,#8203,.T.);
#5462=EDGE_CURVE('',#7000,#7004,#270,.T.);
#5463=EDGE_CURVE('',#7005,#7004,#8204,.T.);
#5464=EDGE_CURVE('',#7002,#7005,#271,.T.);
#5465=EDGE_CURVE('',#7006,#7004,#8205,.T.);
#5466=EDGE_CURVE('',#7007,#7006,#8206,.T.);
#5467=EDGE_CURVE('',#7007,#7005,#8207,.T.);
#5468=EDGE_CURVE('',#7006,#7008,#272,.T.);
#5469=EDGE_CURVE('',#7009,#7008,#8208,.T.);
#5470=EDGE_CURVE('',#7007,#7009,#273,.T.);
#5471=EDGE_CURVE('',#7010,#7008,#8209,.T.);
#5472=EDGE_CURVE('',#7011,#7010,#8210,.T.);
#5473=EDGE_CURVE('',#7011,#7009,#8211,.T.);
#5474=EDGE_CURVE('',#7010,#7012,#274,.T.);
#5475=EDGE_CURVE('',#7013,#7012,#8212,.T.);
#5476=EDGE_CURVE('',#7011,#7013,#275,.T.);
#5477=EDGE_CURVE('',#7012,#7014,#8213,.T.);
#5478=EDGE_CURVE('',#7015,#7014,#8214,.T.);
#5479=EDGE_CURVE('',#7013,#7015,#8215,.T.);
#5480=EDGE_CURVE('',#7016,#7017,#8216,.T.);
#5481=EDGE_CURVE('',#7018,#7016,#8217,.T.);
#5482=EDGE_CURVE('',#7018,#7019,#8218,.T.);
#5483=EDGE_CURVE('',#7019,#7017,#8219,.T.);
#5484=EDGE_CURVE('',#7016,#7020,#276,.T.);
#5485=EDGE_CURVE('',#7021,#7020,#8220,.T.);
#5486=EDGE_CURVE('',#7018,#7021,#277,.T.);
#5487=EDGE_CURVE('',#7020,#7022,#8221,.T.);
#5488=EDGE_CURVE('',#7023,#7022,#8222,.T.);
#5489=EDGE_CURVE('',#7021,#7023,#8223,.T.);
#5490=EDGE_CURVE('',#7022,#7024,#278,.T.);
#5491=EDGE_CURVE('',#7025,#7024,#8224,.T.);
#5492=EDGE_CURVE('',#7023,#7025,#279,.T.);
#5493=EDGE_CURVE('',#7024,#7026,#8225,.T.);
#5494=EDGE_CURVE('',#7027,#7026,#8226,.T.);
#5495=EDGE_CURVE('',#7025,#7027,#8227,.T.);
#5496=EDGE_CURVE('',#7026,#7028,#280,.T.);
#5497=EDGE_CURVE('',#7029,#7028,#8228,.T.);
#5498=EDGE_CURVE('',#7027,#7029,#281,.T.);
#5499=EDGE_CURVE('',#7030,#7028,#8229,.T.);
#5500=EDGE_CURVE('',#7031,#7030,#8230,.T.);
#5501=EDGE_CURVE('',#7031,#7029,#8231,.T.);
#5502=EDGE_CURVE('',#7032,#7033,#8232,.T.);
#5503=EDGE_CURVE('',#7034,#7032,#8233,.T.);
#5504=EDGE_CURVE('',#7034,#7035,#8234,.T.);
#5505=EDGE_CURVE('',#7035,#7033,#8235,.T.);
#5506=EDGE_CURVE('',#7032,#7036,#282,.T.);
#5507=EDGE_CURVE('',#7037,#7036,#8236,.T.);
#5508=EDGE_CURVE('',#7034,#7037,#283,.T.);
#5509=EDGE_CURVE('',#7038,#7036,#8237,.T.);
#5510=EDGE_CURVE('',#7039,#7038,#8238,.T.);
#5511=EDGE_CURVE('',#7039,#7037,#8239,.T.);
#5512=EDGE_CURVE('',#7038,#7040,#284,.T.);
#5513=EDGE_CURVE('',#7041,#7040,#8240,.T.);
#5514=EDGE_CURVE('',#7039,#7041,#285,.T.);
#5515=EDGE_CURVE('',#7042,#7040,#8241,.T.);
#5516=EDGE_CURVE('',#7043,#7042,#8242,.T.);
#5517=EDGE_CURVE('',#7043,#7041,#8243,.T.);
#5518=EDGE_CURVE('',#7042,#7044,#286,.T.);
#5519=EDGE_CURVE('',#7045,#7044,#8244,.T.);
#5520=EDGE_CURVE('',#7043,#7045,#287,.T.);
#5521=EDGE_CURVE('',#7044,#7046,#8245,.T.);
#5522=EDGE_CURVE('',#7047,#7046,#8246,.T.);
#5523=EDGE_CURVE('',#7045,#7047,#8247,.T.);
#5524=EDGE_CURVE('',#7048,#7049,#8248,.T.);
#5525=EDGE_CURVE('',#7050,#7048,#8249,.T.);
#5526=EDGE_CURVE('',#7050,#7051,#8250,.T.);
#5527=EDGE_CURVE('',#7051,#7049,#8251,.T.);
#5528=EDGE_CURVE('',#7048,#7052,#288,.T.);
#5529=EDGE_CURVE('',#7053,#7052,#8252,.T.);
#5530=EDGE_CURVE('',#7050,#7053,#289,.T.);
#5531=EDGE_CURVE('',#7052,#7054,#8253,.T.);
#5532=EDGE_CURVE('',#7055,#7054,#8254,.T.);
#5533=EDGE_CURVE('',#7053,#7055,#8255,.T.);
#5534=EDGE_CURVE('',#7054,#7056,#290,.T.);
#5535=EDGE_CURVE('',#7057,#7056,#8256,.T.);
#5536=EDGE_CURVE('',#7055,#7057,#291,.T.);
#5537=EDGE_CURVE('',#7056,#7058,#8257,.T.);
#5538=EDGE_CURVE('',#7059,#7058,#8258,.T.);
#5539=EDGE_CURVE('',#7057,#7059,#8259,.T.);
#5540=EDGE_CURVE('',#7058,#7060,#292,.T.);
#5541=EDGE_CURVE('',#7061,#7060,#8260,.T.);
#5542=EDGE_CURVE('',#7059,#7061,#293,.T.);
#5543=EDGE_CURVE('',#7062,#7060,#8261,.T.);
#5544=EDGE_CURVE('',#7063,#7062,#8262,.T.);
#5545=EDGE_CURVE('',#7063,#7061,#8263,.T.);
#5546=EDGE_CURVE('',#7064,#7065,#8264,.T.);
#5547=EDGE_CURVE('',#7066,#7064,#8265,.T.);
#5548=EDGE_CURVE('',#7066,#7067,#8266,.T.);
#5549=EDGE_CURVE('',#7067,#7065,#8267,.T.);
#5550=EDGE_CURVE('',#7064,#7068,#294,.T.);
#5551=EDGE_CURVE('',#7069,#7068,#8268,.T.);
#5552=EDGE_CURVE('',#7066,#7069,#295,.T.);
#5553=EDGE_CURVE('',#7070,#7068,#8269,.T.);
#5554=EDGE_CURVE('',#7071,#7070,#8270,.T.);
#5555=EDGE_CURVE('',#7071,#7069,#8271,.T.);
#5556=EDGE_CURVE('',#7070,#7072,#296,.T.);
#5557=EDGE_CURVE('',#7073,#7072,#8272,.T.);
#5558=EDGE_CURVE('',#7071,#7073,#297,.T.);
#5559=EDGE_CURVE('',#7072,#7074,#8273,.T.);
#5560=EDGE_CURVE('',#7075,#7074,#8274,.T.);
#5561=EDGE_CURVE('',#7073,#7075,#8275,.T.);
#5562=EDGE_CURVE('',#7074,#7076,#298,.T.);
#5563=EDGE_CURVE('',#7077,#7076,#8276,.T.);
#5564=EDGE_CURVE('',#7075,#7077,#299,.T.);
#5565=EDGE_CURVE('',#7076,#7078,#8277,.T.);
#5566=EDGE_CURVE('',#7079,#7078,#8278,.T.);
#5567=EDGE_CURVE('',#7077,#7079,#8279,.T.);
#5568=EDGE_CURVE('',#7080,#7081,#8280,.T.);
#5569=EDGE_CURVE('',#7082,#7081,#8281,.T.);
#5570=EDGE_CURVE('',#7083,#7082,#8282,.T.);
#5571=EDGE_CURVE('',#7083,#7080,#8283,.T.);
#5572=EDGE_CURVE('',#7081,#7084,#300,.T.);
#5573=EDGE_CURVE('',#7085,#7084,#8284,.T.);
#5574=EDGE_CURVE('',#7082,#7085,#301,.T.);
#5575=EDGE_CURVE('',#7086,#7084,#8285,.T.);
#5576=EDGE_CURVE('',#7087,#7086,#8286,.T.);
#5577=EDGE_CURVE('',#7087,#7085,#8287,.T.);
#5578=EDGE_CURVE('',#7086,#7088,#302,.T.);
#5579=EDGE_CURVE('',#7089,#7088,#8288,.T.);
#5580=EDGE_CURVE('',#7087,#7089,#303,.T.);
#5581=EDGE_CURVE('',#7090,#7088,#8289,.T.);
#5582=EDGE_CURVE('',#7091,#7090,#8290,.T.);
#5583=EDGE_CURVE('',#7091,#7089,#8291,.T.);
#5584=EDGE_CURVE('',#7090,#7092,#304,.T.);
#5585=EDGE_CURVE('',#7093,#7092,#8292,.T.);
#5586=EDGE_CURVE('',#7091,#7093,#305,.T.);
#5587=EDGE_CURVE('',#7092,#7094,#8293,.T.);
#5588=EDGE_CURVE('',#7095,#7094,#8294,.T.);
#5589=EDGE_CURVE('',#7093,#7095,#8295,.T.);
#5590=EDGE_CURVE('',#7096,#7097,#8296,.T.);
#5591=EDGE_CURVE('',#7098,#7096,#8297,.T.);
#5592=EDGE_CURVE('',#7098,#7099,#8298,.T.);
#5593=EDGE_CURVE('',#7099,#7097,#8299,.T.);
#5594=EDGE_CURVE('',#7096,#7100,#306,.T.);
#5595=EDGE_CURVE('',#7101,#7100,#8300,.T.);
#5596=EDGE_CURVE('',#7098,#7101,#307,.T.);
#5597=EDGE_CURVE('',#7102,#7100,#8301,.T.);
#5598=EDGE_CURVE('',#7103,#7102,#8302,.T.);
#5599=EDGE_CURVE('',#7103,#7101,#8303,.T.);
#5600=EDGE_CURVE('',#7102,#7104,#308,.T.);
#5601=EDGE_CURVE('',#7105,#7104,#8304,.T.);
#5602=EDGE_CURVE('',#7103,#7105,#309,.T.);
#5603=EDGE_CURVE('',#7104,#7106,#8305,.T.);
#5604=EDGE_CURVE('',#7107,#7106,#8306,.T.);
#5605=EDGE_CURVE('',#7105,#7107,#8307,.T.);
#5606=EDGE_CURVE('',#7106,#7108,#310,.T.);
#5607=EDGE_CURVE('',#7109,#7108,#8308,.T.);
#5608=EDGE_CURVE('',#7107,#7109,#311,.T.);
#5609=EDGE_CURVE('',#7108,#7110,#8309,.T.);
#5610=EDGE_CURVE('',#7111,#7110,#8310,.T.);
#5611=EDGE_CURVE('',#7109,#7111,#8311,.T.);
#5612=EDGE_CURVE('',#7112,#7113,#8312,.T.);
#5613=EDGE_CURVE('',#7114,#7112,#8313,.T.);
#5614=EDGE_CURVE('',#7114,#7115,#8314,.T.);
#5615=EDGE_CURVE('',#7115,#7113,#8315,.T.);
#5616=EDGE_CURVE('',#7112,#7116,#312,.T.);
#5617=EDGE_CURVE('',#7117,#7116,#8316,.T.);
#5618=EDGE_CURVE('',#7114,#7117,#313,.T.);
#5619=EDGE_CURVE('',#7116,#7118,#8317,.T.);
#5620=EDGE_CURVE('',#7119,#7118,#8318,.T.);
#5621=EDGE_CURVE('',#7117,#7119,#8319,.T.);
#5622=EDGE_CURVE('',#7118,#7120,#314,.T.);
#5623=EDGE_CURVE('',#7121,#7120,#8320,.T.);
#5624=EDGE_CURVE('',#7119,#7121,#315,.T.);
#5625=EDGE_CURVE('',#7120,#7122,#8321,.T.);
#5626=EDGE_CURVE('',#7123,#7122,#8322,.T.);
#5627=EDGE_CURVE('',#7121,#7123,#8323,.T.);
#5628=EDGE_CURVE('',#7122,#7124,#316,.T.);
#5629=EDGE_CURVE('',#7125,#7124,#8324,.T.);
#5630=EDGE_CURVE('',#7123,#7125,#317,.T.);
#5631=EDGE_CURVE('',#7126,#7124,#8325,.T.);
#5632=EDGE_CURVE('',#7127,#7126,#8326,.T.);
#5633=EDGE_CURVE('',#7127,#7125,#8327,.T.);
#5634=EDGE_CURVE('',#7128,#7129,#8328,.T.);
#5635=EDGE_CURVE('',#7130,#7128,#8329,.T.);
#5636=EDGE_CURVE('',#7130,#7131,#8330,.T.);
#5637=EDGE_CURVE('',#7131,#7129,#8331,.T.);
#5638=EDGE_CURVE('',#7128,#7132,#318,.T.);
#5639=EDGE_CURVE('',#7133,#7132,#8332,.T.);
#5640=EDGE_CURVE('',#7130,#7133,#319,.T.);
#5641=EDGE_CURVE('',#7134,#7132,#8333,.T.);
#5642=EDGE_CURVE('',#7135,#7134,#8334,.T.);
#5643=EDGE_CURVE('',#7135,#7133,#8335,.T.);
#5644=EDGE_CURVE('',#7134,#7136,#320,.T.);
#5645=EDGE_CURVE('',#7137,#7136,#8336,.T.);
#5646=EDGE_CURVE('',#7135,#7137,#321,.T.);
#5647=EDGE_CURVE('',#7136,#7138,#8337,.T.);
#5648=EDGE_CURVE('',#7139,#7138,#8338,.T.);
#5649=EDGE_CURVE('',#7137,#7139,#8339,.T.);
#5650=EDGE_CURVE('',#7138,#7140,#322,.T.);
#5651=EDGE_CURVE('',#7141,#7140,#8340,.T.);
#5652=EDGE_CURVE('',#7139,#7141,#323,.T.);
#5653=EDGE_CURVE('',#7140,#7142,#8341,.T.);
#5654=EDGE_CURVE('',#7143,#7142,#8342,.T.);
#5655=EDGE_CURVE('',#7141,#7143,#8343,.T.);
#5656=EDGE_CURVE('',#7144,#7145,#8344,.T.);
#5657=EDGE_CURVE('',#7146,#7145,#8345,.T.);
#5658=EDGE_CURVE('',#7147,#7146,#8346,.T.);
#5659=EDGE_CURVE('',#7147,#7144,#8347,.T.);
#5660=EDGE_CURVE('',#7145,#7148,#324,.T.);
#5661=EDGE_CURVE('',#7149,#7148,#8348,.T.);
#5662=EDGE_CURVE('',#7146,#7149,#325,.T.);
#5663=EDGE_CURVE('',#7150,#7148,#8349,.T.);
#5664=EDGE_CURVE('',#7151,#7150,#8350,.T.);
#5665=EDGE_CURVE('',#7151,#7149,#8351,.T.);
#5666=EDGE_CURVE('',#7150,#7152,#326,.T.);
#5667=EDGE_CURVE('',#7153,#7152,#8352,.T.);
#5668=EDGE_CURVE('',#7151,#7153,#327,.T.);
#5669=EDGE_CURVE('',#7154,#7152,#8353,.T.);
#5670=EDGE_CURVE('',#7155,#7154,#8354,.T.);
#5671=EDGE_CURVE('',#7155,#7153,#8355,.T.);
#5672=EDGE_CURVE('',#7154,#7156,#328,.T.);
#5673=EDGE_CURVE('',#7157,#7156,#8356,.T.);
#5674=EDGE_CURVE('',#7155,#7157,#329,.T.);
#5675=EDGE_CURVE('',#7156,#7158,#8357,.T.);
#5676=EDGE_CURVE('',#7159,#7158,#8358,.T.);
#5677=EDGE_CURVE('',#7157,#7159,#8359,.T.);
#5678=EDGE_CURVE('',#7160,#7161,#8360,.T.);
#5679=EDGE_CURVE('',#7162,#7160,#8361,.T.);
#5680=EDGE_CURVE('',#7162,#7163,#8362,.T.);
#5681=EDGE_CURVE('',#7163,#7161,#8363,.T.);
#5682=EDGE_CURVE('',#7160,#7164,#330,.T.);
#5683=EDGE_CURVE('',#7165,#7164,#8364,.T.);
#5684=EDGE_CURVE('',#7162,#7165,#331,.T.);
#5685=EDGE_CURVE('',#7166,#7164,#8365,.T.);
#5686=EDGE_CURVE('',#7167,#7166,#8366,.T.);
#5687=EDGE_CURVE('',#7167,#7165,#8367,.T.);
#5688=EDGE_CURVE('',#7166,#7168,#332,.T.);
#5689=EDGE_CURVE('',#7169,#7168,#8368,.T.);
#5690=EDGE_CURVE('',#7167,#7169,#333,.T.);
#5691=EDGE_CURVE('',#7168,#7170,#8369,.T.);
#5692=EDGE_CURVE('',#7171,#7170,#8370,.T.);
#5693=EDGE_CURVE('',#7169,#7171,#8371,.T.);
#5694=EDGE_CURVE('',#7170,#7172,#334,.T.);
#5695=EDGE_CURVE('',#7173,#7172,#8372,.T.);
#5696=EDGE_CURVE('',#7171,#7173,#335,.T.);
#5697=EDGE_CURVE('',#7172,#7174,#8373,.T.);
#5698=EDGE_CURVE('',#7175,#7174,#8374,.T.);
#5699=EDGE_CURVE('',#7173,#7175,#8375,.T.);
#5700=EDGE_CURVE('',#7176,#7177,#8376,.T.);
#5701=EDGE_CURVE('',#7178,#7177,#8377,.T.);
#5702=EDGE_CURVE('',#7179,#7178,#8378,.T.);
#5703=EDGE_CURVE('',#7179,#7176,#8379,.T.);
#5704=EDGE_CURVE('',#7177,#7180,#336,.T.);
#5705=EDGE_CURVE('',#7181,#7180,#8380,.T.);
#5706=EDGE_CURVE('',#7178,#7181,#337,.T.);
#5707=EDGE_CURVE('',#7180,#7182,#8381,.T.);
#5708=EDGE_CURVE('',#7183,#7182,#8382,.T.);
#5709=EDGE_CURVE('',#7181,#7183,#8383,.T.);
#5710=EDGE_CURVE('',#7182,#7184,#338,.T.);
#5711=EDGE_CURVE('',#7185,#7184,#8384,.T.);
#5712=EDGE_CURVE('',#7183,#7185,#339,.T.);
#5713=EDGE_CURVE('',#7186,#7184,#8385,.T.);
#5714=EDGE_CURVE('',#7187,#7186,#8386,.T.);
#5715=EDGE_CURVE('',#7187,#7185,#8387,.T.);
#5716=EDGE_CURVE('',#7186,#7188,#340,.T.);
#5717=EDGE_CURVE('',#7189,#7188,#8388,.T.);
#5718=EDGE_CURVE('',#7187,#7189,#341,.T.);
#5719=EDGE_CURVE('',#7190,#7188,#8389,.T.);
#5720=EDGE_CURVE('',#7191,#7190,#8390,.T.);
#5721=EDGE_CURVE('',#7191,#7189,#8391,.T.);
#5722=EDGE_CURVE('',#7192,#7193,#8392,.T.);
#5723=EDGE_CURVE('',#7194,#7193,#8393,.T.);
#5724=EDGE_CURVE('',#7195,#7194,#8394,.T.);
#5725=EDGE_CURVE('',#7195,#7192,#8395,.T.);
#5726=EDGE_CURVE('',#7193,#7196,#342,.T.);
#5727=EDGE_CURVE('',#7197,#7196,#8396,.T.);
#5728=EDGE_CURVE('',#7194,#7197,#343,.T.);
#5729=EDGE_CURVE('',#7198,#7196,#8397,.T.);
#5730=EDGE_CURVE('',#7199,#7198,#8398,.T.);
#5731=EDGE_CURVE('',#7199,#7197,#8399,.T.);
#5732=EDGE_CURVE('',#7198,#7200,#344,.T.);
#5733=EDGE_CURVE('',#7201,#7200,#8400,.T.);
#5734=EDGE_CURVE('',#7199,#7201,#345,.T.);
#5735=EDGE_CURVE('',#7202,#7200,#8401,.T.);
#5736=EDGE_CURVE('',#7203,#7202,#8402,.T.);
#5737=EDGE_CURVE('',#7203,#7201,#8403,.T.);
#5738=EDGE_CURVE('',#7202,#7204,#346,.T.);
#5739=EDGE_CURVE('',#7205,#7204,#8404,.T.);
#5740=EDGE_CURVE('',#7203,#7205,#347,.T.);
#5741=EDGE_CURVE('',#7204,#7206,#8405,.T.);
#5742=EDGE_CURVE('',#7207,#7206,#8406,.T.);
#5743=EDGE_CURVE('',#7205,#7207,#8407,.T.);
#5744=EDGE_CURVE('',#7208,#7209,#8408,.T.);
#5745=EDGE_CURVE('',#7210,#7209,#8409,.T.);
#5746=EDGE_CURVE('',#7211,#7210,#8410,.T.);
#5747=EDGE_CURVE('',#7211,#7208,#8411,.T.);
#5748=EDGE_CURVE('',#7209,#7212,#348,.T.);
#5749=EDGE_CURVE('',#7213,#7212,#8412,.T.);
#5750=EDGE_CURVE('',#7210,#7213,#349,.T.);
#5751=EDGE_CURVE('',#7212,#7214,#8413,.T.);
#5752=EDGE_CURVE('',#7215,#7214,#8414,.T.);
#5753=EDGE_CURVE('',#7213,#7215,#8415,.T.);
#5754=EDGE_CURVE('',#7214,#7216,#350,.T.);
#5755=EDGE_CURVE('',#7217,#7216,#8416,.T.);
#5756=EDGE_CURVE('',#7215,#7217,#351,.T.);
#5757=EDGE_CURVE('',#7218,#7216,#8417,.T.);
#5758=EDGE_CURVE('',#7219,#7218,#8418,.T.);
#5759=EDGE_CURVE('',#7219,#7217,#8419,.T.);
#5760=EDGE_CURVE('',#7218,#7220,#352,.T.);
#5761=EDGE_CURVE('',#7221,#7220,#8420,.T.);
#5762=EDGE_CURVE('',#7219,#7221,#353,.T.);
#5763=EDGE_CURVE('',#7222,#7220,#8421,.T.);
#5764=EDGE_CURVE('',#7223,#7222,#8422,.T.);
#5765=EDGE_CURVE('',#7223,#7221,#8423,.T.);
#5766=EDGE_CURVE('',#7224,#7225,#8424,.T.);
#5767=EDGE_CURVE('',#7226,#7225,#8425,.T.);
#5768=EDGE_CURVE('',#7227,#7226,#8426,.T.);
#5769=EDGE_CURVE('',#7227,#7224,#8427,.T.);
#5770=EDGE_CURVE('',#7225,#7228,#354,.T.);
#5771=EDGE_CURVE('',#7229,#7228,#8428,.T.);
#5772=EDGE_CURVE('',#7226,#7229,#355,.T.);
#5773=EDGE_CURVE('',#7230,#7228,#8429,.T.);
#5774=EDGE_CURVE('',#7231,#7230,#8430,.T.);
#5775=EDGE_CURVE('',#7231,#7229,#8431,.T.);
#5776=EDGE_CURVE('',#7230,#7232,#356,.T.);
#5777=EDGE_CURVE('',#7233,#7232,#8432,.T.);
#5778=EDGE_CURVE('',#7231,#7233,#357,.T.);
#5779=EDGE_CURVE('',#7234,#7232,#8433,.T.);
#5780=EDGE_CURVE('',#7235,#7234,#8434,.T.);
#5781=EDGE_CURVE('',#7235,#7233,#8435,.T.);
#5782=EDGE_CURVE('',#7234,#7236,#358,.T.);
#5783=EDGE_CURVE('',#7237,#7236,#8436,.T.);
#5784=EDGE_CURVE('',#7235,#7237,#359,.T.);
#5785=EDGE_CURVE('',#7236,#7238,#8437,.T.);
#5786=EDGE_CURVE('',#7239,#7238,#8438,.T.);
#5787=EDGE_CURVE('',#7237,#7239,#8439,.T.);
#5788=EDGE_CURVE('',#7240,#7241,#8440,.T.);
#5789=EDGE_CURVE('',#7242,#7241,#8441,.T.);
#5790=EDGE_CURVE('',#7243,#7242,#8442,.T.);
#5791=EDGE_CURVE('',#7243,#7240,#8443,.T.);
#5792=EDGE_CURVE('',#7241,#7244,#360,.T.);
#5793=EDGE_CURVE('',#7245,#7244,#8444,.T.);
#5794=EDGE_CURVE('',#7242,#7245,#361,.T.);
#5795=EDGE_CURVE('',#7244,#7246,#8445,.T.);
#5796=EDGE_CURVE('',#7247,#7246,#8446,.T.);
#5797=EDGE_CURVE('',#7245,#7247,#8447,.T.);
#5798=EDGE_CURVE('',#7246,#7248,#362,.T.);
#5799=EDGE_CURVE('',#7249,#7248,#8448,.T.);
#5800=EDGE_CURVE('',#7247,#7249,#363,.T.);
#5801=EDGE_CURVE('',#7250,#7248,#8449,.T.);
#5802=EDGE_CURVE('',#7251,#7250,#8450,.T.);
#5803=EDGE_CURVE('',#7251,#7249,#8451,.T.);
#5804=EDGE_CURVE('',#7250,#7252,#364,.T.);
#5805=EDGE_CURVE('',#7253,#7252,#8452,.T.);
#5806=EDGE_CURVE('',#7251,#7253,#365,.T.);
#5807=EDGE_CURVE('',#7254,#7252,#8453,.T.);
#5808=EDGE_CURVE('',#7255,#7254,#8454,.T.);
#5809=EDGE_CURVE('',#7255,#7253,#8455,.T.);
#5810=EDGE_CURVE('',#7256,#7257,#8456,.T.);
#5811=EDGE_CURVE('',#7258,#7256,#8457,.T.);
#5812=EDGE_CURVE('',#7258,#7259,#8458,.T.);
#5813=EDGE_CURVE('',#7259,#7257,#8459,.T.);
#5814=EDGE_CURVE('',#7256,#7260,#366,.T.);
#5815=EDGE_CURVE('',#7261,#7260,#8460,.T.);
#5816=EDGE_CURVE('',#7258,#7261,#367,.T.);
#5817=EDGE_CURVE('',#7262,#7260,#8461,.T.);
#5818=EDGE_CURVE('',#7263,#7262,#8462,.T.);
#5819=EDGE_CURVE('',#7263,#7261,#8463,.T.);
#5820=EDGE_CURVE('',#7262,#7264,#368,.T.);
#5821=EDGE_CURVE('',#7265,#7264,#8464,.T.);
#5822=EDGE_CURVE('',#7263,#7265,#369,.T.);
#5823=EDGE_CURVE('',#7264,#7266,#8465,.T.);
#5824=EDGE_CURVE('',#7267,#7266,#8466,.T.);
#5825=EDGE_CURVE('',#7265,#7267,#8467,.T.);
#5826=EDGE_CURVE('',#7266,#7268,#370,.T.);
#5827=EDGE_CURVE('',#7269,#7268,#8468,.T.);
#5828=EDGE_CURVE('',#7267,#7269,#371,.T.);
#5829=EDGE_CURVE('',#7268,#7270,#8469,.T.);
#5830=EDGE_CURVE('',#7271,#7270,#8470,.T.);
#5831=EDGE_CURVE('',#7269,#7271,#8471,.T.);
#5832=EDGE_CURVE('',#7272,#7273,#8472,.T.);
#5833=EDGE_CURVE('',#7274,#7272,#8473,.T.);
#5834=EDGE_CURVE('',#7274,#7275,#8474,.T.);
#5835=EDGE_CURVE('',#7275,#7273,#8475,.T.);
#5836=EDGE_CURVE('',#7272,#7276,#372,.T.);
#5837=EDGE_CURVE('',#7277,#7276,#8476,.T.);
#5838=EDGE_CURVE('',#7274,#7277,#373,.T.);
#5839=EDGE_CURVE('',#7276,#7278,#8477,.T.);
#5840=EDGE_CURVE('',#7279,#7278,#8478,.T.);
#5841=EDGE_CURVE('',#7277,#7279,#8479,.T.);
#5842=EDGE_CURVE('',#7278,#7280,#374,.T.);
#5843=EDGE_CURVE('',#7281,#7280,#8480,.T.);
#5844=EDGE_CURVE('',#7279,#7281,#375,.T.);
#5845=EDGE_CURVE('',#7280,#7282,#8481,.T.);
#5846=EDGE_CURVE('',#7283,#7282,#8482,.T.);
#5847=EDGE_CURVE('',#7281,#7283,#8483,.T.);
#5848=EDGE_CURVE('',#7282,#7284,#376,.T.);
#5849=EDGE_CURVE('',#7285,#7284,#8484,.T.);
#5850=EDGE_CURVE('',#7283,#7285,#377,.T.);
#5851=EDGE_CURVE('',#7286,#7284,#8485,.T.);
#5852=EDGE_CURVE('',#7287,#7286,#8486,.T.);
#5853=EDGE_CURVE('',#7287,#7285,#8487,.T.);
#5854=EDGE_CURVE('',#7288,#7289,#8488,.T.);
#5855=EDGE_CURVE('',#7290,#7289,#8489,.T.);
#5856=EDGE_CURVE('',#7291,#7290,#8490,.T.);
#5857=EDGE_CURVE('',#7291,#7288,#8491,.T.);
#5858=EDGE_CURVE('',#7289,#7292,#378,.T.);
#5859=EDGE_CURVE('',#7293,#7292,#8492,.T.);
#5860=EDGE_CURVE('',#7290,#7293,#379,.T.);
#5861=EDGE_CURVE('',#7292,#7294,#8493,.T.);
#5862=EDGE_CURVE('',#7295,#7294,#8494,.T.);
#5863=EDGE_CURVE('',#7293,#7295,#8495,.T.);
#5864=EDGE_CURVE('',#7294,#7296,#380,.T.);
#5865=EDGE_CURVE('',#7297,#7296,#8496,.T.);
#5866=EDGE_CURVE('',#7295,#7297,#381,.T.);
#5867=EDGE_CURVE('',#7298,#7296,#8497,.T.);
#5868=EDGE_CURVE('',#7299,#7298,#8498,.T.);
#5869=EDGE_CURVE('',#7299,#7297,#8499,.T.);
#5870=EDGE_CURVE('',#7298,#7300,#382,.T.);
#5871=EDGE_CURVE('',#7301,#7300,#8500,.T.);
#5872=EDGE_CURVE('',#7299,#7301,#383,.T.);
#5873=EDGE_CURVE('',#7302,#7300,#8501,.T.);
#5874=EDGE_CURVE('',#7303,#7302,#8502,.T.);
#5875=EDGE_CURVE('',#7303,#7301,#8503,.T.);
#5876=EDGE_CURVE('',#7304,#7305,#8504,.T.);
#5877=EDGE_CURVE('',#7306,#7305,#8505,.T.);
#5878=EDGE_CURVE('',#7307,#7306,#8506,.T.);
#5879=EDGE_CURVE('',#7307,#7304,#8507,.T.);
#5880=EDGE_CURVE('',#7305,#7308,#384,.T.);
#5881=EDGE_CURVE('',#7309,#7308,#8508,.T.);
#5882=EDGE_CURVE('',#7306,#7309,#385,.T.);
#5883=EDGE_CURVE('',#7310,#7308,#8509,.T.);
#5884=EDGE_CURVE('',#7311,#7310,#8510,.T.);
#5885=EDGE_CURVE('',#7311,#7309,#8511,.T.);
#5886=EDGE_CURVE('',#7310,#7312,#386,.T.);
#5887=EDGE_CURVE('',#7313,#7312,#8512,.T.);
#5888=EDGE_CURVE('',#7311,#7313,#387,.T.);
#5889=EDGE_CURVE('',#7314,#7312,#8513,.T.);
#5890=EDGE_CURVE('',#7315,#7314,#8514,.T.);
#5891=EDGE_CURVE('',#7315,#7313,#8515,.T.);
#5892=EDGE_CURVE('',#7314,#7316,#388,.T.);
#5893=EDGE_CURVE('',#7317,#7316,#8516,.T.);
#5894=EDGE_CURVE('',#7315,#7317,#389,.T.);
#5895=EDGE_CURVE('',#7316,#7318,#8517,.T.);
#5896=EDGE_CURVE('',#7319,#7318,#8518,.T.);
#5897=EDGE_CURVE('',#7317,#7319,#8519,.T.);
#5898=EDGE_CURVE('',#7320,#7321,#8520,.T.);
#5899=EDGE_CURVE('',#7322,#7321,#8521,.T.);
#5900=EDGE_CURVE('',#7323,#7322,#8522,.T.);
#5901=EDGE_CURVE('',#7323,#7320,#8523,.T.);
#5902=EDGE_CURVE('',#7321,#7324,#390,.T.);
#5903=EDGE_CURVE('',#7325,#7324,#8524,.T.);
#5904=EDGE_CURVE('',#7322,#7325,#391,.T.);
#5905=EDGE_CURVE('',#7324,#7326,#8525,.T.);
#5906=EDGE_CURVE('',#7327,#7326,#8526,.T.);
#5907=EDGE_CURVE('',#7325,#7327,#8527,.T.);
#5908=EDGE_CURVE('',#7326,#7328,#392,.T.);
#5909=EDGE_CURVE('',#7329,#7328,#8528,.T.);
#5910=EDGE_CURVE('',#7327,#7329,#393,.T.);
#5911=EDGE_CURVE('',#7330,#7328,#8529,.T.);
#5912=EDGE_CURVE('',#7331,#7330,#8530,.T.);
#5913=EDGE_CURVE('',#7331,#7329,#8531,.T.);
#5914=EDGE_CURVE('',#7330,#7332,#394,.T.);
#5915=EDGE_CURVE('',#7333,#7332,#8532,.T.);
#5916=EDGE_CURVE('',#7331,#7333,#395,.T.);
#5917=EDGE_CURVE('',#7334,#7332,#8533,.T.);
#5918=EDGE_CURVE('',#7335,#7334,#8534,.T.);
#5919=EDGE_CURVE('',#7335,#7333,#8535,.T.);
#5920=EDGE_CURVE('',#7336,#7337,#8536,.T.);
#5921=EDGE_CURVE('',#7338,#7337,#8537,.T.);
#5922=EDGE_CURVE('',#7339,#7338,#8538,.T.);
#5923=EDGE_CURVE('',#7339,#7336,#8539,.T.);
#5924=EDGE_CURVE('',#7337,#7340,#396,.T.);
#5925=EDGE_CURVE('',#7341,#7340,#8540,.T.);
#5926=EDGE_CURVE('',#7338,#7341,#397,.T.);
#5927=EDGE_CURVE('',#7342,#7340,#8541,.T.);
#5928=EDGE_CURVE('',#7343,#7342,#8542,.T.);
#5929=EDGE_CURVE('',#7343,#7341,#8543,.T.);
#5930=EDGE_CURVE('',#7342,#7344,#398,.T.);
#5931=EDGE_CURVE('',#7345,#7344,#8544,.T.);
#5932=EDGE_CURVE('',#7343,#7345,#399,.T.);
#5933=EDGE_CURVE('',#7346,#7344,#8545,.T.);
#5934=EDGE_CURVE('',#7347,#7346,#8546,.T.);
#5935=EDGE_CURVE('',#7347,#7345,#8547,.T.);
#5936=EDGE_CURVE('',#7346,#7348,#400,.T.);
#5937=EDGE_CURVE('',#7349,#7348,#8548,.T.);
#5938=EDGE_CURVE('',#7347,#7349,#401,.T.);
#5939=EDGE_CURVE('',#7348,#7350,#8549,.T.);
#5940=EDGE_CURVE('',#7351,#7350,#8550,.T.);
#5941=EDGE_CURVE('',#7349,#7351,#8551,.T.);
#5942=EDGE_CURVE('',#7352,#7353,#8552,.T.);
#5943=EDGE_CURVE('',#7354,#7353,#8553,.T.);
#5944=EDGE_CURVE('',#7355,#7354,#8554,.T.);
#5945=EDGE_CURVE('',#7355,#7352,#8555,.T.);
#5946=EDGE_CURVE('',#7353,#7356,#402,.T.);
#5947=EDGE_CURVE('',#7357,#7356,#8556,.T.);
#5948=EDGE_CURVE('',#7354,#7357,#403,.T.);
#5949=EDGE_CURVE('',#7356,#7358,#8557,.T.);
#5950=EDGE_CURVE('',#7359,#7358,#8558,.T.);
#5951=EDGE_CURVE('',#7357,#7359,#8559,.T.);
#5952=EDGE_CURVE('',#7358,#7360,#404,.T.);
#5953=EDGE_CURVE('',#7361,#7360,#8560,.T.);
#5954=EDGE_CURVE('',#7359,#7361,#405,.T.);
#5955=EDGE_CURVE('',#7362,#7360,#8561,.T.);
#5956=EDGE_CURVE('',#7363,#7362,#8562,.T.);
#5957=EDGE_CURVE('',#7363,#7361,#8563,.T.);
#5958=EDGE_CURVE('',#7362,#7364,#406,.T.);
#5959=EDGE_CURVE('',#7365,#7364,#8564,.T.);
#5960=EDGE_CURVE('',#7363,#7365,#407,.T.);
#5961=EDGE_CURVE('',#7366,#7364,#8565,.T.);
#5962=EDGE_CURVE('',#7367,#7366,#8566,.T.);
#5963=EDGE_CURVE('',#7367,#7365,#8567,.T.);
#5964=EDGE_CURVE('',#7368,#7369,#8568,.T.);
#5965=EDGE_CURVE('',#7370,#7369,#8569,.T.);
#5966=EDGE_CURVE('',#7371,#7370,#8570,.T.);
#5967=EDGE_CURVE('',#7371,#7368,#8571,.T.);
#5968=EDGE_CURVE('',#7369,#7372,#408,.T.);
#5969=EDGE_CURVE('',#7373,#7372,#8572,.T.);
#5970=EDGE_CURVE('',#7370,#7373,#409,.T.);
#5971=EDGE_CURVE('',#7374,#7372,#8573,.T.);
#5972=EDGE_CURVE('',#7375,#7374,#8574,.T.);
#5973=EDGE_CURVE('',#7375,#7373,#8575,.T.);
#5974=EDGE_CURVE('',#7374,#7376,#410,.T.);
#5975=EDGE_CURVE('',#7377,#7376,#8576,.T.);
#5976=EDGE_CURVE('',#7375,#7377,#411,.T.);
#5977=EDGE_CURVE('',#7378,#7376,#8577,.T.);
#5978=EDGE_CURVE('',#7379,#7378,#8578,.T.);
#5979=EDGE_CURVE('',#7379,#7377,#8579,.T.);
#5980=EDGE_CURVE('',#7378,#7380,#412,.T.);
#5981=EDGE_CURVE('',#7381,#7380,#8580,.T.);
#5982=EDGE_CURVE('',#7379,#7381,#413,.T.);
#5983=EDGE_CURVE('',#7380,#7382,#8581,.T.);
#5984=EDGE_CURVE('',#7383,#7382,#8582,.T.);
#5985=EDGE_CURVE('',#7381,#7383,#8583,.T.);
#5986=EDGE_CURVE('',#7384,#7385,#8584,.T.);
#5987=EDGE_CURVE('',#7386,#7385,#8585,.T.);
#5988=EDGE_CURVE('',#7387,#7386,#8586,.T.);
#5989=EDGE_CURVE('',#7387,#7384,#8587,.T.);
#5990=EDGE_CURVE('',#7385,#7388,#414,.T.);
#5991=EDGE_CURVE('',#7389,#7388,#8588,.T.);
#5992=EDGE_CURVE('',#7386,#7389,#415,.T.);
#5993=EDGE_CURVE('',#7388,#7390,#8589,.T.);
#5994=EDGE_CURVE('',#7391,#7390,#8590,.T.);
#5995=EDGE_CURVE('',#7389,#7391,#8591,.T.);
#5996=EDGE_CURVE('',#7390,#7392,#416,.T.);
#5997=EDGE_CURVE('',#7393,#7392,#8592,.T.);
#5998=EDGE_CURVE('',#7391,#7393,#417,.T.);
#5999=EDGE_CURVE('',#7394,#7392,#8593,.T.);
#6000=EDGE_CURVE('',#7395,#7394,#8594,.T.);
#6001=EDGE_CURVE('',#7395,#7393,#8595,.T.);
#6002=EDGE_CURVE('',#7394,#7396,#418,.T.);
#6003=EDGE_CURVE('',#7397,#7396,#8596,.T.);
#6004=EDGE_CURVE('',#7395,#7397,#419,.T.);
#6005=EDGE_CURVE('',#7398,#7396,#8597,.T.);
#6006=EDGE_CURVE('',#7399,#7398,#8598,.T.);
#6007=EDGE_CURVE('',#7399,#7397,#8599,.T.);
#6008=EDGE_CURVE('',#7400,#7401,#8600,.T.);
#6009=EDGE_CURVE('',#7402,#7401,#8601,.T.);
#6010=EDGE_CURVE('',#7403,#7402,#8602,.T.);
#6011=EDGE_CURVE('',#7403,#7400,#8603,.T.);
#6012=EDGE_CURVE('',#7401,#7404,#420,.T.);
#6013=EDGE_CURVE('',#7405,#7404,#8604,.T.);
#6014=EDGE_CURVE('',#7402,#7405,#421,.T.);
#6015=EDGE_CURVE('',#7406,#7404,#8605,.T.);
#6016=EDGE_CURVE('',#7407,#7406,#8606,.T.);
#6017=EDGE_CURVE('',#7407,#7405,#8607,.T.);
#6018=EDGE_CURVE('',#7406,#7408,#422,.T.);
#6019=EDGE_CURVE('',#7409,#7408,#8608,.T.);
#6020=EDGE_CURVE('',#7407,#7409,#423,.T.);
#6021=EDGE_CURVE('',#7410,#7408,#8609,.T.);
#6022=EDGE_CURVE('',#7411,#7410,#8610,.T.);
#6023=EDGE_CURVE('',#7411,#7409,#8611,.T.);
#6024=EDGE_CURVE('',#7410,#7412,#424,.T.);
#6025=EDGE_CURVE('',#7413,#7412,#8612,.T.);
#6026=EDGE_CURVE('',#7411,#7413,#425,.T.);
#6027=EDGE_CURVE('',#7412,#7414,#8613,.T.);
#6028=EDGE_CURVE('',#7415,#7414,#8614,.T.);
#6029=EDGE_CURVE('',#7413,#7415,#8615,.T.);
#6030=EDGE_CURVE('',#7416,#7417,#8616,.T.);
#6031=EDGE_CURVE('',#7418,#7417,#8617,.T.);
#6032=EDGE_CURVE('',#7419,#7418,#8618,.T.);
#6033=EDGE_CURVE('',#7419,#7416,#8619,.T.);
#6034=EDGE_CURVE('',#7417,#7420,#426,.T.);
#6035=EDGE_CURVE('',#7421,#7420,#8620,.T.);
#6036=EDGE_CURVE('',#7418,#7421,#427,.T.);
#6037=EDGE_CURVE('',#7422,#7420,#8621,.T.);
#6038=EDGE_CURVE('',#7423,#7422,#8622,.T.);
#6039=EDGE_CURVE('',#7423,#7421,#8623,.T.);
#6040=EDGE_CURVE('',#7422,#7424,#428,.T.);
#6041=EDGE_CURVE('',#7425,#7424,#8624,.T.);
#6042=EDGE_CURVE('',#7423,#7425,#429,.T.);
#6043=EDGE_CURVE('',#7426,#7424,#8625,.T.);
#6044=EDGE_CURVE('',#7427,#7426,#8626,.T.);
#6045=EDGE_CURVE('',#7427,#7425,#8627,.T.);
#6046=EDGE_CURVE('',#7426,#7428,#430,.T.);
#6047=EDGE_CURVE('',#7429,#7428,#8628,.T.);
#6048=EDGE_CURVE('',#7427,#7429,#431,.T.);
#6049=EDGE_CURVE('',#7428,#7430,#8629,.T.);
#6050=EDGE_CURVE('',#7431,#7430,#8630,.T.);
#6051=EDGE_CURVE('',#7429,#7431,#8631,.T.);
#6052=EDGE_CURVE('',#7432,#7433,#8632,.T.);
#6053=EDGE_CURVE('',#7434,#7433,#8633,.T.);
#6054=EDGE_CURVE('',#7435,#7434,#8634,.T.);
#6055=EDGE_CURVE('',#7435,#7432,#8635,.T.);
#6056=EDGE_CURVE('',#7433,#7436,#432,.T.);
#6057=EDGE_CURVE('',#7437,#7436,#8636,.T.);
#6058=EDGE_CURVE('',#7434,#7437,#433,.T.);
#6059=EDGE_CURVE('',#7438,#7436,#8637,.T.);
#6060=EDGE_CURVE('',#7439,#7438,#8638,.T.);
#6061=EDGE_CURVE('',#7439,#7437,#8639,.T.);
#6062=EDGE_CURVE('',#7438,#7440,#434,.T.);
#6063=EDGE_CURVE('',#7441,#7440,#8640,.T.);
#6064=EDGE_CURVE('',#7439,#7441,#435,.T.);
#6065=EDGE_CURVE('',#7442,#7440,#8641,.T.);
#6066=EDGE_CURVE('',#7443,#7442,#8642,.T.);
#6067=EDGE_CURVE('',#7443,#7441,#8643,.T.);
#6068=EDGE_CURVE('',#7442,#7444,#436,.T.);
#6069=EDGE_CURVE('',#7445,#7444,#8644,.T.);
#6070=EDGE_CURVE('',#7443,#7445,#437,.T.);
#6071=EDGE_CURVE('',#7444,#7446,#8645,.T.);
#6072=EDGE_CURVE('',#7447,#7446,#8646,.T.);
#6073=EDGE_CURVE('',#7445,#7447,#8647,.T.);
#6074=EDGE_CURVE('',#7448,#7449,#8648,.T.);
#6075=EDGE_CURVE('',#7450,#7449,#8649,.T.);
#6076=EDGE_CURVE('',#7451,#7450,#8650,.T.);
#6077=EDGE_CURVE('',#7451,#7448,#8651,.T.);
#6078=EDGE_CURVE('',#7449,#7452,#438,.T.);
#6079=EDGE_CURVE('',#7453,#7452,#8652,.T.);
#6080=EDGE_CURVE('',#7450,#7453,#439,.T.);
#6081=EDGE_CURVE('',#7454,#7452,#8653,.T.);
#6082=EDGE_CURVE('',#7455,#7454,#8654,.T.);
#6083=EDGE_CURVE('',#7455,#7453,#8655,.T.);
#6084=EDGE_CURVE('',#7454,#7456,#440,.T.);
#6085=EDGE_CURVE('',#7457,#7456,#8656,.T.);
#6086=EDGE_CURVE('',#7455,#7457,#441,.T.);
#6087=EDGE_CURVE('',#7458,#7456,#8657,.T.);
#6088=EDGE_CURVE('',#7459,#7458,#8658,.T.);
#6089=EDGE_CURVE('',#7459,#7457,#8659,.T.);
#6090=EDGE_CURVE('',#7458,#7460,#442,.T.);
#6091=EDGE_CURVE('',#7461,#7460,#8660,.T.);
#6092=EDGE_CURVE('',#7459,#7461,#443,.T.);
#6093=EDGE_CURVE('',#7460,#7462,#8661,.T.);
#6094=EDGE_CURVE('',#7463,#7462,#8662,.T.);
#6095=EDGE_CURVE('',#7461,#7463,#8663,.T.);
#6096=EDGE_CURVE('',#7464,#7465,#8664,.T.);
#6097=EDGE_CURVE('',#7466,#7465,#8665,.T.);
#6098=EDGE_CURVE('',#7467,#7466,#8666,.T.);
#6099=EDGE_CURVE('',#7467,#7464,#8667,.T.);
#6100=EDGE_CURVE('',#7465,#7468,#444,.T.);
#6101=EDGE_CURVE('',#7469,#7468,#8668,.T.);
#6102=EDGE_CURVE('',#7466,#7469,#445,.T.);
#6103=EDGE_CURVE('',#7470,#7468,#8669,.T.);
#6104=EDGE_CURVE('',#7471,#7470,#8670,.T.);
#6105=EDGE_CURVE('',#7471,#7469,#8671,.T.);
#6106=EDGE_CURVE('',#7470,#7472,#446,.T.);
#6107=EDGE_CURVE('',#7473,#7472,#8672,.T.);
#6108=EDGE_CURVE('',#7471,#7473,#447,.T.);
#6109=EDGE_CURVE('',#7474,#7472,#8673,.T.);
#6110=EDGE_CURVE('',#7475,#7474,#8674,.T.);
#6111=EDGE_CURVE('',#7475,#7473,#8675,.T.);
#6112=EDGE_CURVE('',#7474,#7476,#448,.T.);
#6113=EDGE_CURVE('',#7477,#7476,#8676,.T.);
#6114=EDGE_CURVE('',#7475,#7477,#449,.T.);
#6115=EDGE_CURVE('',#7476,#7478,#8677,.T.);
#6116=EDGE_CURVE('',#7479,#7478,#8678,.T.);
#6117=EDGE_CURVE('',#7477,#7479,#8679,.T.);
#6118=EDGE_CURVE('',#7480,#7481,#8680,.T.);
#6119=EDGE_CURVE('',#7482,#7480,#8681,.T.);
#6120=EDGE_CURVE('',#7482,#7483,#8682,.T.);
#6121=EDGE_CURVE('',#7483,#7481,#8683,.T.);
#6122=EDGE_CURVE('',#7480,#7484,#450,.T.);
#6123=EDGE_CURVE('',#7485,#7484,#8684,.T.);
#6124=EDGE_CURVE('',#7482,#7485,#451,.T.);
#6125=EDGE_CURVE('',#7486,#7484,#8685,.T.);
#6126=EDGE_CURVE('',#7487,#7486,#8686,.T.);
#6127=EDGE_CURVE('',#7487,#7485,#8687,.T.);
#6128=EDGE_CURVE('',#7486,#7488,#452,.T.);
#6129=EDGE_CURVE('',#7489,#7488,#8688,.T.);
#6130=EDGE_CURVE('',#7487,#7489,#453,.T.);
#6131=EDGE_CURVE('',#7488,#7490,#8689,.T.);
#6132=EDGE_CURVE('',#7491,#7490,#8690,.T.);
#6133=EDGE_CURVE('',#7489,#7491,#8691,.T.);
#6134=EDGE_CURVE('',#7490,#7492,#454,.T.);
#6135=EDGE_CURVE('',#7493,#7492,#8692,.T.);
#6136=EDGE_CURVE('',#7491,#7493,#455,.T.);
#6137=EDGE_CURVE('',#7492,#7494,#8693,.T.);
#6138=EDGE_CURVE('',#7495,#7494,#8694,.T.);
#6139=EDGE_CURVE('',#7493,#7495,#8695,.T.);
#6140=EDGE_CURVE('',#7496,#7497,#8696,.T.);
#6141=EDGE_CURVE('',#7496,#7498,#8697,.T.);
#6142=EDGE_CURVE('',#7498,#7499,#8698,.T.);
#6143=EDGE_CURVE('',#7499,#7497,#8699,.F.);
#6144=EDGE_CURVE('',#7500,#7501,#8700,.T.);
#6145=EDGE_CURVE('',#7501,#7502,#8701,.F.);
#6146=EDGE_CURVE('',#7503,#7502,#8702,.T.);
#6147=EDGE_CURVE('',#7503,#7500,#8703,.T.);
#6148=EDGE_CURVE('',#7504,#7505,#8704,.T.);
#6149=EDGE_CURVE('',#7504,#7506,#8705,.T.);
#6150=EDGE_CURVE('',#7506,#7507,#8706,.T.);
#6151=EDGE_CURVE('',#7507,#7505,#8707,.F.);
#6152=EDGE_CURVE('',#6342,#6328,#456,.T.);
#6153=EDGE_CURVE('',#6343,#6331,#457,.T.);
#6154=EDGE_CURVE('',#6358,#6345,#458,.T.);
#6155=EDGE_CURVE('',#6359,#6347,#459,.T.);
#6156=EDGE_CURVE('',#6374,#6361,#460,.T.);
#6157=EDGE_CURVE('',#6375,#6363,#461,.T.);
#6158=EDGE_CURVE('',#6390,#6377,#462,.T.);
#6159=EDGE_CURVE('',#6391,#6379,#463,.T.);
#6160=EDGE_CURVE('',#6406,#6393,#464,.T.);
#6161=EDGE_CURVE('',#6407,#6395,#465,.T.);
#6162=EDGE_CURVE('',#6422,#6408,#466,.T.);
#6163=EDGE_CURVE('',#6423,#6411,#467,.T.);
#6164=EDGE_CURVE('',#6438,#6425,#468,.T.);
#6165=EDGE_CURVE('',#6439,#6427,#469,.T.);
#6166=EDGE_CURVE('',#6454,#6441,#470,.T.);
#6167=EDGE_CURVE('',#6455,#6443,#471,.T.);
#6168=EDGE_CURVE('',#6470,#6456,#472,.T.);
#6169=EDGE_CURVE('',#6471,#6459,#473,.T.);
#6170=EDGE_CURVE('',#6486,#6473,#474,.T.);
#6171=EDGE_CURVE('',#6487,#6475,#475,.T.);
#6172=EDGE_CURVE('',#6502,#6489,#476,.T.);
#6173=EDGE_CURVE('',#6503,#6491,#477,.T.);
#6174=EDGE_CURVE('',#6518,#6505,#478,.T.);
#6175=EDGE_CURVE('',#6519,#6507,#479,.T.);
#6176=EDGE_CURVE('',#6534,#6520,#480,.T.);
#6177=EDGE_CURVE('',#6535,#6523,#481,.T.);
#6178=EDGE_CURVE('',#6550,#6537,#482,.T.);
#6179=EDGE_CURVE('',#6551,#6539,#483,.T.);
#6180=EDGE_CURVE('',#6566,#6553,#484,.T.);
#6181=EDGE_CURVE('',#6567,#6555,#485,.T.);
#6182=EDGE_CURVE('',#6582,#6569,#486,.T.);
#6183=EDGE_CURVE('',#6583,#6571,#487,.T.);
#6184=EDGE_CURVE('',#6598,#6584,#488,.T.);
#6185=EDGE_CURVE('',#6599,#6587,#489,.T.);
#6186=EDGE_CURVE('',#6614,#6600,#490,.T.);
#6187=EDGE_CURVE('',#6615,#6603,#491,.T.);
#6188=EDGE_CURVE('',#6630,#6616,#492,.T.);
#6189=EDGE_CURVE('',#6631,#6619,#493,.T.);
#6190=EDGE_CURVE('',#6646,#6633,#494,.T.);
#6191=EDGE_CURVE('',#6647,#6635,#495,.T.);
#6192=EDGE_CURVE('',#6662,#6649,#496,.T.);
#6193=EDGE_CURVE('',#6663,#6651,#497,.T.);
#6194=EDGE_CURVE('',#6678,#6665,#498,.T.);
#6195=EDGE_CURVE('',#6679,#6667,#499,.T.);
#6196=EDGE_CURVE('',#6694,#6680,#500,.T.);
#6197=EDGE_CURVE('',#6695,#6683,#501,.T.);
#6198=EDGE_CURVE('',#6710,#6697,#502,.T.);
#6199=EDGE_CURVE('',#6711,#6699,#503,.T.);
#6200=EDGE_CURVE('',#6726,#6713,#504,.T.);
#6201=EDGE_CURVE('',#6727,#6715,#505,.T.);
#6202=EDGE_CURVE('',#6742,#6728,#506,.T.);
#6203=EDGE_CURVE('',#6743,#6731,#507,.T.);
#6204=EDGE_CURVE('',#6758,#6745,#508,.T.);
#6205=EDGE_CURVE('',#6759,#6747,#509,.T.);
#6206=EDGE_CURVE('',#6774,#6760,#510,.T.);
#6207=EDGE_CURVE('',#6775,#6763,#511,.T.);
#6208=EDGE_CURVE('',#6790,#6777,#512,.T.);
#6209=EDGE_CURVE('',#6791,#6779,#513,.T.);
#6210=EDGE_CURVE('',#6806,#6792,#514,.T.);
#6211=EDGE_CURVE('',#6807,#6795,#515,.T.);
#6212=EDGE_CURVE('',#6822,#6808,#516,.T.);
#6213=EDGE_CURVE('',#6823,#6811,#517,.T.);
#6214=EDGE_CURVE('',#6838,#6824,#518,.T.);
#6215=EDGE_CURVE('',#6839,#6827,#519,.T.);
#6216=EDGE_CURVE('',#6854,#6840,#520,.T.);
#6217=EDGE_CURVE('',#6855,#6843,#521,.T.);
#6218=EDGE_CURVE('',#6870,#6856,#522,.T.);
#6219=EDGE_CURVE('',#6871,#6859,#523,.T.);
#6220=EDGE_CURVE('',#6886,#6872,#524,.T.);
#6221=EDGE_CURVE('',#6887,#6875,#525,.T.);
#6222=EDGE_CURVE('',#6902,#6888,#526,.T.);
#6223=EDGE_CURVE('',#6903,#6891,#527,.T.);
#6224=EDGE_CURVE('',#6918,#6905,#528,.T.);
#6225=EDGE_CURVE('',#6919,#6907,#529,.T.);
#6226=EDGE_CURVE('',#6934,#6921,#530,.T.);
#6227=EDGE_CURVE('',#6935,#6923,#531,.T.);
#6228=EDGE_CURVE('',#6950,#6937,#532,.T.);
#6229=EDGE_CURVE('',#6951,#6939,#533,.T.);
#6230=EDGE_CURVE('',#6966,#6952,#534,.T.);
#6231=EDGE_CURVE('',#6967,#6955,#535,.T.);
#6232=EDGE_CURVE('',#6982,#6968,#536,.T.);
#6233=EDGE_CURVE('',#6983,#6971,#537,.T.);
#6234=EDGE_CURVE('',#6998,#6985,#538,.T.);
#6235=EDGE_CURVE('',#6999,#6987,#539,.T.);
#6236=EDGE_CURVE('',#7014,#7001,#540,.T.);
#6237=EDGE_CURVE('',#7015,#7003,#541,.T.);
#6238=EDGE_CURVE('',#7030,#7017,#542,.T.);
#6239=EDGE_CURVE('',#7031,#7019,#543,.T.);
#6240=EDGE_CURVE('',#7046,#7033,#544,.T.);
#6241=EDGE_CURVE('',#7047,#7035,#545,.T.);
#6242=EDGE_CURVE('',#7062,#7049,#546,.T.);
#6243=EDGE_CURVE('',#7063,#7051,#547,.T.);
#6244=EDGE_CURVE('',#7078,#7065,#548,.T.);
#6245=EDGE_CURVE('',#7079,#7067,#549,.T.);
#6246=EDGE_CURVE('',#7094,#7080,#550,.T.);
#6247=EDGE_CURVE('',#7095,#7083,#551,.T.);
#6248=EDGE_CURVE('',#7110,#7097,#552,.T.);
#6249=EDGE_CURVE('',#7111,#7099,#553,.T.);
#6250=EDGE_CURVE('',#7126,#7113,#554,.T.);
#6251=EDGE_CURVE('',#7127,#7115,#555,.T.);
#6252=EDGE_CURVE('',#7142,#7129,#556,.T.);
#6253=EDGE_CURVE('',#7143,#7131,#557,.T.);
#6254=EDGE_CURVE('',#7158,#7144,#558,.T.);
#6255=EDGE_CURVE('',#7159,#7147,#559,.T.);
#6256=EDGE_CURVE('',#7174,#7161,#560,.T.);
#6257=EDGE_CURVE('',#7175,#7163,#561,.T.);
#6258=EDGE_CURVE('',#7190,#7176,#562,.T.);
#6259=EDGE_CURVE('',#7191,#7179,#563,.T.);
#6260=EDGE_CURVE('',#7206,#7192,#564,.T.);
#6261=EDGE_CURVE('',#7207,#7195,#565,.T.);
#6262=EDGE_CURVE('',#7222,#7208,#566,.T.);
#6263=EDGE_CURVE('',#7223,#7211,#567,.T.);
#6264=EDGE_CURVE('',#7238,#7224,#568,.T.);
#6265=EDGE_CURVE('',#7239,#7227,#569,.T.);
#6266=EDGE_CURVE('',#7254,#7240,#570,.T.);
#6267=EDGE_CURVE('',#7255,#7243,#571,.T.);
#6268=EDGE_CURVE('',#7270,#7257,#572,.T.);
#6269=EDGE_CURVE('',#7271,#7259,#573,.T.);
#6270=EDGE_CURVE('',#7286,#7273,#574,.T.);
#6271=EDGE_CURVE('',#7287,#7275,#575,.T.);
#6272=EDGE_CURVE('',#7302,#7288,#576,.T.);
#6273=EDGE_CURVE('',#7303,#7291,#577,.T.);
#6274=EDGE_CURVE('',#7318,#7304,#578,.T.);
#6275=EDGE_CURVE('',#7319,#7307,#579,.T.);
#6276=EDGE_CURVE('',#7334,#7320,#580,.T.);
#6277=EDGE_CURVE('',#7335,#7323,#581,.T.);
#6278=EDGE_CURVE('',#7350,#7336,#582,.T.);
#6279=EDGE_CURVE('',#7351,#7339,#583,.T.);
#6280=EDGE_CURVE('',#7366,#7352,#584,.T.);
#6281=EDGE_CURVE('',#7367,#7355,#585,.T.);
#6282=EDGE_CURVE('',#7382,#7368,#586,.T.);
#6283=EDGE_CURVE('',#7383,#7371,#587,.T.);
#6284=EDGE_CURVE('',#7398,#7384,#588,.T.);
#6285=EDGE_CURVE('',#7399,#7387,#589,.T.);
#6286=EDGE_CURVE('',#7414,#7400,#590,.T.);
#6287=EDGE_CURVE('',#7415,#7403,#591,.T.);
#6288=EDGE_CURVE('',#7430,#7416,#592,.T.);
#6289=EDGE_CURVE('',#7431,#7419,#593,.T.);
#6290=EDGE_CURVE('',#7446,#7432,#594,.T.);
#6291=EDGE_CURVE('',#7447,#7435,#595,.T.);
#6292=EDGE_CURVE('',#7462,#7448,#596,.T.);
#6293=EDGE_CURVE('',#7463,#7451,#597,.T.);
#6294=EDGE_CURVE('',#7478,#7464,#598,.T.);
#6295=EDGE_CURVE('',#7479,#7467,#599,.T.);
#6296=EDGE_CURVE('',#7494,#7481,#600,.T.);
#6297=EDGE_CURVE('',#7495,#7483,#601,.T.);
#6298=EDGE_CURVE('',#7508,#7509,#8708,.T.);
#6299=EDGE_CURVE('',#7509,#7510,#8709,.T.);
#6300=EDGE_CURVE('',#7511,#7510,#8710,.T.);
#6301=EDGE_CURVE('',#7511,#7508,#8711,.F.);
#6302=EDGE_CURVE('',#6326,#6313,#602,.T.);
#6303=EDGE_CURVE('',#6327,#6315,#603,.T.);
#6304=EDGE_CURVE('',#7502,#7504,#604,.F.);
#6305=EDGE_CURVE('',#7505,#7509,#605,.F.);
#6306=EDGE_CURVE('',#7508,#7496,#606,.F.);
#6307=EDGE_CURVE('',#7497,#7503,#607,.F.);
#6308=EDGE_CURVE('',#7506,#7501,#608,.T.);
#6309=EDGE_CURVE('',#7500,#7499,#609,.T.);
#6310=EDGE_CURVE('',#7498,#7511,#610,.T.);
#6311=EDGE_CURVE('',#7510,#7507,#611,.T.);
#6312=VERTEX_POINT('',#17140);
#6313=VERTEX_POINT('',#17141);
#6314=VERTEX_POINT('',#17143);
#6315=VERTEX_POINT('',#17145);
#6316=VERTEX_POINT('',#17149);
#6317=VERTEX_POINT('',#17151);
#6318=VERTEX_POINT('',#17155);
#6319=VERTEX_POINT('',#17157);
#6320=VERTEX_POINT('',#17161);
#6321=VERTEX_POINT('',#17163);
#6322=VERTEX_POINT('',#17167);
#6323=VERTEX_POINT('',#17169);
#6324=VERTEX_POINT('',#17173);
#6325=VERTEX_POINT('',#17175);
#6326=VERTEX_POINT('',#17179);
#6327=VERTEX_POINT('',#17181);
#6328=VERTEX_POINT('',#17185);
#6329=VERTEX_POINT('',#17186);
#6330=VERTEX_POINT('',#17188);
#6331=VERTEX_POINT('',#17190);
#6332=VERTEX_POINT('',#17194);
#6333=VERTEX_POINT('',#17196);
#6334=VERTEX_POINT('',#17200);
#6335=VERTEX_POINT('',#17202);
#6336=VERTEX_POINT('',#17206);
#6337=VERTEX_POINT('',#17208);
#6338=VERTEX_POINT('',#17212);
#6339=VERTEX_POINT('',#17214);
#6340=VERTEX_POINT('',#17218);
#6341=VERTEX_POINT('',#17220);
#6342=VERTEX_POINT('',#17224);
#6343=VERTEX_POINT('',#17226);
#6344=VERTEX_POINT('',#17230);
#6345=VERTEX_POINT('',#17231);
#6346=VERTEX_POINT('',#17233);
#6347=VERTEX_POINT('',#17235);
#6348=VERTEX_POINT('',#17239);
#6349=VERTEX_POINT('',#17241);
#6350=VERTEX_POINT('',#17245);
#6351=VERTEX_POINT('',#17247);
#6352=VERTEX_POINT('',#17251);
#6353=VERTEX_POINT('',#17253);
#6354=VERTEX_POINT('',#17257);
#6355=VERTEX_POINT('',#17259);
#6356=VERTEX_POINT('',#17263);
#6357=VERTEX_POINT('',#17265);
#6358=VERTEX_POINT('',#17269);
#6359=VERTEX_POINT('',#17271);
#6360=VERTEX_POINT('',#17275);
#6361=VERTEX_POINT('',#17276);
#6362=VERTEX_POINT('',#17278);
#6363=VERTEX_POINT('',#17280);
#6364=VERTEX_POINT('',#17284);
#6365=VERTEX_POINT('',#17286);
#6366=VERTEX_POINT('',#17290);
#6367=VERTEX_POINT('',#17292);
#6368=VERTEX_POINT('',#17296);
#6369=VERTEX_POINT('',#17298);
#6370=VERTEX_POINT('',#17302);
#6371=VERTEX_POINT('',#17304);
#6372=VERTEX_POINT('',#17308);
#6373=VERTEX_POINT('',#17310);
#6374=VERTEX_POINT('',#17314);
#6375=VERTEX_POINT('',#17316);
#6376=VERTEX_POINT('',#17320);
#6377=VERTEX_POINT('',#17321);
#6378=VERTEX_POINT('',#17323);
#6379=VERTEX_POINT('',#17325);
#6380=VERTEX_POINT('',#17329);
#6381=VERTEX_POINT('',#17331);
#6382=VERTEX_POINT('',#17335);
#6383=VERTEX_POINT('',#17337);
#6384=VERTEX_POINT('',#17341);
#6385=VERTEX_POINT('',#17343);
#6386=VERTEX_POINT('',#17347);
#6387=VERTEX_POINT('',#17349);
#6388=VERTEX_POINT('',#17353);
#6389=VERTEX_POINT('',#17355);
#6390=VERTEX_POINT('',#17359);
#6391=VERTEX_POINT('',#17361);
#6392=VERTEX_POINT('',#17365);
#6393=VERTEX_POINT('',#17366);
#6394=VERTEX_POINT('',#17368);
#6395=VERTEX_POINT('',#17370);
#6396=VERTEX_POINT('',#17374);
#6397=VERTEX_POINT('',#17376);
#6398=VERTEX_POINT('',#17380);
#6399=VERTEX_POINT('',#17382);
#6400=VERTEX_POINT('',#17386);
#6401=VERTEX_POINT('',#17388);
#6402=VERTEX_POINT('',#17392);
#6403=VERTEX_POINT('',#17394);
#6404=VERTEX_POINT('',#17398);
#6405=VERTEX_POINT('',#17400);
#6406=VERTEX_POINT('',#17404);
#6407=VERTEX_POINT('',#17406);
#6408=VERTEX_POINT('',#17410);
#6409=VERTEX_POINT('',#17411);
#6410=VERTEX_POINT('',#17413);
#6411=VERTEX_POINT('',#17415);
#6412=VERTEX_POINT('',#17419);
#6413=VERTEX_POINT('',#17421);
#6414=VERTEX_POINT('',#17425);
#6415=VERTEX_POINT('',#17427);
#6416=VERTEX_POINT('',#17431);
#6417=VERTEX_POINT('',#17433);
#6418=VERTEX_POINT('',#17437);
#6419=VERTEX_POINT('',#17439);
#6420=VERTEX_POINT('',#17443);
#6421=VERTEX_POINT('',#17445);
#6422=VERTEX_POINT('',#17449);
#6423=VERTEX_POINT('',#17451);
#6424=VERTEX_POINT('',#17455);
#6425=VERTEX_POINT('',#17456);
#6426=VERTEX_POINT('',#17458);
#6427=VERTEX_POINT('',#17460);
#6428=VERTEX_POINT('',#17464);
#6429=VERTEX_POINT('',#17466);
#6430=VERTEX_POINT('',#17470);
#6431=VERTEX_POINT('',#17472);
#6432=VERTEX_POINT('',#17476);
#6433=VERTEX_POINT('',#17478);
#6434=VERTEX_POINT('',#17482);
#6435=VERTEX_POINT('',#17484);
#6436=VERTEX_POINT('',#17488);
#6437=VERTEX_POINT('',#17490);
#6438=VERTEX_POINT('',#17494);
#6439=VERTEX_POINT('',#17496);
#6440=VERTEX_POINT('',#17500);
#6441=VERTEX_POINT('',#17501);
#6442=VERTEX_POINT('',#17503);
#6443=VERTEX_POINT('',#17505);
#6444=VERTEX_POINT('',#17509);
#6445=VERTEX_POINT('',#17511);
#6446=VERTEX_POINT('',#17515);
#6447=VERTEX_POINT('',#17517);
#6448=VERTEX_POINT('',#17521);
#6449=VERTEX_POINT('',#17523);
#6450=VERTEX_POINT('',#17527);
#6451=VERTEX_POINT('',#17529);
#6452=VERTEX_POINT('',#17533);
#6453=VERTEX_POINT('',#17535);
#6454=VERTEX_POINT('',#17539);
#6455=VERTEX_POINT('',#17541);
#6456=VERTEX_POINT('',#17545);
#6457=VERTEX_POINT('',#17546);
#6458=VERTEX_POINT('',#17548);
#6459=VERTEX_POINT('',#17550);
#6460=VERTEX_POINT('',#17554);
#6461=VERTEX_POINT('',#17556);
#6462=VERTEX_POINT('',#17560);
#6463=VERTEX_POINT('',#17562);
#6464=VERTEX_POINT('',#17566);
#6465=VERTEX_POINT('',#17568);
#6466=VERTEX_POINT('',#17572);
#6467=VERTEX_POINT('',#17574);
#6468=VERTEX_POINT('',#17578);
#6469=VERTEX_POINT('',#17580);
#6470=VERTEX_POINT('',#17584);
#6471=VERTEX_POINT('',#17586);
#6472=VERTEX_POINT('',#17590);
#6473=VERTEX_POINT('',#17591);
#6474=VERTEX_POINT('',#17593);
#6475=VERTEX_POINT('',#17595);
#6476=VERTEX_POINT('',#17599);
#6477=VERTEX_POINT('',#17601);
#6478=VERTEX_POINT('',#17605);
#6479=VERTEX_POINT('',#17607);
#6480=VERTEX_POINT('',#17611);
#6481=VERTEX_POINT('',#17613);
#6482=VERTEX_POINT('',#17617);
#6483=VERTEX_POINT('',#17619);
#6484=VERTEX_POINT('',#17623);
#6485=VERTEX_POINT('',#17625);
#6486=VERTEX_POINT('',#17629);
#6487=VERTEX_POINT('',#17631);
#6488=VERTEX_POINT('',#17635);
#6489=VERTEX_POINT('',#17636);
#6490=VERTEX_POINT('',#17638);
#6491=VERTEX_POINT('',#17640);
#6492=VERTEX_POINT('',#17644);
#6493=VERTEX_POINT('',#17646);
#6494=VERTEX_POINT('',#17650);
#6495=VERTEX_POINT('',#17652);
#6496=VERTEX_POINT('',#17656);
#6497=VERTEX_POINT('',#17658);
#6498=VERTEX_POINT('',#17662);
#6499=VERTEX_POINT('',#17664);
#6500=VERTEX_POINT('',#17668);
#6501=VERTEX_POINT('',#17670);
#6502=VERTEX_POINT('',#17674);
#6503=VERTEX_POINT('',#17676);
#6504=VERTEX_POINT('',#17680);
#6505=VERTEX_POINT('',#17681);
#6506=VERTEX_POINT('',#17683);
#6507=VERTEX_POINT('',#17685);
#6508=VERTEX_POINT('',#17689);
#6509=VERTEX_POINT('',#17691);
#6510=VERTEX_POINT('',#17695);
#6511=VERTEX_POINT('',#17697);
#6512=VERTEX_POINT('',#17701);
#6513=VERTEX_POINT('',#17703);
#6514=VERTEX_POINT('',#17707);
#6515=VERTEX_POINT('',#17709);
#6516=VERTEX_POINT('',#17713);
#6517=VERTEX_POINT('',#17715);
#6518=VERTEX_POINT('',#17719);
#6519=VERTEX_POINT('',#17721);
#6520=VERTEX_POINT('',#17725);
#6521=VERTEX_POINT('',#17726);
#6522=VERTEX_POINT('',#17728);
#6523=VERTEX_POINT('',#17730);
#6524=VERTEX_POINT('',#17734);
#6525=VERTEX_POINT('',#17736);
#6526=VERTEX_POINT('',#17740);
#6527=VERTEX_POINT('',#17742);
#6528=VERTEX_POINT('',#17746);
#6529=VERTEX_POINT('',#17748);
#6530=VERTEX_POINT('',#17752);
#6531=VERTEX_POINT('',#17754);
#6532=VERTEX_POINT('',#17758);
#6533=VERTEX_POINT('',#17760);
#6534=VERTEX_POINT('',#17764);
#6535=VERTEX_POINT('',#17766);
#6536=VERTEX_POINT('',#17770);
#6537=VERTEX_POINT('',#17771);
#6538=VERTEX_POINT('',#17773);
#6539=VERTEX_POINT('',#17775);
#6540=VERTEX_POINT('',#17779);
#6541=VERTEX_POINT('',#17781);
#6542=VERTEX_POINT('',#17785);
#6543=VERTEX_POINT('',#17787);
#6544=VERTEX_POINT('',#17791);
#6545=VERTEX_POINT('',#17793);
#6546=VERTEX_POINT('',#17797);
#6547=VERTEX_POINT('',#17799);
#6548=VERTEX_POINT('',#17803);
#6549=VERTEX_POINT('',#17805);
#6550=VERTEX_POINT('',#17809);
#6551=VERTEX_POINT('',#17811);
#6552=VERTEX_POINT('',#17815);
#6553=VERTEX_POINT('',#17816);
#6554=VERTEX_POINT('',#17818);
#6555=VERTEX_POINT('',#17820);
#6556=VERTEX_POINT('',#17824);
#6557=VERTEX_POINT('',#17826);
#6558=VERTEX_POINT('',#17830);
#6559=VERTEX_POINT('',#17832);
#6560=VERTEX_POINT('',#17836);
#6561=VERTEX_POINT('',#17838);
#6562=VERTEX_POINT('',#17842);
#6563=VERTEX_POINT('',#17844);
#6564=VERTEX_POINT('',#17848);
#6565=VERTEX_POINT('',#17850);
#6566=VERTEX_POINT('',#17854);
#6567=VERTEX_POINT('',#17856);
#6568=VERTEX_POINT('',#17860);
#6569=VERTEX_POINT('',#17861);
#6570=VERTEX_POINT('',#17863);
#6571=VERTEX_POINT('',#17865);
#6572=VERTEX_POINT('',#17869);
#6573=VERTEX_POINT('',#17871);
#6574=VERTEX_POINT('',#17875);
#6575=VERTEX_POINT('',#17877);
#6576=VERTEX_POINT('',#17881);
#6577=VERTEX_POINT('',#17883);
#6578=VERTEX_POINT('',#17887);
#6579=VERTEX_POINT('',#17889);
#6580=VERTEX_POINT('',#17893);
#6581=VERTEX_POINT('',#17895);
#6582=VERTEX_POINT('',#17899);
#6583=VERTEX_POINT('',#17901);
#6584=VERTEX_POINT('',#17905);
#6585=VERTEX_POINT('',#17906);
#6586=VERTEX_POINT('',#17908);
#6587=VERTEX_POINT('',#17910);
#6588=VERTEX_POINT('',#17914);
#6589=VERTEX_POINT('',#17916);
#6590=VERTEX_POINT('',#17920);
#6591=VERTEX_POINT('',#17922);
#6592=VERTEX_POINT('',#17926);
#6593=VERTEX_POINT('',#17928);
#6594=VERTEX_POINT('',#17932);
#6595=VERTEX_POINT('',#17934);
#6596=VERTEX_POINT('',#17938);
#6597=VERTEX_POINT('',#17940);
#6598=VERTEX_POINT('',#17944);
#6599=VERTEX_POINT('',#17946);
#6600=VERTEX_POINT('',#17950);
#6601=VERTEX_POINT('',#17951);
#6602=VERTEX_POINT('',#17953);
#6603=VERTEX_POINT('',#17955);
#6604=VERTEX_POINT('',#17959);
#6605=VERTEX_POINT('',#17961);
#6606=VERTEX_POINT('',#17965);
#6607=VERTEX_POINT('',#17967);
#6608=VERTEX_POINT('',#17971);
#6609=VERTEX_POINT('',#17973);
#6610=VERTEX_POINT('',#17977);
#6611=VERTEX_POINT('',#17979);
#6612=VERTEX_POINT('',#17983);
#6613=VERTEX_POINT('',#17985);
#6614=VERTEX_POINT('',#17989);
#6615=VERTEX_POINT('',#17991);
#6616=VERTEX_POINT('',#17995);
#6617=VERTEX_POINT('',#17996);
#6618=VERTEX_POINT('',#17998);
#6619=VERTEX_POINT('',#18000);
#6620=VERTEX_POINT('',#18004);
#6621=VERTEX_POINT('',#18006);
#6622=VERTEX_POINT('',#18010);
#6623=VERTEX_POINT('',#18012);
#6624=VERTEX_POINT('',#18016);
#6625=VERTEX_POINT('',#18018);
#6626=VERTEX_POINT('',#18022);
#6627=VERTEX_POINT('',#18024);
#6628=VERTEX_POINT('',#18028);
#6629=VERTEX_POINT('',#18030);
#6630=VERTEX_POINT('',#18034);
#6631=VERTEX_POINT('',#18036);
#6632=VERTEX_POINT('',#18040);
#6633=VERTEX_POINT('',#18041);
#6634=VERTEX_POINT('',#18043);
#6635=VERTEX_POINT('',#18045);
#6636=VERTEX_POINT('',#18049);
#6637=VERTEX_POINT('',#18051);
#6638=VERTEX_POINT('',#18055);
#6639=VERTEX_POINT('',#18057);
#6640=VERTEX_POINT('',#18061);
#6641=VERTEX_POINT('',#18063);
#6642=VERTEX_POINT('',#18067);
#6643=VERTEX_POINT('',#18069);
#6644=VERTEX_POINT('',#18073);
#6645=VERTEX_POINT('',#18075);
#6646=VERTEX_POINT('',#18079);
#6647=VERTEX_POINT('',#18081);
#6648=VERTEX_POINT('',#18085);
#6649=VERTEX_POINT('',#18086);
#6650=VERTEX_POINT('',#18088);
#6651=VERTEX_POINT('',#18090);
#6652=VERTEX_POINT('',#18094);
#6653=VERTEX_POINT('',#18096);
#6654=VERTEX_POINT('',#18100);
#6655=VERTEX_POINT('',#18102);
#6656=VERTEX_POINT('',#18106);
#6657=VERTEX_POINT('',#18108);
#6658=VERTEX_POINT('',#18112);
#6659=VERTEX_POINT('',#18114);
#6660=VERTEX_POINT('',#18118);
#6661=VERTEX_POINT('',#18120);
#6662=VERTEX_POINT('',#18124);
#6663=VERTEX_POINT('',#18126);
#6664=VERTEX_POINT('',#18130);
#6665=VERTEX_POINT('',#18131);
#6666=VERTEX_POINT('',#18133);
#6667=VERTEX_POINT('',#18135);
#6668=VERTEX_POINT('',#18139);
#6669=VERTEX_POINT('',#18141);
#6670=VERTEX_POINT('',#18145);
#6671=VERTEX_POINT('',#18147);
#6672=VERTEX_POINT('',#18151);
#6673=VERTEX_POINT('',#18153);
#6674=VERTEX_POINT('',#18157);
#6675=VERTEX_POINT('',#18159);
#6676=VERTEX_POINT('',#18163);
#6677=VERTEX_POINT('',#18165);
#6678=VERTEX_POINT('',#18169);
#6679=VERTEX_POINT('',#18171);
#6680=VERTEX_POINT('',#18175);
#6681=VERTEX_POINT('',#18176);
#6682=VERTEX_POINT('',#18178);
#6683=VERTEX_POINT('',#18180);
#6684=VERTEX_POINT('',#18184);
#6685=VERTEX_POINT('',#18186);
#6686=VERTEX_POINT('',#18190);
#6687=VERTEX_POINT('',#18192);
#6688=VERTEX_POINT('',#18196);
#6689=VERTEX_POINT('',#18198);
#6690=VERTEX_POINT('',#18202);
#6691=VERTEX_POINT('',#18204);
#6692=VERTEX_POINT('',#18208);
#6693=VERTEX_POINT('',#18210);
#6694=VERTEX_POINT('',#18214);
#6695=VERTEX_POINT('',#18216);
#6696=VERTEX_POINT('',#18220);
#6697=VERTEX_POINT('',#18221);
#6698=VERTEX_POINT('',#18223);
#6699=VERTEX_POINT('',#18225);
#6700=VERTEX_POINT('',#18229);
#6701=VERTEX_POINT('',#18231);
#6702=VERTEX_POINT('',#18235);
#6703=VERTEX_POINT('',#18237);
#6704=VERTEX_POINT('',#18241);
#6705=VERTEX_POINT('',#18243);
#6706=VERTEX_POINT('',#18247);
#6707=VERTEX_POINT('',#18249);
#6708=VERTEX_POINT('',#18253);
#6709=VERTEX_POINT('',#18255);
#6710=VERTEX_POINT('',#18259);
#6711=VERTEX_POINT('',#18261);
#6712=VERTEX_POINT('',#18265);
#6713=VERTEX_POINT('',#18266);
#6714=VERTEX_POINT('',#18268);
#6715=VERTEX_POINT('',#18270);
#6716=VERTEX_POINT('',#18274);
#6717=VERTEX_POINT('',#18276);
#6718=VERTEX_POINT('',#18280);
#6719=VERTEX_POINT('',#18282);
#6720=VERTEX_POINT('',#18286);
#6721=VERTEX_POINT('',#18288);
#6722=VERTEX_POINT('',#18292);
#6723=VERTEX_POINT('',#18294);
#6724=VERTEX_POINT('',#18298);
#6725=VERTEX_POINT('',#18300);
#6726=VERTEX_POINT('',#18304);
#6727=VERTEX_POINT('',#18306);
#6728=VERTEX_POINT('',#18310);
#6729=VERTEX_POINT('',#18311);
#6730=VERTEX_POINT('',#18313);
#6731=VERTEX_POINT('',#18315);
#6732=VERTEX_POINT('',#18319);
#6733=VERTEX_POINT('',#18321);
#6734=VERTEX_POINT('',#18325);
#6735=VERTEX_POINT('',#18327);
#6736=VERTEX_POINT('',#18331);
#6737=VERTEX_POINT('',#18333);
#6738=VERTEX_POINT('',#18337);
#6739=VERTEX_POINT('',#18339);
#6740=VERTEX_POINT('',#18343);
#6741=VERTEX_POINT('',#18345);
#6742=VERTEX_POINT('',#18349);
#6743=VERTEX_POINT('',#18351);
#6744=VERTEX_POINT('',#18355);
#6745=VERTEX_POINT('',#18356);
#6746=VERTEX_POINT('',#18358);
#6747=VERTEX_POINT('',#18360);
#6748=VERTEX_POINT('',#18364);
#6749=VERTEX_POINT('',#18366);
#6750=VERTEX_POINT('',#18370);
#6751=VERTEX_POINT('',#18372);
#6752=VERTEX_POINT('',#18376);
#6753=VERTEX_POINT('',#18378);
#6754=VERTEX_POINT('',#18382);
#6755=VERTEX_POINT('',#18384);
#6756=VERTEX_POINT('',#18388);
#6757=VERTEX_POINT('',#18390);
#6758=VERTEX_POINT('',#18394);
#6759=VERTEX_POINT('',#18396);
#6760=VERTEX_POINT('',#18400);
#6761=VERTEX_POINT('',#18401);
#6762=VERTEX_POINT('',#18403);
#6763=VERTEX_POINT('',#18405);
#6764=VERTEX_POINT('',#18409);
#6765=VERTEX_POINT('',#18411);
#6766=VERTEX_POINT('',#18415);
#6767=VERTEX_POINT('',#18417);
#6768=VERTEX_POINT('',#18421);
#6769=VERTEX_POINT('',#18423);
#6770=VERTEX_POINT('',#18427);
#6771=VERTEX_POINT('',#18429);
#6772=VERTEX_POINT('',#18433);
#6773=VERTEX_POINT('',#18435);
#6774=VERTEX_POINT('',#18439);
#6775=VERTEX_POINT('',#18441);
#6776=VERTEX_POINT('',#18445);
#6777=VERTEX_POINT('',#18446);
#6778=VERTEX_POINT('',#18448);
#6779=VERTEX_POINT('',#18450);
#6780=VERTEX_POINT('',#18454);
#6781=VERTEX_POINT('',#18456);
#6782=VERTEX_POINT('',#18460);
#6783=VERTEX_POINT('',#18462);
#6784=VERTEX_POINT('',#18466);
#6785=VERTEX_POINT('',#18468);
#6786=VERTEX_POINT('',#18472);
#6787=VERTEX_POINT('',#18474);
#6788=VERTEX_POINT('',#18478);
#6789=VERTEX_POINT('',#18480);
#6790=VERTEX_POINT('',#18484);
#6791=VERTEX_POINT('',#18486);
#6792=VERTEX_POINT('',#18490);
#6793=VERTEX_POINT('',#18491);
#6794=VERTEX_POINT('',#18493);
#6795=VERTEX_POINT('',#18495);
#6796=VERTEX_POINT('',#18499);
#6797=VERTEX_POINT('',#18501);
#6798=VERTEX_POINT('',#18505);
#6799=VERTEX_POINT('',#18507);
#6800=VERTEX_POINT('',#18511);
#6801=VERTEX_POINT('',#18513);
#6802=VERTEX_POINT('',#18517);
#6803=VERTEX_POINT('',#18519);
#6804=VERTEX_POINT('',#18523);
#6805=VERTEX_POINT('',#18525);
#6806=VERTEX_POINT('',#18529);
#6807=VERTEX_POINT('',#18531);
#6808=VERTEX_POINT('',#18535);
#6809=VERTEX_POINT('',#18536);
#6810=VERTEX_POINT('',#18538);
#6811=VERTEX_POINT('',#18540);
#6812=VERTEX_POINT('',#18544);
#6813=VERTEX_POINT('',#18546);
#6814=VERTEX_POINT('',#18550);
#6815=VERTEX_POINT('',#18552);
#6816=VERTEX_POINT('',#18556);
#6817=VERTEX_POINT('',#18558);
#6818=VERTEX_POINT('',#18562);
#6819=VERTEX_POINT('',#18564);
#6820=VERTEX_POINT('',#18568);
#6821=VERTEX_POINT('',#18570);
#6822=VERTEX_POINT('',#18574);
#6823=VERTEX_POINT('',#18576);
#6824=VERTEX_POINT('',#18580);
#6825=VERTEX_POINT('',#18581);
#6826=VERTEX_POINT('',#18583);
#6827=VERTEX_POINT('',#18585);
#6828=VERTEX_POINT('',#18589);
#6829=VERTEX_POINT('',#18591);
#6830=VERTEX_POINT('',#18595);
#6831=VERTEX_POINT('',#18597);
#6832=VERTEX_POINT('',#18601);
#6833=VERTEX_POINT('',#18603);
#6834=VERTEX_POINT('',#18607);
#6835=VERTEX_POINT('',#18609);
#6836=VERTEX_POINT('',#18613);
#6837=VERTEX_POINT('',#18615);
#6838=VERTEX_POINT('',#18619);
#6839=VERTEX_POINT('',#18621);
#6840=VERTEX_POINT('',#18625);
#6841=VERTEX_POINT('',#18626);
#6842=VERTEX_POINT('',#18628);
#6843=VERTEX_POINT('',#18630);
#6844=VERTEX_POINT('',#18634);
#6845=VERTEX_POINT('',#18636);
#6846=VERTEX_POINT('',#18640);
#6847=VERTEX_POINT('',#18642);
#6848=VERTEX_POINT('',#18646);
#6849=VERTEX_POINT('',#18648);
#6850=VERTEX_POINT('',#18652);
#6851=VERTEX_POINT('',#18654);
#6852=VERTEX_POINT('',#18658);
#6853=VERTEX_POINT('',#18660);
#6854=VERTEX_POINT('',#18664);
#6855=VERTEX_POINT('',#18666);
#6856=VERTEX_POINT('',#18670);
#6857=VERTEX_POINT('',#18671);
#6858=VERTEX_POINT('',#18673);
#6859=VERTEX_POINT('',#18675);
#6860=VERTEX_POINT('',#18679);
#6861=VERTEX_POINT('',#18681);
#6862=VERTEX_POINT('',#18685);
#6863=VERTEX_POINT('',#18687);
#6864=VERTEX_POINT('',#18691);
#6865=VERTEX_POINT('',#18693);
#6866=VERTEX_POINT('',#18697);
#6867=VERTEX_POINT('',#18699);
#6868=VERTEX_POINT('',#18703);
#6869=VERTEX_POINT('',#18705);
#6870=VERTEX_POINT('',#18709);
#6871=VERTEX_POINT('',#18711);
#6872=VERTEX_POINT('',#18715);
#6873=VERTEX_POINT('',#18716);
#6874=VERTEX_POINT('',#18718);
#6875=VERTEX_POINT('',#18720);
#6876=VERTEX_POINT('',#18724);
#6877=VERTEX_POINT('',#18726);
#6878=VERTEX_POINT('',#18730);
#6879=VERTEX_POINT('',#18732);
#6880=VERTEX_POINT('',#18736);
#6881=VERTEX_POINT('',#18738);
#6882=VERTEX_POINT('',#18742);
#6883=VERTEX_POINT('',#18744);
#6884=VERTEX_POINT('',#18748);
#6885=VERTEX_POINT('',#18750);
#6886=VERTEX_POINT('',#18754);
#6887=VERTEX_POINT('',#18756);
#6888=VERTEX_POINT('',#18760);
#6889=VERTEX_POINT('',#18761);
#6890=VERTEX_POINT('',#18763);
#6891=VERTEX_POINT('',#18765);
#6892=VERTEX_POINT('',#18769);
#6893=VERTEX_POINT('',#18771);
#6894=VERTEX_POINT('',#18775);
#6895=VERTEX_POINT('',#18777);
#6896=VERTEX_POINT('',#18781);
#6897=VERTEX_POINT('',#18783);
#6898=VERTEX_POINT('',#18787);
#6899=VERTEX_POINT('',#18789);
#6900=VERTEX_POINT('',#18793);
#6901=VERTEX_POINT('',#18795);
#6902=VERTEX_POINT('',#18799);
#6903=VERTEX_POINT('',#18801);
#6904=VERTEX_POINT('',#18805);
#6905=VERTEX_POINT('',#18806);
#6906=VERTEX_POINT('',#18808);
#6907=VERTEX_POINT('',#18810);
#6908=VERTEX_POINT('',#18814);
#6909=VERTEX_POINT('',#18816);
#6910=VERTEX_POINT('',#18820);
#6911=VERTEX_POINT('',#18822);
#6912=VERTEX_POINT('',#18826);
#6913=VERTEX_POINT('',#18828);
#6914=VERTEX_POINT('',#18832);
#6915=VERTEX_POINT('',#18834);
#6916=VERTEX_POINT('',#18838);
#6917=VERTEX_POINT('',#18840);
#6918=VERTEX_POINT('',#18844);
#6919=VERTEX_POINT('',#18846);
#6920=VERTEX_POINT('',#18850);
#6921=VERTEX_POINT('',#18851);
#6922=VERTEX_POINT('',#18853);
#6923=VERTEX_POINT('',#18855);
#6924=VERTEX_POINT('',#18859);
#6925=VERTEX_POINT('',#18861);
#6926=VERTEX_POINT('',#18865);
#6927=VERTEX_POINT('',#18867);
#6928=VERTEX_POINT('',#18871);
#6929=VERTEX_POINT('',#18873);
#6930=VERTEX_POINT('',#18877);
#6931=VERTEX_POINT('',#18879);
#6932=VERTEX_POINT('',#18883);
#6933=VERTEX_POINT('',#18885);
#6934=VERTEX_POINT('',#18889);
#6935=VERTEX_POINT('',#18891);
#6936=VERTEX_POINT('',#18895);
#6937=VERTEX_POINT('',#18896);
#6938=VERTEX_POINT('',#18898);
#6939=VERTEX_POINT('',#18900);
#6940=VERTEX_POINT('',#18904);
#6941=VERTEX_POINT('',#18906);
#6942=VERTEX_POINT('',#18910);
#6943=VERTEX_POINT('',#18912);
#6944=VERTEX_POINT('',#18916);
#6945=VERTEX_POINT('',#18918);
#6946=VERTEX_POINT('',#18922);
#6947=VERTEX_POINT('',#18924);
#6948=VERTEX_POINT('',#18928);
#6949=VERTEX_POINT('',#18930);
#6950=VERTEX_POINT('',#18934);
#6951=VERTEX_POINT('',#18936);
#6952=VERTEX_POINT('',#18940);
#6953=VERTEX_POINT('',#18941);
#6954=VERTEX_POINT('',#18943);
#6955=VERTEX_POINT('',#18945);
#6956=VERTEX_POINT('',#18949);
#6957=VERTEX_POINT('',#18951);
#6958=VERTEX_POINT('',#18955);
#6959=VERTEX_POINT('',#18957);
#6960=VERTEX_POINT('',#18961);
#6961=VERTEX_POINT('',#18963);
#6962=VERTEX_POINT('',#18967);
#6963=VERTEX_POINT('',#18969);
#6964=VERTEX_POINT('',#18973);
#6965=VERTEX_POINT('',#18975);
#6966=VERTEX_POINT('',#18979);
#6967=VERTEX_POINT('',#18981);
#6968=VERTEX_POINT('',#18985);
#6969=VERTEX_POINT('',#18986);
#6970=VERTEX_POINT('',#18988);
#6971=VERTEX_POINT('',#18990);
#6972=VERTEX_POINT('',#18994);
#6973=VERTEX_POINT('',#18996);
#6974=VERTEX_POINT('',#19000);
#6975=VERTEX_POINT('',#19002);
#6976=VERTEX_POINT('',#19006);
#6977=VERTEX_POINT('',#19008);
#6978=VERTEX_POINT('',#19012);
#6979=VERTEX_POINT('',#19014);
#6980=VERTEX_POINT('',#19018);
#6981=VERTEX_POINT('',#19020);
#6982=VERTEX_POINT('',#19024);
#6983=VERTEX_POINT('',#19026);
#6984=VERTEX_POINT('',#19030);
#6985=VERTEX_POINT('',#19031);
#6986=VERTEX_POINT('',#19033);
#6987=VERTEX_POINT('',#19035);
#6988=VERTEX_POINT('',#19039);
#6989=VERTEX_POINT('',#19041);
#6990=VERTEX_POINT('',#19045);
#6991=VERTEX_POINT('',#19047);
#6992=VERTEX_POINT('',#19051);
#6993=VERTEX_POINT('',#19053);
#6994=VERTEX_POINT('',#19057);
#6995=VERTEX_POINT('',#19059);
#6996=VERTEX_POINT('',#19063);
#6997=VERTEX_POINT('',#19065);
#6998=VERTEX_POINT('',#19069);
#6999=VERTEX_POINT('',#19071);
#7000=VERTEX_POINT('',#19075);
#7001=VERTEX_POINT('',#19076);
#7002=VERTEX_POINT('',#19078);
#7003=VERTEX_POINT('',#19080);
#7004=VERTEX_POINT('',#19084);
#7005=VERTEX_POINT('',#19086);
#7006=VERTEX_POINT('',#19090);
#7007=VERTEX_POINT('',#19092);
#7008=VERTEX_POINT('',#19096);
#7009=VERTEX_POINT('',#19098);
#7010=VERTEX_POINT('',#19102);
#7011=VERTEX_POINT('',#19104);
#7012=VERTEX_POINT('',#19108);
#7013=VERTEX_POINT('',#19110);
#7014=VERTEX_POINT('',#19114);
#7015=VERTEX_POINT('',#19116);
#7016=VERTEX_POINT('',#19120);
#7017=VERTEX_POINT('',#19121);
#7018=VERTEX_POINT('',#19123);
#7019=VERTEX_POINT('',#19125);
#7020=VERTEX_POINT('',#19129);
#7021=VERTEX_POINT('',#19131);
#7022=VERTEX_POINT('',#19135);
#7023=VERTEX_POINT('',#19137);
#7024=VERTEX_POINT('',#19141);
#7025=VERTEX_POINT('',#19143);
#7026=VERTEX_POINT('',#19147);
#7027=VERTEX_POINT('',#19149);
#7028=VERTEX_POINT('',#19153);
#7029=VERTEX_POINT('',#19155);
#7030=VERTEX_POINT('',#19159);
#7031=VERTEX_POINT('',#19161);
#7032=VERTEX_POINT('',#19165);
#7033=VERTEX_POINT('',#19166);
#7034=VERTEX_POINT('',#19168);
#7035=VERTEX_POINT('',#19170);
#7036=VERTEX_POINT('',#19174);
#7037=VERTEX_POINT('',#19176);
#7038=VERTEX_POINT('',#19180);
#7039=VERTEX_POINT('',#19182);
#7040=VERTEX_POINT('',#19186);
#7041=VERTEX_POINT('',#19188);
#7042=VERTEX_POINT('',#19192);
#7043=VERTEX_POINT('',#19194);
#7044=VERTEX_POINT('',#19198);
#7045=VERTEX_POINT('',#19200);
#7046=VERTEX_POINT('',#19204);
#7047=VERTEX_POINT('',#19206);
#7048=VERTEX_POINT('',#19210);
#7049=VERTEX_POINT('',#19211);
#7050=VERTEX_POINT('',#19213);
#7051=VERTEX_POINT('',#19215);
#7052=VERTEX_POINT('',#19219);
#7053=VERTEX_POINT('',#19221);
#7054=VERTEX_POINT('',#19225);
#7055=VERTEX_POINT('',#19227);
#7056=VERTEX_POINT('',#19231);
#7057=VERTEX_POINT('',#19233);
#7058=VERTEX_POINT('',#19237);
#7059=VERTEX_POINT('',#19239);
#7060=VERTEX_POINT('',#19243);
#7061=VERTEX_POINT('',#19245);
#7062=VERTEX_POINT('',#19249);
#7063=VERTEX_POINT('',#19251);
#7064=VERTEX_POINT('',#19255);
#7065=VERTEX_POINT('',#19256);
#7066=VERTEX_POINT('',#19258);
#7067=VERTEX_POINT('',#19260);
#7068=VERTEX_POINT('',#19264);
#7069=VERTEX_POINT('',#19266);
#7070=VERTEX_POINT('',#19270);
#7071=VERTEX_POINT('',#19272);
#7072=VERTEX_POINT('',#19276);
#7073=VERTEX_POINT('',#19278);
#7074=VERTEX_POINT('',#19282);
#7075=VERTEX_POINT('',#19284);
#7076=VERTEX_POINT('',#19288);
#7077=VERTEX_POINT('',#19290);
#7078=VERTEX_POINT('',#19294);
#7079=VERTEX_POINT('',#19296);
#7080=VERTEX_POINT('',#19300);
#7081=VERTEX_POINT('',#19301);
#7082=VERTEX_POINT('',#19303);
#7083=VERTEX_POINT('',#19305);
#7084=VERTEX_POINT('',#19309);
#7085=VERTEX_POINT('',#19311);
#7086=VERTEX_POINT('',#19315);
#7087=VERTEX_POINT('',#19317);
#7088=VERTEX_POINT('',#19321);
#7089=VERTEX_POINT('',#19323);
#7090=VERTEX_POINT('',#19327);
#7091=VERTEX_POINT('',#19329);
#7092=VERTEX_POINT('',#19333);
#7093=VERTEX_POINT('',#19335);
#7094=VERTEX_POINT('',#19339);
#7095=VERTEX_POINT('',#19341);
#7096=VERTEX_POINT('',#19345);
#7097=VERTEX_POINT('',#19346);
#7098=VERTEX_POINT('',#19348);
#7099=VERTEX_POINT('',#19350);
#7100=VERTEX_POINT('',#19354);
#7101=VERTEX_POINT('',#19356);
#7102=VERTEX_POINT('',#19360);
#7103=VERTEX_POINT('',#19362);
#7104=VERTEX_POINT('',#19366);
#7105=VERTEX_POINT('',#19368);
#7106=VERTEX_POINT('',#19372);
#7107=VERTEX_POINT('',#19374);
#7108=VERTEX_POINT('',#19378);
#7109=VERTEX_POINT('',#19380);
#7110=VERTEX_POINT('',#19384);
#7111=VERTEX_POINT('',#19386);
#7112=VERTEX_POINT('',#19390);
#7113=VERTEX_POINT('',#19391);
#7114=VERTEX_POINT('',#19393);
#7115=VERTEX_POINT('',#19395);
#7116=VERTEX_POINT('',#19399);
#7117=VERTEX_POINT('',#19401);
#7118=VERTEX_POINT('',#19405);
#7119=VERTEX_POINT('',#19407);
#7120=VERTEX_POINT('',#19411);
#7121=VERTEX_POINT('',#19413);
#7122=VERTEX_POINT('',#19417);
#7123=VERTEX_POINT('',#19419);
#7124=VERTEX_POINT('',#19423);
#7125=VERTEX_POINT('',#19425);
#7126=VERTEX_POINT('',#19429);
#7127=VERTEX_POINT('',#19431);
#7128=VERTEX_POINT('',#19435);
#7129=VERTEX_POINT('',#19436);
#7130=VERTEX_POINT('',#19438);
#7131=VERTEX_POINT('',#19440);
#7132=VERTEX_POINT('',#19444);
#7133=VERTEX_POINT('',#19446);
#7134=VERTEX_POINT('',#19450);
#7135=VERTEX_POINT('',#19452);
#7136=VERTEX_POINT('',#19456);
#7137=VERTEX_POINT('',#19458);
#7138=VERTEX_POINT('',#19462);
#7139=VERTEX_POINT('',#19464);
#7140=VERTEX_POINT('',#19468);
#7141=VERTEX_POINT('',#19470);
#7142=VERTEX_POINT('',#19474);
#7143=VERTEX_POINT('',#19476);
#7144=VERTEX_POINT('',#19480);
#7145=VERTEX_POINT('',#19481);
#7146=VERTEX_POINT('',#19483);
#7147=VERTEX_POINT('',#19485);
#7148=VERTEX_POINT('',#19489);
#7149=VERTEX_POINT('',#19491);
#7150=VERTEX_POINT('',#19495);
#7151=VERTEX_POINT('',#19497);
#7152=VERTEX_POINT('',#19501);
#7153=VERTEX_POINT('',#19503);
#7154=VERTEX_POINT('',#19507);
#7155=VERTEX_POINT('',#19509);
#7156=VERTEX_POINT('',#19513);
#7157=VERTEX_POINT('',#19515);
#7158=VERTEX_POINT('',#19519);
#7159=VERTEX_POINT('',#19521);
#7160=VERTEX_POINT('',#19525);
#7161=VERTEX_POINT('',#19526);
#7162=VERTEX_POINT('',#19528);
#7163=VERTEX_POINT('',#19530);
#7164=VERTEX_POINT('',#19534);
#7165=VERTEX_POINT('',#19536);
#7166=VERTEX_POINT('',#19540);
#7167=VERTEX_POINT('',#19542);
#7168=VERTEX_POINT('',#19546);
#7169=VERTEX_POINT('',#19548);
#7170=VERTEX_POINT('',#19552);
#7171=VERTEX_POINT('',#19554);
#7172=VERTEX_POINT('',#19558);
#7173=VERTEX_POINT('',#19560);
#7174=VERTEX_POINT('',#19564);
#7175=VERTEX_POINT('',#19566);
#7176=VERTEX_POINT('',#19570);
#7177=VERTEX_POINT('',#19571);
#7178=VERTEX_POINT('',#19573);
#7179=VERTEX_POINT('',#19575);
#7180=VERTEX_POINT('',#19579);
#7181=VERTEX_POINT('',#19581);
#7182=VERTEX_POINT('',#19585);
#7183=VERTEX_POINT('',#19587);
#7184=VERTEX_POINT('',#19591);
#7185=VERTEX_POINT('',#19593);
#7186=VERTEX_POINT('',#19597);
#7187=VERTEX_POINT('',#19599);
#7188=VERTEX_POINT('',#19603);
#7189=VERTEX_POINT('',#19605);
#7190=VERTEX_POINT('',#19609);
#7191=VERTEX_POINT('',#19611);
#7192=VERTEX_POINT('',#19615);
#7193=VERTEX_POINT('',#19616);
#7194=VERTEX_POINT('',#19618);
#7195=VERTEX_POINT('',#19620);
#7196=VERTEX_POINT('',#19624);
#7197=VERTEX_POINT('',#19626);
#7198=VERTEX_POINT('',#19630);
#7199=VERTEX_POINT('',#19632);
#7200=VERTEX_POINT('',#19636);
#7201=VERTEX_POINT('',#19638);
#7202=VERTEX_POINT('',#19642);
#7203=VERTEX_POINT('',#19644);
#7204=VERTEX_POINT('',#19648);
#7205=VERTEX_POINT('',#19650);
#7206=VERTEX_POINT('',#19654);
#7207=VERTEX_POINT('',#19656);
#7208=VERTEX_POINT('',#19660);
#7209=VERTEX_POINT('',#19661);
#7210=VERTEX_POINT('',#19663);
#7211=VERTEX_POINT('',#19665);
#7212=VERTEX_POINT('',#19669);
#7213=VERTEX_POINT('',#19671);
#7214=VERTEX_POINT('',#19675);
#7215=VERTEX_POINT('',#19677);
#7216=VERTEX_POINT('',#19681);
#7217=VERTEX_POINT('',#19683);
#7218=VERTEX_POINT('',#19687);
#7219=VERTEX_POINT('',#19689);
#7220=VERTEX_POINT('',#19693);
#7221=VERTEX_POINT('',#19695);
#7222=VERTEX_POINT('',#19699);
#7223=VERTEX_POINT('',#19701);
#7224=VERTEX_POINT('',#19705);
#7225=VERTEX_POINT('',#19706);
#7226=VERTEX_POINT('',#19708);
#7227=VERTEX_POINT('',#19710);
#7228=VERTEX_POINT('',#19714);
#7229=VERTEX_POINT('',#19716);
#7230=VERTEX_POINT('',#19720);
#7231=VERTEX_POINT('',#19722);
#7232=VERTEX_POINT('',#19726);
#7233=VERTEX_POINT('',#19728);
#7234=VERTEX_POINT('',#19732);
#7235=VERTEX_POINT('',#19734);
#7236=VERTEX_POINT('',#19738);
#7237=VERTEX_POINT('',#19740);
#7238=VERTEX_POINT('',#19744);
#7239=VERTEX_POINT('',#19746);
#7240=VERTEX_POINT('',#19750);
#7241=VERTEX_POINT('',#19751);
#7242=VERTEX_POINT('',#19753);
#7243=VERTEX_POINT('',#19755);
#7244=VERTEX_POINT('',#19759);
#7245=VERTEX_POINT('',#19761);
#7246=VERTEX_POINT('',#19765);
#7247=VERTEX_POINT('',#19767);
#7248=VERTEX_POINT('',#19771);
#7249=VERTEX_POINT('',#19773);
#7250=VERTEX_POINT('',#19777);
#7251=VERTEX_POINT('',#19779);
#7252=VERTEX_POINT('',#19783);
#7253=VERTEX_POINT('',#19785);
#7254=VERTEX_POINT('',#19789);
#7255=VERTEX_POINT('',#19791);
#7256=VERTEX_POINT('',#19795);
#7257=VERTEX_POINT('',#19796);
#7258=VERTEX_POINT('',#19798);
#7259=VERTEX_POINT('',#19800);
#7260=VERTEX_POINT('',#19804);
#7261=VERTEX_POINT('',#19806);
#7262=VERTEX_POINT('',#19810);
#7263=VERTEX_POINT('',#19812);
#7264=VERTEX_POINT('',#19816);
#7265=VERTEX_POINT('',#19818);
#7266=VERTEX_POINT('',#19822);
#7267=VERTEX_POINT('',#19824);
#7268=VERTEX_POINT('',#19828);
#7269=VERTEX_POINT('',#19830);
#7270=VERTEX_POINT('',#19834);
#7271=VERTEX_POINT('',#19836);
#7272=VERTEX_POINT('',#19840);
#7273=VERTEX_POINT('',#19841);
#7274=VERTEX_POINT('',#19843);
#7275=VERTEX_POINT('',#19845);
#7276=VERTEX_POINT('',#19849);
#7277=VERTEX_POINT('',#19851);
#7278=VERTEX_POINT('',#19855);
#7279=VERTEX_POINT('',#19857);
#7280=VERTEX_POINT('',#19861);
#7281=VERTEX_POINT('',#19863);
#7282=VERTEX_POINT('',#19867);
#7283=VERTEX_POINT('',#19869);
#7284=VERTEX_POINT('',#19873);
#7285=VERTEX_POINT('',#19875);
#7286=VERTEX_POINT('',#19879);
#7287=VERTEX_POINT('',#19881);
#7288=VERTEX_POINT('',#19885);
#7289=VERTEX_POINT('',#19886);
#7290=VERTEX_POINT('',#19888);
#7291=VERTEX_POINT('',#19890);
#7292=VERTEX_POINT('',#19894);
#7293=VERTEX_POINT('',#19896);
#7294=VERTEX_POINT('',#19900);
#7295=VERTEX_POINT('',#19902);
#7296=VERTEX_POINT('',#19906);
#7297=VERTEX_POINT('',#19908);
#7298=VERTEX_POINT('',#19912);
#7299=VERTEX_POINT('',#19914);
#7300=VERTEX_POINT('',#19918);
#7301=VERTEX_POINT('',#19920);
#7302=VERTEX_POINT('',#19924);
#7303=VERTEX_POINT('',#19926);
#7304=VERTEX_POINT('',#19930);
#7305=VERTEX_POINT('',#19931);
#7306=VERTEX_POINT('',#19933);
#7307=VERTEX_POINT('',#19935);
#7308=VERTEX_POINT('',#19939);
#7309=VERTEX_POINT('',#19941);
#7310=VERTEX_POINT('',#19945);
#7311=VERTEX_POINT('',#19947);
#7312=VERTEX_POINT('',#19951);
#7313=VERTEX_POINT('',#19953);
#7314=VERTEX_POINT('',#19957);
#7315=VERTEX_POINT('',#19959);
#7316=VERTEX_POINT('',#19963);
#7317=VERTEX_POINT('',#19965);
#7318=VERTEX_POINT('',#19969);
#7319=VERTEX_POINT('',#19971);
#7320=VERTEX_POINT('',#19975);
#7321=VERTEX_POINT('',#19976);
#7322=VERTEX_POINT('',#19978);
#7323=VERTEX_POINT('',#19980);
#7324=VERTEX_POINT('',#19984);
#7325=VERTEX_POINT('',#19986);
#7326=VERTEX_POINT('',#19990);
#7327=VERTEX_POINT('',#19992);
#7328=VERTEX_POINT('',#19996);
#7329=VERTEX_POINT('',#19998);
#7330=VERTEX_POINT('',#20002);
#7331=VERTEX_POINT('',#20004);
#7332=VERTEX_POINT('',#20008);
#7333=VERTEX_POINT('',#20010);
#7334=VERTEX_POINT('',#20014);
#7335=VERTEX_POINT('',#20016);
#7336=VERTEX_POINT('',#20020);
#7337=VERTEX_POINT('',#20021);
#7338=VERTEX_POINT('',#20023);
#7339=VERTEX_POINT('',#20025);
#7340=VERTEX_POINT('',#20029);
#7341=VERTEX_POINT('',#20031);
#7342=VERTEX_POINT('',#20035);
#7343=VERTEX_POINT('',#20037);
#7344=VERTEX_POINT('',#20041);
#7345=VERTEX_POINT('',#20043);
#7346=VERTEX_POINT('',#20047);
#7347=VERTEX_POINT('',#20049);
#7348=VERTEX_POINT('',#20053);
#7349=VERTEX_POINT('',#20055);
#7350=VERTEX_POINT('',#20059);
#7351=VERTEX_POINT('',#20061);
#7352=VERTEX_POINT('',#20065);
#7353=VERTEX_POINT('',#20066);
#7354=VERTEX_POINT('',#20068);
#7355=VERTEX_POINT('',#20070);
#7356=VERTEX_POINT('',#20074);
#7357=VERTEX_POINT('',#20076);
#7358=VERTEX_POINT('',#20080);
#7359=VERTEX_POINT('',#20082);
#7360=VERTEX_POINT('',#20086);
#7361=VERTEX_POINT('',#20088);
#7362=VERTEX_POINT('',#20092);
#7363=VERTEX_POINT('',#20094);
#7364=VERTEX_POINT('',#20098);
#7365=VERTEX_POINT('',#20100);
#7366=VERTEX_POINT('',#20104);
#7367=VERTEX_POINT('',#20106);
#7368=VERTEX_POINT('',#20110);
#7369=VERTEX_POINT('',#20111);
#7370=VERTEX_POINT('',#20113);
#7371=VERTEX_POINT('',#20115);
#7372=VERTEX_POINT('',#20119);
#7373=VERTEX_POINT('',#20121);
#7374=VERTEX_POINT('',#20125);
#7375=VERTEX_POINT('',#20127);
#7376=VERTEX_POINT('',#20131);
#7377=VERTEX_POINT('',#20133);
#7378=VERTEX_POINT('',#20137);
#7379=VERTEX_POINT('',#20139);
#7380=VERTEX_POINT('',#20143);
#7381=VERTEX_POINT('',#20145);
#7382=VERTEX_POINT('',#20149);
#7383=VERTEX_POINT('',#20151);
#7384=VERTEX_POINT('',#20155);
#7385=VERTEX_POINT('',#20156);
#7386=VERTEX_POINT('',#20158);
#7387=VERTEX_POINT('',#20160);
#7388=VERTEX_POINT('',#20164);
#7389=VERTEX_POINT('',#20166);
#7390=VERTEX_POINT('',#20170);
#7391=VERTEX_POINT('',#20172);
#7392=VERTEX_POINT('',#20176);
#7393=VERTEX_POINT('',#20178);
#7394=VERTEX_POINT('',#20182);
#7395=VERTEX_POINT('',#20184);
#7396=VERTEX_POINT('',#20188);
#7397=VERTEX_POINT('',#20190);
#7398=VERTEX_POINT('',#20194);
#7399=VERTEX_POINT('',#20196);
#7400=VERTEX_POINT('',#20200);
#7401=VERTEX_POINT('',#20201);
#7402=VERTEX_POINT('',#20203);
#7403=VERTEX_POINT('',#20205);
#7404=VERTEX_POINT('',#20209);
#7405=VERTEX_POINT('',#20211);
#7406=VERTEX_POINT('',#20215);
#7407=VERTEX_POINT('',#20217);
#7408=VERTEX_POINT('',#20221);
#7409=VERTEX_POINT('',#20223);
#7410=VERTEX_POINT('',#20227);
#7411=VERTEX_POINT('',#20229);
#7412=VERTEX_POINT('',#20233);
#7413=VERTEX_POINT('',#20235);
#7414=VERTEX_POINT('',#20239);
#7415=VERTEX_POINT('',#20241);
#7416=VERTEX_POINT('',#20245);
#7417=VERTEX_POINT('',#20246);
#7418=VERTEX_POINT('',#20248);
#7419=VERTEX_POINT('',#20250);
#7420=VERTEX_POINT('',#20254);
#7421=VERTEX_POINT('',#20256);
#7422=VERTEX_POINT('',#20260);
#7423=VERTEX_POINT('',#20262);
#7424=VERTEX_POINT('',#20266);
#7425=VERTEX_POINT('',#20268);
#7426=VERTEX_POINT('',#20272);
#7427=VERTEX_POINT('',#20274);
#7428=VERTEX_POINT('',#20278);
#7429=VERTEX_POINT('',#20280);
#7430=VERTEX_POINT('',#20284);
#7431=VERTEX_POINT('',#20286);
#7432=VERTEX_POINT('',#20290);
#7433=VERTEX_POINT('',#20291);
#7434=VERTEX_POINT('',#20293);
#7435=VERTEX_POINT('',#20295);
#7436=VERTEX_POINT('',#20299);
#7437=VERTEX_POINT('',#20301);
#7438=VERTEX_POINT('',#20305);
#7439=VERTEX_POINT('',#20307);
#7440=VERTEX_POINT('',#20311);
#7441=VERTEX_POINT('',#20313);
#7442=VERTEX_POINT('',#20317);
#7443=VERTEX_POINT('',#20319);
#7444=VERTEX_POINT('',#20323);
#7445=VERTEX_POINT('',#20325);
#7446=VERTEX_POINT('',#20329);
#7447=VERTEX_POINT('',#20331);
#7448=VERTEX_POINT('',#20335);
#7449=VERTEX_POINT('',#20336);
#7450=VERTEX_POINT('',#20338);
#7451=VERTEX_POINT('',#20340);
#7452=VERTEX_POINT('',#20344);
#7453=VERTEX_POINT('',#20346);
#7454=VERTEX_POINT('',#20350);
#7455=VERTEX_POINT('',#20352);
#7456=VERTEX_POINT('',#20356);
#7457=VERTEX_POINT('',#20358);
#7458=VERTEX_POINT('',#20362);
#7459=VERTEX_POINT('',#20364);
#7460=VERTEX_POINT('',#20368);
#7461=VERTEX_POINT('',#20370);
#7462=VERTEX_POINT('',#20374);
#7463=VERTEX_POINT('',#20376);
#7464=VERTEX_POINT('',#20380);
#7465=VERTEX_POINT('',#20381);
#7466=VERTEX_POINT('',#20383);
#7467=VERTEX_POINT('',#20385);
#7468=VERTEX_POINT('',#20389);
#7469=VERTEX_POINT('',#20391);
#7470=VERTEX_POINT('',#20395);
#7471=VERTEX_POINT('',#20397);
#7472=VERTEX_POINT('',#20401);
#7473=VERTEX_POINT('',#20403);
#7474=VERTEX_POINT('',#20407);
#7475=VERTEX_POINT('',#20409);
#7476=VERTEX_POINT('',#20413);
#7477=VERTEX_POINT('',#20415);
#7478=VERTEX_POINT('',#20419);
#7479=VERTEX_POINT('',#20421);
#7480=VERTEX_POINT('',#20425);
#7481=VERTEX_POINT('',#20426);
#7482=VERTEX_POINT('',#20428);
#7483=VERTEX_POINT('',#20430);
#7484=VERTEX_POINT('',#20434);
#7485=VERTEX_POINT('',#20436);
#7486=VERTEX_POINT('',#20440);
#7487=VERTEX_POINT('',#20442);
#7488=VERTEX_POINT('',#20446);
#7489=VERTEX_POINT('',#20448);
#7490=VERTEX_POINT('',#20452);
#7491=VERTEX_POINT('',#20454);
#7492=VERTEX_POINT('',#20458);
#7493=VERTEX_POINT('',#20460);
#7494=VERTEX_POINT('',#20464);
#7495=VERTEX_POINT('',#20466);
#7496=VERTEX_POINT('',#20470);
#7497=VERTEX_POINT('',#20471);
#7498=VERTEX_POINT('',#20473);
#7499=VERTEX_POINT('',#20475);
#7500=VERTEX_POINT('',#20479);
#7501=VERTEX_POINT('',#20480);
#7502=VERTEX_POINT('',#20482);
#7503=VERTEX_POINT('',#20484);
#7504=VERTEX_POINT('',#20488);
#7505=VERTEX_POINT('',#20489);
#7506=VERTEX_POINT('',#20491);
#7507=VERTEX_POINT('',#20493);
#7508=VERTEX_POINT('',#20716);
#7509=VERTEX_POINT('',#20717);
#7510=VERTEX_POINT('',#20719);
#7511=VERTEX_POINT('',#20721);
#7512=LINE('',#17139,#8712);
#7513=LINE('',#17142,#8713);
#7514=LINE('',#17144,#8714);
#7515=LINE('',#17146,#8715);
#7516=LINE('',#17150,#8716);
#7517=LINE('',#17154,#8717);
#7518=LINE('',#17156,#8718);
#7519=LINE('',#17158,#8719);
#7520=LINE('',#17162,#8720);
#7521=LINE('',#17166,#8721);
#7522=LINE('',#17168,#8722);
#7523=LINE('',#17170,#8723);
#7524=LINE('',#17174,#8724);
#7525=LINE('',#17178,#8725);
#7526=LINE('',#17180,#8726);
#7527=LINE('',#17182,#8727);
#7528=LINE('',#17184,#8728);
#7529=LINE('',#17187,#8729);
#7530=LINE('',#17189,#8730);
#7531=LINE('',#17191,#8731);
#7532=LINE('',#17195,#8732);
#7533=LINE('',#17199,#8733);
#7534=LINE('',#17201,#8734);
#7535=LINE('',#17203,#8735);
#7536=LINE('',#17207,#8736);
#7537=LINE('',#17211,#8737);
#7538=LINE('',#17213,#8738);
#7539=LINE('',#17215,#8739);
#7540=LINE('',#17219,#8740);
#7541=LINE('',#17223,#8741);
#7542=LINE('',#17225,#8742);
#7543=LINE('',#17227,#8743);
#7544=LINE('',#17229,#8744);
#7545=LINE('',#17232,#8745);
#7546=LINE('',#17234,#8746);
#7547=LINE('',#17236,#8747);
#7548=LINE('',#17240,#8748);
#7549=LINE('',#17244,#8749);
#7550=LINE('',#17246,#8750);
#7551=LINE('',#17248,#8751);
#7552=LINE('',#17252,#8752);
#7553=LINE('',#17256,#8753);
#7554=LINE('',#17258,#8754);
#7555=LINE('',#17260,#8755);
#7556=LINE('',#17264,#8756);
#7557=LINE('',#17268,#8757);
#7558=LINE('',#17270,#8758);
#7559=LINE('',#17272,#8759);
#7560=LINE('',#17274,#8760);
#7561=LINE('',#17277,#8761);
#7562=LINE('',#17279,#8762);
#7563=LINE('',#17281,#8763);
#7564=LINE('',#17285,#8764);
#7565=LINE('',#17289,#8765);
#7566=LINE('',#17291,#8766);
#7567=LINE('',#17293,#8767);
#7568=LINE('',#17297,#8768);
#7569=LINE('',#17301,#8769);
#7570=LINE('',#17303,#8770);
#7571=LINE('',#17305,#8771);
#7572=LINE('',#17309,#8772);
#7573=LINE('',#17313,#8773);
#7574=LINE('',#17315,#8774);
#7575=LINE('',#17317,#8775);
#7576=LINE('',#17319,#8776);
#7577=LINE('',#17322,#8777);
#7578=LINE('',#17324,#8778);
#7579=LINE('',#17326,#8779);
#7580=LINE('',#17330,#8780);
#7581=LINE('',#17334,#8781);
#7582=LINE('',#17336,#8782);
#7583=LINE('',#17338,#8783);
#7584=LINE('',#17342,#8784);
#7585=LINE('',#17346,#8785);
#7586=LINE('',#17348,#8786);
#7587=LINE('',#17350,#8787);
#7588=LINE('',#17354,#8788);
#7589=LINE('',#17358,#8789);
#7590=LINE('',#17360,#8790);
#7591=LINE('',#17362,#8791);
#7592=LINE('',#17364,#8792);
#7593=LINE('',#17367,#8793);
#7594=LINE('',#17369,#8794);
#7595=LINE('',#17371,#8795);
#7596=LINE('',#17375,#8796);
#7597=LINE('',#17379,#8797);
#7598=LINE('',#17381,#8798);
#7599=LINE('',#17383,#8799);
#7600=LINE('',#17387,#8800);
#7601=LINE('',#17391,#8801);
#7602=LINE('',#17393,#8802);
#7603=LINE('',#17395,#8803);
#7604=LINE('',#17399,#8804);
#7605=LINE('',#17403,#8805);
#7606=LINE('',#17405,#8806);
#7607=LINE('',#17407,#8807);
#7608=LINE('',#17409,#8808);
#7609=LINE('',#17412,#8809);
#7610=LINE('',#17414,#8810);
#7611=LINE('',#17416,#8811);
#7612=LINE('',#17420,#8812);
#7613=LINE('',#17424,#8813);
#7614=LINE('',#17426,#8814);
#7615=LINE('',#17428,#8815);
#7616=LINE('',#17432,#8816);
#7617=LINE('',#17436,#8817);
#7618=LINE('',#17438,#8818);
#7619=LINE('',#17440,#8819);
#7620=LINE('',#17444,#8820);
#7621=LINE('',#17448,#8821);
#7622=LINE('',#17450,#8822);
#7623=LINE('',#17452,#8823);
#7624=LINE('',#17454,#8824);
#7625=LINE('',#17457,#8825);
#7626=LINE('',#17459,#8826);
#7627=LINE('',#17461,#8827);
#7628=LINE('',#17465,#8828);
#7629=LINE('',#17469,#8829);
#7630=LINE('',#17471,#8830);
#7631=LINE('',#17473,#8831);
#7632=LINE('',#17477,#8832);
#7633=LINE('',#17481,#8833);
#7634=LINE('',#17483,#8834);
#7635=LINE('',#17485,#8835);
#7636=LINE('',#17489,#8836);
#7637=LINE('',#17493,#8837);
#7638=LINE('',#17495,#8838);
#7639=LINE('',#17497,#8839);
#7640=LINE('',#17499,#8840);
#7641=LINE('',#17502,#8841);
#7642=LINE('',#17504,#8842);
#7643=LINE('',#17506,#8843);
#7644=LINE('',#17510,#8844);
#7645=LINE('',#17514,#8845);
#7646=LINE('',#17516,#8846);
#7647=LINE('',#17518,#8847);
#7648=LINE('',#17522,#8848);
#7649=LINE('',#17526,#8849);
#7650=LINE('',#17528,#8850);
#7651=LINE('',#17530,#8851);
#7652=LINE('',#17534,#8852);
#7653=LINE('',#17538,#8853);
#7654=LINE('',#17540,#8854);
#7655=LINE('',#17542,#8855);
#7656=LINE('',#17544,#8856);
#7657=LINE('',#17547,#8857);
#7658=LINE('',#17549,#8858);
#7659=LINE('',#17551,#8859);
#7660=LINE('',#17555,#8860);
#7661=LINE('',#17559,#8861);
#7662=LINE('',#17561,#8862);
#7663=LINE('',#17563,#8863);
#7664=LINE('',#17567,#8864);
#7665=LINE('',#17571,#8865);
#7666=LINE('',#17573,#8866);
#7667=LINE('',#17575,#8867);
#7668=LINE('',#17579,#8868);
#7669=LINE('',#17583,#8869);
#7670=LINE('',#17585,#8870);
#7671=LINE('',#17587,#8871);
#7672=LINE('',#17589,#8872);
#7673=LINE('',#17592,#8873);
#7674=LINE('',#17594,#8874);
#7675=LINE('',#17596,#8875);
#7676=LINE('',#17600,#8876);
#7677=LINE('',#17604,#8877);
#7678=LINE('',#17606,#8878);
#7679=LINE('',#17608,#8879);
#7680=LINE('',#17612,#8880);
#7681=LINE('',#17616,#8881);
#7682=LINE('',#17618,#8882);
#7683=LINE('',#17620,#8883);
#7684=LINE('',#17624,#8884);
#7685=LINE('',#17628,#8885);
#7686=LINE('',#17630,#8886);
#7687=LINE('',#17632,#8887);
#7688=LINE('',#17634,#8888);
#7689=LINE('',#17637,#8889);
#7690=LINE('',#17639,#8890);
#7691=LINE('',#17641,#8891);
#7692=LINE('',#17645,#8892);
#7693=LINE('',#17649,#8893);
#7694=LINE('',#17651,#8894);
#7695=LINE('',#17653,#8895);
#7696=LINE('',#17657,#8896);
#7697=LINE('',#17661,#8897);
#7698=LINE('',#17663,#8898);
#7699=LINE('',#17665,#8899);
#7700=LINE('',#17669,#8900);
#7701=LINE('',#17673,#8901);
#7702=LINE('',#17675,#8902);
#7703=LINE('',#17677,#8903);
#7704=LINE('',#17679,#8904);
#7705=LINE('',#17682,#8905);
#7706=LINE('',#17684,#8906);
#7707=LINE('',#17686,#8907);
#7708=LINE('',#17690,#8908);
#7709=LINE('',#17694,#8909);
#7710=LINE('',#17696,#8910);
#7711=LINE('',#17698,#8911);
#7712=LINE('',#17702,#8912);
#7713=LINE('',#17706,#8913);
#7714=LINE('',#17708,#8914);
#7715=LINE('',#17710,#8915);
#7716=LINE('',#17714,#8916);
#7717=LINE('',#17718,#8917);
#7718=LINE('',#17720,#8918);
#7719=LINE('',#17722,#8919);
#7720=LINE('',#17724,#8920);
#7721=LINE('',#17727,#8921);
#7722=LINE('',#17729,#8922);
#7723=LINE('',#17731,#8923);
#7724=LINE('',#17735,#8924);
#7725=LINE('',#17739,#8925);
#7726=LINE('',#17741,#8926);
#7727=LINE('',#17743,#8927);
#7728=LINE('',#17747,#8928);
#7729=LINE('',#17751,#8929);
#7730=LINE('',#17753,#8930);
#7731=LINE('',#17755,#8931);
#7732=LINE('',#17759,#8932);
#7733=LINE('',#17763,#8933);
#7734=LINE('',#17765,#8934);
#7735=LINE('',#17767,#8935);
#7736=LINE('',#17769,#8936);
#7737=LINE('',#17772,#8937);
#7738=LINE('',#17774,#8938);
#7739=LINE('',#17776,#8939);
#7740=LINE('',#17780,#8940);
#7741=LINE('',#17784,#8941);
#7742=LINE('',#17786,#8942);
#7743=LINE('',#17788,#8943);
#7744=LINE('',#17792,#8944);
#7745=LINE('',#17796,#8945);
#7746=LINE('',#17798,#8946);
#7747=LINE('',#17800,#8947);
#7748=LINE('',#17804,#8948);
#7749=LINE('',#17808,#8949);
#7750=LINE('',#17810,#8950);
#7751=LINE('',#17812,#8951);
#7752=LINE('',#17814,#8952);
#7753=LINE('',#17817,#8953);
#7754=LINE('',#17819,#8954);
#7755=LINE('',#17821,#8955);
#7756=LINE('',#17825,#8956);
#7757=LINE('',#17829,#8957);
#7758=LINE('',#17831,#8958);
#7759=LINE('',#17833,#8959);
#7760=LINE('',#17837,#8960);
#7761=LINE('',#17841,#8961);
#7762=LINE('',#17843,#8962);
#7763=LINE('',#17845,#8963);
#7764=LINE('',#17849,#8964);
#7765=LINE('',#17853,#8965);
#7766=LINE('',#17855,#8966);
#7767=LINE('',#17857,#8967);
#7768=LINE('',#17859,#8968);
#7769=LINE('',#17862,#8969);
#7770=LINE('',#17864,#8970);
#7771=LINE('',#17866,#8971);
#7772=LINE('',#17870,#8972);
#7773=LINE('',#17874,#8973);
#7774=LINE('',#17876,#8974);
#7775=LINE('',#17878,#8975);
#7776=LINE('',#17882,#8976);
#7777=LINE('',#17886,#8977);
#7778=LINE('',#17888,#8978);
#7779=LINE('',#17890,#8979);
#7780=LINE('',#17894,#8980);
#7781=LINE('',#17898,#8981);
#7782=LINE('',#17900,#8982);
#7783=LINE('',#17902,#8983);
#7784=LINE('',#17904,#8984);
#7785=LINE('',#17907,#8985);
#7786=LINE('',#17909,#8986);
#7787=LINE('',#17911,#8987);
#7788=LINE('',#17915,#8988);
#7789=LINE('',#17919,#8989);
#7790=LINE('',#17921,#8990);
#7791=LINE('',#17923,#8991);
#7792=LINE('',#17927,#8992);
#7793=LINE('',#17931,#8993);
#7794=LINE('',#17933,#8994);
#7795=LINE('',#17935,#8995);
#7796=LINE('',#17939,#8996);
#7797=LINE('',#17943,#8997);
#7798=LINE('',#17945,#8998);
#7799=LINE('',#17947,#8999);
#7800=LINE('',#17949,#9000);
#7801=LINE('',#17952,#9001);
#7802=LINE('',#17954,#9002);
#7803=LINE('',#17956,#9003);
#7804=LINE('',#17960,#9004);
#7805=LINE('',#17964,#9005);
#7806=LINE('',#17966,#9006);
#7807=LINE('',#17968,#9007);
#7808=LINE('',#17972,#9008);
#7809=LINE('',#17976,#9009);
#7810=LINE('',#17978,#9010);
#7811=LINE('',#17980,#9011);
#7812=LINE('',#17984,#9012);
#7813=LINE('',#17988,#9013);
#7814=LINE('',#17990,#9014);
#7815=LINE('',#17992,#9015);
#7816=LINE('',#17994,#9016);
#7817=LINE('',#17997,#9017);
#7818=LINE('',#17999,#9018);
#7819=LINE('',#18001,#9019);
#7820=LINE('',#18005,#9020);
#7821=LINE('',#18009,#9021);
#7822=LINE('',#18011,#9022);
#7823=LINE('',#18013,#9023);
#7824=LINE('',#18017,#9024);
#7825=LINE('',#18021,#9025);
#7826=LINE('',#18023,#9026);
#7827=LINE('',#18025,#9027);
#7828=LINE('',#18029,#9028);
#7829=LINE('',#18033,#9029);
#7830=LINE('',#18035,#9030);
#7831=LINE('',#18037,#9031);
#7832=LINE('',#18039,#9032);
#7833=LINE('',#18042,#9033);
#7834=LINE('',#18044,#9034);
#7835=LINE('',#18046,#9035);
#7836=LINE('',#18050,#9036);
#7837=LINE('',#18054,#9037);
#7838=LINE('',#18056,#9038);
#7839=LINE('',#18058,#9039);
#7840=LINE('',#18062,#9040);
#7841=LINE('',#18066,#9041);
#7842=LINE('',#18068,#9042);
#7843=LINE('',#18070,#9043);
#7844=LINE('',#18074,#9044);
#7845=LINE('',#18078,#9045);
#7846=LINE('',#18080,#9046);
#7847=LINE('',#18082,#9047);
#7848=LINE('',#18084,#9048);
#7849=LINE('',#18087,#9049);
#7850=LINE('',#18089,#9050);
#7851=LINE('',#18091,#9051);
#7852=LINE('',#18095,#9052);
#7853=LINE('',#18099,#9053);
#7854=LINE('',#18101,#9054);
#7855=LINE('',#18103,#9055);
#7856=LINE('',#18107,#9056);
#7857=LINE('',#18111,#9057);
#7858=LINE('',#18113,#9058);
#7859=LINE('',#18115,#9059);
#7860=LINE('',#18119,#9060);
#7861=LINE('',#18123,#9061);
#7862=LINE('',#18125,#9062);
#7863=LINE('',#18127,#9063);
#7864=LINE('',#18129,#9064);
#7865=LINE('',#18132,#9065);
#7866=LINE('',#18134,#9066);
#7867=LINE('',#18136,#9067);
#7868=LINE('',#18140,#9068);
#7869=LINE('',#18144,#9069);
#7870=LINE('',#18146,#9070);
#7871=LINE('',#18148,#9071);
#7872=LINE('',#18152,#9072);
#7873=LINE('',#18156,#9073);
#7874=LINE('',#18158,#9074);
#7875=LINE('',#18160,#9075);
#7876=LINE('',#18164,#9076);
#7877=LINE('',#18168,#9077);
#7878=LINE('',#18170,#9078);
#7879=LINE('',#18172,#9079);
#7880=LINE('',#18174,#9080);
#7881=LINE('',#18177,#9081);
#7882=LINE('',#18179,#9082);
#7883=LINE('',#18181,#9083);
#7884=LINE('',#18185,#9084);
#7885=LINE('',#18189,#9085);
#7886=LINE('',#18191,#9086);
#7887=LINE('',#18193,#9087);
#7888=LINE('',#18197,#9088);
#7889=LINE('',#18201,#9089);
#7890=LINE('',#18203,#9090);
#7891=LINE('',#18205,#9091);
#7892=LINE('',#18209,#9092);
#7893=LINE('',#18213,#9093);
#7894=LINE('',#18215,#9094);
#7895=LINE('',#18217,#9095);
#7896=LINE('',#18219,#9096);
#7897=LINE('',#18222,#9097);
#7898=LINE('',#18224,#9098);
#7899=LINE('',#18226,#9099);
#7900=LINE('',#18230,#9100);
#7901=LINE('',#18234,#9101);
#7902=LINE('',#18236,#9102);
#7903=LINE('',#18238,#9103);
#7904=LINE('',#18242,#9104);
#7905=LINE('',#18246,#9105);
#7906=LINE('',#18248,#9106);
#7907=LINE('',#18250,#9107);
#7908=LINE('',#18254,#9108);
#7909=LINE('',#18258,#9109);
#7910=LINE('',#18260,#9110);
#7911=LINE('',#18262,#9111);
#7912=LINE('',#18264,#9112);
#7913=LINE('',#18267,#9113);
#7914=LINE('',#18269,#9114);
#7915=LINE('',#18271,#9115);
#7916=LINE('',#18275,#9116);
#7917=LINE('',#18279,#9117);
#7918=LINE('',#18281,#9118);
#7919=LINE('',#18283,#9119);
#7920=LINE('',#18287,#9120);
#7921=LINE('',#18291,#9121);
#7922=LINE('',#18293,#9122);
#7923=LINE('',#18295,#9123);
#7924=LINE('',#18299,#9124);
#7925=LINE('',#18303,#9125);
#7926=LINE('',#18305,#9126);
#7927=LINE('',#18307,#9127);
#7928=LINE('',#18309,#9128);
#7929=LINE('',#18312,#9129);
#7930=LINE('',#18314,#9130);
#7931=LINE('',#18316,#9131);
#7932=LINE('',#18320,#9132);
#7933=LINE('',#18324,#9133);
#7934=LINE('',#18326,#9134);
#7935=LINE('',#18328,#9135);
#7936=LINE('',#18332,#9136);
#7937=LINE('',#18336,#9137);
#7938=LINE('',#18338,#9138);
#7939=LINE('',#18340,#9139);
#7940=LINE('',#18344,#9140);
#7941=LINE('',#18348,#9141);
#7942=LINE('',#18350,#9142);
#7943=LINE('',#18352,#9143);
#7944=LINE('',#18354,#9144);
#7945=LINE('',#18357,#9145);
#7946=LINE('',#18359,#9146);
#7947=LINE('',#18361,#9147);
#7948=LINE('',#18365,#9148);
#7949=LINE('',#18369,#9149);
#7950=LINE('',#18371,#9150);
#7951=LINE('',#18373,#9151);
#7952=LINE('',#18377,#9152);
#7953=LINE('',#18381,#9153);
#7954=LINE('',#18383,#9154);
#7955=LINE('',#18385,#9155);
#7956=LINE('',#18389,#9156);
#7957=LINE('',#18393,#9157);
#7958=LINE('',#18395,#9158);
#7959=LINE('',#18397,#9159);
#7960=LINE('',#18399,#9160);
#7961=LINE('',#18402,#9161);
#7962=LINE('',#18404,#9162);
#7963=LINE('',#18406,#9163);
#7964=LINE('',#18410,#9164);
#7965=LINE('',#18414,#9165);
#7966=LINE('',#18416,#9166);
#7967=LINE('',#18418,#9167);
#7968=LINE('',#18422,#9168);
#7969=LINE('',#18426,#9169);
#7970=LINE('',#18428,#9170);
#7971=LINE('',#18430,#9171);
#7972=LINE('',#18434,#9172);
#7973=LINE('',#18438,#9173);
#7974=LINE('',#18440,#9174);
#7975=LINE('',#18442,#9175);
#7976=LINE('',#18444,#9176);
#7977=LINE('',#18447,#9177);
#7978=LINE('',#18449,#9178);
#7979=LINE('',#18451,#9179);
#7980=LINE('',#18455,#9180);
#7981=LINE('',#18459,#9181);
#7982=LINE('',#18461,#9182);
#7983=LINE('',#18463,#9183);
#7984=LINE('',#18467,#9184);
#7985=LINE('',#18471,#9185);
#7986=LINE('',#18473,#9186);
#7987=LINE('',#18475,#9187);
#7988=LINE('',#18479,#9188);
#7989=LINE('',#18483,#9189);
#7990=LINE('',#18485,#9190);
#7991=LINE('',#18487,#9191);
#7992=LINE('',#18489,#9192);
#7993=LINE('',#18492,#9193);
#7994=LINE('',#18494,#9194);
#7995=LINE('',#18496,#9195);
#7996=LINE('',#18500,#9196);
#7997=LINE('',#18504,#9197);
#7998=LINE('',#18506,#9198);
#7999=LINE('',#18508,#9199);
#8000=LINE('',#18512,#9200);
#8001=LINE('',#18516,#9201);
#8002=LINE('',#18518,#9202);
#8003=LINE('',#18520,#9203);
#8004=LINE('',#18524,#9204);
#8005=LINE('',#18528,#9205);
#8006=LINE('',#18530,#9206);
#8007=LINE('',#18532,#9207);
#8008=LINE('',#18534,#9208);
#8009=LINE('',#18537,#9209);
#8010=LINE('',#18539,#9210);
#8011=LINE('',#18541,#9211);
#8012=LINE('',#18545,#9212);
#8013=LINE('',#18549,#9213);
#8014=LINE('',#18551,#9214);
#8015=LINE('',#18553,#9215);
#8016=LINE('',#18557,#9216);
#8017=LINE('',#18561,#9217);
#8018=LINE('',#18563,#9218);
#8019=LINE('',#18565,#9219);
#8020=LINE('',#18569,#9220);
#8021=LINE('',#18573,#9221);
#8022=LINE('',#18575,#9222);
#8023=LINE('',#18577,#9223);
#8024=LINE('',#18579,#9224);
#8025=LINE('',#18582,#9225);
#8026=LINE('',#18584,#9226);
#8027=LINE('',#18586,#9227);
#8028=LINE('',#18590,#9228);
#8029=LINE('',#18594,#9229);
#8030=LINE('',#18596,#9230);
#8031=LINE('',#18598,#9231);
#8032=LINE('',#18602,#9232);
#8033=LINE('',#18606,#9233);
#8034=LINE('',#18608,#9234);
#8035=LINE('',#18610,#9235);
#8036=LINE('',#18614,#9236);
#8037=LINE('',#18618,#9237);
#8038=LINE('',#18620,#9238);
#8039=LINE('',#18622,#9239);
#8040=LINE('',#18624,#9240);
#8041=LINE('',#18627,#9241);
#8042=LINE('',#18629,#9242);
#8043=LINE('',#18631,#9243);
#8044=LINE('',#18635,#9244);
#8045=LINE('',#18639,#9245);
#8046=LINE('',#18641,#9246);
#8047=LINE('',#18643,#9247);
#8048=LINE('',#18647,#9248);
#8049=LINE('',#18651,#9249);
#8050=LINE('',#18653,#9250);
#8051=LINE('',#18655,#9251);
#8052=LINE('',#18659,#9252);
#8053=LINE('',#18663,#9253);
#8054=LINE('',#18665,#9254);
#8055=LINE('',#18667,#9255);
#8056=LINE('',#18669,#9256);
#8057=LINE('',#18672,#9257);
#8058=LINE('',#18674,#9258);
#8059=LINE('',#18676,#9259);
#8060=LINE('',#18680,#9260);
#8061=LINE('',#18684,#9261);
#8062=LINE('',#18686,#9262);
#8063=LINE('',#18688,#9263);
#8064=LINE('',#18692,#9264);
#8065=LINE('',#18696,#9265);
#8066=LINE('',#18698,#9266);
#8067=LINE('',#18700,#9267);
#8068=LINE('',#18704,#9268);
#8069=LINE('',#18708,#9269);
#8070=LINE('',#18710,#9270);
#8071=LINE('',#18712,#9271);
#8072=LINE('',#18714,#9272);
#8073=LINE('',#18717,#9273);
#8074=LINE('',#18719,#9274);
#8075=LINE('',#18721,#9275);
#8076=LINE('',#18725,#9276);
#8077=LINE('',#18729,#9277);
#8078=LINE('',#18731,#9278);
#8079=LINE('',#18733,#9279);
#8080=LINE('',#18737,#9280);
#8081=LINE('',#18741,#9281);
#8082=LINE('',#18743,#9282);
#8083=LINE('',#18745,#9283);
#8084=LINE('',#18749,#9284);
#8085=LINE('',#18753,#9285);
#8086=LINE('',#18755,#9286);
#8087=LINE('',#18757,#9287);
#8088=LINE('',#18759,#9288);
#8089=LINE('',#18762,#9289);
#8090=LINE('',#18764,#9290);
#8091=LINE('',#18766,#9291);
#8092=LINE('',#18770,#9292);
#8093=LINE('',#18774,#9293);
#8094=LINE('',#18776,#9294);
#8095=LINE('',#18778,#9295);
#8096=LINE('',#18782,#9296);
#8097=LINE('',#18786,#9297);
#8098=LINE('',#18788,#9298);
#8099=LINE('',#18790,#9299);
#8100=LINE('',#18794,#9300);
#8101=LINE('',#18798,#9301);
#8102=LINE('',#18800,#9302);
#8103=LINE('',#18802,#9303);
#8104=LINE('',#18804,#9304);
#8105=LINE('',#18807,#9305);
#8106=LINE('',#18809,#9306);
#8107=LINE('',#18811,#9307);
#8108=LINE('',#18815,#9308);
#8109=LINE('',#18819,#9309);
#8110=LINE('',#18821,#9310);
#8111=LINE('',#18823,#9311);
#8112=LINE('',#18827,#9312);
#8113=LINE('',#18831,#9313);
#8114=LINE('',#18833,#9314);
#8115=LINE('',#18835,#9315);
#8116=LINE('',#18839,#9316);
#8117=LINE('',#18843,#9317);
#8118=LINE('',#18845,#9318);
#8119=LINE('',#18847,#9319);
#8120=LINE('',#18849,#9320);
#8121=LINE('',#18852,#9321);
#8122=LINE('',#18854,#9322);
#8123=LINE('',#18856,#9323);
#8124=LINE('',#18860,#9324);
#8125=LINE('',#18864,#9325);
#8126=LINE('',#18866,#9326);
#8127=LINE('',#18868,#9327);
#8128=LINE('',#18872,#9328);
#8129=LINE('',#18876,#9329);
#8130=LINE('',#18878,#9330);
#8131=LINE('',#18880,#9331);
#8132=LINE('',#18884,#9332);
#8133=LINE('',#18888,#9333);
#8134=LINE('',#18890,#9334);
#8135=LINE('',#18892,#9335);
#8136=LINE('',#18894,#9336);
#8137=LINE('',#18897,#9337);
#8138=LINE('',#18899,#9338);
#8139=LINE('',#18901,#9339);
#8140=LINE('',#18905,#9340);
#8141=LINE('',#18909,#9341);
#8142=LINE('',#18911,#9342);
#8143=LINE('',#18913,#9343);
#8144=LINE('',#18917,#9344);
#8145=LINE('',#18921,#9345);
#8146=LINE('',#18923,#9346);
#8147=LINE('',#18925,#9347);
#8148=LINE('',#18929,#9348);
#8149=LINE('',#18933,#9349);
#8150=LINE('',#18935,#9350);
#8151=LINE('',#18937,#9351);
#8152=LINE('',#18939,#9352);
#8153=LINE('',#18942,#9353);
#8154=LINE('',#18944,#9354);
#8155=LINE('',#18946,#9355);
#8156=LINE('',#18950,#9356);
#8157=LINE('',#18954,#9357);
#8158=LINE('',#18956,#9358);
#8159=LINE('',#18958,#9359);
#8160=LINE('',#18962,#9360);
#8161=LINE('',#18966,#9361);
#8162=LINE('',#18968,#9362);
#8163=LINE('',#18970,#9363);
#8164=LINE('',#18974,#9364);
#8165=LINE('',#18978,#9365);
#8166=LINE('',#18980,#9366);
#8167=LINE('',#18982,#9367);
#8168=LINE('',#18984,#9368);
#8169=LINE('',#18987,#9369);
#8170=LINE('',#18989,#9370);
#8171=LINE('',#18991,#9371);
#8172=LINE('',#18995,#9372);
#8173=LINE('',#18999,#9373);
#8174=LINE('',#19001,#9374);
#8175=LINE('',#19003,#9375);
#8176=LINE('',#19007,#9376);
#8177=LINE('',#19011,#9377);
#8178=LINE('',#19013,#9378);
#8179=LINE('',#19015,#9379);
#8180=LINE('',#19019,#9380);
#8181=LINE('',#19023,#9381);
#8182=LINE('',#19025,#9382);
#8183=LINE('',#19027,#9383);
#8184=LINE('',#19029,#9384);
#8185=LINE('',#19032,#9385);
#8186=LINE('',#19034,#9386);
#8187=LINE('',#19036,#9387);
#8188=LINE('',#19040,#9388);
#8189=LINE('',#19044,#9389);
#8190=LINE('',#19046,#9390);
#8191=LINE('',#19048,#9391);
#8192=LINE('',#19052,#9392);
#8193=LINE('',#19056,#9393);
#8194=LINE('',#19058,#9394);
#8195=LINE('',#19060,#9395);
#8196=LINE('',#19064,#9396);
#8197=LINE('',#19068,#9397);
#8198=LINE('',#19070,#9398);
#8199=LINE('',#19072,#9399);
#8200=LINE('',#19074,#9400);
#8201=LINE('',#19077,#9401);
#8202=LINE('',#19079,#9402);
#8203=LINE('',#19081,#9403);
#8204=LINE('',#19085,#9404);
#8205=LINE('',#19089,#9405);
#8206=LINE('',#19091,#9406);
#8207=LINE('',#19093,#9407);
#8208=LINE('',#19097,#9408);
#8209=LINE('',#19101,#9409);
#8210=LINE('',#19103,#9410);
#8211=LINE('',#19105,#9411);
#8212=LINE('',#19109,#9412);
#8213=LINE('',#19113,#9413);
#8214=LINE('',#19115,#9414);
#8215=LINE('',#19117,#9415);
#8216=LINE('',#19119,#9416);
#8217=LINE('',#19122,#9417);
#8218=LINE('',#19124,#9418);
#8219=LINE('',#19126,#9419);
#8220=LINE('',#19130,#9420);
#8221=LINE('',#19134,#9421);
#8222=LINE('',#19136,#9422);
#8223=LINE('',#19138,#9423);
#8224=LINE('',#19142,#9424);
#8225=LINE('',#19146,#9425);
#8226=LINE('',#19148,#9426);
#8227=LINE('',#19150,#9427);
#8228=LINE('',#19154,#9428);
#8229=LINE('',#19158,#9429);
#8230=LINE('',#19160,#9430);
#8231=LINE('',#19162,#9431);
#8232=LINE('',#19164,#9432);
#8233=LINE('',#19167,#9433);
#8234=LINE('',#19169,#9434);
#8235=LINE('',#19171,#9435);
#8236=LINE('',#19175,#9436);
#8237=LINE('',#19179,#9437);
#8238=LINE('',#19181,#9438);
#8239=LINE('',#19183,#9439);
#8240=LINE('',#19187,#9440);
#8241=LINE('',#19191,#9441);
#8242=LINE('',#19193,#9442);
#8243=LINE('',#19195,#9443);
#8244=LINE('',#19199,#9444);
#8245=LINE('',#19203,#9445);
#8246=LINE('',#19205,#9446);
#8247=LINE('',#19207,#9447);
#8248=LINE('',#19209,#9448);
#8249=LINE('',#19212,#9449);
#8250=LINE('',#19214,#9450);
#8251=LINE('',#19216,#9451);
#8252=LINE('',#19220,#9452);
#8253=LINE('',#19224,#9453);
#8254=LINE('',#19226,#9454);
#8255=LINE('',#19228,#9455);
#8256=LINE('',#19232,#9456);
#8257=LINE('',#19236,#9457);
#8258=LINE('',#19238,#9458);
#8259=LINE('',#19240,#9459);
#8260=LINE('',#19244,#9460);
#8261=LINE('',#19248,#9461);
#8262=LINE('',#19250,#9462);
#8263=LINE('',#19252,#9463);
#8264=LINE('',#19254,#9464);
#8265=LINE('',#19257,#9465);
#8266=LINE('',#19259,#9466);
#8267=LINE('',#19261,#9467);
#8268=LINE('',#19265,#9468);
#8269=LINE('',#19269,#9469);
#8270=LINE('',#19271,#9470);
#8271=LINE('',#19273,#9471);
#8272=LINE('',#19277,#9472);
#8273=LINE('',#19281,#9473);
#8274=LINE('',#19283,#9474);
#8275=LINE('',#19285,#9475);
#8276=LINE('',#19289,#9476);
#8277=LINE('',#19293,#9477);
#8278=LINE('',#19295,#9478);
#8279=LINE('',#19297,#9479);
#8280=LINE('',#19299,#9480);
#8281=LINE('',#19302,#9481);
#8282=LINE('',#19304,#9482);
#8283=LINE('',#19306,#9483);
#8284=LINE('',#19310,#9484);
#8285=LINE('',#19314,#9485);
#8286=LINE('',#19316,#9486);
#8287=LINE('',#19318,#9487);
#8288=LINE('',#19322,#9488);
#8289=LINE('',#19326,#9489);
#8290=LINE('',#19328,#9490);
#8291=LINE('',#19330,#9491);
#8292=LINE('',#19334,#9492);
#8293=LINE('',#19338,#9493);
#8294=LINE('',#19340,#9494);
#8295=LINE('',#19342,#9495);
#8296=LINE('',#19344,#9496);
#8297=LINE('',#19347,#9497);
#8298=LINE('',#19349,#9498);
#8299=LINE('',#19351,#9499);
#8300=LINE('',#19355,#9500);
#8301=LINE('',#19359,#9501);
#8302=LINE('',#19361,#9502);
#8303=LINE('',#19363,#9503);
#8304=LINE('',#19367,#9504);
#8305=LINE('',#19371,#9505);
#8306=LINE('',#19373,#9506);
#8307=LINE('',#19375,#9507);
#8308=LINE('',#19379,#9508);
#8309=LINE('',#19383,#9509);
#8310=LINE('',#19385,#9510);
#8311=LINE('',#19387,#9511);
#8312=LINE('',#19389,#9512);
#8313=LINE('',#19392,#9513);
#8314=LINE('',#19394,#9514);
#8315=LINE('',#19396,#9515);
#8316=LINE('',#19400,#9516);
#8317=LINE('',#19404,#9517);
#8318=LINE('',#19406,#9518);
#8319=LINE('',#19408,#9519);
#8320=LINE('',#19412,#9520);
#8321=LINE('',#19416,#9521);
#8322=LINE('',#19418,#9522);
#8323=LINE('',#19420,#9523);
#8324=LINE('',#19424,#9524);
#8325=LINE('',#19428,#9525);
#8326=LINE('',#19430,#9526);
#8327=LINE('',#19432,#9527);
#8328=LINE('',#19434,#9528);
#8329=LINE('',#19437,#9529);
#8330=LINE('',#19439,#9530);
#8331=LINE('',#19441,#9531);
#8332=LINE('',#19445,#9532);
#8333=LINE('',#19449,#9533);
#8334=LINE('',#19451,#9534);
#8335=LINE('',#19453,#9535);
#8336=LINE('',#19457,#9536);
#8337=LINE('',#19461,#9537);
#8338=LINE('',#19463,#9538);
#8339=LINE('',#19465,#9539);
#8340=LINE('',#19469,#9540);
#8341=LINE('',#19473,#9541);
#8342=LINE('',#19475,#9542);
#8343=LINE('',#19477,#9543);
#8344=LINE('',#19479,#9544);
#8345=LINE('',#19482,#9545);
#8346=LINE('',#19484,#9546);
#8347=LINE('',#19486,#9547);
#8348=LINE('',#19490,#9548);
#8349=LINE('',#19494,#9549);
#8350=LINE('',#19496,#9550);
#8351=LINE('',#19498,#9551);
#8352=LINE('',#19502,#9552);
#8353=LINE('',#19506,#9553);
#8354=LINE('',#19508,#9554);
#8355=LINE('',#19510,#9555);
#8356=LINE('',#19514,#9556);
#8357=LINE('',#19518,#9557);
#8358=LINE('',#19520,#9558);
#8359=LINE('',#19522,#9559);
#8360=LINE('',#19524,#9560);
#8361=LINE('',#19527,#9561);
#8362=LINE('',#19529,#9562);
#8363=LINE('',#19531,#9563);
#8364=LINE('',#19535,#9564);
#8365=LINE('',#19539,#9565);
#8366=LINE('',#19541,#9566);
#8367=LINE('',#19543,#9567);
#8368=LINE('',#19547,#9568);
#8369=LINE('',#19551,#9569);
#8370=LINE('',#19553,#9570);
#8371=LINE('',#19555,#9571);
#8372=LINE('',#19559,#9572);
#8373=LINE('',#19563,#9573);
#8374=LINE('',#19565,#9574);
#8375=LINE('',#19567,#9575);
#8376=LINE('',#19569,#9576);
#8377=LINE('',#19572,#9577);
#8378=LINE('',#19574,#9578);
#8379=LINE('',#19576,#9579);
#8380=LINE('',#19580,#9580);
#8381=LINE('',#19584,#9581);
#8382=LINE('',#19586,#9582);
#8383=LINE('',#19588,#9583);
#8384=LINE('',#19592,#9584);
#8385=LINE('',#19596,#9585);
#8386=LINE('',#19598,#9586);
#8387=LINE('',#19600,#9587);
#8388=LINE('',#19604,#9588);
#8389=LINE('',#19608,#9589);
#8390=LINE('',#19610,#9590);
#8391=LINE('',#19612,#9591);
#8392=LINE('',#19614,#9592);
#8393=LINE('',#19617,#9593);
#8394=LINE('',#19619,#9594);
#8395=LINE('',#19621,#9595);
#8396=LINE('',#19625,#9596);
#8397=LINE('',#19629,#9597);
#8398=LINE('',#19631,#9598);
#8399=LINE('',#19633,#9599);
#8400=LINE('',#19637,#9600);
#8401=LINE('',#19641,#9601);
#8402=LINE('',#19643,#9602);
#8403=LINE('',#19645,#9603);
#8404=LINE('',#19649,#9604);
#8405=LINE('',#19653,#9605);
#8406=LINE('',#19655,#9606);
#8407=LINE('',#19657,#9607);
#8408=LINE('',#19659,#9608);
#8409=LINE('',#19662,#9609);
#8410=LINE('',#19664,#9610);
#8411=LINE('',#19666,#9611);
#8412=LINE('',#19670,#9612);
#8413=LINE('',#19674,#9613);
#8414=LINE('',#19676,#9614);
#8415=LINE('',#19678,#9615);
#8416=LINE('',#19682,#9616);
#8417=LINE('',#19686,#9617);
#8418=LINE('',#19688,#9618);
#8419=LINE('',#19690,#9619);
#8420=LINE('',#19694,#9620);
#8421=LINE('',#19698,#9621);
#8422=LINE('',#19700,#9622);
#8423=LINE('',#19702,#9623);
#8424=LINE('',#19704,#9624);
#8425=LINE('',#19707,#9625);
#8426=LINE('',#19709,#9626);
#8427=LINE('',#19711,#9627);
#8428=LINE('',#19715,#9628);
#8429=LINE('',#19719,#9629);
#8430=LINE('',#19721,#9630);
#8431=LINE('',#19723,#9631);
#8432=LINE('',#19727,#9632);
#8433=LINE('',#19731,#9633);
#8434=LINE('',#19733,#9634);
#8435=LINE('',#19735,#9635);
#8436=LINE('',#19739,#9636);
#8437=LINE('',#19743,#9637);
#8438=LINE('',#19745,#9638);
#8439=LINE('',#19747,#9639);
#8440=LINE('',#19749,#9640);
#8441=LINE('',#19752,#9641);
#8442=LINE('',#19754,#9642);
#8443=LINE('',#19756,#9643);
#8444=LINE('',#19760,#9644);
#8445=LINE('',#19764,#9645);
#8446=LINE('',#19766,#9646);
#8447=LINE('',#19768,#9647);
#8448=LINE('',#19772,#9648);
#8449=LINE('',#19776,#9649);
#8450=LINE('',#19778,#9650);
#8451=LINE('',#19780,#9651);
#8452=LINE('',#19784,#9652);
#8453=LINE('',#19788,#9653);
#8454=LINE('',#19790,#9654);
#8455=LINE('',#19792,#9655);
#8456=LINE('',#19794,#9656);
#8457=LINE('',#19797,#9657);
#8458=LINE('',#19799,#9658);
#8459=LINE('',#19801,#9659);
#8460=LINE('',#19805,#9660);
#8461=LINE('',#19809,#9661);
#8462=LINE('',#19811,#9662);
#8463=LINE('',#19813,#9663);
#8464=LINE('',#19817,#9664);
#8465=LINE('',#19821,#9665);
#8466=LINE('',#19823,#9666);
#8467=LINE('',#19825,#9667);
#8468=LINE('',#19829,#9668);
#8469=LINE('',#19833,#9669);
#8470=LINE('',#19835,#9670);
#8471=LINE('',#19837,#9671);
#8472=LINE('',#19839,#9672);
#8473=LINE('',#19842,#9673);
#8474=LINE('',#19844,#9674);
#8475=LINE('',#19846,#9675);
#8476=LINE('',#19850,#9676);
#8477=LINE('',#19854,#9677);
#8478=LINE('',#19856,#9678);
#8479=LINE('',#19858,#9679);
#8480=LINE('',#19862,#9680);
#8481=LINE('',#19866,#9681);
#8482=LINE('',#19868,#9682);
#8483=LINE('',#19870,#9683);
#8484=LINE('',#19874,#9684);
#8485=LINE('',#19878,#9685);
#8486=LINE('',#19880,#9686);
#8487=LINE('',#19882,#9687);
#8488=LINE('',#19884,#9688);
#8489=LINE('',#19887,#9689);
#8490=LINE('',#19889,#9690);
#8491=LINE('',#19891,#9691);
#8492=LINE('',#19895,#9692);
#8493=LINE('',#19899,#9693);
#8494=LINE('',#19901,#9694);
#8495=LINE('',#19903,#9695);
#8496=LINE('',#19907,#9696);
#8497=LINE('',#19911,#9697);
#8498=LINE('',#19913,#9698);
#8499=LINE('',#19915,#9699);
#8500=LINE('',#19919,#9700);
#8501=LINE('',#19923,#9701);
#8502=LINE('',#19925,#9702);
#8503=LINE('',#19927,#9703);
#8504=LINE('',#19929,#9704);
#8505=LINE('',#19932,#9705);
#8506=LINE('',#19934,#9706);
#8507=LINE('',#19936,#9707);
#8508=LINE('',#19940,#9708);
#8509=LINE('',#19944,#9709);
#8510=LINE('',#19946,#9710);
#8511=LINE('',#19948,#9711);
#8512=LINE('',#19952,#9712);
#8513=LINE('',#19956,#9713);
#8514=LINE('',#19958,#9714);
#8515=LINE('',#19960,#9715);
#8516=LINE('',#19964,#9716);
#8517=LINE('',#19968,#9717);
#8518=LINE('',#19970,#9718);
#8519=LINE('',#19972,#9719);
#8520=LINE('',#19974,#9720);
#8521=LINE('',#19977,#9721);
#8522=LINE('',#19979,#9722);
#8523=LINE('',#19981,#9723);
#8524=LINE('',#19985,#9724);
#8525=LINE('',#19989,#9725);
#8526=LINE('',#19991,#9726);
#8527=LINE('',#19993,#9727);
#8528=LINE('',#19997,#9728);
#8529=LINE('',#20001,#9729);
#8530=LINE('',#20003,#9730);
#8531=LINE('',#20005,#9731);
#8532=LINE('',#20009,#9732);
#8533=LINE('',#20013,#9733);
#8534=LINE('',#20015,#9734);
#8535=LINE('',#20017,#9735);
#8536=LINE('',#20019,#9736);
#8537=LINE('',#20022,#9737);
#8538=LINE('',#20024,#9738);
#8539=LINE('',#20026,#9739);
#8540=LINE('',#20030,#9740);
#8541=LINE('',#20034,#9741);
#8542=LINE('',#20036,#9742);
#8543=LINE('',#20038,#9743);
#8544=LINE('',#20042,#9744);
#8545=LINE('',#20046,#9745);
#8546=LINE('',#20048,#9746);
#8547=LINE('',#20050,#9747);
#8548=LINE('',#20054,#9748);
#8549=LINE('',#20058,#9749);
#8550=LINE('',#20060,#9750);
#8551=LINE('',#20062,#9751);
#8552=LINE('',#20064,#9752);
#8553=LINE('',#20067,#9753);
#8554=LINE('',#20069,#9754);
#8555=LINE('',#20071,#9755);
#8556=LINE('',#20075,#9756);
#8557=LINE('',#20079,#9757);
#8558=LINE('',#20081,#9758);
#8559=LINE('',#20083,#9759);
#8560=LINE('',#20087,#9760);
#8561=LINE('',#20091,#9761);
#8562=LINE('',#20093,#9762);
#8563=LINE('',#20095,#9763);
#8564=LINE('',#20099,#9764);
#8565=LINE('',#20103,#9765);
#8566=LINE('',#20105,#9766);
#8567=LINE('',#20107,#9767);
#8568=LINE('',#20109,#9768);
#8569=LINE('',#20112,#9769);
#8570=LINE('',#20114,#9770);
#8571=LINE('',#20116,#9771);
#8572=LINE('',#20120,#9772);
#8573=LINE('',#20124,#9773);
#8574=LINE('',#20126,#9774);
#8575=LINE('',#20128,#9775);
#8576=LINE('',#20132,#9776);
#8577=LINE('',#20136,#9777);
#8578=LINE('',#20138,#9778);
#8579=LINE('',#20140,#9779);
#8580=LINE('',#20144,#9780);
#8581=LINE('',#20148,#9781);
#8582=LINE('',#20150,#9782);
#8583=LINE('',#20152,#9783);
#8584=LINE('',#20154,#9784);
#8585=LINE('',#20157,#9785);
#8586=LINE('',#20159,#9786);
#8587=LINE('',#20161,#9787);
#8588=LINE('',#20165,#9788);
#8589=LINE('',#20169,#9789);
#8590=LINE('',#20171,#9790);
#8591=LINE('',#20173,#9791);
#8592=LINE('',#20177,#9792);
#8593=LINE('',#20181,#9793);
#8594=LINE('',#20183,#9794);
#8595=LINE('',#20185,#9795);
#8596=LINE('',#20189,#9796);
#8597=LINE('',#20193,#9797);
#8598=LINE('',#20195,#9798);
#8599=LINE('',#20197,#9799);
#8600=LINE('',#20199,#9800);
#8601=LINE('',#20202,#9801);
#8602=LINE('',#20204,#9802);
#8603=LINE('',#20206,#9803);
#8604=LINE('',#20210,#9804);
#8605=LINE('',#20214,#9805);
#8606=LINE('',#20216,#9806);
#8607=LINE('',#20218,#9807);
#8608=LINE('',#20222,#9808);
#8609=LINE('',#20226,#9809);
#8610=LINE('',#20228,#9810);
#8611=LINE('',#20230,#9811);
#8612=LINE('',#20234,#9812);
#8613=LINE('',#20238,#9813);
#8614=LINE('',#20240,#9814);
#8615=LINE('',#20242,#9815);
#8616=LINE('',#20244,#9816);
#8617=LINE('',#20247,#9817);
#8618=LINE('',#20249,#9818);
#8619=LINE('',#20251,#9819);
#8620=LINE('',#20255,#9820);
#8621=LINE('',#20259,#9821);
#8622=LINE('',#20261,#9822);
#8623=LINE('',#20263,#9823);
#8624=LINE('',#20267,#9824);
#8625=LINE('',#20271,#9825);
#8626=LINE('',#20273,#9826);
#8627=LINE('',#20275,#9827);
#8628=LINE('',#20279,#9828);
#8629=LINE('',#20283,#9829);
#8630=LINE('',#20285,#9830);
#8631=LINE('',#20287,#9831);
#8632=LINE('',#20289,#9832);
#8633=LINE('',#20292,#9833);
#8634=LINE('',#20294,#9834);
#8635=LINE('',#20296,#9835);
#8636=LINE('',#20300,#9836);
#8637=LINE('',#20304,#9837);
#8638=LINE('',#20306,#9838);
#8639=LINE('',#20308,#9839);
#8640=LINE('',#20312,#9840);
#8641=LINE('',#20316,#9841);
#8642=LINE('',#20318,#9842);
#8643=LINE('',#20320,#9843);
#8644=LINE('',#20324,#9844);
#8645=LINE('',#20328,#9845);
#8646=LINE('',#20330,#9846);
#8647=LINE('',#20332,#9847);
#8648=LINE('',#20334,#9848);
#8649=LINE('',#20337,#9849);
#8650=LINE('',#20339,#9850);
#8651=LINE('',#20341,#9851);
#8652=LINE('',#20345,#9852);
#8653=LINE('',#20349,#9853);
#8654=LINE('',#20351,#9854);
#8655=LINE('',#20353,#9855);
#8656=LINE('',#20357,#9856);
#8657=LINE('',#20361,#9857);
#8658=LINE('',#20363,#9858);
#8659=LINE('',#20365,#9859);
#8660=LINE('',#20369,#9860);
#8661=LINE('',#20373,#9861);
#8662=LINE('',#20375,#9862);
#8663=LINE('',#20377,#9863);
#8664=LINE('',#20379,#9864);
#8665=LINE('',#20382,#9865);
#8666=LINE('',#20384,#9866);
#8667=LINE('',#20386,#9867);
#8668=LINE('',#20390,#9868);
#8669=LINE('',#20394,#9869);
#8670=LINE('',#20396,#9870);
#8671=LINE('',#20398,#9871);
#8672=LINE('',#20402,#9872);
#8673=LINE('',#20406,#9873);
#8674=LINE('',#20408,#9874);
#8675=LINE('',#20410,#9875);
#8676=LINE('',#20414,#9876);
#8677=LINE('',#20418,#9877);
#8678=LINE('',#20420,#9878);
#8679=LINE('',#20422,#9879);
#8680=LINE('',#20424,#9880);
#8681=LINE('',#20427,#9881);
#8682=LINE('',#20429,#9882);
#8683=LINE('',#20431,#9883);
#8684=LINE('',#20435,#9884);
#8685=LINE('',#20439,#9885);
#8686=LINE('',#20441,#9886);
#8687=LINE('',#20443,#9887);
#8688=LINE('',#20447,#9888);
#8689=LINE('',#20451,#9889);
#8690=LINE('',#20453,#9890);
#8691=LINE('',#20455,#9891);
#8692=LINE('',#20459,#9892);
#8693=LINE('',#20463,#9893);
#8694=LINE('',#20465,#9894);
#8695=LINE('',#20467,#9895);
#8696=LINE('',#20469,#9896);
#8697=LINE('',#20472,#9897);
#8698=LINE('',#20474,#9898);
#8699=LINE('',#20476,#9899);
#8700=LINE('',#20478,#9900);
#8701=LINE('',#20481,#9901);
#8702=LINE('',#20483,#9902);
#8703=LINE('',#20485,#9903);
#8704=LINE('',#20487,#9904);
#8705=LINE('',#20490,#9905);
#8706=LINE('',#20492,#9906);
#8707=LINE('',#20494,#9907);
#8708=LINE('',#20715,#9908);
#8709=LINE('',#20718,#9909);
#8710=LINE('',#20720,#9910);
#8711=LINE('',#20722,#9911);
#8712=VECTOR('',#13535,1.);
#8713=VECTOR('',#13536,1.);
#8714=VECTOR('',#13537,1.);
#8715=VECTOR('',#13538,1.);
#8716=VECTOR('',#13543,1.);
#8717=VECTOR('',#13548,1.);
#8718=VECTOR('',#13549,1.);
#8719=VECTOR('',#13550,1.);
#8720=VECTOR('',#13555,1.);
#8721=VECTOR('',#13560,1.);
#8722=VECTOR('',#13561,1.);
#8723=VECTOR('',#13562,1.);
#8724=VECTOR('',#13567,1.);
#8725=VECTOR('',#13572,1.);
#8726=VECTOR('',#13573,1.);
#8727=VECTOR('',#13574,1.);
#8728=VECTOR('',#13577,1.);
#8729=VECTOR('',#13578,1.);
#8730=VECTOR('',#13579,1.);
#8731=VECTOR('',#13580,1.);
#8732=VECTOR('',#13585,1.);
#8733=VECTOR('',#13590,1.);
#8734=VECTOR('',#13591,1.);
#8735=VECTOR('',#13592,1.);
#8736=VECTOR('',#13597,1.);
#8737=VECTOR('',#13602,1.);
#8738=VECTOR('',#13603,1.);
#8739=VECTOR('',#13604,1.);
#8740=VECTOR('',#13609,1.);
#8741=VECTOR('',#13614,1.);
#8742=VECTOR('',#13615,1.);
#8743=VECTOR('',#13616,1.);
#8744=VECTOR('',#13619,1.);
#8745=VECTOR('',#13620,1.);
#8746=VECTOR('',#13621,1.);
#8747=VECTOR('',#13622,1.);
#8748=VECTOR('',#13627,1.);
#8749=VECTOR('',#13632,1.);
#8750=VECTOR('',#13633,1.);
#8751=VECTOR('',#13634,1.);
#8752=VECTOR('',#13639,1.);
#8753=VECTOR('',#13644,1.);
#8754=VECTOR('',#13645,1.);
#8755=VECTOR('',#13646,1.);
#8756=VECTOR('',#13651,1.);
#8757=VECTOR('',#13656,1.);
#8758=VECTOR('',#13657,1.);
#8759=VECTOR('',#13658,1.);
#8760=VECTOR('',#13661,1.);
#8761=VECTOR('',#13662,1.);
#8762=VECTOR('',#13663,1.);
#8763=VECTOR('',#13664,1.);
#8764=VECTOR('',#13669,1.);
#8765=VECTOR('',#13674,1.);
#8766=VECTOR('',#13675,1.);
#8767=VECTOR('',#13676,1.);
#8768=VECTOR('',#13681,1.);
#8769=VECTOR('',#13686,1.);
#8770=VECTOR('',#13687,1.);
#8771=VECTOR('',#13688,1.);
#8772=VECTOR('',#13693,1.);
#8773=VECTOR('',#13698,1.);
#8774=VECTOR('',#13699,1.);
#8775=VECTOR('',#13700,1.);
#8776=VECTOR('',#13703,1.);
#8777=VECTOR('',#13704,1.);
#8778=VECTOR('',#13705,1.);
#8779=VECTOR('',#13706,1.);
#8780=VECTOR('',#13711,1.);
#8781=VECTOR('',#13716,1.);
#8782=VECTOR('',#13717,1.);
#8783=VECTOR('',#13718,1.);
#8784=VECTOR('',#13723,1.);
#8785=VECTOR('',#13728,1.);
#8786=VECTOR('',#13729,1.);
#8787=VECTOR('',#13730,1.);
#8788=VECTOR('',#13735,1.);
#8789=VECTOR('',#13740,1.);
#8790=VECTOR('',#13741,1.);
#8791=VECTOR('',#13742,1.);
#8792=VECTOR('',#13745,1.);
#8793=VECTOR('',#13746,1.);
#8794=VECTOR('',#13747,1.);
#8795=VECTOR('',#13748,1.);
#8796=VECTOR('',#13753,1.);
#8797=VECTOR('',#13758,1.);
#8798=VECTOR('',#13759,1.);
#8799=VECTOR('',#13760,1.);
#8800=VECTOR('',#13765,1.);
#8801=VECTOR('',#13770,1.);
#8802=VECTOR('',#13771,1.);
#8803=VECTOR('',#13772,1.);
#8804=VECTOR('',#13777,1.);
#8805=VECTOR('',#13782,1.);
#8806=VECTOR('',#13783,1.);
#8807=VECTOR('',#13784,1.);
#8808=VECTOR('',#13787,1.);
#8809=VECTOR('',#13788,1.);
#8810=VECTOR('',#13789,1.);
#8811=VECTOR('',#13790,1.);
#8812=VECTOR('',#13795,1.);
#8813=VECTOR('',#13800,1.);
#8814=VECTOR('',#13801,1.);
#8815=VECTOR('',#13802,1.);
#8816=VECTOR('',#13807,1.);
#8817=VECTOR('',#13812,1.);
#8818=VECTOR('',#13813,1.);
#8819=VECTOR('',#13814,1.);
#8820=VECTOR('',#13819,1.);
#8821=VECTOR('',#13824,1.);
#8822=VECTOR('',#13825,1.);
#8823=VECTOR('',#13826,1.);
#8824=VECTOR('',#13829,1.);
#8825=VECTOR('',#13830,1.);
#8826=VECTOR('',#13831,1.);
#8827=VECTOR('',#13832,1.);
#8828=VECTOR('',#13837,1.);
#8829=VECTOR('',#13842,1.);
#8830=VECTOR('',#13843,1.);
#8831=VECTOR('',#13844,1.);
#8832=VECTOR('',#13849,1.);
#8833=VECTOR('',#13854,1.);
#8834=VECTOR('',#13855,1.);
#8835=VECTOR('',#13856,1.);
#8836=VECTOR('',#13861,1.);
#8837=VECTOR('',#13866,1.);
#8838=VECTOR('',#13867,1.);
#8839=VECTOR('',#13868,1.);
#8840=VECTOR('',#13871,1.);
#8841=VECTOR('',#13872,1.);
#8842=VECTOR('',#13873,1.);
#8843=VECTOR('',#13874,1.);
#8844=VECTOR('',#13879,1.);
#8845=VECTOR('',#13884,1.);
#8846=VECTOR('',#13885,1.);
#8847=VECTOR('',#13886,1.);
#8848=VECTOR('',#13891,1.);
#8849=VECTOR('',#13896,1.);
#8850=VECTOR('',#13897,1.);
#8851=VECTOR('',#13898,1.);
#8852=VECTOR('',#13903,1.);
#8853=VECTOR('',#13908,1.);
#8854=VECTOR('',#13909,1.);
#8855=VECTOR('',#13910,1.);
#8856=VECTOR('',#13913,1.);
#8857=VECTOR('',#13914,1.);
#8858=VECTOR('',#13915,1.);
#8859=VECTOR('',#13916,1.);
#8860=VECTOR('',#13921,1.);
#8861=VECTOR('',#13926,1.);
#8862=VECTOR('',#13927,1.);
#8863=VECTOR('',#13928,1.);
#8864=VECTOR('',#13933,1.);
#8865=VECTOR('',#13938,1.);
#8866=VECTOR('',#13939,1.);
#8867=VECTOR('',#13940,1.);
#8868=VECTOR('',#13945,1.);
#8869=VECTOR('',#13950,1.);
#8870=VECTOR('',#13951,1.);
#8871=VECTOR('',#13952,1.);
#8872=VECTOR('',#13955,1.);
#8873=VECTOR('',#13956,1.);
#8874=VECTOR('',#13957,1.);
#8875=VECTOR('',#13958,1.);
#8876=VECTOR('',#13963,1.);
#8877=VECTOR('',#13968,1.);
#8878=VECTOR('',#13969,1.);
#8879=VECTOR('',#13970,1.);
#8880=VECTOR('',#13975,1.);
#8881=VECTOR('',#13980,1.);
#8882=VECTOR('',#13981,1.);
#8883=VECTOR('',#13982,1.);
#8884=VECTOR('',#13987,1.);
#8885=VECTOR('',#13992,1.);
#8886=VECTOR('',#13993,1.);
#8887=VECTOR('',#13994,1.);
#8888=VECTOR('',#13997,1.);
#8889=VECTOR('',#13998,1.);
#8890=VECTOR('',#13999,1.);
#8891=VECTOR('',#14000,1.);
#8892=VECTOR('',#14005,1.);
#8893=VECTOR('',#14010,1.);
#8894=VECTOR('',#14011,1.);
#8895=VECTOR('',#14012,1.);
#8896=VECTOR('',#14017,1.);
#8897=VECTOR('',#14022,1.);
#8898=VECTOR('',#14023,1.);
#8899=VECTOR('',#14024,1.);
#8900=VECTOR('',#14029,1.);
#8901=VECTOR('',#14034,1.);
#8902=VECTOR('',#14035,1.);
#8903=VECTOR('',#14036,1.);
#8904=VECTOR('',#14039,1.);
#8905=VECTOR('',#14040,1.);
#8906=VECTOR('',#14041,1.);
#8907=VECTOR('',#14042,1.);
#8908=VECTOR('',#14047,1.);
#8909=VECTOR('',#14052,1.);
#8910=VECTOR('',#14053,1.);
#8911=VECTOR('',#14054,1.);
#8912=VECTOR('',#14059,1.);
#8913=VECTOR('',#14064,1.);
#8914=VECTOR('',#14065,1.);
#8915=VECTOR('',#14066,1.);
#8916=VECTOR('',#14071,1.);
#8917=VECTOR('',#14076,1.);
#8918=VECTOR('',#14077,1.);
#8919=VECTOR('',#14078,1.);
#8920=VECTOR('',#14081,1.);
#8921=VECTOR('',#14082,1.);
#8922=VECTOR('',#14083,1.);
#8923=VECTOR('',#14084,1.);
#8924=VECTOR('',#14089,1.);
#8925=VECTOR('',#14094,1.);
#8926=VECTOR('',#14095,1.);
#8927=VECTOR('',#14096,1.);
#8928=VECTOR('',#14101,1.);
#8929=VECTOR('',#14106,1.);
#8930=VECTOR('',#14107,1.);
#8931=VECTOR('',#14108,1.);
#8932=VECTOR('',#14113,1.);
#8933=VECTOR('',#14118,1.);
#8934=VECTOR('',#14119,1.);
#8935=VECTOR('',#14120,1.);
#8936=VECTOR('',#14123,1.);
#8937=VECTOR('',#14124,1.);
#8938=VECTOR('',#14125,1.);
#8939=VECTOR('',#14126,1.);
#8940=VECTOR('',#14131,1.);
#8941=VECTOR('',#14136,1.);
#8942=VECTOR('',#14137,1.);
#8943=VECTOR('',#14138,1.);
#8944=VECTOR('',#14143,1.);
#8945=VECTOR('',#14148,1.);
#8946=VECTOR('',#14149,1.);
#8947=VECTOR('',#14150,1.);
#8948=VECTOR('',#14155,1.);
#8949=VECTOR('',#14160,1.);
#8950=VECTOR('',#14161,1.);
#8951=VECTOR('',#14162,1.);
#8952=VECTOR('',#14165,1.);
#8953=VECTOR('',#14166,1.);
#8954=VECTOR('',#14167,1.);
#8955=VECTOR('',#14168,1.);
#8956=VECTOR('',#14173,1.);
#8957=VECTOR('',#14178,1.);
#8958=VECTOR('',#14179,1.);
#8959=VECTOR('',#14180,1.);
#8960=VECTOR('',#14185,1.);
#8961=VECTOR('',#14190,1.);
#8962=VECTOR('',#14191,1.);
#8963=VECTOR('',#14192,1.);
#8964=VECTOR('',#14197,1.);
#8965=VECTOR('',#14202,1.);
#8966=VECTOR('',#14203,1.);
#8967=VECTOR('',#14204,1.);
#8968=VECTOR('',#14207,1.);
#8969=VECTOR('',#14208,1.);
#8970=VECTOR('',#14209,1.);
#8971=VECTOR('',#14210,1.);
#8972=VECTOR('',#14215,1.);
#8973=VECTOR('',#14220,1.);
#8974=VECTOR('',#14221,1.);
#8975=VECTOR('',#14222,1.);
#8976=VECTOR('',#14227,1.);
#8977=VECTOR('',#14232,1.);
#8978=VECTOR('',#14233,1.);
#8979=VECTOR('',#14234,1.);
#8980=VECTOR('',#14239,1.);
#8981=VECTOR('',#14244,1.);
#8982=VECTOR('',#14245,1.);
#8983=VECTOR('',#14246,1.);
#8984=VECTOR('',#14249,1.);
#8985=VECTOR('',#14250,1.);
#8986=VECTOR('',#14251,1.);
#8987=VECTOR('',#14252,1.);
#8988=VECTOR('',#14257,1.);
#8989=VECTOR('',#14262,1.);
#8990=VECTOR('',#14263,1.);
#8991=VECTOR('',#14264,1.);
#8992=VECTOR('',#14269,1.);
#8993=VECTOR('',#14274,1.);
#8994=VECTOR('',#14275,1.);
#8995=VECTOR('',#14276,1.);
#8996=VECTOR('',#14281,1.);
#8997=VECTOR('',#14286,1.);
#8998=VECTOR('',#14287,1.);
#8999=VECTOR('',#14288,1.);
#9000=VECTOR('',#14291,1.);
#9001=VECTOR('',#14292,1.);
#9002=VECTOR('',#14293,1.);
#9003=VECTOR('',#14294,1.);
#9004=VECTOR('',#14299,1.);
#9005=VECTOR('',#14304,1.);
#9006=VECTOR('',#14305,1.);
#9007=VECTOR('',#14306,1.);
#9008=VECTOR('',#14311,1.);
#9009=VECTOR('',#14316,1.);
#9010=VECTOR('',#14317,1.);
#9011=VECTOR('',#14318,1.);
#9012=VECTOR('',#14323,1.);
#9013=VECTOR('',#14328,1.);
#9014=VECTOR('',#14329,1.);
#9015=VECTOR('',#14330,1.);
#9016=VECTOR('',#14333,1.);
#9017=VECTOR('',#14334,1.);
#9018=VECTOR('',#14335,1.);
#9019=VECTOR('',#14336,1.);
#9020=VECTOR('',#14341,1.);
#9021=VECTOR('',#14346,1.);
#9022=VECTOR('',#14347,1.);
#9023=VECTOR('',#14348,1.);
#9024=VECTOR('',#14353,1.);
#9025=VECTOR('',#14358,1.);
#9026=VECTOR('',#14359,1.);
#9027=VECTOR('',#14360,1.);
#9028=VECTOR('',#14365,1.);
#9029=VECTOR('',#14370,1.);
#9030=VECTOR('',#14371,1.);
#9031=VECTOR('',#14372,1.);
#9032=VECTOR('',#14375,1.);
#9033=VECTOR('',#14376,1.);
#9034=VECTOR('',#14377,1.);
#9035=VECTOR('',#14378,1.);
#9036=VECTOR('',#14383,1.);
#9037=VECTOR('',#14388,1.);
#9038=VECTOR('',#14389,1.);
#9039=VECTOR('',#14390,1.);
#9040=VECTOR('',#14395,1.);
#9041=VECTOR('',#14400,1.);
#9042=VECTOR('',#14401,1.);
#9043=VECTOR('',#14402,1.);
#9044=VECTOR('',#14407,1.);
#9045=VECTOR('',#14412,1.);
#9046=VECTOR('',#14413,1.);
#9047=VECTOR('',#14414,1.);
#9048=VECTOR('',#14417,1.);
#9049=VECTOR('',#14418,1.);
#9050=VECTOR('',#14419,1.);
#9051=VECTOR('',#14420,1.);
#9052=VECTOR('',#14425,1.);
#9053=VECTOR('',#14430,1.);
#9054=VECTOR('',#14431,1.);
#9055=VECTOR('',#14432,1.);
#9056=VECTOR('',#14437,1.);
#9057=VECTOR('',#14442,1.);
#9058=VECTOR('',#14443,1.);
#9059=VECTOR('',#14444,1.);
#9060=VECTOR('',#14449,1.);
#9061=VECTOR('',#14454,1.);
#9062=VECTOR('',#14455,1.);
#9063=VECTOR('',#14456,1.);
#9064=VECTOR('',#14459,1.);
#9065=VECTOR('',#14460,1.);
#9066=VECTOR('',#14461,1.);
#9067=VECTOR('',#14462,1.);
#9068=VECTOR('',#14467,1.);
#9069=VECTOR('',#14472,1.);
#9070=VECTOR('',#14473,1.);
#9071=VECTOR('',#14474,1.);
#9072=VECTOR('',#14479,1.);
#9073=VECTOR('',#14484,1.);
#9074=VECTOR('',#14485,1.);
#9075=VECTOR('',#14486,1.);
#9076=VECTOR('',#14491,1.);
#9077=VECTOR('',#14496,1.);
#9078=VECTOR('',#14497,1.);
#9079=VECTOR('',#14498,1.);
#9080=VECTOR('',#14501,1.);
#9081=VECTOR('',#14502,1.);
#9082=VECTOR('',#14503,1.);
#9083=VECTOR('',#14504,1.);
#9084=VECTOR('',#14509,1.);
#9085=VECTOR('',#14514,1.);
#9086=VECTOR('',#14515,1.);
#9087=VECTOR('',#14516,1.);
#9088=VECTOR('',#14521,1.);
#9089=VECTOR('',#14526,1.);
#9090=VECTOR('',#14527,1.);
#9091=VECTOR('',#14528,1.);
#9092=VECTOR('',#14533,1.);
#9093=VECTOR('',#14538,1.);
#9094=VECTOR('',#14539,1.);
#9095=VECTOR('',#14540,1.);
#9096=VECTOR('',#14543,1.);
#9097=VECTOR('',#14544,1.);
#9098=VECTOR('',#14545,1.);
#9099=VECTOR('',#14546,1.);
#9100=VECTOR('',#14551,1.);
#9101=VECTOR('',#14556,1.);
#9102=VECTOR('',#14557,1.);
#9103=VECTOR('',#14558,1.);
#9104=VECTOR('',#14563,1.);
#9105=VECTOR('',#14568,1.);
#9106=VECTOR('',#14569,1.);
#9107=VECTOR('',#14570,1.);
#9108=VECTOR('',#14575,1.);
#9109=VECTOR('',#14580,1.);
#9110=VECTOR('',#14581,1.);
#9111=VECTOR('',#14582,1.);
#9112=VECTOR('',#14585,1.);
#9113=VECTOR('',#14586,1.);
#9114=VECTOR('',#14587,1.);
#9115=VECTOR('',#14588,1.);
#9116=VECTOR('',#14593,1.);
#9117=VECTOR('',#14598,1.);
#9118=VECTOR('',#14599,1.);
#9119=VECTOR('',#14600,1.);
#9120=VECTOR('',#14605,1.);
#9121=VECTOR('',#14610,1.);
#9122=VECTOR('',#14611,1.);
#9123=VECTOR('',#14612,1.);
#9124=VECTOR('',#14617,1.);
#9125=VECTOR('',#14622,1.);
#9126=VECTOR('',#14623,1.);
#9127=VECTOR('',#14624,1.);
#9128=VECTOR('',#14627,1.);
#9129=VECTOR('',#14628,1.);
#9130=VECTOR('',#14629,1.);
#9131=VECTOR('',#14630,1.);
#9132=VECTOR('',#14635,1.);
#9133=VECTOR('',#14640,1.);
#9134=VECTOR('',#14641,1.);
#9135=VECTOR('',#14642,1.);
#9136=VECTOR('',#14647,1.);
#9137=VECTOR('',#14652,1.);
#9138=VECTOR('',#14653,1.);
#9139=VECTOR('',#14654,1.);
#9140=VECTOR('',#14659,1.);
#9141=VECTOR('',#14664,1.);
#9142=VECTOR('',#14665,1.);
#9143=VECTOR('',#14666,1.);
#9144=VECTOR('',#14669,1.);
#9145=VECTOR('',#14670,1.);
#9146=VECTOR('',#14671,1.);
#9147=VECTOR('',#14672,1.);
#9148=VECTOR('',#14677,1.);
#9149=VECTOR('',#14682,1.);
#9150=VECTOR('',#14683,1.);
#9151=VECTOR('',#14684,1.);
#9152=VECTOR('',#14689,1.);
#9153=VECTOR('',#14694,1.);
#9154=VECTOR('',#14695,1.);
#9155=VECTOR('',#14696,1.);
#9156=VECTOR('',#14701,1.);
#9157=VECTOR('',#14706,1.);
#9158=VECTOR('',#14707,1.);
#9159=VECTOR('',#14708,1.);
#9160=VECTOR('',#14711,1.);
#9161=VECTOR('',#14712,1.);
#9162=VECTOR('',#14713,1.);
#9163=VECTOR('',#14714,1.);
#9164=VECTOR('',#14719,1.);
#9165=VECTOR('',#14724,1.);
#9166=VECTOR('',#14725,1.);
#9167=VECTOR('',#14726,1.);
#9168=VECTOR('',#14731,1.);
#9169=VECTOR('',#14736,1.);
#9170=VECTOR('',#14737,1.);
#9171=VECTOR('',#14738,1.);
#9172=VECTOR('',#14743,1.);
#9173=VECTOR('',#14748,1.);
#9174=VECTOR('',#14749,1.);
#9175=VECTOR('',#14750,1.);
#9176=VECTOR('',#14753,1.);
#9177=VECTOR('',#14754,1.);
#9178=VECTOR('',#14755,1.);
#9179=VECTOR('',#14756,1.);
#9180=VECTOR('',#14761,1.);
#9181=VECTOR('',#14766,1.);
#9182=VECTOR('',#14767,1.);
#9183=VECTOR('',#14768,1.);
#9184=VECTOR('',#14773,1.);
#9185=VECTOR('',#14778,1.);
#9186=VECTOR('',#14779,1.);
#9187=VECTOR('',#14780,1.);
#9188=VECTOR('',#14785,1.);
#9189=VECTOR('',#14790,1.);
#9190=VECTOR('',#14791,1.);
#9191=VECTOR('',#14792,1.);
#9192=VECTOR('',#14795,1.);
#9193=VECTOR('',#14796,1.);
#9194=VECTOR('',#14797,1.);
#9195=VECTOR('',#14798,1.);
#9196=VECTOR('',#14803,1.);
#9197=VECTOR('',#14808,1.);
#9198=VECTOR('',#14809,1.);
#9199=VECTOR('',#14810,1.);
#9200=VECTOR('',#14815,1.);
#9201=VECTOR('',#14820,1.);
#9202=VECTOR('',#14821,1.);
#9203=VECTOR('',#14822,1.);
#9204=VECTOR('',#14827,1.);
#9205=VECTOR('',#14832,1.);
#9206=VECTOR('',#14833,1.);
#9207=VECTOR('',#14834,1.);
#9208=VECTOR('',#14837,1.);
#9209=VECTOR('',#14838,1.);
#9210=VECTOR('',#14839,1.);
#9211=VECTOR('',#14840,1.);
#9212=VECTOR('',#14845,1.);
#9213=VECTOR('',#14850,1.);
#9214=VECTOR('',#14851,1.);
#9215=VECTOR('',#14852,1.);
#9216=VECTOR('',#14857,1.);
#9217=VECTOR('',#14862,1.);
#9218=VECTOR('',#14863,1.);
#9219=VECTOR('',#14864,1.);
#9220=VECTOR('',#14869,1.);
#9221=VECTOR('',#14874,1.);
#9222=VECTOR('',#14875,1.);
#9223=VECTOR('',#14876,1.);
#9224=VECTOR('',#14879,1.);
#9225=VECTOR('',#14880,1.);
#9226=VECTOR('',#14881,1.);
#9227=VECTOR('',#14882,1.);
#9228=VECTOR('',#14887,1.);
#9229=VECTOR('',#14892,1.);
#9230=VECTOR('',#14893,1.);
#9231=VECTOR('',#14894,1.);
#9232=VECTOR('',#14899,1.);
#9233=VECTOR('',#14904,1.);
#9234=VECTOR('',#14905,1.);
#9235=VECTOR('',#14906,1.);
#9236=VECTOR('',#14911,1.);
#9237=VECTOR('',#14916,1.);
#9238=VECTOR('',#14917,1.);
#9239=VECTOR('',#14918,1.);
#9240=VECTOR('',#14921,1.);
#9241=VECTOR('',#14922,1.);
#9242=VECTOR('',#14923,1.);
#9243=VECTOR('',#14924,1.);
#9244=VECTOR('',#14929,1.);
#9245=VECTOR('',#14934,1.);
#9246=VECTOR('',#14935,1.);
#9247=VECTOR('',#14936,1.);
#9248=VECTOR('',#14941,1.);
#9249=VECTOR('',#14946,1.);
#9250=VECTOR('',#14947,1.);
#9251=VECTOR('',#14948,1.);
#9252=VECTOR('',#14953,1.);
#9253=VECTOR('',#14958,1.);
#9254=VECTOR('',#14959,1.);
#9255=VECTOR('',#14960,1.);
#9256=VECTOR('',#14963,1.);
#9257=VECTOR('',#14964,1.);
#9258=VECTOR('',#14965,1.);
#9259=VECTOR('',#14966,1.);
#9260=VECTOR('',#14971,1.);
#9261=VECTOR('',#14976,1.);
#9262=VECTOR('',#14977,1.);
#9263=VECTOR('',#14978,1.);
#9264=VECTOR('',#14983,1.);
#9265=VECTOR('',#14988,1.);
#9266=VECTOR('',#14989,1.);
#9267=VECTOR('',#14990,1.);
#9268=VECTOR('',#14995,1.);
#9269=VECTOR('',#15000,1.);
#9270=VECTOR('',#15001,1.);
#9271=VECTOR('',#15002,1.);
#9272=VECTOR('',#15005,1.);
#9273=VECTOR('',#15006,1.);
#9274=VECTOR('',#15007,1.);
#9275=VECTOR('',#15008,1.);
#9276=VECTOR('',#15013,1.);
#9277=VECTOR('',#15018,1.);
#9278=VECTOR('',#15019,1.);
#9279=VECTOR('',#15020,1.);
#9280=VECTOR('',#15025,1.);
#9281=VECTOR('',#15030,1.);
#9282=VECTOR('',#15031,1.);
#9283=VECTOR('',#15032,1.);
#9284=VECTOR('',#15037,1.);
#9285=VECTOR('',#15042,1.);
#9286=VECTOR('',#15043,1.);
#9287=VECTOR('',#15044,1.);
#9288=VECTOR('',#15047,1.);
#9289=VECTOR('',#15048,1.);
#9290=VECTOR('',#15049,1.);
#9291=VECTOR('',#15050,1.);
#9292=VECTOR('',#15055,1.);
#9293=VECTOR('',#15060,1.);
#9294=VECTOR('',#15061,1.);
#9295=VECTOR('',#15062,1.);
#9296=VECTOR('',#15067,1.);
#9297=VECTOR('',#15072,1.);
#9298=VECTOR('',#15073,1.);
#9299=VECTOR('',#15074,1.);
#9300=VECTOR('',#15079,1.);
#9301=VECTOR('',#15084,1.);
#9302=VECTOR('',#15085,1.);
#9303=VECTOR('',#15086,1.);
#9304=VECTOR('',#15089,1.);
#9305=VECTOR('',#15090,1.);
#9306=VECTOR('',#15091,1.);
#9307=VECTOR('',#15092,1.);
#9308=VECTOR('',#15097,1.);
#9309=VECTOR('',#15102,1.);
#9310=VECTOR('',#15103,1.);
#9311=VECTOR('',#15104,1.);
#9312=VECTOR('',#15109,1.);
#9313=VECTOR('',#15114,1.);
#9314=VECTOR('',#15115,1.);
#9315=VECTOR('',#15116,1.);
#9316=VECTOR('',#15121,1.);
#9317=VECTOR('',#15126,1.);
#9318=VECTOR('',#15127,1.);
#9319=VECTOR('',#15128,1.);
#9320=VECTOR('',#15131,1.);
#9321=VECTOR('',#15132,1.);
#9322=VECTOR('',#15133,1.);
#9323=VECTOR('',#15134,1.);
#9324=VECTOR('',#15139,1.);
#9325=VECTOR('',#15144,1.);
#9326=VECTOR('',#15145,1.);
#9327=VECTOR('',#15146,1.);
#9328=VECTOR('',#15151,1.);
#9329=VECTOR('',#15156,1.);
#9330=VECTOR('',#15157,1.);
#9331=VECTOR('',#15158,1.);
#9332=VECTOR('',#15163,1.);
#9333=VECTOR('',#15168,1.);
#9334=VECTOR('',#15169,1.);
#9335=VECTOR('',#15170,1.);
#9336=VECTOR('',#15173,1.);
#9337=VECTOR('',#15174,1.);
#9338=VECTOR('',#15175,1.);
#9339=VECTOR('',#15176,1.);
#9340=VECTOR('',#15181,1.);
#9341=VECTOR('',#15186,1.);
#9342=VECTOR('',#15187,1.);
#9343=VECTOR('',#15188,1.);
#9344=VECTOR('',#15193,1.);
#9345=VECTOR('',#15198,1.);
#9346=VECTOR('',#15199,1.);
#9347=VECTOR('',#15200,1.);
#9348=VECTOR('',#15205,1.);
#9349=VECTOR('',#15210,1.);
#9350=VECTOR('',#15211,1.);
#9351=VECTOR('',#15212,1.);
#9352=VECTOR('',#15215,1.);
#9353=VECTOR('',#15216,1.);
#9354=VECTOR('',#15217,1.);
#9355=VECTOR('',#15218,1.);
#9356=VECTOR('',#15223,1.);
#9357=VECTOR('',#15228,1.);
#9358=VECTOR('',#15229,1.);
#9359=VECTOR('',#15230,1.);
#9360=VECTOR('',#15235,1.);
#9361=VECTOR('',#15240,1.);
#9362=VECTOR('',#15241,1.);
#9363=VECTOR('',#15242,1.);
#9364=VECTOR('',#15247,1.);
#9365=VECTOR('',#15252,1.);
#9366=VECTOR('',#15253,1.);
#9367=VECTOR('',#15254,1.);
#9368=VECTOR('',#15257,1.);
#9369=VECTOR('',#15258,1.);
#9370=VECTOR('',#15259,1.);
#9371=VECTOR('',#15260,1.);
#9372=VECTOR('',#15265,1.);
#9373=VECTOR('',#15270,1.);
#9374=VECTOR('',#15271,1.);
#9375=VECTOR('',#15272,1.);
#9376=VECTOR('',#15277,1.);
#9377=VECTOR('',#15282,1.);
#9378=VECTOR('',#15283,1.);
#9379=VECTOR('',#15284,1.);
#9380=VECTOR('',#15289,1.);
#9381=VECTOR('',#15294,1.);
#9382=VECTOR('',#15295,1.);
#9383=VECTOR('',#15296,1.);
#9384=VECTOR('',#15299,1.);
#9385=VECTOR('',#15300,1.);
#9386=VECTOR('',#15301,1.);
#9387=VECTOR('',#15302,1.);
#9388=VECTOR('',#15307,1.);
#9389=VECTOR('',#15312,1.);
#9390=VECTOR('',#15313,1.);
#9391=VECTOR('',#15314,1.);
#9392=VECTOR('',#15319,1.);
#9393=VECTOR('',#15324,1.);
#9394=VECTOR('',#15325,1.);
#9395=VECTOR('',#15326,1.);
#9396=VECTOR('',#15331,1.);
#9397=VECTOR('',#15336,1.);
#9398=VECTOR('',#15337,1.);
#9399=VECTOR('',#15338,1.);
#9400=VECTOR('',#15341,1.);
#9401=VECTOR('',#15342,1.);
#9402=VECTOR('',#15343,1.);
#9403=VECTOR('',#15344,1.);
#9404=VECTOR('',#15349,1.);
#9405=VECTOR('',#15354,1.);
#9406=VECTOR('',#15355,1.);
#9407=VECTOR('',#15356,1.);
#9408=VECTOR('',#15361,1.);
#9409=VECTOR('',#15366,1.);
#9410=VECTOR('',#15367,1.);
#9411=VECTOR('',#15368,1.);
#9412=VECTOR('',#15373,1.);
#9413=VECTOR('',#15378,1.);
#9414=VECTOR('',#15379,1.);
#9415=VECTOR('',#15380,1.);
#9416=VECTOR('',#15383,1.);
#9417=VECTOR('',#15384,1.);
#9418=VECTOR('',#15385,1.);
#9419=VECTOR('',#15386,1.);
#9420=VECTOR('',#15391,1.);
#9421=VECTOR('',#15396,1.);
#9422=VECTOR('',#15397,1.);
#9423=VECTOR('',#15398,1.);
#9424=VECTOR('',#15403,1.);
#9425=VECTOR('',#15408,1.);
#9426=VECTOR('',#15409,1.);
#9427=VECTOR('',#15410,1.);
#9428=VECTOR('',#15415,1.);
#9429=VECTOR('',#15420,1.);
#9430=VECTOR('',#15421,1.);
#9431=VECTOR('',#15422,1.);
#9432=VECTOR('',#15425,1.);
#9433=VECTOR('',#15426,1.);
#9434=VECTOR('',#15427,1.);
#9435=VECTOR('',#15428,1.);
#9436=VECTOR('',#15433,1.);
#9437=VECTOR('',#15438,1.);
#9438=VECTOR('',#15439,1.);
#9439=VECTOR('',#15440,1.);
#9440=VECTOR('',#15445,1.);
#9441=VECTOR('',#15450,1.);
#9442=VECTOR('',#15451,1.);
#9443=VECTOR('',#15452,1.);
#9444=VECTOR('',#15457,1.);
#9445=VECTOR('',#15462,1.);
#9446=VECTOR('',#15463,1.);
#9447=VECTOR('',#15464,1.);
#9448=VECTOR('',#15467,1.);
#9449=VECTOR('',#15468,1.);
#9450=VECTOR('',#15469,1.);
#9451=VECTOR('',#15470,1.);
#9452=VECTOR('',#15475,1.);
#9453=VECTOR('',#15480,1.);
#9454=VECTOR('',#15481,1.);
#9455=VECTOR('',#15482,1.);
#9456=VECTOR('',#15487,1.);
#9457=VECTOR('',#15492,1.);
#9458=VECTOR('',#15493,1.);
#9459=VECTOR('',#15494,1.);
#9460=VECTOR('',#15499,1.);
#9461=VECTOR('',#15504,1.);
#9462=VECTOR('',#15505,1.);
#9463=VECTOR('',#15506,1.);
#9464=VECTOR('',#15509,1.);
#9465=VECTOR('',#15510,1.);
#9466=VECTOR('',#15511,1.);
#9467=VECTOR('',#15512,1.);
#9468=VECTOR('',#15517,1.);
#9469=VECTOR('',#15522,1.);
#9470=VECTOR('',#15523,1.);
#9471=VECTOR('',#15524,1.);
#9472=VECTOR('',#15529,1.);
#9473=VECTOR('',#15534,1.);
#9474=VECTOR('',#15535,1.);
#9475=VECTOR('',#15536,1.);
#9476=VECTOR('',#15541,1.);
#9477=VECTOR('',#15546,1.);
#9478=VECTOR('',#15547,1.);
#9479=VECTOR('',#15548,1.);
#9480=VECTOR('',#15551,1.);
#9481=VECTOR('',#15552,1.);
#9482=VECTOR('',#15553,1.);
#9483=VECTOR('',#15554,1.);
#9484=VECTOR('',#15559,1.);
#9485=VECTOR('',#15564,1.);
#9486=VECTOR('',#15565,1.);
#9487=VECTOR('',#15566,1.);
#9488=VECTOR('',#15571,1.);
#9489=VECTOR('',#15576,1.);
#9490=VECTOR('',#15577,1.);
#9491=VECTOR('',#15578,1.);
#9492=VECTOR('',#15583,1.);
#9493=VECTOR('',#15588,1.);
#9494=VECTOR('',#15589,1.);
#9495=VECTOR('',#15590,1.);
#9496=VECTOR('',#15593,1.);
#9497=VECTOR('',#15594,1.);
#9498=VECTOR('',#15595,1.);
#9499=VECTOR('',#15596,1.);
#9500=VECTOR('',#15601,1.);
#9501=VECTOR('',#15606,1.);
#9502=VECTOR('',#15607,1.);
#9503=VECTOR('',#15608,1.);
#9504=VECTOR('',#15613,1.);
#9505=VECTOR('',#15618,1.);
#9506=VECTOR('',#15619,1.);
#9507=VECTOR('',#15620,1.);
#9508=VECTOR('',#15625,1.);
#9509=VECTOR('',#15630,1.);
#9510=VECTOR('',#15631,1.);
#9511=VECTOR('',#15632,1.);
#9512=VECTOR('',#15635,1.);
#9513=VECTOR('',#15636,1.);
#9514=VECTOR('',#15637,1.);
#9515=VECTOR('',#15638,1.);
#9516=VECTOR('',#15643,1.);
#9517=VECTOR('',#15648,1.);
#9518=VECTOR('',#15649,1.);
#9519=VECTOR('',#15650,1.);
#9520=VECTOR('',#15655,1.);
#9521=VECTOR('',#15660,1.);
#9522=VECTOR('',#15661,1.);
#9523=VECTOR('',#15662,1.);
#9524=VECTOR('',#15667,1.);
#9525=VECTOR('',#15672,1.);
#9526=VECTOR('',#15673,1.);
#9527=VECTOR('',#15674,1.);
#9528=VECTOR('',#15677,1.);
#9529=VECTOR('',#15678,1.);
#9530=VECTOR('',#15679,1.);
#9531=VECTOR('',#15680,1.);
#9532=VECTOR('',#15685,1.);
#9533=VECTOR('',#15690,1.);
#9534=VECTOR('',#15691,1.);
#9535=VECTOR('',#15692,1.);
#9536=VECTOR('',#15697,1.);
#9537=VECTOR('',#15702,1.);
#9538=VECTOR('',#15703,1.);
#9539=VECTOR('',#15704,1.);
#9540=VECTOR('',#15709,1.);
#9541=VECTOR('',#15714,1.);
#9542=VECTOR('',#15715,1.);
#9543=VECTOR('',#15716,1.);
#9544=VECTOR('',#15719,1.);
#9545=VECTOR('',#15720,1.);
#9546=VECTOR('',#15721,1.);
#9547=VECTOR('',#15722,1.);
#9548=VECTOR('',#15727,1.);
#9549=VECTOR('',#15732,1.);
#9550=VECTOR('',#15733,1.);
#9551=VECTOR('',#15734,1.);
#9552=VECTOR('',#15739,1.);
#9553=VECTOR('',#15744,1.);
#9554=VECTOR('',#15745,1.);
#9555=VECTOR('',#15746,1.);
#9556=VECTOR('',#15751,1.);
#9557=VECTOR('',#15756,1.);
#9558=VECTOR('',#15757,1.);
#9559=VECTOR('',#15758,1.);
#9560=VECTOR('',#15761,1.);
#9561=VECTOR('',#15762,1.);
#9562=VECTOR('',#15763,1.);
#9563=VECTOR('',#15764,1.);
#9564=VECTOR('',#15769,1.);
#9565=VECTOR('',#15774,1.);
#9566=VECTOR('',#15775,1.);
#9567=VECTOR('',#15776,1.);
#9568=VECTOR('',#15781,1.);
#9569=VECTOR('',#15786,1.);
#9570=VECTOR('',#15787,1.);
#9571=VECTOR('',#15788,1.);
#9572=VECTOR('',#15793,1.);
#9573=VECTOR('',#15798,1.);
#9574=VECTOR('',#15799,1.);
#9575=VECTOR('',#15800,1.);
#9576=VECTOR('',#15803,1.);
#9577=VECTOR('',#15804,1.);
#9578=VECTOR('',#15805,1.);
#9579=VECTOR('',#15806,1.);
#9580=VECTOR('',#15811,1.);
#9581=VECTOR('',#15816,1.);
#9582=VECTOR('',#15817,1.);
#9583=VECTOR('',#15818,1.);
#9584=VECTOR('',#15823,1.);
#9585=VECTOR('',#15828,1.);
#9586=VECTOR('',#15829,1.);
#9587=VECTOR('',#15830,1.);
#9588=VECTOR('',#15835,1.);
#9589=VECTOR('',#15840,1.);
#9590=VECTOR('',#15841,1.);
#9591=VECTOR('',#15842,1.);
#9592=VECTOR('',#15845,1.);
#9593=VECTOR('',#15846,1.);
#9594=VECTOR('',#15847,1.);
#9595=VECTOR('',#15848,1.);
#9596=VECTOR('',#15853,1.);
#9597=VECTOR('',#15858,1.);
#9598=VECTOR('',#15859,1.);
#9599=VECTOR('',#15860,1.);
#9600=VECTOR('',#15865,1.);
#9601=VECTOR('',#15870,1.);
#9602=VECTOR('',#15871,1.);
#9603=VECTOR('',#15872,1.);
#9604=VECTOR('',#15877,1.);
#9605=VECTOR('',#15882,1.);
#9606=VECTOR('',#15883,1.);
#9607=VECTOR('',#15884,1.);
#9608=VECTOR('',#15887,1.);
#9609=VECTOR('',#15888,1.);
#9610=VECTOR('',#15889,1.);
#9611=VECTOR('',#15890,1.);
#9612=VECTOR('',#15895,1.);
#9613=VECTOR('',#15900,1.);
#9614=VECTOR('',#15901,1.);
#9615=VECTOR('',#15902,1.);
#9616=VECTOR('',#15907,1.);
#9617=VECTOR('',#15912,1.);
#9618=VECTOR('',#15913,1.);
#9619=VECTOR('',#15914,1.);
#9620=VECTOR('',#15919,1.);
#9621=VECTOR('',#15924,1.);
#9622=VECTOR('',#15925,1.);
#9623=VECTOR('',#15926,1.);
#9624=VECTOR('',#15929,1.);
#9625=VECTOR('',#15930,1.);
#9626=VECTOR('',#15931,1.);
#9627=VECTOR('',#15932,1.);
#9628=VECTOR('',#15937,1.);
#9629=VECTOR('',#15942,1.);
#9630=VECTOR('',#15943,1.);
#9631=VECTOR('',#15944,1.);
#9632=VECTOR('',#15949,1.);
#9633=VECTOR('',#15954,1.);
#9634=VECTOR('',#15955,1.);
#9635=VECTOR('',#15956,1.);
#9636=VECTOR('',#15961,1.);
#9637=VECTOR('',#15966,1.);
#9638=VECTOR('',#15967,1.);
#9639=VECTOR('',#15968,1.);
#9640=VECTOR('',#15971,1.);
#9641=VECTOR('',#15972,1.);
#9642=VECTOR('',#15973,1.);
#9643=VECTOR('',#15974,1.);
#9644=VECTOR('',#15979,1.);
#9645=VECTOR('',#15984,1.);
#9646=VECTOR('',#15985,1.);
#9647=VECTOR('',#15986,1.);
#9648=VECTOR('',#15991,1.);
#9649=VECTOR('',#15996,1.);
#9650=VECTOR('',#15997,1.);
#9651=VECTOR('',#15998,1.);
#9652=VECTOR('',#16003,1.);
#9653=VECTOR('',#16008,1.);
#9654=VECTOR('',#16009,1.);
#9655=VECTOR('',#16010,1.);
#9656=VECTOR('',#16013,1.);
#9657=VECTOR('',#16014,1.);
#9658=VECTOR('',#16015,1.);
#9659=VECTOR('',#16016,1.);
#9660=VECTOR('',#16021,1.);
#9661=VECTOR('',#16026,1.);
#9662=VECTOR('',#16027,1.);
#9663=VECTOR('',#16028,1.);
#9664=VECTOR('',#16033,1.);
#9665=VECTOR('',#16038,1.);
#9666=VECTOR('',#16039,1.);
#9667=VECTOR('',#16040,1.);
#9668=VECTOR('',#16045,1.);
#9669=VECTOR('',#16050,1.);
#9670=VECTOR('',#16051,1.);
#9671=VECTOR('',#16052,1.);
#9672=VECTOR('',#16055,1.);
#9673=VECTOR('',#16056,1.);
#9674=VECTOR('',#16057,1.);
#9675=VECTOR('',#16058,1.);
#9676=VECTOR('',#16063,1.);
#9677=VECTOR('',#16068,1.);
#9678=VECTOR('',#16069,1.);
#9679=VECTOR('',#16070,1.);
#9680=VECTOR('',#16075,1.);
#9681=VECTOR('',#16080,1.);
#9682=VECTOR('',#16081,1.);
#9683=VECTOR('',#16082,1.);
#9684=VECTOR('',#16087,1.);
#9685=VECTOR('',#16092,1.);
#9686=VECTOR('',#16093,1.);
#9687=VECTOR('',#16094,1.);
#9688=VECTOR('',#16097,1.);
#9689=VECTOR('',#16098,1.);
#9690=VECTOR('',#16099,1.);
#9691=VECTOR('',#16100,1.);
#9692=VECTOR('',#16105,1.);
#9693=VECTOR('',#16110,1.);
#9694=VECTOR('',#16111,1.);
#9695=VECTOR('',#16112,1.);
#9696=VECTOR('',#16117,1.);
#9697=VECTOR('',#16122,1.);
#9698=VECTOR('',#16123,1.);
#9699=VECTOR('',#16124,1.);
#9700=VECTOR('',#16129,1.);
#9701=VECTOR('',#16134,1.);
#9702=VECTOR('',#16135,1.);
#9703=VECTOR('',#16136,1.);
#9704=VECTOR('',#16139,1.);
#9705=VECTOR('',#16140,1.);
#9706=VECTOR('',#16141,1.);
#9707=VECTOR('',#16142,1.);
#9708=VECTOR('',#16147,1.);
#9709=VECTOR('',#16152,1.);
#9710=VECTOR('',#16153,1.);
#9711=VECTOR('',#16154,1.);
#9712=VECTOR('',#16159,1.);
#9713=VECTOR('',#16164,1.);
#9714=VECTOR('',#16165,1.);
#9715=VECTOR('',#16166,1.);
#9716=VECTOR('',#16171,1.);
#9717=VECTOR('',#16176,1.);
#9718=VECTOR('',#16177,1.);
#9719=VECTOR('',#16178,1.);
#9720=VECTOR('',#16181,1.);
#9721=VECTOR('',#16182,1.);
#9722=VECTOR('',#16183,1.);
#9723=VECTOR('',#16184,1.);
#9724=VECTOR('',#16189,1.);
#9725=VECTOR('',#16194,1.);
#9726=VECTOR('',#16195,1.);
#9727=VECTOR('',#16196,1.);
#9728=VECTOR('',#16201,1.);
#9729=VECTOR('',#16206,1.);
#9730=VECTOR('',#16207,1.);
#9731=VECTOR('',#16208,1.);
#9732=VECTOR('',#16213,1.);
#9733=VECTOR('',#16218,1.);
#9734=VECTOR('',#16219,1.);
#9735=VECTOR('',#16220,1.);
#9736=VECTOR('',#16223,1.);
#9737=VECTOR('',#16224,1.);
#9738=VECTOR('',#16225,1.);
#9739=VECTOR('',#16226,1.);
#9740=VECTOR('',#16231,1.);
#9741=VECTOR('',#16236,1.);
#9742=VECTOR('',#16237,1.);
#9743=VECTOR('',#16238,1.);
#9744=VECTOR('',#16243,1.);
#9745=VECTOR('',#16248,1.);
#9746=VECTOR('',#16249,1.);
#9747=VECTOR('',#16250,1.);
#9748=VECTOR('',#16255,1.);
#9749=VECTOR('',#16260,1.);
#9750=VECTOR('',#16261,1.);
#9751=VECTOR('',#16262,1.);
#9752=VECTOR('',#16265,1.);
#9753=VECTOR('',#16266,1.);
#9754=VECTOR('',#16267,1.);
#9755=VECTOR('',#16268,1.);
#9756=VECTOR('',#16273,1.);
#9757=VECTOR('',#16278,1.);
#9758=VECTOR('',#16279,1.);
#9759=VECTOR('',#16280,1.);
#9760=VECTOR('',#16285,1.);
#9761=VECTOR('',#16290,1.);
#9762=VECTOR('',#16291,1.);
#9763=VECTOR('',#16292,1.);
#9764=VECTOR('',#16297,1.);
#9765=VECTOR('',#16302,1.);
#9766=VECTOR('',#16303,1.);
#9767=VECTOR('',#16304,1.);
#9768=VECTOR('',#16307,1.);
#9769=VECTOR('',#16308,1.);
#9770=VECTOR('',#16309,1.);
#9771=VECTOR('',#16310,1.);
#9772=VECTOR('',#16315,1.);
#9773=VECTOR('',#16320,1.);
#9774=VECTOR('',#16321,1.);
#9775=VECTOR('',#16322,1.);
#9776=VECTOR('',#16327,1.);
#9777=VECTOR('',#16332,1.);
#9778=VECTOR('',#16333,1.);
#9779=VECTOR('',#16334,1.);
#9780=VECTOR('',#16339,1.);
#9781=VECTOR('',#16344,1.);
#9782=VECTOR('',#16345,1.);
#9783=VECTOR('',#16346,1.);
#9784=VECTOR('',#16349,1.);
#9785=VECTOR('',#16350,1.);
#9786=VECTOR('',#16351,1.);
#9787=VECTOR('',#16352,1.);
#9788=VECTOR('',#16357,1.);
#9789=VECTOR('',#16362,1.);
#9790=VECTOR('',#16363,1.);
#9791=VECTOR('',#16364,1.);
#9792=VECTOR('',#16369,1.);
#9793=VECTOR('',#16374,1.);
#9794=VECTOR('',#16375,1.);
#9795=VECTOR('',#16376,1.);
#9796=VECTOR('',#16381,1.);
#9797=VECTOR('',#16386,1.);
#9798=VECTOR('',#16387,1.);
#9799=VECTOR('',#16388,1.);
#9800=VECTOR('',#16391,1.);
#9801=VECTOR('',#16392,1.);
#9802=VECTOR('',#16393,1.);
#9803=VECTOR('',#16394,1.);
#9804=VECTOR('',#16399,1.);
#9805=VECTOR('',#16404,1.);
#9806=VECTOR('',#16405,1.);
#9807=VECTOR('',#16406,1.);
#9808=VECTOR('',#16411,1.);
#9809=VECTOR('',#16416,1.);
#9810=VECTOR('',#16417,1.);
#9811=VECTOR('',#16418,1.);
#9812=VECTOR('',#16423,1.);
#9813=VECTOR('',#16428,1.);
#9814=VECTOR('',#16429,1.);
#9815=VECTOR('',#16430,1.);
#9816=VECTOR('',#16433,1.);
#9817=VECTOR('',#16434,1.);
#9818=VECTOR('',#16435,1.);
#9819=VECTOR('',#16436,1.);
#9820=VECTOR('',#16441,1.);
#9821=VECTOR('',#16446,1.);
#9822=VECTOR('',#16447,1.);
#9823=VECTOR('',#16448,1.);
#9824=VECTOR('',#16453,1.);
#9825=VECTOR('',#16458,1.);
#9826=VECTOR('',#16459,1.);
#9827=VECTOR('',#16460,1.);
#9828=VECTOR('',#16465,1.);
#9829=VECTOR('',#16470,1.);
#9830=VECTOR('',#16471,1.);
#9831=VECTOR('',#16472,1.);
#9832=VECTOR('',#16475,1.);
#9833=VECTOR('',#16476,1.);
#9834=VECTOR('',#16477,1.);
#9835=VECTOR('',#16478,1.);
#9836=VECTOR('',#16483,1.);
#9837=VECTOR('',#16488,1.);
#9838=VECTOR('',#16489,1.);
#9839=VECTOR('',#16490,1.);
#9840=VECTOR('',#16495,1.);
#9841=VECTOR('',#16500,1.);
#9842=VECTOR('',#16501,1.);
#9843=VECTOR('',#16502,1.);
#9844=VECTOR('',#16507,1.);
#9845=VECTOR('',#16512,1.);
#9846=VECTOR('',#16513,1.);
#9847=VECTOR('',#16514,1.);
#9848=VECTOR('',#16517,1.);
#9849=VECTOR('',#16518,1.);
#9850=VECTOR('',#16519,1.);
#9851=VECTOR('',#16520,1.);
#9852=VECTOR('',#16525,1.);
#9853=VECTOR('',#16530,1.);
#9854=VECTOR('',#16531,1.);
#9855=VECTOR('',#16532,1.);
#9856=VECTOR('',#16537,1.);
#9857=VECTOR('',#16542,1.);
#9858=VECTOR('',#16543,1.);
#9859=VECTOR('',#16544,1.);
#9860=VECTOR('',#16549,1.);
#9861=VECTOR('',#16554,1.);
#9862=VECTOR('',#16555,1.);
#9863=VECTOR('',#16556,1.);
#9864=VECTOR('',#16559,1.);
#9865=VECTOR('',#16560,1.);
#9866=VECTOR('',#16561,1.);
#9867=VECTOR('',#16562,1.);
#9868=VECTOR('',#16567,1.);
#9869=VECTOR('',#16572,1.);
#9870=VECTOR('',#16573,1.);
#9871=VECTOR('',#16574,1.);
#9872=VECTOR('',#16579,1.);
#9873=VECTOR('',#16584,1.);
#9874=VECTOR('',#16585,1.);
#9875=VECTOR('',#16586,1.);
#9876=VECTOR('',#16591,1.);
#9877=VECTOR('',#16596,1.);
#9878=VECTOR('',#16597,1.);
#9879=VECTOR('',#16598,1.);
#9880=VECTOR('',#16601,1.);
#9881=VECTOR('',#16602,1.);
#9882=VECTOR('',#16603,1.);
#9883=VECTOR('',#16604,1.);
#9884=VECTOR('',#16609,1.);
#9885=VECTOR('',#16614,1.);
#9886=VECTOR('',#16615,1.);
#9887=VECTOR('',#16616,1.);
#9888=VECTOR('',#16621,1.);
#9889=VECTOR('',#16626,1.);
#9890=VECTOR('',#16627,1.);
#9891=VECTOR('',#16628,1.);
#9892=VECTOR('',#16633,1.);
#9893=VECTOR('',#16638,1.);
#9894=VECTOR('',#16639,1.);
#9895=VECTOR('',#16640,1.);
#9896=VECTOR('',#16643,1.);
#9897=VECTOR('',#16644,1.);
#9898=VECTOR('',#16645,1.);
#9899=VECTOR('',#16646,1.);
#9900=VECTOR('',#16649,1.);
#9901=VECTOR('',#16650,1.);
#9902=VECTOR('',#16651,1.);
#9903=VECTOR('',#16652,1.);
#9904=VECTOR('',#16655,1.);
#9905=VECTOR('',#16656,1.);
#9906=VECTOR('',#16657,1.);
#9907=VECTOR('',#16658,1.);
#9908=VECTOR('',#17099,1.);
#9909=VECTOR('',#17100,1.);
#9910=VECTOR('',#17101,1.);
#9911=VECTOR('',#17102,1.);
#9912=EDGE_LOOP('',(#912,#913,#914,#915));
#9913=EDGE_LOOP('',(#916,#917,#918,#919));
#9914=EDGE_LOOP('',(#920,#921,#922,#923));
#9915=EDGE_LOOP('',(#924,#925,#926,#927));
#9916=EDGE_LOOP('',(#928,#929,#930,#931));
#9917=EDGE_LOOP('',(#932,#933,#934,#935));
#9918=EDGE_LOOP('',(#936,#937,#938,#939));
#9919=EDGE_LOOP('',(#940,#941,#942,#943));
#9920=EDGE_LOOP('',(#944,#945,#946,#947));
#9921=EDGE_LOOP('',(#948,#949,#950,#951));
#9922=EDGE_LOOP('',(#952,#953,#954,#955));
#9923=EDGE_LOOP('',(#956,#957,#958,#959));
#9924=EDGE_LOOP('',(#960,#961,#962,#963));
#9925=EDGE_LOOP('',(#964,#965,#966,#967));
#9926=EDGE_LOOP('',(#968,#969,#970,#971));
#9927=EDGE_LOOP('',(#972,#973,#974,#975));
#9928=EDGE_LOOP('',(#976,#977,#978,#979));
#9929=EDGE_LOOP('',(#980,#981,#982,#983));
#9930=EDGE_LOOP('',(#984,#985,#986,#987));
#9931=EDGE_LOOP('',(#988,#989,#990,#991));
#9932=EDGE_LOOP('',(#992,#993,#994,#995));
#9933=EDGE_LOOP('',(#996,#997,#998,#999));
#9934=EDGE_LOOP('',(#1000,#1001,#1002,#1003));
#9935=EDGE_LOOP('',(#1004,#1005,#1006,#1007));
#9936=EDGE_LOOP('',(#1008,#1009,#1010,#1011));
#9937=EDGE_LOOP('',(#1012,#1013,#1014,#1015));
#9938=EDGE_LOOP('',(#1016,#1017,#1018,#1019));
#9939=EDGE_LOOP('',(#1020,#1021,#1022,#1023));
#9940=EDGE_LOOP('',(#1024,#1025,#1026,#1027));
#9941=EDGE_LOOP('',(#1028,#1029,#1030,#1031));
#9942=EDGE_LOOP('',(#1032,#1033,#1034,#1035));
#9943=EDGE_LOOP('',(#1036,#1037,#1038,#1039));
#9944=EDGE_LOOP('',(#1040,#1041,#1042,#1043));
#9945=EDGE_LOOP('',(#1044,#1045,#1046,#1047));
#9946=EDGE_LOOP('',(#1048,#1049,#1050,#1051));
#9947=EDGE_LOOP('',(#1052,#1053,#1054,#1055));
#9948=EDGE_LOOP('',(#1056,#1057,#1058,#1059));
#9949=EDGE_LOOP('',(#1060,#1061,#1062,#1063));
#9950=EDGE_LOOP('',(#1064,#1065,#1066,#1067));
#9951=EDGE_LOOP('',(#1068,#1069,#1070,#1071));
#9952=EDGE_LOOP('',(#1072,#1073,#1074,#1075));
#9953=EDGE_LOOP('',(#1076,#1077,#1078,#1079));
#9954=EDGE_LOOP('',(#1080,#1081,#1082,#1083));
#9955=EDGE_LOOP('',(#1084,#1085,#1086,#1087));
#9956=EDGE_LOOP('',(#1088,#1089,#1090,#1091));
#9957=EDGE_LOOP('',(#1092,#1093,#1094,#1095));
#9958=EDGE_LOOP('',(#1096,#1097,#1098,#1099));
#9959=EDGE_LOOP('',(#1100,#1101,#1102,#1103));
#9960=EDGE_LOOP('',(#1104,#1105,#1106,#1107));
#9961=EDGE_LOOP('',(#1108,#1109,#1110,#1111));
#9962=EDGE_LOOP('',(#1112,#1113,#1114,#1115));
#9963=EDGE_LOOP('',(#1116,#1117,#1118,#1119));
#9964=EDGE_LOOP('',(#1120,#1121,#1122,#1123));
#9965=EDGE_LOOP('',(#1124,#1125,#1126,#1127));
#9966=EDGE_LOOP('',(#1128,#1129,#1130,#1131));
#9967=EDGE_LOOP('',(#1132,#1133,#1134,#1135));
#9968=EDGE_LOOP('',(#1136,#1137,#1138,#1139));
#9969=EDGE_LOOP('',(#1140,#1141,#1142,#1143));
#9970=EDGE_LOOP('',(#1144,#1145,#1146,#1147));
#9971=EDGE_LOOP('',(#1148,#1149,#1150,#1151));
#9972=EDGE_LOOP('',(#1152,#1153,#1154,#1155));
#9973=EDGE_LOOP('',(#1156,#1157,#1158,#1159));
#9974=EDGE_LOOP('',(#1160,#1161,#1162,#1163));
#9975=EDGE_LOOP('',(#1164,#1165,#1166,#1167));
#9976=EDGE_LOOP('',(#1168,#1169,#1170,#1171));
#9977=EDGE_LOOP('',(#1172,#1173,#1174,#1175));
#9978=EDGE_LOOP('',(#1176,#1177,#1178,#1179));
#9979=EDGE_LOOP('',(#1180,#1181,#1182,#1183));
#9980=EDGE_LOOP('',(#1184,#1185,#1186,#1187));
#9981=EDGE_LOOP('',(#1188,#1189,#1190,#1191));
#9982=EDGE_LOOP('',(#1192,#1193,#1194,#1195));
#9983=EDGE_LOOP('',(#1196,#1197,#1198,#1199));
#9984=EDGE_LOOP('',(#1200,#1201,#1202,#1203));
#9985=EDGE_LOOP('',(#1204,#1205,#1206,#1207));
#9986=EDGE_LOOP('',(#1208,#1209,#1210,#1211));
#9987=EDGE_LOOP('',(#1212,#1213,#1214,#1215));
#9988=EDGE_LOOP('',(#1216,#1217,#1218,#1219));
#9989=EDGE_LOOP('',(#1220,#1221,#1222,#1223));
#9990=EDGE_LOOP('',(#1224,#1225,#1226,#1227));
#9991=EDGE_LOOP('',(#1228,#1229,#1230,#1231));
#9992=EDGE_LOOP('',(#1232,#1233,#1234,#1235));
#9993=EDGE_LOOP('',(#1236,#1237,#1238,#1239));
#9994=EDGE_LOOP('',(#1240,#1241,#1242,#1243));
#9995=EDGE_LOOP('',(#1244,#1245,#1246,#1247));
#9996=EDGE_LOOP('',(#1248,#1249,#1250,#1251));
#9997=EDGE_LOOP('',(#1252,#1253,#1254,#1255));
#9998=EDGE_LOOP('',(#1256,#1257,#1258,#1259));
#9999=EDGE_LOOP('',(#1260,#1261,#1262,#1263));
#10000=EDGE_LOOP('',(#1264,#1265,#1266,#1267));
#10001=EDGE_LOOP('',(#1268,#1269,#1270,#1271));
#10002=EDGE_LOOP('',(#1272,#1273,#1274,#1275));
#10003=EDGE_LOOP('',(#1276,#1277,#1278,#1279));
#10004=EDGE_LOOP('',(#1280,#1281,#1282,#1283));
#10005=EDGE_LOOP('',(#1284,#1285,#1286,#1287));
#10006=EDGE_LOOP('',(#1288,#1289,#1290,#1291));
#10007=EDGE_LOOP('',(#1292,#1293,#1294,#1295));
#10008=EDGE_LOOP('',(#1296,#1297,#1298,#1299));
#10009=EDGE_LOOP('',(#1300,#1301,#1302,#1303));
#10010=EDGE_LOOP('',(#1304,#1305,#1306,#1307));
#10011=EDGE_LOOP('',(#1308,#1309,#1310,#1311));
#10012=EDGE_LOOP('',(#1312,#1313,#1314,#1315));
#10013=EDGE_LOOP('',(#1316,#1317,#1318,#1319));
#10014=EDGE_LOOP('',(#1320,#1321,#1322,#1323));
#10015=EDGE_LOOP('',(#1324,#1325,#1326,#1327));
#10016=EDGE_LOOP('',(#1328,#1329,#1330,#1331));
#10017=EDGE_LOOP('',(#1332,#1333,#1334,#1335));
#10018=EDGE_LOOP('',(#1336,#1337,#1338,#1339));
#10019=EDGE_LOOP('',(#1340,#1341,#1342,#1343));
#10020=EDGE_LOOP('',(#1344,#1345,#1346,#1347));
#10021=EDGE_LOOP('',(#1348,#1349,#1350,#1351));
#10022=EDGE_LOOP('',(#1352,#1353,#1354,#1355));
#10023=EDGE_LOOP('',(#1356,#1357,#1358,#1359));
#10024=EDGE_LOOP('',(#1360,#1361,#1362,#1363));
#10025=EDGE_LOOP('',(#1364,#1365,#1366,#1367));
#10026=EDGE_LOOP('',(#1368,#1369,#1370,#1371));
#10027=EDGE_LOOP('',(#1372,#1373,#1374,#1375));
#10028=EDGE_LOOP('',(#1376,#1377,#1378,#1379));
#10029=EDGE_LOOP('',(#1380,#1381,#1382,#1383));
#10030=EDGE_LOOP('',(#1384,#1385,#1386,#1387));
#10031=EDGE_LOOP('',(#1388,#1389,#1390,#1391));
#10032=EDGE_LOOP('',(#1392,#1393,#1394,#1395));
#10033=EDGE_LOOP('',(#1396,#1397,#1398,#1399));
#10034=EDGE_LOOP('',(#1400,#1401,#1402,#1403));
#10035=EDGE_LOOP('',(#1404,#1405,#1406,#1407));
#10036=EDGE_LOOP('',(#1408,#1409,#1410,#1411));
#10037=EDGE_LOOP('',(#1412,#1413,#1414,#1415));
#10038=EDGE_LOOP('',(#1416,#1417,#1418,#1419));
#10039=EDGE_LOOP('',(#1420,#1421,#1422,#1423));
#10040=EDGE_LOOP('',(#1424,#1425,#1426,#1427));
#10041=EDGE_LOOP('',(#1428,#1429,#1430,#1431));
#10042=EDGE_LOOP('',(#1432,#1433,#1434,#1435));
#10043=EDGE_LOOP('',(#1436,#1437,#1438,#1439));
#10044=EDGE_LOOP('',(#1440,#1441,#1442,#1443));
#10045=EDGE_LOOP('',(#1444,#1445,#1446,#1447));
#10046=EDGE_LOOP('',(#1448,#1449,#1450,#1451));
#10047=EDGE_LOOP('',(#1452,#1453,#1454,#1455));
#10048=EDGE_LOOP('',(#1456,#1457,#1458,#1459));
#10049=EDGE_LOOP('',(#1460,#1461,#1462,#1463));
#10050=EDGE_LOOP('',(#1464,#1465,#1466,#1467));
#10051=EDGE_LOOP('',(#1468,#1469,#1470,#1471));
#10052=EDGE_LOOP('',(#1472,#1473,#1474,#1475));
#10053=EDGE_LOOP('',(#1476,#1477,#1478,#1479));
#10054=EDGE_LOOP('',(#1480,#1481,#1482,#1483));
#10055=EDGE_LOOP('',(#1484,#1485,#1486,#1487));
#10056=EDGE_LOOP('',(#1488,#1489,#1490,#1491));
#10057=EDGE_LOOP('',(#1492,#1493,#1494,#1495));
#10058=EDGE_LOOP('',(#1496,#1497,#1498,#1499));
#10059=EDGE_LOOP('',(#1500,#1501,#1502,#1503));
#10060=EDGE_LOOP('',(#1504,#1505,#1506,#1507));
#10061=EDGE_LOOP('',(#1508,#1509,#1510,#1511));
#10062=EDGE_LOOP('',(#1512,#1513,#1514,#1515));
#10063=EDGE_LOOP('',(#1516,#1517,#1518,#1519));
#10064=EDGE_LOOP('',(#1520,#1521,#1522,#1523));
#10065=EDGE_LOOP('',(#1524,#1525,#1526,#1527));
#10066=EDGE_LOOP('',(#1528,#1529,#1530,#1531));
#10067=EDGE_LOOP('',(#1532,#1533,#1534,#1535));
#10068=EDGE_LOOP('',(#1536,#1537,#1538,#1539));
#10069=EDGE_LOOP('',(#1540,#1541,#1542,#1543));
#10070=EDGE_LOOP('',(#1544,#1545,#1546,#1547));
#10071=EDGE_LOOP('',(#1548,#1549,#1550,#1551));
#10072=EDGE_LOOP('',(#1552,#1553,#1554,#1555));
#10073=EDGE_LOOP('',(#1556,#1557,#1558,#1559));
#10074=EDGE_LOOP('',(#1560,#1561,#1562,#1563));
#10075=EDGE_LOOP('',(#1564,#1565,#1566,#1567));
#10076=EDGE_LOOP('',(#1568,#1569,#1570,#1571));
#10077=EDGE_LOOP('',(#1572,#1573,#1574,#1575));
#10078=EDGE_LOOP('',(#1576,#1577,#1578,#1579));
#10079=EDGE_LOOP('',(#1580,#1581,#1582,#1583));
#10080=EDGE_LOOP('',(#1584,#1585,#1586,#1587));
#10081=EDGE_LOOP('',(#1588,#1589,#1590,#1591));
#10082=EDGE_LOOP('',(#1592,#1593,#1594,#1595));
#10083=EDGE_LOOP('',(#1596,#1597,#1598,#1599));
#10084=EDGE_LOOP('',(#1600,#1601,#1602,#1603));
#10085=EDGE_LOOP('',(#1604,#1605,#1606,#1607));
#10086=EDGE_LOOP('',(#1608,#1609,#1610,#1611));
#10087=EDGE_LOOP('',(#1612,#1613,#1614,#1615));
#10088=EDGE_LOOP('',(#1616,#1617,#1618,#1619));
#10089=EDGE_LOOP('',(#1620,#1621,#1622,#1623));
#10090=EDGE_LOOP('',(#1624,#1625,#1626,#1627));
#10091=EDGE_LOOP('',(#1628,#1629,#1630,#1631));
#10092=EDGE_LOOP('',(#1632,#1633,#1634,#1635));
#10093=EDGE_LOOP('',(#1636,#1637,#1638,#1639));
#10094=EDGE_LOOP('',(#1640,#1641,#1642,#1643));
#10095=EDGE_LOOP('',(#1644,#1645,#1646,#1647));
#10096=EDGE_LOOP('',(#1648,#1649,#1650,#1651));
#10097=EDGE_LOOP('',(#1652,#1653,#1654,#1655));
#10098=EDGE_LOOP('',(#1656,#1657,#1658,#1659));
#10099=EDGE_LOOP('',(#1660,#1661,#1662,#1663));
#10100=EDGE_LOOP('',(#1664,#1665,#1666,#1667));
#10101=EDGE_LOOP('',(#1668,#1669,#1670,#1671));
#10102=EDGE_LOOP('',(#1672,#1673,#1674,#1675));
#10103=EDGE_LOOP('',(#1676,#1677,#1678,#1679));
#10104=EDGE_LOOP('',(#1680,#1681,#1682,#1683));
#10105=EDGE_LOOP('',(#1684,#1685,#1686,#1687));
#10106=EDGE_LOOP('',(#1688,#1689,#1690,#1691));
#10107=EDGE_LOOP('',(#1692,#1693,#1694,#1695));
#10108=EDGE_LOOP('',(#1696,#1697,#1698,#1699));
#10109=EDGE_LOOP('',(#1700,#1701,#1702,#1703));
#10110=EDGE_LOOP('',(#1704,#1705,#1706,#1707));
#10111=EDGE_LOOP('',(#1708,#1709,#1710,#1711));
#10112=EDGE_LOOP('',(#1712,#1713,#1714,#1715));
#10113=EDGE_LOOP('',(#1716,#1717,#1718,#1719));
#10114=EDGE_LOOP('',(#1720,#1721,#1722,#1723));
#10115=EDGE_LOOP('',(#1724,#1725,#1726,#1727));
#10116=EDGE_LOOP('',(#1728,#1729,#1730,#1731));
#10117=EDGE_LOOP('',(#1732,#1733,#1734,#1735));
#10118=EDGE_LOOP('',(#1736,#1737,#1738,#1739));
#10119=EDGE_LOOP('',(#1740,#1741,#1742,#1743));
#10120=EDGE_LOOP('',(#1744,#1745,#1746,#1747));
#10121=EDGE_LOOP('',(#1748,#1749,#1750,#1751));
#10122=EDGE_LOOP('',(#1752,#1753,#1754,#1755));
#10123=EDGE_LOOP('',(#1756,#1757,#1758,#1759));
#10124=EDGE_LOOP('',(#1760,#1761,#1762,#1763));
#10125=EDGE_LOOP('',(#1764,#1765,#1766,#1767));
#10126=EDGE_LOOP('',(#1768,#1769,#1770,#1771));
#10127=EDGE_LOOP('',(#1772,#1773,#1774,#1775));
#10128=EDGE_LOOP('',(#1776,#1777,#1778,#1779));
#10129=EDGE_LOOP('',(#1780,#1781,#1782,#1783));
#10130=EDGE_LOOP('',(#1784,#1785,#1786,#1787));
#10131=EDGE_LOOP('',(#1788,#1789,#1790,#1791));
#10132=EDGE_LOOP('',(#1792,#1793,#1794,#1795));
#10133=EDGE_LOOP('',(#1796,#1797,#1798,#1799));
#10134=EDGE_LOOP('',(#1800,#1801,#1802,#1803));
#10135=EDGE_LOOP('',(#1804,#1805,#1806,#1807));
#10136=EDGE_LOOP('',(#1808,#1809,#1810,#1811));
#10137=EDGE_LOOP('',(#1812,#1813,#1814,#1815));
#10138=EDGE_LOOP('',(#1816,#1817,#1818,#1819));
#10139=EDGE_LOOP('',(#1820,#1821,#1822,#1823));
#10140=EDGE_LOOP('',(#1824,#1825,#1826,#1827));
#10141=EDGE_LOOP('',(#1828,#1829,#1830,#1831));
#10142=EDGE_LOOP('',(#1832,#1833,#1834,#1835));
#10143=EDGE_LOOP('',(#1836,#1837,#1838,#1839));
#10144=EDGE_LOOP('',(#1840,#1841,#1842,#1843));
#10145=EDGE_LOOP('',(#1844,#1845,#1846,#1847));
#10146=EDGE_LOOP('',(#1848,#1849,#1850,#1851));
#10147=EDGE_LOOP('',(#1852,#1853,#1854,#1855));
#10148=EDGE_LOOP('',(#1856,#1857,#1858,#1859));
#10149=EDGE_LOOP('',(#1860,#1861,#1862,#1863));
#10150=EDGE_LOOP('',(#1864,#1865,#1866,#1867));
#10151=EDGE_LOOP('',(#1868,#1869,#1870,#1871));
#10152=EDGE_LOOP('',(#1872,#1873,#1874,#1875));
#10153=EDGE_LOOP('',(#1876,#1877,#1878,#1879));
#10154=EDGE_LOOP('',(#1880,#1881,#1882,#1883));
#10155=EDGE_LOOP('',(#1884,#1885,#1886,#1887));
#10156=EDGE_LOOP('',(#1888,#1889,#1890,#1891));
#10157=EDGE_LOOP('',(#1892,#1893,#1894,#1895));
#10158=EDGE_LOOP('',(#1896,#1897,#1898,#1899));
#10159=EDGE_LOOP('',(#1900,#1901,#1902,#1903));
#10160=EDGE_LOOP('',(#1904,#1905,#1906,#1907));
#10161=EDGE_LOOP('',(#1908,#1909,#1910,#1911));
#10162=EDGE_LOOP('',(#1912,#1913,#1914,#1915));
#10163=EDGE_LOOP('',(#1916,#1917,#1918,#1919));
#10164=EDGE_LOOP('',(#1920,#1921,#1922,#1923));
#10165=EDGE_LOOP('',(#1924,#1925,#1926,#1927));
#10166=EDGE_LOOP('',(#1928,#1929,#1930,#1931));
#10167=EDGE_LOOP('',(#1932,#1933,#1934,#1935));
#10168=EDGE_LOOP('',(#1936,#1937,#1938,#1939));
#10169=EDGE_LOOP('',(#1940,#1941,#1942,#1943));
#10170=EDGE_LOOP('',(#1944,#1945,#1946,#1947));
#10171=EDGE_LOOP('',(#1948,#1949,#1950,#1951));
#10172=EDGE_LOOP('',(#1952,#1953,#1954,#1955));
#10173=EDGE_LOOP('',(#1956,#1957,#1958,#1959));
#10174=EDGE_LOOP('',(#1960,#1961,#1962,#1963));
#10175=EDGE_LOOP('',(#1964,#1965,#1966,#1967));
#10176=EDGE_LOOP('',(#1968,#1969,#1970,#1971));
#10177=EDGE_LOOP('',(#1972,#1973,#1974,#1975));
#10178=EDGE_LOOP('',(#1976,#1977,#1978,#1979));
#10179=EDGE_LOOP('',(#1980,#1981,#1982,#1983));
#10180=EDGE_LOOP('',(#1984,#1985,#1986,#1987));
#10181=EDGE_LOOP('',(#1988,#1989,#1990,#1991));
#10182=EDGE_LOOP('',(#1992,#1993,#1994,#1995));
#10183=EDGE_LOOP('',(#1996,#1997,#1998,#1999));
#10184=EDGE_LOOP('',(#2000,#2001,#2002,#2003));
#10185=EDGE_LOOP('',(#2004,#2005,#2006,#2007));
#10186=EDGE_LOOP('',(#2008,#2009,#2010,#2011));
#10187=EDGE_LOOP('',(#2012,#2013,#2014,#2015));
#10188=EDGE_LOOP('',(#2016,#2017,#2018,#2019));
#10189=EDGE_LOOP('',(#2020,#2021,#2022,#2023));
#10190=EDGE_LOOP('',(#2024,#2025,#2026,#2027));
#10191=EDGE_LOOP('',(#2028,#2029,#2030,#2031));
#10192=EDGE_LOOP('',(#2032,#2033,#2034,#2035));
#10193=EDGE_LOOP('',(#2036,#2037,#2038,#2039));
#10194=EDGE_LOOP('',(#2040,#2041,#2042,#2043));
#10195=EDGE_LOOP('',(#2044,#2045,#2046,#2047));
#10196=EDGE_LOOP('',(#2048,#2049,#2050,#2051));
#10197=EDGE_LOOP('',(#2052,#2053,#2054,#2055));
#10198=EDGE_LOOP('',(#2056,#2057,#2058,#2059));
#10199=EDGE_LOOP('',(#2060,#2061,#2062,#2063));
#10200=EDGE_LOOP('',(#2064,#2065,#2066,#2067));
#10201=EDGE_LOOP('',(#2068,#2069,#2070,#2071));
#10202=EDGE_LOOP('',(#2072,#2073,#2074,#2075));
#10203=EDGE_LOOP('',(#2076,#2077,#2078,#2079));
#10204=EDGE_LOOP('',(#2080,#2081,#2082,#2083));
#10205=EDGE_LOOP('',(#2084,#2085,#2086,#2087));
#10206=EDGE_LOOP('',(#2088,#2089,#2090,#2091));
#10207=EDGE_LOOP('',(#2092,#2093,#2094,#2095));
#10208=EDGE_LOOP('',(#2096,#2097,#2098,#2099));
#10209=EDGE_LOOP('',(#2100,#2101,#2102,#2103));
#10210=EDGE_LOOP('',(#2104,#2105,#2106,#2107));
#10211=EDGE_LOOP('',(#2108,#2109,#2110,#2111));
#10212=EDGE_LOOP('',(#2112,#2113,#2114,#2115));
#10213=EDGE_LOOP('',(#2116,#2117,#2118,#2119));
#10214=EDGE_LOOP('',(#2120,#2121,#2122,#2123));
#10215=EDGE_LOOP('',(#2124,#2125,#2126,#2127));
#10216=EDGE_LOOP('',(#2128,#2129,#2130,#2131));
#10217=EDGE_LOOP('',(#2132,#2133,#2134,#2135));
#10218=EDGE_LOOP('',(#2136,#2137,#2138,#2139));
#10219=EDGE_LOOP('',(#2140,#2141,#2142,#2143));
#10220=EDGE_LOOP('',(#2144,#2145,#2146,#2147));
#10221=EDGE_LOOP('',(#2148,#2149,#2150,#2151));
#10222=EDGE_LOOP('',(#2152,#2153,#2154,#2155));
#10223=EDGE_LOOP('',(#2156,#2157,#2158,#2159));
#10224=EDGE_LOOP('',(#2160,#2161,#2162,#2163));
#10225=EDGE_LOOP('',(#2164,#2165,#2166,#2167));
#10226=EDGE_LOOP('',(#2168,#2169,#2170,#2171));
#10227=EDGE_LOOP('',(#2172,#2173,#2174,#2175));
#10228=EDGE_LOOP('',(#2176,#2177,#2178,#2179));
#10229=EDGE_LOOP('',(#2180,#2181,#2182,#2183));
#10230=EDGE_LOOP('',(#2184,#2185,#2186,#2187));
#10231=EDGE_LOOP('',(#2188,#2189,#2190,#2191));
#10232=EDGE_LOOP('',(#2192,#2193,#2194,#2195));
#10233=EDGE_LOOP('',(#2196,#2197,#2198,#2199));
#10234=EDGE_LOOP('',(#2200,#2201,#2202,#2203));
#10235=EDGE_LOOP('',(#2204,#2205,#2206,#2207));
#10236=EDGE_LOOP('',(#2208,#2209,#2210,#2211));
#10237=EDGE_LOOP('',(#2212,#2213,#2214,#2215));
#10238=EDGE_LOOP('',(#2216,#2217,#2218,#2219));
#10239=EDGE_LOOP('',(#2220,#2221,#2222,#2223));
#10240=EDGE_LOOP('',(#2224,#2225,#2226,#2227));
#10241=EDGE_LOOP('',(#2228,#2229,#2230,#2231));
#10242=EDGE_LOOP('',(#2232,#2233,#2234,#2235));
#10243=EDGE_LOOP('',(#2236,#2237,#2238,#2239));
#10244=EDGE_LOOP('',(#2240,#2241,#2242,#2243));
#10245=EDGE_LOOP('',(#2244,#2245,#2246,#2247));
#10246=EDGE_LOOP('',(#2248,#2249,#2250,#2251));
#10247=EDGE_LOOP('',(#2252,#2253,#2254,#2255));
#10248=EDGE_LOOP('',(#2256,#2257,#2258,#2259));
#10249=EDGE_LOOP('',(#2260,#2261,#2262,#2263));
#10250=EDGE_LOOP('',(#2264,#2265,#2266,#2267));
#10251=EDGE_LOOP('',(#2268,#2269,#2270,#2271));
#10252=EDGE_LOOP('',(#2272,#2273,#2274,#2275));
#10253=EDGE_LOOP('',(#2276,#2277,#2278,#2279));
#10254=EDGE_LOOP('',(#2280,#2281,#2282,#2283));
#10255=EDGE_LOOP('',(#2284,#2285,#2286,#2287));
#10256=EDGE_LOOP('',(#2288,#2289,#2290,#2291));
#10257=EDGE_LOOP('',(#2292,#2293,#2294,#2295));
#10258=EDGE_LOOP('',(#2296,#2297,#2298,#2299));
#10259=EDGE_LOOP('',(#2300,#2301,#2302,#2303));
#10260=EDGE_LOOP('',(#2304,#2305,#2306,#2307));
#10261=EDGE_LOOP('',(#2308,#2309,#2310,#2311));
#10262=EDGE_LOOP('',(#2312,#2313,#2314,#2315));
#10263=EDGE_LOOP('',(#2316,#2317,#2318,#2319));
#10264=EDGE_LOOP('',(#2320,#2321,#2322,#2323));
#10265=EDGE_LOOP('',(#2324,#2325,#2326,#2327));
#10266=EDGE_LOOP('',(#2328,#2329,#2330,#2331));
#10267=EDGE_LOOP('',(#2332,#2333,#2334,#2335));
#10268=EDGE_LOOP('',(#2336,#2337,#2338,#2339));
#10269=EDGE_LOOP('',(#2340,#2341,#2342,#2343));
#10270=EDGE_LOOP('',(#2344,#2345,#2346,#2347));
#10271=EDGE_LOOP('',(#2348,#2349,#2350,#2351));
#10272=EDGE_LOOP('',(#2352,#2353,#2354,#2355));
#10273=EDGE_LOOP('',(#2356,#2357,#2358,#2359));
#10274=EDGE_LOOP('',(#2360,#2361,#2362,#2363));
#10275=EDGE_LOOP('',(#2364,#2365,#2366,#2367));
#10276=EDGE_LOOP('',(#2368,#2369,#2370,#2371));
#10277=EDGE_LOOP('',(#2372,#2373,#2374,#2375));
#10278=EDGE_LOOP('',(#2376,#2377,#2378,#2379));
#10279=EDGE_LOOP('',(#2380,#2381,#2382,#2383));
#10280=EDGE_LOOP('',(#2384,#2385,#2386,#2387));
#10281=EDGE_LOOP('',(#2388,#2389,#2390,#2391));
#10282=EDGE_LOOP('',(#2392,#2393,#2394,#2395));
#10283=EDGE_LOOP('',(#2396,#2397,#2398,#2399));
#10284=EDGE_LOOP('',(#2400,#2401,#2402,#2403));
#10285=EDGE_LOOP('',(#2404,#2405,#2406,#2407));
#10286=EDGE_LOOP('',(#2408,#2409,#2410,#2411));
#10287=EDGE_LOOP('',(#2412,#2413,#2414,#2415));
#10288=EDGE_LOOP('',(#2416,#2417,#2418,#2419));
#10289=EDGE_LOOP('',(#2420,#2421,#2422,#2423));
#10290=EDGE_LOOP('',(#2424,#2425,#2426,#2427));
#10291=EDGE_LOOP('',(#2428,#2429,#2430,#2431));
#10292=EDGE_LOOP('',(#2432,#2433,#2434,#2435));
#10293=EDGE_LOOP('',(#2436,#2437,#2438,#2439));
#10294=EDGE_LOOP('',(#2440,#2441,#2442,#2443));
#10295=EDGE_LOOP('',(#2444,#2445,#2446,#2447));
#10296=EDGE_LOOP('',(#2448,#2449,#2450,#2451));
#10297=EDGE_LOOP('',(#2452,#2453,#2454,#2455));
#10298=EDGE_LOOP('',(#2456,#2457,#2458,#2459));
#10299=EDGE_LOOP('',(#2460,#2461,#2462,#2463));
#10300=EDGE_LOOP('',(#2464,#2465,#2466,#2467));
#10301=EDGE_LOOP('',(#2468,#2469,#2470,#2471));
#10302=EDGE_LOOP('',(#2472,#2473,#2474,#2475));
#10303=EDGE_LOOP('',(#2476,#2477,#2478,#2479));
#10304=EDGE_LOOP('',(#2480,#2481,#2482,#2483));
#10305=EDGE_LOOP('',(#2484,#2485,#2486,#2487));
#10306=EDGE_LOOP('',(#2488,#2489,#2490,#2491));
#10307=EDGE_LOOP('',(#2492,#2493,#2494,#2495));
#10308=EDGE_LOOP('',(#2496,#2497,#2498,#2499));
#10309=EDGE_LOOP('',(#2500,#2501,#2502,#2503));
#10310=EDGE_LOOP('',(#2504,#2505,#2506,#2507));
#10311=EDGE_LOOP('',(#2508,#2509,#2510,#2511));
#10312=EDGE_LOOP('',(#2512,#2513,#2514,#2515));
#10313=EDGE_LOOP('',(#2516,#2517,#2518,#2519));
#10314=EDGE_LOOP('',(#2520,#2521,#2522,#2523));
#10315=EDGE_LOOP('',(#2524,#2525,#2526,#2527));
#10316=EDGE_LOOP('',(#2528,#2529,#2530,#2531));
#10317=EDGE_LOOP('',(#2532,#2533,#2534,#2535));
#10318=EDGE_LOOP('',(#2536,#2537,#2538,#2539));
#10319=EDGE_LOOP('',(#2540,#2541,#2542,#2543));
#10320=EDGE_LOOP('',(#2544,#2545,#2546,#2547));
#10321=EDGE_LOOP('',(#2548,#2549,#2550,#2551));
#10322=EDGE_LOOP('',(#2552,#2553,#2554,#2555));
#10323=EDGE_LOOP('',(#2556,#2557,#2558,#2559));
#10324=EDGE_LOOP('',(#2560,#2561,#2562,#2563));
#10325=EDGE_LOOP('',(#2564,#2565,#2566,#2567));
#10326=EDGE_LOOP('',(#2568,#2569,#2570,#2571));
#10327=EDGE_LOOP('',(#2572,#2573,#2574,#2575));
#10328=EDGE_LOOP('',(#2576,#2577,#2578,#2579));
#10329=EDGE_LOOP('',(#2580,#2581,#2582,#2583));
#10330=EDGE_LOOP('',(#2584,#2585,#2586,#2587));
#10331=EDGE_LOOP('',(#2588,#2589,#2590,#2591));
#10332=EDGE_LOOP('',(#2592,#2593,#2594,#2595));
#10333=EDGE_LOOP('',(#2596,#2597,#2598,#2599));
#10334=EDGE_LOOP('',(#2600,#2601,#2602,#2603));
#10335=EDGE_LOOP('',(#2604,#2605,#2606,#2607));
#10336=EDGE_LOOP('',(#2608,#2609,#2610,#2611));
#10337=EDGE_LOOP('',(#2612,#2613,#2614,#2615));
#10338=EDGE_LOOP('',(#2616,#2617,#2618,#2619));
#10339=EDGE_LOOP('',(#2620,#2621,#2622,#2623));
#10340=EDGE_LOOP('',(#2624,#2625,#2626,#2627));
#10341=EDGE_LOOP('',(#2628,#2629,#2630,#2631));
#10342=EDGE_LOOP('',(#2632,#2633,#2634,#2635));
#10343=EDGE_LOOP('',(#2636,#2637,#2638,#2639));
#10344=EDGE_LOOP('',(#2640,#2641,#2642,#2643));
#10345=EDGE_LOOP('',(#2644,#2645,#2646,#2647));
#10346=EDGE_LOOP('',(#2648,#2649,#2650,#2651));
#10347=EDGE_LOOP('',(#2652,#2653,#2654,#2655));
#10348=EDGE_LOOP('',(#2656,#2657,#2658,#2659));
#10349=EDGE_LOOP('',(#2660,#2661,#2662,#2663));
#10350=EDGE_LOOP('',(#2664,#2665,#2666,#2667));
#10351=EDGE_LOOP('',(#2668,#2669,#2670,#2671));
#10352=EDGE_LOOP('',(#2672,#2673,#2674,#2675));
#10353=EDGE_LOOP('',(#2676,#2677,#2678,#2679));
#10354=EDGE_LOOP('',(#2680,#2681,#2682,#2683));
#10355=EDGE_LOOP('',(#2684,#2685,#2686,#2687));
#10356=EDGE_LOOP('',(#2688,#2689,#2690,#2691));
#10357=EDGE_LOOP('',(#2692,#2693,#2694,#2695));
#10358=EDGE_LOOP('',(#2696,#2697,#2698,#2699));
#10359=EDGE_LOOP('',(#2700,#2701,#2702,#2703));
#10360=EDGE_LOOP('',(#2704,#2705,#2706,#2707));
#10361=EDGE_LOOP('',(#2708,#2709,#2710,#2711));
#10362=EDGE_LOOP('',(#2712,#2713,#2714,#2715));
#10363=EDGE_LOOP('',(#2716,#2717,#2718,#2719));
#10364=EDGE_LOOP('',(#2720,#2721,#2722,#2723));
#10365=EDGE_LOOP('',(#2724,#2725,#2726,#2727));
#10366=EDGE_LOOP('',(#2728,#2729,#2730,#2731));
#10367=EDGE_LOOP('',(#2732,#2733,#2734,#2735));
#10368=EDGE_LOOP('',(#2736,#2737,#2738,#2739));
#10369=EDGE_LOOP('',(#2740,#2741,#2742,#2743));
#10370=EDGE_LOOP('',(#2744,#2745,#2746,#2747));
#10371=EDGE_LOOP('',(#2748,#2749,#2750,#2751));
#10372=EDGE_LOOP('',(#2752,#2753,#2754,#2755));
#10373=EDGE_LOOP('',(#2756,#2757,#2758,#2759));
#10374=EDGE_LOOP('',(#2760,#2761,#2762,#2763));
#10375=EDGE_LOOP('',(#2764,#2765,#2766,#2767));
#10376=EDGE_LOOP('',(#2768,#2769,#2770,#2771));
#10377=EDGE_LOOP('',(#2772,#2773,#2774,#2775));
#10378=EDGE_LOOP('',(#2776,#2777,#2778,#2779));
#10379=EDGE_LOOP('',(#2780,#2781,#2782,#2783));
#10380=EDGE_LOOP('',(#2784,#2785,#2786,#2787));
#10381=EDGE_LOOP('',(#2788,#2789,#2790,#2791));
#10382=EDGE_LOOP('',(#2792,#2793,#2794,#2795));
#10383=EDGE_LOOP('',(#2796,#2797,#2798,#2799));
#10384=EDGE_LOOP('',(#2800,#2801,#2802,#2803));
#10385=EDGE_LOOP('',(#2804,#2805,#2806,#2807));
#10386=EDGE_LOOP('',(#2808,#2809,#2810,#2811));
#10387=EDGE_LOOP('',(#2812,#2813,#2814,#2815));
#10388=EDGE_LOOP('',(#2816,#2817,#2818,#2819));
#10389=EDGE_LOOP('',(#2820,#2821,#2822,#2823));
#10390=EDGE_LOOP('',(#2824,#2825,#2826,#2827));
#10391=EDGE_LOOP('',(#2828,#2829,#2830,#2831));
#10392=EDGE_LOOP('',(#2832,#2833,#2834,#2835));
#10393=EDGE_LOOP('',(#2836,#2837,#2838,#2839));
#10394=EDGE_LOOP('',(#2840,#2841,#2842,#2843));
#10395=EDGE_LOOP('',(#2844,#2845,#2846,#2847));
#10396=EDGE_LOOP('',(#2848,#2849,#2850,#2851));
#10397=EDGE_LOOP('',(#2852,#2853,#2854,#2855));
#10398=EDGE_LOOP('',(#2856,#2857,#2858,#2859));
#10399=EDGE_LOOP('',(#2860,#2861,#2862,#2863));
#10400=EDGE_LOOP('',(#2864,#2865,#2866,#2867));
#10401=EDGE_LOOP('',(#2868,#2869,#2870,#2871));
#10402=EDGE_LOOP('',(#2872,#2873,#2874,#2875));
#10403=EDGE_LOOP('',(#2876,#2877,#2878,#2879));
#10404=EDGE_LOOP('',(#2880,#2881,#2882,#2883));
#10405=EDGE_LOOP('',(#2884,#2885,#2886,#2887));
#10406=EDGE_LOOP('',(#2888,#2889,#2890,#2891));
#10407=EDGE_LOOP('',(#2892,#2893,#2894,#2895));
#10408=EDGE_LOOP('',(#2896,#2897,#2898,#2899));
#10409=EDGE_LOOP('',(#2900,#2901,#2902,#2903));
#10410=EDGE_LOOP('',(#2904,#2905,#2906,#2907));
#10411=EDGE_LOOP('',(#2908,#2909,#2910,#2911));
#10412=EDGE_LOOP('',(#2912,#2913,#2914,#2915));
#10413=EDGE_LOOP('',(#2916,#2917,#2918,#2919));
#10414=EDGE_LOOP('',(#2920,#2921,#2922,#2923));
#10415=EDGE_LOOP('',(#2924,#2925,#2926,#2927));
#10416=EDGE_LOOP('',(#2928,#2929,#2930,#2931));
#10417=EDGE_LOOP('',(#2932,#2933,#2934,#2935));
#10418=EDGE_LOOP('',(#2936,#2937,#2938,#2939));
#10419=EDGE_LOOP('',(#2940,#2941,#2942,#2943));
#10420=EDGE_LOOP('',(#2944,#2945,#2946,#2947));
#10421=EDGE_LOOP('',(#2948,#2949,#2950,#2951));
#10422=EDGE_LOOP('',(#2952,#2953,#2954,#2955));
#10423=EDGE_LOOP('',(#2956,#2957,#2958,#2959));
#10424=EDGE_LOOP('',(#2960,#2961,#2962,#2963));
#10425=EDGE_LOOP('',(#2964,#2965,#2966,#2967));
#10426=EDGE_LOOP('',(#2968,#2969,#2970,#2971));
#10427=EDGE_LOOP('',(#2972,#2973,#2974,#2975));
#10428=EDGE_LOOP('',(#2976,#2977,#2978,#2979));
#10429=EDGE_LOOP('',(#2980,#2981,#2982,#2983));
#10430=EDGE_LOOP('',(#2984,#2985,#2986,#2987));
#10431=EDGE_LOOP('',(#2988,#2989,#2990,#2991));
#10432=EDGE_LOOP('',(#2992,#2993,#2994,#2995));
#10433=EDGE_LOOP('',(#2996,#2997,#2998,#2999));
#10434=EDGE_LOOP('',(#3000,#3001,#3002,#3003));
#10435=EDGE_LOOP('',(#3004,#3005,#3006,#3007));
#10436=EDGE_LOOP('',(#3008,#3009,#3010,#3011));
#10437=EDGE_LOOP('',(#3012,#3013,#3014,#3015));
#10438=EDGE_LOOP('',(#3016,#3017,#3018,#3019));
#10439=EDGE_LOOP('',(#3020,#3021,#3022,#3023));
#10440=EDGE_LOOP('',(#3024,#3025,#3026,#3027));
#10441=EDGE_LOOP('',(#3028,#3029,#3030,#3031));
#10442=EDGE_LOOP('',(#3032,#3033,#3034,#3035));
#10443=EDGE_LOOP('',(#3036,#3037,#3038,#3039));
#10444=EDGE_LOOP('',(#3040,#3041,#3042,#3043));
#10445=EDGE_LOOP('',(#3044,#3045,#3046,#3047));
#10446=EDGE_LOOP('',(#3048,#3049,#3050,#3051));
#10447=EDGE_LOOP('',(#3052,#3053,#3054,#3055));
#10448=EDGE_LOOP('',(#3056,#3057,#3058,#3059));
#10449=EDGE_LOOP('',(#3060,#3061,#3062,#3063));
#10450=EDGE_LOOP('',(#3064,#3065,#3066,#3067));
#10451=EDGE_LOOP('',(#3068,#3069,#3070,#3071));
#10452=EDGE_LOOP('',(#3072,#3073,#3074,#3075));
#10453=EDGE_LOOP('',(#3076,#3077,#3078,#3079));
#10454=EDGE_LOOP('',(#3080,#3081,#3082,#3083));
#10455=EDGE_LOOP('',(#3084,#3085,#3086,#3087));
#10456=EDGE_LOOP('',(#3088,#3089,#3090,#3091));
#10457=EDGE_LOOP('',(#3092,#3093,#3094,#3095));
#10458=EDGE_LOOP('',(#3096,#3097,#3098,#3099));
#10459=EDGE_LOOP('',(#3100,#3101,#3102,#3103));
#10460=EDGE_LOOP('',(#3104,#3105,#3106,#3107));
#10461=EDGE_LOOP('',(#3108,#3109,#3110,#3111));
#10462=EDGE_LOOP('',(#3112,#3113,#3114,#3115));
#10463=EDGE_LOOP('',(#3116,#3117,#3118,#3119));
#10464=EDGE_LOOP('',(#3120,#3121,#3122,#3123));
#10465=EDGE_LOOP('',(#3124,#3125,#3126,#3127));
#10466=EDGE_LOOP('',(#3128,#3129,#3130,#3131));
#10467=EDGE_LOOP('',(#3132,#3133,#3134,#3135));
#10468=EDGE_LOOP('',(#3136,#3137,#3138,#3139));
#10469=EDGE_LOOP('',(#3140,#3141,#3142,#3143));
#10470=EDGE_LOOP('',(#3144,#3145,#3146,#3147));
#10471=EDGE_LOOP('',(#3148,#3149,#3150,#3151));
#10472=EDGE_LOOP('',(#3152,#3153,#3154,#3155));
#10473=EDGE_LOOP('',(#3156,#3157,#3158,#3159));
#10474=EDGE_LOOP('',(#3160,#3161,#3162,#3163));
#10475=EDGE_LOOP('',(#3164,#3165,#3166,#3167));
#10476=EDGE_LOOP('',(#3168,#3169,#3170,#3171));
#10477=EDGE_LOOP('',(#3172,#3173,#3174,#3175));
#10478=EDGE_LOOP('',(#3176,#3177,#3178,#3179));
#10479=EDGE_LOOP('',(#3180,#3181,#3182,#3183));
#10480=EDGE_LOOP('',(#3184,#3185,#3186,#3187));
#10481=EDGE_LOOP('',(#3188,#3189,#3190,#3191));
#10482=EDGE_LOOP('',(#3192,#3193,#3194,#3195));
#10483=EDGE_LOOP('',(#3196,#3197,#3198,#3199));
#10484=EDGE_LOOP('',(#3200,#3201,#3202,#3203));
#10485=EDGE_LOOP('',(#3204,#3205,#3206,#3207));
#10486=EDGE_LOOP('',(#3208,#3209,#3210,#3211));
#10487=EDGE_LOOP('',(#3212,#3213,#3214,#3215));
#10488=EDGE_LOOP('',(#3216,#3217,#3218,#3219));
#10489=EDGE_LOOP('',(#3220,#3221,#3222,#3223));
#10490=EDGE_LOOP('',(#3224,#3225,#3226,#3227));
#10491=EDGE_LOOP('',(#3228,#3229,#3230,#3231));
#10492=EDGE_LOOP('',(#3232,#3233,#3234,#3235));
#10493=EDGE_LOOP('',(#3236,#3237,#3238,#3239));
#10494=EDGE_LOOP('',(#3240,#3241,#3242,#3243));
#10495=EDGE_LOOP('',(#3244,#3245,#3246,#3247));
#10496=EDGE_LOOP('',(#3248,#3249,#3250,#3251));
#10497=EDGE_LOOP('',(#3252,#3253,#3254,#3255));
#10498=EDGE_LOOP('',(#3256,#3257,#3258,#3259));
#10499=EDGE_LOOP('',(#3260,#3261,#3262,#3263));
#10500=EDGE_LOOP('',(#3264,#3265,#3266,#3267));
#10501=EDGE_LOOP('',(#3268,#3269,#3270,#3271));
#10502=EDGE_LOOP('',(#3272,#3273,#3274,#3275));
#10503=EDGE_LOOP('',(#3276,#3277,#3278,#3279));
#10504=EDGE_LOOP('',(#3280,#3281,#3282,#3283));
#10505=EDGE_LOOP('',(#3284,#3285,#3286,#3287));
#10506=EDGE_LOOP('',(#3288,#3289,#3290,#3291));
#10507=EDGE_LOOP('',(#3292,#3293,#3294,#3295));
#10508=EDGE_LOOP('',(#3296,#3297,#3298,#3299,#3300,#3301,#3302,#3303));
#10509=EDGE_LOOP('',(#3304,#3305,#3306,#3307,#3308,#3309,#3310,#3311));
#10510=EDGE_LOOP('',(#3312,#3313,#3314,#3315,#3316,#3317,#3318,#3319));
#10511=EDGE_LOOP('',(#3320,#3321,#3322,#3323,#3324,#3325,#3326,#3327));
#10512=EDGE_LOOP('',(#3328,#3329,#3330,#3331,#3332,#3333,#3334,#3335));
#10513=EDGE_LOOP('',(#3336,#3337,#3338,#3339,#3340,#3341,#3342,#3343));
#10514=EDGE_LOOP('',(#3344,#3345,#3346,#3347,#3348,#3349,#3350,#3351));
#10515=EDGE_LOOP('',(#3352,#3353,#3354,#3355,#3356,#3357,#3358,#3359));
#10516=EDGE_LOOP('',(#3360,#3361,#3362,#3363,#3364,#3365,#3366,#3367));
#10517=EDGE_LOOP('',(#3368,#3369,#3370,#3371,#3372,#3373,#3374,#3375));
#10518=EDGE_LOOP('',(#3376,#3377,#3378,#3379,#3380,#3381,#3382,#3383));
#10519=EDGE_LOOP('',(#3384,#3385,#3386,#3387,#3388,#3389,#3390,#3391));
#10520=EDGE_LOOP('',(#3392,#3393,#3394,#3395,#3396,#3397,#3398,#3399));
#10521=EDGE_LOOP('',(#3400,#3401,#3402,#3403,#3404,#3405,#3406,#3407));
#10522=EDGE_LOOP('',(#3408,#3409,#3410,#3411,#3412,#3413,#3414,#3415));
#10523=EDGE_LOOP('',(#3416,#3417,#3418,#3419,#3420,#3421,#3422,#3423));
#10524=EDGE_LOOP('',(#3424,#3425,#3426,#3427,#3428,#3429,#3430,#3431));
#10525=EDGE_LOOP('',(#3432,#3433,#3434,#3435,#3436,#3437,#3438,#3439));
#10526=EDGE_LOOP('',(#3440,#3441,#3442,#3443,#3444,#3445,#3446,#3447));
#10527=EDGE_LOOP('',(#3448,#3449,#3450,#3451,#3452,#3453,#3454,#3455));
#10528=EDGE_LOOP('',(#3456,#3457,#3458,#3459,#3460,#3461,#3462,#3463));
#10529=EDGE_LOOP('',(#3464,#3465,#3466,#3467,#3468,#3469,#3470,#3471));
#10530=EDGE_LOOP('',(#3472,#3473,#3474,#3475,#3476,#3477,#3478,#3479));
#10531=EDGE_LOOP('',(#3480,#3481,#3482,#3483,#3484,#3485,#3486,#3487));
#10532=EDGE_LOOP('',(#3488,#3489,#3490,#3491,#3492,#3493,#3494,#3495));
#10533=EDGE_LOOP('',(#3496,#3497,#3498,#3499,#3500,#3501,#3502,#3503));
#10534=EDGE_LOOP('',(#3504,#3505,#3506,#3507,#3508,#3509,#3510,#3511));
#10535=EDGE_LOOP('',(#3512,#3513,#3514,#3515,#3516,#3517,#3518,#3519));
#10536=EDGE_LOOP('',(#3520,#3521,#3522,#3523,#3524,#3525,#3526,#3527));
#10537=EDGE_LOOP('',(#3528,#3529,#3530,#3531,#3532,#3533,#3534,#3535));
#10538=EDGE_LOOP('',(#3536,#3537,#3538,#3539,#3540,#3541,#3542,#3543));
#10539=EDGE_LOOP('',(#3544,#3545,#3546,#3547,#3548,#3549,#3550,#3551));
#10540=EDGE_LOOP('',(#3552,#3553,#3554,#3555,#3556,#3557,#3558,#3559));
#10541=EDGE_LOOP('',(#3560,#3561,#3562,#3563,#3564,#3565,#3566,#3567));
#10542=EDGE_LOOP('',(#3568,#3569,#3570,#3571,#3572,#3573,#3574,#3575));
#10543=EDGE_LOOP('',(#3576,#3577,#3578,#3579,#3580,#3581,#3582,#3583));
#10544=EDGE_LOOP('',(#3584,#3585,#3586,#3587,#3588,#3589,#3590,#3591));
#10545=EDGE_LOOP('',(#3592,#3593,#3594,#3595,#3596,#3597,#3598,#3599));
#10546=EDGE_LOOP('',(#3600,#3601,#3602,#3603,#3604,#3605,#3606,#3607));
#10547=EDGE_LOOP('',(#3608,#3609,#3610,#3611,#3612,#3613,#3614,#3615));
#10548=EDGE_LOOP('',(#3616,#3617,#3618,#3619,#3620,#3621,#3622,#3623));
#10549=EDGE_LOOP('',(#3624,#3625,#3626,#3627,#3628,#3629,#3630,#3631));
#10550=EDGE_LOOP('',(#3632,#3633,#3634,#3635,#3636,#3637,#3638,#3639));
#10551=EDGE_LOOP('',(#3640,#3641,#3642,#3643,#3644,#3645,#3646,#3647));
#10552=EDGE_LOOP('',(#3648,#3649,#3650,#3651,#3652,#3653,#3654,#3655));
#10553=EDGE_LOOP('',(#3656,#3657,#3658,#3659,#3660,#3661,#3662,#3663));
#10554=EDGE_LOOP('',(#3664,#3665,#3666,#3667,#3668,#3669,#3670,#3671));
#10555=EDGE_LOOP('',(#3672,#3673,#3674,#3675,#3676,#3677,#3678,#3679));
#10556=EDGE_LOOP('',(#3680,#3681,#3682,#3683,#3684,#3685,#3686,#3687));
#10557=EDGE_LOOP('',(#3688,#3689,#3690,#3691,#3692,#3693,#3694,#3695));
#10558=EDGE_LOOP('',(#3696,#3697,#3698,#3699,#3700,#3701,#3702,#3703));
#10559=EDGE_LOOP('',(#3704,#3705,#3706,#3707,#3708,#3709,#3710,#3711));
#10560=EDGE_LOOP('',(#3712,#3713,#3714,#3715,#3716,#3717,#3718,#3719));
#10561=EDGE_LOOP('',(#3720,#3721,#3722,#3723,#3724,#3725,#3726,#3727));
#10562=EDGE_LOOP('',(#3728,#3729,#3730,#3731,#3732,#3733,#3734,#3735));
#10563=EDGE_LOOP('',(#3736,#3737,#3738,#3739,#3740,#3741,#3742,#3743));
#10564=EDGE_LOOP('',(#3744,#3745,#3746,#3747,#3748,#3749,#3750,#3751));
#10565=EDGE_LOOP('',(#3752,#3753,#3754,#3755,#3756,#3757,#3758,#3759));
#10566=EDGE_LOOP('',(#3760,#3761,#3762,#3763,#3764,#3765,#3766,#3767));
#10567=EDGE_LOOP('',(#3768,#3769,#3770,#3771,#3772,#3773,#3774,#3775));
#10568=EDGE_LOOP('',(#3776,#3777,#3778,#3779,#3780,#3781,#3782,#3783));
#10569=EDGE_LOOP('',(#3784,#3785,#3786,#3787,#3788,#3789,#3790,#3791));
#10570=EDGE_LOOP('',(#3792,#3793,#3794,#3795,#3796,#3797,#3798,#3799));
#10571=EDGE_LOOP('',(#3800,#3801,#3802,#3803,#3804,#3805,#3806,#3807));
#10572=EDGE_LOOP('',(#3808,#3809,#3810,#3811,#3812,#3813,#3814,#3815));
#10573=EDGE_LOOP('',(#3816,#3817,#3818,#3819,#3820,#3821,#3822,#3823));
#10574=EDGE_LOOP('',(#3824,#3825,#3826,#3827,#3828,#3829,#3830,#3831));
#10575=EDGE_LOOP('',(#3832,#3833,#3834,#3835,#3836,#3837,#3838,#3839));
#10576=EDGE_LOOP('',(#3840,#3841,#3842,#3843,#3844,#3845,#3846,#3847));
#10577=EDGE_LOOP('',(#3848,#3849,#3850,#3851,#3852,#3853,#3854,#3855));
#10578=EDGE_LOOP('',(#3856,#3857,#3858,#3859,#3860,#3861,#3862,#3863));
#10579=EDGE_LOOP('',(#3864,#3865,#3866,#3867,#3868,#3869,#3870,#3871));
#10580=EDGE_LOOP('',(#3872,#3873,#3874,#3875,#3876,#3877,#3878,#3879));
#10581=EDGE_LOOP('',(#3880,#3881,#3882,#3883,#3884,#3885,#3886,#3887));
#10582=EDGE_LOOP('',(#3888,#3889,#3890,#3891,#3892,#3893,#3894,#3895));
#10583=EDGE_LOOP('',(#3896,#3897,#3898,#3899,#3900,#3901,#3902,#3903));
#10584=EDGE_LOOP('',(#3904,#3905,#3906,#3907,#3908,#3909,#3910,#3911));
#10585=EDGE_LOOP('',(#3912,#3913,#3914,#3915,#3916,#3917,#3918,#3919));
#10586=EDGE_LOOP('',(#3920,#3921,#3922,#3923,#3924,#3925,#3926,#3927));
#10587=EDGE_LOOP('',(#3928,#3929,#3930,#3931,#3932,#3933,#3934,#3935));
#10588=EDGE_LOOP('',(#3936,#3937,#3938,#3939,#3940,#3941,#3942,#3943));
#10589=EDGE_LOOP('',(#3944,#3945,#3946,#3947,#3948,#3949,#3950,#3951));
#10590=EDGE_LOOP('',(#3952,#3953,#3954,#3955,#3956,#3957,#3958,#3959));
#10591=EDGE_LOOP('',(#3960,#3961,#3962,#3963,#3964,#3965,#3966,#3967));
#10592=EDGE_LOOP('',(#3968,#3969,#3970,#3971,#3972,#3973,#3974,#3975));
#10593=EDGE_LOOP('',(#3976,#3977,#3978,#3979,#3980,#3981,#3982,#3983));
#10594=EDGE_LOOP('',(#3984,#3985,#3986,#3987,#3988,#3989,#3990,#3991));
#10595=EDGE_LOOP('',(#3992,#3993,#3994,#3995,#3996,#3997,#3998,#3999));
#10596=EDGE_LOOP('',(#4000,#4001,#4002,#4003,#4004,#4005,#4006,#4007));
#10597=EDGE_LOOP('',(#4008,#4009,#4010,#4011,#4012,#4013,#4014,#4015));
#10598=EDGE_LOOP('',(#4016,#4017,#4018,#4019,#4020,#4021,#4022,#4023));
#10599=EDGE_LOOP('',(#4024,#4025,#4026,#4027,#4028,#4029,#4030,#4031));
#10600=EDGE_LOOP('',(#4032,#4033,#4034,#4035,#4036,#4037,#4038,#4039));
#10601=EDGE_LOOP('',(#4040,#4041,#4042,#4043,#4044,#4045,#4046,#4047));
#10602=EDGE_LOOP('',(#4048,#4049,#4050,#4051,#4052,#4053,#4054,#4055));
#10603=EDGE_LOOP('',(#4056,#4057,#4058,#4059,#4060,#4061,#4062,#4063));
#10604=EDGE_LOOP('',(#4064,#4065,#4066,#4067,#4068,#4069,#4070,#4071));
#10605=EDGE_LOOP('',(#4072,#4073,#4074,#4075,#4076,#4077,#4078,#4079));
#10606=EDGE_LOOP('',(#4080,#4081,#4082,#4083,#4084,#4085,#4086,#4087));
#10607=EDGE_LOOP('',(#4088,#4089,#4090,#4091,#4092,#4093,#4094,#4095));
#10608=EDGE_LOOP('',(#4096,#4097,#4098,#4099,#4100,#4101,#4102,#4103));
#10609=EDGE_LOOP('',(#4104,#4105,#4106,#4107,#4108,#4109,#4110,#4111));
#10610=EDGE_LOOP('',(#4112,#4113,#4114,#4115,#4116,#4117,#4118,#4119));
#10611=EDGE_LOOP('',(#4120,#4121,#4122,#4123,#4124,#4125,#4126,#4127));
#10612=EDGE_LOOP('',(#4128,#4129,#4130,#4131,#4132,#4133,#4134,#4135));
#10613=EDGE_LOOP('',(#4136,#4137,#4138,#4139,#4140,#4141,#4142,#4143));
#10614=EDGE_LOOP('',(#4144,#4145,#4146,#4147,#4148,#4149,#4150,#4151));
#10615=EDGE_LOOP('',(#4152,#4153,#4154,#4155,#4156,#4157,#4158,#4159));
#10616=EDGE_LOOP('',(#4160,#4161,#4162,#4163,#4164,#4165,#4166,#4167));
#10617=EDGE_LOOP('',(#4168,#4169,#4170,#4171,#4172,#4173,#4174,#4175));
#10618=EDGE_LOOP('',(#4176,#4177,#4178,#4179,#4180,#4181,#4182,#4183));
#10619=EDGE_LOOP('',(#4184,#4185,#4186,#4187,#4188,#4189,#4190,#4191));
#10620=EDGE_LOOP('',(#4192,#4193,#4194,#4195,#4196,#4197,#4198,#4199));
#10621=EDGE_LOOP('',(#4200,#4201,#4202,#4203,#4204,#4205,#4206,#4207));
#10622=EDGE_LOOP('',(#4208,#4209,#4210,#4211,#4212,#4213,#4214,#4215));
#10623=EDGE_LOOP('',(#4216,#4217,#4218,#4219,#4220,#4221,#4222,#4223));
#10624=EDGE_LOOP('',(#4224,#4225,#4226,#4227,#4228,#4229,#4230,#4231));
#10625=EDGE_LOOP('',(#4232,#4233,#4234,#4235,#4236,#4237,#4238,#4239));
#10626=EDGE_LOOP('',(#4240,#4241,#4242,#4243,#4244,#4245,#4246,#4247));
#10627=EDGE_LOOP('',(#4248,#4249,#4250,#4251,#4252,#4253,#4254,#4255));
#10628=EDGE_LOOP('',(#4256,#4257,#4258,#4259,#4260,#4261,#4262,#4263));
#10629=EDGE_LOOP('',(#4264,#4265,#4266,#4267,#4268,#4269,#4270,#4271));
#10630=EDGE_LOOP('',(#4272,#4273,#4274,#4275,#4276,#4277,#4278,#4279));
#10631=EDGE_LOOP('',(#4280,#4281,#4282,#4283,#4284,#4285,#4286,#4287));
#10632=EDGE_LOOP('',(#4288,#4289,#4290,#4291,#4292,#4293,#4294,#4295));
#10633=EDGE_LOOP('',(#4296,#4297,#4298,#4299,#4300,#4301,#4302,#4303));
#10634=EDGE_LOOP('',(#4304,#4305,#4306,#4307,#4308,#4309,#4310,#4311));
#10635=EDGE_LOOP('',(#4312,#4313,#4314,#4315,#4316,#4317,#4318,#4319));
#10636=EDGE_LOOP('',(#4320,#4321,#4322,#4323,#4324,#4325,#4326,#4327));
#10637=EDGE_LOOP('',(#4328,#4329,#4330,#4331,#4332,#4333,#4334,#4335));
#10638=EDGE_LOOP('',(#4336,#4337,#4338,#4339,#4340,#4341,#4342,#4343));
#10639=EDGE_LOOP('',(#4344,#4345,#4346,#4347,#4348,#4349,#4350,#4351));
#10640=EDGE_LOOP('',(#4352,#4353,#4354,#4355,#4356,#4357,#4358,#4359));
#10641=EDGE_LOOP('',(#4360,#4361,#4362,#4363,#4364,#4365,#4366,#4367));
#10642=EDGE_LOOP('',(#4368,#4369,#4370,#4371,#4372,#4373,#4374,#4375));
#10643=EDGE_LOOP('',(#4376,#4377,#4378,#4379,#4380,#4381,#4382,#4383));
#10644=EDGE_LOOP('',(#4384,#4385,#4386,#4387,#4388,#4389,#4390,#4391));
#10645=EDGE_LOOP('',(#4392,#4393,#4394,#4395,#4396,#4397,#4398,#4399));
#10646=EDGE_LOOP('',(#4400,#4401,#4402,#4403,#4404,#4405,#4406,#4407));
#10647=EDGE_LOOP('',(#4408,#4409,#4410,#4411,#4412,#4413,#4414,#4415));
#10648=EDGE_LOOP('',(#4416,#4417,#4418,#4419,#4420,#4421,#4422,#4423));
#10649=EDGE_LOOP('',(#4424,#4425,#4426,#4427,#4428,#4429,#4430,#4431));
#10650=EDGE_LOOP('',(#4432,#4433,#4434,#4435,#4436,#4437,#4438,#4439));
#10651=EDGE_LOOP('',(#4440,#4441,#4442,#4443,#4444,#4445,#4446,#4447));
#10652=EDGE_LOOP('',(#4448,#4449,#4450,#4451,#4452,#4453,#4454,#4455));
#10653=EDGE_LOOP('',(#4456,#4457,#4458,#4459,#4460,#4461,#4462,#4463));
#10654=EDGE_LOOP('',(#4464,#4465,#4466,#4467,#4468,#4469,#4470,#4471));
#10655=EDGE_LOOP('',(#4472,#4473,#4474,#4475,#4476,#4477,#4478,#4479));
#10656=EDGE_LOOP('',(#4480,#4481,#4482,#4483,#4484,#4485,#4486,#4487));
#10657=EDGE_LOOP('',(#4488,#4489,#4490,#4491,#4492,#4493,#4494,#4495));
#10658=EDGE_LOOP('',(#4496,#4497,#4498,#4499));
#10659=EDGE_LOOP('',(#4500,#4501,#4502,#4503));
#10660=EDGE_LOOP('',(#4504,#4505,#4506,#4507));
#10661=EDGE_LOOP('',(#4508,#4509,#4510,#4511));
#10662=FACE_BOUND('',#9912,.T.);
#10663=FACE_BOUND('',#9913,.T.);
#10664=FACE_BOUND('',#9914,.T.);
#10665=FACE_BOUND('',#9915,.T.);
#10666=FACE_BOUND('',#9916,.T.);
#10667=FACE_BOUND('',#9917,.T.);
#10668=FACE_BOUND('',#9918,.T.);
#10669=FACE_BOUND('',#9919,.T.);
#10670=FACE_BOUND('',#9920,.T.);
#10671=FACE_BOUND('',#9921,.T.);
#10672=FACE_BOUND('',#9922,.T.);
#10673=FACE_BOUND('',#9923,.T.);
#10674=FACE_BOUND('',#9924,.T.);
#10675=FACE_BOUND('',#9925,.T.);
#10676=FACE_BOUND('',#9926,.T.);
#10677=FACE_BOUND('',#9927,.T.);
#10678=FACE_BOUND('',#9928,.T.);
#10679=FACE_BOUND('',#9929,.T.);
#10680=FACE_BOUND('',#9930,.T.);
#10681=FACE_BOUND('',#9931,.T.);
#10682=FACE_BOUND('',#9932,.T.);
#10683=FACE_BOUND('',#9933,.T.);
#10684=FACE_BOUND('',#9934,.T.);
#10685=FACE_BOUND('',#9935,.T.);
#10686=FACE_BOUND('',#9936,.T.);
#10687=FACE_BOUND('',#9937,.T.);
#10688=FACE_BOUND('',#9938,.T.);
#10689=FACE_BOUND('',#9939,.T.);
#10690=FACE_BOUND('',#9940,.T.);
#10691=FACE_BOUND('',#9941,.T.);
#10692=FACE_BOUND('',#9942,.T.);
#10693=FACE_BOUND('',#9943,.T.);
#10694=FACE_BOUND('',#9944,.T.);
#10695=FACE_BOUND('',#9945,.T.);
#10696=FACE_BOUND('',#9946,.T.);
#10697=FACE_BOUND('',#9947,.T.);
#10698=FACE_BOUND('',#9948,.T.);
#10699=FACE_BOUND('',#9949,.T.);
#10700=FACE_BOUND('',#9950,.T.);
#10701=FACE_BOUND('',#9951,.T.);
#10702=FACE_BOUND('',#9952,.T.);
#10703=FACE_BOUND('',#9953,.T.);
#10704=FACE_BOUND('',#9954,.T.);
#10705=FACE_BOUND('',#9955,.T.);
#10706=FACE_BOUND('',#9956,.T.);
#10707=FACE_BOUND('',#9957,.T.);
#10708=FACE_BOUND('',#9958,.T.);
#10709=FACE_BOUND('',#9959,.T.);
#10710=FACE_BOUND('',#9960,.T.);
#10711=FACE_BOUND('',#9961,.T.);
#10712=FACE_BOUND('',#9962,.T.);
#10713=FACE_BOUND('',#9963,.T.);
#10714=FACE_BOUND('',#9964,.T.);
#10715=FACE_BOUND('',#9965,.T.);
#10716=FACE_BOUND('',#9966,.T.);
#10717=FACE_BOUND('',#9967,.T.);
#10718=FACE_BOUND('',#9968,.T.);
#10719=FACE_BOUND('',#9969,.T.);
#10720=FACE_BOUND('',#9970,.T.);
#10721=FACE_BOUND('',#9971,.T.);
#10722=FACE_BOUND('',#9972,.T.);
#10723=FACE_BOUND('',#9973,.T.);
#10724=FACE_BOUND('',#9974,.T.);
#10725=FACE_BOUND('',#9975,.T.);
#10726=FACE_BOUND('',#9976,.T.);
#10727=FACE_BOUND('',#9977,.T.);
#10728=FACE_BOUND('',#9978,.T.);
#10729=FACE_BOUND('',#9979,.T.);
#10730=FACE_BOUND('',#9980,.T.);
#10731=FACE_BOUND('',#9981,.T.);
#10732=FACE_BOUND('',#9982,.T.);
#10733=FACE_BOUND('',#9983,.T.);
#10734=FACE_BOUND('',#9984,.T.);
#10735=FACE_BOUND('',#9985,.T.);
#10736=FACE_BOUND('',#9986,.T.);
#10737=FACE_BOUND('',#9987,.T.);
#10738=FACE_BOUND('',#9988,.T.);
#10739=FACE_BOUND('',#9989,.T.);
#10740=FACE_BOUND('',#9990,.T.);
#10741=FACE_BOUND('',#9991,.T.);
#10742=FACE_BOUND('',#9992,.T.);
#10743=FACE_BOUND('',#9993,.T.);
#10744=FACE_BOUND('',#9994,.T.);
#10745=FACE_BOUND('',#9995,.T.);
#10746=FACE_BOUND('',#9996,.T.);
#10747=FACE_BOUND('',#9997,.T.);
#10748=FACE_BOUND('',#9998,.T.);
#10749=FACE_BOUND('',#9999,.T.);
#10750=FACE_BOUND('',#10000,.T.);
#10751=FACE_BOUND('',#10001,.T.);
#10752=FACE_BOUND('',#10002,.T.);
#10753=FACE_BOUND('',#10003,.T.);
#10754=FACE_BOUND('',#10004,.T.);
#10755=FACE_BOUND('',#10005,.T.);
#10756=FACE_BOUND('',#10006,.T.);
#10757=FACE_BOUND('',#10007,.T.);
#10758=FACE_BOUND('',#10008,.T.);
#10759=FACE_BOUND('',#10009,.T.);
#10760=FACE_BOUND('',#10010,.T.);
#10761=FACE_BOUND('',#10011,.T.);
#10762=FACE_BOUND('',#10012,.T.);
#10763=FACE_BOUND('',#10013,.T.);
#10764=FACE_BOUND('',#10014,.T.);
#10765=FACE_BOUND('',#10015,.T.);
#10766=FACE_BOUND('',#10016,.T.);
#10767=FACE_BOUND('',#10017,.T.);
#10768=FACE_BOUND('',#10018,.T.);
#10769=FACE_BOUND('',#10019,.T.);
#10770=FACE_BOUND('',#10020,.T.);
#10771=FACE_BOUND('',#10021,.T.);
#10772=FACE_BOUND('',#10022,.T.);
#10773=FACE_BOUND('',#10023,.T.);
#10774=FACE_BOUND('',#10024,.T.);
#10775=FACE_BOUND('',#10025,.T.);
#10776=FACE_BOUND('',#10026,.T.);
#10777=FACE_BOUND('',#10027,.T.);
#10778=FACE_BOUND('',#10028,.T.);
#10779=FACE_BOUND('',#10029,.T.);
#10780=FACE_BOUND('',#10030,.T.);
#10781=FACE_BOUND('',#10031,.T.);
#10782=FACE_BOUND('',#10032,.T.);
#10783=FACE_BOUND('',#10033,.T.);
#10784=FACE_BOUND('',#10034,.T.);
#10785=FACE_BOUND('',#10035,.T.);
#10786=FACE_BOUND('',#10036,.T.);
#10787=FACE_BOUND('',#10037,.T.);
#10788=FACE_BOUND('',#10038,.T.);
#10789=FACE_BOUND('',#10039,.T.);
#10790=FACE_BOUND('',#10040,.T.);
#10791=FACE_BOUND('',#10041,.T.);
#10792=FACE_BOUND('',#10042,.T.);
#10793=FACE_BOUND('',#10043,.T.);
#10794=FACE_BOUND('',#10044,.T.);
#10795=FACE_BOUND('',#10045,.T.);
#10796=FACE_BOUND('',#10046,.T.);
#10797=FACE_BOUND('',#10047,.T.);
#10798=FACE_BOUND('',#10048,.T.);
#10799=FACE_BOUND('',#10049,.T.);
#10800=FACE_BOUND('',#10050,.T.);
#10801=FACE_BOUND('',#10051,.T.);
#10802=FACE_BOUND('',#10052,.T.);
#10803=FACE_BOUND('',#10053,.T.);
#10804=FACE_BOUND('',#10054,.T.);
#10805=FACE_BOUND('',#10055,.T.);
#10806=FACE_BOUND('',#10056,.T.);
#10807=FACE_BOUND('',#10057,.T.);
#10808=FACE_BOUND('',#10058,.T.);
#10809=FACE_BOUND('',#10059,.T.);
#10810=FACE_BOUND('',#10060,.T.);
#10811=FACE_BOUND('',#10061,.T.);
#10812=FACE_BOUND('',#10062,.T.);
#10813=FACE_BOUND('',#10063,.T.);
#10814=FACE_BOUND('',#10064,.T.);
#10815=FACE_BOUND('',#10065,.T.);
#10816=FACE_BOUND('',#10066,.T.);
#10817=FACE_BOUND('',#10067,.T.);
#10818=FACE_BOUND('',#10068,.T.);
#10819=FACE_BOUND('',#10069,.T.);
#10820=FACE_BOUND('',#10070,.T.);
#10821=FACE_BOUND('',#10071,.T.);
#10822=FACE_BOUND('',#10072,.T.);
#10823=FACE_BOUND('',#10073,.T.);
#10824=FACE_BOUND('',#10074,.T.);
#10825=FACE_BOUND('',#10075,.T.);
#10826=FACE_BOUND('',#10076,.T.);
#10827=FACE_BOUND('',#10077,.T.);
#10828=FACE_BOUND('',#10078,.T.);
#10829=FACE_BOUND('',#10079,.T.);
#10830=FACE_BOUND('',#10080,.T.);
#10831=FACE_BOUND('',#10081,.T.);
#10832=FACE_BOUND('',#10082,.T.);
#10833=FACE_BOUND('',#10083,.T.);
#10834=FACE_BOUND('',#10084,.T.);
#10835=FACE_BOUND('',#10085,.T.);
#10836=FACE_BOUND('',#10086,.T.);
#10837=FACE_BOUND('',#10087,.T.);
#10838=FACE_BOUND('',#10088,.T.);
#10839=FACE_BOUND('',#10089,.T.);
#10840=FACE_BOUND('',#10090,.T.);
#10841=FACE_BOUND('',#10091,.T.);
#10842=FACE_BOUND('',#10092,.T.);
#10843=FACE_BOUND('',#10093,.T.);
#10844=FACE_BOUND('',#10094,.T.);
#10845=FACE_BOUND('',#10095,.T.);
#10846=FACE_BOUND('',#10096,.T.);
#10847=FACE_BOUND('',#10097,.T.);
#10848=FACE_BOUND('',#10098,.T.);
#10849=FACE_BOUND('',#10099,.T.);
#10850=FACE_BOUND('',#10100,.T.);
#10851=FACE_BOUND('',#10101,.T.);
#10852=FACE_BOUND('',#10102,.T.);
#10853=FACE_BOUND('',#10103,.T.);
#10854=FACE_BOUND('',#10104,.T.);
#10855=FACE_BOUND('',#10105,.T.);
#10856=FACE_BOUND('',#10106,.T.);
#10857=FACE_BOUND('',#10107,.T.);
#10858=FACE_BOUND('',#10108,.T.);
#10859=FACE_BOUND('',#10109,.T.);
#10860=FACE_BOUND('',#10110,.T.);
#10861=FACE_BOUND('',#10111,.T.);
#10862=FACE_BOUND('',#10112,.T.);
#10863=FACE_BOUND('',#10113,.T.);
#10864=FACE_BOUND('',#10114,.T.);
#10865=FACE_BOUND('',#10115,.T.);
#10866=FACE_BOUND('',#10116,.T.);
#10867=FACE_BOUND('',#10117,.T.);
#10868=FACE_BOUND('',#10118,.T.);
#10869=FACE_BOUND('',#10119,.T.);
#10870=FACE_BOUND('',#10120,.T.);
#10871=FACE_BOUND('',#10121,.T.);
#10872=FACE_BOUND('',#10122,.T.);
#10873=FACE_BOUND('',#10123,.T.);
#10874=FACE_BOUND('',#10124,.T.);
#10875=FACE_BOUND('',#10125,.T.);
#10876=FACE_BOUND('',#10126,.T.);
#10877=FACE_BOUND('',#10127,.T.);
#10878=FACE_BOUND('',#10128,.T.);
#10879=FACE_BOUND('',#10129,.T.);
#10880=FACE_BOUND('',#10130,.T.);
#10881=FACE_BOUND('',#10131,.T.);
#10882=FACE_BOUND('',#10132,.T.);
#10883=FACE_BOUND('',#10133,.T.);
#10884=FACE_BOUND('',#10134,.T.);
#10885=FACE_BOUND('',#10135,.T.);
#10886=FACE_BOUND('',#10136,.T.);
#10887=FACE_BOUND('',#10137,.T.);
#10888=FACE_BOUND('',#10138,.T.);
#10889=FACE_BOUND('',#10139,.T.);
#10890=FACE_BOUND('',#10140,.T.);
#10891=FACE_BOUND('',#10141,.T.);
#10892=FACE_BOUND('',#10142,.T.);
#10893=FACE_BOUND('',#10143,.T.);
#10894=FACE_BOUND('',#10144,.T.);
#10895=FACE_BOUND('',#10145,.T.);
#10896=FACE_BOUND('',#10146,.T.);
#10897=FACE_BOUND('',#10147,.T.);
#10898=FACE_BOUND('',#10148,.T.);
#10899=FACE_BOUND('',#10149,.T.);
#10900=FACE_BOUND('',#10150,.T.);
#10901=FACE_BOUND('',#10151,.T.);
#10902=FACE_BOUND('',#10152,.T.);
#10903=FACE_BOUND('',#10153,.T.);
#10904=FACE_BOUND('',#10154,.T.);
#10905=FACE_BOUND('',#10155,.T.);
#10906=FACE_BOUND('',#10156,.T.);
#10907=FACE_BOUND('',#10157,.T.);
#10908=FACE_BOUND('',#10158,.T.);
#10909=FACE_BOUND('',#10159,.T.);
#10910=FACE_BOUND('',#10160,.T.);
#10911=FACE_BOUND('',#10161,.T.);
#10912=FACE_BOUND('',#10162,.T.);
#10913=FACE_BOUND('',#10163,.T.);
#10914=FACE_BOUND('',#10164,.T.);
#10915=FACE_BOUND('',#10165,.T.);
#10916=FACE_BOUND('',#10166,.T.);
#10917=FACE_BOUND('',#10167,.T.);
#10918=FACE_BOUND('',#10168,.T.);
#10919=FACE_BOUND('',#10169,.T.);
#10920=FACE_BOUND('',#10170,.T.);
#10921=FACE_BOUND('',#10171,.T.);
#10922=FACE_BOUND('',#10172,.T.);
#10923=FACE_BOUND('',#10173,.T.);
#10924=FACE_BOUND('',#10174,.T.);
#10925=FACE_BOUND('',#10175,.T.);
#10926=FACE_BOUND('',#10176,.T.);
#10927=FACE_BOUND('',#10177,.T.);
#10928=FACE_BOUND('',#10178,.T.);
#10929=FACE_BOUND('',#10179,.T.);
#10930=FACE_BOUND('',#10180,.T.);
#10931=FACE_BOUND('',#10181,.T.);
#10932=FACE_BOUND('',#10182,.T.);
#10933=FACE_BOUND('',#10183,.T.);
#10934=FACE_BOUND('',#10184,.T.);
#10935=FACE_BOUND('',#10185,.T.);
#10936=FACE_BOUND('',#10186,.T.);
#10937=FACE_BOUND('',#10187,.T.);
#10938=FACE_BOUND('',#10188,.T.);
#10939=FACE_BOUND('',#10189,.T.);
#10940=FACE_BOUND('',#10190,.T.);
#10941=FACE_BOUND('',#10191,.T.);
#10942=FACE_BOUND('',#10192,.T.);
#10943=FACE_BOUND('',#10193,.T.);
#10944=FACE_BOUND('',#10194,.T.);
#10945=FACE_BOUND('',#10195,.T.);
#10946=FACE_BOUND('',#10196,.T.);
#10947=FACE_BOUND('',#10197,.T.);
#10948=FACE_BOUND('',#10198,.T.);
#10949=FACE_BOUND('',#10199,.T.);
#10950=FACE_BOUND('',#10200,.T.);
#10951=FACE_BOUND('',#10201,.T.);
#10952=FACE_BOUND('',#10202,.T.);
#10953=FACE_BOUND('',#10203,.T.);
#10954=FACE_BOUND('',#10204,.T.);
#10955=FACE_BOUND('',#10205,.T.);
#10956=FACE_BOUND('',#10206,.T.);
#10957=FACE_BOUND('',#10207,.T.);
#10958=FACE_BOUND('',#10208,.T.);
#10959=FACE_BOUND('',#10209,.T.);
#10960=FACE_BOUND('',#10210,.T.);
#10961=FACE_BOUND('',#10211,.T.);
#10962=FACE_BOUND('',#10212,.T.);
#10963=FACE_BOUND('',#10213,.T.);
#10964=FACE_BOUND('',#10214,.T.);
#10965=FACE_BOUND('',#10215,.T.);
#10966=FACE_BOUND('',#10216,.T.);
#10967=FACE_BOUND('',#10217,.T.);
#10968=FACE_BOUND('',#10218,.T.);
#10969=FACE_BOUND('',#10219,.T.);
#10970=FACE_BOUND('',#10220,.T.);
#10971=FACE_BOUND('',#10221,.T.);
#10972=FACE_BOUND('',#10222,.T.);
#10973=FACE_BOUND('',#10223,.T.);
#10974=FACE_BOUND('',#10224,.T.);
#10975=FACE_BOUND('',#10225,.T.);
#10976=FACE_BOUND('',#10226,.T.);
#10977=FACE_BOUND('',#10227,.T.);
#10978=FACE_BOUND('',#10228,.T.);
#10979=FACE_BOUND('',#10229,.T.);
#10980=FACE_BOUND('',#10230,.T.);
#10981=FACE_BOUND('',#10231,.T.);
#10982=FACE_BOUND('',#10232,.T.);
#10983=FACE_BOUND('',#10233,.T.);
#10984=FACE_BOUND('',#10234,.T.);
#10985=FACE_BOUND('',#10235,.T.);
#10986=FACE_BOUND('',#10236,.T.);
#10987=FACE_BOUND('',#10237,.T.);
#10988=FACE_BOUND('',#10238,.T.);
#10989=FACE_BOUND('',#10239,.T.);
#10990=FACE_BOUND('',#10240,.T.);
#10991=FACE_BOUND('',#10241,.T.);
#10992=FACE_BOUND('',#10242,.T.);
#10993=FACE_BOUND('',#10243,.T.);
#10994=FACE_BOUND('',#10244,.T.);
#10995=FACE_BOUND('',#10245,.T.);
#10996=FACE_BOUND('',#10246,.T.);
#10997=FACE_BOUND('',#10247,.T.);
#10998=FACE_BOUND('',#10248,.T.);
#10999=FACE_BOUND('',#10249,.T.);
#11000=FACE_BOUND('',#10250,.T.);
#11001=FACE_BOUND('',#10251,.T.);
#11002=FACE_BOUND('',#10252,.T.);
#11003=FACE_BOUND('',#10253,.T.);
#11004=FACE_BOUND('',#10254,.T.);
#11005=FACE_BOUND('',#10255,.T.);
#11006=FACE_BOUND('',#10256,.T.);
#11007=FACE_BOUND('',#10257,.T.);
#11008=FACE_BOUND('',#10258,.T.);
#11009=FACE_BOUND('',#10259,.T.);
#11010=FACE_BOUND('',#10260,.T.);
#11011=FACE_BOUND('',#10261,.T.);
#11012=FACE_BOUND('',#10262,.T.);
#11013=FACE_BOUND('',#10263,.T.);
#11014=FACE_BOUND('',#10264,.T.);
#11015=FACE_BOUND('',#10265,.T.);
#11016=FACE_BOUND('',#10266,.T.);
#11017=FACE_BOUND('',#10267,.T.);
#11018=FACE_BOUND('',#10268,.T.);
#11019=FACE_BOUND('',#10269,.T.);
#11020=FACE_BOUND('',#10270,.T.);
#11021=FACE_BOUND('',#10271,.T.);
#11022=FACE_BOUND('',#10272,.T.);
#11023=FACE_BOUND('',#10273,.T.);
#11024=FACE_BOUND('',#10274,.T.);
#11025=FACE_BOUND('',#10275,.T.);
#11026=FACE_BOUND('',#10276,.T.);
#11027=FACE_BOUND('',#10277,.T.);
#11028=FACE_BOUND('',#10278,.T.);
#11029=FACE_BOUND('',#10279,.T.);
#11030=FACE_BOUND('',#10280,.T.);
#11031=FACE_BOUND('',#10281,.T.);
#11032=FACE_BOUND('',#10282,.T.);
#11033=FACE_BOUND('',#10283,.T.);
#11034=FACE_BOUND('',#10284,.T.);
#11035=FACE_BOUND('',#10285,.T.);
#11036=FACE_BOUND('',#10286,.T.);
#11037=FACE_BOUND('',#10287,.T.);
#11038=FACE_BOUND('',#10288,.T.);
#11039=FACE_BOUND('',#10289,.T.);
#11040=FACE_BOUND('',#10290,.T.);
#11041=FACE_BOUND('',#10291,.T.);
#11042=FACE_BOUND('',#10292,.T.);
#11043=FACE_BOUND('',#10293,.T.);
#11044=FACE_BOUND('',#10294,.T.);
#11045=FACE_BOUND('',#10295,.T.);
#11046=FACE_BOUND('',#10296,.T.);
#11047=FACE_BOUND('',#10297,.T.);
#11048=FACE_BOUND('',#10298,.T.);
#11049=FACE_BOUND('',#10299,.T.);
#11050=FACE_BOUND('',#10300,.T.);
#11051=FACE_BOUND('',#10301,.T.);
#11052=FACE_BOUND('',#10302,.T.);
#11053=FACE_BOUND('',#10303,.T.);
#11054=FACE_BOUND('',#10304,.T.);
#11055=FACE_BOUND('',#10305,.T.);
#11056=FACE_BOUND('',#10306,.T.);
#11057=FACE_BOUND('',#10307,.T.);
#11058=FACE_BOUND('',#10308,.T.);
#11059=FACE_BOUND('',#10309,.T.);
#11060=FACE_BOUND('',#10310,.T.);
#11061=FACE_BOUND('',#10311,.T.);
#11062=FACE_BOUND('',#10312,.T.);
#11063=FACE_BOUND('',#10313,.T.);
#11064=FACE_BOUND('',#10314,.T.);
#11065=FACE_BOUND('',#10315,.T.);
#11066=FACE_BOUND('',#10316,.T.);
#11067=FACE_BOUND('',#10317,.T.);
#11068=FACE_BOUND('',#10318,.T.);
#11069=FACE_BOUND('',#10319,.T.);
#11070=FACE_BOUND('',#10320,.T.);
#11071=FACE_BOUND('',#10321,.T.);
#11072=FACE_BOUND('',#10322,.T.);
#11073=FACE_BOUND('',#10323,.T.);
#11074=FACE_BOUND('',#10324,.T.);
#11075=FACE_BOUND('',#10325,.T.);
#11076=FACE_BOUND('',#10326,.T.);
#11077=FACE_BOUND('',#10327,.T.);
#11078=FACE_BOUND('',#10328,.T.);
#11079=FACE_BOUND('',#10329,.T.);
#11080=FACE_BOUND('',#10330,.T.);
#11081=FACE_BOUND('',#10331,.T.);
#11082=FACE_BOUND('',#10332,.T.);
#11083=FACE_BOUND('',#10333,.T.);
#11084=FACE_BOUND('',#10334,.T.);
#11085=FACE_BOUND('',#10335,.T.);
#11086=FACE_BOUND('',#10336,.T.);
#11087=FACE_BOUND('',#10337,.T.);
#11088=FACE_BOUND('',#10338,.T.);
#11089=FACE_BOUND('',#10339,.T.);
#11090=FACE_BOUND('',#10340,.T.);
#11091=FACE_BOUND('',#10341,.T.);
#11092=FACE_BOUND('',#10342,.T.);
#11093=FACE_BOUND('',#10343,.T.);
#11094=FACE_BOUND('',#10344,.T.);
#11095=FACE_BOUND('',#10345,.T.);
#11096=FACE_BOUND('',#10346,.T.);
#11097=FACE_BOUND('',#10347,.T.);
#11098=FACE_BOUND('',#10348,.T.);
#11099=FACE_BOUND('',#10349,.T.);
#11100=FACE_BOUND('',#10350,.T.);
#11101=FACE_BOUND('',#10351,.T.);
#11102=FACE_BOUND('',#10352,.T.);
#11103=FACE_BOUND('',#10353,.T.);
#11104=FACE_BOUND('',#10354,.T.);
#11105=FACE_BOUND('',#10355,.T.);
#11106=FACE_BOUND('',#10356,.T.);
#11107=FACE_BOUND('',#10357,.T.);
#11108=FACE_BOUND('',#10358,.T.);
#11109=FACE_BOUND('',#10359,.T.);
#11110=FACE_BOUND('',#10360,.T.);
#11111=FACE_BOUND('',#10361,.T.);
#11112=FACE_BOUND('',#10362,.T.);
#11113=FACE_BOUND('',#10363,.T.);
#11114=FACE_BOUND('',#10364,.T.);
#11115=FACE_BOUND('',#10365,.T.);
#11116=FACE_BOUND('',#10366,.T.);
#11117=FACE_BOUND('',#10367,.T.);
#11118=FACE_BOUND('',#10368,.T.);
#11119=FACE_BOUND('',#10369,.T.);
#11120=FACE_BOUND('',#10370,.T.);
#11121=FACE_BOUND('',#10371,.T.);
#11122=FACE_BOUND('',#10372,.T.);
#11123=FACE_BOUND('',#10373,.T.);
#11124=FACE_BOUND('',#10374,.T.);
#11125=FACE_BOUND('',#10375,.T.);
#11126=FACE_BOUND('',#10376,.T.);
#11127=FACE_BOUND('',#10377,.T.);
#11128=FACE_BOUND('',#10378,.T.);
#11129=FACE_BOUND('',#10379,.T.);
#11130=FACE_BOUND('',#10380,.T.);
#11131=FACE_BOUND('',#10381,.T.);
#11132=FACE_BOUND('',#10382,.T.);
#11133=FACE_BOUND('',#10383,.T.);
#11134=FACE_BOUND('',#10384,.T.);
#11135=FACE_BOUND('',#10385,.T.);
#11136=FACE_BOUND('',#10386,.T.);
#11137=FACE_BOUND('',#10387,.T.);
#11138=FACE_BOUND('',#10388,.T.);
#11139=FACE_BOUND('',#10389,.T.);
#11140=FACE_BOUND('',#10390,.T.);
#11141=FACE_BOUND('',#10391,.T.);
#11142=FACE_BOUND('',#10392,.T.);
#11143=FACE_BOUND('',#10393,.T.);
#11144=FACE_BOUND('',#10394,.T.);
#11145=FACE_BOUND('',#10395,.T.);
#11146=FACE_BOUND('',#10396,.T.);
#11147=FACE_BOUND('',#10397,.T.);
#11148=FACE_BOUND('',#10398,.T.);
#11149=FACE_BOUND('',#10399,.T.);
#11150=FACE_BOUND('',#10400,.T.);
#11151=FACE_BOUND('',#10401,.T.);
#11152=FACE_BOUND('',#10402,.T.);
#11153=FACE_BOUND('',#10403,.T.);
#11154=FACE_BOUND('',#10404,.T.);
#11155=FACE_BOUND('',#10405,.T.);
#11156=FACE_BOUND('',#10406,.T.);
#11157=FACE_BOUND('',#10407,.T.);
#11158=FACE_BOUND('',#10408,.T.);
#11159=FACE_BOUND('',#10409,.T.);
#11160=FACE_BOUND('',#10410,.T.);
#11161=FACE_BOUND('',#10411,.T.);
#11162=FACE_BOUND('',#10412,.T.);
#11163=FACE_BOUND('',#10413,.T.);
#11164=FACE_BOUND('',#10414,.T.);
#11165=FACE_BOUND('',#10415,.T.);
#11166=FACE_BOUND('',#10416,.T.);
#11167=FACE_BOUND('',#10417,.T.);
#11168=FACE_BOUND('',#10418,.T.);
#11169=FACE_BOUND('',#10419,.T.);
#11170=FACE_BOUND('',#10420,.T.);
#11171=FACE_BOUND('',#10421,.T.);
#11172=FACE_BOUND('',#10422,.T.);
#11173=FACE_BOUND('',#10423,.T.);
#11174=FACE_BOUND('',#10424,.T.);
#11175=FACE_BOUND('',#10425,.T.);
#11176=FACE_BOUND('',#10426,.T.);
#11177=FACE_BOUND('',#10427,.T.);
#11178=FACE_BOUND('',#10428,.T.);
#11179=FACE_BOUND('',#10429,.T.);
#11180=FACE_BOUND('',#10430,.T.);
#11181=FACE_BOUND('',#10431,.T.);
#11182=FACE_BOUND('',#10432,.T.);
#11183=FACE_BOUND('',#10433,.T.);
#11184=FACE_BOUND('',#10434,.T.);
#11185=FACE_BOUND('',#10435,.T.);
#11186=FACE_BOUND('',#10436,.T.);
#11187=FACE_BOUND('',#10437,.T.);
#11188=FACE_BOUND('',#10438,.T.);
#11189=FACE_BOUND('',#10439,.T.);
#11190=FACE_BOUND('',#10440,.T.);
#11191=FACE_BOUND('',#10441,.T.);
#11192=FACE_BOUND('',#10442,.T.);
#11193=FACE_BOUND('',#10443,.T.);
#11194=FACE_BOUND('',#10444,.T.);
#11195=FACE_BOUND('',#10445,.T.);
#11196=FACE_BOUND('',#10446,.T.);
#11197=FACE_BOUND('',#10447,.T.);
#11198=FACE_BOUND('',#10448,.T.);
#11199=FACE_BOUND('',#10449,.T.);
#11200=FACE_BOUND('',#10450,.T.);
#11201=FACE_BOUND('',#10451,.T.);
#11202=FACE_BOUND('',#10452,.T.);
#11203=FACE_BOUND('',#10453,.T.);
#11204=FACE_BOUND('',#10454,.T.);
#11205=FACE_BOUND('',#10455,.T.);
#11206=FACE_BOUND('',#10456,.T.);
#11207=FACE_BOUND('',#10457,.T.);
#11208=FACE_BOUND('',#10458,.T.);
#11209=FACE_BOUND('',#10459,.T.);
#11210=FACE_BOUND('',#10460,.T.);
#11211=FACE_BOUND('',#10461,.T.);
#11212=FACE_BOUND('',#10462,.T.);
#11213=FACE_BOUND('',#10463,.T.);
#11214=FACE_BOUND('',#10464,.T.);
#11215=FACE_BOUND('',#10465,.T.);
#11216=FACE_BOUND('',#10466,.T.);
#11217=FACE_BOUND('',#10467,.T.);
#11218=FACE_BOUND('',#10468,.T.);
#11219=FACE_BOUND('',#10469,.T.);
#11220=FACE_BOUND('',#10470,.T.);
#11221=FACE_BOUND('',#10471,.T.);
#11222=FACE_BOUND('',#10472,.T.);
#11223=FACE_BOUND('',#10473,.T.);
#11224=FACE_BOUND('',#10474,.T.);
#11225=FACE_BOUND('',#10475,.T.);
#11226=FACE_BOUND('',#10476,.T.);
#11227=FACE_BOUND('',#10477,.T.);
#11228=FACE_BOUND('',#10478,.T.);
#11229=FACE_BOUND('',#10479,.T.);
#11230=FACE_BOUND('',#10480,.T.);
#11231=FACE_BOUND('',#10481,.T.);
#11232=FACE_BOUND('',#10482,.T.);
#11233=FACE_BOUND('',#10483,.T.);
#11234=FACE_BOUND('',#10484,.T.);
#11235=FACE_BOUND('',#10485,.T.);
#11236=FACE_BOUND('',#10486,.T.);
#11237=FACE_BOUND('',#10487,.T.);
#11238=FACE_BOUND('',#10488,.T.);
#11239=FACE_BOUND('',#10489,.T.);
#11240=FACE_BOUND('',#10490,.T.);
#11241=FACE_BOUND('',#10491,.T.);
#11242=FACE_BOUND('',#10492,.T.);
#11243=FACE_BOUND('',#10493,.T.);
#11244=FACE_BOUND('',#10494,.T.);
#11245=FACE_BOUND('',#10495,.T.);
#11246=FACE_BOUND('',#10496,.T.);
#11247=FACE_BOUND('',#10497,.T.);
#11248=FACE_BOUND('',#10498,.T.);
#11249=FACE_BOUND('',#10499,.T.);
#11250=FACE_BOUND('',#10500,.T.);
#11251=FACE_BOUND('',#10501,.T.);
#11252=FACE_BOUND('',#10502,.T.);
#11253=FACE_BOUND('',#10503,.T.);
#11254=FACE_BOUND('',#10504,.T.);
#11255=FACE_BOUND('',#10505,.T.);
#11256=FACE_BOUND('',#10506,.T.);
#11257=FACE_BOUND('',#10507,.T.);
#11258=FACE_BOUND('',#10508,.T.);
#11259=FACE_BOUND('',#10509,.T.);
#11260=FACE_BOUND('',#10510,.T.);
#11261=FACE_BOUND('',#10511,.T.);
#11262=FACE_BOUND('',#10512,.T.);
#11263=FACE_BOUND('',#10513,.T.);
#11264=FACE_BOUND('',#10514,.T.);
#11265=FACE_BOUND('',#10515,.T.);
#11266=FACE_BOUND('',#10516,.T.);
#11267=FACE_BOUND('',#10517,.T.);
#11268=FACE_BOUND('',#10518,.T.);
#11269=FACE_BOUND('',#10519,.T.);
#11270=FACE_BOUND('',#10520,.T.);
#11271=FACE_BOUND('',#10521,.T.);
#11272=FACE_BOUND('',#10522,.T.);
#11273=FACE_BOUND('',#10523,.T.);
#11274=FACE_BOUND('',#10524,.T.);
#11275=FACE_BOUND('',#10525,.T.);
#11276=FACE_BOUND('',#10526,.T.);
#11277=FACE_BOUND('',#10527,.T.);
#11278=FACE_BOUND('',#10528,.T.);
#11279=FACE_BOUND('',#10529,.T.);
#11280=FACE_BOUND('',#10530,.T.);
#11281=FACE_BOUND('',#10531,.T.);
#11282=FACE_BOUND('',#10532,.T.);
#11283=FACE_BOUND('',#10533,.T.);
#11284=FACE_BOUND('',#10534,.T.);
#11285=FACE_BOUND('',#10535,.T.);
#11286=FACE_BOUND('',#10536,.T.);
#11287=FACE_BOUND('',#10537,.T.);
#11288=FACE_BOUND('',#10538,.T.);
#11289=FACE_BOUND('',#10539,.T.);
#11290=FACE_BOUND('',#10540,.T.);
#11291=FACE_BOUND('',#10541,.T.);
#11292=FACE_BOUND('',#10542,.T.);
#11293=FACE_BOUND('',#10543,.T.);
#11294=FACE_BOUND('',#10544,.T.);
#11295=FACE_BOUND('',#10545,.T.);
#11296=FACE_BOUND('',#10546,.T.);
#11297=FACE_BOUND('',#10547,.T.);
#11298=FACE_BOUND('',#10548,.T.);
#11299=FACE_BOUND('',#10549,.T.);
#11300=FACE_BOUND('',#10550,.T.);
#11301=FACE_BOUND('',#10551,.T.);
#11302=FACE_BOUND('',#10552,.T.);
#11303=FACE_BOUND('',#10553,.T.);
#11304=FACE_BOUND('',#10554,.T.);
#11305=FACE_BOUND('',#10555,.T.);
#11306=FACE_BOUND('',#10556,.T.);
#11307=FACE_BOUND('',#10557,.T.);
#11308=FACE_BOUND('',#10558,.T.);
#11309=FACE_BOUND('',#10559,.T.);
#11310=FACE_BOUND('',#10560,.T.);
#11311=FACE_BOUND('',#10561,.T.);
#11312=FACE_BOUND('',#10562,.T.);
#11313=FACE_BOUND('',#10563,.T.);
#11314=FACE_BOUND('',#10564,.T.);
#11315=FACE_BOUND('',#10565,.T.);
#11316=FACE_BOUND('',#10566,.T.);
#11317=FACE_BOUND('',#10567,.T.);
#11318=FACE_BOUND('',#10568,.T.);
#11319=FACE_BOUND('',#10569,.T.);
#11320=FACE_BOUND('',#10570,.T.);
#11321=FACE_BOUND('',#10571,.T.);
#11322=FACE_BOUND('',#10572,.T.);
#11323=FACE_BOUND('',#10573,.T.);
#11324=FACE_BOUND('',#10574,.T.);
#11325=FACE_BOUND('',#10575,.T.);
#11326=FACE_BOUND('',#10576,.T.);
#11327=FACE_BOUND('',#10577,.T.);
#11328=FACE_BOUND('',#10578,.T.);
#11329=FACE_BOUND('',#10579,.T.);
#11330=FACE_BOUND('',#10580,.T.);
#11331=FACE_BOUND('',#10581,.T.);
#11332=FACE_BOUND('',#10582,.T.);
#11333=FACE_BOUND('',#10583,.T.);
#11334=FACE_BOUND('',#10584,.T.);
#11335=FACE_BOUND('',#10585,.T.);
#11336=FACE_BOUND('',#10586,.T.);
#11337=FACE_BOUND('',#10587,.T.);
#11338=FACE_BOUND('',#10588,.T.);
#11339=FACE_BOUND('',#10589,.T.);
#11340=FACE_BOUND('',#10590,.T.);
#11341=FACE_BOUND('',#10591,.T.);
#11342=FACE_BOUND('',#10592,.T.);
#11343=FACE_BOUND('',#10593,.T.);
#11344=FACE_BOUND('',#10594,.T.);
#11345=FACE_BOUND('',#10595,.T.);
#11346=FACE_BOUND('',#10596,.T.);
#11347=FACE_BOUND('',#10597,.T.);
#11348=FACE_BOUND('',#10598,.T.);
#11349=FACE_BOUND('',#10599,.T.);
#11350=FACE_BOUND('',#10600,.T.);
#11351=FACE_BOUND('',#10601,.T.);
#11352=FACE_BOUND('',#10602,.T.);
#11353=FACE_BOUND('',#10603,.T.);
#11354=FACE_BOUND('',#10604,.T.);
#11355=FACE_BOUND('',#10605,.T.);
#11356=FACE_BOUND('',#10606,.T.);
#11357=FACE_BOUND('',#10607,.T.);
#11358=FACE_BOUND('',#10608,.T.);
#11359=FACE_BOUND('',#10609,.T.);
#11360=FACE_BOUND('',#10610,.T.);
#11361=FACE_BOUND('',#10611,.T.);
#11362=FACE_BOUND('',#10612,.T.);
#11363=FACE_BOUND('',#10613,.T.);
#11364=FACE_BOUND('',#10614,.T.);
#11365=FACE_BOUND('',#10615,.T.);
#11366=FACE_BOUND('',#10616,.T.);
#11367=FACE_BOUND('',#10617,.T.);
#11368=FACE_BOUND('',#10618,.T.);
#11369=FACE_BOUND('',#10619,.T.);
#11370=FACE_BOUND('',#10620,.T.);
#11371=FACE_BOUND('',#10621,.T.);
#11372=FACE_BOUND('',#10622,.T.);
#11373=FACE_BOUND('',#10623,.T.);
#11374=FACE_BOUND('',#10624,.T.);
#11375=FACE_BOUND('',#10625,.T.);
#11376=FACE_BOUND('',#10626,.T.);
#11377=FACE_BOUND('',#10627,.T.);
#11378=FACE_BOUND('',#10628,.T.);
#11379=FACE_BOUND('',#10629,.T.);
#11380=FACE_BOUND('',#10630,.T.);
#11381=FACE_BOUND('',#10631,.T.);
#11382=FACE_BOUND('',#10632,.T.);
#11383=FACE_BOUND('',#10633,.T.);
#11384=FACE_BOUND('',#10634,.T.);
#11385=FACE_BOUND('',#10635,.T.);
#11386=FACE_BOUND('',#10636,.T.);
#11387=FACE_BOUND('',#10637,.T.);
#11388=FACE_BOUND('',#10638,.T.);
#11389=FACE_BOUND('',#10639,.T.);
#11390=FACE_BOUND('',#10640,.T.);
#11391=FACE_BOUND('',#10641,.T.);
#11392=FACE_BOUND('',#10642,.T.);
#11393=FACE_BOUND('',#10643,.T.);
#11394=FACE_BOUND('',#10644,.T.);
#11395=FACE_BOUND('',#10645,.T.);
#11396=FACE_BOUND('',#10646,.T.);
#11397=FACE_BOUND('',#10647,.T.);
#11398=FACE_BOUND('',#10648,.T.);
#11399=FACE_BOUND('',#10649,.T.);
#11400=FACE_BOUND('',#10650,.T.);
#11401=FACE_BOUND('',#10651,.T.);
#11402=FACE_BOUND('',#10652,.T.);
#11403=FACE_BOUND('',#10653,.T.);
#11404=FACE_BOUND('',#10654,.T.);
#11405=FACE_BOUND('',#10655,.T.);
#11406=FACE_BOUND('',#10656,.T.);
#11407=FACE_BOUND('',#10657,.T.);
#11408=FACE_BOUND('',#10658,.T.);
#11409=FACE_BOUND('',#10659,.T.);
#11410=FACE_BOUND('',#10660,.T.);
#11411=FACE_BOUND('',#10661,.T.);
#11412=PLANE('',#12329);
#11413=PLANE('',#12333);
#11414=PLANE('',#12337);
#11415=PLANE('',#12341);
#11416=PLANE('',#12342);
#11417=PLANE('',#12346);
#11418=PLANE('',#12350);
#11419=PLANE('',#12354);
#11420=PLANE('',#12355);
#11421=PLANE('',#12359);
#11422=PLANE('',#12363);
#11423=PLANE('',#12367);
#11424=PLANE('',#12368);
#11425=PLANE('',#12372);
#11426=PLANE('',#12376);
#11427=PLANE('',#12380);
#11428=PLANE('',#12381);
#11429=PLANE('',#12385);
#11430=PLANE('',#12389);
#11431=PLANE('',#12393);
#11432=PLANE('',#12394);
#11433=PLANE('',#12398);
#11434=PLANE('',#12402);
#11435=PLANE('',#12406);
#11436=PLANE('',#12407);
#11437=PLANE('',#12411);
#11438=PLANE('',#12415);
#11439=PLANE('',#12419);
#11440=PLANE('',#12420);
#11441=PLANE('',#12424);
#11442=PLANE('',#12428);
#11443=PLANE('',#12432);
#11444=PLANE('',#12433);
#11445=PLANE('',#12437);
#11446=PLANE('',#12441);
#11447=PLANE('',#12445);
#11448=PLANE('',#12446);
#11449=PLANE('',#12450);
#11450=PLANE('',#12454);
#11451=PLANE('',#12458);
#11452=PLANE('',#12459);
#11453=PLANE('',#12463);
#11454=PLANE('',#12467);
#11455=PLANE('',#12471);
#11456=PLANE('',#12472);
#11457=PLANE('',#12476);
#11458=PLANE('',#12480);
#11459=PLANE('',#12484);
#11460=PLANE('',#12485);
#11461=PLANE('',#12489);
#11462=PLANE('',#12493);
#11463=PLANE('',#12497);
#11464=PLANE('',#12498);
#11465=PLANE('',#12502);
#11466=PLANE('',#12506);
#11467=PLANE('',#12510);
#11468=PLANE('',#12511);
#11469=PLANE('',#12515);
#11470=PLANE('',#12519);
#11471=PLANE('',#12523);
#11472=PLANE('',#12524);
#11473=PLANE('',#12528);
#11474=PLANE('',#12532);
#11475=PLANE('',#12536);
#11476=PLANE('',#12537);
#11477=PLANE('',#12541);
#11478=PLANE('',#12545);
#11479=PLANE('',#12549);
#11480=PLANE('',#12550);
#11481=PLANE('',#12554);
#11482=PLANE('',#12558);
#11483=PLANE('',#12562);
#11484=PLANE('',#12563);
#11485=PLANE('',#12567);
#11486=PLANE('',#12571);
#11487=PLANE('',#12575);
#11488=PLANE('',#12576);
#11489=PLANE('',#12580);
#11490=PLANE('',#12584);
#11491=PLANE('',#12588);
#11492=PLANE('',#12589);
#11493=PLANE('',#12593);
#11494=PLANE('',#12597);
#11495=PLANE('',#12601);
#11496=PLANE('',#12602);
#11497=PLANE('',#12606);
#11498=PLANE('',#12610);
#11499=PLANE('',#12614);
#11500=PLANE('',#12615);
#11501=PLANE('',#12619);
#11502=PLANE('',#12623);
#11503=PLANE('',#12627);
#11504=PLANE('',#12628);
#11505=PLANE('',#12632);
#11506=PLANE('',#12636);
#11507=PLANE('',#12640);
#11508=PLANE('',#12641);
#11509=PLANE('',#12645);
#11510=PLANE('',#12649);
#11511=PLANE('',#12653);
#11512=PLANE('',#12654);
#11513=PLANE('',#12658);
#11514=PLANE('',#12662);
#11515=PLANE('',#12666);
#11516=PLANE('',#12667);
#11517=PLANE('',#12671);
#11518=PLANE('',#12675);
#11519=PLANE('',#12679);
#11520=PLANE('',#12680);
#11521=PLANE('',#12684);
#11522=PLANE('',#12688);
#11523=PLANE('',#12692);
#11524=PLANE('',#12693);
#11525=PLANE('',#12697);
#11526=PLANE('',#12701);
#11527=PLANE('',#12705);
#11528=PLANE('',#12706);
#11529=PLANE('',#12710);
#11530=PLANE('',#12714);
#11531=PLANE('',#12718);
#11532=PLANE('',#12719);
#11533=PLANE('',#12723);
#11534=PLANE('',#12727);
#11535=PLANE('',#12731);
#11536=PLANE('',#12732);
#11537=PLANE('',#12736);
#11538=PLANE('',#12740);
#11539=PLANE('',#12744);
#11540=PLANE('',#12745);
#11541=PLANE('',#12749);
#11542=PLANE('',#12753);
#11543=PLANE('',#12757);
#11544=PLANE('',#12758);
#11545=PLANE('',#12762);
#11546=PLANE('',#12766);
#11547=PLANE('',#12770);
#11548=PLANE('',#12771);
#11549=PLANE('',#12775);
#11550=PLANE('',#12779);
#11551=PLANE('',#12783);
#11552=PLANE('',#12784);
#11553=PLANE('',#12788);
#11554=PLANE('',#12792);
#11555=PLANE('',#12796);
#11556=PLANE('',#12797);
#11557=PLANE('',#12801);
#11558=PLANE('',#12805);
#11559=PLANE('',#12809);
#11560=PLANE('',#12810);
#11561=PLANE('',#12814);
#11562=PLANE('',#12818);
#11563=PLANE('',#12822);
#11564=PLANE('',#12823);
#11565=PLANE('',#12827);
#11566=PLANE('',#12831);
#11567=PLANE('',#12835);
#11568=PLANE('',#12836);
#11569=PLANE('',#12840);
#11570=PLANE('',#12844);
#11571=PLANE('',#12848);
#11572=PLANE('',#12849);
#11573=PLANE('',#12853);
#11574=PLANE('',#12857);
#11575=PLANE('',#12861);
#11576=PLANE('',#12862);
#11577=PLANE('',#12866);
#11578=PLANE('',#12870);
#11579=PLANE('',#12874);
#11580=PLANE('',#12875);
#11581=PLANE('',#12879);
#11582=PLANE('',#12883);
#11583=PLANE('',#12887);
#11584=PLANE('',#12888);
#11585=PLANE('',#12892);
#11586=PLANE('',#12896);
#11587=PLANE('',#12900);
#11588=PLANE('',#12901);
#11589=PLANE('',#12905);
#11590=PLANE('',#12909);
#11591=PLANE('',#12913);
#11592=PLANE('',#12914);
#11593=PLANE('',#12918);
#11594=PLANE('',#12922);
#11595=PLANE('',#12926);
#11596=PLANE('',#12927);
#11597=PLANE('',#12931);
#11598=PLANE('',#12935);
#11599=PLANE('',#12939);
#11600=PLANE('',#12940);
#11601=PLANE('',#12944);
#11602=PLANE('',#12948);
#11603=PLANE('',#12952);
#11604=PLANE('',#12953);
#11605=PLANE('',#12957);
#11606=PLANE('',#12961);
#11607=PLANE('',#12965);
#11608=PLANE('',#12966);
#11609=PLANE('',#12970);
#11610=PLANE('',#12974);
#11611=PLANE('',#12978);
#11612=PLANE('',#12979);
#11613=PLANE('',#12983);
#11614=PLANE('',#12987);
#11615=PLANE('',#12991);
#11616=PLANE('',#12992);
#11617=PLANE('',#12996);
#11618=PLANE('',#13000);
#11619=PLANE('',#13004);
#11620=PLANE('',#13005);
#11621=PLANE('',#13009);
#11622=PLANE('',#13013);
#11623=PLANE('',#13017);
#11624=PLANE('',#13018);
#11625=PLANE('',#13022);
#11626=PLANE('',#13026);
#11627=PLANE('',#13030);
#11628=PLANE('',#13031);
#11629=PLANE('',#13035);
#11630=PLANE('',#13039);
#11631=PLANE('',#13043);
#11632=PLANE('',#13044);
#11633=PLANE('',#13048);
#11634=PLANE('',#13052);
#11635=PLANE('',#13056);
#11636=PLANE('',#13057);
#11637=PLANE('',#13061);
#11638=PLANE('',#13065);
#11639=PLANE('',#13069);
#11640=PLANE('',#13070);
#11641=PLANE('',#13074);
#11642=PLANE('',#13078);
#11643=PLANE('',#13082);
#11644=PLANE('',#13083);
#11645=PLANE('',#13087);
#11646=PLANE('',#13091);
#11647=PLANE('',#13095);
#11648=PLANE('',#13096);
#11649=PLANE('',#13100);
#11650=PLANE('',#13104);
#11651=PLANE('',#13108);
#11652=PLANE('',#13109);
#11653=PLANE('',#13113);
#11654=PLANE('',#13117);
#11655=PLANE('',#13121);
#11656=PLANE('',#13122);
#11657=PLANE('',#13126);
#11658=PLANE('',#13130);
#11659=PLANE('',#13134);
#11660=PLANE('',#13135);
#11661=PLANE('',#13139);
#11662=PLANE('',#13143);
#11663=PLANE('',#13147);
#11664=PLANE('',#13148);
#11665=PLANE('',#13152);
#11666=PLANE('',#13156);
#11667=PLANE('',#13160);
#11668=PLANE('',#13161);
#11669=PLANE('',#13165);
#11670=PLANE('',#13169);
#11671=PLANE('',#13173);
#11672=PLANE('',#13174);
#11673=PLANE('',#13178);
#11674=PLANE('',#13182);
#11675=PLANE('',#13186);
#11676=PLANE('',#13187);
#11677=PLANE('',#13191);
#11678=PLANE('',#13195);
#11679=PLANE('',#13199);
#11680=PLANE('',#13200);
#11681=PLANE('',#13204);
#11682=PLANE('',#13208);
#11683=PLANE('',#13212);
#11684=PLANE('',#13213);
#11685=PLANE('',#13217);
#11686=PLANE('',#13221);
#11687=PLANE('',#13225);
#11688=PLANE('',#13226);
#11689=PLANE('',#13230);
#11690=PLANE('',#13234);
#11691=PLANE('',#13238);
#11692=PLANE('',#13239);
#11693=PLANE('',#13243);
#11694=PLANE('',#13247);
#11695=PLANE('',#13251);
#11696=PLANE('',#13252);
#11697=PLANE('',#13256);
#11698=PLANE('',#13260);
#11699=PLANE('',#13264);
#11700=PLANE('',#13265);
#11701=PLANE('',#13269);
#11702=PLANE('',#13273);
#11703=PLANE('',#13277);
#11704=PLANE('',#13278);
#11705=PLANE('',#13282);
#11706=PLANE('',#13286);
#11707=PLANE('',#13290);
#11708=PLANE('',#13291);
#11709=PLANE('',#13292);
#11710=PLANE('',#13293);
#11711=PLANE('',#13513);
#11712=PLANE('',#13517);
#11713=PLANE('',#13522);
#11714=ADVANCED_FACE('',(#10662),#11412,.T.);
#11715=ADVANCED_FACE('',(#10663),#612,.F.);
#11716=ADVANCED_FACE('',(#10664),#11413,.T.);
#11717=ADVANCED_FACE('',(#10665),#613,.F.);
#11718=ADVANCED_FACE('',(#10666),#11414,.F.);
#11719=ADVANCED_FACE('',(#10667),#614,.F.);
#11720=ADVANCED_FACE('',(#10668),#11415,.F.);
#11721=ADVANCED_FACE('',(#10669),#11416,.F.);
#11722=ADVANCED_FACE('',(#10670),#615,.F.);
#11723=ADVANCED_FACE('',(#10671),#11417,.T.);
#11724=ADVANCED_FACE('',(#10672),#616,.F.);
#11725=ADVANCED_FACE('',(#10673),#11418,.T.);
#11726=ADVANCED_FACE('',(#10674),#617,.F.);
#11727=ADVANCED_FACE('',(#10675),#11419,.F.);
#11728=ADVANCED_FACE('',(#10676),#11420,.T.);
#11729=ADVANCED_FACE('',(#10677),#618,.F.);
#11730=ADVANCED_FACE('',(#10678),#11421,.T.);
#11731=ADVANCED_FACE('',(#10679),#619,.F.);
#11732=ADVANCED_FACE('',(#10680),#11422,.F.);
#11733=ADVANCED_FACE('',(#10681),#620,.F.);
#11734=ADVANCED_FACE('',(#10682),#11423,.F.);
#11735=ADVANCED_FACE('',(#10683),#11424,.T.);
#11736=ADVANCED_FACE('',(#10684),#621,.F.);
#11737=ADVANCED_FACE('',(#10685),#11425,.F.);
#11738=ADVANCED_FACE('',(#10686),#622,.F.);
#11739=ADVANCED_FACE('',(#10687),#11426,.F.);
#11740=ADVANCED_FACE('',(#10688),#623,.F.);
#11741=ADVANCED_FACE('',(#10689),#11427,.T.);
#11742=ADVANCED_FACE('',(#10690),#11428,.T.);
#11743=ADVANCED_FACE('',(#10691),#624,.F.);
#11744=ADVANCED_FACE('',(#10692),#11429,.F.);
#11745=ADVANCED_FACE('',(#10693),#625,.F.);
#11746=ADVANCED_FACE('',(#10694),#11430,.F.);
#11747=ADVANCED_FACE('',(#10695),#626,.F.);
#11748=ADVANCED_FACE('',(#10696),#11431,.T.);
#11749=ADVANCED_FACE('',(#10697),#11432,.T.);
#11750=ADVANCED_FACE('',(#10698),#627,.F.);
#11751=ADVANCED_FACE('',(#10699),#11433,.T.);
#11752=ADVANCED_FACE('',(#10700),#628,.F.);
#11753=ADVANCED_FACE('',(#10701),#11434,.F.);
#11754=ADVANCED_FACE('',(#10702),#629,.F.);
#11755=ADVANCED_FACE('',(#10703),#11435,.F.);
#11756=ADVANCED_FACE('',(#10704),#11436,.F.);
#11757=ADVANCED_FACE('',(#10705),#630,.F.);
#11758=ADVANCED_FACE('',(#10706),#11437,.T.);
#11759=ADVANCED_FACE('',(#10707),#631,.F.);
#11760=ADVANCED_FACE('',(#10708),#11438,.T.);
#11761=ADVANCED_FACE('',(#10709),#632,.F.);
#11762=ADVANCED_FACE('',(#10710),#11439,.F.);
#11763=ADVANCED_FACE('',(#10711),#11440,.T.);
#11764=ADVANCED_FACE('',(#10712),#633,.F.);
#11765=ADVANCED_FACE('',(#10713),#11441,.T.);
#11766=ADVANCED_FACE('',(#10714),#634,.F.);
#11767=ADVANCED_FACE('',(#10715),#11442,.F.);
#11768=ADVANCED_FACE('',(#10716),#635,.F.);
#11769=ADVANCED_FACE('',(#10717),#11443,.F.);
#11770=ADVANCED_FACE('',(#10718),#11444,.T.);
#11771=ADVANCED_FACE('',(#10719),#636,.F.);
#11772=ADVANCED_FACE('',(#10720),#11445,.T.);
#11773=ADVANCED_FACE('',(#10721),#637,.F.);
#11774=ADVANCED_FACE('',(#10722),#11446,.F.);
#11775=ADVANCED_FACE('',(#10723),#638,.F.);
#11776=ADVANCED_FACE('',(#10724),#11447,.F.);
#11777=ADVANCED_FACE('',(#10725),#11448,.F.);
#11778=ADVANCED_FACE('',(#10726),#639,.F.);
#11779=ADVANCED_FACE('',(#10727),#11449,.T.);
#11780=ADVANCED_FACE('',(#10728),#640,.F.);
#11781=ADVANCED_FACE('',(#10729),#11450,.T.);
#11782=ADVANCED_FACE('',(#10730),#641,.F.);
#11783=ADVANCED_FACE('',(#10731),#11451,.F.);
#11784=ADVANCED_FACE('',(#10732),#11452,.T.);
#11785=ADVANCED_FACE('',(#10733),#642,.F.);
#11786=ADVANCED_FACE('',(#10734),#11453,.T.);
#11787=ADVANCED_FACE('',(#10735),#643,.F.);
#11788=ADVANCED_FACE('',(#10736),#11454,.F.);
#11789=ADVANCED_FACE('',(#10737),#644,.F.);
#11790=ADVANCED_FACE('',(#10738),#11455,.F.);
#11791=ADVANCED_FACE('',(#10739),#11456,.T.);
#11792=ADVANCED_FACE('',(#10740),#645,.F.);
#11793=ADVANCED_FACE('',(#10741),#11457,.F.);
#11794=ADVANCED_FACE('',(#10742),#646,.F.);
#11795=ADVANCED_FACE('',(#10743),#11458,.F.);
#11796=ADVANCED_FACE('',(#10744),#647,.F.);
#11797=ADVANCED_FACE('',(#10745),#11459,.T.);
#11798=ADVANCED_FACE('',(#10746),#11460,.T.);
#11799=ADVANCED_FACE('',(#10747),#648,.F.);
#11800=ADVANCED_FACE('',(#10748),#11461,.T.);
#11801=ADVANCED_FACE('',(#10749),#649,.F.);
#11802=ADVANCED_FACE('',(#10750),#11462,.F.);
#11803=ADVANCED_FACE('',(#10751),#650,.F.);
#11804=ADVANCED_FACE('',(#10752),#11463,.F.);
#11805=ADVANCED_FACE('',(#10753),#11464,.F.);
#11806=ADVANCED_FACE('',(#10754),#651,.F.);
#11807=ADVANCED_FACE('',(#10755),#11465,.T.);
#11808=ADVANCED_FACE('',(#10756),#652,.F.);
#11809=ADVANCED_FACE('',(#10757),#11466,.T.);
#11810=ADVANCED_FACE('',(#10758),#653,.F.);
#11811=ADVANCED_FACE('',(#10759),#11467,.F.);
#11812=ADVANCED_FACE('',(#10760),#11468,.T.);
#11813=ADVANCED_FACE('',(#10761),#654,.F.);
#11814=ADVANCED_FACE('',(#10762),#11469,.T.);
#11815=ADVANCED_FACE('',(#10763),#655,.F.);
#11816=ADVANCED_FACE('',(#10764),#11470,.F.);
#11817=ADVANCED_FACE('',(#10765),#656,.F.);
#11818=ADVANCED_FACE('',(#10766),#11471,.F.);
#11819=ADVANCED_FACE('',(#10767),#11472,.T.);
#11820=ADVANCED_FACE('',(#10768),#657,.F.);
#11821=ADVANCED_FACE('',(#10769),#11473,.F.);
#11822=ADVANCED_FACE('',(#10770),#658,.F.);
#11823=ADVANCED_FACE('',(#10771),#11474,.F.);
#11824=ADVANCED_FACE('',(#10772),#659,.F.);
#11825=ADVANCED_FACE('',(#10773),#11475,.T.);
#11826=ADVANCED_FACE('',(#10774),#11476,.T.);
#11827=ADVANCED_FACE('',(#10775),#660,.F.);
#11828=ADVANCED_FACE('',(#10776),#11477,.F.);
#11829=ADVANCED_FACE('',(#10777),#661,.F.);
#11830=ADVANCED_FACE('',(#10778),#11478,.F.);
#11831=ADVANCED_FACE('',(#10779),#662,.F.);
#11832=ADVANCED_FACE('',(#10780),#11479,.T.);
#11833=ADVANCED_FACE('',(#10781),#11480,.F.);
#11834=ADVANCED_FACE('',(#10782),#663,.F.);
#11835=ADVANCED_FACE('',(#10783),#11481,.F.);
#11836=ADVANCED_FACE('',(#10784),#664,.F.);
#11837=ADVANCED_FACE('',(#10785),#11482,.T.);
#11838=ADVANCED_FACE('',(#10786),#665,.F.);
#11839=ADVANCED_FACE('',(#10787),#11483,.T.);
#11840=ADVANCED_FACE('',(#10788),#11484,.F.);
#11841=ADVANCED_FACE('',(#10789),#666,.F.);
#11842=ADVANCED_FACE('',(#10790),#11485,.T.);
#11843=ADVANCED_FACE('',(#10791),#667,.F.);
#11844=ADVANCED_FACE('',(#10792),#11486,.T.);
#11845=ADVANCED_FACE('',(#10793),#668,.F.);
#11846=ADVANCED_FACE('',(#10794),#11487,.F.);
#11847=ADVANCED_FACE('',(#10795),#11488,.F.);
#11848=ADVANCED_FACE('',(#10796),#669,.F.);
#11849=ADVANCED_FACE('',(#10797),#11489,.F.);
#11850=ADVANCED_FACE('',(#10798),#670,.F.);
#11851=ADVANCED_FACE('',(#10799),#11490,.T.);
#11852=ADVANCED_FACE('',(#10800),#671,.F.);
#11853=ADVANCED_FACE('',(#10801),#11491,.F.);
#11854=ADVANCED_FACE('',(#10802),#11492,.T.);
#11855=ADVANCED_FACE('',(#10803),#672,.F.);
#11856=ADVANCED_FACE('',(#10804),#11493,.T.);
#11857=ADVANCED_FACE('',(#10805),#673,.F.);
#11858=ADVANCED_FACE('',(#10806),#11494,.F.);
#11859=ADVANCED_FACE('',(#10807),#674,.F.);
#11860=ADVANCED_FACE('',(#10808),#11495,.F.);
#11861=ADVANCED_FACE('',(#10809),#11496,.T.);
#11862=ADVANCED_FACE('',(#10810),#675,.F.);
#11863=ADVANCED_FACE('',(#10811),#11497,.T.);
#11864=ADVANCED_FACE('',(#10812),#676,.F.);
#11865=ADVANCED_FACE('',(#10813),#11498,.F.);
#11866=ADVANCED_FACE('',(#10814),#677,.F.);
#11867=ADVANCED_FACE('',(#10815),#11499,.F.);
#11868=ADVANCED_FACE('',(#10816),#11500,.T.);
#11869=ADVANCED_FACE('',(#10817),#678,.F.);
#11870=ADVANCED_FACE('',(#10818),#11501,.T.);
#11871=ADVANCED_FACE('',(#10819),#679,.F.);
#11872=ADVANCED_FACE('',(#10820),#11502,.F.);
#11873=ADVANCED_FACE('',(#10821),#680,.F.);
#11874=ADVANCED_FACE('',(#10822),#11503,.F.);
#11875=ADVANCED_FACE('',(#10823),#11504,.F.);
#11876=ADVANCED_FACE('',(#10824),#681,.F.);
#11877=ADVANCED_FACE('',(#10825),#11505,.T.);
#11878=ADVANCED_FACE('',(#10826),#682,.F.);
#11879=ADVANCED_FACE('',(#10827),#11506,.T.);
#11880=ADVANCED_FACE('',(#10828),#683,.F.);
#11881=ADVANCED_FACE('',(#10829),#11507,.F.);
#11882=ADVANCED_FACE('',(#10830),#11508,.T.);
#11883=ADVANCED_FACE('',(#10831),#684,.F.);
#11884=ADVANCED_FACE('',(#10832),#11509,.T.);
#11885=ADVANCED_FACE('',(#10833),#685,.F.);
#11886=ADVANCED_FACE('',(#10834),#11510,.F.);
#11887=ADVANCED_FACE('',(#10835),#686,.F.);
#11888=ADVANCED_FACE('',(#10836),#11511,.F.);
#11889=ADVANCED_FACE('',(#10837),#11512,.T.);
#11890=ADVANCED_FACE('',(#10838),#687,.F.);
#11891=ADVANCED_FACE('',(#10839),#11513,.F.);
#11892=ADVANCED_FACE('',(#10840),#688,.F.);
#11893=ADVANCED_FACE('',(#10841),#11514,.F.);
#11894=ADVANCED_FACE('',(#10842),#689,.F.);
#11895=ADVANCED_FACE('',(#10843),#11515,.T.);
#11896=ADVANCED_FACE('',(#10844),#11516,.F.);
#11897=ADVANCED_FACE('',(#10845),#690,.F.);
#11898=ADVANCED_FACE('',(#10846),#11517,.F.);
#11899=ADVANCED_FACE('',(#10847),#691,.F.);
#11900=ADVANCED_FACE('',(#10848),#11518,.T.);
#11901=ADVANCED_FACE('',(#10849),#692,.F.);
#11902=ADVANCED_FACE('',(#10850),#11519,.F.);
#11903=ADVANCED_FACE('',(#10851),#11520,.T.);
#11904=ADVANCED_FACE('',(#10852),#693,.F.);
#11905=ADVANCED_FACE('',(#10853),#11521,.T.);
#11906=ADVANCED_FACE('',(#10854),#694,.F.);
#11907=ADVANCED_FACE('',(#10855),#11522,.F.);
#11908=ADVANCED_FACE('',(#10856),#695,.F.);
#11909=ADVANCED_FACE('',(#10857),#11523,.F.);
#11910=ADVANCED_FACE('',(#10858),#11524,.F.);
#11911=ADVANCED_FACE('',(#10859),#696,.F.);
#11912=ADVANCED_FACE('',(#10860),#11525,.T.);
#11913=ADVANCED_FACE('',(#10861),#697,.F.);
#11914=ADVANCED_FACE('',(#10862),#11526,.T.);
#11915=ADVANCED_FACE('',(#10863),#698,.F.);
#11916=ADVANCED_FACE('',(#10864),#11527,.F.);
#11917=ADVANCED_FACE('',(#10865),#11528,.T.);
#11918=ADVANCED_FACE('',(#10866),#699,.F.);
#11919=ADVANCED_FACE('',(#10867),#11529,.T.);
#11920=ADVANCED_FACE('',(#10868),#700,.F.);
#11921=ADVANCED_FACE('',(#10869),#11530,.F.);
#11922=ADVANCED_FACE('',(#10870),#701,.F.);
#11923=ADVANCED_FACE('',(#10871),#11531,.F.);
#11924=ADVANCED_FACE('',(#10872),#11532,.F.);
#11925=ADVANCED_FACE('',(#10873),#702,.F.);
#11926=ADVANCED_FACE('',(#10874),#11533,.T.);
#11927=ADVANCED_FACE('',(#10875),#703,.F.);
#11928=ADVANCED_FACE('',(#10876),#11534,.T.);
#11929=ADVANCED_FACE('',(#10877),#704,.F.);
#11930=ADVANCED_FACE('',(#10878),#11535,.F.);
#11931=ADVANCED_FACE('',(#10879),#11536,.F.);
#11932=ADVANCED_FACE('',(#10880),#705,.F.);
#11933=ADVANCED_FACE('',(#10881),#11537,.F.);
#11934=ADVANCED_FACE('',(#10882),#706,.F.);
#11935=ADVANCED_FACE('',(#10883),#11538,.T.);
#11936=ADVANCED_FACE('',(#10884),#707,.F.);
#11937=ADVANCED_FACE('',(#10885),#11539,.T.);
#11938=ADVANCED_FACE('',(#10886),#11540,.F.);
#11939=ADVANCED_FACE('',(#10887),#708,.F.);
#11940=ADVANCED_FACE('',(#10888),#11541,.T.);
#11941=ADVANCED_FACE('',(#10889),#709,.F.);
#11942=ADVANCED_FACE('',(#10890),#11542,.T.);
#11943=ADVANCED_FACE('',(#10891),#710,.F.);
#11944=ADVANCED_FACE('',(#10892),#11543,.F.);
#11945=ADVANCED_FACE('',(#10893),#11544,.F.);
#11946=ADVANCED_FACE('',(#10894),#711,.F.);
#11947=ADVANCED_FACE('',(#10895),#11545,.F.);
#11948=ADVANCED_FACE('',(#10896),#712,.F.);
#11949=ADVANCED_FACE('',(#10897),#11546,.T.);
#11950=ADVANCED_FACE('',(#10898),#713,.F.);
#11951=ADVANCED_FACE('',(#10899),#11547,.T.);
#11952=ADVANCED_FACE('',(#10900),#11548,.F.);
#11953=ADVANCED_FACE('',(#10901),#714,.F.);
#11954=ADVANCED_FACE('',(#10902),#11549,.T.);
#11955=ADVANCED_FACE('',(#10903),#715,.F.);
#11956=ADVANCED_FACE('',(#10904),#11550,.T.);
#11957=ADVANCED_FACE('',(#10905),#716,.F.);
#11958=ADVANCED_FACE('',(#10906),#11551,.F.);
#11959=ADVANCED_FACE('',(#10907),#11552,.F.);
#11960=ADVANCED_FACE('',(#10908),#717,.F.);
#11961=ADVANCED_FACE('',(#10909),#11553,.F.);
#11962=ADVANCED_FACE('',(#10910),#718,.F.);
#11963=ADVANCED_FACE('',(#10911),#11554,.T.);
#11964=ADVANCED_FACE('',(#10912),#719,.F.);
#11965=ADVANCED_FACE('',(#10913),#11555,.T.);
#11966=ADVANCED_FACE('',(#10914),#11556,.F.);
#11967=ADVANCED_FACE('',(#10915),#720,.F.);
#11968=ADVANCED_FACE('',(#10916),#11557,.T.);
#11969=ADVANCED_FACE('',(#10917),#721,.F.);
#11970=ADVANCED_FACE('',(#10918),#11558,.T.);
#11971=ADVANCED_FACE('',(#10919),#722,.F.);
#11972=ADVANCED_FACE('',(#10920),#11559,.F.);
#11973=ADVANCED_FACE('',(#10921),#11560,.T.);
#11974=ADVANCED_FACE('',(#10922),#723,.F.);
#11975=ADVANCED_FACE('',(#10923),#11561,.T.);
#11976=ADVANCED_FACE('',(#10924),#724,.F.);
#11977=ADVANCED_FACE('',(#10925),#11562,.F.);
#11978=ADVANCED_FACE('',(#10926),#725,.F.);
#11979=ADVANCED_FACE('',(#10927),#11563,.F.);
#11980=ADVANCED_FACE('',(#10928),#11564,.T.);
#11981=ADVANCED_FACE('',(#10929),#726,.F.);
#11982=ADVANCED_FACE('',(#10930),#11565,.F.);
#11983=ADVANCED_FACE('',(#10931),#727,.F.);
#11984=ADVANCED_FACE('',(#10932),#11566,.F.);
#11985=ADVANCED_FACE('',(#10933),#728,.F.);
#11986=ADVANCED_FACE('',(#10934),#11567,.T.);
#11987=ADVANCED_FACE('',(#10935),#11568,.T.);
#11988=ADVANCED_FACE('',(#10936),#729,.F.);
#11989=ADVANCED_FACE('',(#10937),#11569,.F.);
#11990=ADVANCED_FACE('',(#10938),#730,.F.);
#11991=ADVANCED_FACE('',(#10939),#11570,.F.);
#11992=ADVANCED_FACE('',(#10940),#731,.F.);
#11993=ADVANCED_FACE('',(#10941),#11571,.T.);
#11994=ADVANCED_FACE('',(#10942),#11572,.F.);
#11995=ADVANCED_FACE('',(#10943),#732,.F.);
#11996=ADVANCED_FACE('',(#10944),#11573,.F.);
#11997=ADVANCED_FACE('',(#10945),#733,.F.);
#11998=ADVANCED_FACE('',(#10946),#11574,.T.);
#11999=ADVANCED_FACE('',(#10947),#734,.F.);
#12000=ADVANCED_FACE('',(#10948),#11575,.T.);
#12001=ADVANCED_FACE('',(#10949),#11576,.F.);
#12002=ADVANCED_FACE('',(#10950),#735,.F.);
#12003=ADVANCED_FACE('',(#10951),#11577,.T.);
#12004=ADVANCED_FACE('',(#10952),#736,.F.);
#12005=ADVANCED_FACE('',(#10953),#11578,.T.);
#12006=ADVANCED_FACE('',(#10954),#737,.F.);
#12007=ADVANCED_FACE('',(#10955),#11579,.F.);
#12008=ADVANCED_FACE('',(#10956),#11580,.T.);
#12009=ADVANCED_FACE('',(#10957),#738,.F.);
#12010=ADVANCED_FACE('',(#10958),#11581,.F.);
#12011=ADVANCED_FACE('',(#10959),#739,.F.);
#12012=ADVANCED_FACE('',(#10960),#11582,.F.);
#12013=ADVANCED_FACE('',(#10961),#740,.F.);
#12014=ADVANCED_FACE('',(#10962),#11583,.F.);
#12015=ADVANCED_FACE('',(#10963),#11584,.T.);
#12016=ADVANCED_FACE('',(#10964),#741,.F.);
#12017=ADVANCED_FACE('',(#10965),#11585,.T.);
#12018=ADVANCED_FACE('',(#10966),#742,.F.);
#12019=ADVANCED_FACE('',(#10967),#11586,.T.);
#12020=ADVANCED_FACE('',(#10968),#743,.F.);
#12021=ADVANCED_FACE('',(#10969),#11587,.F.);
#12022=ADVANCED_FACE('',(#10970),#11588,.T.);
#12023=ADVANCED_FACE('',(#10971),#744,.F.);
#12024=ADVANCED_FACE('',(#10972),#11589,.F.);
#12025=ADVANCED_FACE('',(#10973),#745,.F.);
#12026=ADVANCED_FACE('',(#10974),#11590,.F.);
#12027=ADVANCED_FACE('',(#10975),#746,.F.);
#12028=ADVANCED_FACE('',(#10976),#11591,.T.);
#12029=ADVANCED_FACE('',(#10977),#11592,.T.);
#12030=ADVANCED_FACE('',(#10978),#747,.F.);
#12031=ADVANCED_FACE('',(#10979),#11593,.T.);
#12032=ADVANCED_FACE('',(#10980),#748,.F.);
#12033=ADVANCED_FACE('',(#10981),#11594,.T.);
#12034=ADVANCED_FACE('',(#10982),#749,.F.);
#12035=ADVANCED_FACE('',(#10983),#11595,.F.);
#12036=ADVANCED_FACE('',(#10984),#11596,.T.);
#12037=ADVANCED_FACE('',(#10985),#750,.F.);
#12038=ADVANCED_FACE('',(#10986),#11597,.F.);
#12039=ADVANCED_FACE('',(#10987),#751,.F.);
#12040=ADVANCED_FACE('',(#10988),#11598,.F.);
#12041=ADVANCED_FACE('',(#10989),#752,.F.);
#12042=ADVANCED_FACE('',(#10990),#11599,.T.);
#12043=ADVANCED_FACE('',(#10991),#11600,.T.);
#12044=ADVANCED_FACE('',(#10992),#753,.F.);
#12045=ADVANCED_FACE('',(#10993),#11601,.T.);
#12046=ADVANCED_FACE('',(#10994),#754,.F.);
#12047=ADVANCED_FACE('',(#10995),#11602,.F.);
#12048=ADVANCED_FACE('',(#10996),#755,.F.);
#12049=ADVANCED_FACE('',(#10997),#11603,.F.);
#12050=ADVANCED_FACE('',(#10998),#11604,.F.);
#12051=ADVANCED_FACE('',(#10999),#756,.F.);
#12052=ADVANCED_FACE('',(#11000),#11605,.T.);
#12053=ADVANCED_FACE('',(#11001),#757,.F.);
#12054=ADVANCED_FACE('',(#11002),#11606,.T.);
#12055=ADVANCED_FACE('',(#11003),#758,.F.);
#12056=ADVANCED_FACE('',(#11004),#11607,.F.);
#12057=ADVANCED_FACE('',(#11005),#11608,.T.);
#12058=ADVANCED_FACE('',(#11006),#759,.F.);
#12059=ADVANCED_FACE('',(#11007),#11609,.T.);
#12060=ADVANCED_FACE('',(#11008),#760,.F.);
#12061=ADVANCED_FACE('',(#11009),#11610,.F.);
#12062=ADVANCED_FACE('',(#11010),#761,.F.);
#12063=ADVANCED_FACE('',(#11011),#11611,.F.);
#12064=ADVANCED_FACE('',(#11012),#11612,.T.);
#12065=ADVANCED_FACE('',(#11013),#762,.F.);
#12066=ADVANCED_FACE('',(#11014),#11613,.F.);
#12067=ADVANCED_FACE('',(#11015),#763,.F.);
#12068=ADVANCED_FACE('',(#11016),#11614,.F.);
#12069=ADVANCED_FACE('',(#11017),#764,.F.);
#12070=ADVANCED_FACE('',(#11018),#11615,.T.);
#12071=ADVANCED_FACE('',(#11019),#11616,.T.);
#12072=ADVANCED_FACE('',(#11020),#765,.F.);
#12073=ADVANCED_FACE('',(#11021),#11617,.T.);
#12074=ADVANCED_FACE('',(#11022),#766,.F.);
#12075=ADVANCED_FACE('',(#11023),#11618,.F.);
#12076=ADVANCED_FACE('',(#11024),#767,.F.);
#12077=ADVANCED_FACE('',(#11025),#11619,.F.);
#12078=ADVANCED_FACE('',(#11026),#11620,.F.);
#12079=ADVANCED_FACE('',(#11027),#768,.F.);
#12080=ADVANCED_FACE('',(#11028),#11621,.T.);
#12081=ADVANCED_FACE('',(#11029),#769,.F.);
#12082=ADVANCED_FACE('',(#11030),#11622,.T.);
#12083=ADVANCED_FACE('',(#11031),#770,.F.);
#12084=ADVANCED_FACE('',(#11032),#11623,.F.);
#12085=ADVANCED_FACE('',(#11033),#11624,.T.);
#12086=ADVANCED_FACE('',(#11034),#771,.F.);
#12087=ADVANCED_FACE('',(#11035),#11625,.T.);
#12088=ADVANCED_FACE('',(#11036),#772,.F.);
#12089=ADVANCED_FACE('',(#11037),#11626,.F.);
#12090=ADVANCED_FACE('',(#11038),#773,.F.);
#12091=ADVANCED_FACE('',(#11039),#11627,.F.);
#12092=ADVANCED_FACE('',(#11040),#11628,.F.);
#12093=ADVANCED_FACE('',(#11041),#774,.F.);
#12094=ADVANCED_FACE('',(#11042),#11629,.F.);
#12095=ADVANCED_FACE('',(#11043),#775,.F.);
#12096=ADVANCED_FACE('',(#11044),#11630,.T.);
#12097=ADVANCED_FACE('',(#11045),#776,.F.);
#12098=ADVANCED_FACE('',(#11046),#11631,.T.);
#12099=ADVANCED_FACE('',(#11047),#11632,.F.);
#12100=ADVANCED_FACE('',(#11048),#777,.F.);
#12101=ADVANCED_FACE('',(#11049),#11633,.T.);
#12102=ADVANCED_FACE('',(#11050),#778,.F.);
#12103=ADVANCED_FACE('',(#11051),#11634,.T.);
#12104=ADVANCED_FACE('',(#11052),#779,.F.);
#12105=ADVANCED_FACE('',(#11053),#11635,.F.);
#12106=ADVANCED_FACE('',(#11054),#11636,.F.);
#12107=ADVANCED_FACE('',(#11055),#780,.F.);
#12108=ADVANCED_FACE('',(#11056),#11637,.F.);
#12109=ADVANCED_FACE('',(#11057),#781,.F.);
#12110=ADVANCED_FACE('',(#11058),#11638,.T.);
#12111=ADVANCED_FACE('',(#11059),#782,.F.);
#12112=ADVANCED_FACE('',(#11060),#11639,.T.);
#12113=ADVANCED_FACE('',(#11061),#11640,.F.);
#12114=ADVANCED_FACE('',(#11062),#783,.F.);
#12115=ADVANCED_FACE('',(#11063),#11641,.T.);
#12116=ADVANCED_FACE('',(#11064),#784,.F.);
#12117=ADVANCED_FACE('',(#11065),#11642,.T.);
#12118=ADVANCED_FACE('',(#11066),#785,.F.);
#12119=ADVANCED_FACE('',(#11067),#11643,.F.);
#12120=ADVANCED_FACE('',(#11068),#11644,.F.);
#12121=ADVANCED_FACE('',(#11069),#786,.F.);
#12122=ADVANCED_FACE('',(#11070),#11645,.F.);
#12123=ADVANCED_FACE('',(#11071),#787,.F.);
#12124=ADVANCED_FACE('',(#11072),#11646,.T.);
#12125=ADVANCED_FACE('',(#11073),#788,.F.);
#12126=ADVANCED_FACE('',(#11074),#11647,.T.);
#12127=ADVANCED_FACE('',(#11075),#11648,.T.);
#12128=ADVANCED_FACE('',(#11076),#789,.F.);
#12129=ADVANCED_FACE('',(#11077),#11649,.T.);
#12130=ADVANCED_FACE('',(#11078),#790,.F.);
#12131=ADVANCED_FACE('',(#11079),#11650,.F.);
#12132=ADVANCED_FACE('',(#11080),#791,.F.);
#12133=ADVANCED_FACE('',(#11081),#11651,.F.);
#12134=ADVANCED_FACE('',(#11082),#11652,.T.);
#12135=ADVANCED_FACE('',(#11083),#792,.F.);
#12136=ADVANCED_FACE('',(#11084),#11653,.F.);
#12137=ADVANCED_FACE('',(#11085),#793,.F.);
#12138=ADVANCED_FACE('',(#11086),#11654,.F.);
#12139=ADVANCED_FACE('',(#11087),#794,.F.);
#12140=ADVANCED_FACE('',(#11088),#11655,.T.);
#12141=ADVANCED_FACE('',(#11089),#11656,.F.);
#12142=ADVANCED_FACE('',(#11090),#795,.F.);
#12143=ADVANCED_FACE('',(#11091),#11657,.F.);
#12144=ADVANCED_FACE('',(#11092),#796,.F.);
#12145=ADVANCED_FACE('',(#11093),#11658,.T.);
#12146=ADVANCED_FACE('',(#11094),#797,.F.);
#12147=ADVANCED_FACE('',(#11095),#11659,.T.);
#12148=ADVANCED_FACE('',(#11096),#11660,.F.);
#12149=ADVANCED_FACE('',(#11097),#798,.F.);
#12150=ADVANCED_FACE('',(#11098),#11661,.T.);
#12151=ADVANCED_FACE('',(#11099),#799,.F.);
#12152=ADVANCED_FACE('',(#11100),#11662,.T.);
#12153=ADVANCED_FACE('',(#11101),#800,.F.);
#12154=ADVANCED_FACE('',(#11102),#11663,.F.);
#12155=ADVANCED_FACE('',(#11103),#11664,.F.);
#12156=ADVANCED_FACE('',(#11104),#801,.F.);
#12157=ADVANCED_FACE('',(#11105),#11665,.F.);
#12158=ADVANCED_FACE('',(#11106),#802,.F.);
#12159=ADVANCED_FACE('',(#11107),#11666,.T.);
#12160=ADVANCED_FACE('',(#11108),#803,.F.);
#12161=ADVANCED_FACE('',(#11109),#11667,.T.);
#12162=ADVANCED_FACE('',(#11110),#11668,.F.);
#12163=ADVANCED_FACE('',(#11111),#804,.F.);
#12164=ADVANCED_FACE('',(#11112),#11669,.T.);
#12165=ADVANCED_FACE('',(#11113),#805,.F.);
#12166=ADVANCED_FACE('',(#11114),#11670,.T.);
#12167=ADVANCED_FACE('',(#11115),#806,.F.);
#12168=ADVANCED_FACE('',(#11116),#11671,.F.);
#12169=ADVANCED_FACE('',(#11117),#11672,.F.);
#12170=ADVANCED_FACE('',(#11118),#807,.F.);
#12171=ADVANCED_FACE('',(#11119),#11673,.F.);
#12172=ADVANCED_FACE('',(#11120),#808,.F.);
#12173=ADVANCED_FACE('',(#11121),#11674,.T.);
#12174=ADVANCED_FACE('',(#11122),#809,.F.);
#12175=ADVANCED_FACE('',(#11123),#11675,.T.);
#12176=ADVANCED_FACE('',(#11124),#11676,.F.);
#12177=ADVANCED_FACE('',(#11125),#810,.F.);
#12178=ADVANCED_FACE('',(#11126),#11677,.T.);
#12179=ADVANCED_FACE('',(#11127),#811,.F.);
#12180=ADVANCED_FACE('',(#11128),#11678,.T.);
#12181=ADVANCED_FACE('',(#11129),#812,.F.);
#12182=ADVANCED_FACE('',(#11130),#11679,.F.);
#12183=ADVANCED_FACE('',(#11131),#11680,.F.);
#12184=ADVANCED_FACE('',(#11132),#813,.F.);
#12185=ADVANCED_FACE('',(#11133),#11681,.F.);
#12186=ADVANCED_FACE('',(#11134),#814,.F.);
#12187=ADVANCED_FACE('',(#11135),#11682,.T.);
#12188=ADVANCED_FACE('',(#11136),#815,.F.);
#12189=ADVANCED_FACE('',(#11137),#11683,.T.);
#12190=ADVANCED_FACE('',(#11138),#11684,.F.);
#12191=ADVANCED_FACE('',(#11139),#816,.F.);
#12192=ADVANCED_FACE('',(#11140),#11685,.T.);
#12193=ADVANCED_FACE('',(#11141),#817,.F.);
#12194=ADVANCED_FACE('',(#11142),#11686,.T.);
#12195=ADVANCED_FACE('',(#11143),#818,.F.);
#12196=ADVANCED_FACE('',(#11144),#11687,.F.);
#12197=ADVANCED_FACE('',(#11145),#11688,.F.);
#12198=ADVANCED_FACE('',(#11146),#819,.F.);
#12199=ADVANCED_FACE('',(#11147),#11689,.T.);
#12200=ADVANCED_FACE('',(#11148),#820,.F.);
#12201=ADVANCED_FACE('',(#11149),#11690,.T.);
#12202=ADVANCED_FACE('',(#11150),#821,.F.);
#12203=ADVANCED_FACE('',(#11151),#11691,.F.);
#12204=ADVANCED_FACE('',(#11152),#11692,.F.);
#12205=ADVANCED_FACE('',(#11153),#822,.F.);
#12206=ADVANCED_FACE('',(#11154),#11693,.T.);
#12207=ADVANCED_FACE('',(#11155),#823,.F.);
#12208=ADVANCED_FACE('',(#11156),#11694,.T.);
#12209=ADVANCED_FACE('',(#11157),#824,.F.);
#12210=ADVANCED_FACE('',(#11158),#11695,.F.);
#12211=ADVANCED_FACE('',(#11159),#11696,.F.);
#12212=ADVANCED_FACE('',(#11160),#825,.F.);
#12213=ADVANCED_FACE('',(#11161),#11697,.T.);
#12214=ADVANCED_FACE('',(#11162),#826,.F.);
#12215=ADVANCED_FACE('',(#11163),#11698,.T.);
#12216=ADVANCED_FACE('',(#11164),#827,.F.);
#12217=ADVANCED_FACE('',(#11165),#11699,.F.);
#12218=ADVANCED_FACE('',(#11166),#11700,.F.);
#12219=ADVANCED_FACE('',(#11167),#828,.F.);
#12220=ADVANCED_FACE('',(#11168),#11701,.T.);
#12221=ADVANCED_FACE('',(#11169),#829,.F.);
#12222=ADVANCED_FACE('',(#11170),#11702,.T.);
#12223=ADVANCED_FACE('',(#11171),#830,.F.);
#12224=ADVANCED_FACE('',(#11172),#11703,.F.);
#12225=ADVANCED_FACE('',(#11173),#11704,.T.);
#12226=ADVANCED_FACE('',(#11174),#831,.F.);
#12227=ADVANCED_FACE('',(#11175),#11705,.T.);
#12228=ADVANCED_FACE('',(#11176),#832,.F.);
#12229=ADVANCED_FACE('',(#11177),#11706,.F.);
#12230=ADVANCED_FACE('',(#11178),#833,.F.);
#12231=ADVANCED_FACE('',(#11179),#11707,.F.);
#12232=ADVANCED_FACE('',(#11180),#11708,.F.);
#12233=ADVANCED_FACE('',(#11181),#11709,.F.);
#12234=ADVANCED_FACE('',(#11182),#11710,.F.);
#12235=ADVANCED_FACE('',(#11183),#834,.F.);
#12236=ADVANCED_FACE('',(#11184),#835,.F.);
#12237=ADVANCED_FACE('',(#11185),#836,.F.);
#12238=ADVANCED_FACE('',(#11186),#837,.F.);
#12239=ADVANCED_FACE('',(#11187),#838,.F.);
#12240=ADVANCED_FACE('',(#11188),#839,.F.);
#12241=ADVANCED_FACE('',(#11189),#840,.F.);
#12242=ADVANCED_FACE('',(#11190),#841,.F.);
#12243=ADVANCED_FACE('',(#11191),#842,.F.);
#12244=ADVANCED_FACE('',(#11192),#843,.F.);
#12245=ADVANCED_FACE('',(#11193),#844,.F.);
#12246=ADVANCED_FACE('',(#11194),#845,.F.);
#12247=ADVANCED_FACE('',(#11195),#846,.F.);
#12248=ADVANCED_FACE('',(#11196),#847,.F.);
#12249=ADVANCED_FACE('',(#11197),#848,.F.);
#12250=ADVANCED_FACE('',(#11198),#849,.F.);
#12251=ADVANCED_FACE('',(#11199),#850,.F.);
#12252=ADVANCED_FACE('',(#11200),#851,.F.);
#12253=ADVANCED_FACE('',(#11201),#852,.F.);
#12254=ADVANCED_FACE('',(#11202),#853,.F.);
#12255=ADVANCED_FACE('',(#11203),#854,.F.);
#12256=ADVANCED_FACE('',(#11204),#855,.F.);
#12257=ADVANCED_FACE('',(#11205),#856,.F.);
#12258=ADVANCED_FACE('',(#11206),#857,.F.);
#12259=ADVANCED_FACE('',(#11207),#858,.F.);
#12260=ADVANCED_FACE('',(#11208),#859,.F.);
#12261=ADVANCED_FACE('',(#11209),#860,.F.);
#12262=ADVANCED_FACE('',(#11210),#861,.F.);
#12263=ADVANCED_FACE('',(#11211),#862,.F.);
#12264=ADVANCED_FACE('',(#11212),#863,.F.);
#12265=ADVANCED_FACE('',(#11213),#864,.F.);
#12266=ADVANCED_FACE('',(#11214),#865,.F.);
#12267=ADVANCED_FACE('',(#11215),#866,.F.);
#12268=ADVANCED_FACE('',(#11216),#867,.F.);
#12269=ADVANCED_FACE('',(#11217),#868,.F.);
#12270=ADVANCED_FACE('',(#11218),#869,.F.);
#12271=ADVANCED_FACE('',(#11219),#870,.F.);
#12272=ADVANCED_FACE('',(#11220),#871,.F.);
#12273=ADVANCED_FACE('',(#11221),#872,.F.);
#12274=ADVANCED_FACE('',(#11222),#873,.F.);
#12275=ADVANCED_FACE('',(#11223),#874,.F.);
#12276=ADVANCED_FACE('',(#11224),#875,.F.);
#12277=ADVANCED_FACE('',(#11225),#876,.F.);
#12278=ADVANCED_FACE('',(#11226),#877,.F.);
#12279=ADVANCED_FACE('',(#11227),#878,.F.);
#12280=ADVANCED_FACE('',(#11228),#879,.F.);
#12281=ADVANCED_FACE('',(#11229),#880,.F.);
#12282=ADVANCED_FACE('',(#11230),#881,.F.);
#12283=ADVANCED_FACE('',(#11231),#882,.F.);
#12284=ADVANCED_FACE('',(#11232),#883,.F.);
#12285=ADVANCED_FACE('',(#11233),#884,.F.);
#12286=ADVANCED_FACE('',(#11234),#885,.F.);
#12287=ADVANCED_FACE('',(#11235),#886,.F.);
#12288=ADVANCED_FACE('',(#11236),#887,.F.);
#12289=ADVANCED_FACE('',(#11237),#888,.F.);
#12290=ADVANCED_FACE('',(#11238),#889,.F.);
#12291=ADVANCED_FACE('',(#11239),#890,.F.);
#12292=ADVANCED_FACE('',(#11240),#891,.F.);
#12293=ADVANCED_FACE('',(#11241),#892,.F.);
#12294=ADVANCED_FACE('',(#11242),#893,.F.);
#12295=ADVANCED_FACE('',(#11243),#894,.F.);
#12296=ADVANCED_FACE('',(#11244),#895,.F.);
#12297=ADVANCED_FACE('',(#11245),#896,.F.);
#12298=ADVANCED_FACE('',(#11246),#897,.F.);
#12299=ADVANCED_FACE('',(#11247),#898,.F.);
#12300=ADVANCED_FACE('',(#11248),#899,.F.);
#12301=ADVANCED_FACE('',(#11249),#900,.F.);
#12302=ADVANCED_FACE('',(#11250),#901,.F.);
#12303=ADVANCED_FACE('',(#11251),#902,.F.);
#12304=ADVANCED_FACE('',(#11252),#903,.F.);
#12305=ADVANCED_FACE('',(#11253),#904,.F.);
#12306=ADVANCED_FACE('',(#11254),#905,.F.);
#12307=ADVANCED_FACE('',(#11255),#906,.F.);
#12308=ADVANCED_FACE('',(#11256),#11711,.T.);
#12309=ADVANCED_FACE('',(#11257),#907,.F.);
#12310=ADVANCED_FACE('',(#11258,#11259,#11260,#11261,#11262,#11263,#11264,
#11265,#11266,#11267,#11268,#11269,#11270,#11271,#11272,#11273,#11274,#11275,
#11276,#11277,#11278,#11279,#11280,#11281,#11282,#11283,#11284,#11285,#11286,
#11287,#11288,#11289,#11290,#11291,#11292,#11293,#11294,#11295,#11296,#11297,
#11298,#11299,#11300,#11301,#11302,#11303,#11304,#11305,#11306,#11307,#11308,
#11309,#11310,#11311,#11312,#11313,#11314,#11315,#11316,#11317,#11318,#11319,
#11320,#11321,#11322,#11323,#11324,#11325,#11326,#11327,#11328,#11329,#11330,
#11331,#11332),#11712,.F.);
#12311=ADVANCED_FACE('',(#11333,#11334,#11335,#11336,#11337,#11338,#11339,
#11340,#11341,#11342,#11343,#11344,#11345,#11346,#11347,#11348,#11349,#11350,
#11351,#11352,#11353,#11354,#11355,#11356,#11357,#11358,#11359,#11360,#11361,
#11362,#11363,#11364,#11365,#11366,#11367,#11368,#11369,#11370,#11371,#11372,
#11373,#11374,#11375,#11376,#11377,#11378,#11379,#11380,#11381,#11382,#11383,
#11384,#11385,#11386,#11387,#11388,#11389,#11390,#11391,#11392,#11393,#11394,
#11395,#11396,#11397,#11398,#11399,#11400,#11401,#11402,#11403,#11404,#11405,
#11406,#11407),#11713,.T.);
#12312=ADVANCED_FACE('',(#11408),#908,.T.);
#12313=ADVANCED_FACE('',(#11409),#909,.T.);
#12314=ADVANCED_FACE('',(#11410),#910,.T.);
#12315=ADVANCED_FACE('',(#11411),#911,.T.);
#12316=CLOSED_SHELL('',(#11714,#11715,#11716,#11717,#11718,#11719,#11720,
#11721,#11722,#11723,#11724,#11725,#11726,#11727,#11728,#11729,#11730,#11731,
#11732,#11733,#11734,#11735,#11736,#11737,#11738,#11739,#11740,#11741,#11742,
#11743,#11744,#11745,#11746,#11747,#11748,#11749,#11750,#11751,#11752,#11753,
#11754,#11755,#11756,#11757,#11758,#11759,#11760,#11761,#11762,#11763,#11764,
#11765,#11766,#11767,#11768,#11769,#11770,#11771,#11772,#11773,#11774,#11775,
#11776,#11777,#11778,#11779,#11780,#11781,#11782,#11783,#11784,#11785,#11786,
#11787,#11788,#11789,#11790,#11791,#11792,#11793,#11794,#11795,#11796,#11797,
#11798,#11799,#11800,#11801,#11802,#11803,#11804,#11805,#11806,#11807,#11808,
#11809,#11810,#11811,#11812,#11813,#11814,#11815,#11816,#11817,#11818,#11819,
#11820,#11821,#11822,#11823,#11824,#11825,#11826,#11827,#11828,#11829,#11830,
#11831,#11832,#11833,#11834,#11835,#11836,#11837,#11838,#11839,#11840,#11841,
#11842,#11843,#11844,#11845,#11846,#11847,#11848,#11849,#11850,#11851,#11852,
#11853,#11854,#11855,#11856,#11857,#11858,#11859,#11860,#11861,#11862,#11863,
#11864,#11865,#11866,#11867,#11868,#11869,#11870,#11871,#11872,#11873,#11874,
#11875,#11876,#11877,#11878,#11879,#11880,#11881,#11882,#11883,#11884,#11885,
#11886,#11887,#11888,#11889,#11890,#11891,#11892,#11893,#11894,#11895,#11896,
#11897,#11898,#11899,#11900,#11901,#11902,#11903,#11904,#11905,#11906,#11907,
#11908,#11909,#11910,#11911,#11912,#11913,#11914,#11915,#11916,#11917,#11918,
#11919,#11920,#11921,#11922,#11923,#11924,#11925,#11926,#11927,#11928,#11929,
#11930,#11931,#11932,#11933,#11934,#11935,#11936,#11937,#11938,#11939,#11940,
#11941,#11942,#11943,#11944,#11945,#11946,#11947,#11948,#11949,#11950,#11951,
#11952,#11953,#11954,#11955,#11956,#11957,#11958,#11959,#11960,#11961,#11962,
#11963,#11964,#11965,#11966,#11967,#11968,#11969,#11970,#11971,#11972,#11973,
#11974,#11975,#11976,#11977,#11978,#11979,#11980,#11981,#11982,#11983,#11984,
#11985,#11986,#11987,#11988,#11989,#11990,#11991,#11992,#11993,#11994,#11995,
#11996,#11997,#11998,#11999,#12000,#12001,#12002,#12003,#12004,#12005,#12006,
#12007,#12008,#12009,#12010,#12011,#12012,#12013,#12014,#12015,#12016,#12017,
#12018,#12019,#12020,#12021,#12022,#12023,#12024,#12025,#12026,#12027,#12028,
#12029,#12030,#12031,#12032,#12033,#12034,#12035,#12036,#12037,#12038,#12039,
#12040,#12041,#12042,#12043,#12044,#12045,#12046,#12047,#12048,#12049,#12050,
#12051,#12052,#12053,#12054,#12055,#12056,#12057,#12058,#12059,#12060,#12061,
#12062,#12063,#12064,#12065,#12066,#12067,#12068,#12069,#12070,#12071,#12072,
#12073,#12074,#12075,#12076,#12077,#12078,#12079,#12080,#12081,#12082,#12083,
#12084,#12085,#12086,#12087,#12088,#12089,#12090,#12091,#12092,#12093,#12094,
#12095,#12096,#12097,#12098,#12099,#12100,#12101,#12102,#12103,#12104,#12105,
#12106,#12107,#12108,#12109,#12110,#12111,#12112,#12113,#12114,#12115,#12116,
#12117,#12118,#12119,#12120,#12121,#12122,#12123,#12124,#12125,#12126,#12127,
#12128,#12129,#12130,#12131,#12132,#12133,#12134,#12135,#12136,#12137,#12138,
#12139,#12140,#12141,#12142,#12143,#12144,#12145,#12146,#12147,#12148,#12149,
#12150,#12151,#12152,#12153,#12154,#12155,#12156,#12157,#12158,#12159,#12160,
#12161,#12162,#12163,#12164,#12165,#12166,#12167,#12168,#12169,#12170,#12171,
#12172,#12173,#12174,#12175,#12176,#12177,#12178,#12179,#12180,#12181,#12182,
#12183,#12184,#12185,#12186,#12187,#12188,#12189,#12190,#12191,#12192,#12193,
#12194,#12195,#12196,#12197,#12198,#12199,#12200,#12201,#12202,#12203,#12204,
#12205,#12206,#12207,#12208,#12209,#12210,#12211,#12212,#12213,#12214,#12215,
#12216,#12217,#12218,#12219,#12220,#12221,#12222,#12223,#12224,#12225,#12226,
#12227,#12228,#12229,#12230,#12231,#12232,#12233,#12234,#12235,#12236,#12237,
#12238,#12239,#12240,#12241,#12242,#12243,#12244,#12245,#12246,#12247,#12248,
#12249,#12250,#12251,#12252,#12253,#12254,#12255,#12256,#12257,#12258,#12259,
#12260,#12261,#12262,#12263,#12264,#12265,#12266,#12267,#12268,#12269,#12270,
#12271,#12272,#12273,#12274,#12275,#12276,#12277,#12278,#12279,#12280,#12281,
#12282,#12283,#12284,#12285,#12286,#12287,#12288,#12289,#12290,#12291,#12292,
#12293,#12294,#12295,#12296,#12297,#12298,#12299,#12300,#12301,#12302,#12303,
#12304,#12305,#12306,#12307,#12308,#12309,#12310,#12311,#12312,#12313,#12314,
#12315));
#12317=STYLED_ITEM('',(#12318),#12325);
#12318=PRESENTATION_STYLE_ASSIGNMENT((#12319));
#12319=SURFACE_STYLE_USAGE(.BOTH.,#12320);
#12320=SURFACE_SIDE_STYLE('',(#12321));
#12321=SURFACE_STYLE_FILL_AREA(#12322);
#12322=FILL_AREA_STYLE('',(#12323));
#12323=FILL_AREA_STYLE_COLOUR('',#12324);
#12324=COLOUR_RGB('',0.647058823529412,0.647058823529412,0.647058823529412);
#12325=MANIFOLD_SOLID_BREP('keyMetalPlate',#12316);
#12326=SHAPE_DEFINITION_REPRESENTATION(#20746,#12327);
#12327=SHAPE_REPRESENTATION('keyMetalPlate',(#12328),#20741);
#12328=AXIS2_PLACEMENT_3D('',#17137,#13531,#13532);
#12329=AXIS2_PLACEMENT_3D('',#17138,#13533,#13534);
#12330=AXIS2_PLACEMENT_3D('',#17147,#13539,#13540);
#12331=AXIS2_PLACEMENT_3D('',#17148,#13541,#13542);
#12332=AXIS2_PLACEMENT_3D('',#17152,#13544,#13545);
#12333=AXIS2_PLACEMENT_3D('',#17153,#13546,#13547);
#12334=AXIS2_PLACEMENT_3D('',#17159,#13551,#13552);
#12335=AXIS2_PLACEMENT_3D('',#17160,#13553,#13554);
#12336=AXIS2_PLACEMENT_3D('',#17164,#13556,#13557);
#12337=AXIS2_PLACEMENT_3D('',#17165,#13558,#13559);
#12338=AXIS2_PLACEMENT_3D('',#17171,#13563,#13564);
#12339=AXIS2_PLACEMENT_3D('',#17172,#13565,#13566);
#12340=AXIS2_PLACEMENT_3D('',#17176,#13568,#13569);
#12341=AXIS2_PLACEMENT_3D('',#17177,#13570,#13571);
#12342=AXIS2_PLACEMENT_3D('',#17183,#13575,#13576);
#12343=AXIS2_PLACEMENT_3D('',#17192,#13581,#13582);
#12344=AXIS2_PLACEMENT_3D('',#17193,#13583,#13584);
#12345=AXIS2_PLACEMENT_3D('',#17197,#13586,#13587);
#12346=AXIS2_PLACEMENT_3D('',#17198,#13588,#13589);
#12347=AXIS2_PLACEMENT_3D('',#17204,#13593,#13594);
#12348=AXIS2_PLACEMENT_3D('',#17205,#13595,#13596);
#12349=AXIS2_PLACEMENT_3D('',#17209,#13598,#13599);
#12350=AXIS2_PLACEMENT_3D('',#17210,#13600,#13601);
#12351=AXIS2_PLACEMENT_3D('',#17216,#13605,#13606);
#12352=AXIS2_PLACEMENT_3D('',#17217,#13607,#13608);
#12353=AXIS2_PLACEMENT_3D('',#17221,#13610,#13611);
#12354=AXIS2_PLACEMENT_3D('',#17222,#13612,#13613);
#12355=AXIS2_PLACEMENT_3D('',#17228,#13617,#13618);
#12356=AXIS2_PLACEMENT_3D('',#17237,#13623,#13624);
#12357=AXIS2_PLACEMENT_3D('',#17238,#13625,#13626);
#12358=AXIS2_PLACEMENT_3D('',#17242,#13628,#13629);
#12359=AXIS2_PLACEMENT_3D('',#17243,#13630,#13631);
#12360=AXIS2_PLACEMENT_3D('',#17249,#13635,#13636);
#12361=AXIS2_PLACEMENT_3D('',#17250,#13637,#13638);
#12362=AXIS2_PLACEMENT_3D('',#17254,#13640,#13641);
#12363=AXIS2_PLACEMENT_3D('',#17255,#13642,#13643);
#12364=AXIS2_PLACEMENT_3D('',#17261,#13647,#13648);
#12365=AXIS2_PLACEMENT_3D('',#17262,#13649,#13650);
#12366=AXIS2_PLACEMENT_3D('',#17266,#13652,#13653);
#12367=AXIS2_PLACEMENT_3D('',#17267,#13654,#13655);
#12368=AXIS2_PLACEMENT_3D('',#17273,#13659,#13660);
#12369=AXIS2_PLACEMENT_3D('',#17282,#13665,#13666);
#12370=AXIS2_PLACEMENT_3D('',#17283,#13667,#13668);
#12371=AXIS2_PLACEMENT_3D('',#17287,#13670,#13671);
#12372=AXIS2_PLACEMENT_3D('',#17288,#13672,#13673);
#12373=AXIS2_PLACEMENT_3D('',#17294,#13677,#13678);
#12374=AXIS2_PLACEMENT_3D('',#17295,#13679,#13680);
#12375=AXIS2_PLACEMENT_3D('',#17299,#13682,#13683);
#12376=AXIS2_PLACEMENT_3D('',#17300,#13684,#13685);
#12377=AXIS2_PLACEMENT_3D('',#17306,#13689,#13690);
#12378=AXIS2_PLACEMENT_3D('',#17307,#13691,#13692);
#12379=AXIS2_PLACEMENT_3D('',#17311,#13694,#13695);
#12380=AXIS2_PLACEMENT_3D('',#17312,#13696,#13697);
#12381=AXIS2_PLACEMENT_3D('',#17318,#13701,#13702);
#12382=AXIS2_PLACEMENT_3D('',#17327,#13707,#13708);
#12383=AXIS2_PLACEMENT_3D('',#17328,#13709,#13710);
#12384=AXIS2_PLACEMENT_3D('',#17332,#13712,#13713);
#12385=AXIS2_PLACEMENT_3D('',#17333,#13714,#13715);
#12386=AXIS2_PLACEMENT_3D('',#17339,#13719,#13720);
#12387=AXIS2_PLACEMENT_3D('',#17340,#13721,#13722);
#12388=AXIS2_PLACEMENT_3D('',#17344,#13724,#13725);
#12389=AXIS2_PLACEMENT_3D('',#17345,#13726,#13727);
#12390=AXIS2_PLACEMENT_3D('',#17351,#13731,#13732);
#12391=AXIS2_PLACEMENT_3D('',#17352,#13733,#13734);
#12392=AXIS2_PLACEMENT_3D('',#17356,#13736,#13737);
#12393=AXIS2_PLACEMENT_3D('',#17357,#13738,#13739);
#12394=AXIS2_PLACEMENT_3D('',#17363,#13743,#13744);
#12395=AXIS2_PLACEMENT_3D('',#17372,#13749,#13750);
#12396=AXIS2_PLACEMENT_3D('',#17373,#13751,#13752);
#12397=AXIS2_PLACEMENT_3D('',#17377,#13754,#13755);
#12398=AXIS2_PLACEMENT_3D('',#17378,#13756,#13757);
#12399=AXIS2_PLACEMENT_3D('',#17384,#13761,#13762);
#12400=AXIS2_PLACEMENT_3D('',#17385,#13763,#13764);
#12401=AXIS2_PLACEMENT_3D('',#17389,#13766,#13767);
#12402=AXIS2_PLACEMENT_3D('',#17390,#13768,#13769);
#12403=AXIS2_PLACEMENT_3D('',#17396,#13773,#13774);
#12404=AXIS2_PLACEMENT_3D('',#17397,#13775,#13776);
#12405=AXIS2_PLACEMENT_3D('',#17401,#13778,#13779);
#12406=AXIS2_PLACEMENT_3D('',#17402,#13780,#13781);
#12407=AXIS2_PLACEMENT_3D('',#17408,#13785,#13786);
#12408=AXIS2_PLACEMENT_3D('',#17417,#13791,#13792);
#12409=AXIS2_PLACEMENT_3D('',#17418,#13793,#13794);
#12410=AXIS2_PLACEMENT_3D('',#17422,#13796,#13797);
#12411=AXIS2_PLACEMENT_3D('',#17423,#13798,#13799);
#12412=AXIS2_PLACEMENT_3D('',#17429,#13803,#13804);
#12413=AXIS2_PLACEMENT_3D('',#17430,#13805,#13806);
#12414=AXIS2_PLACEMENT_3D('',#17434,#13808,#13809);
#12415=AXIS2_PLACEMENT_3D('',#17435,#13810,#13811);
#12416=AXIS2_PLACEMENT_3D('',#17441,#13815,#13816);
#12417=AXIS2_PLACEMENT_3D('',#17442,#13817,#13818);
#12418=AXIS2_PLACEMENT_3D('',#17446,#13820,#13821);
#12419=AXIS2_PLACEMENT_3D('',#17447,#13822,#13823);
#12420=AXIS2_PLACEMENT_3D('',#17453,#13827,#13828);
#12421=AXIS2_PLACEMENT_3D('',#17462,#13833,#13834);
#12422=AXIS2_PLACEMENT_3D('',#17463,#13835,#13836);
#12423=AXIS2_PLACEMENT_3D('',#17467,#13838,#13839);
#12424=AXIS2_PLACEMENT_3D('',#17468,#13840,#13841);
#12425=AXIS2_PLACEMENT_3D('',#17474,#13845,#13846);
#12426=AXIS2_PLACEMENT_3D('',#17475,#13847,#13848);
#12427=AXIS2_PLACEMENT_3D('',#17479,#13850,#13851);
#12428=AXIS2_PLACEMENT_3D('',#17480,#13852,#13853);
#12429=AXIS2_PLACEMENT_3D('',#17486,#13857,#13858);
#12430=AXIS2_PLACEMENT_3D('',#17487,#13859,#13860);
#12431=AXIS2_PLACEMENT_3D('',#17491,#13862,#13863);
#12432=AXIS2_PLACEMENT_3D('',#17492,#13864,#13865);
#12433=AXIS2_PLACEMENT_3D('',#17498,#13869,#13870);
#12434=AXIS2_PLACEMENT_3D('',#17507,#13875,#13876);
#12435=AXIS2_PLACEMENT_3D('',#17508,#13877,#13878);
#12436=AXIS2_PLACEMENT_3D('',#17512,#13880,#13881);
#12437=AXIS2_PLACEMENT_3D('',#17513,#13882,#13883);
#12438=AXIS2_PLACEMENT_3D('',#17519,#13887,#13888);
#12439=AXIS2_PLACEMENT_3D('',#17520,#13889,#13890);
#12440=AXIS2_PLACEMENT_3D('',#17524,#13892,#13893);
#12441=AXIS2_PLACEMENT_3D('',#17525,#13894,#13895);
#12442=AXIS2_PLACEMENT_3D('',#17531,#13899,#13900);
#12443=AXIS2_PLACEMENT_3D('',#17532,#13901,#13902);
#12444=AXIS2_PLACEMENT_3D('',#17536,#13904,#13905);
#12445=AXIS2_PLACEMENT_3D('',#17537,#13906,#13907);
#12446=AXIS2_PLACEMENT_3D('',#17543,#13911,#13912);
#12447=AXIS2_PLACEMENT_3D('',#17552,#13917,#13918);
#12448=AXIS2_PLACEMENT_3D('',#17553,#13919,#13920);
#12449=AXIS2_PLACEMENT_3D('',#17557,#13922,#13923);
#12450=AXIS2_PLACEMENT_3D('',#17558,#13924,#13925);
#12451=AXIS2_PLACEMENT_3D('',#17564,#13929,#13930);
#12452=AXIS2_PLACEMENT_3D('',#17565,#13931,#13932);
#12453=AXIS2_PLACEMENT_3D('',#17569,#13934,#13935);
#12454=AXIS2_PLACEMENT_3D('',#17570,#13936,#13937);
#12455=AXIS2_PLACEMENT_3D('',#17576,#13941,#13942);
#12456=AXIS2_PLACEMENT_3D('',#17577,#13943,#13944);
#12457=AXIS2_PLACEMENT_3D('',#17581,#13946,#13947);
#12458=AXIS2_PLACEMENT_3D('',#17582,#13948,#13949);
#12459=AXIS2_PLACEMENT_3D('',#17588,#13953,#13954);
#12460=AXIS2_PLACEMENT_3D('',#17597,#13959,#13960);
#12461=AXIS2_PLACEMENT_3D('',#17598,#13961,#13962);
#12462=AXIS2_PLACEMENT_3D('',#17602,#13964,#13965);
#12463=AXIS2_PLACEMENT_3D('',#17603,#13966,#13967);
#12464=AXIS2_PLACEMENT_3D('',#17609,#13971,#13972);
#12465=AXIS2_PLACEMENT_3D('',#17610,#13973,#13974);
#12466=AXIS2_PLACEMENT_3D('',#17614,#13976,#13977);
#12467=AXIS2_PLACEMENT_3D('',#17615,#13978,#13979);
#12468=AXIS2_PLACEMENT_3D('',#17621,#13983,#13984);
#12469=AXIS2_PLACEMENT_3D('',#17622,#13985,#13986);
#12470=AXIS2_PLACEMENT_3D('',#17626,#13988,#13989);
#12471=AXIS2_PLACEMENT_3D('',#17627,#13990,#13991);
#12472=AXIS2_PLACEMENT_3D('',#17633,#13995,#13996);
#12473=AXIS2_PLACEMENT_3D('',#17642,#14001,#14002);
#12474=AXIS2_PLACEMENT_3D('',#17643,#14003,#14004);
#12475=AXIS2_PLACEMENT_3D('',#17647,#14006,#14007);
#12476=AXIS2_PLACEMENT_3D('',#17648,#14008,#14009);
#12477=AXIS2_PLACEMENT_3D('',#17654,#14013,#14014);
#12478=AXIS2_PLACEMENT_3D('',#17655,#14015,#14016);
#12479=AXIS2_PLACEMENT_3D('',#17659,#14018,#14019);
#12480=AXIS2_PLACEMENT_3D('',#17660,#14020,#14021);
#12481=AXIS2_PLACEMENT_3D('',#17666,#14025,#14026);
#12482=AXIS2_PLACEMENT_3D('',#17667,#14027,#14028);
#12483=AXIS2_PLACEMENT_3D('',#17671,#14030,#14031);
#12484=AXIS2_PLACEMENT_3D('',#17672,#14032,#14033);
#12485=AXIS2_PLACEMENT_3D('',#17678,#14037,#14038);
#12486=AXIS2_PLACEMENT_3D('',#17687,#14043,#14044);
#12487=AXIS2_PLACEMENT_3D('',#17688,#14045,#14046);
#12488=AXIS2_PLACEMENT_3D('',#17692,#14048,#14049);
#12489=AXIS2_PLACEMENT_3D('',#17693,#14050,#14051);
#12490=AXIS2_PLACEMENT_3D('',#17699,#14055,#14056);
#12491=AXIS2_PLACEMENT_3D('',#17700,#14057,#14058);
#12492=AXIS2_PLACEMENT_3D('',#17704,#14060,#14061);
#12493=AXIS2_PLACEMENT_3D('',#17705,#14062,#14063);
#12494=AXIS2_PLACEMENT_3D('',#17711,#14067,#14068);
#12495=AXIS2_PLACEMENT_3D('',#17712,#14069,#14070);
#12496=AXIS2_PLACEMENT_3D('',#17716,#14072,#14073);
#12497=AXIS2_PLACEMENT_3D('',#17717,#14074,#14075);
#12498=AXIS2_PLACEMENT_3D('',#17723,#14079,#14080);
#12499=AXIS2_PLACEMENT_3D('',#17732,#14085,#14086);
#12500=AXIS2_PLACEMENT_3D('',#17733,#14087,#14088);
#12501=AXIS2_PLACEMENT_3D('',#17737,#14090,#14091);
#12502=AXIS2_PLACEMENT_3D('',#17738,#14092,#14093);
#12503=AXIS2_PLACEMENT_3D('',#17744,#14097,#14098);
#12504=AXIS2_PLACEMENT_3D('',#17745,#14099,#14100);
#12505=AXIS2_PLACEMENT_3D('',#17749,#14102,#14103);
#12506=AXIS2_PLACEMENT_3D('',#17750,#14104,#14105);
#12507=AXIS2_PLACEMENT_3D('',#17756,#14109,#14110);
#12508=AXIS2_PLACEMENT_3D('',#17757,#14111,#14112);
#12509=AXIS2_PLACEMENT_3D('',#17761,#14114,#14115);
#12510=AXIS2_PLACEMENT_3D('',#17762,#14116,#14117);
#12511=AXIS2_PLACEMENT_3D('',#17768,#14121,#14122);
#12512=AXIS2_PLACEMENT_3D('',#17777,#14127,#14128);
#12513=AXIS2_PLACEMENT_3D('',#17778,#14129,#14130);
#12514=AXIS2_PLACEMENT_3D('',#17782,#14132,#14133);
#12515=AXIS2_PLACEMENT_3D('',#17783,#14134,#14135);
#12516=AXIS2_PLACEMENT_3D('',#17789,#14139,#14140);
#12517=AXIS2_PLACEMENT_3D('',#17790,#14141,#14142);
#12518=AXIS2_PLACEMENT_3D('',#17794,#14144,#14145);
#12519=AXIS2_PLACEMENT_3D('',#17795,#14146,#14147);
#12520=AXIS2_PLACEMENT_3D('',#17801,#14151,#14152);
#12521=AXIS2_PLACEMENT_3D('',#17802,#14153,#14154);
#12522=AXIS2_PLACEMENT_3D('',#17806,#14156,#14157);
#12523=AXIS2_PLACEMENT_3D('',#17807,#14158,#14159);
#12524=AXIS2_PLACEMENT_3D('',#17813,#14163,#14164);
#12525=AXIS2_PLACEMENT_3D('',#17822,#14169,#14170);
#12526=AXIS2_PLACEMENT_3D('',#17823,#14171,#14172);
#12527=AXIS2_PLACEMENT_3D('',#17827,#14174,#14175);
#12528=AXIS2_PLACEMENT_3D('',#17828,#14176,#14177);
#12529=AXIS2_PLACEMENT_3D('',#17834,#14181,#14182);
#12530=AXIS2_PLACEMENT_3D('',#17835,#14183,#14184);
#12531=AXIS2_PLACEMENT_3D('',#17839,#14186,#14187);
#12532=AXIS2_PLACEMENT_3D('',#17840,#14188,#14189);
#12533=AXIS2_PLACEMENT_3D('',#17846,#14193,#14194);
#12534=AXIS2_PLACEMENT_3D('',#17847,#14195,#14196);
#12535=AXIS2_PLACEMENT_3D('',#17851,#14198,#14199);
#12536=AXIS2_PLACEMENT_3D('',#17852,#14200,#14201);
#12537=AXIS2_PLACEMENT_3D('',#17858,#14205,#14206);
#12538=AXIS2_PLACEMENT_3D('',#17867,#14211,#14212);
#12539=AXIS2_PLACEMENT_3D('',#17868,#14213,#14214);
#12540=AXIS2_PLACEMENT_3D('',#17872,#14216,#14217);
#12541=AXIS2_PLACEMENT_3D('',#17873,#14218,#14219);
#12542=AXIS2_PLACEMENT_3D('',#17879,#14223,#14224);
#12543=AXIS2_PLACEMENT_3D('',#17880,#14225,#14226);
#12544=AXIS2_PLACEMENT_3D('',#17884,#14228,#14229);
#12545=AXIS2_PLACEMENT_3D('',#17885,#14230,#14231);
#12546=AXIS2_PLACEMENT_3D('',#17891,#14235,#14236);
#12547=AXIS2_PLACEMENT_3D('',#17892,#14237,#14238);
#12548=AXIS2_PLACEMENT_3D('',#17896,#14240,#14241);
#12549=AXIS2_PLACEMENT_3D('',#17897,#14242,#14243);
#12550=AXIS2_PLACEMENT_3D('',#17903,#14247,#14248);
#12551=AXIS2_PLACEMENT_3D('',#17912,#14253,#14254);
#12552=AXIS2_PLACEMENT_3D('',#17913,#14255,#14256);
#12553=AXIS2_PLACEMENT_3D('',#17917,#14258,#14259);
#12554=AXIS2_PLACEMENT_3D('',#17918,#14260,#14261);
#12555=AXIS2_PLACEMENT_3D('',#17924,#14265,#14266);
#12556=AXIS2_PLACEMENT_3D('',#17925,#14267,#14268);
#12557=AXIS2_PLACEMENT_3D('',#17929,#14270,#14271);
#12558=AXIS2_PLACEMENT_3D('',#17930,#14272,#14273);
#12559=AXIS2_PLACEMENT_3D('',#17936,#14277,#14278);
#12560=AXIS2_PLACEMENT_3D('',#17937,#14279,#14280);
#12561=AXIS2_PLACEMENT_3D('',#17941,#14282,#14283);
#12562=AXIS2_PLACEMENT_3D('',#17942,#14284,#14285);
#12563=AXIS2_PLACEMENT_3D('',#17948,#14289,#14290);
#12564=AXIS2_PLACEMENT_3D('',#17957,#14295,#14296);
#12565=AXIS2_PLACEMENT_3D('',#17958,#14297,#14298);
#12566=AXIS2_PLACEMENT_3D('',#17962,#14300,#14301);
#12567=AXIS2_PLACEMENT_3D('',#17963,#14302,#14303);
#12568=AXIS2_PLACEMENT_3D('',#17969,#14307,#14308);
#12569=AXIS2_PLACEMENT_3D('',#17970,#14309,#14310);
#12570=AXIS2_PLACEMENT_3D('',#17974,#14312,#14313);
#12571=AXIS2_PLACEMENT_3D('',#17975,#14314,#14315);
#12572=AXIS2_PLACEMENT_3D('',#17981,#14319,#14320);
#12573=AXIS2_PLACEMENT_3D('',#17982,#14321,#14322);
#12574=AXIS2_PLACEMENT_3D('',#17986,#14324,#14325);
#12575=AXIS2_PLACEMENT_3D('',#17987,#14326,#14327);
#12576=AXIS2_PLACEMENT_3D('',#17993,#14331,#14332);
#12577=AXIS2_PLACEMENT_3D('',#18002,#14337,#14338);
#12578=AXIS2_PLACEMENT_3D('',#18003,#14339,#14340);
#12579=AXIS2_PLACEMENT_3D('',#18007,#14342,#14343);
#12580=AXIS2_PLACEMENT_3D('',#18008,#14344,#14345);
#12581=AXIS2_PLACEMENT_3D('',#18014,#14349,#14350);
#12582=AXIS2_PLACEMENT_3D('',#18015,#14351,#14352);
#12583=AXIS2_PLACEMENT_3D('',#18019,#14354,#14355);
#12584=AXIS2_PLACEMENT_3D('',#18020,#14356,#14357);
#12585=AXIS2_PLACEMENT_3D('',#18026,#14361,#14362);
#12586=AXIS2_PLACEMENT_3D('',#18027,#14363,#14364);
#12587=AXIS2_PLACEMENT_3D('',#18031,#14366,#14367);
#12588=AXIS2_PLACEMENT_3D('',#18032,#14368,#14369);
#12589=AXIS2_PLACEMENT_3D('',#18038,#14373,#14374);
#12590=AXIS2_PLACEMENT_3D('',#18047,#14379,#14380);
#12591=AXIS2_PLACEMENT_3D('',#18048,#14381,#14382);
#12592=AXIS2_PLACEMENT_3D('',#18052,#14384,#14385);
#12593=AXIS2_PLACEMENT_3D('',#18053,#14386,#14387);
#12594=AXIS2_PLACEMENT_3D('',#18059,#14391,#14392);
#12595=AXIS2_PLACEMENT_3D('',#18060,#14393,#14394);
#12596=AXIS2_PLACEMENT_3D('',#18064,#14396,#14397);
#12597=AXIS2_PLACEMENT_3D('',#18065,#14398,#14399);
#12598=AXIS2_PLACEMENT_3D('',#18071,#14403,#14404);
#12599=AXIS2_PLACEMENT_3D('',#18072,#14405,#14406);
#12600=AXIS2_PLACEMENT_3D('',#18076,#14408,#14409);
#12601=AXIS2_PLACEMENT_3D('',#18077,#14410,#14411);
#12602=AXIS2_PLACEMENT_3D('',#18083,#14415,#14416);
#12603=AXIS2_PLACEMENT_3D('',#18092,#14421,#14422);
#12604=AXIS2_PLACEMENT_3D('',#18093,#14423,#14424);
#12605=AXIS2_PLACEMENT_3D('',#18097,#14426,#14427);
#12606=AXIS2_PLACEMENT_3D('',#18098,#14428,#14429);
#12607=AXIS2_PLACEMENT_3D('',#18104,#14433,#14434);
#12608=AXIS2_PLACEMENT_3D('',#18105,#14435,#14436);
#12609=AXIS2_PLACEMENT_3D('',#18109,#14438,#14439);
#12610=AXIS2_PLACEMENT_3D('',#18110,#14440,#14441);
#12611=AXIS2_PLACEMENT_3D('',#18116,#14445,#14446);
#12612=AXIS2_PLACEMENT_3D('',#18117,#14447,#14448);
#12613=AXIS2_PLACEMENT_3D('',#18121,#14450,#14451);
#12614=AXIS2_PLACEMENT_3D('',#18122,#14452,#14453);
#12615=AXIS2_PLACEMENT_3D('',#18128,#14457,#14458);
#12616=AXIS2_PLACEMENT_3D('',#18137,#14463,#14464);
#12617=AXIS2_PLACEMENT_3D('',#18138,#14465,#14466);
#12618=AXIS2_PLACEMENT_3D('',#18142,#14468,#14469);
#12619=AXIS2_PLACEMENT_3D('',#18143,#14470,#14471);
#12620=AXIS2_PLACEMENT_3D('',#18149,#14475,#14476);
#12621=AXIS2_PLACEMENT_3D('',#18150,#14477,#14478);
#12622=AXIS2_PLACEMENT_3D('',#18154,#14480,#14481);
#12623=AXIS2_PLACEMENT_3D('',#18155,#14482,#14483);
#12624=AXIS2_PLACEMENT_3D('',#18161,#14487,#14488);
#12625=AXIS2_PLACEMENT_3D('',#18162,#14489,#14490);
#12626=AXIS2_PLACEMENT_3D('',#18166,#14492,#14493);
#12627=AXIS2_PLACEMENT_3D('',#18167,#14494,#14495);
#12628=AXIS2_PLACEMENT_3D('',#18173,#14499,#14500);
#12629=AXIS2_PLACEMENT_3D('',#18182,#14505,#14506);
#12630=AXIS2_PLACEMENT_3D('',#18183,#14507,#14508);
#12631=AXIS2_PLACEMENT_3D('',#18187,#14510,#14511);
#12632=AXIS2_PLACEMENT_3D('',#18188,#14512,#14513);
#12633=AXIS2_PLACEMENT_3D('',#18194,#14517,#14518);
#12634=AXIS2_PLACEMENT_3D('',#18195,#14519,#14520);
#12635=AXIS2_PLACEMENT_3D('',#18199,#14522,#14523);
#12636=AXIS2_PLACEMENT_3D('',#18200,#14524,#14525);
#12637=AXIS2_PLACEMENT_3D('',#18206,#14529,#14530);
#12638=AXIS2_PLACEMENT_3D('',#18207,#14531,#14532);
#12639=AXIS2_PLACEMENT_3D('',#18211,#14534,#14535);
#12640=AXIS2_PLACEMENT_3D('',#18212,#14536,#14537);
#12641=AXIS2_PLACEMENT_3D('',#18218,#14541,#14542);
#12642=AXIS2_PLACEMENT_3D('',#18227,#14547,#14548);
#12643=AXIS2_PLACEMENT_3D('',#18228,#14549,#14550);
#12644=AXIS2_PLACEMENT_3D('',#18232,#14552,#14553);
#12645=AXIS2_PLACEMENT_3D('',#18233,#14554,#14555);
#12646=AXIS2_PLACEMENT_3D('',#18239,#14559,#14560);
#12647=AXIS2_PLACEMENT_3D('',#18240,#14561,#14562);
#12648=AXIS2_PLACEMENT_3D('',#18244,#14564,#14565);
#12649=AXIS2_PLACEMENT_3D('',#18245,#14566,#14567);
#12650=AXIS2_PLACEMENT_3D('',#18251,#14571,#14572);
#12651=AXIS2_PLACEMENT_3D('',#18252,#14573,#14574);
#12652=AXIS2_PLACEMENT_3D('',#18256,#14576,#14577);
#12653=AXIS2_PLACEMENT_3D('',#18257,#14578,#14579);
#12654=AXIS2_PLACEMENT_3D('',#18263,#14583,#14584);
#12655=AXIS2_PLACEMENT_3D('',#18272,#14589,#14590);
#12656=AXIS2_PLACEMENT_3D('',#18273,#14591,#14592);
#12657=AXIS2_PLACEMENT_3D('',#18277,#14594,#14595);
#12658=AXIS2_PLACEMENT_3D('',#18278,#14596,#14597);
#12659=AXIS2_PLACEMENT_3D('',#18284,#14601,#14602);
#12660=AXIS2_PLACEMENT_3D('',#18285,#14603,#14604);
#12661=AXIS2_PLACEMENT_3D('',#18289,#14606,#14607);
#12662=AXIS2_PLACEMENT_3D('',#18290,#14608,#14609);
#12663=AXIS2_PLACEMENT_3D('',#18296,#14613,#14614);
#12664=AXIS2_PLACEMENT_3D('',#18297,#14615,#14616);
#12665=AXIS2_PLACEMENT_3D('',#18301,#14618,#14619);
#12666=AXIS2_PLACEMENT_3D('',#18302,#14620,#14621);
#12667=AXIS2_PLACEMENT_3D('',#18308,#14625,#14626);
#12668=AXIS2_PLACEMENT_3D('',#18317,#14631,#14632);
#12669=AXIS2_PLACEMENT_3D('',#18318,#14633,#14634);
#12670=AXIS2_PLACEMENT_3D('',#18322,#14636,#14637);
#12671=AXIS2_PLACEMENT_3D('',#18323,#14638,#14639);
#12672=AXIS2_PLACEMENT_3D('',#18329,#14643,#14644);
#12673=AXIS2_PLACEMENT_3D('',#18330,#14645,#14646);
#12674=AXIS2_PLACEMENT_3D('',#18334,#14648,#14649);
#12675=AXIS2_PLACEMENT_3D('',#18335,#14650,#14651);
#12676=AXIS2_PLACEMENT_3D('',#18341,#14655,#14656);
#12677=AXIS2_PLACEMENT_3D('',#18342,#14657,#14658);
#12678=AXIS2_PLACEMENT_3D('',#18346,#14660,#14661);
#12679=AXIS2_PLACEMENT_3D('',#18347,#14662,#14663);
#12680=AXIS2_PLACEMENT_3D('',#18353,#14667,#14668);
#12681=AXIS2_PLACEMENT_3D('',#18362,#14673,#14674);
#12682=AXIS2_PLACEMENT_3D('',#18363,#14675,#14676);
#12683=AXIS2_PLACEMENT_3D('',#18367,#14678,#14679);
#12684=AXIS2_PLACEMENT_3D('',#18368,#14680,#14681);
#12685=AXIS2_PLACEMENT_3D('',#18374,#14685,#14686);
#12686=AXIS2_PLACEMENT_3D('',#18375,#14687,#14688);
#12687=AXIS2_PLACEMENT_3D('',#18379,#14690,#14691);
#12688=AXIS2_PLACEMENT_3D('',#18380,#14692,#14693);
#12689=AXIS2_PLACEMENT_3D('',#18386,#14697,#14698);
#12690=AXIS2_PLACEMENT_3D('',#18387,#14699,#14700);
#12691=AXIS2_PLACEMENT_3D('',#18391,#14702,#14703);
#12692=AXIS2_PLACEMENT_3D('',#18392,#14704,#14705);
#12693=AXIS2_PLACEMENT_3D('',#18398,#14709,#14710);
#12694=AXIS2_PLACEMENT_3D('',#18407,#14715,#14716);
#12695=AXIS2_PLACEMENT_3D('',#18408,#14717,#14718);
#12696=AXIS2_PLACEMENT_3D('',#18412,#14720,#14721);
#12697=AXIS2_PLACEMENT_3D('',#18413,#14722,#14723);
#12698=AXIS2_PLACEMENT_3D('',#18419,#14727,#14728);
#12699=AXIS2_PLACEMENT_3D('',#18420,#14729,#14730);
#12700=AXIS2_PLACEMENT_3D('',#18424,#14732,#14733);
#12701=AXIS2_PLACEMENT_3D('',#18425,#14734,#14735);
#12702=AXIS2_PLACEMENT_3D('',#18431,#14739,#14740);
#12703=AXIS2_PLACEMENT_3D('',#18432,#14741,#14742);
#12704=AXIS2_PLACEMENT_3D('',#18436,#14744,#14745);
#12705=AXIS2_PLACEMENT_3D('',#18437,#14746,#14747);
#12706=AXIS2_PLACEMENT_3D('',#18443,#14751,#14752);
#12707=AXIS2_PLACEMENT_3D('',#18452,#14757,#14758);
#12708=AXIS2_PLACEMENT_3D('',#18453,#14759,#14760);
#12709=AXIS2_PLACEMENT_3D('',#18457,#14762,#14763);
#12710=AXIS2_PLACEMENT_3D('',#18458,#14764,#14765);
#12711=AXIS2_PLACEMENT_3D('',#18464,#14769,#14770);
#12712=AXIS2_PLACEMENT_3D('',#18465,#14771,#14772);
#12713=AXIS2_PLACEMENT_3D('',#18469,#14774,#14775);
#12714=AXIS2_PLACEMENT_3D('',#18470,#14776,#14777);
#12715=AXIS2_PLACEMENT_3D('',#18476,#14781,#14782);
#12716=AXIS2_PLACEMENT_3D('',#18477,#14783,#14784);
#12717=AXIS2_PLACEMENT_3D('',#18481,#14786,#14787);
#12718=AXIS2_PLACEMENT_3D('',#18482,#14788,#14789);
#12719=AXIS2_PLACEMENT_3D('',#18488,#14793,#14794);
#12720=AXIS2_PLACEMENT_3D('',#18497,#14799,#14800);
#12721=AXIS2_PLACEMENT_3D('',#18498,#14801,#14802);
#12722=AXIS2_PLACEMENT_3D('',#18502,#14804,#14805);
#12723=AXIS2_PLACEMENT_3D('',#18503,#14806,#14807);
#12724=AXIS2_PLACEMENT_3D('',#18509,#14811,#14812);
#12725=AXIS2_PLACEMENT_3D('',#18510,#14813,#14814);
#12726=AXIS2_PLACEMENT_3D('',#18514,#14816,#14817);
#12727=AXIS2_PLACEMENT_3D('',#18515,#14818,#14819);
#12728=AXIS2_PLACEMENT_3D('',#18521,#14823,#14824);
#12729=AXIS2_PLACEMENT_3D('',#18522,#14825,#14826);
#12730=AXIS2_PLACEMENT_3D('',#18526,#14828,#14829);
#12731=AXIS2_PLACEMENT_3D('',#18527,#14830,#14831);
#12732=AXIS2_PLACEMENT_3D('',#18533,#14835,#14836);
#12733=AXIS2_PLACEMENT_3D('',#18542,#14841,#14842);
#12734=AXIS2_PLACEMENT_3D('',#18543,#14843,#14844);
#12735=AXIS2_PLACEMENT_3D('',#18547,#14846,#14847);
#12736=AXIS2_PLACEMENT_3D('',#18548,#14848,#14849);
#12737=AXIS2_PLACEMENT_3D('',#18554,#14853,#14854);
#12738=AXIS2_PLACEMENT_3D('',#18555,#14855,#14856);
#12739=AXIS2_PLACEMENT_3D('',#18559,#14858,#14859);
#12740=AXIS2_PLACEMENT_3D('',#18560,#14860,#14861);
#12741=AXIS2_PLACEMENT_3D('',#18566,#14865,#14866);
#12742=AXIS2_PLACEMENT_3D('',#18567,#14867,#14868);
#12743=AXIS2_PLACEMENT_3D('',#18571,#14870,#14871);
#12744=AXIS2_PLACEMENT_3D('',#18572,#14872,#14873);
#12745=AXIS2_PLACEMENT_3D('',#18578,#14877,#14878);
#12746=AXIS2_PLACEMENT_3D('',#18587,#14883,#14884);
#12747=AXIS2_PLACEMENT_3D('',#18588,#14885,#14886);
#12748=AXIS2_PLACEMENT_3D('',#18592,#14888,#14889);
#12749=AXIS2_PLACEMENT_3D('',#18593,#14890,#14891);
#12750=AXIS2_PLACEMENT_3D('',#18599,#14895,#14896);
#12751=AXIS2_PLACEMENT_3D('',#18600,#14897,#14898);
#12752=AXIS2_PLACEMENT_3D('',#18604,#14900,#14901);
#12753=AXIS2_PLACEMENT_3D('',#18605,#14902,#14903);
#12754=AXIS2_PLACEMENT_3D('',#18611,#14907,#14908);
#12755=AXIS2_PLACEMENT_3D('',#18612,#14909,#14910);
#12756=AXIS2_PLACEMENT_3D('',#18616,#14912,#14913);
#12757=AXIS2_PLACEMENT_3D('',#18617,#14914,#14915);
#12758=AXIS2_PLACEMENT_3D('',#18623,#14919,#14920);
#12759=AXIS2_PLACEMENT_3D('',#18632,#14925,#14926);
#12760=AXIS2_PLACEMENT_3D('',#18633,#14927,#14928);
#12761=AXIS2_PLACEMENT_3D('',#18637,#14930,#14931);
#12762=AXIS2_PLACEMENT_3D('',#18638,#14932,#14933);
#12763=AXIS2_PLACEMENT_3D('',#18644,#14937,#14938);
#12764=AXIS2_PLACEMENT_3D('',#18645,#14939,#14940);
#12765=AXIS2_PLACEMENT_3D('',#18649,#14942,#14943);
#12766=AXIS2_PLACEMENT_3D('',#18650,#14944,#14945);
#12767=AXIS2_PLACEMENT_3D('',#18656,#14949,#14950);
#12768=AXIS2_PLACEMENT_3D('',#18657,#14951,#14952);
#12769=AXIS2_PLACEMENT_3D('',#18661,#14954,#14955);
#12770=AXIS2_PLACEMENT_3D('',#18662,#14956,#14957);
#12771=AXIS2_PLACEMENT_3D('',#18668,#14961,#14962);
#12772=AXIS2_PLACEMENT_3D('',#18677,#14967,#14968);
#12773=AXIS2_PLACEMENT_3D('',#18678,#14969,#14970);
#12774=AXIS2_PLACEMENT_3D('',#18682,#14972,#14973);
#12775=AXIS2_PLACEMENT_3D('',#18683,#14974,#14975);
#12776=AXIS2_PLACEMENT_3D('',#18689,#14979,#14980);
#12777=AXIS2_PLACEMENT_3D('',#18690,#14981,#14982);
#12778=AXIS2_PLACEMENT_3D('',#18694,#14984,#14985);
#12779=AXIS2_PLACEMENT_3D('',#18695,#14986,#14987);
#12780=AXIS2_PLACEMENT_3D('',#18701,#14991,#14992);
#12781=AXIS2_PLACEMENT_3D('',#18702,#14993,#14994);
#12782=AXIS2_PLACEMENT_3D('',#18706,#14996,#14997);
#12783=AXIS2_PLACEMENT_3D('',#18707,#14998,#14999);
#12784=AXIS2_PLACEMENT_3D('',#18713,#15003,#15004);
#12785=AXIS2_PLACEMENT_3D('',#18722,#15009,#15010);
#12786=AXIS2_PLACEMENT_3D('',#18723,#15011,#15012);
#12787=AXIS2_PLACEMENT_3D('',#18727,#15014,#15015);
#12788=AXIS2_PLACEMENT_3D('',#18728,#15016,#15017);
#12789=AXIS2_PLACEMENT_3D('',#18734,#15021,#15022);
#12790=AXIS2_PLACEMENT_3D('',#18735,#15023,#15024);
#12791=AXIS2_PLACEMENT_3D('',#18739,#15026,#15027);
#12792=AXIS2_PLACEMENT_3D('',#18740,#15028,#15029);
#12793=AXIS2_PLACEMENT_3D('',#18746,#15033,#15034);
#12794=AXIS2_PLACEMENT_3D('',#18747,#15035,#15036);
#12795=AXIS2_PLACEMENT_3D('',#18751,#15038,#15039);
#12796=AXIS2_PLACEMENT_3D('',#18752,#15040,#15041);
#12797=AXIS2_PLACEMENT_3D('',#18758,#15045,#15046);
#12798=AXIS2_PLACEMENT_3D('',#18767,#15051,#15052);
#12799=AXIS2_PLACEMENT_3D('',#18768,#15053,#15054);
#12800=AXIS2_PLACEMENT_3D('',#18772,#15056,#15057);
#12801=AXIS2_PLACEMENT_3D('',#18773,#15058,#15059);
#12802=AXIS2_PLACEMENT_3D('',#18779,#15063,#15064);
#12803=AXIS2_PLACEMENT_3D('',#18780,#15065,#15066);
#12804=AXIS2_PLACEMENT_3D('',#18784,#15068,#15069);
#12805=AXIS2_PLACEMENT_3D('',#18785,#15070,#15071);
#12806=AXIS2_PLACEMENT_3D('',#18791,#15075,#15076);
#12807=AXIS2_PLACEMENT_3D('',#18792,#15077,#15078);
#12808=AXIS2_PLACEMENT_3D('',#18796,#15080,#15081);
#12809=AXIS2_PLACEMENT_3D('',#18797,#15082,#15083);
#12810=AXIS2_PLACEMENT_3D('',#18803,#15087,#15088);
#12811=AXIS2_PLACEMENT_3D('',#18812,#15093,#15094);
#12812=AXIS2_PLACEMENT_3D('',#18813,#15095,#15096);
#12813=AXIS2_PLACEMENT_3D('',#18817,#15098,#15099);
#12814=AXIS2_PLACEMENT_3D('',#18818,#15100,#15101);
#12815=AXIS2_PLACEMENT_3D('',#18824,#15105,#15106);
#12816=AXIS2_PLACEMENT_3D('',#18825,#15107,#15108);
#12817=AXIS2_PLACEMENT_3D('',#18829,#15110,#15111);
#12818=AXIS2_PLACEMENT_3D('',#18830,#15112,#15113);
#12819=AXIS2_PLACEMENT_3D('',#18836,#15117,#15118);
#12820=AXIS2_PLACEMENT_3D('',#18837,#15119,#15120);
#12821=AXIS2_PLACEMENT_3D('',#18841,#15122,#15123);
#12822=AXIS2_PLACEMENT_3D('',#18842,#15124,#15125);
#12823=AXIS2_PLACEMENT_3D('',#18848,#15129,#15130);
#12824=AXIS2_PLACEMENT_3D('',#18857,#15135,#15136);
#12825=AXIS2_PLACEMENT_3D('',#18858,#15137,#15138);
#12826=AXIS2_PLACEMENT_3D('',#18862,#15140,#15141);
#12827=AXIS2_PLACEMENT_3D('',#18863,#15142,#15143);
#12828=AXIS2_PLACEMENT_3D('',#18869,#15147,#15148);
#12829=AXIS2_PLACEMENT_3D('',#18870,#15149,#15150);
#12830=AXIS2_PLACEMENT_3D('',#18874,#15152,#15153);
#12831=AXIS2_PLACEMENT_3D('',#18875,#15154,#15155);
#12832=AXIS2_PLACEMENT_3D('',#18881,#15159,#15160);
#12833=AXIS2_PLACEMENT_3D('',#18882,#15161,#15162);
#12834=AXIS2_PLACEMENT_3D('',#18886,#15164,#15165);
#12835=AXIS2_PLACEMENT_3D('',#18887,#15166,#15167);
#12836=AXIS2_PLACEMENT_3D('',#18893,#15171,#15172);
#12837=AXIS2_PLACEMENT_3D('',#18902,#15177,#15178);
#12838=AXIS2_PLACEMENT_3D('',#18903,#15179,#15180);
#12839=AXIS2_PLACEMENT_3D('',#18907,#15182,#15183);
#12840=AXIS2_PLACEMENT_3D('',#18908,#15184,#15185);
#12841=AXIS2_PLACEMENT_3D('',#18914,#15189,#15190);
#12842=AXIS2_PLACEMENT_3D('',#18915,#15191,#15192);
#12843=AXIS2_PLACEMENT_3D('',#18919,#15194,#15195);
#12844=AXIS2_PLACEMENT_3D('',#18920,#15196,#15197);
#12845=AXIS2_PLACEMENT_3D('',#18926,#15201,#15202);
#12846=AXIS2_PLACEMENT_3D('',#18927,#15203,#15204);
#12847=AXIS2_PLACEMENT_3D('',#18931,#15206,#15207);
#12848=AXIS2_PLACEMENT_3D('',#18932,#15208,#15209);
#12849=AXIS2_PLACEMENT_3D('',#18938,#15213,#15214);
#12850=AXIS2_PLACEMENT_3D('',#18947,#15219,#15220);
#12851=AXIS2_PLACEMENT_3D('',#18948,#15221,#15222);
#12852=AXIS2_PLACEMENT_3D('',#18952,#15224,#15225);
#12853=AXIS2_PLACEMENT_3D('',#18953,#15226,#15227);
#12854=AXIS2_PLACEMENT_3D('',#18959,#15231,#15232);
#12855=AXIS2_PLACEMENT_3D('',#18960,#15233,#15234);
#12856=AXIS2_PLACEMENT_3D('',#18964,#15236,#15237);
#12857=AXIS2_PLACEMENT_3D('',#18965,#15238,#15239);
#12858=AXIS2_PLACEMENT_3D('',#18971,#15243,#15244);
#12859=AXIS2_PLACEMENT_3D('',#18972,#15245,#15246);
#12860=AXIS2_PLACEMENT_3D('',#18976,#15248,#15249);
#12861=AXIS2_PLACEMENT_3D('',#18977,#15250,#15251);
#12862=AXIS2_PLACEMENT_3D('',#18983,#15255,#15256);
#12863=AXIS2_PLACEMENT_3D('',#18992,#15261,#15262);
#12864=AXIS2_PLACEMENT_3D('',#18993,#15263,#15264);
#12865=AXIS2_PLACEMENT_3D('',#18997,#15266,#15267);
#12866=AXIS2_PLACEMENT_3D('',#18998,#15268,#15269);
#12867=AXIS2_PLACEMENT_3D('',#19004,#15273,#15274);
#12868=AXIS2_PLACEMENT_3D('',#19005,#15275,#15276);
#12869=AXIS2_PLACEMENT_3D('',#19009,#15278,#15279);
#12870=AXIS2_PLACEMENT_3D('',#19010,#15280,#15281);
#12871=AXIS2_PLACEMENT_3D('',#19016,#15285,#15286);
#12872=AXIS2_PLACEMENT_3D('',#19017,#15287,#15288);
#12873=AXIS2_PLACEMENT_3D('',#19021,#15290,#15291);
#12874=AXIS2_PLACEMENT_3D('',#19022,#15292,#15293);
#12875=AXIS2_PLACEMENT_3D('',#19028,#15297,#15298);
#12876=AXIS2_PLACEMENT_3D('',#19037,#15303,#15304);
#12877=AXIS2_PLACEMENT_3D('',#19038,#15305,#15306);
#12878=AXIS2_PLACEMENT_3D('',#19042,#15308,#15309);
#12879=AXIS2_PLACEMENT_3D('',#19043,#15310,#15311);
#12880=AXIS2_PLACEMENT_3D('',#19049,#15315,#15316);
#12881=AXIS2_PLACEMENT_3D('',#19050,#15317,#15318);
#12882=AXIS2_PLACEMENT_3D('',#19054,#15320,#15321);
#12883=AXIS2_PLACEMENT_3D('',#19055,#15322,#15323);
#12884=AXIS2_PLACEMENT_3D('',#19061,#15327,#15328);
#12885=AXIS2_PLACEMENT_3D('',#19062,#15329,#15330);
#12886=AXIS2_PLACEMENT_3D('',#19066,#15332,#15333);
#12887=AXIS2_PLACEMENT_3D('',#19067,#15334,#15335);
#12888=AXIS2_PLACEMENT_3D('',#19073,#15339,#15340);
#12889=AXIS2_PLACEMENT_3D('',#19082,#15345,#15346);
#12890=AXIS2_PLACEMENT_3D('',#19083,#15347,#15348);
#12891=AXIS2_PLACEMENT_3D('',#19087,#15350,#15351);
#12892=AXIS2_PLACEMENT_3D('',#19088,#15352,#15353);
#12893=AXIS2_PLACEMENT_3D('',#19094,#15357,#15358);
#12894=AXIS2_PLACEMENT_3D('',#19095,#15359,#15360);
#12895=AXIS2_PLACEMENT_3D('',#19099,#15362,#15363);
#12896=AXIS2_PLACEMENT_3D('',#19100,#15364,#15365);
#12897=AXIS2_PLACEMENT_3D('',#19106,#15369,#15370);
#12898=AXIS2_PLACEMENT_3D('',#19107,#15371,#15372);
#12899=AXIS2_PLACEMENT_3D('',#19111,#15374,#15375);
#12900=AXIS2_PLACEMENT_3D('',#19112,#15376,#15377);
#12901=AXIS2_PLACEMENT_3D('',#19118,#15381,#15382);
#12902=AXIS2_PLACEMENT_3D('',#19127,#15387,#15388);
#12903=AXIS2_PLACEMENT_3D('',#19128,#15389,#15390);
#12904=AXIS2_PLACEMENT_3D('',#19132,#15392,#15393);
#12905=AXIS2_PLACEMENT_3D('',#19133,#15394,#15395);
#12906=AXIS2_PLACEMENT_3D('',#19139,#15399,#15400);
#12907=AXIS2_PLACEMENT_3D('',#19140,#15401,#15402);
#12908=AXIS2_PLACEMENT_3D('',#19144,#15404,#15405);
#12909=AXIS2_PLACEMENT_3D('',#19145,#15406,#15407);
#12910=AXIS2_PLACEMENT_3D('',#19151,#15411,#15412);
#12911=AXIS2_PLACEMENT_3D('',#19152,#15413,#15414);
#12912=AXIS2_PLACEMENT_3D('',#19156,#15416,#15417);
#12913=AXIS2_PLACEMENT_3D('',#19157,#15418,#15419);
#12914=AXIS2_PLACEMENT_3D('',#19163,#15423,#15424);
#12915=AXIS2_PLACEMENT_3D('',#19172,#15429,#15430);
#12916=AXIS2_PLACEMENT_3D('',#19173,#15431,#15432);
#12917=AXIS2_PLACEMENT_3D('',#19177,#15434,#15435);
#12918=AXIS2_PLACEMENT_3D('',#19178,#15436,#15437);
#12919=AXIS2_PLACEMENT_3D('',#19184,#15441,#15442);
#12920=AXIS2_PLACEMENT_3D('',#19185,#15443,#15444);
#12921=AXIS2_PLACEMENT_3D('',#19189,#15446,#15447);
#12922=AXIS2_PLACEMENT_3D('',#19190,#15448,#15449);
#12923=AXIS2_PLACEMENT_3D('',#19196,#15453,#15454);
#12924=AXIS2_PLACEMENT_3D('',#19197,#15455,#15456);
#12925=AXIS2_PLACEMENT_3D('',#19201,#15458,#15459);
#12926=AXIS2_PLACEMENT_3D('',#19202,#15460,#15461);
#12927=AXIS2_PLACEMENT_3D('',#19208,#15465,#15466);
#12928=AXIS2_PLACEMENT_3D('',#19217,#15471,#15472);
#12929=AXIS2_PLACEMENT_3D('',#19218,#15473,#15474);
#12930=AXIS2_PLACEMENT_3D('',#19222,#15476,#15477);
#12931=AXIS2_PLACEMENT_3D('',#19223,#15478,#15479);
#12932=AXIS2_PLACEMENT_3D('',#19229,#15483,#15484);
#12933=AXIS2_PLACEMENT_3D('',#19230,#15485,#15486);
#12934=AXIS2_PLACEMENT_3D('',#19234,#15488,#15489);
#12935=AXIS2_PLACEMENT_3D('',#19235,#15490,#15491);
#12936=AXIS2_PLACEMENT_3D('',#19241,#15495,#15496);
#12937=AXIS2_PLACEMENT_3D('',#19242,#15497,#15498);
#12938=AXIS2_PLACEMENT_3D('',#19246,#15500,#15501);
#12939=AXIS2_PLACEMENT_3D('',#19247,#15502,#15503);
#12940=AXIS2_PLACEMENT_3D('',#19253,#15507,#15508);
#12941=AXIS2_PLACEMENT_3D('',#19262,#15513,#15514);
#12942=AXIS2_PLACEMENT_3D('',#19263,#15515,#15516);
#12943=AXIS2_PLACEMENT_3D('',#19267,#15518,#15519);
#12944=AXIS2_PLACEMENT_3D('',#19268,#15520,#15521);
#12945=AXIS2_PLACEMENT_3D('',#19274,#15525,#15526);
#12946=AXIS2_PLACEMENT_3D('',#19275,#15527,#15528);
#12947=AXIS2_PLACEMENT_3D('',#19279,#15530,#15531);
#12948=AXIS2_PLACEMENT_3D('',#19280,#15532,#15533);
#12949=AXIS2_PLACEMENT_3D('',#19286,#15537,#15538);
#12950=AXIS2_PLACEMENT_3D('',#19287,#15539,#15540);
#12951=AXIS2_PLACEMENT_3D('',#19291,#15542,#15543);
#12952=AXIS2_PLACEMENT_3D('',#19292,#15544,#15545);
#12953=AXIS2_PLACEMENT_3D('',#19298,#15549,#15550);
#12954=AXIS2_PLACEMENT_3D('',#19307,#15555,#15556);
#12955=AXIS2_PLACEMENT_3D('',#19308,#15557,#15558);
#12956=AXIS2_PLACEMENT_3D('',#19312,#15560,#15561);
#12957=AXIS2_PLACEMENT_3D('',#19313,#15562,#15563);
#12958=AXIS2_PLACEMENT_3D('',#19319,#15567,#15568);
#12959=AXIS2_PLACEMENT_3D('',#19320,#15569,#15570);
#12960=AXIS2_PLACEMENT_3D('',#19324,#15572,#15573);
#12961=AXIS2_PLACEMENT_3D('',#19325,#15574,#15575);
#12962=AXIS2_PLACEMENT_3D('',#19331,#15579,#15580);
#12963=AXIS2_PLACEMENT_3D('',#19332,#15581,#15582);
#12964=AXIS2_PLACEMENT_3D('',#19336,#15584,#15585);
#12965=AXIS2_PLACEMENT_3D('',#19337,#15586,#15587);
#12966=AXIS2_PLACEMENT_3D('',#19343,#15591,#15592);
#12967=AXIS2_PLACEMENT_3D('',#19352,#15597,#15598);
#12968=AXIS2_PLACEMENT_3D('',#19353,#15599,#15600);
#12969=AXIS2_PLACEMENT_3D('',#19357,#15602,#15603);
#12970=AXIS2_PLACEMENT_3D('',#19358,#15604,#15605);
#12971=AXIS2_PLACEMENT_3D('',#19364,#15609,#15610);
#12972=AXIS2_PLACEMENT_3D('',#19365,#15611,#15612);
#12973=AXIS2_PLACEMENT_3D('',#19369,#15614,#15615);
#12974=AXIS2_PLACEMENT_3D('',#19370,#15616,#15617);
#12975=AXIS2_PLACEMENT_3D('',#19376,#15621,#15622);
#12976=AXIS2_PLACEMENT_3D('',#19377,#15623,#15624);
#12977=AXIS2_PLACEMENT_3D('',#19381,#15626,#15627);
#12978=AXIS2_PLACEMENT_3D('',#19382,#15628,#15629);
#12979=AXIS2_PLACEMENT_3D('',#19388,#15633,#15634);
#12980=AXIS2_PLACEMENT_3D('',#19397,#15639,#15640);
#12981=AXIS2_PLACEMENT_3D('',#19398,#15641,#15642);
#12982=AXIS2_PLACEMENT_3D('',#19402,#15644,#15645);
#12983=AXIS2_PLACEMENT_3D('',#19403,#15646,#15647);
#12984=AXIS2_PLACEMENT_3D('',#19409,#15651,#15652);
#12985=AXIS2_PLACEMENT_3D('',#19410,#15653,#15654);
#12986=AXIS2_PLACEMENT_3D('',#19414,#15656,#15657);
#12987=AXIS2_PLACEMENT_3D('',#19415,#15658,#15659);
#12988=AXIS2_PLACEMENT_3D('',#19421,#15663,#15664);
#12989=AXIS2_PLACEMENT_3D('',#19422,#15665,#15666);
#12990=AXIS2_PLACEMENT_3D('',#19426,#15668,#15669);
#12991=AXIS2_PLACEMENT_3D('',#19427,#15670,#15671);
#12992=AXIS2_PLACEMENT_3D('',#19433,#15675,#15676);
#12993=AXIS2_PLACEMENT_3D('',#19442,#15681,#15682);
#12994=AXIS2_PLACEMENT_3D('',#19443,#15683,#15684);
#12995=AXIS2_PLACEMENT_3D('',#19447,#15686,#15687);
#12996=AXIS2_PLACEMENT_3D('',#19448,#15688,#15689);
#12997=AXIS2_PLACEMENT_3D('',#19454,#15693,#15694);
#12998=AXIS2_PLACEMENT_3D('',#19455,#15695,#15696);
#12999=AXIS2_PLACEMENT_3D('',#19459,#15698,#15699);
#13000=AXIS2_PLACEMENT_3D('',#19460,#15700,#15701);
#13001=AXIS2_PLACEMENT_3D('',#19466,#15705,#15706);
#13002=AXIS2_PLACEMENT_3D('',#19467,#15707,#15708);
#13003=AXIS2_PLACEMENT_3D('',#19471,#15710,#15711);
#13004=AXIS2_PLACEMENT_3D('',#19472,#15712,#15713);
#13005=AXIS2_PLACEMENT_3D('',#19478,#15717,#15718);
#13006=AXIS2_PLACEMENT_3D('',#19487,#15723,#15724);
#13007=AXIS2_PLACEMENT_3D('',#19488,#15725,#15726);
#13008=AXIS2_PLACEMENT_3D('',#19492,#15728,#15729);
#13009=AXIS2_PLACEMENT_3D('',#19493,#15730,#15731);
#13010=AXIS2_PLACEMENT_3D('',#19499,#15735,#15736);
#13011=AXIS2_PLACEMENT_3D('',#19500,#15737,#15738);
#13012=AXIS2_PLACEMENT_3D('',#19504,#15740,#15741);
#13013=AXIS2_PLACEMENT_3D('',#19505,#15742,#15743);
#13014=AXIS2_PLACEMENT_3D('',#19511,#15747,#15748);
#13015=AXIS2_PLACEMENT_3D('',#19512,#15749,#15750);
#13016=AXIS2_PLACEMENT_3D('',#19516,#15752,#15753);
#13017=AXIS2_PLACEMENT_3D('',#19517,#15754,#15755);
#13018=AXIS2_PLACEMENT_3D('',#19523,#15759,#15760);
#13019=AXIS2_PLACEMENT_3D('',#19532,#15765,#15766);
#13020=AXIS2_PLACEMENT_3D('',#19533,#15767,#15768);
#13021=AXIS2_PLACEMENT_3D('',#19537,#15770,#15771);
#13022=AXIS2_PLACEMENT_3D('',#19538,#15772,#15773);
#13023=AXIS2_PLACEMENT_3D('',#19544,#15777,#15778);
#13024=AXIS2_PLACEMENT_3D('',#19545,#15779,#15780);
#13025=AXIS2_PLACEMENT_3D('',#19549,#15782,#15783);
#13026=AXIS2_PLACEMENT_3D('',#19550,#15784,#15785);
#13027=AXIS2_PLACEMENT_3D('',#19556,#15789,#15790);
#13028=AXIS2_PLACEMENT_3D('',#19557,#15791,#15792);
#13029=AXIS2_PLACEMENT_3D('',#19561,#15794,#15795);
#13030=AXIS2_PLACEMENT_3D('',#19562,#15796,#15797);
#13031=AXIS2_PLACEMENT_3D('',#19568,#15801,#15802);
#13032=AXIS2_PLACEMENT_3D('',#19577,#15807,#15808);
#13033=AXIS2_PLACEMENT_3D('',#19578,#15809,#15810);
#13034=AXIS2_PLACEMENT_3D('',#19582,#15812,#15813);
#13035=AXIS2_PLACEMENT_3D('',#19583,#15814,#15815);
#13036=AXIS2_PLACEMENT_3D('',#19589,#15819,#15820);
#13037=AXIS2_PLACEMENT_3D('',#19590,#15821,#15822);
#13038=AXIS2_PLACEMENT_3D('',#19594,#15824,#15825);
#13039=AXIS2_PLACEMENT_3D('',#19595,#15826,#15827);
#13040=AXIS2_PLACEMENT_3D('',#19601,#15831,#15832);
#13041=AXIS2_PLACEMENT_3D('',#19602,#15833,#15834);
#13042=AXIS2_PLACEMENT_3D('',#19606,#15836,#15837);
#13043=AXIS2_PLACEMENT_3D('',#19607,#15838,#15839);
#13044=AXIS2_PLACEMENT_3D('',#19613,#15843,#15844);
#13045=AXIS2_PLACEMENT_3D('',#19622,#15849,#15850);
#13046=AXIS2_PLACEMENT_3D('',#19623,#15851,#15852);
#13047=AXIS2_PLACEMENT_3D('',#19627,#15854,#15855);
#13048=AXIS2_PLACEMENT_3D('',#19628,#15856,#15857);
#13049=AXIS2_PLACEMENT_3D('',#19634,#15861,#15862);
#13050=AXIS2_PLACEMENT_3D('',#19635,#15863,#15864);
#13051=AXIS2_PLACEMENT_3D('',#19639,#15866,#15867);
#13052=AXIS2_PLACEMENT_3D('',#19640,#15868,#15869);
#13053=AXIS2_PLACEMENT_3D('',#19646,#15873,#15874);
#13054=AXIS2_PLACEMENT_3D('',#19647,#15875,#15876);
#13055=AXIS2_PLACEMENT_3D('',#19651,#15878,#15879);
#13056=AXIS2_PLACEMENT_3D('',#19652,#15880,#15881);
#13057=AXIS2_PLACEMENT_3D('',#19658,#15885,#15886);
#13058=AXIS2_PLACEMENT_3D('',#19667,#15891,#15892);
#13059=AXIS2_PLACEMENT_3D('',#19668,#15893,#15894);
#13060=AXIS2_PLACEMENT_3D('',#19672,#15896,#15897);
#13061=AXIS2_PLACEMENT_3D('',#19673,#15898,#15899);
#13062=AXIS2_PLACEMENT_3D('',#19679,#15903,#15904);
#13063=AXIS2_PLACEMENT_3D('',#19680,#15905,#15906);
#13064=AXIS2_PLACEMENT_3D('',#19684,#15908,#15909);
#13065=AXIS2_PLACEMENT_3D('',#19685,#15910,#15911);
#13066=AXIS2_PLACEMENT_3D('',#19691,#15915,#15916);
#13067=AXIS2_PLACEMENT_3D('',#19692,#15917,#15918);
#13068=AXIS2_PLACEMENT_3D('',#19696,#15920,#15921);
#13069=AXIS2_PLACEMENT_3D('',#19697,#15922,#15923);
#13070=AXIS2_PLACEMENT_3D('',#19703,#15927,#15928);
#13071=AXIS2_PLACEMENT_3D('',#19712,#15933,#15934);
#13072=AXIS2_PLACEMENT_3D('',#19713,#15935,#15936);
#13073=AXIS2_PLACEMENT_3D('',#19717,#15938,#15939);
#13074=AXIS2_PLACEMENT_3D('',#19718,#15940,#15941);
#13075=AXIS2_PLACEMENT_3D('',#19724,#15945,#15946);
#13076=AXIS2_PLACEMENT_3D('',#19725,#15947,#15948);
#13077=AXIS2_PLACEMENT_3D('',#19729,#15950,#15951);
#13078=AXIS2_PLACEMENT_3D('',#19730,#15952,#15953);
#13079=AXIS2_PLACEMENT_3D('',#19736,#15957,#15958);
#13080=AXIS2_PLACEMENT_3D('',#19737,#15959,#15960);
#13081=AXIS2_PLACEMENT_3D('',#19741,#15962,#15963);
#13082=AXIS2_PLACEMENT_3D('',#19742,#15964,#15965);
#13083=AXIS2_PLACEMENT_3D('',#19748,#15969,#15970);
#13084=AXIS2_PLACEMENT_3D('',#19757,#15975,#15976);
#13085=AXIS2_PLACEMENT_3D('',#19758,#15977,#15978);
#13086=AXIS2_PLACEMENT_3D('',#19762,#15980,#15981);
#13087=AXIS2_PLACEMENT_3D('',#19763,#15982,#15983);
#13088=AXIS2_PLACEMENT_3D('',#19769,#15987,#15988);
#13089=AXIS2_PLACEMENT_3D('',#19770,#15989,#15990);
#13090=AXIS2_PLACEMENT_3D('',#19774,#15992,#15993);
#13091=AXIS2_PLACEMENT_3D('',#19775,#15994,#15995);
#13092=AXIS2_PLACEMENT_3D('',#19781,#15999,#16000);
#13093=AXIS2_PLACEMENT_3D('',#19782,#16001,#16002);
#13094=AXIS2_PLACEMENT_3D('',#19786,#16004,#16005);
#13095=AXIS2_PLACEMENT_3D('',#19787,#16006,#16007);
#13096=AXIS2_PLACEMENT_3D('',#19793,#16011,#16012);
#13097=AXIS2_PLACEMENT_3D('',#19802,#16017,#16018);
#13098=AXIS2_PLACEMENT_3D('',#19803,#16019,#16020);
#13099=AXIS2_PLACEMENT_3D('',#19807,#16022,#16023);
#13100=AXIS2_PLACEMENT_3D('',#19808,#16024,#16025);
#13101=AXIS2_PLACEMENT_3D('',#19814,#16029,#16030);
#13102=AXIS2_PLACEMENT_3D('',#19815,#16031,#16032);
#13103=AXIS2_PLACEMENT_3D('',#19819,#16034,#16035);
#13104=AXIS2_PLACEMENT_3D('',#19820,#16036,#16037);
#13105=AXIS2_PLACEMENT_3D('',#19826,#16041,#16042);
#13106=AXIS2_PLACEMENT_3D('',#19827,#16043,#16044);
#13107=AXIS2_PLACEMENT_3D('',#19831,#16046,#16047);
#13108=AXIS2_PLACEMENT_3D('',#19832,#16048,#16049);
#13109=AXIS2_PLACEMENT_3D('',#19838,#16053,#16054);
#13110=AXIS2_PLACEMENT_3D('',#19847,#16059,#16060);
#13111=AXIS2_PLACEMENT_3D('',#19848,#16061,#16062);
#13112=AXIS2_PLACEMENT_3D('',#19852,#16064,#16065);
#13113=AXIS2_PLACEMENT_3D('',#19853,#16066,#16067);
#13114=AXIS2_PLACEMENT_3D('',#19859,#16071,#16072);
#13115=AXIS2_PLACEMENT_3D('',#19860,#16073,#16074);
#13116=AXIS2_PLACEMENT_3D('',#19864,#16076,#16077);
#13117=AXIS2_PLACEMENT_3D('',#19865,#16078,#16079);
#13118=AXIS2_PLACEMENT_3D('',#19871,#16083,#16084);
#13119=AXIS2_PLACEMENT_3D('',#19872,#16085,#16086);
#13120=AXIS2_PLACEMENT_3D('',#19876,#16088,#16089);
#13121=AXIS2_PLACEMENT_3D('',#19877,#16090,#16091);
#13122=AXIS2_PLACEMENT_3D('',#19883,#16095,#16096);
#13123=AXIS2_PLACEMENT_3D('',#19892,#16101,#16102);
#13124=AXIS2_PLACEMENT_3D('',#19893,#16103,#16104);
#13125=AXIS2_PLACEMENT_3D('',#19897,#16106,#16107);
#13126=AXIS2_PLACEMENT_3D('',#19898,#16108,#16109);
#13127=AXIS2_PLACEMENT_3D('',#19904,#16113,#16114);
#13128=AXIS2_PLACEMENT_3D('',#19905,#16115,#16116);
#13129=AXIS2_PLACEMENT_3D('',#19909,#16118,#16119);
#13130=AXIS2_PLACEMENT_3D('',#19910,#16120,#16121);
#13131=AXIS2_PLACEMENT_3D('',#19916,#16125,#16126);
#13132=AXIS2_PLACEMENT_3D('',#19917,#16127,#16128);
#13133=AXIS2_PLACEMENT_3D('',#19921,#16130,#16131);
#13134=AXIS2_PLACEMENT_3D('',#19922,#16132,#16133);
#13135=AXIS2_PLACEMENT_3D('',#19928,#16137,#16138);
#13136=AXIS2_PLACEMENT_3D('',#19937,#16143,#16144);
#13137=AXIS2_PLACEMENT_3D('',#19938,#16145,#16146);
#13138=AXIS2_PLACEMENT_3D('',#19942,#16148,#16149);
#13139=AXIS2_PLACEMENT_3D('',#19943,#16150,#16151);
#13140=AXIS2_PLACEMENT_3D('',#19949,#16155,#16156);
#13141=AXIS2_PLACEMENT_3D('',#19950,#16157,#16158);
#13142=AXIS2_PLACEMENT_3D('',#19954,#16160,#16161);
#13143=AXIS2_PLACEMENT_3D('',#19955,#16162,#16163);
#13144=AXIS2_PLACEMENT_3D('',#19961,#16167,#16168);
#13145=AXIS2_PLACEMENT_3D('',#19962,#16169,#16170);
#13146=AXIS2_PLACEMENT_3D('',#19966,#16172,#16173);
#13147=AXIS2_PLACEMENT_3D('',#19967,#16174,#16175);
#13148=AXIS2_PLACEMENT_3D('',#19973,#16179,#16180);
#13149=AXIS2_PLACEMENT_3D('',#19982,#16185,#16186);
#13150=AXIS2_PLACEMENT_3D('',#19983,#16187,#16188);
#13151=AXIS2_PLACEMENT_3D('',#19987,#16190,#16191);
#13152=AXIS2_PLACEMENT_3D('',#19988,#16192,#16193);
#13153=AXIS2_PLACEMENT_3D('',#19994,#16197,#16198);
#13154=AXIS2_PLACEMENT_3D('',#19995,#16199,#16200);
#13155=AXIS2_PLACEMENT_3D('',#19999,#16202,#16203);
#13156=AXIS2_PLACEMENT_3D('',#20000,#16204,#16205);
#13157=AXIS2_PLACEMENT_3D('',#20006,#16209,#16210);
#13158=AXIS2_PLACEMENT_3D('',#20007,#16211,#16212);
#13159=AXIS2_PLACEMENT_3D('',#20011,#16214,#16215);
#13160=AXIS2_PLACEMENT_3D('',#20012,#16216,#16217);
#13161=AXIS2_PLACEMENT_3D('',#20018,#16221,#16222);
#13162=AXIS2_PLACEMENT_3D('',#20027,#16227,#16228);
#13163=AXIS2_PLACEMENT_3D('',#20028,#16229,#16230);
#13164=AXIS2_PLACEMENT_3D('',#20032,#16232,#16233);
#13165=AXIS2_PLACEMENT_3D('',#20033,#16234,#16235);
#13166=AXIS2_PLACEMENT_3D('',#20039,#16239,#16240);
#13167=AXIS2_PLACEMENT_3D('',#20040,#16241,#16242);
#13168=AXIS2_PLACEMENT_3D('',#20044,#16244,#16245);
#13169=AXIS2_PLACEMENT_3D('',#20045,#16246,#16247);
#13170=AXIS2_PLACEMENT_3D('',#20051,#16251,#16252);
#13171=AXIS2_PLACEMENT_3D('',#20052,#16253,#16254);
#13172=AXIS2_PLACEMENT_3D('',#20056,#16256,#16257);
#13173=AXIS2_PLACEMENT_3D('',#20057,#16258,#16259);
#13174=AXIS2_PLACEMENT_3D('',#20063,#16263,#16264);
#13175=AXIS2_PLACEMENT_3D('',#20072,#16269,#16270);
#13176=AXIS2_PLACEMENT_3D('',#20073,#16271,#16272);
#13177=AXIS2_PLACEMENT_3D('',#20077,#16274,#16275);
#13178=AXIS2_PLACEMENT_3D('',#20078,#16276,#16277);
#13179=AXIS2_PLACEMENT_3D('',#20084,#16281,#16282);
#13180=AXIS2_PLACEMENT_3D('',#20085,#16283,#16284);
#13181=AXIS2_PLACEMENT_3D('',#20089,#16286,#16287);
#13182=AXIS2_PLACEMENT_3D('',#20090,#16288,#16289);
#13183=AXIS2_PLACEMENT_3D('',#20096,#16293,#16294);
#13184=AXIS2_PLACEMENT_3D('',#20097,#16295,#16296);
#13185=AXIS2_PLACEMENT_3D('',#20101,#16298,#16299);
#13186=AXIS2_PLACEMENT_3D('',#20102,#16300,#16301);
#13187=AXIS2_PLACEMENT_3D('',#20108,#16305,#16306);
#13188=AXIS2_PLACEMENT_3D('',#20117,#16311,#16312);
#13189=AXIS2_PLACEMENT_3D('',#20118,#16313,#16314);
#13190=AXIS2_PLACEMENT_3D('',#20122,#16316,#16317);
#13191=AXIS2_PLACEMENT_3D('',#20123,#16318,#16319);
#13192=AXIS2_PLACEMENT_3D('',#20129,#16323,#16324);
#13193=AXIS2_PLACEMENT_3D('',#20130,#16325,#16326);
#13194=AXIS2_PLACEMENT_3D('',#20134,#16328,#16329);
#13195=AXIS2_PLACEMENT_3D('',#20135,#16330,#16331);
#13196=AXIS2_PLACEMENT_3D('',#20141,#16335,#16336);
#13197=AXIS2_PLACEMENT_3D('',#20142,#16337,#16338);
#13198=AXIS2_PLACEMENT_3D('',#20146,#16340,#16341);
#13199=AXIS2_PLACEMENT_3D('',#20147,#16342,#16343);
#13200=AXIS2_PLACEMENT_3D('',#20153,#16347,#16348);
#13201=AXIS2_PLACEMENT_3D('',#20162,#16353,#16354);
#13202=AXIS2_PLACEMENT_3D('',#20163,#16355,#16356);
#13203=AXIS2_PLACEMENT_3D('',#20167,#16358,#16359);
#13204=AXIS2_PLACEMENT_3D('',#20168,#16360,#16361);
#13205=AXIS2_PLACEMENT_3D('',#20174,#16365,#16366);
#13206=AXIS2_PLACEMENT_3D('',#20175,#16367,#16368);
#13207=AXIS2_PLACEMENT_3D('',#20179,#16370,#16371);
#13208=AXIS2_PLACEMENT_3D('',#20180,#16372,#16373);
#13209=AXIS2_PLACEMENT_3D('',#20186,#16377,#16378);
#13210=AXIS2_PLACEMENT_3D('',#20187,#16379,#16380);
#13211=AXIS2_PLACEMENT_3D('',#20191,#16382,#16383);
#13212=AXIS2_PLACEMENT_3D('',#20192,#16384,#16385);
#13213=AXIS2_PLACEMENT_3D('',#20198,#16389,#16390);
#13214=AXIS2_PLACEMENT_3D('',#20207,#16395,#16396);
#13215=AXIS2_PLACEMENT_3D('',#20208,#16397,#16398);
#13216=AXIS2_PLACEMENT_3D('',#20212,#16400,#16401);
#13217=AXIS2_PLACEMENT_3D('',#20213,#16402,#16403);
#13218=AXIS2_PLACEMENT_3D('',#20219,#16407,#16408);
#13219=AXIS2_PLACEMENT_3D('',#20220,#16409,#16410);
#13220=AXIS2_PLACEMENT_3D('',#20224,#16412,#16413);
#13221=AXIS2_PLACEMENT_3D('',#20225,#16414,#16415);
#13222=AXIS2_PLACEMENT_3D('',#20231,#16419,#16420);
#13223=AXIS2_PLACEMENT_3D('',#20232,#16421,#16422);
#13224=AXIS2_PLACEMENT_3D('',#20236,#16424,#16425);
#13225=AXIS2_PLACEMENT_3D('',#20237,#16426,#16427);
#13226=AXIS2_PLACEMENT_3D('',#20243,#16431,#16432);
#13227=AXIS2_PLACEMENT_3D('',#20252,#16437,#16438);
#13228=AXIS2_PLACEMENT_3D('',#20253,#16439,#16440);
#13229=AXIS2_PLACEMENT_3D('',#20257,#16442,#16443);
#13230=AXIS2_PLACEMENT_3D('',#20258,#16444,#16445);
#13231=AXIS2_PLACEMENT_3D('',#20264,#16449,#16450);
#13232=AXIS2_PLACEMENT_3D('',#20265,#16451,#16452);
#13233=AXIS2_PLACEMENT_3D('',#20269,#16454,#16455);
#13234=AXIS2_PLACEMENT_3D('',#20270,#16456,#16457);
#13235=AXIS2_PLACEMENT_3D('',#20276,#16461,#16462);
#13236=AXIS2_PLACEMENT_3D('',#20277,#16463,#16464);
#13237=AXIS2_PLACEMENT_3D('',#20281,#16466,#16467);
#13238=AXIS2_PLACEMENT_3D('',#20282,#16468,#16469);
#13239=AXIS2_PLACEMENT_3D('',#20288,#16473,#16474);
#13240=AXIS2_PLACEMENT_3D('',#20297,#16479,#16480);
#13241=AXIS2_PLACEMENT_3D('',#20298,#16481,#16482);
#13242=AXIS2_PLACEMENT_3D('',#20302,#16484,#16485);
#13243=AXIS2_PLACEMENT_3D('',#20303,#16486,#16487);
#13244=AXIS2_PLACEMENT_3D('',#20309,#16491,#16492);
#13245=AXIS2_PLACEMENT_3D('',#20310,#16493,#16494);
#13246=AXIS2_PLACEMENT_3D('',#20314,#16496,#16497);
#13247=AXIS2_PLACEMENT_3D('',#20315,#16498,#16499);
#13248=AXIS2_PLACEMENT_3D('',#20321,#16503,#16504);
#13249=AXIS2_PLACEMENT_3D('',#20322,#16505,#16506);
#13250=AXIS2_PLACEMENT_3D('',#20326,#16508,#16509);
#13251=AXIS2_PLACEMENT_3D('',#20327,#16510,#16511);
#13252=AXIS2_PLACEMENT_3D('',#20333,#16515,#16516);
#13253=AXIS2_PLACEMENT_3D('',#20342,#16521,#16522);
#13254=AXIS2_PLACEMENT_3D('',#20343,#16523,#16524);
#13255=AXIS2_PLACEMENT_3D('',#20347,#16526,#16527);
#13256=AXIS2_PLACEMENT_3D('',#20348,#16528,#16529);
#13257=AXIS2_PLACEMENT_3D('',#20354,#16533,#16534);
#13258=AXIS2_PLACEMENT_3D('',#20355,#16535,#16536);
#13259=AXIS2_PLACEMENT_3D('',#20359,#16538,#16539);
#13260=AXIS2_PLACEMENT_3D('',#20360,#16540,#16541);
#13261=AXIS2_PLACEMENT_3D('',#20366,#16545,#16546);
#13262=AXIS2_PLACEMENT_3D('',#20367,#16547,#16548);
#13263=AXIS2_PLACEMENT_3D('',#20371,#16550,#16551);
#13264=AXIS2_PLACEMENT_3D('',#20372,#16552,#16553);
#13265=AXIS2_PLACEMENT_3D('',#20378,#16557,#16558);
#13266=AXIS2_PLACEMENT_3D('',#20387,#16563,#16564);
#13267=AXIS2_PLACEMENT_3D('',#20388,#16565,#16566);
#13268=AXIS2_PLACEMENT_3D('',#20392,#16568,#16569);
#13269=AXIS2_PLACEMENT_3D('',#20393,#16570,#16571);
#13270=AXIS2_PLACEMENT_3D('',#20399,#16575,#16576);
#13271=AXIS2_PLACEMENT_3D('',#20400,#16577,#16578);
#13272=AXIS2_PLACEMENT_3D('',#20404,#16580,#16581);
#13273=AXIS2_PLACEMENT_3D('',#20405,#16582,#16583);
#13274=AXIS2_PLACEMENT_3D('',#20411,#16587,#16588);
#13275=AXIS2_PLACEMENT_3D('',#20412,#16589,#16590);
#13276=AXIS2_PLACEMENT_3D('',#20416,#16592,#16593);
#13277=AXIS2_PLACEMENT_3D('',#20417,#16594,#16595);
#13278=AXIS2_PLACEMENT_3D('',#20423,#16599,#16600);
#13279=AXIS2_PLACEMENT_3D('',#20432,#16605,#16606);
#13280=AXIS2_PLACEMENT_3D('',#20433,#16607,#16608);
#13281=AXIS2_PLACEMENT_3D('',#20437,#16610,#16611);
#13282=AXIS2_PLACEMENT_3D('',#20438,#16612,#16613);
#13283=AXIS2_PLACEMENT_3D('',#20444,#16617,#16618);
#13284=AXIS2_PLACEMENT_3D('',#20445,#16619,#16620);
#13285=AXIS2_PLACEMENT_3D('',#20449,#16622,#16623);
#13286=AXIS2_PLACEMENT_3D('',#20450,#16624,#16625);
#13287=AXIS2_PLACEMENT_3D('',#20456,#16629,#16630);
#13288=AXIS2_PLACEMENT_3D('',#20457,#16631,#16632);
#13289=AXIS2_PLACEMENT_3D('',#20461,#16634,#16635);
#13290=AXIS2_PLACEMENT_3D('',#20462,#16636,#16637);
#13291=AXIS2_PLACEMENT_3D('',#20468,#16641,#16642);
#13292=AXIS2_PLACEMENT_3D('',#20477,#16647,#16648);
#13293=AXIS2_PLACEMENT_3D('',#20486,#16653,#16654);
#13294=AXIS2_PLACEMENT_3D('',#20495,#16659,#16660);
#13295=AXIS2_PLACEMENT_3D('',#20496,#16661,#16662);
#13296=AXIS2_PLACEMENT_3D('',#20497,#16663,#16664);
#13297=AXIS2_PLACEMENT_3D('',#20498,#16665,#16666);
#13298=AXIS2_PLACEMENT_3D('',#20499,#16667,#16668);
#13299=AXIS2_PLACEMENT_3D('',#20500,#16669,#16670);
#13300=AXIS2_PLACEMENT_3D('',#20501,#16671,#16672);
#13301=AXIS2_PLACEMENT_3D('',#20502,#16673,#16674);
#13302=AXIS2_PLACEMENT_3D('',#20503,#16675,#16676);
#13303=AXIS2_PLACEMENT_3D('',#20504,#16677,#16678);
#13304=AXIS2_PLACEMENT_3D('',#20505,#16679,#16680);
#13305=AXIS2_PLACEMENT_3D('',#20506,#16681,#16682);
#13306=AXIS2_PLACEMENT_3D('',#20507,#16683,#16684);
#13307=AXIS2_PLACEMENT_3D('',#20508,#16685,#16686);
#13308=AXIS2_PLACEMENT_3D('',#20509,#16687,#16688);
#13309=AXIS2_PLACEMENT_3D('',#20510,#16689,#16690);
#13310=AXIS2_PLACEMENT_3D('',#20511,#16691,#16692);
#13311=AXIS2_PLACEMENT_3D('',#20512,#16693,#16694);
#13312=AXIS2_PLACEMENT_3D('',#20513,#16695,#16696);
#13313=AXIS2_PLACEMENT_3D('',#20514,#16697,#16698);
#13314=AXIS2_PLACEMENT_3D('',#20515,#16699,#16700);
#13315=AXIS2_PLACEMENT_3D('',#20516,#16701,#16702);
#13316=AXIS2_PLACEMENT_3D('',#20517,#16703,#16704);
#13317=AXIS2_PLACEMENT_3D('',#20518,#16705,#16706);
#13318=AXIS2_PLACEMENT_3D('',#20519,#16707,#16708);
#13319=AXIS2_PLACEMENT_3D('',#20520,#16709,#16710);
#13320=AXIS2_PLACEMENT_3D('',#20521,#16711,#16712);
#13321=AXIS2_PLACEMENT_3D('',#20522,#16713,#16714);
#13322=AXIS2_PLACEMENT_3D('',#20523,#16715,#16716);
#13323=AXIS2_PLACEMENT_3D('',#20524,#16717,#16718);
#13324=AXIS2_PLACEMENT_3D('',#20525,#16719,#16720);
#13325=AXIS2_PLACEMENT_3D('',#20526,#16721,#16722);
#13326=AXIS2_PLACEMENT_3D('',#20527,#16723,#16724);
#13327=AXIS2_PLACEMENT_3D('',#20528,#16725,#16726);
#13328=AXIS2_PLACEMENT_3D('',#20529,#16727,#16728);
#13329=AXIS2_PLACEMENT_3D('',#20530,#16729,#16730);
#13330=AXIS2_PLACEMENT_3D('',#20531,#16731,#16732);
#13331=AXIS2_PLACEMENT_3D('',#20532,#16733,#16734);
#13332=AXIS2_PLACEMENT_3D('',#20533,#16735,#16736);
#13333=AXIS2_PLACEMENT_3D('',#20534,#16737,#16738);
#13334=AXIS2_PLACEMENT_3D('',#20535,#16739,#16740);
#13335=AXIS2_PLACEMENT_3D('',#20536,#16741,#16742);
#13336=AXIS2_PLACEMENT_3D('',#20537,#16743,#16744);
#13337=AXIS2_PLACEMENT_3D('',#20538,#16745,#16746);
#13338=AXIS2_PLACEMENT_3D('',#20539,#16747,#16748);
#13339=AXIS2_PLACEMENT_3D('',#20540,#16749,#16750);
#13340=AXIS2_PLACEMENT_3D('',#20541,#16751,#16752);
#13341=AXIS2_PLACEMENT_3D('',#20542,#16753,#16754);
#13342=AXIS2_PLACEMENT_3D('',#20543,#16755,#16756);
#13343=AXIS2_PLACEMENT_3D('',#20544,#16757,#16758);
#13344=AXIS2_PLACEMENT_3D('',#20545,#16759,#16760);
#13345=AXIS2_PLACEMENT_3D('',#20546,#16761,#16762);
#13346=AXIS2_PLACEMENT_3D('',#20547,#16763,#16764);
#13347=AXIS2_PLACEMENT_3D('',#20548,#16765,#16766);
#13348=AXIS2_PLACEMENT_3D('',#20549,#16767,#16768);
#13349=AXIS2_PLACEMENT_3D('',#20550,#16769,#16770);
#13350=AXIS2_PLACEMENT_3D('',#20551,#16771,#16772);
#13351=AXIS2_PLACEMENT_3D('',#20552,#16773,#16774);
#13352=AXIS2_PLACEMENT_3D('',#20553,#16775,#16776);
#13353=AXIS2_PLACEMENT_3D('',#20554,#16777,#16778);
#13354=AXIS2_PLACEMENT_3D('',#20555,#16779,#16780);
#13355=AXIS2_PLACEMENT_3D('',#20556,#16781,#16782);
#13356=AXIS2_PLACEMENT_3D('',#20557,#16783,#16784);
#13357=AXIS2_PLACEMENT_3D('',#20558,#16785,#16786);
#13358=AXIS2_PLACEMENT_3D('',#20559,#16787,#16788);
#13359=AXIS2_PLACEMENT_3D('',#20560,#16789,#16790);
#13360=AXIS2_PLACEMENT_3D('',#20561,#16791,#16792);
#13361=AXIS2_PLACEMENT_3D('',#20562,#16793,#16794);
#13362=AXIS2_PLACEMENT_3D('',#20563,#16795,#16796);
#13363=AXIS2_PLACEMENT_3D('',#20564,#16797,#16798);
#13364=AXIS2_PLACEMENT_3D('',#20565,#16799,#16800);
#13365=AXIS2_PLACEMENT_3D('',#20566,#16801,#16802);
#13366=AXIS2_PLACEMENT_3D('',#20567,#16803,#16804);
#13367=AXIS2_PLACEMENT_3D('',#20568,#16805,#16806);
#13368=AXIS2_PLACEMENT_3D('',#20569,#16807,#16808);
#13369=AXIS2_PLACEMENT_3D('',#20570,#16809,#16810);
#13370=AXIS2_PLACEMENT_3D('',#20571,#16811,#16812);
#13371=AXIS2_PLACEMENT_3D('',#20572,#16813,#16814);
#13372=AXIS2_PLACEMENT_3D('',#20573,#16815,#16816);
#13373=AXIS2_PLACEMENT_3D('',#20574,#16817,#16818);
#13374=AXIS2_PLACEMENT_3D('',#20575,#16819,#16820);
#13375=AXIS2_PLACEMENT_3D('',#20576,#16821,#16822);
#13376=AXIS2_PLACEMENT_3D('',#20577,#16823,#16824);
#13377=AXIS2_PLACEMENT_3D('',#20578,#16825,#16826);
#13378=AXIS2_PLACEMENT_3D('',#20579,#16827,#16828);
#13379=AXIS2_PLACEMENT_3D('',#20580,#16829,#16830);
#13380=AXIS2_PLACEMENT_3D('',#20581,#16831,#16832);
#13381=AXIS2_PLACEMENT_3D('',#20582,#16833,#16834);
#13382=AXIS2_PLACEMENT_3D('',#20583,#16835,#16836);
#13383=AXIS2_PLACEMENT_3D('',#20584,#16837,#16838);
#13384=AXIS2_PLACEMENT_3D('',#20585,#16839,#16840);
#13385=AXIS2_PLACEMENT_3D('',#20586,#16841,#16842);
#13386=AXIS2_PLACEMENT_3D('',#20587,#16843,#16844);
#13387=AXIS2_PLACEMENT_3D('',#20588,#16845,#16846);
#13388=AXIS2_PLACEMENT_3D('',#20589,#16847,#16848);
#13389=AXIS2_PLACEMENT_3D('',#20590,#16849,#16850);
#13390=AXIS2_PLACEMENT_3D('',#20591,#16851,#16852);
#13391=AXIS2_PLACEMENT_3D('',#20592,#16853,#16854);
#13392=AXIS2_PLACEMENT_3D('',#20593,#16855,#16856);
#13393=AXIS2_PLACEMENT_3D('',#20594,#16857,#16858);
#13394=AXIS2_PLACEMENT_3D('',#20595,#16859,#16860);
#13395=AXIS2_PLACEMENT_3D('',#20596,#16861,#16862);
#13396=AXIS2_PLACEMENT_3D('',#20597,#16863,#16864);
#13397=AXIS2_PLACEMENT_3D('',#20598,#16865,#16866);
#13398=AXIS2_PLACEMENT_3D('',#20599,#16867,#16868);
#13399=AXIS2_PLACEMENT_3D('',#20600,#16869,#16870);
#13400=AXIS2_PLACEMENT_3D('',#20601,#16871,#16872);
#13401=AXIS2_PLACEMENT_3D('',#20602,#16873,#16874);
#13402=AXIS2_PLACEMENT_3D('',#20603,#16875,#16876);
#13403=AXIS2_PLACEMENT_3D('',#20604,#16877,#16878);
#13404=AXIS2_PLACEMENT_3D('',#20605,#16879,#16880);
#13405=AXIS2_PLACEMENT_3D('',#20606,#16881,#16882);
#13406=AXIS2_PLACEMENT_3D('',#20607,#16883,#16884);
#13407=AXIS2_PLACEMENT_3D('',#20608,#16885,#16886);
#13408=AXIS2_PLACEMENT_3D('',#20609,#16887,#16888);
#13409=AXIS2_PLACEMENT_3D('',#20610,#16889,#16890);
#13410=AXIS2_PLACEMENT_3D('',#20611,#16891,#16892);
#13411=AXIS2_PLACEMENT_3D('',#20612,#16893,#16894);
#13412=AXIS2_PLACEMENT_3D('',#20613,#16895,#16896);
#13413=AXIS2_PLACEMENT_3D('',#20614,#16897,#16898);
#13414=AXIS2_PLACEMENT_3D('',#20615,#16899,#16900);
#13415=AXIS2_PLACEMENT_3D('',#20616,#16901,#16902);
#13416=AXIS2_PLACEMENT_3D('',#20617,#16903,#16904);
#13417=AXIS2_PLACEMENT_3D('',#20618,#16905,#16906);
#13418=AXIS2_PLACEMENT_3D('',#20619,#16907,#16908);
#13419=AXIS2_PLACEMENT_3D('',#20620,#16909,#16910);
#13420=AXIS2_PLACEMENT_3D('',#20621,#16911,#16912);
#13421=AXIS2_PLACEMENT_3D('',#20622,#16913,#16914);
#13422=AXIS2_PLACEMENT_3D('',#20623,#16915,#16916);
#13423=AXIS2_PLACEMENT_3D('',#20624,#16917,#16918);
#13424=AXIS2_PLACEMENT_3D('',#20625,#16919,#16920);
#13425=AXIS2_PLACEMENT_3D('',#20626,#16921,#16922);
#13426=AXIS2_PLACEMENT_3D('',#20627,#16923,#16924);
#13427=AXIS2_PLACEMENT_3D('',#20628,#16925,#16926);
#13428=AXIS2_PLACEMENT_3D('',#20629,#16927,#16928);
#13429=AXIS2_PLACEMENT_3D('',#20630,#16929,#16930);
#13430=AXIS2_PLACEMENT_3D('',#20631,#16931,#16932);
#13431=AXIS2_PLACEMENT_3D('',#20632,#16933,#16934);
#13432=AXIS2_PLACEMENT_3D('',#20633,#16935,#16936);
#13433=AXIS2_PLACEMENT_3D('',#20634,#16937,#16938);
#13434=AXIS2_PLACEMENT_3D('',#20635,#16939,#16940);
#13435=AXIS2_PLACEMENT_3D('',#20636,#16941,#16942);
#13436=AXIS2_PLACEMENT_3D('',#20637,#16943,#16944);
#13437=AXIS2_PLACEMENT_3D('',#20638,#16945,#16946);
#13438=AXIS2_PLACEMENT_3D('',#20639,#16947,#16948);
#13439=AXIS2_PLACEMENT_3D('',#20640,#16949,#16950);
#13440=AXIS2_PLACEMENT_3D('',#20641,#16951,#16952);
#13441=AXIS2_PLACEMENT_3D('',#20642,#16953,#16954);
#13442=AXIS2_PLACEMENT_3D('',#20643,#16955,#16956);
#13443=AXIS2_PLACEMENT_3D('',#20644,#16957,#16958);
#13444=AXIS2_PLACEMENT_3D('',#20645,#16959,#16960);
#13445=AXIS2_PLACEMENT_3D('',#20646,#16961,#16962);
#13446=AXIS2_PLACEMENT_3D('',#20647,#16963,#16964);
#13447=AXIS2_PLACEMENT_3D('',#20648,#16965,#16966);
#13448=AXIS2_PLACEMENT_3D('',#20649,#16967,#16968);
#13449=AXIS2_PLACEMENT_3D('',#20650,#16969,#16970);
#13450=AXIS2_PLACEMENT_3D('',#20651,#16971,#16972);
#13451=AXIS2_PLACEMENT_3D('',#20652,#16973,#16974);
#13452=AXIS2_PLACEMENT_3D('',#20653,#16975,#16976);
#13453=AXIS2_PLACEMENT_3D('',#20654,#16977,#16978);
#13454=AXIS2_PLACEMENT_3D('',#20655,#16979,#16980);
#13455=AXIS2_PLACEMENT_3D('',#20656,#16981,#16982);
#13456=AXIS2_PLACEMENT_3D('',#20657,#16983,#16984);
#13457=AXIS2_PLACEMENT_3D('',#20658,#16985,#16986);
#13458=AXIS2_PLACEMENT_3D('',#20659,#16987,#16988);
#13459=AXIS2_PLACEMENT_3D('',#20660,#16989,#16990);
#13460=AXIS2_PLACEMENT_3D('',#20661,#16991,#16992);
#13461=AXIS2_PLACEMENT_3D('',#20662,#16993,#16994);
#13462=AXIS2_PLACEMENT_3D('',#20663,#16995,#16996);
#13463=AXIS2_PLACEMENT_3D('',#20664,#16997,#16998);
#13464=AXIS2_PLACEMENT_3D('',#20665,#16999,#17000);
#13465=AXIS2_PLACEMENT_3D('',#20666,#17001,#17002);
#13466=AXIS2_PLACEMENT_3D('',#20667,#17003,#17004);
#13467=AXIS2_PLACEMENT_3D('',#20668,#17005,#17006);
#13468=AXIS2_PLACEMENT_3D('',#20669,#17007,#17008);
#13469=AXIS2_PLACEMENT_3D('',#20670,#17009,#17010);
#13470=AXIS2_PLACEMENT_3D('',#20671,#17011,#17012);
#13471=AXIS2_PLACEMENT_3D('',#20672,#17013,#17014);
#13472=AXIS2_PLACEMENT_3D('',#20673,#17015,#17016);
#13473=AXIS2_PLACEMENT_3D('',#20674,#17017,#17018);
#13474=AXIS2_PLACEMENT_3D('',#20675,#17019,#17020);
#13475=AXIS2_PLACEMENT_3D('',#20676,#17021,#17022);
#13476=AXIS2_PLACEMENT_3D('',#20677,#17023,#17024);
#13477=AXIS2_PLACEMENT_3D('',#20678,#17025,#17026);
#13478=AXIS2_PLACEMENT_3D('',#20679,#17027,#17028);
#13479=AXIS2_PLACEMENT_3D('',#20680,#17029,#17030);
#13480=AXIS2_PLACEMENT_3D('',#20681,#17031,#17032);
#13481=AXIS2_PLACEMENT_3D('',#20682,#17033,#17034);
#13482=AXIS2_PLACEMENT_3D('',#20683,#17035,#17036);
#13483=AXIS2_PLACEMENT_3D('',#20684,#17037,#17038);
#13484=AXIS2_PLACEMENT_3D('',#20685,#17039,#17040);
#13485=AXIS2_PLACEMENT_3D('',#20686,#17041,#17042);
#13486=AXIS2_PLACEMENT_3D('',#20687,#17043,#17044);
#13487=AXIS2_PLACEMENT_3D('',#20688,#17045,#17046);
#13488=AXIS2_PLACEMENT_3D('',#20689,#17047,#17048);
#13489=AXIS2_PLACEMENT_3D('',#20690,#17049,#17050);
#13490=AXIS2_PLACEMENT_3D('',#20691,#17051,#17052);
#13491=AXIS2_PLACEMENT_3D('',#20692,#17053,#17054);
#13492=AXIS2_PLACEMENT_3D('',#20693,#17055,#17056);
#13493=AXIS2_PLACEMENT_3D('',#20694,#17057,#17058);
#13494=AXIS2_PLACEMENT_3D('',#20695,#17059,#17060);
#13495=AXIS2_PLACEMENT_3D('',#20696,#17061,#17062);
#13496=AXIS2_PLACEMENT_3D('',#20697,#17063,#17064);
#13497=AXIS2_PLACEMENT_3D('',#20698,#17065,#17066);
#13498=AXIS2_PLACEMENT_3D('',#20699,#17067,#17068);
#13499=AXIS2_PLACEMENT_3D('',#20700,#17069,#17070);
#13500=AXIS2_PLACEMENT_3D('',#20701,#17071,#17072);
#13501=AXIS2_PLACEMENT_3D('',#20702,#17073,#17074);
#13502=AXIS2_PLACEMENT_3D('',#20703,#17075,#17076);
#13503=AXIS2_PLACEMENT_3D('',#20704,#17077,#17078);
#13504=AXIS2_PLACEMENT_3D('',#20705,#17079,#17080);
#13505=AXIS2_PLACEMENT_3D('',#20706,#17081,#17082);
#13506=AXIS2_PLACEMENT_3D('',#20707,#17083,#17084);
#13507=AXIS2_PLACEMENT_3D('',#20708,#17085,#17086);
#13508=AXIS2_PLACEMENT_3D('',#20709,#17087,#17088);
#13509=AXIS2_PLACEMENT_3D('',#20710,#17089,#17090);
#13510=AXIS2_PLACEMENT_3D('',#20711,#17091,#17092);
#13511=AXIS2_PLACEMENT_3D('',#20712,#17093,#17094);
#13512=AXIS2_PLACEMENT_3D('',#20713,#17095,#17096);
#13513=AXIS2_PLACEMENT_3D('',#20714,#17097,#17098);
#13514=AXIS2_PLACEMENT_3D('',#20723,#17103,#17104);
#13515=AXIS2_PLACEMENT_3D('',#20724,#17105,#17106);
#13516=AXIS2_PLACEMENT_3D('',#20725,#17107,#17108);
#13517=AXIS2_PLACEMENT_3D('',#20726,#17109,#17110);
#13518=AXIS2_PLACEMENT_3D('',#20727,#17111,#17112);
#13519=AXIS2_PLACEMENT_3D('',#20728,#17113,#17114);
#13520=AXIS2_PLACEMENT_3D('',#20729,#17115,#17116);
#13521=AXIS2_PLACEMENT_3D('',#20730,#17117,#17118);
#13522=AXIS2_PLACEMENT_3D('',#20731,#17119,#17120);
#13523=AXIS2_PLACEMENT_3D('',#20732,#17121,#17122);
#13524=AXIS2_PLACEMENT_3D('',#20733,#17123,#17124);
#13525=AXIS2_PLACEMENT_3D('',#20734,#17125,#17126);
#13526=AXIS2_PLACEMENT_3D('',#20735,#17127,#17128);
#13527=AXIS2_PLACEMENT_3D('',#20736,#17129,#17130);
#13528=AXIS2_PLACEMENT_3D('',#20737,#17131,#17132);
#13529=AXIS2_PLACEMENT_3D('',#20738,#17133,#17134);
#13530=AXIS2_PLACEMENT_3D('',#20739,#17135,#17136);
#13531=DIRECTION('',(0.,0.,1.));
#13532=DIRECTION('',(1.,0.,0.));
#13533=DIRECTION('',(1.,0.,0.));
#13534=DIRECTION('',(0.,0.,-1.));
#13535=DIRECTION('',(0.,1.,0.));
#13536=DIRECTION('',(0.,0.,1.));
#13537=DIRECTION('',(0.,1.,0.));
#13538=DIRECTION('',(0.,0.,1.));
#13539=DIRECTION('',(0.,0.,1.));
#13540=DIRECTION('',(1.,0.,0.));
#13541=DIRECTION('',(0.,0.,1.));
#13542=DIRECTION('',(1.,0.,0.));
#13543=DIRECTION('',(0.,0.,1.));
#13544=DIRECTION('',(0.,0.,1.));
#13545=DIRECTION('',(1.,0.,0.));
#13546=DIRECTION('',(0.,1.,0.));
#13547=DIRECTION('',(0.,0.,1.));
#13548=DIRECTION('',(-1.,0.,0.));
#13549=DIRECTION('',(0.,0.,1.));
#13550=DIRECTION('',(-1.,0.,0.));
#13551=DIRECTION('',(0.,0.,1.));
#13552=DIRECTION('',(1.,0.,0.));
#13553=DIRECTION('',(0.,0.,1.));
#13554=DIRECTION('',(1.,0.,0.));
#13555=DIRECTION('',(0.,0.,1.));
#13556=DIRECTION('',(0.,0.,1.));
#13557=DIRECTION('',(1.,0.,0.));
#13558=DIRECTION('',(1.,0.,0.));
#13559=DIRECTION('',(0.,0.,-1.));
#13560=DIRECTION('',(0.,1.,0.));
#13561=DIRECTION('',(0.,0.,1.));
#13562=DIRECTION('',(0.,1.,0.));
#13563=DIRECTION('',(0.,0.,1.));
#13564=DIRECTION('',(1.,0.,0.));
#13565=DIRECTION('',(0.,0.,1.));
#13566=DIRECTION('',(1.,0.,0.));
#13567=DIRECTION('',(0.,0.,1.));
#13568=DIRECTION('',(0.,0.,1.));
#13569=DIRECTION('',(1.,0.,0.));
#13570=DIRECTION('',(0.,1.,0.));
#13571=DIRECTION('',(0.,0.,1.));
#13572=DIRECTION('',(-1.,0.,0.));
#13573=DIRECTION('',(0.,0.,1.));
#13574=DIRECTION('',(-1.,0.,0.));
#13575=DIRECTION('',(0.,1.,0.));
#13576=DIRECTION('',(0.,0.,1.));
#13577=DIRECTION('',(-1.,0.,0.));
#13578=DIRECTION('',(0.,0.,1.));
#13579=DIRECTION('',(-1.,0.,0.));
#13580=DIRECTION('',(0.,0.,1.));
#13581=DIRECTION('',(0.,0.,1.));
#13582=DIRECTION('',(1.,0.,0.));
#13583=DIRECTION('',(0.,0.,1.));
#13584=DIRECTION('',(1.,0.,0.));
#13585=DIRECTION('',(0.,0.,1.));
#13586=DIRECTION('',(0.,0.,1.));
#13587=DIRECTION('',(1.,0.,0.));
#13588=DIRECTION('',(1.,0.,0.));
#13589=DIRECTION('',(0.,0.,-1.));
#13590=DIRECTION('',(0.,1.,0.));
#13591=DIRECTION('',(0.,0.,1.));
#13592=DIRECTION('',(0.,1.,0.));
#13593=DIRECTION('',(0.,0.,1.));
#13594=DIRECTION('',(1.,0.,0.));
#13595=DIRECTION('',(0.,0.,1.));
#13596=DIRECTION('',(1.,0.,0.));
#13597=DIRECTION('',(0.,0.,1.));
#13598=DIRECTION('',(0.,0.,1.));
#13599=DIRECTION('',(1.,0.,0.));
#13600=DIRECTION('',(0.,1.,0.));
#13601=DIRECTION('',(0.,0.,1.));
#13602=DIRECTION('',(-1.,0.,0.));
#13603=DIRECTION('',(0.,0.,1.));
#13604=DIRECTION('',(-1.,0.,0.));
#13605=DIRECTION('',(0.,0.,1.));
#13606=DIRECTION('',(1.,0.,0.));
#13607=DIRECTION('',(0.,0.,1.));
#13608=DIRECTION('',(1.,0.,0.));
#13609=DIRECTION('',(0.,0.,1.));
#13610=DIRECTION('',(0.,0.,1.));
#13611=DIRECTION('',(1.,0.,0.));
#13612=DIRECTION('',(1.,5.59588218057035E-17,0.));
#13613=DIRECTION('',(-5.59588218057035E-17,1.,0.));
#13614=DIRECTION('',(-5.59588218057035E-17,1.,0.));
#13615=DIRECTION('',(0.,0.,1.));
#13616=DIRECTION('',(-5.59588218057035E-17,1.,0.));
#13617=DIRECTION('',(1.,0.,0.));
#13618=DIRECTION('',(0.,0.,-1.));
#13619=DIRECTION('',(0.,1.,0.));
#13620=DIRECTION('',(0.,0.,1.));
#13621=DIRECTION('',(0.,1.,0.));
#13622=DIRECTION('',(0.,0.,1.));
#13623=DIRECTION('',(0.,0.,1.));
#13624=DIRECTION('',(1.,0.,0.));
#13625=DIRECTION('',(0.,0.,1.));
#13626=DIRECTION('',(1.,0.,0.));
#13627=DIRECTION('',(0.,0.,1.));
#13628=DIRECTION('',(0.,0.,1.));
#13629=DIRECTION('',(1.,0.,0.));
#13630=DIRECTION('',(0.,1.,0.));
#13631=DIRECTION('',(0.,0.,1.));
#13632=DIRECTION('',(-1.,0.,0.));
#13633=DIRECTION('',(0.,0.,1.));
#13634=DIRECTION('',(-1.,0.,0.));
#13635=DIRECTION('',(0.,0.,1.));
#13636=DIRECTION('',(1.,0.,0.));
#13637=DIRECTION('',(0.,0.,1.));
#13638=DIRECTION('',(1.,0.,0.));
#13639=DIRECTION('',(0.,0.,1.));
#13640=DIRECTION('',(0.,0.,1.));
#13641=DIRECTION('',(1.,0.,0.));
#13642=DIRECTION('',(1.,0.,0.));
#13643=DIRECTION('',(0.,0.,-1.));
#13644=DIRECTION('',(0.,1.,0.));
#13645=DIRECTION('',(0.,0.,1.));
#13646=DIRECTION('',(0.,1.,0.));
#13647=DIRECTION('',(0.,0.,1.));
#13648=DIRECTION('',(1.,0.,0.));
#13649=DIRECTION('',(0.,0.,1.));
#13650=DIRECTION('',(1.,0.,0.));
#13651=DIRECTION('',(0.,0.,1.));
#13652=DIRECTION('',(0.,0.,1.));
#13653=DIRECTION('',(1.,0.,0.));
#13654=DIRECTION('',(0.,1.,0.));
#13655=DIRECTION('',(0.,0.,1.));
#13656=DIRECTION('',(-1.,0.,0.));
#13657=DIRECTION('',(0.,0.,1.));
#13658=DIRECTION('',(-1.,0.,0.));
#13659=DIRECTION('',(0.,1.,0.));
#13660=DIRECTION('',(0.,0.,1.));
#13661=DIRECTION('',(-1.,0.,0.));
#13662=DIRECTION('',(0.,0.,1.));
#13663=DIRECTION('',(-1.,0.,0.));
#13664=DIRECTION('',(0.,0.,1.));
#13665=DIRECTION('',(0.,0.,1.));
#13666=DIRECTION('',(1.,0.,0.));
#13667=DIRECTION('',(0.,0.,1.));
#13668=DIRECTION('',(1.,0.,0.));
#13669=DIRECTION('',(0.,0.,1.));
#13670=DIRECTION('',(0.,0.,1.));
#13671=DIRECTION('',(1.,0.,0.));
#13672=DIRECTION('',(1.,0.,0.));
#13673=DIRECTION('',(0.,0.,-1.));
#13674=DIRECTION('',(0.,1.,0.));
#13675=DIRECTION('',(0.,0.,1.));
#13676=DIRECTION('',(0.,1.,0.));
#13677=DIRECTION('',(0.,0.,1.));
#13678=DIRECTION('',(1.,0.,0.));
#13679=DIRECTION('',(0.,0.,1.));
#13680=DIRECTION('',(1.,0.,0.));
#13681=DIRECTION('',(0.,0.,1.));
#13682=DIRECTION('',(0.,0.,1.));
#13683=DIRECTION('',(1.,0.,0.));
#13684=DIRECTION('',(0.,1.,0.));
#13685=DIRECTION('',(0.,0.,1.));
#13686=DIRECTION('',(-1.,0.,0.));
#13687=DIRECTION('',(0.,0.,1.));
#13688=DIRECTION('',(-1.,0.,0.));
#13689=DIRECTION('',(0.,0.,1.));
#13690=DIRECTION('',(1.,0.,0.));
#13691=DIRECTION('',(0.,0.,1.));
#13692=DIRECTION('',(1.,0.,0.));
#13693=DIRECTION('',(0.,0.,1.));
#13694=DIRECTION('',(0.,0.,1.));
#13695=DIRECTION('',(1.,0.,0.));
#13696=DIRECTION('',(1.,0.,0.));
#13697=DIRECTION('',(0.,0.,-1.));
#13698=DIRECTION('',(0.,1.,0.));
#13699=DIRECTION('',(0.,0.,1.));
#13700=DIRECTION('',(0.,1.,0.));
#13701=DIRECTION('',(0.,1.,0.));
#13702=DIRECTION('',(0.,0.,1.));
#13703=DIRECTION('',(-1.,0.,0.));
#13704=DIRECTION('',(0.,0.,1.));
#13705=DIRECTION('',(-1.,0.,0.));
#13706=DIRECTION('',(0.,0.,1.));
#13707=DIRECTION('',(0.,0.,1.));
#13708=DIRECTION('',(1.,0.,0.));
#13709=DIRECTION('',(0.,0.,1.));
#13710=DIRECTION('',(1.,0.,0.));
#13711=DIRECTION('',(0.,0.,1.));
#13712=DIRECTION('',(0.,0.,1.));
#13713=DIRECTION('',(1.,0.,0.));
#13714=DIRECTION('',(1.,0.,0.));
#13715=DIRECTION('',(0.,0.,-1.));
#13716=DIRECTION('',(0.,1.,0.));
#13717=DIRECTION('',(0.,0.,1.));
#13718=DIRECTION('',(0.,1.,0.));
#13719=DIRECTION('',(0.,0.,1.));
#13720=DIRECTION('',(1.,0.,0.));
#13721=DIRECTION('',(0.,0.,1.));
#13722=DIRECTION('',(1.,0.,0.));
#13723=DIRECTION('',(0.,0.,1.));
#13724=DIRECTION('',(0.,0.,1.));
#13725=DIRECTION('',(1.,0.,0.));
#13726=DIRECTION('',(0.,1.,0.));
#13727=DIRECTION('',(0.,0.,1.));
#13728=DIRECTION('',(-1.,0.,0.));
#13729=DIRECTION('',(0.,0.,1.));
#13730=DIRECTION('',(-1.,0.,0.));
#13731=DIRECTION('',(0.,0.,1.));
#13732=DIRECTION('',(1.,0.,0.));
#13733=DIRECTION('',(0.,0.,1.));
#13734=DIRECTION('',(1.,0.,0.));
#13735=DIRECTION('',(0.,0.,1.));
#13736=DIRECTION('',(0.,0.,1.));
#13737=DIRECTION('',(1.,0.,0.));
#13738=DIRECTION('',(1.,0.,0.));
#13739=DIRECTION('',(0.,0.,-1.));
#13740=DIRECTION('',(0.,1.,0.));
#13741=DIRECTION('',(0.,0.,1.));
#13742=DIRECTION('',(0.,1.,0.));
#13743=DIRECTION('',(1.,0.,0.));
#13744=DIRECTION('',(0.,0.,-1.));
#13745=DIRECTION('',(0.,1.,0.));
#13746=DIRECTION('',(0.,0.,1.));
#13747=DIRECTION('',(0.,1.,0.));
#13748=DIRECTION('',(0.,0.,1.));
#13749=DIRECTION('',(0.,0.,1.));
#13750=DIRECTION('',(1.,0.,0.));
#13751=DIRECTION('',(0.,0.,1.));
#13752=DIRECTION('',(1.,0.,0.));
#13753=DIRECTION('',(0.,0.,1.));
#13754=DIRECTION('',(0.,0.,1.));
#13755=DIRECTION('',(1.,0.,0.));
#13756=DIRECTION('',(0.,1.,0.));
#13757=DIRECTION('',(0.,0.,1.));
#13758=DIRECTION('',(-1.,0.,0.));
#13759=DIRECTION('',(0.,0.,1.));
#13760=DIRECTION('',(-1.,0.,0.));
#13761=DIRECTION('',(0.,0.,1.));
#13762=DIRECTION('',(1.,0.,0.));
#13763=DIRECTION('',(0.,0.,1.));
#13764=DIRECTION('',(1.,0.,0.));
#13765=DIRECTION('',(0.,0.,1.));
#13766=DIRECTION('',(0.,0.,1.));
#13767=DIRECTION('',(1.,0.,0.));
#13768=DIRECTION('',(1.,0.,0.));
#13769=DIRECTION('',(0.,0.,-1.));
#13770=DIRECTION('',(0.,1.,0.));
#13771=DIRECTION('',(0.,0.,1.));
#13772=DIRECTION('',(0.,1.,0.));
#13773=DIRECTION('',(0.,0.,1.));
#13774=DIRECTION('',(1.,0.,0.));
#13775=DIRECTION('',(0.,0.,1.));
#13776=DIRECTION('',(1.,0.,0.));
#13777=DIRECTION('',(0.,0.,1.));
#13778=DIRECTION('',(0.,0.,1.));
#13779=DIRECTION('',(1.,0.,0.));
#13780=DIRECTION('',(0.,1.,0.));
#13781=DIRECTION('',(0.,0.,1.));
#13782=DIRECTION('',(-1.,0.,0.));
#13783=DIRECTION('',(0.,0.,1.));
#13784=DIRECTION('',(-1.,0.,0.));
#13785=DIRECTION('',(0.,1.,0.));
#13786=DIRECTION('',(0.,0.,1.));
#13787=DIRECTION('',(-1.,0.,0.));
#13788=DIRECTION('',(0.,0.,1.));
#13789=DIRECTION('',(-1.,0.,0.));
#13790=DIRECTION('',(0.,0.,1.));
#13791=DIRECTION('',(0.,0.,1.));
#13792=DIRECTION('',(1.,0.,0.));
#13793=DIRECTION('',(0.,0.,1.));
#13794=DIRECTION('',(1.,0.,0.));
#13795=DIRECTION('',(0.,0.,1.));
#13796=DIRECTION('',(0.,0.,1.));
#13797=DIRECTION('',(1.,0.,0.));
#13798=DIRECTION('',(1.,0.,0.));
#13799=DIRECTION('',(0.,0.,-1.));
#13800=DIRECTION('',(0.,1.,0.));
#13801=DIRECTION('',(0.,0.,1.));
#13802=DIRECTION('',(0.,1.,0.));
#13803=DIRECTION('',(0.,0.,1.));
#13804=DIRECTION('',(1.,0.,0.));
#13805=DIRECTION('',(0.,0.,1.));
#13806=DIRECTION('',(1.,0.,0.));
#13807=DIRECTION('',(0.,0.,1.));
#13808=DIRECTION('',(0.,0.,1.));
#13809=DIRECTION('',(1.,0.,0.));
#13810=DIRECTION('',(0.,1.,0.));
#13811=DIRECTION('',(0.,0.,1.));
#13812=DIRECTION('',(-1.,0.,0.));
#13813=DIRECTION('',(0.,0.,1.));
#13814=DIRECTION('',(-1.,0.,0.));
#13815=DIRECTION('',(0.,0.,1.));
#13816=DIRECTION('',(1.,0.,0.));
#13817=DIRECTION('',(0.,0.,1.));
#13818=DIRECTION('',(1.,0.,0.));
#13819=DIRECTION('',(0.,0.,1.));
#13820=DIRECTION('',(0.,0.,1.));
#13821=DIRECTION('',(1.,0.,0.));
#13822=DIRECTION('',(1.,0.,0.));
#13823=DIRECTION('',(0.,0.,-1.));
#13824=DIRECTION('',(0.,1.,0.));
#13825=DIRECTION('',(0.,0.,1.));
#13826=DIRECTION('',(0.,1.,0.));
#13827=DIRECTION('',(1.,0.,0.));
#13828=DIRECTION('',(0.,0.,-1.));
#13829=DIRECTION('',(0.,1.,0.));
#13830=DIRECTION('',(0.,0.,1.));
#13831=DIRECTION('',(0.,1.,0.));
#13832=DIRECTION('',(0.,0.,1.));
#13833=DIRECTION('',(0.,0.,1.));
#13834=DIRECTION('',(1.,0.,0.));
#13835=DIRECTION('',(0.,0.,1.));
#13836=DIRECTION('',(1.,0.,0.));
#13837=DIRECTION('',(0.,0.,1.));
#13838=DIRECTION('',(0.,0.,1.));
#13839=DIRECTION('',(1.,0.,0.));
#13840=DIRECTION('',(0.,1.,0.));
#13841=DIRECTION('',(0.,0.,1.));
#13842=DIRECTION('',(-1.,0.,0.));
#13843=DIRECTION('',(0.,0.,1.));
#13844=DIRECTION('',(-1.,0.,0.));
#13845=DIRECTION('',(0.,0.,1.));
#13846=DIRECTION('',(1.,0.,0.));
#13847=DIRECTION('',(0.,0.,1.));
#13848=DIRECTION('',(1.,0.,0.));
#13849=DIRECTION('',(0.,0.,1.));
#13850=DIRECTION('',(0.,0.,1.));
#13851=DIRECTION('',(1.,0.,0.));
#13852=DIRECTION('',(1.,0.,0.));
#13853=DIRECTION('',(0.,0.,-1.));
#13854=DIRECTION('',(0.,1.,0.));
#13855=DIRECTION('',(0.,0.,1.));
#13856=DIRECTION('',(0.,1.,0.));
#13857=DIRECTION('',(0.,0.,1.));
#13858=DIRECTION('',(1.,0.,0.));
#13859=DIRECTION('',(0.,0.,1.));
#13860=DIRECTION('',(1.,0.,0.));
#13861=DIRECTION('',(0.,0.,1.));
#13862=DIRECTION('',(0.,0.,1.));
#13863=DIRECTION('',(1.,0.,0.));
#13864=DIRECTION('',(0.,1.,0.));
#13865=DIRECTION('',(0.,0.,1.));
#13866=DIRECTION('',(-1.,0.,0.));
#13867=DIRECTION('',(0.,0.,1.));
#13868=DIRECTION('',(-1.,0.,0.));
#13869=DIRECTION('',(1.,0.,0.));
#13870=DIRECTION('',(0.,0.,-1.));
#13871=DIRECTION('',(0.,1.,0.));
#13872=DIRECTION('',(0.,0.,1.));
#13873=DIRECTION('',(0.,1.,0.));
#13874=DIRECTION('',(0.,0.,1.));
#13875=DIRECTION('',(0.,0.,1.));
#13876=DIRECTION('',(1.,0.,0.));
#13877=DIRECTION('',(0.,0.,1.));
#13878=DIRECTION('',(1.,0.,0.));
#13879=DIRECTION('',(0.,0.,1.));
#13880=DIRECTION('',(0.,0.,1.));
#13881=DIRECTION('',(1.,0.,0.));
#13882=DIRECTION('',(0.,1.,0.));
#13883=DIRECTION('',(0.,0.,1.));
#13884=DIRECTION('',(-1.,0.,0.));
#13885=DIRECTION('',(0.,0.,1.));
#13886=DIRECTION('',(-1.,0.,0.));
#13887=DIRECTION('',(0.,0.,1.));
#13888=DIRECTION('',(1.,0.,0.));
#13889=DIRECTION('',(0.,0.,1.));
#13890=DIRECTION('',(1.,0.,0.));
#13891=DIRECTION('',(0.,0.,1.));
#13892=DIRECTION('',(0.,0.,1.));
#13893=DIRECTION('',(1.,0.,0.));
#13894=DIRECTION('',(1.,0.,0.));
#13895=DIRECTION('',(0.,0.,-1.));
#13896=DIRECTION('',(0.,1.,0.));
#13897=DIRECTION('',(0.,0.,1.));
#13898=DIRECTION('',(0.,1.,0.));
#13899=DIRECTION('',(0.,0.,1.));
#13900=DIRECTION('',(1.,0.,0.));
#13901=DIRECTION('',(0.,0.,1.));
#13902=DIRECTION('',(1.,0.,0.));
#13903=DIRECTION('',(0.,0.,1.));
#13904=DIRECTION('',(0.,0.,1.));
#13905=DIRECTION('',(1.,0.,0.));
#13906=DIRECTION('',(0.,1.,0.));
#13907=DIRECTION('',(0.,0.,1.));
#13908=DIRECTION('',(-1.,0.,0.));
#13909=DIRECTION('',(0.,0.,1.));
#13910=DIRECTION('',(-1.,0.,0.));
#13911=DIRECTION('',(0.,1.,0.));
#13912=DIRECTION('',(0.,0.,1.));
#13913=DIRECTION('',(-1.,0.,0.));
#13914=DIRECTION('',(0.,0.,1.));
#13915=DIRECTION('',(-1.,0.,0.));
#13916=DIRECTION('',(0.,0.,1.));
#13917=DIRECTION('',(0.,0.,1.));
#13918=DIRECTION('',(1.,0.,0.));
#13919=DIRECTION('',(0.,0.,1.));
#13920=DIRECTION('',(1.,0.,0.));
#13921=DIRECTION('',(0.,0.,1.));
#13922=DIRECTION('',(0.,0.,1.));
#13923=DIRECTION('',(1.,0.,0.));
#13924=DIRECTION('',(1.,0.,0.));
#13925=DIRECTION('',(0.,0.,-1.));
#13926=DIRECTION('',(0.,1.,0.));
#13927=DIRECTION('',(0.,0.,1.));
#13928=DIRECTION('',(0.,1.,0.));
#13929=DIRECTION('',(0.,0.,1.));
#13930=DIRECTION('',(1.,0.,0.));
#13931=DIRECTION('',(0.,0.,1.));
#13932=DIRECTION('',(1.,0.,0.));
#13933=DIRECTION('',(0.,0.,1.));
#13934=DIRECTION('',(0.,0.,1.));
#13935=DIRECTION('',(1.,0.,0.));
#13936=DIRECTION('',(0.,1.,0.));
#13937=DIRECTION('',(0.,0.,1.));
#13938=DIRECTION('',(-1.,0.,0.));
#13939=DIRECTION('',(0.,0.,1.));
#13940=DIRECTION('',(-1.,0.,0.));
#13941=DIRECTION('',(0.,0.,1.));
#13942=DIRECTION('',(1.,0.,0.));
#13943=DIRECTION('',(0.,0.,1.));
#13944=DIRECTION('',(1.,0.,0.));
#13945=DIRECTION('',(0.,0.,1.));
#13946=DIRECTION('',(0.,0.,1.));
#13947=DIRECTION('',(1.,0.,0.));
#13948=DIRECTION('',(1.,0.,0.));
#13949=DIRECTION('',(0.,0.,-1.));
#13950=DIRECTION('',(0.,1.,0.));
#13951=DIRECTION('',(0.,0.,1.));
#13952=DIRECTION('',(0.,1.,0.));
#13953=DIRECTION('',(1.,0.,0.));
#13954=DIRECTION('',(0.,0.,-1.));
#13955=DIRECTION('',(0.,1.,0.));
#13956=DIRECTION('',(0.,0.,1.));
#13957=DIRECTION('',(0.,1.,0.));
#13958=DIRECTION('',(0.,0.,1.));
#13959=DIRECTION('',(0.,0.,1.));
#13960=DIRECTION('',(1.,0.,0.));
#13961=DIRECTION('',(0.,0.,1.));
#13962=DIRECTION('',(1.,0.,0.));
#13963=DIRECTION('',(0.,0.,1.));
#13964=DIRECTION('',(0.,0.,1.));
#13965=DIRECTION('',(1.,0.,0.));
#13966=DIRECTION('',(0.,1.,0.));
#13967=DIRECTION('',(0.,0.,1.));
#13968=DIRECTION('',(-1.,0.,0.));
#13969=DIRECTION('',(0.,0.,1.));
#13970=DIRECTION('',(-1.,0.,0.));
#13971=DIRECTION('',(0.,0.,1.));
#13972=DIRECTION('',(1.,0.,0.));
#13973=DIRECTION('',(0.,0.,1.));
#13974=DIRECTION('',(1.,0.,0.));
#13975=DIRECTION('',(0.,0.,1.));
#13976=DIRECTION('',(0.,0.,1.));
#13977=DIRECTION('',(1.,0.,0.));
#13978=DIRECTION('',(1.,0.,0.));
#13979=DIRECTION('',(0.,0.,-1.));
#13980=DIRECTION('',(0.,1.,0.));
#13981=DIRECTION('',(0.,0.,1.));
#13982=DIRECTION('',(0.,1.,0.));
#13983=DIRECTION('',(0.,0.,1.));
#13984=DIRECTION('',(1.,0.,0.));
#13985=DIRECTION('',(0.,0.,1.));
#13986=DIRECTION('',(1.,0.,0.));
#13987=DIRECTION('',(0.,0.,1.));
#13988=DIRECTION('',(0.,0.,1.));
#13989=DIRECTION('',(1.,0.,0.));
#13990=DIRECTION('',(0.,1.,0.));
#13991=DIRECTION('',(0.,0.,1.));
#13992=DIRECTION('',(-1.,0.,0.));
#13993=DIRECTION('',(0.,0.,1.));
#13994=DIRECTION('',(-1.,0.,0.));
#13995=DIRECTION('',(0.,1.,0.));
#13996=DIRECTION('',(0.,0.,1.));
#13997=DIRECTION('',(-1.,0.,0.));
#13998=DIRECTION('',(0.,0.,1.));
#13999=DIRECTION('',(-1.,0.,0.));
#14000=DIRECTION('',(0.,0.,1.));
#14001=DIRECTION('',(0.,0.,1.));
#14002=DIRECTION('',(1.,0.,0.));
#14003=DIRECTION('',(0.,0.,1.));
#14004=DIRECTION('',(1.,0.,0.));
#14005=DIRECTION('',(0.,0.,1.));
#14006=DIRECTION('',(0.,0.,1.));
#14007=DIRECTION('',(1.,0.,0.));
#14008=DIRECTION('',(1.,0.,0.));
#14009=DIRECTION('',(0.,0.,-1.));
#14010=DIRECTION('',(0.,1.,0.));
#14011=DIRECTION('',(0.,0.,1.));
#14012=DIRECTION('',(0.,1.,0.));
#14013=DIRECTION('',(0.,0.,1.));
#14014=DIRECTION('',(1.,0.,0.));
#14015=DIRECTION('',(0.,0.,1.));
#14016=DIRECTION('',(1.,0.,0.));
#14017=DIRECTION('',(0.,0.,1.));
#14018=DIRECTION('',(0.,0.,1.));
#14019=DIRECTION('',(1.,0.,0.));
#14020=DIRECTION('',(0.,1.,0.));
#14021=DIRECTION('',(0.,0.,1.));
#14022=DIRECTION('',(-1.,0.,0.));
#14023=DIRECTION('',(0.,0.,1.));
#14024=DIRECTION('',(-1.,0.,0.));
#14025=DIRECTION('',(0.,0.,1.));
#14026=DIRECTION('',(1.,0.,0.));
#14027=DIRECTION('',(0.,0.,1.));
#14028=DIRECTION('',(1.,0.,0.));
#14029=DIRECTION('',(0.,0.,1.));
#14030=DIRECTION('',(0.,0.,1.));
#14031=DIRECTION('',(1.,0.,0.));
#14032=DIRECTION('',(1.,0.,0.));
#14033=DIRECTION('',(0.,0.,-1.));
#14034=DIRECTION('',(0.,1.,0.));
#14035=DIRECTION('',(0.,0.,1.));
#14036=DIRECTION('',(0.,1.,0.));
#14037=DIRECTION('',(1.,0.,0.));
#14038=DIRECTION('',(0.,0.,-1.));
#14039=DIRECTION('',(0.,1.,0.));
#14040=DIRECTION('',(0.,0.,1.));
#14041=DIRECTION('',(0.,1.,0.));
#14042=DIRECTION('',(0.,0.,1.));
#14043=DIRECTION('',(0.,0.,1.));
#14044=DIRECTION('',(1.,0.,0.));
#14045=DIRECTION('',(0.,0.,1.));
#14046=DIRECTION('',(1.,0.,0.));
#14047=DIRECTION('',(0.,0.,1.));
#14048=DIRECTION('',(0.,0.,1.));
#14049=DIRECTION('',(1.,0.,0.));
#14050=DIRECTION('',(0.,1.,0.));
#14051=DIRECTION('',(0.,0.,1.));
#14052=DIRECTION('',(-1.,0.,0.));
#14053=DIRECTION('',(0.,0.,1.));
#14054=DIRECTION('',(-1.,0.,0.));
#14055=DIRECTION('',(0.,0.,1.));
#14056=DIRECTION('',(1.,0.,0.));
#14057=DIRECTION('',(0.,0.,1.));
#14058=DIRECTION('',(1.,0.,0.));
#14059=DIRECTION('',(0.,0.,1.));
#14060=DIRECTION('',(0.,0.,1.));
#14061=DIRECTION('',(1.,0.,0.));
#14062=DIRECTION('',(1.,0.,0.));
#14063=DIRECTION('',(0.,0.,-1.));
#14064=DIRECTION('',(0.,1.,0.));
#14065=DIRECTION('',(0.,0.,1.));
#14066=DIRECTION('',(0.,1.,0.));
#14067=DIRECTION('',(0.,0.,1.));
#14068=DIRECTION('',(1.,0.,0.));
#14069=DIRECTION('',(0.,0.,1.));
#14070=DIRECTION('',(1.,0.,0.));
#14071=DIRECTION('',(0.,0.,1.));
#14072=DIRECTION('',(0.,0.,1.));
#14073=DIRECTION('',(1.,0.,0.));
#14074=DIRECTION('',(0.,1.,0.));
#14075=DIRECTION('',(0.,0.,1.));
#14076=DIRECTION('',(-1.,0.,0.));
#14077=DIRECTION('',(0.,0.,1.));
#14078=DIRECTION('',(-1.,0.,0.));
#14079=DIRECTION('',(0.,1.,0.));
#14080=DIRECTION('',(0.,0.,1.));
#14081=DIRECTION('',(-1.,0.,0.));
#14082=DIRECTION('',(0.,0.,1.));
#14083=DIRECTION('',(-1.,0.,0.));
#14084=DIRECTION('',(0.,0.,1.));
#14085=DIRECTION('',(0.,0.,1.));
#14086=DIRECTION('',(1.,0.,0.));
#14087=DIRECTION('',(0.,0.,1.));
#14088=DIRECTION('',(1.,0.,0.));
#14089=DIRECTION('',(0.,0.,1.));
#14090=DIRECTION('',(0.,0.,1.));
#14091=DIRECTION('',(1.,0.,0.));
#14092=DIRECTION('',(1.,0.,0.));
#14093=DIRECTION('',(0.,0.,-1.));
#14094=DIRECTION('',(0.,1.,0.));
#14095=DIRECTION('',(0.,0.,1.));
#14096=DIRECTION('',(0.,1.,0.));
#14097=DIRECTION('',(0.,0.,1.));
#14098=DIRECTION('',(1.,0.,0.));
#14099=DIRECTION('',(0.,0.,1.));
#14100=DIRECTION('',(1.,0.,0.));
#14101=DIRECTION('',(0.,0.,1.));
#14102=DIRECTION('',(0.,0.,1.));
#14103=DIRECTION('',(1.,0.,0.));
#14104=DIRECTION('',(0.,1.,0.));
#14105=DIRECTION('',(0.,0.,1.));
#14106=DIRECTION('',(-1.,0.,0.));
#14107=DIRECTION('',(0.,0.,1.));
#14108=DIRECTION('',(-1.,0.,0.));
#14109=DIRECTION('',(0.,0.,1.));
#14110=DIRECTION('',(1.,0.,0.));
#14111=DIRECTION('',(0.,0.,1.));
#14112=DIRECTION('',(1.,0.,0.));
#14113=DIRECTION('',(0.,0.,1.));
#14114=DIRECTION('',(0.,0.,1.));
#14115=DIRECTION('',(1.,0.,0.));
#14116=DIRECTION('',(1.,0.,0.));
#14117=DIRECTION('',(0.,0.,-1.));
#14118=DIRECTION('',(0.,1.,0.));
#14119=DIRECTION('',(0.,0.,1.));
#14120=DIRECTION('',(0.,1.,0.));
#14121=DIRECTION('',(1.,0.,0.));
#14122=DIRECTION('',(0.,0.,-1.));
#14123=DIRECTION('',(0.,1.,0.));
#14124=DIRECTION('',(0.,0.,1.));
#14125=DIRECTION('',(0.,1.,0.));
#14126=DIRECTION('',(0.,0.,1.));
#14127=DIRECTION('',(0.,0.,1.));
#14128=DIRECTION('',(1.,0.,0.));
#14129=DIRECTION('',(0.,0.,1.));
#14130=DIRECTION('',(1.,0.,0.));
#14131=DIRECTION('',(0.,0.,1.));
#14132=DIRECTION('',(0.,0.,1.));
#14133=DIRECTION('',(1.,0.,0.));
#14134=DIRECTION('',(0.,1.,0.));
#14135=DIRECTION('',(0.,0.,1.));
#14136=DIRECTION('',(-1.,0.,0.));
#14137=DIRECTION('',(0.,0.,1.));
#14138=DIRECTION('',(-1.,0.,0.));
#14139=DIRECTION('',(0.,0.,1.));
#14140=DIRECTION('',(1.,0.,0.));
#14141=DIRECTION('',(0.,0.,1.));
#14142=DIRECTION('',(1.,0.,0.));
#14143=DIRECTION('',(0.,0.,1.));
#14144=DIRECTION('',(0.,0.,1.));
#14145=DIRECTION('',(1.,0.,0.));
#14146=DIRECTION('',(1.,0.,0.));
#14147=DIRECTION('',(0.,0.,-1.));
#14148=DIRECTION('',(0.,1.,0.));
#14149=DIRECTION('',(0.,0.,1.));
#14150=DIRECTION('',(0.,1.,0.));
#14151=DIRECTION('',(0.,0.,1.));
#14152=DIRECTION('',(1.,0.,0.));
#14153=DIRECTION('',(0.,0.,1.));
#14154=DIRECTION('',(1.,0.,0.));
#14155=DIRECTION('',(0.,0.,1.));
#14156=DIRECTION('',(0.,0.,1.));
#14157=DIRECTION('',(1.,0.,0.));
#14158=DIRECTION('',(0.,1.,0.));
#14159=DIRECTION('',(0.,0.,1.));
#14160=DIRECTION('',(-1.,0.,0.));
#14161=DIRECTION('',(0.,0.,1.));
#14162=DIRECTION('',(-1.,0.,0.));
#14163=DIRECTION('',(0.,1.,0.));
#14164=DIRECTION('',(0.,0.,1.));
#14165=DIRECTION('',(-1.,0.,0.));
#14166=DIRECTION('',(0.,0.,1.));
#14167=DIRECTION('',(-1.,0.,0.));
#14168=DIRECTION('',(0.,0.,1.));
#14169=DIRECTION('',(0.,0.,1.));
#14170=DIRECTION('',(1.,0.,0.));
#14171=DIRECTION('',(0.,0.,1.));
#14172=DIRECTION('',(1.,0.,0.));
#14173=DIRECTION('',(0.,0.,1.));
#14174=DIRECTION('',(0.,0.,1.));
#14175=DIRECTION('',(1.,0.,0.));
#14176=DIRECTION('',(1.,0.,0.));
#14177=DIRECTION('',(0.,0.,-1.));
#14178=DIRECTION('',(0.,1.,0.));
#14179=DIRECTION('',(0.,0.,1.));
#14180=DIRECTION('',(0.,1.,0.));
#14181=DIRECTION('',(0.,0.,1.));
#14182=DIRECTION('',(1.,0.,0.));
#14183=DIRECTION('',(0.,0.,1.));
#14184=DIRECTION('',(1.,0.,0.));
#14185=DIRECTION('',(0.,0.,1.));
#14186=DIRECTION('',(0.,0.,1.));
#14187=DIRECTION('',(1.,0.,0.));
#14188=DIRECTION('',(0.,1.,0.));
#14189=DIRECTION('',(0.,0.,1.));
#14190=DIRECTION('',(-1.,0.,0.));
#14191=DIRECTION('',(0.,0.,1.));
#14192=DIRECTION('',(-1.,0.,0.));
#14193=DIRECTION('',(0.,0.,1.));
#14194=DIRECTION('',(1.,0.,0.));
#14195=DIRECTION('',(0.,0.,1.));
#14196=DIRECTION('',(1.,0.,0.));
#14197=DIRECTION('',(0.,0.,1.));
#14198=DIRECTION('',(0.,0.,1.));
#14199=DIRECTION('',(1.,0.,0.));
#14200=DIRECTION('',(1.,0.,0.));
#14201=DIRECTION('',(0.,0.,-1.));
#14202=DIRECTION('',(0.,1.,0.));
#14203=DIRECTION('',(0.,0.,1.));
#14204=DIRECTION('',(0.,1.,0.));
#14205=DIRECTION('',(1.,0.,0.));
#14206=DIRECTION('',(0.,0.,-1.));
#14207=DIRECTION('',(0.,1.,0.));
#14208=DIRECTION('',(0.,0.,1.));
#14209=DIRECTION('',(0.,1.,0.));
#14210=DIRECTION('',(0.,0.,1.));
#14211=DIRECTION('',(0.,0.,1.));
#14212=DIRECTION('',(1.,0.,0.));
#14213=DIRECTION('',(0.,0.,1.));
#14214=DIRECTION('',(1.,0.,0.));
#14215=DIRECTION('',(0.,0.,1.));
#14216=DIRECTION('',(0.,0.,1.));
#14217=DIRECTION('',(1.,0.,0.));
#14218=DIRECTION('',(0.,-1.,0.));
#14219=DIRECTION('',(0.,0.,-1.));
#14220=DIRECTION('',(1.,0.,0.));
#14221=DIRECTION('',(0.,0.,1.));
#14222=DIRECTION('',(1.,0.,0.));
#14223=DIRECTION('',(0.,0.,1.));
#14224=DIRECTION('',(1.,0.,0.));
#14225=DIRECTION('',(0.,0.,1.));
#14226=DIRECTION('',(1.,0.,0.));
#14227=DIRECTION('',(0.,0.,1.));
#14228=DIRECTION('',(0.,0.,1.));
#14229=DIRECTION('',(1.,0.,0.));
#14230=DIRECTION('',(1.,0.,0.));
#14231=DIRECTION('',(0.,0.,-1.));
#14232=DIRECTION('',(0.,1.,0.));
#14233=DIRECTION('',(0.,0.,1.));
#14234=DIRECTION('',(0.,1.,0.));
#14235=DIRECTION('',(0.,0.,1.));
#14236=DIRECTION('',(1.,0.,0.));
#14237=DIRECTION('',(0.,0.,1.));
#14238=DIRECTION('',(1.,0.,0.));
#14239=DIRECTION('',(0.,0.,1.));
#14240=DIRECTION('',(0.,0.,1.));
#14241=DIRECTION('',(1.,0.,0.));
#14242=DIRECTION('',(0.,-1.,0.));
#14243=DIRECTION('',(0.,0.,-1.));
#14244=DIRECTION('',(1.,0.,0.));
#14245=DIRECTION('',(0.,0.,1.));
#14246=DIRECTION('',(1.,0.,0.));
#14247=DIRECTION('',(0.,-1.,0.));
#14248=DIRECTION('',(0.,0.,-1.));
#14249=DIRECTION('',(1.,0.,0.));
#14250=DIRECTION('',(0.,0.,1.));
#14251=DIRECTION('',(1.,0.,0.));
#14252=DIRECTION('',(0.,0.,1.));
#14253=DIRECTION('',(0.,0.,1.));
#14254=DIRECTION('',(1.,0.,0.));
#14255=DIRECTION('',(0.,0.,1.));
#14256=DIRECTION('',(1.,0.,0.));
#14257=DIRECTION('',(0.,0.,1.));
#14258=DIRECTION('',(0.,0.,1.));
#14259=DIRECTION('',(1.,0.,0.));
#14260=DIRECTION('',(1.,0.,0.));
#14261=DIRECTION('',(0.,0.,-1.));
#14262=DIRECTION('',(0.,1.,0.));
#14263=DIRECTION('',(0.,0.,1.));
#14264=DIRECTION('',(0.,1.,0.));
#14265=DIRECTION('',(0.,0.,1.));
#14266=DIRECTION('',(1.,0.,0.));
#14267=DIRECTION('',(0.,0.,1.));
#14268=DIRECTION('',(1.,0.,0.));
#14269=DIRECTION('',(0.,0.,1.));
#14270=DIRECTION('',(0.,0.,1.));
#14271=DIRECTION('',(1.,0.,0.));
#14272=DIRECTION('',(0.,-1.,0.));
#14273=DIRECTION('',(0.,0.,-1.));
#14274=DIRECTION('',(1.,0.,0.));
#14275=DIRECTION('',(0.,0.,1.));
#14276=DIRECTION('',(1.,0.,0.));
#14277=DIRECTION('',(0.,0.,1.));
#14278=DIRECTION('',(1.,0.,0.));
#14279=DIRECTION('',(0.,0.,1.));
#14280=DIRECTION('',(1.,0.,0.));
#14281=DIRECTION('',(0.,0.,1.));
#14282=DIRECTION('',(0.,0.,1.));
#14283=DIRECTION('',(1.,0.,0.));
#14284=DIRECTION('',(1.,0.,0.));
#14285=DIRECTION('',(0.,0.,-1.));
#14286=DIRECTION('',(0.,1.,0.));
#14287=DIRECTION('',(0.,0.,1.));
#14288=DIRECTION('',(0.,1.,0.));
#14289=DIRECTION('',(0.,1.,0.));
#14290=DIRECTION('',(0.,0.,1.));
#14291=DIRECTION('',(-1.,0.,0.));
#14292=DIRECTION('',(0.,0.,1.));
#14293=DIRECTION('',(-1.,0.,0.));
#14294=DIRECTION('',(0.,0.,1.));
#14295=DIRECTION('',(0.,0.,1.));
#14296=DIRECTION('',(1.,0.,0.));
#14297=DIRECTION('',(0.,0.,1.));
#14298=DIRECTION('',(1.,0.,0.));
#14299=DIRECTION('',(0.,0.,1.));
#14300=DIRECTION('',(0.,0.,1.));
#14301=DIRECTION('',(1.,0.,0.));
#14302=DIRECTION('',(1.,0.,0.));
#14303=DIRECTION('',(0.,0.,-1.));
#14304=DIRECTION('',(0.,1.,0.));
#14305=DIRECTION('',(0.,0.,1.));
#14306=DIRECTION('',(0.,1.,0.));
#14307=DIRECTION('',(0.,0.,1.));
#14308=DIRECTION('',(1.,0.,0.));
#14309=DIRECTION('',(0.,0.,1.));
#14310=DIRECTION('',(1.,0.,0.));
#14311=DIRECTION('',(0.,0.,1.));
#14312=DIRECTION('',(0.,0.,1.));
#14313=DIRECTION('',(1.,0.,0.));
#14314=DIRECTION('',(0.,1.,0.));
#14315=DIRECTION('',(0.,0.,1.));
#14316=DIRECTION('',(-1.,0.,0.));
#14317=DIRECTION('',(0.,0.,1.));
#14318=DIRECTION('',(-1.,0.,0.));
#14319=DIRECTION('',(0.,0.,1.));
#14320=DIRECTION('',(1.,0.,0.));
#14321=DIRECTION('',(0.,0.,1.));
#14322=DIRECTION('',(1.,0.,0.));
#14323=DIRECTION('',(0.,0.,1.));
#14324=DIRECTION('',(0.,0.,1.));
#14325=DIRECTION('',(1.,0.,0.));
#14326=DIRECTION('',(1.,0.,0.));
#14327=DIRECTION('',(0.,0.,-1.));
#14328=DIRECTION('',(0.,1.,0.));
#14329=DIRECTION('',(0.,0.,1.));
#14330=DIRECTION('',(0.,1.,0.));
#14331=DIRECTION('',(1.,0.,0.));
#14332=DIRECTION('',(0.,0.,-1.));
#14333=DIRECTION('',(0.,1.,0.));
#14334=DIRECTION('',(0.,0.,1.));
#14335=DIRECTION('',(0.,1.,0.));
#14336=DIRECTION('',(0.,0.,1.));
#14337=DIRECTION('',(0.,0.,1.));
#14338=DIRECTION('',(1.,0.,0.));
#14339=DIRECTION('',(0.,0.,1.));
#14340=DIRECTION('',(1.,0.,0.));
#14341=DIRECTION('',(0.,0.,1.));
#14342=DIRECTION('',(0.,0.,1.));
#14343=DIRECTION('',(1.,0.,0.));
#14344=DIRECTION('',(0.,1.,0.));
#14345=DIRECTION('',(0.,0.,1.));
#14346=DIRECTION('',(-1.,0.,0.));
#14347=DIRECTION('',(0.,0.,1.));
#14348=DIRECTION('',(-1.,0.,0.));
#14349=DIRECTION('',(0.,0.,1.));
#14350=DIRECTION('',(1.,0.,0.));
#14351=DIRECTION('',(0.,0.,1.));
#14352=DIRECTION('',(1.,0.,0.));
#14353=DIRECTION('',(0.,0.,1.));
#14354=DIRECTION('',(0.,0.,1.));
#14355=DIRECTION('',(1.,0.,0.));
#14356=DIRECTION('',(1.,0.,0.));
#14357=DIRECTION('',(0.,0.,-1.));
#14358=DIRECTION('',(0.,1.,0.));
#14359=DIRECTION('',(0.,0.,1.));
#14360=DIRECTION('',(0.,1.,0.));
#14361=DIRECTION('',(0.,0.,1.));
#14362=DIRECTION('',(1.,0.,0.));
#14363=DIRECTION('',(0.,0.,1.));
#14364=DIRECTION('',(1.,0.,0.));
#14365=DIRECTION('',(0.,0.,1.));
#14366=DIRECTION('',(0.,0.,1.));
#14367=DIRECTION('',(1.,0.,0.));
#14368=DIRECTION('',(3.46944695195362E-16,-1.,0.));
#14369=DIRECTION('',(1.,3.46944695195362E-16,0.));
#14370=DIRECTION('',(1.,3.46944695195362E-16,0.));
#14371=DIRECTION('',(0.,0.,1.));
#14372=DIRECTION('',(1.,3.46944695195362E-16,0.));
#14373=DIRECTION('',(0.,-1.,0.));
#14374=DIRECTION('',(0.,0.,-1.));
#14375=DIRECTION('',(1.,0.,0.));
#14376=DIRECTION('',(0.,0.,1.));
#14377=DIRECTION('',(1.,0.,0.));
#14378=DIRECTION('',(0.,0.,1.));
#14379=DIRECTION('',(0.,0.,1.));
#14380=DIRECTION('',(1.,0.,0.));
#14381=DIRECTION('',(0.,0.,1.));
#14382=DIRECTION('',(1.,0.,0.));
#14383=DIRECTION('',(0.,0.,1.));
#14384=DIRECTION('',(0.,0.,1.));
#14385=DIRECTION('',(1.,0.,0.));
#14386=DIRECTION('',(1.,4.47670574445628E-16,0.));
#14387=DIRECTION('',(-4.47670574445628E-16,1.,0.));
#14388=DIRECTION('',(-4.47670574445628E-16,1.,0.));
#14389=DIRECTION('',(0.,0.,1.));
#14390=DIRECTION('',(-4.47670574445628E-16,1.,0.));
#14391=DIRECTION('',(0.,0.,1.));
#14392=DIRECTION('',(1.,0.,0.));
#14393=DIRECTION('',(0.,0.,1.));
#14394=DIRECTION('',(1.,0.,0.));
#14395=DIRECTION('',(0.,0.,1.));
#14396=DIRECTION('',(0.,0.,1.));
#14397=DIRECTION('',(1.,0.,0.));
#14398=DIRECTION('',(0.,-1.,0.));
#14399=DIRECTION('',(0.,0.,-1.));
#14400=DIRECTION('',(1.,0.,0.));
#14401=DIRECTION('',(0.,0.,1.));
#14402=DIRECTION('',(1.,0.,0.));
#14403=DIRECTION('',(0.,0.,1.));
#14404=DIRECTION('',(1.,0.,0.));
#14405=DIRECTION('',(0.,0.,1.));
#14406=DIRECTION('',(1.,0.,0.));
#14407=DIRECTION('',(0.,0.,1.));
#14408=DIRECTION('',(0.,0.,1.));
#14409=DIRECTION('',(1.,0.,0.));
#14410=DIRECTION('',(1.,0.,0.));
#14411=DIRECTION('',(0.,0.,-1.));
#14412=DIRECTION('',(0.,1.,0.));
#14413=DIRECTION('',(0.,0.,1.));
#14414=DIRECTION('',(0.,1.,0.));
#14415=DIRECTION('',(0.,-1.,0.));
#14416=DIRECTION('',(0.,0.,-1.));
#14417=DIRECTION('',(1.,0.,0.));
#14418=DIRECTION('',(0.,0.,1.));
#14419=DIRECTION('',(1.,0.,0.));
#14420=DIRECTION('',(0.,0.,1.));
#14421=DIRECTION('',(0.,0.,1.));
#14422=DIRECTION('',(1.,0.,0.));
#14423=DIRECTION('',(0.,0.,1.));
#14424=DIRECTION('',(1.,0.,0.));
#14425=DIRECTION('',(0.,0.,1.));
#14426=DIRECTION('',(0.,0.,1.));
#14427=DIRECTION('',(1.,0.,0.));
#14428=DIRECTION('',(1.,3.07773519931369E-16,0.));
#14429=DIRECTION('',(-3.07773519931369E-16,1.,0.));
#14430=DIRECTION('',(-3.07773519931369E-16,1.,0.));
#14431=DIRECTION('',(0.,0.,1.));
#14432=DIRECTION('',(-3.07773519931369E-16,1.,0.));
#14433=DIRECTION('',(0.,0.,1.));
#14434=DIRECTION('',(1.,0.,0.));
#14435=DIRECTION('',(0.,0.,1.));
#14436=DIRECTION('',(1.,0.,0.));
#14437=DIRECTION('',(0.,0.,1.));
#14438=DIRECTION('',(0.,0.,1.));
#14439=DIRECTION('',(1.,0.,0.));
#14440=DIRECTION('',(0.,-1.,0.));
#14441=DIRECTION('',(0.,0.,-1.));
#14442=DIRECTION('',(1.,0.,0.));
#14443=DIRECTION('',(0.,0.,1.));
#14444=DIRECTION('',(1.,0.,0.));
#14445=DIRECTION('',(0.,0.,1.));
#14446=DIRECTION('',(1.,0.,0.));
#14447=DIRECTION('',(0.,0.,1.));
#14448=DIRECTION('',(1.,0.,0.));
#14449=DIRECTION('',(0.,0.,1.));
#14450=DIRECTION('',(0.,0.,1.));
#14451=DIRECTION('',(1.,0.,0.));
#14452=DIRECTION('',(1.,0.,0.));
#14453=DIRECTION('',(0.,0.,-1.));
#14454=DIRECTION('',(0.,1.,0.));
#14455=DIRECTION('',(0.,0.,1.));
#14456=DIRECTION('',(0.,1.,0.));
#14457=DIRECTION('',(1.,0.,0.));
#14458=DIRECTION('',(0.,0.,-1.));
#14459=DIRECTION('',(0.,1.,0.));
#14460=DIRECTION('',(0.,0.,1.));
#14461=DIRECTION('',(0.,1.,0.));
#14462=DIRECTION('',(0.,0.,1.));
#14463=DIRECTION('',(0.,0.,1.));
#14464=DIRECTION('',(1.,0.,0.));
#14465=DIRECTION('',(0.,0.,1.));
#14466=DIRECTION('',(1.,0.,0.));
#14467=DIRECTION('',(0.,0.,1.));
#14468=DIRECTION('',(0.,0.,1.));
#14469=DIRECTION('',(1.,0.,0.));
#14470=DIRECTION('',(0.,1.,0.));
#14471=DIRECTION('',(0.,0.,1.));
#14472=DIRECTION('',(-1.,0.,0.));
#14473=DIRECTION('',(0.,0.,1.));
#14474=DIRECTION('',(-1.,0.,0.));
#14475=DIRECTION('',(0.,0.,1.));
#14476=DIRECTION('',(1.,0.,0.));
#14477=DIRECTION('',(0.,0.,1.));
#14478=DIRECTION('',(1.,0.,0.));
#14479=DIRECTION('',(0.,0.,1.));
#14480=DIRECTION('',(0.,0.,1.));
#14481=DIRECTION('',(1.,0.,0.));
#14482=DIRECTION('',(1.,0.,0.));
#14483=DIRECTION('',(0.,0.,-1.));
#14484=DIRECTION('',(0.,1.,0.));
#14485=DIRECTION('',(0.,0.,1.));
#14486=DIRECTION('',(0.,1.,0.));
#14487=DIRECTION('',(0.,0.,1.));
#14488=DIRECTION('',(1.,0.,0.));
#14489=DIRECTION('',(0.,0.,1.));
#14490=DIRECTION('',(1.,0.,0.));
#14491=DIRECTION('',(0.,0.,1.));
#14492=DIRECTION('',(0.,0.,1.));
#14493=DIRECTION('',(1.,0.,0.));
#14494=DIRECTION('',(0.,1.,0.));
#14495=DIRECTION('',(0.,0.,1.));
#14496=DIRECTION('',(-1.,0.,0.));
#14497=DIRECTION('',(0.,0.,1.));
#14498=DIRECTION('',(-1.,0.,0.));
#14499=DIRECTION('',(0.,1.,0.));
#14500=DIRECTION('',(0.,0.,1.));
#14501=DIRECTION('',(-1.,0.,0.));
#14502=DIRECTION('',(0.,0.,1.));
#14503=DIRECTION('',(-1.,0.,0.));
#14504=DIRECTION('',(0.,0.,1.));
#14505=DIRECTION('',(0.,0.,1.));
#14506=DIRECTION('',(1.,0.,0.));
#14507=DIRECTION('',(0.,0.,1.));
#14508=DIRECTION('',(1.,0.,0.));
#14509=DIRECTION('',(0.,0.,1.));
#14510=DIRECTION('',(0.,0.,1.));
#14511=DIRECTION('',(1.,0.,0.));
#14512=DIRECTION('',(1.,0.,0.));
#14513=DIRECTION('',(0.,0.,-1.));
#14514=DIRECTION('',(0.,1.,0.));
#14515=DIRECTION('',(0.,0.,1.));
#14516=DIRECTION('',(0.,1.,0.));
#14517=DIRECTION('',(0.,0.,1.));
#14518=DIRECTION('',(1.,0.,0.));
#14519=DIRECTION('',(0.,0.,1.));
#14520=DIRECTION('',(1.,0.,0.));
#14521=DIRECTION('',(0.,0.,1.));
#14522=DIRECTION('',(0.,0.,1.));
#14523=DIRECTION('',(1.,0.,0.));
#14524=DIRECTION('',(0.,1.,0.));
#14525=DIRECTION('',(0.,0.,1.));
#14526=DIRECTION('',(-1.,0.,0.));
#14527=DIRECTION('',(0.,0.,1.));
#14528=DIRECTION('',(-1.,0.,0.));
#14529=DIRECTION('',(0.,0.,1.));
#14530=DIRECTION('',(1.,0.,0.));
#14531=DIRECTION('',(0.,0.,1.));
#14532=DIRECTION('',(1.,0.,0.));
#14533=DIRECTION('',(0.,0.,1.));
#14534=DIRECTION('',(0.,0.,1.));
#14535=DIRECTION('',(1.,0.,0.));
#14536=DIRECTION('',(1.,0.,0.));
#14537=DIRECTION('',(0.,0.,-1.));
#14538=DIRECTION('',(0.,1.,0.));
#14539=DIRECTION('',(0.,0.,1.));
#14540=DIRECTION('',(0.,1.,0.));
#14541=DIRECTION('',(1.,0.,0.));
#14542=DIRECTION('',(0.,0.,-1.));
#14543=DIRECTION('',(0.,1.,0.));
#14544=DIRECTION('',(0.,0.,1.));
#14545=DIRECTION('',(0.,1.,0.));
#14546=DIRECTION('',(0.,0.,1.));
#14547=DIRECTION('',(0.,0.,1.));
#14548=DIRECTION('',(1.,0.,0.));
#14549=DIRECTION('',(0.,0.,1.));
#14550=DIRECTION('',(1.,0.,0.));
#14551=DIRECTION('',(0.,0.,1.));
#14552=DIRECTION('',(0.,0.,1.));
#14553=DIRECTION('',(1.,0.,0.));
#14554=DIRECTION('',(0.,1.,0.));
#14555=DIRECTION('',(0.,0.,1.));
#14556=DIRECTION('',(-1.,0.,0.));
#14557=DIRECTION('',(0.,0.,1.));
#14558=DIRECTION('',(-1.,0.,0.));
#14559=DIRECTION('',(0.,0.,1.));
#14560=DIRECTION('',(1.,0.,0.));
#14561=DIRECTION('',(0.,0.,1.));
#14562=DIRECTION('',(1.,0.,0.));
#14563=DIRECTION('',(0.,0.,1.));
#14564=DIRECTION('',(0.,0.,1.));
#14565=DIRECTION('',(1.,0.,0.));
#14566=DIRECTION('',(1.,0.,0.));
#14567=DIRECTION('',(0.,0.,-1.));
#14568=DIRECTION('',(0.,1.,0.));
#14569=DIRECTION('',(0.,0.,1.));
#14570=DIRECTION('',(0.,1.,0.));
#14571=DIRECTION('',(0.,0.,1.));
#14572=DIRECTION('',(1.,0.,0.));
#14573=DIRECTION('',(0.,0.,1.));
#14574=DIRECTION('',(1.,0.,0.));
#14575=DIRECTION('',(0.,0.,1.));
#14576=DIRECTION('',(0.,0.,1.));
#14577=DIRECTION('',(1.,0.,0.));
#14578=DIRECTION('',(0.,1.,0.));
#14579=DIRECTION('',(0.,0.,1.));
#14580=DIRECTION('',(-1.,0.,0.));
#14581=DIRECTION('',(0.,0.,1.));
#14582=DIRECTION('',(-1.,0.,0.));
#14583=DIRECTION('',(0.,1.,0.));
#14584=DIRECTION('',(0.,0.,1.));
#14585=DIRECTION('',(-1.,0.,0.));
#14586=DIRECTION('',(0.,0.,1.));
#14587=DIRECTION('',(-1.,0.,0.));
#14588=DIRECTION('',(0.,0.,1.));
#14589=DIRECTION('',(0.,0.,1.));
#14590=DIRECTION('',(1.,0.,0.));
#14591=DIRECTION('',(0.,0.,1.));
#14592=DIRECTION('',(1.,0.,0.));
#14593=DIRECTION('',(0.,0.,1.));
#14594=DIRECTION('',(0.,0.,1.));
#14595=DIRECTION('',(1.,0.,0.));
#14596=DIRECTION('',(1.,0.,0.));
#14597=DIRECTION('',(0.,0.,-1.));
#14598=DIRECTION('',(0.,1.,0.));
#14599=DIRECTION('',(0.,0.,1.));
#14600=DIRECTION('',(0.,1.,0.));
#14601=DIRECTION('',(0.,0.,1.));
#14602=DIRECTION('',(1.,0.,0.));
#14603=DIRECTION('',(0.,0.,1.));
#14604=DIRECTION('',(1.,0.,0.));
#14605=DIRECTION('',(0.,0.,1.));
#14606=DIRECTION('',(0.,0.,1.));
#14607=DIRECTION('',(1.,0.,0.));
#14608=DIRECTION('',(0.,1.,0.));
#14609=DIRECTION('',(0.,0.,1.));
#14610=DIRECTION('',(-1.,0.,0.));
#14611=DIRECTION('',(0.,0.,1.));
#14612=DIRECTION('',(-1.,0.,0.));
#14613=DIRECTION('',(0.,0.,1.));
#14614=DIRECTION('',(1.,0.,0.));
#14615=DIRECTION('',(0.,0.,1.));
#14616=DIRECTION('',(1.,0.,0.));
#14617=DIRECTION('',(0.,0.,1.));
#14618=DIRECTION('',(0.,0.,1.));
#14619=DIRECTION('',(1.,0.,0.));
#14620=DIRECTION('',(1.,0.,0.));
#14621=DIRECTION('',(0.,0.,-1.));
#14622=DIRECTION('',(0.,1.,0.));
#14623=DIRECTION('',(0.,0.,1.));
#14624=DIRECTION('',(0.,1.,0.));
#14625=DIRECTION('',(1.,0.,0.));
#14626=DIRECTION('',(0.,0.,-1.));
#14627=DIRECTION('',(0.,1.,0.));
#14628=DIRECTION('',(0.,0.,1.));
#14629=DIRECTION('',(0.,1.,0.));
#14630=DIRECTION('',(0.,0.,1.));
#14631=DIRECTION('',(0.,0.,1.));
#14632=DIRECTION('',(1.,0.,0.));
#14633=DIRECTION('',(0.,0.,1.));
#14634=DIRECTION('',(1.,0.,0.));
#14635=DIRECTION('',(0.,0.,1.));
#14636=DIRECTION('',(0.,0.,1.));
#14637=DIRECTION('',(1.,0.,0.));
#14638=DIRECTION('',(0.,1.,0.));
#14639=DIRECTION('',(0.,0.,1.));
#14640=DIRECTION('',(-1.,0.,0.));
#14641=DIRECTION('',(0.,0.,1.));
#14642=DIRECTION('',(-1.,0.,0.));
#14643=DIRECTION('',(0.,0.,1.));
#14644=DIRECTION('',(1.,0.,0.));
#14645=DIRECTION('',(0.,0.,1.));
#14646=DIRECTION('',(1.,0.,0.));
#14647=DIRECTION('',(0.,0.,1.));
#14648=DIRECTION('',(0.,0.,1.));
#14649=DIRECTION('',(1.,0.,0.));
#14650=DIRECTION('',(1.,0.,0.));
#14651=DIRECTION('',(0.,0.,-1.));
#14652=DIRECTION('',(0.,1.,0.));
#14653=DIRECTION('',(0.,0.,1.));
#14654=DIRECTION('',(0.,1.,0.));
#14655=DIRECTION('',(0.,0.,1.));
#14656=DIRECTION('',(1.,0.,0.));
#14657=DIRECTION('',(0.,0.,1.));
#14658=DIRECTION('',(1.,0.,0.));
#14659=DIRECTION('',(0.,0.,1.));
#14660=DIRECTION('',(0.,0.,1.));
#14661=DIRECTION('',(1.,0.,0.));
#14662=DIRECTION('',(3.46944695195362E-16,-1.,0.));
#14663=DIRECTION('',(1.,3.46944695195362E-16,0.));
#14664=DIRECTION('',(1.,3.46944695195362E-16,0.));
#14665=DIRECTION('',(0.,0.,1.));
#14666=DIRECTION('',(1.,3.46944695195362E-16,0.));
#14667=DIRECTION('',(1.,0.,0.));
#14668=DIRECTION('',(0.,0.,-1.));
#14669=DIRECTION('',(0.,1.,0.));
#14670=DIRECTION('',(0.,0.,1.));
#14671=DIRECTION('',(0.,1.,0.));
#14672=DIRECTION('',(0.,0.,1.));
#14673=DIRECTION('',(0.,0.,1.));
#14674=DIRECTION('',(1.,0.,0.));
#14675=DIRECTION('',(0.,0.,1.));
#14676=DIRECTION('',(1.,0.,0.));
#14677=DIRECTION('',(0.,0.,1.));
#14678=DIRECTION('',(0.,0.,1.));
#14679=DIRECTION('',(1.,0.,0.));
#14680=DIRECTION('',(0.,1.,0.));
#14681=DIRECTION('',(0.,0.,1.));
#14682=DIRECTION('',(-1.,0.,0.));
#14683=DIRECTION('',(0.,0.,1.));
#14684=DIRECTION('',(-1.,0.,0.));
#14685=DIRECTION('',(0.,0.,1.));
#14686=DIRECTION('',(1.,0.,0.));
#14687=DIRECTION('',(0.,0.,1.));
#14688=DIRECTION('',(1.,0.,0.));
#14689=DIRECTION('',(0.,0.,1.));
#14690=DIRECTION('',(0.,0.,1.));
#14691=DIRECTION('',(1.,0.,0.));
#14692=DIRECTION('',(1.,0.,0.));
#14693=DIRECTION('',(0.,0.,-1.));
#14694=DIRECTION('',(0.,1.,0.));
#14695=DIRECTION('',(0.,0.,1.));
#14696=DIRECTION('',(0.,1.,0.));
#14697=DIRECTION('',(0.,0.,1.));
#14698=DIRECTION('',(1.,0.,0.));
#14699=DIRECTION('',(0.,0.,1.));
#14700=DIRECTION('',(1.,0.,0.));
#14701=DIRECTION('',(0.,0.,1.));
#14702=DIRECTION('',(0.,0.,1.));
#14703=DIRECTION('',(1.,0.,0.));
#14704=DIRECTION('',(0.,1.,0.));
#14705=DIRECTION('',(0.,0.,1.));
#14706=DIRECTION('',(-1.,0.,0.));
#14707=DIRECTION('',(0.,0.,1.));
#14708=DIRECTION('',(-1.,0.,0.));
#14709=DIRECTION('',(0.,1.,0.));
#14710=DIRECTION('',(0.,0.,1.));
#14711=DIRECTION('',(-1.,0.,0.));
#14712=DIRECTION('',(0.,0.,1.));
#14713=DIRECTION('',(-1.,0.,0.));
#14714=DIRECTION('',(0.,0.,1.));
#14715=DIRECTION('',(0.,0.,1.));
#14716=DIRECTION('',(1.,0.,0.));
#14717=DIRECTION('',(0.,0.,1.));
#14718=DIRECTION('',(1.,0.,0.));
#14719=DIRECTION('',(0.,0.,1.));
#14720=DIRECTION('',(0.,0.,1.));
#14721=DIRECTION('',(1.,0.,0.));
#14722=DIRECTION('',(1.,0.,0.));
#14723=DIRECTION('',(0.,0.,-1.));
#14724=DIRECTION('',(0.,1.,0.));
#14725=DIRECTION('',(0.,0.,1.));
#14726=DIRECTION('',(0.,1.,0.));
#14727=DIRECTION('',(0.,0.,1.));
#14728=DIRECTION('',(1.,0.,0.));
#14729=DIRECTION('',(0.,0.,1.));
#14730=DIRECTION('',(1.,0.,0.));
#14731=DIRECTION('',(0.,0.,1.));
#14732=DIRECTION('',(0.,0.,1.));
#14733=DIRECTION('',(1.,0.,0.));
#14734=DIRECTION('',(0.,1.,0.));
#14735=DIRECTION('',(0.,0.,1.));
#14736=DIRECTION('',(-1.,0.,0.));
#14737=DIRECTION('',(0.,0.,1.));
#14738=DIRECTION('',(-1.,0.,0.));
#14739=DIRECTION('',(0.,0.,1.));
#14740=DIRECTION('',(1.,0.,0.));
#14741=DIRECTION('',(0.,0.,1.));
#14742=DIRECTION('',(1.,0.,0.));
#14743=DIRECTION('',(0.,0.,1.));
#14744=DIRECTION('',(0.,0.,1.));
#14745=DIRECTION('',(1.,0.,0.));
#14746=DIRECTION('',(1.,0.,0.));
#14747=DIRECTION('',(0.,0.,-1.));
#14748=DIRECTION('',(0.,1.,0.));
#14749=DIRECTION('',(0.,0.,1.));
#14750=DIRECTION('',(0.,1.,0.));
#14751=DIRECTION('',(1.,0.,0.));
#14752=DIRECTION('',(0.,0.,-1.));
#14753=DIRECTION('',(0.,1.,0.));
#14754=DIRECTION('',(0.,0.,1.));
#14755=DIRECTION('',(0.,1.,0.));
#14756=DIRECTION('',(0.,0.,1.));
#14757=DIRECTION('',(0.,0.,1.));
#14758=DIRECTION('',(1.,0.,0.));
#14759=DIRECTION('',(0.,0.,1.));
#14760=DIRECTION('',(1.,0.,0.));
#14761=DIRECTION('',(0.,0.,1.));
#14762=DIRECTION('',(0.,0.,1.));
#14763=DIRECTION('',(1.,0.,0.));
#14764=DIRECTION('',(0.,1.,0.));
#14765=DIRECTION('',(0.,0.,1.));
#14766=DIRECTION('',(-1.,0.,0.));
#14767=DIRECTION('',(0.,0.,1.));
#14768=DIRECTION('',(-1.,0.,0.));
#14769=DIRECTION('',(0.,0.,1.));
#14770=DIRECTION('',(1.,0.,0.));
#14771=DIRECTION('',(0.,0.,1.));
#14772=DIRECTION('',(1.,0.,0.));
#14773=DIRECTION('',(0.,0.,1.));
#14774=DIRECTION('',(0.,0.,1.));
#14775=DIRECTION('',(1.,0.,0.));
#14776=DIRECTION('',(1.,5.59588218057035E-17,0.));
#14777=DIRECTION('',(-5.59588218057035E-17,1.,0.));
#14778=DIRECTION('',(-5.59588218057035E-17,1.,0.));
#14779=DIRECTION('',(0.,0.,1.));
#14780=DIRECTION('',(-5.59588218057035E-17,1.,0.));
#14781=DIRECTION('',(0.,0.,1.));
#14782=DIRECTION('',(1.,0.,0.));
#14783=DIRECTION('',(0.,0.,1.));
#14784=DIRECTION('',(1.,0.,0.));
#14785=DIRECTION('',(0.,0.,1.));
#14786=DIRECTION('',(0.,0.,1.));
#14787=DIRECTION('',(1.,0.,0.));
#14788=DIRECTION('',(0.,1.,0.));
#14789=DIRECTION('',(0.,0.,1.));
#14790=DIRECTION('',(-1.,0.,0.));
#14791=DIRECTION('',(0.,0.,1.));
#14792=DIRECTION('',(-1.,0.,0.));
#14793=DIRECTION('',(0.,1.,0.));
#14794=DIRECTION('',(0.,0.,1.));
#14795=DIRECTION('',(-1.,0.,0.));
#14796=DIRECTION('',(0.,0.,1.));
#14797=DIRECTION('',(-1.,0.,0.));
#14798=DIRECTION('',(0.,0.,1.));
#14799=DIRECTION('',(0.,0.,1.));
#14800=DIRECTION('',(1.,0.,0.));
#14801=DIRECTION('',(0.,0.,1.));
#14802=DIRECTION('',(1.,0.,0.));
#14803=DIRECTION('',(0.,0.,1.));
#14804=DIRECTION('',(0.,0.,1.));
#14805=DIRECTION('',(1.,0.,0.));
#14806=DIRECTION('',(1.,0.,0.));
#14807=DIRECTION('',(0.,0.,-1.));
#14808=DIRECTION('',(0.,1.,0.));
#14809=DIRECTION('',(0.,0.,1.));
#14810=DIRECTION('',(0.,1.,0.));
#14811=DIRECTION('',(0.,0.,1.));
#14812=DIRECTION('',(1.,0.,0.));
#14813=DIRECTION('',(0.,0.,1.));
#14814=DIRECTION('',(1.,0.,0.));
#14815=DIRECTION('',(0.,0.,1.));
#14816=DIRECTION('',(0.,0.,1.));
#14817=DIRECTION('',(1.,0.,0.));
#14818=DIRECTION('',(0.,1.,0.));
#14819=DIRECTION('',(0.,0.,1.));
#14820=DIRECTION('',(-1.,0.,0.));
#14821=DIRECTION('',(0.,0.,1.));
#14822=DIRECTION('',(-1.,0.,0.));
#14823=DIRECTION('',(0.,0.,1.));
#14824=DIRECTION('',(1.,0.,0.));
#14825=DIRECTION('',(0.,0.,1.));
#14826=DIRECTION('',(1.,0.,0.));
#14827=DIRECTION('',(0.,0.,1.));
#14828=DIRECTION('',(0.,0.,1.));
#14829=DIRECTION('',(1.,0.,0.));
#14830=DIRECTION('',(1.,0.,0.));
#14831=DIRECTION('',(0.,0.,-1.));
#14832=DIRECTION('',(0.,1.,0.));
#14833=DIRECTION('',(0.,0.,1.));
#14834=DIRECTION('',(0.,1.,0.));
#14835=DIRECTION('',(1.,0.,0.));
#14836=DIRECTION('',(0.,0.,-1.));
#14837=DIRECTION('',(0.,1.,0.));
#14838=DIRECTION('',(0.,0.,1.));
#14839=DIRECTION('',(0.,1.,0.));
#14840=DIRECTION('',(0.,0.,1.));
#14841=DIRECTION('',(0.,0.,1.));
#14842=DIRECTION('',(1.,0.,0.));
#14843=DIRECTION('',(0.,0.,1.));
#14844=DIRECTION('',(1.,0.,0.));
#14845=DIRECTION('',(0.,0.,1.));
#14846=DIRECTION('',(0.,0.,1.));
#14847=DIRECTION('',(1.,0.,0.));
#14848=DIRECTION('',(0.,1.,0.));
#14849=DIRECTION('',(0.,0.,1.));
#14850=DIRECTION('',(-1.,0.,0.));
#14851=DIRECTION('',(0.,0.,1.));
#14852=DIRECTION('',(-1.,0.,0.));
#14853=DIRECTION('',(0.,0.,1.));
#14854=DIRECTION('',(1.,0.,0.));
#14855=DIRECTION('',(0.,0.,1.));
#14856=DIRECTION('',(1.,0.,0.));
#14857=DIRECTION('',(0.,0.,1.));
#14858=DIRECTION('',(0.,0.,1.));
#14859=DIRECTION('',(1.,0.,0.));
#14860=DIRECTION('',(1.,0.,0.));
#14861=DIRECTION('',(0.,0.,-1.));
#14862=DIRECTION('',(0.,1.,0.));
#14863=DIRECTION('',(0.,0.,1.));
#14864=DIRECTION('',(0.,1.,0.));
#14865=DIRECTION('',(0.,0.,1.));
#14866=DIRECTION('',(1.,0.,0.));
#14867=DIRECTION('',(0.,0.,1.));
#14868=DIRECTION('',(1.,0.,0.));
#14869=DIRECTION('',(0.,0.,1.));
#14870=DIRECTION('',(0.,0.,1.));
#14871=DIRECTION('',(1.,0.,0.));
#14872=DIRECTION('',(0.,1.,0.));
#14873=DIRECTION('',(0.,0.,1.));
#14874=DIRECTION('',(-1.,0.,0.));
#14875=DIRECTION('',(0.,0.,1.));
#14876=DIRECTION('',(-1.,0.,0.));
#14877=DIRECTION('',(0.,1.,0.));
#14878=DIRECTION('',(0.,0.,1.));
#14879=DIRECTION('',(-1.,0.,0.));
#14880=DIRECTION('',(0.,0.,1.));
#14881=DIRECTION('',(-1.,0.,0.));
#14882=DIRECTION('',(0.,0.,1.));
#14883=DIRECTION('',(0.,0.,1.));
#14884=DIRECTION('',(1.,0.,0.));
#14885=DIRECTION('',(0.,0.,1.));
#14886=DIRECTION('',(1.,0.,0.));
#14887=DIRECTION('',(0.,0.,1.));
#14888=DIRECTION('',(0.,0.,1.));
#14889=DIRECTION('',(1.,0.,0.));
#14890=DIRECTION('',(1.,0.,0.));
#14891=DIRECTION('',(0.,0.,-1.));
#14892=DIRECTION('',(0.,1.,0.));
#14893=DIRECTION('',(0.,0.,1.));
#14894=DIRECTION('',(0.,1.,0.));
#14895=DIRECTION('',(0.,0.,1.));
#14896=DIRECTION('',(1.,0.,0.));
#14897=DIRECTION('',(0.,0.,1.));
#14898=DIRECTION('',(1.,0.,0.));
#14899=DIRECTION('',(0.,0.,1.));
#14900=DIRECTION('',(0.,0.,1.));
#14901=DIRECTION('',(1.,0.,0.));
#14902=DIRECTION('',(0.,1.,0.));
#14903=DIRECTION('',(0.,0.,1.));
#14904=DIRECTION('',(-1.,0.,0.));
#14905=DIRECTION('',(0.,0.,1.));
#14906=DIRECTION('',(-1.,0.,0.));
#14907=DIRECTION('',(0.,0.,1.));
#14908=DIRECTION('',(1.,0.,0.));
#14909=DIRECTION('',(0.,0.,1.));
#14910=DIRECTION('',(1.,0.,0.));
#14911=DIRECTION('',(0.,0.,1.));
#14912=DIRECTION('',(0.,0.,1.));
#14913=DIRECTION('',(1.,0.,0.));
#14914=DIRECTION('',(1.,0.,0.));
#14915=DIRECTION('',(0.,0.,-1.));
#14916=DIRECTION('',(0.,1.,0.));
#14917=DIRECTION('',(0.,0.,1.));
#14918=DIRECTION('',(0.,1.,0.));
#14919=DIRECTION('',(1.,0.,0.));
#14920=DIRECTION('',(0.,0.,-1.));
#14921=DIRECTION('',(0.,1.,0.));
#14922=DIRECTION('',(0.,0.,1.));
#14923=DIRECTION('',(0.,1.,0.));
#14924=DIRECTION('',(0.,0.,1.));
#14925=DIRECTION('',(0.,0.,1.));
#14926=DIRECTION('',(1.,0.,0.));
#14927=DIRECTION('',(0.,0.,1.));
#14928=DIRECTION('',(1.,0.,0.));
#14929=DIRECTION('',(0.,0.,1.));
#14930=DIRECTION('',(0.,0.,1.));
#14931=DIRECTION('',(1.,0.,0.));
#14932=DIRECTION('',(0.,1.,0.));
#14933=DIRECTION('',(0.,0.,1.));
#14934=DIRECTION('',(-1.,0.,0.));
#14935=DIRECTION('',(0.,0.,1.));
#14936=DIRECTION('',(-1.,0.,0.));
#14937=DIRECTION('',(0.,0.,1.));
#14938=DIRECTION('',(1.,0.,0.));
#14939=DIRECTION('',(0.,0.,1.));
#14940=DIRECTION('',(1.,0.,0.));
#14941=DIRECTION('',(0.,0.,1.));
#14942=DIRECTION('',(0.,0.,1.));
#14943=DIRECTION('',(1.,0.,0.));
#14944=DIRECTION('',(1.,0.,0.));
#14945=DIRECTION('',(0.,0.,-1.));
#14946=DIRECTION('',(0.,1.,0.));
#14947=DIRECTION('',(0.,0.,1.));
#14948=DIRECTION('',(0.,1.,0.));
#14949=DIRECTION('',(0.,0.,1.));
#14950=DIRECTION('',(1.,0.,0.));
#14951=DIRECTION('',(0.,0.,1.));
#14952=DIRECTION('',(1.,0.,0.));
#14953=DIRECTION('',(0.,0.,1.));
#14954=DIRECTION('',(0.,0.,1.));
#14955=DIRECTION('',(1.,0.,0.));
#14956=DIRECTION('',(0.,1.,0.));
#14957=DIRECTION('',(0.,0.,1.));
#14958=DIRECTION('',(-1.,0.,0.));
#14959=DIRECTION('',(0.,0.,1.));
#14960=DIRECTION('',(-1.,0.,0.));
#14961=DIRECTION('',(0.,1.,0.));
#14962=DIRECTION('',(0.,0.,1.));
#14963=DIRECTION('',(-1.,0.,0.));
#14964=DIRECTION('',(0.,0.,1.));
#14965=DIRECTION('',(-1.,0.,0.));
#14966=DIRECTION('',(0.,0.,1.));
#14967=DIRECTION('',(0.,0.,1.));
#14968=DIRECTION('',(1.,0.,0.));
#14969=DIRECTION('',(0.,0.,1.));
#14970=DIRECTION('',(1.,0.,0.));
#14971=DIRECTION('',(0.,0.,1.));
#14972=DIRECTION('',(0.,0.,1.));
#14973=DIRECTION('',(1.,0.,0.));
#14974=DIRECTION('',(1.,0.,0.));
#14975=DIRECTION('',(0.,0.,-1.));
#14976=DIRECTION('',(0.,1.,0.));
#14977=DIRECTION('',(0.,0.,1.));
#14978=DIRECTION('',(0.,1.,0.));
#14979=DIRECTION('',(0.,0.,1.));
#14980=DIRECTION('',(1.,0.,0.));
#14981=DIRECTION('',(0.,0.,1.));
#14982=DIRECTION('',(1.,0.,0.));
#14983=DIRECTION('',(0.,0.,1.));
#14984=DIRECTION('',(0.,0.,1.));
#14985=DIRECTION('',(1.,0.,0.));
#14986=DIRECTION('',(0.,1.,0.));
#14987=DIRECTION('',(0.,0.,1.));
#14988=DIRECTION('',(-1.,0.,0.));
#14989=DIRECTION('',(0.,0.,1.));
#14990=DIRECTION('',(-1.,0.,0.));
#14991=DIRECTION('',(0.,0.,1.));
#14992=DIRECTION('',(1.,0.,0.));
#14993=DIRECTION('',(0.,0.,1.));
#14994=DIRECTION('',(1.,0.,0.));
#14995=DIRECTION('',(0.,0.,1.));
#14996=DIRECTION('',(0.,0.,1.));
#14997=DIRECTION('',(1.,0.,0.));
#14998=DIRECTION('',(1.,0.,0.));
#14999=DIRECTION('',(0.,0.,-1.));
#15000=DIRECTION('',(0.,1.,0.));
#15001=DIRECTION('',(0.,0.,1.));
#15002=DIRECTION('',(0.,1.,0.));
#15003=DIRECTION('',(1.,0.,0.));
#15004=DIRECTION('',(0.,0.,-1.));
#15005=DIRECTION('',(0.,1.,0.));
#15006=DIRECTION('',(0.,0.,1.));
#15007=DIRECTION('',(0.,1.,0.));
#15008=DIRECTION('',(0.,0.,1.));
#15009=DIRECTION('',(0.,0.,1.));
#15010=DIRECTION('',(1.,0.,0.));
#15011=DIRECTION('',(0.,0.,1.));
#15012=DIRECTION('',(1.,0.,0.));
#15013=DIRECTION('',(0.,0.,1.));
#15014=DIRECTION('',(0.,0.,1.));
#15015=DIRECTION('',(1.,0.,0.));
#15016=DIRECTION('',(0.,1.,0.));
#15017=DIRECTION('',(0.,0.,1.));
#15018=DIRECTION('',(-1.,0.,0.));
#15019=DIRECTION('',(0.,0.,1.));
#15020=DIRECTION('',(-1.,0.,0.));
#15021=DIRECTION('',(0.,0.,1.));
#15022=DIRECTION('',(1.,0.,0.));
#15023=DIRECTION('',(0.,0.,1.));
#15024=DIRECTION('',(1.,0.,0.));
#15025=DIRECTION('',(0.,0.,1.));
#15026=DIRECTION('',(0.,0.,1.));
#15027=DIRECTION('',(1.,0.,0.));
#15028=DIRECTION('',(1.,0.,0.));
#15029=DIRECTION('',(0.,0.,-1.));
#15030=DIRECTION('',(0.,1.,0.));
#15031=DIRECTION('',(0.,0.,1.));
#15032=DIRECTION('',(0.,1.,0.));
#15033=DIRECTION('',(0.,0.,1.));
#15034=DIRECTION('',(1.,0.,0.));
#15035=DIRECTION('',(0.,0.,1.));
#15036=DIRECTION('',(1.,0.,0.));
#15037=DIRECTION('',(0.,0.,1.));
#15038=DIRECTION('',(0.,0.,1.));
#15039=DIRECTION('',(1.,0.,0.));
#15040=DIRECTION('',(0.,1.,0.));
#15041=DIRECTION('',(0.,0.,1.));
#15042=DIRECTION('',(-1.,0.,0.));
#15043=DIRECTION('',(0.,0.,1.));
#15044=DIRECTION('',(-1.,0.,0.));
#15045=DIRECTION('',(0.,1.,0.));
#15046=DIRECTION('',(0.,0.,1.));
#15047=DIRECTION('',(-1.,0.,0.));
#15048=DIRECTION('',(0.,0.,1.));
#15049=DIRECTION('',(-1.,0.,0.));
#15050=DIRECTION('',(0.,0.,1.));
#15051=DIRECTION('',(0.,0.,1.));
#15052=DIRECTION('',(1.,0.,0.));
#15053=DIRECTION('',(0.,0.,1.));
#15054=DIRECTION('',(1.,0.,0.));
#15055=DIRECTION('',(0.,0.,1.));
#15056=DIRECTION('',(0.,0.,1.));
#15057=DIRECTION('',(1.,0.,0.));
#15058=DIRECTION('',(1.,0.,0.));
#15059=DIRECTION('',(0.,0.,-1.));
#15060=DIRECTION('',(0.,1.,0.));
#15061=DIRECTION('',(0.,0.,1.));
#15062=DIRECTION('',(0.,1.,0.));
#15063=DIRECTION('',(0.,0.,1.));
#15064=DIRECTION('',(1.,0.,0.));
#15065=DIRECTION('',(0.,0.,1.));
#15066=DIRECTION('',(1.,0.,0.));
#15067=DIRECTION('',(0.,0.,1.));
#15068=DIRECTION('',(0.,0.,1.));
#15069=DIRECTION('',(1.,0.,0.));
#15070=DIRECTION('',(0.,1.,0.));
#15071=DIRECTION('',(0.,0.,1.));
#15072=DIRECTION('',(-1.,0.,0.));
#15073=DIRECTION('',(0.,0.,1.));
#15074=DIRECTION('',(-1.,0.,0.));
#15075=DIRECTION('',(0.,0.,1.));
#15076=DIRECTION('',(1.,0.,0.));
#15077=DIRECTION('',(0.,0.,1.));
#15078=DIRECTION('',(1.,0.,0.));
#15079=DIRECTION('',(0.,0.,1.));
#15080=DIRECTION('',(0.,0.,1.));
#15081=DIRECTION('',(1.,0.,0.));
#15082=DIRECTION('',(1.,0.,0.));
#15083=DIRECTION('',(0.,0.,-1.));
#15084=DIRECTION('',(0.,1.,0.));
#15085=DIRECTION('',(0.,0.,1.));
#15086=DIRECTION('',(0.,1.,0.));
#15087=DIRECTION('',(1.,0.,0.));
#15088=DIRECTION('',(0.,0.,-1.));
#15089=DIRECTION('',(0.,1.,0.));
#15090=DIRECTION('',(0.,0.,1.));
#15091=DIRECTION('',(0.,1.,0.));
#15092=DIRECTION('',(0.,0.,1.));
#15093=DIRECTION('',(0.,0.,1.));
#15094=DIRECTION('',(1.,0.,0.));
#15095=DIRECTION('',(0.,0.,1.));
#15096=DIRECTION('',(1.,0.,0.));
#15097=DIRECTION('',(0.,0.,1.));
#15098=DIRECTION('',(0.,0.,1.));
#15099=DIRECTION('',(1.,0.,0.));
#15100=DIRECTION('',(0.,1.,0.));
#15101=DIRECTION('',(0.,0.,1.));
#15102=DIRECTION('',(-1.,0.,0.));
#15103=DIRECTION('',(0.,0.,1.));
#15104=DIRECTION('',(-1.,0.,0.));
#15105=DIRECTION('',(0.,0.,1.));
#15106=DIRECTION('',(1.,0.,0.));
#15107=DIRECTION('',(0.,0.,1.));
#15108=DIRECTION('',(1.,0.,0.));
#15109=DIRECTION('',(0.,0.,1.));
#15110=DIRECTION('',(0.,0.,1.));
#15111=DIRECTION('',(1.,0.,0.));
#15112=DIRECTION('',(1.,0.,0.));
#15113=DIRECTION('',(0.,0.,-1.));
#15114=DIRECTION('',(0.,1.,0.));
#15115=DIRECTION('',(0.,0.,1.));
#15116=DIRECTION('',(0.,1.,0.));
#15117=DIRECTION('',(0.,0.,1.));
#15118=DIRECTION('',(1.,0.,0.));
#15119=DIRECTION('',(0.,0.,1.));
#15120=DIRECTION('',(1.,0.,0.));
#15121=DIRECTION('',(0.,0.,1.));
#15122=DIRECTION('',(0.,0.,1.));
#15123=DIRECTION('',(1.,0.,0.));
#15124=DIRECTION('',(0.,1.,0.));
#15125=DIRECTION('',(0.,0.,1.));
#15126=DIRECTION('',(-1.,0.,0.));
#15127=DIRECTION('',(0.,0.,1.));
#15128=DIRECTION('',(-1.,0.,0.));
#15129=DIRECTION('',(0.,1.,0.));
#15130=DIRECTION('',(0.,0.,1.));
#15131=DIRECTION('',(-1.,0.,0.));
#15132=DIRECTION('',(0.,0.,1.));
#15133=DIRECTION('',(-1.,0.,0.));
#15134=DIRECTION('',(0.,0.,1.));
#15135=DIRECTION('',(0.,0.,1.));
#15136=DIRECTION('',(1.,0.,0.));
#15137=DIRECTION('',(0.,0.,1.));
#15138=DIRECTION('',(1.,0.,0.));
#15139=DIRECTION('',(0.,0.,1.));
#15140=DIRECTION('',(0.,0.,1.));
#15141=DIRECTION('',(1.,0.,0.));
#15142=DIRECTION('',(1.,0.,0.));
#15143=DIRECTION('',(0.,0.,-1.));
#15144=DIRECTION('',(0.,1.,0.));
#15145=DIRECTION('',(0.,0.,1.));
#15146=DIRECTION('',(0.,1.,0.));
#15147=DIRECTION('',(0.,0.,1.));
#15148=DIRECTION('',(1.,0.,0.));
#15149=DIRECTION('',(0.,0.,1.));
#15150=DIRECTION('',(1.,0.,0.));
#15151=DIRECTION('',(0.,0.,1.));
#15152=DIRECTION('',(0.,0.,1.));
#15153=DIRECTION('',(1.,0.,0.));
#15154=DIRECTION('',(0.,1.,0.));
#15155=DIRECTION('',(0.,0.,1.));
#15156=DIRECTION('',(-1.,0.,0.));
#15157=DIRECTION('',(0.,0.,1.));
#15158=DIRECTION('',(-1.,0.,0.));
#15159=DIRECTION('',(0.,0.,1.));
#15160=DIRECTION('',(1.,0.,0.));
#15161=DIRECTION('',(0.,0.,1.));
#15162=DIRECTION('',(1.,0.,0.));
#15163=DIRECTION('',(0.,0.,1.));
#15164=DIRECTION('',(0.,0.,1.));
#15165=DIRECTION('',(1.,0.,0.));
#15166=DIRECTION('',(1.,0.,0.));
#15167=DIRECTION('',(0.,0.,-1.));
#15168=DIRECTION('',(0.,1.,0.));
#15169=DIRECTION('',(0.,0.,1.));
#15170=DIRECTION('',(0.,1.,0.));
#15171=DIRECTION('',(-1.,0.,0.));
#15172=DIRECTION('',(0.,0.,1.));
#15173=DIRECTION('',(0.,-1.,0.));
#15174=DIRECTION('',(0.,0.,1.));
#15175=DIRECTION('',(0.,-1.,0.));
#15176=DIRECTION('',(0.,0.,1.));
#15177=DIRECTION('',(0.,0.,1.));
#15178=DIRECTION('',(1.,0.,0.));
#15179=DIRECTION('',(0.,0.,1.));
#15180=DIRECTION('',(1.,0.,0.));
#15181=DIRECTION('',(0.,0.,1.));
#15182=DIRECTION('',(0.,0.,1.));
#15183=DIRECTION('',(1.,0.,0.));
#15184=DIRECTION('',(0.,1.,0.));
#15185=DIRECTION('',(0.,0.,1.));
#15186=DIRECTION('',(-1.,0.,0.));
#15187=DIRECTION('',(0.,0.,1.));
#15188=DIRECTION('',(-1.,0.,0.));
#15189=DIRECTION('',(0.,0.,1.));
#15190=DIRECTION('',(1.,0.,0.));
#15191=DIRECTION('',(0.,0.,1.));
#15192=DIRECTION('',(1.,0.,0.));
#15193=DIRECTION('',(0.,0.,1.));
#15194=DIRECTION('',(0.,0.,1.));
#15195=DIRECTION('',(1.,0.,0.));
#15196=DIRECTION('',(-1.,0.,0.));
#15197=DIRECTION('',(0.,0.,1.));
#15198=DIRECTION('',(0.,-1.,0.));
#15199=DIRECTION('',(0.,0.,1.));
#15200=DIRECTION('',(0.,-1.,0.));
#15201=DIRECTION('',(0.,0.,1.));
#15202=DIRECTION('',(1.,0.,0.));
#15203=DIRECTION('',(0.,0.,1.));
#15204=DIRECTION('',(1.,0.,0.));
#15205=DIRECTION('',(0.,0.,1.));
#15206=DIRECTION('',(0.,0.,1.));
#15207=DIRECTION('',(1.,0.,0.));
#15208=DIRECTION('',(0.,1.,0.));
#15209=DIRECTION('',(0.,0.,1.));
#15210=DIRECTION('',(-1.,0.,0.));
#15211=DIRECTION('',(0.,0.,1.));
#15212=DIRECTION('',(-1.,0.,0.));
#15213=DIRECTION('',(0.,1.,0.));
#15214=DIRECTION('',(0.,0.,1.));
#15215=DIRECTION('',(-1.,0.,0.));
#15216=DIRECTION('',(0.,0.,1.));
#15217=DIRECTION('',(-1.,0.,0.));
#15218=DIRECTION('',(0.,0.,1.));
#15219=DIRECTION('',(0.,0.,1.));
#15220=DIRECTION('',(1.,0.,0.));
#15221=DIRECTION('',(0.,0.,1.));
#15222=DIRECTION('',(1.,0.,0.));
#15223=DIRECTION('',(0.,0.,1.));
#15224=DIRECTION('',(0.,0.,1.));
#15225=DIRECTION('',(1.,0.,0.));
#15226=DIRECTION('',(-1.,0.,0.));
#15227=DIRECTION('',(0.,0.,1.));
#15228=DIRECTION('',(0.,-1.,0.));
#15229=DIRECTION('',(0.,0.,1.));
#15230=DIRECTION('',(0.,-1.,0.));
#15231=DIRECTION('',(0.,0.,1.));
#15232=DIRECTION('',(1.,0.,0.));
#15233=DIRECTION('',(0.,0.,1.));
#15234=DIRECTION('',(1.,0.,0.));
#15235=DIRECTION('',(0.,0.,1.));
#15236=DIRECTION('',(0.,0.,1.));
#15237=DIRECTION('',(1.,0.,0.));
#15238=DIRECTION('',(0.,1.,0.));
#15239=DIRECTION('',(0.,0.,1.));
#15240=DIRECTION('',(-1.,0.,0.));
#15241=DIRECTION('',(0.,0.,1.));
#15242=DIRECTION('',(-1.,0.,0.));
#15243=DIRECTION('',(0.,0.,1.));
#15244=DIRECTION('',(1.,0.,0.));
#15245=DIRECTION('',(0.,0.,1.));
#15246=DIRECTION('',(1.,0.,0.));
#15247=DIRECTION('',(0.,0.,1.));
#15248=DIRECTION('',(0.,0.,1.));
#15249=DIRECTION('',(1.,0.,0.));
#15250=DIRECTION('',(-1.,0.,0.));
#15251=DIRECTION('',(0.,0.,1.));
#15252=DIRECTION('',(0.,-1.,0.));
#15253=DIRECTION('',(0.,0.,1.));
#15254=DIRECTION('',(0.,-1.,0.));
#15255=DIRECTION('',(0.,1.,0.));
#15256=DIRECTION('',(0.,0.,1.));
#15257=DIRECTION('',(-1.,0.,0.));
#15258=DIRECTION('',(0.,0.,1.));
#15259=DIRECTION('',(-1.,0.,0.));
#15260=DIRECTION('',(0.,0.,1.));
#15261=DIRECTION('',(0.,0.,1.));
#15262=DIRECTION('',(1.,0.,0.));
#15263=DIRECTION('',(0.,0.,1.));
#15264=DIRECTION('',(1.,0.,0.));
#15265=DIRECTION('',(0.,0.,1.));
#15266=DIRECTION('',(0.,0.,1.));
#15267=DIRECTION('',(1.,0.,0.));
#15268=DIRECTION('',(1.,0.,0.));
#15269=DIRECTION('',(0.,0.,-1.));
#15270=DIRECTION('',(0.,1.,0.));
#15271=DIRECTION('',(0.,0.,1.));
#15272=DIRECTION('',(0.,1.,0.));
#15273=DIRECTION('',(0.,0.,1.));
#15274=DIRECTION('',(1.,0.,0.));
#15275=DIRECTION('',(0.,0.,1.));
#15276=DIRECTION('',(1.,0.,0.));
#15277=DIRECTION('',(0.,0.,1.));
#15278=DIRECTION('',(0.,0.,1.));
#15279=DIRECTION('',(1.,0.,0.));
#15280=DIRECTION('',(0.,1.,0.));
#15281=DIRECTION('',(0.,0.,1.));
#15282=DIRECTION('',(-1.,0.,0.));
#15283=DIRECTION('',(0.,0.,1.));
#15284=DIRECTION('',(-1.,0.,0.));
#15285=DIRECTION('',(0.,0.,1.));
#15286=DIRECTION('',(1.,0.,0.));
#15287=DIRECTION('',(0.,0.,1.));
#15288=DIRECTION('',(1.,0.,0.));
#15289=DIRECTION('',(0.,0.,1.));
#15290=DIRECTION('',(0.,0.,1.));
#15291=DIRECTION('',(1.,0.,0.));
#15292=DIRECTION('',(1.,0.,0.));
#15293=DIRECTION('',(0.,0.,-1.));
#15294=DIRECTION('',(0.,1.,0.));
#15295=DIRECTION('',(0.,0.,1.));
#15296=DIRECTION('',(0.,1.,0.));
#15297=DIRECTION('',(1.,0.,0.));
#15298=DIRECTION('',(0.,0.,-1.));
#15299=DIRECTION('',(0.,1.,0.));
#15300=DIRECTION('',(0.,0.,1.));
#15301=DIRECTION('',(0.,1.,0.));
#15302=DIRECTION('',(0.,0.,1.));
#15303=DIRECTION('',(0.,0.,1.));
#15304=DIRECTION('',(1.,0.,0.));
#15305=DIRECTION('',(0.,0.,1.));
#15306=DIRECTION('',(1.,0.,0.));
#15307=DIRECTION('',(0.,0.,1.));
#15308=DIRECTION('',(0.,0.,1.));
#15309=DIRECTION('',(1.,0.,0.));
#15310=DIRECTION('',(3.46944695195362E-16,-1.,0.));
#15311=DIRECTION('',(1.,3.46944695195362E-16,0.));
#15312=DIRECTION('',(1.,3.46944695195362E-16,0.));
#15313=DIRECTION('',(0.,0.,1.));
#15314=DIRECTION('',(1.,3.46944695195362E-16,0.));
#15315=DIRECTION('',(0.,0.,1.));
#15316=DIRECTION('',(1.,0.,0.));
#15317=DIRECTION('',(0.,0.,1.));
#15318=DIRECTION('',(1.,0.,0.));
#15319=DIRECTION('',(0.,0.,1.));
#15320=DIRECTION('',(0.,0.,1.));
#15321=DIRECTION('',(1.,0.,0.));
#15322=DIRECTION('',(1.,0.,0.));
#15323=DIRECTION('',(0.,0.,-1.));
#15324=DIRECTION('',(0.,1.,0.));
#15325=DIRECTION('',(0.,0.,1.));
#15326=DIRECTION('',(0.,1.,0.));
#15327=DIRECTION('',(0.,0.,1.));
#15328=DIRECTION('',(1.,0.,0.));
#15329=DIRECTION('',(0.,0.,1.));
#15330=DIRECTION('',(1.,0.,0.));
#15331=DIRECTION('',(0.,0.,1.));
#15332=DIRECTION('',(0.,0.,1.));
#15333=DIRECTION('',(1.,0.,0.));
#15334=DIRECTION('',(0.,1.,0.));
#15335=DIRECTION('',(0.,0.,1.));
#15336=DIRECTION('',(-1.,0.,0.));
#15337=DIRECTION('',(0.,0.,1.));
#15338=DIRECTION('',(-1.,0.,0.));
#15339=DIRECTION('',(1.,0.,0.));
#15340=DIRECTION('',(0.,0.,-1.));
#15341=DIRECTION('',(0.,1.,0.));
#15342=DIRECTION('',(0.,0.,1.));
#15343=DIRECTION('',(0.,1.,0.));
#15344=DIRECTION('',(0.,0.,1.));
#15345=DIRECTION('',(0.,0.,1.));
#15346=DIRECTION('',(1.,0.,0.));
#15347=DIRECTION('',(0.,0.,1.));
#15348=DIRECTION('',(1.,0.,0.));
#15349=DIRECTION('',(0.,0.,1.));
#15350=DIRECTION('',(0.,0.,1.));
#15351=DIRECTION('',(1.,0.,0.));
#15352=DIRECTION('',(0.,1.,0.));
#15353=DIRECTION('',(0.,0.,1.));
#15354=DIRECTION('',(-1.,0.,0.));
#15355=DIRECTION('',(0.,0.,1.));
#15356=DIRECTION('',(-1.,0.,0.));
#15357=DIRECTION('',(0.,0.,1.));
#15358=DIRECTION('',(1.,0.,0.));
#15359=DIRECTION('',(0.,0.,1.));
#15360=DIRECTION('',(1.,0.,0.));
#15361=DIRECTION('',(0.,0.,1.));
#15362=DIRECTION('',(0.,0.,1.));
#15363=DIRECTION('',(1.,0.,0.));
#15364=DIRECTION('',(-1.,0.,0.));
#15365=DIRECTION('',(0.,0.,1.));
#15366=DIRECTION('',(0.,-1.,0.));
#15367=DIRECTION('',(0.,0.,1.));
#15368=DIRECTION('',(0.,-1.,0.));
#15369=DIRECTION('',(0.,0.,1.));
#15370=DIRECTION('',(1.,0.,0.));
#15371=DIRECTION('',(0.,0.,1.));
#15372=DIRECTION('',(1.,0.,0.));
#15373=DIRECTION('',(0.,0.,1.));
#15374=DIRECTION('',(0.,0.,1.));
#15375=DIRECTION('',(1.,0.,0.));
#15376=DIRECTION('',(0.,1.,0.));
#15377=DIRECTION('',(0.,0.,1.));
#15378=DIRECTION('',(-1.,0.,0.));
#15379=DIRECTION('',(0.,0.,1.));
#15380=DIRECTION('',(-1.,0.,0.));
#15381=DIRECTION('',(0.,1.,0.));
#15382=DIRECTION('',(0.,0.,1.));
#15383=DIRECTION('',(-1.,0.,0.));
#15384=DIRECTION('',(0.,0.,1.));
#15385=DIRECTION('',(-1.,0.,0.));
#15386=DIRECTION('',(0.,0.,1.));
#15387=DIRECTION('',(0.,0.,1.));
#15388=DIRECTION('',(1.,0.,0.));
#15389=DIRECTION('',(0.,0.,1.));
#15390=DIRECTION('',(1.,0.,0.));
#15391=DIRECTION('',(0.,0.,1.));
#15392=DIRECTION('',(0.,0.,1.));
#15393=DIRECTION('',(1.,0.,0.));
#15394=DIRECTION('',(1.,0.,0.));
#15395=DIRECTION('',(0.,0.,-1.));
#15396=DIRECTION('',(0.,1.,0.));
#15397=DIRECTION('',(0.,0.,1.));
#15398=DIRECTION('',(0.,1.,0.));
#15399=DIRECTION('',(0.,0.,1.));
#15400=DIRECTION('',(1.,0.,0.));
#15401=DIRECTION('',(0.,0.,1.));
#15402=DIRECTION('',(1.,0.,0.));
#15403=DIRECTION('',(0.,0.,1.));
#15404=DIRECTION('',(0.,0.,1.));
#15405=DIRECTION('',(1.,0.,0.));
#15406=DIRECTION('',(0.,1.,0.));
#15407=DIRECTION('',(0.,0.,1.));
#15408=DIRECTION('',(-1.,0.,0.));
#15409=DIRECTION('',(0.,0.,1.));
#15410=DIRECTION('',(-1.,0.,0.));
#15411=DIRECTION('',(0.,0.,1.));
#15412=DIRECTION('',(1.,0.,0.));
#15413=DIRECTION('',(0.,0.,1.));
#15414=DIRECTION('',(1.,0.,0.));
#15415=DIRECTION('',(0.,0.,1.));
#15416=DIRECTION('',(0.,0.,1.));
#15417=DIRECTION('',(1.,0.,0.));
#15418=DIRECTION('',(1.,0.,0.));
#15419=DIRECTION('',(0.,0.,-1.));
#15420=DIRECTION('',(0.,1.,0.));
#15421=DIRECTION('',(0.,0.,1.));
#15422=DIRECTION('',(0.,1.,0.));
#15423=DIRECTION('',(1.,0.,0.));
#15424=DIRECTION('',(0.,0.,-1.));
#15425=DIRECTION('',(0.,1.,0.));
#15426=DIRECTION('',(0.,0.,1.));
#15427=DIRECTION('',(0.,1.,0.));
#15428=DIRECTION('',(0.,0.,1.));
#15429=DIRECTION('',(0.,0.,1.));
#15430=DIRECTION('',(1.,0.,0.));
#15431=DIRECTION('',(0.,0.,1.));
#15432=DIRECTION('',(1.,0.,0.));
#15433=DIRECTION('',(0.,0.,1.));
#15434=DIRECTION('',(0.,0.,1.));
#15435=DIRECTION('',(1.,0.,0.));
#15436=DIRECTION('',(-4.35951449460141E-16,1.,0.));
#15437=DIRECTION('',(-1.,-4.35951449460141E-16,0.));
#15438=DIRECTION('',(-1.,-4.35951449460141E-16,0.));
#15439=DIRECTION('',(0.,0.,1.));
#15440=DIRECTION('',(-1.,-4.35951449460141E-16,0.));
#15441=DIRECTION('',(0.,0.,1.));
#15442=DIRECTION('',(1.,0.,0.));
#15443=DIRECTION('',(0.,0.,1.));
#15444=DIRECTION('',(1.,0.,0.));
#15445=DIRECTION('',(0.,0.,1.));
#15446=DIRECTION('',(0.,0.,1.));
#15447=DIRECTION('',(1.,0.,0.));
#15448=DIRECTION('',(-1.,0.,0.));
#15449=DIRECTION('',(0.,0.,1.));
#15450=DIRECTION('',(0.,-1.,0.));
#15451=DIRECTION('',(0.,0.,1.));
#15452=DIRECTION('',(0.,-1.,0.));
#15453=DIRECTION('',(0.,0.,1.));
#15454=DIRECTION('',(1.,0.,0.));
#15455=DIRECTION('',(0.,0.,1.));
#15456=DIRECTION('',(1.,0.,0.));
#15457=DIRECTION('',(0.,0.,1.));
#15458=DIRECTION('',(0.,0.,1.));
#15459=DIRECTION('',(1.,0.,0.));
#15460=DIRECTION('',(0.,1.,0.));
#15461=DIRECTION('',(0.,0.,1.));
#15462=DIRECTION('',(-1.,0.,0.));
#15463=DIRECTION('',(0.,0.,1.));
#15464=DIRECTION('',(-1.,0.,0.));
#15465=DIRECTION('',(0.,1.,0.));
#15466=DIRECTION('',(0.,0.,1.));
#15467=DIRECTION('',(-1.,0.,0.));
#15468=DIRECTION('',(0.,0.,1.));
#15469=DIRECTION('',(-1.,0.,0.));
#15470=DIRECTION('',(0.,0.,1.));
#15471=DIRECTION('',(0.,0.,1.));
#15472=DIRECTION('',(1.,0.,0.));
#15473=DIRECTION('',(0.,0.,1.));
#15474=DIRECTION('',(1.,0.,0.));
#15475=DIRECTION('',(0.,0.,1.));
#15476=DIRECTION('',(0.,0.,1.));
#15477=DIRECTION('',(1.,0.,0.));
#15478=DIRECTION('',(1.,0.,0.));
#15479=DIRECTION('',(0.,0.,-1.));
#15480=DIRECTION('',(0.,1.,0.));
#15481=DIRECTION('',(0.,0.,1.));
#15482=DIRECTION('',(0.,1.,0.));
#15483=DIRECTION('',(0.,0.,1.));
#15484=DIRECTION('',(1.,0.,0.));
#15485=DIRECTION('',(0.,0.,1.));
#15486=DIRECTION('',(1.,0.,0.));
#15487=DIRECTION('',(0.,0.,1.));
#15488=DIRECTION('',(0.,0.,1.));
#15489=DIRECTION('',(1.,0.,0.));
#15490=DIRECTION('',(0.,1.,0.));
#15491=DIRECTION('',(0.,0.,1.));
#15492=DIRECTION('',(-1.,0.,0.));
#15493=DIRECTION('',(0.,0.,1.));
#15494=DIRECTION('',(-1.,0.,0.));
#15495=DIRECTION('',(0.,0.,1.));
#15496=DIRECTION('',(1.,0.,0.));
#15497=DIRECTION('',(0.,0.,1.));
#15498=DIRECTION('',(1.,0.,0.));
#15499=DIRECTION('',(0.,0.,1.));
#15500=DIRECTION('',(0.,0.,1.));
#15501=DIRECTION('',(1.,0.,0.));
#15502=DIRECTION('',(1.,0.,0.));
#15503=DIRECTION('',(0.,0.,-1.));
#15504=DIRECTION('',(0.,1.,0.));
#15505=DIRECTION('',(0.,0.,1.));
#15506=DIRECTION('',(0.,1.,0.));
#15507=DIRECTION('',(1.,0.,0.));
#15508=DIRECTION('',(0.,0.,-1.));
#15509=DIRECTION('',(0.,1.,0.));
#15510=DIRECTION('',(0.,0.,1.));
#15511=DIRECTION('',(0.,1.,0.));
#15512=DIRECTION('',(0.,0.,1.));
#15513=DIRECTION('',(0.,0.,1.));
#15514=DIRECTION('',(1.,0.,0.));
#15515=DIRECTION('',(0.,0.,1.));
#15516=DIRECTION('',(1.,0.,0.));
#15517=DIRECTION('',(0.,0.,1.));
#15518=DIRECTION('',(0.,0.,1.));
#15519=DIRECTION('',(1.,0.,0.));
#15520=DIRECTION('',(0.,1.,0.));
#15521=DIRECTION('',(0.,0.,1.));
#15522=DIRECTION('',(-1.,0.,0.));
#15523=DIRECTION('',(0.,0.,1.));
#15524=DIRECTION('',(-1.,0.,0.));
#15525=DIRECTION('',(0.,0.,1.));
#15526=DIRECTION('',(1.,0.,0.));
#15527=DIRECTION('',(0.,0.,1.));
#15528=DIRECTION('',(1.,0.,0.));
#15529=DIRECTION('',(0.,0.,1.));
#15530=DIRECTION('',(0.,0.,1.));
#15531=DIRECTION('',(1.,0.,0.));
#15532=DIRECTION('',(1.,5.59588218057035E-17,0.));
#15533=DIRECTION('',(-5.59588218057035E-17,1.,0.));
#15534=DIRECTION('',(-5.59588218057035E-17,1.,0.));
#15535=DIRECTION('',(0.,0.,1.));
#15536=DIRECTION('',(-5.59588218057035E-17,1.,0.));
#15537=DIRECTION('',(0.,0.,1.));
#15538=DIRECTION('',(1.,0.,0.));
#15539=DIRECTION('',(0.,0.,1.));
#15540=DIRECTION('',(1.,0.,0.));
#15541=DIRECTION('',(0.,0.,1.));
#15542=DIRECTION('',(0.,0.,1.));
#15543=DIRECTION('',(1.,0.,0.));
#15544=DIRECTION('',(0.,1.,0.));
#15545=DIRECTION('',(0.,0.,1.));
#15546=DIRECTION('',(-1.,0.,0.));
#15547=DIRECTION('',(0.,0.,1.));
#15548=DIRECTION('',(-1.,0.,0.));
#15549=DIRECTION('',(0.,1.,0.));
#15550=DIRECTION('',(0.,0.,1.));
#15551=DIRECTION('',(-1.,0.,0.));
#15552=DIRECTION('',(0.,0.,1.));
#15553=DIRECTION('',(-1.,0.,0.));
#15554=DIRECTION('',(0.,0.,1.));
#15555=DIRECTION('',(0.,0.,1.));
#15556=DIRECTION('',(1.,0.,0.));
#15557=DIRECTION('',(0.,0.,1.));
#15558=DIRECTION('',(1.,0.,0.));
#15559=DIRECTION('',(0.,0.,1.));
#15560=DIRECTION('',(0.,0.,1.));
#15561=DIRECTION('',(1.,0.,0.));
#15562=DIRECTION('',(1.,0.,0.));
#15563=DIRECTION('',(0.,0.,-1.));
#15564=DIRECTION('',(0.,1.,0.));
#15565=DIRECTION('',(0.,0.,1.));
#15566=DIRECTION('',(0.,1.,0.));
#15567=DIRECTION('',(0.,0.,1.));
#15568=DIRECTION('',(1.,0.,0.));
#15569=DIRECTION('',(0.,0.,1.));
#15570=DIRECTION('',(1.,0.,0.));
#15571=DIRECTION('',(0.,0.,1.));
#15572=DIRECTION('',(0.,0.,1.));
#15573=DIRECTION('',(1.,0.,0.));
#15574=DIRECTION('',(0.,1.,0.));
#15575=DIRECTION('',(0.,0.,1.));
#15576=DIRECTION('',(-1.,0.,0.));
#15577=DIRECTION('',(0.,0.,1.));
#15578=DIRECTION('',(-1.,0.,0.));
#15579=DIRECTION('',(0.,0.,1.));
#15580=DIRECTION('',(1.,0.,0.));
#15581=DIRECTION('',(0.,0.,1.));
#15582=DIRECTION('',(1.,0.,0.));
#15583=DIRECTION('',(0.,0.,1.));
#15584=DIRECTION('',(0.,0.,1.));
#15585=DIRECTION('',(1.,0.,0.));
#15586=DIRECTION('',(1.,0.,0.));
#15587=DIRECTION('',(0.,0.,-1.));
#15588=DIRECTION('',(0.,1.,0.));
#15589=DIRECTION('',(0.,0.,1.));
#15590=DIRECTION('',(0.,1.,0.));
#15591=DIRECTION('',(1.,0.,0.));
#15592=DIRECTION('',(0.,0.,-1.));
#15593=DIRECTION('',(0.,1.,0.));
#15594=DIRECTION('',(0.,0.,1.));
#15595=DIRECTION('',(0.,1.,0.));
#15596=DIRECTION('',(0.,0.,1.));
#15597=DIRECTION('',(0.,0.,1.));
#15598=DIRECTION('',(1.,0.,0.));
#15599=DIRECTION('',(0.,0.,1.));
#15600=DIRECTION('',(1.,0.,0.));
#15601=DIRECTION('',(0.,0.,1.));
#15602=DIRECTION('',(0.,0.,1.));
#15603=DIRECTION('',(1.,0.,0.));
#15604=DIRECTION('',(0.,1.,0.));
#15605=DIRECTION('',(0.,0.,1.));
#15606=DIRECTION('',(-1.,0.,0.));
#15607=DIRECTION('',(0.,0.,1.));
#15608=DIRECTION('',(-1.,0.,0.));
#15609=DIRECTION('',(0.,0.,1.));
#15610=DIRECTION('',(1.,0.,0.));
#15611=DIRECTION('',(0.,0.,1.));
#15612=DIRECTION('',(1.,0.,0.));
#15613=DIRECTION('',(0.,0.,1.));
#15614=DIRECTION('',(0.,0.,1.));
#15615=DIRECTION('',(1.,0.,0.));
#15616=DIRECTION('',(1.,0.,0.));
#15617=DIRECTION('',(0.,0.,-1.));
#15618=DIRECTION('',(0.,1.,0.));
#15619=DIRECTION('',(0.,0.,1.));
#15620=DIRECTION('',(0.,1.,0.));
#15621=DIRECTION('',(0.,0.,1.));
#15622=DIRECTION('',(1.,0.,0.));
#15623=DIRECTION('',(0.,0.,1.));
#15624=DIRECTION('',(1.,0.,0.));
#15625=DIRECTION('',(0.,0.,1.));
#15626=DIRECTION('',(0.,0.,1.));
#15627=DIRECTION('',(1.,0.,0.));
#15628=DIRECTION('',(0.,1.,0.));
#15629=DIRECTION('',(0.,0.,1.));
#15630=DIRECTION('',(-1.,0.,0.));
#15631=DIRECTION('',(0.,0.,1.));
#15632=DIRECTION('',(-1.,0.,0.));
#15633=DIRECTION('',(0.,1.,0.));
#15634=DIRECTION('',(0.,0.,1.));
#15635=DIRECTION('',(-1.,0.,0.));
#15636=DIRECTION('',(0.,0.,1.));
#15637=DIRECTION('',(-1.,0.,0.));
#15638=DIRECTION('',(0.,0.,1.));
#15639=DIRECTION('',(0.,0.,1.));
#15640=DIRECTION('',(1.,0.,0.));
#15641=DIRECTION('',(0.,0.,1.));
#15642=DIRECTION('',(1.,0.,0.));
#15643=DIRECTION('',(0.,0.,1.));
#15644=DIRECTION('',(0.,0.,1.));
#15645=DIRECTION('',(1.,0.,0.));
#15646=DIRECTION('',(1.,0.,0.));
#15647=DIRECTION('',(0.,0.,-1.));
#15648=DIRECTION('',(0.,1.,0.));
#15649=DIRECTION('',(0.,0.,1.));
#15650=DIRECTION('',(0.,1.,0.));
#15651=DIRECTION('',(0.,0.,1.));
#15652=DIRECTION('',(1.,0.,0.));
#15653=DIRECTION('',(0.,0.,1.));
#15654=DIRECTION('',(1.,0.,0.));
#15655=DIRECTION('',(0.,0.,1.));
#15656=DIRECTION('',(0.,0.,1.));
#15657=DIRECTION('',(1.,0.,0.));
#15658=DIRECTION('',(0.,1.,0.));
#15659=DIRECTION('',(0.,0.,1.));
#15660=DIRECTION('',(-1.,0.,0.));
#15661=DIRECTION('',(0.,0.,1.));
#15662=DIRECTION('',(-1.,0.,0.));
#15663=DIRECTION('',(0.,0.,1.));
#15664=DIRECTION('',(1.,0.,0.));
#15665=DIRECTION('',(0.,0.,1.));
#15666=DIRECTION('',(1.,0.,0.));
#15667=DIRECTION('',(0.,0.,1.));
#15668=DIRECTION('',(0.,0.,1.));
#15669=DIRECTION('',(1.,0.,0.));
#15670=DIRECTION('',(1.,0.,0.));
#15671=DIRECTION('',(0.,0.,-1.));
#15672=DIRECTION('',(0.,1.,0.));
#15673=DIRECTION('',(0.,0.,1.));
#15674=DIRECTION('',(0.,1.,0.));
#15675=DIRECTION('',(1.,0.,0.));
#15676=DIRECTION('',(0.,0.,-1.));
#15677=DIRECTION('',(0.,1.,0.));
#15678=DIRECTION('',(0.,0.,1.));
#15679=DIRECTION('',(0.,1.,0.));
#15680=DIRECTION('',(0.,0.,1.));
#15681=DIRECTION('',(0.,0.,1.));
#15682=DIRECTION('',(1.,0.,0.));
#15683=DIRECTION('',(0.,0.,1.));
#15684=DIRECTION('',(1.,0.,0.));
#15685=DIRECTION('',(0.,0.,1.));
#15686=DIRECTION('',(0.,0.,1.));
#15687=DIRECTION('',(1.,0.,0.));
#15688=DIRECTION('',(0.,1.,0.));
#15689=DIRECTION('',(0.,0.,1.));
#15690=DIRECTION('',(-1.,0.,0.));
#15691=DIRECTION('',(0.,0.,1.));
#15692=DIRECTION('',(-1.,0.,0.));
#15693=DIRECTION('',(0.,0.,1.));
#15694=DIRECTION('',(1.,0.,0.));
#15695=DIRECTION('',(0.,0.,1.));
#15696=DIRECTION('',(1.,0.,0.));
#15697=DIRECTION('',(0.,0.,1.));
#15698=DIRECTION('',(0.,0.,1.));
#15699=DIRECTION('',(1.,0.,0.));
#15700=DIRECTION('',(1.,0.,0.));
#15701=DIRECTION('',(0.,0.,-1.));
#15702=DIRECTION('',(0.,1.,0.));
#15703=DIRECTION('',(0.,0.,1.));
#15704=DIRECTION('',(0.,1.,0.));
#15705=DIRECTION('',(0.,0.,1.));
#15706=DIRECTION('',(1.,0.,0.));
#15707=DIRECTION('',(0.,0.,1.));
#15708=DIRECTION('',(1.,0.,0.));
#15709=DIRECTION('',(0.,0.,1.));
#15710=DIRECTION('',(0.,0.,1.));
#15711=DIRECTION('',(1.,0.,0.));
#15712=DIRECTION('',(0.,1.,0.));
#15713=DIRECTION('',(0.,0.,1.));
#15714=DIRECTION('',(-1.,0.,0.));
#15715=DIRECTION('',(0.,0.,1.));
#15716=DIRECTION('',(-1.,0.,0.));
#15717=DIRECTION('',(0.,1.,0.));
#15718=DIRECTION('',(0.,0.,1.));
#15719=DIRECTION('',(-1.,0.,0.));
#15720=DIRECTION('',(0.,0.,1.));
#15721=DIRECTION('',(-1.,0.,0.));
#15722=DIRECTION('',(0.,0.,1.));
#15723=DIRECTION('',(0.,0.,1.));
#15724=DIRECTION('',(1.,0.,0.));
#15725=DIRECTION('',(0.,0.,1.));
#15726=DIRECTION('',(1.,0.,0.));
#15727=DIRECTION('',(0.,0.,1.));
#15728=DIRECTION('',(0.,0.,1.));
#15729=DIRECTION('',(1.,0.,0.));
#15730=DIRECTION('',(1.,0.,0.));
#15731=DIRECTION('',(0.,0.,-1.));
#15732=DIRECTION('',(0.,1.,0.));
#15733=DIRECTION('',(0.,0.,1.));
#15734=DIRECTION('',(0.,1.,0.));
#15735=DIRECTION('',(0.,0.,1.));
#15736=DIRECTION('',(1.,0.,0.));
#15737=DIRECTION('',(0.,0.,1.));
#15738=DIRECTION('',(1.,0.,0.));
#15739=DIRECTION('',(0.,0.,1.));
#15740=DIRECTION('',(0.,0.,1.));
#15741=DIRECTION('',(1.,0.,0.));
#15742=DIRECTION('',(0.,1.,0.));
#15743=DIRECTION('',(0.,0.,1.));
#15744=DIRECTION('',(-1.,0.,0.));
#15745=DIRECTION('',(0.,0.,1.));
#15746=DIRECTION('',(-1.,0.,0.));
#15747=DIRECTION('',(0.,0.,1.));
#15748=DIRECTION('',(1.,0.,0.));
#15749=DIRECTION('',(0.,0.,1.));
#15750=DIRECTION('',(1.,0.,0.));
#15751=DIRECTION('',(0.,0.,1.));
#15752=DIRECTION('',(0.,0.,1.));
#15753=DIRECTION('',(1.,0.,0.));
#15754=DIRECTION('',(1.,0.,0.));
#15755=DIRECTION('',(0.,0.,-1.));
#15756=DIRECTION('',(0.,1.,0.));
#15757=DIRECTION('',(0.,0.,1.));
#15758=DIRECTION('',(0.,1.,0.));
#15759=DIRECTION('',(1.,0.,0.));
#15760=DIRECTION('',(0.,0.,-1.));
#15761=DIRECTION('',(0.,1.,0.));
#15762=DIRECTION('',(0.,0.,1.));
#15763=DIRECTION('',(0.,1.,0.));
#15764=DIRECTION('',(0.,0.,1.));
#15765=DIRECTION('',(0.,0.,1.));
#15766=DIRECTION('',(1.,0.,0.));
#15767=DIRECTION('',(0.,0.,1.));
#15768=DIRECTION('',(1.,0.,0.));
#15769=DIRECTION('',(0.,0.,1.));
#15770=DIRECTION('',(0.,0.,1.));
#15771=DIRECTION('',(1.,0.,0.));
#15772=DIRECTION('',(0.,1.,0.));
#15773=DIRECTION('',(0.,0.,1.));
#15774=DIRECTION('',(-1.,0.,0.));
#15775=DIRECTION('',(0.,0.,1.));
#15776=DIRECTION('',(-1.,0.,0.));
#15777=DIRECTION('',(0.,0.,1.));
#15778=DIRECTION('',(1.,0.,0.));
#15779=DIRECTION('',(0.,0.,1.));
#15780=DIRECTION('',(1.,0.,0.));
#15781=DIRECTION('',(0.,0.,1.));
#15782=DIRECTION('',(0.,0.,1.));
#15783=DIRECTION('',(1.,0.,0.));
#15784=DIRECTION('',(1.,0.,0.));
#15785=DIRECTION('',(0.,0.,-1.));
#15786=DIRECTION('',(0.,1.,0.));
#15787=DIRECTION('',(0.,0.,1.));
#15788=DIRECTION('',(0.,1.,0.));
#15789=DIRECTION('',(0.,0.,1.));
#15790=DIRECTION('',(1.,0.,0.));
#15791=DIRECTION('',(0.,0.,1.));
#15792=DIRECTION('',(1.,0.,0.));
#15793=DIRECTION('',(0.,0.,1.));
#15794=DIRECTION('',(0.,0.,1.));
#15795=DIRECTION('',(1.,0.,0.));
#15796=DIRECTION('',(0.,1.,0.));
#15797=DIRECTION('',(0.,0.,1.));
#15798=DIRECTION('',(-1.,0.,0.));
#15799=DIRECTION('',(0.,0.,1.));
#15800=DIRECTION('',(-1.,0.,0.));
#15801=DIRECTION('',(1.,0.,0.));
#15802=DIRECTION('',(0.,0.,-1.));
#15803=DIRECTION('',(0.,1.,0.));
#15804=DIRECTION('',(0.,0.,1.));
#15805=DIRECTION('',(0.,1.,0.));
#15806=DIRECTION('',(0.,0.,1.));
#15807=DIRECTION('',(0.,0.,1.));
#15808=DIRECTION('',(1.,0.,0.));
#15809=DIRECTION('',(0.,0.,1.));
#15810=DIRECTION('',(1.,0.,0.));
#15811=DIRECTION('',(0.,0.,1.));
#15812=DIRECTION('',(0.,0.,1.));
#15813=DIRECTION('',(1.,0.,0.));
#15814=DIRECTION('',(0.,1.,0.));
#15815=DIRECTION('',(0.,0.,1.));
#15816=DIRECTION('',(-1.,0.,0.));
#15817=DIRECTION('',(0.,0.,1.));
#15818=DIRECTION('',(-1.,0.,0.));
#15819=DIRECTION('',(0.,0.,1.));
#15820=DIRECTION('',(1.,0.,0.));
#15821=DIRECTION('',(0.,0.,1.));
#15822=DIRECTION('',(1.,0.,0.));
#15823=DIRECTION('',(0.,0.,1.));
#15824=DIRECTION('',(0.,0.,1.));
#15825=DIRECTION('',(1.,0.,0.));
#15826=DIRECTION('',(1.,0.,0.));
#15827=DIRECTION('',(0.,0.,-1.));
#15828=DIRECTION('',(0.,1.,0.));
#15829=DIRECTION('',(0.,0.,1.));
#15830=DIRECTION('',(0.,1.,0.));
#15831=DIRECTION('',(0.,0.,1.));
#15832=DIRECTION('',(1.,0.,0.));
#15833=DIRECTION('',(0.,0.,1.));
#15834=DIRECTION('',(1.,0.,0.));
#15835=DIRECTION('',(0.,0.,1.));
#15836=DIRECTION('',(0.,0.,1.));
#15837=DIRECTION('',(1.,0.,0.));
#15838=DIRECTION('',(0.,1.,0.));
#15839=DIRECTION('',(0.,0.,1.));
#15840=DIRECTION('',(-1.,0.,0.));
#15841=DIRECTION('',(0.,0.,1.));
#15842=DIRECTION('',(-1.,0.,0.));
#15843=DIRECTION('',(0.,1.,0.));
#15844=DIRECTION('',(0.,0.,1.));
#15845=DIRECTION('',(-1.,0.,0.));
#15846=DIRECTION('',(0.,0.,1.));
#15847=DIRECTION('',(-1.,0.,0.));
#15848=DIRECTION('',(0.,0.,1.));
#15849=DIRECTION('',(0.,0.,1.));
#15850=DIRECTION('',(1.,0.,0.));
#15851=DIRECTION('',(0.,0.,1.));
#15852=DIRECTION('',(1.,0.,0.));
#15853=DIRECTION('',(0.,0.,1.));
#15854=DIRECTION('',(0.,0.,1.));
#15855=DIRECTION('',(1.,0.,0.));
#15856=DIRECTION('',(1.,0.,0.));
#15857=DIRECTION('',(0.,0.,-1.));
#15858=DIRECTION('',(0.,1.,0.));
#15859=DIRECTION('',(0.,0.,1.));
#15860=DIRECTION('',(0.,1.,0.));
#15861=DIRECTION('',(0.,0.,1.));
#15862=DIRECTION('',(1.,0.,0.));
#15863=DIRECTION('',(0.,0.,1.));
#15864=DIRECTION('',(1.,0.,0.));
#15865=DIRECTION('',(0.,0.,1.));
#15866=DIRECTION('',(0.,0.,1.));
#15867=DIRECTION('',(1.,0.,0.));
#15868=DIRECTION('',(0.,1.,0.));
#15869=DIRECTION('',(0.,0.,1.));
#15870=DIRECTION('',(-1.,0.,0.));
#15871=DIRECTION('',(0.,0.,1.));
#15872=DIRECTION('',(-1.,0.,0.));
#15873=DIRECTION('',(0.,0.,1.));
#15874=DIRECTION('',(1.,0.,0.));
#15875=DIRECTION('',(0.,0.,1.));
#15876=DIRECTION('',(1.,0.,0.));
#15877=DIRECTION('',(0.,0.,1.));
#15878=DIRECTION('',(0.,0.,1.));
#15879=DIRECTION('',(1.,0.,0.));
#15880=DIRECTION('',(1.,0.,0.));
#15881=DIRECTION('',(0.,0.,-1.));
#15882=DIRECTION('',(0.,1.,0.));
#15883=DIRECTION('',(0.,0.,1.));
#15884=DIRECTION('',(0.,1.,0.));
#15885=DIRECTION('',(1.,0.,0.));
#15886=DIRECTION('',(0.,0.,-1.));
#15887=DIRECTION('',(0.,1.,0.));
#15888=DIRECTION('',(0.,0.,1.));
#15889=DIRECTION('',(0.,1.,0.));
#15890=DIRECTION('',(0.,0.,1.));
#15891=DIRECTION('',(0.,0.,1.));
#15892=DIRECTION('',(1.,0.,0.));
#15893=DIRECTION('',(0.,0.,1.));
#15894=DIRECTION('',(1.,0.,0.));
#15895=DIRECTION('',(0.,0.,1.));
#15896=DIRECTION('',(0.,0.,1.));
#15897=DIRECTION('',(1.,0.,0.));
#15898=DIRECTION('',(0.,1.,0.));
#15899=DIRECTION('',(0.,0.,1.));
#15900=DIRECTION('',(-1.,0.,0.));
#15901=DIRECTION('',(0.,0.,1.));
#15902=DIRECTION('',(-1.,0.,0.));
#15903=DIRECTION('',(0.,0.,1.));
#15904=DIRECTION('',(1.,0.,0.));
#15905=DIRECTION('',(0.,0.,1.));
#15906=DIRECTION('',(1.,0.,0.));
#15907=DIRECTION('',(0.,0.,1.));
#15908=DIRECTION('',(0.,0.,1.));
#15909=DIRECTION('',(1.,0.,0.));
#15910=DIRECTION('',(1.,0.,0.));
#15911=DIRECTION('',(0.,0.,-1.));
#15912=DIRECTION('',(0.,1.,0.));
#15913=DIRECTION('',(0.,0.,1.));
#15914=DIRECTION('',(0.,1.,0.));
#15915=DIRECTION('',(0.,0.,1.));
#15916=DIRECTION('',(1.,0.,0.));
#15917=DIRECTION('',(0.,0.,1.));
#15918=DIRECTION('',(1.,0.,0.));
#15919=DIRECTION('',(0.,0.,1.));
#15920=DIRECTION('',(0.,0.,1.));
#15921=DIRECTION('',(1.,0.,0.));
#15922=DIRECTION('',(0.,1.,0.));
#15923=DIRECTION('',(0.,0.,1.));
#15924=DIRECTION('',(-1.,0.,0.));
#15925=DIRECTION('',(0.,0.,1.));
#15926=DIRECTION('',(-1.,0.,0.));
#15927=DIRECTION('',(0.,1.,0.));
#15928=DIRECTION('',(0.,0.,1.));
#15929=DIRECTION('',(-1.,0.,0.));
#15930=DIRECTION('',(0.,0.,1.));
#15931=DIRECTION('',(-1.,0.,0.));
#15932=DIRECTION('',(0.,0.,1.));
#15933=DIRECTION('',(0.,0.,1.));
#15934=DIRECTION('',(1.,0.,0.));
#15935=DIRECTION('',(0.,0.,1.));
#15936=DIRECTION('',(1.,0.,0.));
#15937=DIRECTION('',(0.,0.,1.));
#15938=DIRECTION('',(0.,0.,1.));
#15939=DIRECTION('',(1.,0.,0.));
#15940=DIRECTION('',(1.,0.,0.));
#15941=DIRECTION('',(0.,0.,-1.));
#15942=DIRECTION('',(0.,1.,0.));
#15943=DIRECTION('',(0.,0.,1.));
#15944=DIRECTION('',(0.,1.,0.));
#15945=DIRECTION('',(0.,0.,1.));
#15946=DIRECTION('',(1.,0.,0.));
#15947=DIRECTION('',(0.,0.,1.));
#15948=DIRECTION('',(1.,0.,0.));
#15949=DIRECTION('',(0.,0.,1.));
#15950=DIRECTION('',(0.,0.,1.));
#15951=DIRECTION('',(1.,0.,0.));
#15952=DIRECTION('',(0.,1.,0.));
#15953=DIRECTION('',(0.,0.,1.));
#15954=DIRECTION('',(-1.,0.,0.));
#15955=DIRECTION('',(0.,0.,1.));
#15956=DIRECTION('',(-1.,0.,0.));
#15957=DIRECTION('',(0.,0.,1.));
#15958=DIRECTION('',(1.,0.,0.));
#15959=DIRECTION('',(0.,0.,1.));
#15960=DIRECTION('',(1.,0.,0.));
#15961=DIRECTION('',(0.,0.,1.));
#15962=DIRECTION('',(0.,0.,1.));
#15963=DIRECTION('',(1.,0.,0.));
#15964=DIRECTION('',(1.,0.,0.));
#15965=DIRECTION('',(0.,0.,-1.));
#15966=DIRECTION('',(0.,1.,0.));
#15967=DIRECTION('',(0.,0.,1.));
#15968=DIRECTION('',(0.,1.,0.));
#15969=DIRECTION('',(1.,0.,0.));
#15970=DIRECTION('',(0.,0.,-1.));
#15971=DIRECTION('',(0.,1.,0.));
#15972=DIRECTION('',(0.,0.,1.));
#15973=DIRECTION('',(0.,1.,0.));
#15974=DIRECTION('',(0.,0.,1.));
#15975=DIRECTION('',(0.,0.,1.));
#15976=DIRECTION('',(1.,0.,0.));
#15977=DIRECTION('',(0.,0.,1.));
#15978=DIRECTION('',(1.,0.,0.));
#15979=DIRECTION('',(0.,0.,1.));
#15980=DIRECTION('',(0.,0.,1.));
#15981=DIRECTION('',(1.,0.,0.));
#15982=DIRECTION('',(0.,1.,0.));
#15983=DIRECTION('',(0.,0.,1.));
#15984=DIRECTION('',(-1.,0.,0.));
#15985=DIRECTION('',(0.,0.,1.));
#15986=DIRECTION('',(-1.,0.,0.));
#15987=DIRECTION('',(0.,0.,1.));
#15988=DIRECTION('',(1.,0.,0.));
#15989=DIRECTION('',(0.,0.,1.));
#15990=DIRECTION('',(1.,0.,0.));
#15991=DIRECTION('',(0.,0.,1.));
#15992=DIRECTION('',(0.,0.,1.));
#15993=DIRECTION('',(1.,0.,0.));
#15994=DIRECTION('',(1.,0.,0.));
#15995=DIRECTION('',(0.,0.,-1.));
#15996=DIRECTION('',(0.,1.,0.));
#15997=DIRECTION('',(0.,0.,1.));
#15998=DIRECTION('',(0.,1.,0.));
#15999=DIRECTION('',(0.,0.,1.));
#16000=DIRECTION('',(1.,0.,0.));
#16001=DIRECTION('',(0.,0.,1.));
#16002=DIRECTION('',(1.,0.,0.));
#16003=DIRECTION('',(0.,0.,1.));
#16004=DIRECTION('',(0.,0.,1.));
#16005=DIRECTION('',(1.,0.,0.));
#16006=DIRECTION('',(0.,1.,0.));
#16007=DIRECTION('',(0.,0.,1.));
#16008=DIRECTION('',(-1.,0.,0.));
#16009=DIRECTION('',(0.,0.,1.));
#16010=DIRECTION('',(-1.,0.,0.));
#16011=DIRECTION('',(1.,0.,0.));
#16012=DIRECTION('',(0.,0.,-1.));
#16013=DIRECTION('',(0.,1.,0.));
#16014=DIRECTION('',(0.,0.,1.));
#16015=DIRECTION('',(0.,1.,0.));
#16016=DIRECTION('',(0.,0.,1.));
#16017=DIRECTION('',(0.,0.,1.));
#16018=DIRECTION('',(1.,0.,0.));
#16019=DIRECTION('',(0.,0.,1.));
#16020=DIRECTION('',(1.,0.,0.));
#16021=DIRECTION('',(0.,0.,1.));
#16022=DIRECTION('',(0.,0.,1.));
#16023=DIRECTION('',(1.,0.,0.));
#16024=DIRECTION('',(0.,1.,0.));
#16025=DIRECTION('',(0.,0.,1.));
#16026=DIRECTION('',(-1.,0.,0.));
#16027=DIRECTION('',(0.,0.,1.));
#16028=DIRECTION('',(-1.,0.,0.));
#16029=DIRECTION('',(0.,0.,1.));
#16030=DIRECTION('',(1.,0.,0.));
#16031=DIRECTION('',(0.,0.,1.));
#16032=DIRECTION('',(1.,0.,0.));
#16033=DIRECTION('',(0.,0.,1.));
#16034=DIRECTION('',(0.,0.,1.));
#16035=DIRECTION('',(1.,0.,0.));
#16036=DIRECTION('',(1.,0.,0.));
#16037=DIRECTION('',(0.,0.,-1.));
#16038=DIRECTION('',(0.,1.,0.));
#16039=DIRECTION('',(0.,0.,1.));
#16040=DIRECTION('',(0.,1.,0.));
#16041=DIRECTION('',(0.,0.,1.));
#16042=DIRECTION('',(1.,0.,0.));
#16043=DIRECTION('',(0.,0.,1.));
#16044=DIRECTION('',(1.,0.,0.));
#16045=DIRECTION('',(0.,0.,1.));
#16046=DIRECTION('',(0.,0.,1.));
#16047=DIRECTION('',(1.,0.,0.));
#16048=DIRECTION('',(0.,1.,0.));
#16049=DIRECTION('',(0.,0.,1.));
#16050=DIRECTION('',(-1.,0.,0.));
#16051=DIRECTION('',(0.,0.,1.));
#16052=DIRECTION('',(-1.,0.,0.));
#16053=DIRECTION('',(0.,1.,0.));
#16054=DIRECTION('',(0.,0.,1.));
#16055=DIRECTION('',(-1.,0.,0.));
#16056=DIRECTION('',(0.,0.,1.));
#16057=DIRECTION('',(-1.,0.,0.));
#16058=DIRECTION('',(0.,0.,1.));
#16059=DIRECTION('',(0.,0.,1.));
#16060=DIRECTION('',(1.,0.,0.));
#16061=DIRECTION('',(0.,0.,1.));
#16062=DIRECTION('',(1.,0.,0.));
#16063=DIRECTION('',(0.,0.,1.));
#16064=DIRECTION('',(0.,0.,1.));
#16065=DIRECTION('',(1.,0.,0.));
#16066=DIRECTION('',(1.,0.,0.));
#16067=DIRECTION('',(0.,0.,-1.));
#16068=DIRECTION('',(0.,1.,0.));
#16069=DIRECTION('',(0.,0.,1.));
#16070=DIRECTION('',(0.,1.,0.));
#16071=DIRECTION('',(0.,0.,1.));
#16072=DIRECTION('',(1.,0.,0.));
#16073=DIRECTION('',(0.,0.,1.));
#16074=DIRECTION('',(1.,0.,0.));
#16075=DIRECTION('',(0.,0.,1.));
#16076=DIRECTION('',(0.,0.,1.));
#16077=DIRECTION('',(1.,0.,0.));
#16078=DIRECTION('',(0.,1.,0.));
#16079=DIRECTION('',(0.,0.,1.));
#16080=DIRECTION('',(-1.,0.,0.));
#16081=DIRECTION('',(0.,0.,1.));
#16082=DIRECTION('',(-1.,0.,0.));
#16083=DIRECTION('',(0.,0.,1.));
#16084=DIRECTION('',(1.,0.,0.));
#16085=DIRECTION('',(0.,0.,1.));
#16086=DIRECTION('',(1.,0.,0.));
#16087=DIRECTION('',(0.,0.,1.));
#16088=DIRECTION('',(0.,0.,1.));
#16089=DIRECTION('',(1.,0.,0.));
#16090=DIRECTION('',(1.,0.,0.));
#16091=DIRECTION('',(0.,0.,-1.));
#16092=DIRECTION('',(0.,1.,0.));
#16093=DIRECTION('',(0.,0.,1.));
#16094=DIRECTION('',(0.,1.,0.));
#16095=DIRECTION('',(1.,0.,0.));
#16096=DIRECTION('',(0.,0.,-1.));
#16097=DIRECTION('',(0.,1.,0.));
#16098=DIRECTION('',(0.,0.,1.));
#16099=DIRECTION('',(0.,1.,0.));
#16100=DIRECTION('',(0.,0.,1.));
#16101=DIRECTION('',(0.,0.,1.));
#16102=DIRECTION('',(1.,0.,0.));
#16103=DIRECTION('',(0.,0.,1.));
#16104=DIRECTION('',(1.,0.,0.));
#16105=DIRECTION('',(0.,0.,1.));
#16106=DIRECTION('',(0.,0.,1.));
#16107=DIRECTION('',(1.,0.,0.));
#16108=DIRECTION('',(0.,1.,0.));
#16109=DIRECTION('',(0.,0.,1.));
#16110=DIRECTION('',(-1.,0.,0.));
#16111=DIRECTION('',(0.,0.,1.));
#16112=DIRECTION('',(-1.,0.,0.));
#16113=DIRECTION('',(0.,0.,1.));
#16114=DIRECTION('',(1.,0.,0.));
#16115=DIRECTION('',(0.,0.,1.));
#16116=DIRECTION('',(1.,0.,0.));
#16117=DIRECTION('',(0.,0.,1.));
#16118=DIRECTION('',(0.,0.,1.));
#16119=DIRECTION('',(1.,0.,0.));
#16120=DIRECTION('',(1.,0.,0.));
#16121=DIRECTION('',(0.,0.,-1.));
#16122=DIRECTION('',(0.,1.,0.));
#16123=DIRECTION('',(0.,0.,1.));
#16124=DIRECTION('',(0.,1.,0.));
#16125=DIRECTION('',(0.,0.,1.));
#16126=DIRECTION('',(1.,0.,0.));
#16127=DIRECTION('',(0.,0.,1.));
#16128=DIRECTION('',(1.,0.,0.));
#16129=DIRECTION('',(0.,0.,1.));
#16130=DIRECTION('',(0.,0.,1.));
#16131=DIRECTION('',(1.,0.,0.));
#16132=DIRECTION('',(0.,1.,0.));
#16133=DIRECTION('',(0.,0.,1.));
#16134=DIRECTION('',(-1.,0.,0.));
#16135=DIRECTION('',(0.,0.,1.));
#16136=DIRECTION('',(-1.,0.,0.));
#16137=DIRECTION('',(0.,1.,0.));
#16138=DIRECTION('',(0.,0.,1.));
#16139=DIRECTION('',(-1.,0.,0.));
#16140=DIRECTION('',(0.,0.,1.));
#16141=DIRECTION('',(-1.,0.,0.));
#16142=DIRECTION('',(0.,0.,1.));
#16143=DIRECTION('',(0.,0.,1.));
#16144=DIRECTION('',(1.,0.,0.));
#16145=DIRECTION('',(0.,0.,1.));
#16146=DIRECTION('',(1.,0.,0.));
#16147=DIRECTION('',(0.,0.,1.));
#16148=DIRECTION('',(0.,0.,1.));
#16149=DIRECTION('',(1.,0.,0.));
#16150=DIRECTION('',(1.,0.,0.));
#16151=DIRECTION('',(0.,0.,-1.));
#16152=DIRECTION('',(0.,1.,0.));
#16153=DIRECTION('',(0.,0.,1.));
#16154=DIRECTION('',(0.,1.,0.));
#16155=DIRECTION('',(0.,0.,1.));
#16156=DIRECTION('',(1.,0.,0.));
#16157=DIRECTION('',(0.,0.,1.));
#16158=DIRECTION('',(1.,0.,0.));
#16159=DIRECTION('',(0.,0.,1.));
#16160=DIRECTION('',(0.,0.,1.));
#16161=DIRECTION('',(1.,0.,0.));
#16162=DIRECTION('',(0.,1.,0.));
#16163=DIRECTION('',(0.,0.,1.));
#16164=DIRECTION('',(-1.,0.,0.));
#16165=DIRECTION('',(0.,0.,1.));
#16166=DIRECTION('',(-1.,0.,0.));
#16167=DIRECTION('',(0.,0.,1.));
#16168=DIRECTION('',(1.,0.,0.));
#16169=DIRECTION('',(0.,0.,1.));
#16170=DIRECTION('',(1.,0.,0.));
#16171=DIRECTION('',(0.,0.,1.));
#16172=DIRECTION('',(0.,0.,1.));
#16173=DIRECTION('',(1.,0.,0.));
#16174=DIRECTION('',(1.,0.,0.));
#16175=DIRECTION('',(0.,0.,-1.));
#16176=DIRECTION('',(0.,1.,0.));
#16177=DIRECTION('',(0.,0.,1.));
#16178=DIRECTION('',(0.,1.,0.));
#16179=DIRECTION('',(1.,0.,0.));
#16180=DIRECTION('',(0.,0.,-1.));
#16181=DIRECTION('',(0.,1.,0.));
#16182=DIRECTION('',(0.,0.,1.));
#16183=DIRECTION('',(0.,1.,0.));
#16184=DIRECTION('',(0.,0.,1.));
#16185=DIRECTION('',(0.,0.,1.));
#16186=DIRECTION('',(1.,0.,0.));
#16187=DIRECTION('',(0.,0.,1.));
#16188=DIRECTION('',(1.,0.,0.));
#16189=DIRECTION('',(0.,0.,1.));
#16190=DIRECTION('',(0.,0.,1.));
#16191=DIRECTION('',(1.,0.,0.));
#16192=DIRECTION('',(0.,1.,0.));
#16193=DIRECTION('',(0.,0.,1.));
#16194=DIRECTION('',(-1.,0.,0.));
#16195=DIRECTION('',(0.,0.,1.));
#16196=DIRECTION('',(-1.,0.,0.));
#16197=DIRECTION('',(0.,0.,1.));
#16198=DIRECTION('',(1.,0.,0.));
#16199=DIRECTION('',(0.,0.,1.));
#16200=DIRECTION('',(1.,0.,0.));
#16201=DIRECTION('',(0.,0.,1.));
#16202=DIRECTION('',(0.,0.,1.));
#16203=DIRECTION('',(1.,0.,0.));
#16204=DIRECTION('',(1.,0.,0.));
#16205=DIRECTION('',(0.,0.,-1.));
#16206=DIRECTION('',(0.,1.,0.));
#16207=DIRECTION('',(0.,0.,1.));
#16208=DIRECTION('',(0.,1.,0.));
#16209=DIRECTION('',(0.,0.,1.));
#16210=DIRECTION('',(1.,0.,0.));
#16211=DIRECTION('',(0.,0.,1.));
#16212=DIRECTION('',(1.,0.,0.));
#16213=DIRECTION('',(0.,0.,1.));
#16214=DIRECTION('',(0.,0.,1.));
#16215=DIRECTION('',(1.,0.,0.));
#16216=DIRECTION('',(0.,1.,0.));
#16217=DIRECTION('',(0.,0.,1.));
#16218=DIRECTION('',(-1.,0.,0.));
#16219=DIRECTION('',(0.,0.,1.));
#16220=DIRECTION('',(-1.,0.,0.));
#16221=DIRECTION('',(0.,1.,0.));
#16222=DIRECTION('',(0.,0.,1.));
#16223=DIRECTION('',(-1.,0.,0.));
#16224=DIRECTION('',(0.,0.,1.));
#16225=DIRECTION('',(-1.,0.,0.));
#16226=DIRECTION('',(0.,0.,1.));
#16227=DIRECTION('',(0.,0.,1.));
#16228=DIRECTION('',(1.,0.,0.));
#16229=DIRECTION('',(0.,0.,1.));
#16230=DIRECTION('',(1.,0.,0.));
#16231=DIRECTION('',(0.,0.,1.));
#16232=DIRECTION('',(0.,0.,1.));
#16233=DIRECTION('',(1.,0.,0.));
#16234=DIRECTION('',(1.,0.,0.));
#16235=DIRECTION('',(0.,0.,-1.));
#16236=DIRECTION('',(0.,1.,0.));
#16237=DIRECTION('',(0.,0.,1.));
#16238=DIRECTION('',(0.,1.,0.));
#16239=DIRECTION('',(0.,0.,1.));
#16240=DIRECTION('',(1.,0.,0.));
#16241=DIRECTION('',(0.,0.,1.));
#16242=DIRECTION('',(1.,0.,0.));
#16243=DIRECTION('',(0.,0.,1.));
#16244=DIRECTION('',(0.,0.,1.));
#16245=DIRECTION('',(1.,0.,0.));
#16246=DIRECTION('',(0.,1.,0.));
#16247=DIRECTION('',(0.,0.,1.));
#16248=DIRECTION('',(-1.,0.,0.));
#16249=DIRECTION('',(0.,0.,1.));
#16250=DIRECTION('',(-1.,0.,0.));
#16251=DIRECTION('',(0.,0.,1.));
#16252=DIRECTION('',(1.,0.,0.));
#16253=DIRECTION('',(0.,0.,1.));
#16254=DIRECTION('',(1.,0.,0.));
#16255=DIRECTION('',(0.,0.,1.));
#16256=DIRECTION('',(0.,0.,1.));
#16257=DIRECTION('',(1.,0.,0.));
#16258=DIRECTION('',(1.,0.,0.));
#16259=DIRECTION('',(0.,0.,-1.));
#16260=DIRECTION('',(0.,1.,0.));
#16261=DIRECTION('',(0.,0.,1.));
#16262=DIRECTION('',(0.,1.,0.));
#16263=DIRECTION('',(1.,0.,0.));
#16264=DIRECTION('',(0.,0.,-1.));
#16265=DIRECTION('',(0.,1.,0.));
#16266=DIRECTION('',(0.,0.,1.));
#16267=DIRECTION('',(0.,1.,0.));
#16268=DIRECTION('',(0.,0.,1.));
#16269=DIRECTION('',(0.,0.,1.));
#16270=DIRECTION('',(1.,0.,0.));
#16271=DIRECTION('',(0.,0.,1.));
#16272=DIRECTION('',(1.,0.,0.));
#16273=DIRECTION('',(0.,0.,1.));
#16274=DIRECTION('',(0.,0.,1.));
#16275=DIRECTION('',(1.,0.,0.));
#16276=DIRECTION('',(0.,1.,0.));
#16277=DIRECTION('',(0.,0.,1.));
#16278=DIRECTION('',(-1.,0.,0.));
#16279=DIRECTION('',(0.,0.,1.));
#16280=DIRECTION('',(-1.,0.,0.));
#16281=DIRECTION('',(0.,0.,1.));
#16282=DIRECTION('',(1.,0.,0.));
#16283=DIRECTION('',(0.,0.,1.));
#16284=DIRECTION('',(1.,0.,0.));
#16285=DIRECTION('',(0.,0.,1.));
#16286=DIRECTION('',(0.,0.,1.));
#16287=DIRECTION('',(1.,0.,0.));
#16288=DIRECTION('',(1.,0.,0.));
#16289=DIRECTION('',(0.,0.,-1.));
#16290=DIRECTION('',(0.,1.,0.));
#16291=DIRECTION('',(0.,0.,1.));
#16292=DIRECTION('',(0.,1.,0.));
#16293=DIRECTION('',(0.,0.,1.));
#16294=DIRECTION('',(1.,0.,0.));
#16295=DIRECTION('',(0.,0.,1.));
#16296=DIRECTION('',(1.,0.,0.));
#16297=DIRECTION('',(0.,0.,1.));
#16298=DIRECTION('',(0.,0.,1.));
#16299=DIRECTION('',(1.,0.,0.));
#16300=DIRECTION('',(0.,1.,0.));
#16301=DIRECTION('',(0.,0.,1.));
#16302=DIRECTION('',(-1.,0.,0.));
#16303=DIRECTION('',(0.,0.,1.));
#16304=DIRECTION('',(-1.,0.,0.));
#16305=DIRECTION('',(0.,1.,0.));
#16306=DIRECTION('',(0.,0.,1.));
#16307=DIRECTION('',(-1.,0.,0.));
#16308=DIRECTION('',(0.,0.,1.));
#16309=DIRECTION('',(-1.,0.,0.));
#16310=DIRECTION('',(0.,0.,1.));
#16311=DIRECTION('',(0.,0.,1.));
#16312=DIRECTION('',(1.,0.,0.));
#16313=DIRECTION('',(0.,0.,1.));
#16314=DIRECTION('',(1.,0.,0.));
#16315=DIRECTION('',(0.,0.,1.));
#16316=DIRECTION('',(0.,0.,1.));
#16317=DIRECTION('',(1.,0.,0.));
#16318=DIRECTION('',(1.,0.,0.));
#16319=DIRECTION('',(0.,0.,-1.));
#16320=DIRECTION('',(0.,1.,0.));
#16321=DIRECTION('',(0.,0.,1.));
#16322=DIRECTION('',(0.,1.,0.));
#16323=DIRECTION('',(0.,0.,1.));
#16324=DIRECTION('',(1.,0.,0.));
#16325=DIRECTION('',(0.,0.,1.));
#16326=DIRECTION('',(1.,0.,0.));
#16327=DIRECTION('',(0.,0.,1.));
#16328=DIRECTION('',(0.,0.,1.));
#16329=DIRECTION('',(1.,0.,0.));
#16330=DIRECTION('',(0.,1.,0.));
#16331=DIRECTION('',(0.,0.,1.));
#16332=DIRECTION('',(-1.,0.,0.));
#16333=DIRECTION('',(0.,0.,1.));
#16334=DIRECTION('',(-1.,0.,0.));
#16335=DIRECTION('',(0.,0.,1.));
#16336=DIRECTION('',(1.,0.,0.));
#16337=DIRECTION('',(0.,0.,1.));
#16338=DIRECTION('',(1.,0.,0.));
#16339=DIRECTION('',(0.,0.,1.));
#16340=DIRECTION('',(0.,0.,1.));
#16341=DIRECTION('',(1.,0.,0.));
#16342=DIRECTION('',(1.,0.,0.));
#16343=DIRECTION('',(0.,0.,-1.));
#16344=DIRECTION('',(0.,1.,0.));
#16345=DIRECTION('',(0.,0.,1.));
#16346=DIRECTION('',(0.,1.,0.));
#16347=DIRECTION('',(1.,0.,0.));
#16348=DIRECTION('',(0.,0.,-1.));
#16349=DIRECTION('',(0.,1.,0.));
#16350=DIRECTION('',(0.,0.,1.));
#16351=DIRECTION('',(0.,1.,0.));
#16352=DIRECTION('',(0.,0.,1.));
#16353=DIRECTION('',(0.,0.,1.));
#16354=DIRECTION('',(1.,0.,0.));
#16355=DIRECTION('',(0.,0.,1.));
#16356=DIRECTION('',(1.,0.,0.));
#16357=DIRECTION('',(0.,0.,1.));
#16358=DIRECTION('',(0.,0.,1.));
#16359=DIRECTION('',(1.,0.,0.));
#16360=DIRECTION('',(0.,1.,0.));
#16361=DIRECTION('',(0.,0.,1.));
#16362=DIRECTION('',(-1.,0.,0.));
#16363=DIRECTION('',(0.,0.,1.));
#16364=DIRECTION('',(-1.,0.,0.));
#16365=DIRECTION('',(0.,0.,1.));
#16366=DIRECTION('',(1.,0.,0.));
#16367=DIRECTION('',(0.,0.,1.));
#16368=DIRECTION('',(1.,0.,0.));
#16369=DIRECTION('',(0.,0.,1.));
#16370=DIRECTION('',(0.,0.,1.));
#16371=DIRECTION('',(1.,0.,0.));
#16372=DIRECTION('',(1.,0.,0.));
#16373=DIRECTION('',(0.,0.,-1.));
#16374=DIRECTION('',(0.,1.,0.));
#16375=DIRECTION('',(0.,0.,1.));
#16376=DIRECTION('',(0.,1.,0.));
#16377=DIRECTION('',(0.,0.,1.));
#16378=DIRECTION('',(1.,0.,0.));
#16379=DIRECTION('',(0.,0.,1.));
#16380=DIRECTION('',(1.,0.,0.));
#16381=DIRECTION('',(0.,0.,1.));
#16382=DIRECTION('',(0.,0.,1.));
#16383=DIRECTION('',(1.,0.,0.));
#16384=DIRECTION('',(0.,1.,0.));
#16385=DIRECTION('',(0.,0.,1.));
#16386=DIRECTION('',(-1.,0.,0.));
#16387=DIRECTION('',(0.,0.,1.));
#16388=DIRECTION('',(-1.,0.,0.));
#16389=DIRECTION('',(0.,1.,0.));
#16390=DIRECTION('',(0.,0.,1.));
#16391=DIRECTION('',(-1.,0.,0.));
#16392=DIRECTION('',(0.,0.,1.));
#16393=DIRECTION('',(-1.,0.,0.));
#16394=DIRECTION('',(0.,0.,1.));
#16395=DIRECTION('',(0.,0.,1.));
#16396=DIRECTION('',(1.,0.,0.));
#16397=DIRECTION('',(0.,0.,1.));
#16398=DIRECTION('',(1.,0.,0.));
#16399=DIRECTION('',(0.,0.,1.));
#16400=DIRECTION('',(0.,0.,1.));
#16401=DIRECTION('',(1.,0.,0.));
#16402=DIRECTION('',(1.,0.,0.));
#16403=DIRECTION('',(0.,0.,-1.));
#16404=DIRECTION('',(0.,1.,0.));
#16405=DIRECTION('',(0.,0.,1.));
#16406=DIRECTION('',(0.,1.,0.));
#16407=DIRECTION('',(0.,0.,1.));
#16408=DIRECTION('',(1.,0.,0.));
#16409=DIRECTION('',(0.,0.,1.));
#16410=DIRECTION('',(1.,0.,0.));
#16411=DIRECTION('',(0.,0.,1.));
#16412=DIRECTION('',(0.,0.,1.));
#16413=DIRECTION('',(1.,0.,0.));
#16414=DIRECTION('',(0.,1.,0.));
#16415=DIRECTION('',(0.,0.,1.));
#16416=DIRECTION('',(-1.,0.,0.));
#16417=DIRECTION('',(0.,0.,1.));
#16418=DIRECTION('',(-1.,0.,0.));
#16419=DIRECTION('',(0.,0.,1.));
#16420=DIRECTION('',(1.,0.,0.));
#16421=DIRECTION('',(0.,0.,1.));
#16422=DIRECTION('',(1.,0.,0.));
#16423=DIRECTION('',(0.,0.,1.));
#16424=DIRECTION('',(0.,0.,1.));
#16425=DIRECTION('',(1.,0.,0.));
#16426=DIRECTION('',(1.,0.,0.));
#16427=DIRECTION('',(0.,0.,-1.));
#16428=DIRECTION('',(0.,1.,0.));
#16429=DIRECTION('',(0.,0.,1.));
#16430=DIRECTION('',(0.,1.,0.));
#16431=DIRECTION('',(0.,1.,0.));
#16432=DIRECTION('',(0.,0.,1.));
#16433=DIRECTION('',(-1.,0.,0.));
#16434=DIRECTION('',(0.,0.,1.));
#16435=DIRECTION('',(-1.,0.,0.));
#16436=DIRECTION('',(0.,0.,1.));
#16437=DIRECTION('',(0.,0.,1.));
#16438=DIRECTION('',(1.,0.,0.));
#16439=DIRECTION('',(0.,0.,1.));
#16440=DIRECTION('',(1.,0.,0.));
#16441=DIRECTION('',(0.,0.,1.));
#16442=DIRECTION('',(0.,0.,1.));
#16443=DIRECTION('',(1.,0.,0.));
#16444=DIRECTION('',(1.,0.,0.));
#16445=DIRECTION('',(0.,0.,-1.));
#16446=DIRECTION('',(0.,1.,0.));
#16447=DIRECTION('',(0.,0.,1.));
#16448=DIRECTION('',(0.,1.,0.));
#16449=DIRECTION('',(0.,0.,1.));
#16450=DIRECTION('',(1.,0.,0.));
#16451=DIRECTION('',(0.,0.,1.));
#16452=DIRECTION('',(1.,0.,0.));
#16453=DIRECTION('',(0.,0.,1.));
#16454=DIRECTION('',(0.,0.,1.));
#16455=DIRECTION('',(1.,0.,0.));
#16456=DIRECTION('',(0.,1.,0.));
#16457=DIRECTION('',(0.,0.,1.));
#16458=DIRECTION('',(-1.,0.,0.));
#16459=DIRECTION('',(0.,0.,1.));
#16460=DIRECTION('',(-1.,0.,0.));
#16461=DIRECTION('',(0.,0.,1.));
#16462=DIRECTION('',(1.,0.,0.));
#16463=DIRECTION('',(0.,0.,1.));
#16464=DIRECTION('',(1.,0.,0.));
#16465=DIRECTION('',(0.,0.,1.));
#16466=DIRECTION('',(0.,0.,1.));
#16467=DIRECTION('',(1.,0.,0.));
#16468=DIRECTION('',(1.,0.,0.));
#16469=DIRECTION('',(0.,0.,-1.));
#16470=DIRECTION('',(0.,1.,0.));
#16471=DIRECTION('',(0.,0.,1.));
#16472=DIRECTION('',(0.,1.,0.));
#16473=DIRECTION('',(0.,1.,0.));
#16474=DIRECTION('',(0.,0.,1.));
#16475=DIRECTION('',(-1.,0.,0.));
#16476=DIRECTION('',(0.,0.,1.));
#16477=DIRECTION('',(-1.,0.,0.));
#16478=DIRECTION('',(0.,0.,1.));
#16479=DIRECTION('',(0.,0.,1.));
#16480=DIRECTION('',(1.,0.,0.));
#16481=DIRECTION('',(0.,0.,1.));
#16482=DIRECTION('',(1.,0.,0.));
#16483=DIRECTION('',(0.,0.,1.));
#16484=DIRECTION('',(0.,0.,1.));
#16485=DIRECTION('',(1.,0.,0.));
#16486=DIRECTION('',(1.,0.,0.));
#16487=DIRECTION('',(0.,0.,-1.));
#16488=DIRECTION('',(0.,1.,0.));
#16489=DIRECTION('',(0.,0.,1.));
#16490=DIRECTION('',(0.,1.,0.));
#16491=DIRECTION('',(0.,0.,1.));
#16492=DIRECTION('',(1.,0.,0.));
#16493=DIRECTION('',(0.,0.,1.));
#16494=DIRECTION('',(1.,0.,0.));
#16495=DIRECTION('',(0.,0.,1.));
#16496=DIRECTION('',(0.,0.,1.));
#16497=DIRECTION('',(1.,0.,0.));
#16498=DIRECTION('',(0.,1.,0.));
#16499=DIRECTION('',(0.,0.,1.));
#16500=DIRECTION('',(-1.,0.,0.));
#16501=DIRECTION('',(0.,0.,1.));
#16502=DIRECTION('',(-1.,0.,0.));
#16503=DIRECTION('',(0.,0.,1.));
#16504=DIRECTION('',(1.,0.,0.));
#16505=DIRECTION('',(0.,0.,1.));
#16506=DIRECTION('',(1.,0.,0.));
#16507=DIRECTION('',(0.,0.,1.));
#16508=DIRECTION('',(0.,0.,1.));
#16509=DIRECTION('',(1.,0.,0.));
#16510=DIRECTION('',(1.,0.,0.));
#16511=DIRECTION('',(0.,0.,-1.));
#16512=DIRECTION('',(0.,1.,0.));
#16513=DIRECTION('',(0.,0.,1.));
#16514=DIRECTION('',(0.,1.,0.));
#16515=DIRECTION('',(0.,1.,0.));
#16516=DIRECTION('',(0.,0.,1.));
#16517=DIRECTION('',(-1.,0.,0.));
#16518=DIRECTION('',(0.,0.,1.));
#16519=DIRECTION('',(-1.,0.,0.));
#16520=DIRECTION('',(0.,0.,1.));
#16521=DIRECTION('',(0.,0.,1.));
#16522=DIRECTION('',(1.,0.,0.));
#16523=DIRECTION('',(0.,0.,1.));
#16524=DIRECTION('',(1.,0.,0.));
#16525=DIRECTION('',(0.,0.,1.));
#16526=DIRECTION('',(0.,0.,1.));
#16527=DIRECTION('',(1.,0.,0.));
#16528=DIRECTION('',(1.,0.,0.));
#16529=DIRECTION('',(0.,0.,-1.));
#16530=DIRECTION('',(0.,1.,0.));
#16531=DIRECTION('',(0.,0.,1.));
#16532=DIRECTION('',(0.,1.,0.));
#16533=DIRECTION('',(0.,0.,1.));
#16534=DIRECTION('',(1.,0.,0.));
#16535=DIRECTION('',(0.,0.,1.));
#16536=DIRECTION('',(1.,0.,0.));
#16537=DIRECTION('',(0.,0.,1.));
#16538=DIRECTION('',(0.,0.,1.));
#16539=DIRECTION('',(1.,0.,0.));
#16540=DIRECTION('',(0.,1.,0.));
#16541=DIRECTION('',(0.,0.,1.));
#16542=DIRECTION('',(-1.,0.,0.));
#16543=DIRECTION('',(0.,0.,1.));
#16544=DIRECTION('',(-1.,0.,0.));
#16545=DIRECTION('',(0.,0.,1.));
#16546=DIRECTION('',(1.,0.,0.));
#16547=DIRECTION('',(0.,0.,1.));
#16548=DIRECTION('',(1.,0.,0.));
#16549=DIRECTION('',(0.,0.,1.));
#16550=DIRECTION('',(0.,0.,1.));
#16551=DIRECTION('',(1.,0.,0.));
#16552=DIRECTION('',(1.,0.,0.));
#16553=DIRECTION('',(0.,0.,-1.));
#16554=DIRECTION('',(0.,1.,0.));
#16555=DIRECTION('',(0.,0.,1.));
#16556=DIRECTION('',(0.,1.,0.));
#16557=DIRECTION('',(0.,1.,0.));
#16558=DIRECTION('',(0.,0.,1.));
#16559=DIRECTION('',(-1.,0.,0.));
#16560=DIRECTION('',(0.,0.,1.));
#16561=DIRECTION('',(-1.,0.,0.));
#16562=DIRECTION('',(0.,0.,1.));
#16563=DIRECTION('',(0.,0.,1.));
#16564=DIRECTION('',(1.,0.,0.));
#16565=DIRECTION('',(0.,0.,1.));
#16566=DIRECTION('',(1.,0.,0.));
#16567=DIRECTION('',(0.,0.,1.));
#16568=DIRECTION('',(0.,0.,1.));
#16569=DIRECTION('',(1.,0.,0.));
#16570=DIRECTION('',(1.,0.,0.));
#16571=DIRECTION('',(0.,0.,-1.));
#16572=DIRECTION('',(0.,1.,0.));
#16573=DIRECTION('',(0.,0.,1.));
#16574=DIRECTION('',(0.,1.,0.));
#16575=DIRECTION('',(0.,0.,1.));
#16576=DIRECTION('',(1.,0.,0.));
#16577=DIRECTION('',(0.,0.,1.));
#16578=DIRECTION('',(1.,0.,0.));
#16579=DIRECTION('',(0.,0.,1.));
#16580=DIRECTION('',(0.,0.,1.));
#16581=DIRECTION('',(1.,0.,0.));
#16582=DIRECTION('',(0.,1.,0.));
#16583=DIRECTION('',(0.,0.,1.));
#16584=DIRECTION('',(-1.,0.,0.));
#16585=DIRECTION('',(0.,0.,1.));
#16586=DIRECTION('',(-1.,0.,0.));
#16587=DIRECTION('',(0.,0.,1.));
#16588=DIRECTION('',(1.,0.,0.));
#16589=DIRECTION('',(0.,0.,1.));
#16590=DIRECTION('',(1.,0.,0.));
#16591=DIRECTION('',(0.,0.,1.));
#16592=DIRECTION('',(0.,0.,1.));
#16593=DIRECTION('',(1.,0.,0.));
#16594=DIRECTION('',(1.,0.,0.));
#16595=DIRECTION('',(0.,0.,-1.));
#16596=DIRECTION('',(0.,1.,0.));
#16597=DIRECTION('',(0.,0.,1.));
#16598=DIRECTION('',(0.,1.,0.));
#16599=DIRECTION('',(1.,0.,0.));
#16600=DIRECTION('',(0.,0.,-1.));
#16601=DIRECTION('',(0.,1.,0.));
#16602=DIRECTION('',(0.,0.,1.));
#16603=DIRECTION('',(0.,1.,0.));
#16604=DIRECTION('',(0.,0.,1.));
#16605=DIRECTION('',(0.,0.,1.));
#16606=DIRECTION('',(1.,0.,0.));
#16607=DIRECTION('',(0.,0.,1.));
#16608=DIRECTION('',(1.,0.,0.));
#16609=DIRECTION('',(0.,0.,1.));
#16610=DIRECTION('',(0.,0.,1.));
#16611=DIRECTION('',(1.,0.,0.));
#16612=DIRECTION('',(0.,1.,0.));
#16613=DIRECTION('',(0.,0.,1.));
#16614=DIRECTION('',(-1.,0.,0.));
#16615=DIRECTION('',(0.,0.,1.));
#16616=DIRECTION('',(-1.,0.,0.));
#16617=DIRECTION('',(0.,0.,1.));
#16618=DIRECTION('',(1.,0.,0.));
#16619=DIRECTION('',(0.,0.,1.));
#16620=DIRECTION('',(1.,0.,0.));
#16621=DIRECTION('',(0.,0.,1.));
#16622=DIRECTION('',(0.,0.,1.));
#16623=DIRECTION('',(1.,0.,0.));
#16624=DIRECTION('',(1.,0.,0.));
#16625=DIRECTION('',(0.,0.,-1.));
#16626=DIRECTION('',(0.,1.,0.));
#16627=DIRECTION('',(0.,0.,1.));
#16628=DIRECTION('',(0.,1.,0.));
#16629=DIRECTION('',(0.,0.,1.));
#16630=DIRECTION('',(1.,0.,0.));
#16631=DIRECTION('',(0.,0.,1.));
#16632=DIRECTION('',(1.,0.,0.));
#16633=DIRECTION('',(0.,0.,1.));
#16634=DIRECTION('',(0.,0.,1.));
#16635=DIRECTION('',(1.,0.,0.));
#16636=DIRECTION('',(0.,1.,0.));
#16637=DIRECTION('',(0.,0.,1.));
#16638=DIRECTION('',(-1.,0.,0.));
#16639=DIRECTION('',(0.,0.,1.));
#16640=DIRECTION('',(-1.,0.,0.));
#16641=DIRECTION('',(-1.,0.,0.));
#16642=DIRECTION('',(0.,0.,1.));
#16643=DIRECTION('',(0.,-1.,0.));
#16644=DIRECTION('',(0.,0.,1.));
#16645=DIRECTION('',(0.,-1.,0.));
#16646=DIRECTION('',(0.,0.,1.));
#16647=DIRECTION('',(-1.38382499508121E-16,1.,0.));
#16648=DIRECTION('',(-1.,-1.38382499508121E-16,0.));
#16649=DIRECTION('',(-1.,-1.38382499508121E-16,0.));
#16650=DIRECTION('',(0.,0.,1.));
#16651=DIRECTION('',(-1.,-1.38382499508121E-16,0.));
#16652=DIRECTION('',(0.,0.,1.));
#16653=DIRECTION('',(1.,0.,0.));
#16654=DIRECTION('',(0.,0.,-1.));
#16655=DIRECTION('',(0.,1.,0.));
#16656=DIRECTION('',(0.,0.,1.));
#16657=DIRECTION('',(0.,1.,0.));
#16658=DIRECTION('',(0.,0.,1.));
#16659=DIRECTION('',(0.,0.,1.));
#16660=DIRECTION('',(1.,0.,0.));
#16661=DIRECTION('',(0.,0.,1.));
#16662=DIRECTION('',(1.,0.,0.));
#16663=DIRECTION('',(0.,0.,1.));
#16664=DIRECTION('',(1.,0.,0.));
#16665=DIRECTION('',(0.,0.,1.));
#16666=DIRECTION('',(1.,0.,0.));
#16667=DIRECTION('',(0.,0.,1.));
#16668=DIRECTION('',(1.,0.,0.));
#16669=DIRECTION('',(0.,0.,1.));
#16670=DIRECTION('',(1.,0.,0.));
#16671=DIRECTION('',(0.,0.,1.));
#16672=DIRECTION('',(1.,0.,0.));
#16673=DIRECTION('',(0.,0.,1.));
#16674=DIRECTION('',(1.,0.,0.));
#16675=DIRECTION('',(0.,0.,1.));
#16676=DIRECTION('',(1.,0.,0.));
#16677=DIRECTION('',(0.,0.,1.));
#16678=DIRECTION('',(1.,0.,0.));
#16679=DIRECTION('',(0.,0.,1.));
#16680=DIRECTION('',(1.,0.,0.));
#16681=DIRECTION('',(0.,0.,1.));
#16682=DIRECTION('',(1.,0.,0.));
#16683=DIRECTION('',(0.,0.,1.));
#16684=DIRECTION('',(1.,0.,0.));
#16685=DIRECTION('',(0.,0.,1.));
#16686=DIRECTION('',(1.,0.,0.));
#16687=DIRECTION('',(0.,0.,1.));
#16688=DIRECTION('',(1.,0.,0.));
#16689=DIRECTION('',(0.,0.,1.));
#16690=DIRECTION('',(1.,0.,0.));
#16691=DIRECTION('',(0.,0.,1.));
#16692=DIRECTION('',(1.,0.,0.));
#16693=DIRECTION('',(0.,0.,1.));
#16694=DIRECTION('',(1.,0.,0.));
#16695=DIRECTION('',(0.,0.,1.));
#16696=DIRECTION('',(1.,0.,0.));
#16697=DIRECTION('',(0.,0.,1.));
#16698=DIRECTION('',(1.,0.,0.));
#16699=DIRECTION('',(0.,0.,1.));
#16700=DIRECTION('',(1.,0.,0.));
#16701=DIRECTION('',(0.,0.,1.));
#16702=DIRECTION('',(1.,0.,0.));
#16703=DIRECTION('',(0.,0.,1.));
#16704=DIRECTION('',(1.,0.,0.));
#16705=DIRECTION('',(0.,0.,1.));
#16706=DIRECTION('',(1.,0.,0.));
#16707=DIRECTION('',(0.,0.,1.));
#16708=DIRECTION('',(1.,0.,0.));
#16709=DIRECTION('',(0.,0.,1.));
#16710=DIRECTION('',(1.,0.,0.));
#16711=DIRECTION('',(0.,0.,1.));
#16712=DIRECTION('',(1.,0.,0.));
#16713=DIRECTION('',(0.,0.,1.));
#16714=DIRECTION('',(1.,0.,0.));
#16715=DIRECTION('',(0.,0.,1.));
#16716=DIRECTION('',(1.,0.,0.));
#16717=DIRECTION('',(0.,0.,1.));
#16718=DIRECTION('',(1.,0.,0.));
#16719=DIRECTION('',(0.,0.,1.));
#16720=DIRECTION('',(1.,0.,0.));
#16721=DIRECTION('',(0.,0.,1.));
#16722=DIRECTION('',(1.,0.,0.));
#16723=DIRECTION('',(0.,0.,1.));
#16724=DIRECTION('',(1.,0.,0.));
#16725=DIRECTION('',(0.,0.,1.));
#16726=DIRECTION('',(1.,0.,0.));
#16727=DIRECTION('',(0.,0.,1.));
#16728=DIRECTION('',(1.,0.,0.));
#16729=DIRECTION('',(0.,0.,1.));
#16730=DIRECTION('',(1.,0.,0.));
#16731=DIRECTION('',(0.,0.,1.));
#16732=DIRECTION('',(1.,0.,0.));
#16733=DIRECTION('',(0.,0.,1.));
#16734=DIRECTION('',(1.,0.,0.));
#16735=DIRECTION('',(0.,0.,1.));
#16736=DIRECTION('',(1.,0.,0.));
#16737=DIRECTION('',(0.,0.,1.));
#16738=DIRECTION('',(1.,0.,0.));
#16739=DIRECTION('',(0.,0.,1.));
#16740=DIRECTION('',(1.,0.,0.));
#16741=DIRECTION('',(0.,0.,1.));
#16742=DIRECTION('',(1.,0.,0.));
#16743=DIRECTION('',(0.,0.,1.));
#16744=DIRECTION('',(1.,0.,0.));
#16745=DIRECTION('',(0.,0.,1.));
#16746=DIRECTION('',(1.,0.,0.));
#16747=DIRECTION('',(0.,0.,1.));
#16748=DIRECTION('',(1.,0.,0.));
#16749=DIRECTION('',(0.,0.,1.));
#16750=DIRECTION('',(1.,0.,0.));
#16751=DIRECTION('',(0.,0.,1.));
#16752=DIRECTION('',(1.,0.,0.));
#16753=DIRECTION('',(0.,0.,1.));
#16754=DIRECTION('',(1.,0.,0.));
#16755=DIRECTION('',(0.,0.,1.));
#16756=DIRECTION('',(1.,0.,0.));
#16757=DIRECTION('',(0.,0.,1.));
#16758=DIRECTION('',(1.,0.,0.));
#16759=DIRECTION('',(0.,0.,1.));
#16760=DIRECTION('',(1.,0.,0.));
#16761=DIRECTION('',(0.,0.,1.));
#16762=DIRECTION('',(1.,0.,0.));
#16763=DIRECTION('',(0.,0.,1.));
#16764=DIRECTION('',(1.,0.,0.));
#16765=DIRECTION('',(0.,0.,1.));
#16766=DIRECTION('',(1.,0.,0.));
#16767=DIRECTION('',(0.,0.,1.));
#16768=DIRECTION('',(1.,0.,0.));
#16769=DIRECTION('',(0.,0.,1.));
#16770=DIRECTION('',(1.,0.,0.));
#16771=DIRECTION('',(0.,0.,1.));
#16772=DIRECTION('',(1.,0.,0.));
#16773=DIRECTION('',(0.,0.,1.));
#16774=DIRECTION('',(1.,0.,0.));
#16775=DIRECTION('',(0.,0.,1.));
#16776=DIRECTION('',(1.,0.,0.));
#16777=DIRECTION('',(0.,0.,1.));
#16778=DIRECTION('',(1.,0.,0.));
#16779=DIRECTION('',(0.,0.,1.));
#16780=DIRECTION('',(1.,0.,0.));
#16781=DIRECTION('',(0.,0.,1.));
#16782=DIRECTION('',(1.,0.,0.));
#16783=DIRECTION('',(0.,0.,1.));
#16784=DIRECTION('',(1.,0.,0.));
#16785=DIRECTION('',(0.,0.,1.));
#16786=DIRECTION('',(1.,0.,0.));
#16787=DIRECTION('',(0.,0.,1.));
#16788=DIRECTION('',(1.,0.,0.));
#16789=DIRECTION('',(0.,0.,1.));
#16790=DIRECTION('',(1.,0.,0.));
#16791=DIRECTION('',(0.,0.,1.));
#16792=DIRECTION('',(1.,0.,0.));
#16793=DIRECTION('',(0.,0.,1.));
#16794=DIRECTION('',(1.,0.,0.));
#16795=DIRECTION('',(0.,0.,1.));
#16796=DIRECTION('',(1.,0.,0.));
#16797=DIRECTION('',(0.,0.,1.));
#16798=DIRECTION('',(1.,0.,0.));
#16799=DIRECTION('',(0.,0.,1.));
#16800=DIRECTION('',(1.,0.,0.));
#16801=DIRECTION('',(0.,0.,1.));
#16802=DIRECTION('',(1.,0.,0.));
#16803=DIRECTION('',(0.,0.,1.));
#16804=DIRECTION('',(1.,0.,0.));
#16805=DIRECTION('',(0.,0.,1.));
#16806=DIRECTION('',(1.,0.,0.));
#16807=DIRECTION('',(0.,0.,1.));
#16808=DIRECTION('',(1.,0.,0.));
#16809=DIRECTION('',(0.,0.,1.));
#16810=DIRECTION('',(1.,0.,0.));
#16811=DIRECTION('',(0.,0.,1.));
#16812=DIRECTION('',(1.,0.,0.));
#16813=DIRECTION('',(0.,0.,1.));
#16814=DIRECTION('',(1.,0.,0.));
#16815=DIRECTION('',(0.,0.,1.));
#16816=DIRECTION('',(1.,0.,0.));
#16817=DIRECTION('',(0.,0.,1.));
#16818=DIRECTION('',(1.,0.,0.));
#16819=DIRECTION('',(0.,0.,1.));
#16820=DIRECTION('',(1.,0.,0.));
#16821=DIRECTION('',(0.,0.,1.));
#16822=DIRECTION('',(1.,0.,0.));
#16823=DIRECTION('',(0.,0.,1.));
#16824=DIRECTION('',(1.,0.,0.));
#16825=DIRECTION('',(0.,0.,1.));
#16826=DIRECTION('',(1.,0.,0.));
#16827=DIRECTION('',(0.,0.,1.));
#16828=DIRECTION('',(1.,0.,0.));
#16829=DIRECTION('',(0.,0.,1.));
#16830=DIRECTION('',(1.,0.,0.));
#16831=DIRECTION('',(0.,0.,1.));
#16832=DIRECTION('',(1.,0.,0.));
#16833=DIRECTION('',(0.,0.,1.));
#16834=DIRECTION('',(1.,0.,0.));
#16835=DIRECTION('',(0.,0.,1.));
#16836=DIRECTION('',(1.,0.,0.));
#16837=DIRECTION('',(0.,0.,1.));
#16838=DIRECTION('',(1.,0.,0.));
#16839=DIRECTION('',(0.,0.,1.));
#16840=DIRECTION('',(1.,0.,0.));
#16841=DIRECTION('',(0.,0.,1.));
#16842=DIRECTION('',(1.,0.,0.));
#16843=DIRECTION('',(0.,0.,1.));
#16844=DIRECTION('',(1.,0.,0.));
#16845=DIRECTION('',(0.,0.,1.));
#16846=DIRECTION('',(1.,0.,0.));
#16847=DIRECTION('',(0.,0.,1.));
#16848=DIRECTION('',(1.,0.,0.));
#16849=DIRECTION('',(0.,0.,1.));
#16850=DIRECTION('',(1.,0.,0.));
#16851=DIRECTION('',(0.,0.,1.));
#16852=DIRECTION('',(1.,0.,0.));
#16853=DIRECTION('',(0.,0.,1.));
#16854=DIRECTION('',(1.,0.,0.));
#16855=DIRECTION('',(0.,0.,1.));
#16856=DIRECTION('',(1.,0.,0.));
#16857=DIRECTION('',(0.,0.,1.));
#16858=DIRECTION('',(1.,0.,0.));
#16859=DIRECTION('',(0.,0.,1.));
#16860=DIRECTION('',(1.,0.,0.));
#16861=DIRECTION('',(0.,0.,1.));
#16862=DIRECTION('',(1.,0.,0.));
#16863=DIRECTION('',(0.,0.,1.));
#16864=DIRECTION('',(1.,0.,0.));
#16865=DIRECTION('',(0.,0.,1.));
#16866=DIRECTION('',(1.,0.,0.));
#16867=DIRECTION('',(0.,0.,1.));
#16868=DIRECTION('',(1.,0.,0.));
#16869=DIRECTION('',(0.,0.,1.));
#16870=DIRECTION('',(1.,0.,0.));
#16871=DIRECTION('',(0.,0.,1.));
#16872=DIRECTION('',(1.,0.,0.));
#16873=DIRECTION('',(0.,0.,1.));
#16874=DIRECTION('',(1.,0.,0.));
#16875=DIRECTION('',(0.,0.,1.));
#16876=DIRECTION('',(1.,0.,0.));
#16877=DIRECTION('',(0.,0.,1.));
#16878=DIRECTION('',(1.,0.,0.));
#16879=DIRECTION('',(0.,0.,1.));
#16880=DIRECTION('',(1.,0.,0.));
#16881=DIRECTION('',(0.,0.,1.));
#16882=DIRECTION('',(1.,0.,0.));
#16883=DIRECTION('',(0.,0.,1.));
#16884=DIRECTION('',(1.,0.,0.));
#16885=DIRECTION('',(0.,0.,1.));
#16886=DIRECTION('',(1.,0.,0.));
#16887=DIRECTION('',(0.,0.,1.));
#16888=DIRECTION('',(1.,0.,0.));
#16889=DIRECTION('',(0.,0.,1.));
#16890=DIRECTION('',(1.,0.,0.));
#16891=DIRECTION('',(0.,0.,1.));
#16892=DIRECTION('',(1.,0.,0.));
#16893=DIRECTION('',(0.,0.,1.));
#16894=DIRECTION('',(1.,0.,0.));
#16895=DIRECTION('',(0.,0.,1.));
#16896=DIRECTION('',(1.,0.,0.));
#16897=DIRECTION('',(0.,0.,1.));
#16898=DIRECTION('',(1.,0.,0.));
#16899=DIRECTION('',(0.,0.,1.));
#16900=DIRECTION('',(1.,0.,0.));
#16901=DIRECTION('',(0.,0.,1.));
#16902=DIRECTION('',(1.,0.,0.));
#16903=DIRECTION('',(0.,0.,1.));
#16904=DIRECTION('',(1.,0.,0.));
#16905=DIRECTION('',(0.,0.,1.));
#16906=DIRECTION('',(1.,0.,0.));
#16907=DIRECTION('',(0.,0.,1.));
#16908=DIRECTION('',(1.,0.,0.));
#16909=DIRECTION('',(0.,0.,1.));
#16910=DIRECTION('',(1.,0.,0.));
#16911=DIRECTION('',(0.,0.,1.));
#16912=DIRECTION('',(1.,0.,0.));
#16913=DIRECTION('',(0.,0.,1.));
#16914=DIRECTION('',(1.,0.,0.));
#16915=DIRECTION('',(0.,0.,1.));
#16916=DIRECTION('',(1.,0.,0.));
#16917=DIRECTION('',(0.,0.,1.));
#16918=DIRECTION('',(1.,0.,0.));
#16919=DIRECTION('',(0.,0.,1.));
#16920=DIRECTION('',(1.,0.,0.));
#16921=DIRECTION('',(0.,0.,1.));
#16922=DIRECTION('',(1.,0.,0.));
#16923=DIRECTION('',(0.,0.,1.));
#16924=DIRECTION('',(1.,0.,0.));
#16925=DIRECTION('',(0.,0.,1.));
#16926=DIRECTION('',(1.,0.,0.));
#16927=DIRECTION('',(0.,0.,1.));
#16928=DIRECTION('',(1.,0.,0.));
#16929=DIRECTION('',(0.,0.,1.));
#16930=DIRECTION('',(1.,0.,0.));
#16931=DIRECTION('',(0.,0.,1.));
#16932=DIRECTION('',(1.,0.,0.));
#16933=DIRECTION('',(0.,0.,1.));
#16934=DIRECTION('',(1.,0.,0.));
#16935=DIRECTION('',(0.,0.,1.));
#16936=DIRECTION('',(1.,0.,0.));
#16937=DIRECTION('',(0.,0.,1.));
#16938=DIRECTION('',(1.,0.,0.));
#16939=DIRECTION('',(0.,0.,1.));
#16940=DIRECTION('',(1.,0.,0.));
#16941=DIRECTION('',(0.,0.,1.));
#16942=DIRECTION('',(1.,0.,0.));
#16943=DIRECTION('',(0.,0.,1.));
#16944=DIRECTION('',(1.,0.,0.));
#16945=DIRECTION('',(0.,0.,1.));
#16946=DIRECTION('',(1.,0.,0.));
#16947=DIRECTION('',(0.,0.,1.));
#16948=DIRECTION('',(1.,0.,0.));
#16949=DIRECTION('',(0.,0.,1.));
#16950=DIRECTION('',(1.,0.,0.));
#16951=DIRECTION('',(0.,0.,1.));
#16952=DIRECTION('',(1.,0.,0.));
#16953=DIRECTION('',(0.,0.,1.));
#16954=DIRECTION('',(1.,0.,0.));
#16955=DIRECTION('',(0.,0.,1.));
#16956=DIRECTION('',(1.,0.,0.));
#16957=DIRECTION('',(0.,0.,1.));
#16958=DIRECTION('',(1.,0.,0.));
#16959=DIRECTION('',(0.,0.,1.));
#16960=DIRECTION('',(1.,0.,0.));
#16961=DIRECTION('',(0.,0.,1.));
#16962=DIRECTION('',(1.,0.,0.));
#16963=DIRECTION('',(0.,0.,1.));
#16964=DIRECTION('',(1.,0.,0.));
#16965=DIRECTION('',(0.,0.,1.));
#16966=DIRECTION('',(1.,0.,0.));
#16967=DIRECTION('',(0.,0.,1.));
#16968=DIRECTION('',(1.,0.,0.));
#16969=DIRECTION('',(0.,0.,1.));
#16970=DIRECTION('',(1.,0.,0.));
#16971=DIRECTION('',(0.,0.,1.));
#16972=DIRECTION('',(1.,0.,0.));
#16973=DIRECTION('',(0.,0.,1.));
#16974=DIRECTION('',(1.,0.,0.));
#16975=DIRECTION('',(0.,0.,1.));
#16976=DIRECTION('',(1.,0.,0.));
#16977=DIRECTION('',(0.,0.,1.));
#16978=DIRECTION('',(1.,0.,0.));
#16979=DIRECTION('',(0.,0.,1.));
#16980=DIRECTION('',(1.,0.,0.));
#16981=DIRECTION('',(0.,0.,1.));
#16982=DIRECTION('',(1.,0.,0.));
#16983=DIRECTION('',(0.,0.,1.));
#16984=DIRECTION('',(1.,0.,0.));
#16985=DIRECTION('',(0.,0.,1.));
#16986=DIRECTION('',(1.,0.,0.));
#16987=DIRECTION('',(0.,0.,1.));
#16988=DIRECTION('',(1.,0.,0.));
#16989=DIRECTION('',(0.,0.,1.));
#16990=DIRECTION('',(1.,0.,0.));
#16991=DIRECTION('',(0.,0.,1.));
#16992=DIRECTION('',(1.,0.,0.));
#16993=DIRECTION('',(0.,0.,1.));
#16994=DIRECTION('',(1.,0.,0.));
#16995=DIRECTION('',(0.,0.,1.));
#16996=DIRECTION('',(1.,0.,0.));
#16997=DIRECTION('',(0.,0.,1.));
#16998=DIRECTION('',(1.,0.,0.));
#16999=DIRECTION('',(0.,0.,1.));
#17000=DIRECTION('',(1.,0.,0.));
#17001=DIRECTION('',(0.,0.,1.));
#17002=DIRECTION('',(1.,0.,0.));
#17003=DIRECTION('',(0.,0.,1.));
#17004=DIRECTION('',(1.,0.,0.));
#17005=DIRECTION('',(0.,0.,1.));
#17006=DIRECTION('',(1.,0.,0.));
#17007=DIRECTION('',(0.,0.,1.));
#17008=DIRECTION('',(1.,0.,0.));
#17009=DIRECTION('',(0.,0.,1.));
#17010=DIRECTION('',(1.,0.,0.));
#17011=DIRECTION('',(0.,0.,1.));
#17012=DIRECTION('',(1.,0.,0.));
#17013=DIRECTION('',(0.,0.,1.));
#17014=DIRECTION('',(1.,0.,0.));
#17015=DIRECTION('',(0.,0.,1.));
#17016=DIRECTION('',(1.,0.,0.));
#17017=DIRECTION('',(0.,0.,1.));
#17018=DIRECTION('',(1.,0.,0.));
#17019=DIRECTION('',(0.,0.,1.));
#17020=DIRECTION('',(1.,0.,0.));
#17021=DIRECTION('',(0.,0.,1.));
#17022=DIRECTION('',(1.,0.,0.));
#17023=DIRECTION('',(0.,0.,1.));
#17024=DIRECTION('',(1.,0.,0.));
#17025=DIRECTION('',(0.,0.,1.));
#17026=DIRECTION('',(1.,0.,0.));
#17027=DIRECTION('',(0.,0.,1.));
#17028=DIRECTION('',(1.,0.,0.));
#17029=DIRECTION('',(0.,0.,1.));
#17030=DIRECTION('',(1.,0.,0.));
#17031=DIRECTION('',(0.,0.,1.));
#17032=DIRECTION('',(1.,0.,0.));
#17033=DIRECTION('',(0.,0.,1.));
#17034=DIRECTION('',(1.,0.,0.));
#17035=DIRECTION('',(0.,0.,1.));
#17036=DIRECTION('',(1.,0.,0.));
#17037=DIRECTION('',(0.,0.,1.));
#17038=DIRECTION('',(1.,0.,0.));
#17039=DIRECTION('',(0.,0.,1.));
#17040=DIRECTION('',(1.,0.,0.));
#17041=DIRECTION('',(0.,0.,1.));
#17042=DIRECTION('',(1.,0.,0.));
#17043=DIRECTION('',(0.,0.,1.));
#17044=DIRECTION('',(1.,0.,0.));
#17045=DIRECTION('',(0.,0.,1.));
#17046=DIRECTION('',(1.,0.,0.));
#17047=DIRECTION('',(0.,0.,1.));
#17048=DIRECTION('',(1.,0.,0.));
#17049=DIRECTION('',(0.,0.,1.));
#17050=DIRECTION('',(1.,0.,0.));
#17051=DIRECTION('',(0.,0.,1.));
#17052=DIRECTION('',(1.,0.,0.));
#17053=DIRECTION('',(0.,0.,1.));
#17054=DIRECTION('',(1.,0.,0.));
#17055=DIRECTION('',(0.,0.,1.));
#17056=DIRECTION('',(1.,0.,0.));
#17057=DIRECTION('',(0.,0.,1.));
#17058=DIRECTION('',(1.,0.,0.));
#17059=DIRECTION('',(0.,0.,1.));
#17060=DIRECTION('',(1.,0.,0.));
#17061=DIRECTION('',(0.,0.,1.));
#17062=DIRECTION('',(1.,0.,0.));
#17063=DIRECTION('',(0.,0.,1.));
#17064=DIRECTION('',(1.,0.,0.));
#17065=DIRECTION('',(0.,0.,1.));
#17066=DIRECTION('',(1.,0.,0.));
#17067=DIRECTION('',(0.,0.,1.));
#17068=DIRECTION('',(1.,0.,0.));
#17069=DIRECTION('',(0.,0.,1.));
#17070=DIRECTION('',(1.,0.,0.));
#17071=DIRECTION('',(0.,0.,1.));
#17072=DIRECTION('',(1.,0.,0.));
#17073=DIRECTION('',(0.,0.,1.));
#17074=DIRECTION('',(1.,0.,0.));
#17075=DIRECTION('',(0.,0.,1.));
#17076=DIRECTION('',(1.,0.,0.));
#17077=DIRECTION('',(0.,0.,1.));
#17078=DIRECTION('',(1.,0.,0.));
#17079=DIRECTION('',(0.,0.,1.));
#17080=DIRECTION('',(1.,0.,0.));
#17081=DIRECTION('',(0.,0.,1.));
#17082=DIRECTION('',(1.,0.,0.));
#17083=DIRECTION('',(0.,0.,1.));
#17084=DIRECTION('',(1.,0.,0.));
#17085=DIRECTION('',(0.,0.,1.));
#17086=DIRECTION('',(1.,0.,0.));
#17087=DIRECTION('',(0.,0.,1.));
#17088=DIRECTION('',(1.,0.,0.));
#17089=DIRECTION('',(0.,0.,1.));
#17090=DIRECTION('',(1.,0.,0.));
#17091=DIRECTION('',(0.,0.,1.));
#17092=DIRECTION('',(1.,0.,0.));
#17093=DIRECTION('',(0.,0.,1.));
#17094=DIRECTION('',(1.,0.,0.));
#17095=DIRECTION('',(0.,0.,1.));
#17096=DIRECTION('',(1.,0.,0.));
#17097=DIRECTION('',(-1.18613571006961E-16,1.,0.));
#17098=DIRECTION('',(-1.,-1.18613571006961E-16,0.));
#17099=DIRECTION('',(-1.,-1.18613571006961E-16,0.));
#17100=DIRECTION('',(0.,0.,1.));
#17101=DIRECTION('',(-1.,-1.18613571006961E-16,0.));
#17102=DIRECTION('',(0.,0.,1.));
#17103=DIRECTION('',(0.,0.,1.));
#17104=DIRECTION('',(1.,0.,0.));
#17105=DIRECTION('',(0.,0.,1.));
#17106=DIRECTION('',(1.,0.,0.));
#17107=DIRECTION('',(0.,0.,1.));
#17108=DIRECTION('',(1.,0.,0.));
#17109=DIRECTION('',(0.,0.,1.));
#17110=DIRECTION('',(1.,0.,0.));
#17111=DIRECTION('',(0.,0.,1.));
#17112=DIRECTION('',(1.,0.,0.));
#17113=DIRECTION('',(0.,0.,1.));
#17114=DIRECTION('',(1.,0.,0.));
#17115=DIRECTION('',(0.,0.,1.));
#17116=DIRECTION('',(1.,0.,0.));
#17117=DIRECTION('',(0.,0.,1.));
#17118=DIRECTION('',(1.,0.,0.));
#17119=DIRECTION('',(0.,0.,1.));
#17120=DIRECTION('',(1.,0.,0.));
#17121=DIRECTION('',(0.,0.,1.));
#17122=DIRECTION('',(1.,0.,0.));
#17123=DIRECTION('',(0.,0.,1.));
#17124=DIRECTION('',(1.,0.,0.));
#17125=DIRECTION('',(0.,0.,1.));
#17126=DIRECTION('',(1.,0.,0.));
#17127=DIRECTION('',(0.,0.,1.));
#17128=DIRECTION('',(1.,0.,0.));
#17129=DIRECTION('',(0.,0.,1.));
#17130=DIRECTION('',(1.,0.,0.));
#17131=DIRECTION('',(0.,0.,-1.));
#17132=DIRECTION('',(-1.,0.,0.));
#17133=DIRECTION('',(0.,0.,-1.));
#17134=DIRECTION('',(-1.,0.,0.));
#17135=DIRECTION('',(0.,0.,1.));
#17136=DIRECTION('',(1.,0.,0.));
#17137=CARTESIAN_POINT('',(0.,0.,0.));
#17138=CARTESIAN_POINT('',(-0.0398,-6.93889390390723E-18,-0.002));
#17139=CARTESIAN_POINT('',(-0.0398,-6.93889390390723E-18,0.));
#17140=CARTESIAN_POINT('',(-0.0398,-0.014125,0.));
#17141=CARTESIAN_POINT('',(-0.0398,-0.002625,0.));
#17142=CARTESIAN_POINT('',(-0.0398,-0.014125,-0.002));
#17143=CARTESIAN_POINT('',(-0.0398,-0.014125,-0.002));
#17144=CARTESIAN_POINT('',(-0.0398,-6.93889390390723E-18,-0.002));
#17145=CARTESIAN_POINT('',(-0.0398,-0.002625,-0.002));
#17146=CARTESIAN_POINT('',(-0.0398,-0.002625,-0.002));
#17147=CARTESIAN_POINT('',(-0.0375,-0.014125,-0.002));
#17148=CARTESIAN_POINT('',(-0.0375,-0.014125,0.));
#17149=CARTESIAN_POINT('',(-0.0375,-0.016425,0.));
#17150=CARTESIAN_POINT('',(-0.0375,-0.016425,-0.002));
#17151=CARTESIAN_POINT('',(-0.0375,-0.016425,-0.002));
#17152=CARTESIAN_POINT('',(-0.0375,-0.014125,-0.002));
#17153=CARTESIAN_POINT('',(0.,-0.016425,-0.002));
#17154=CARTESIAN_POINT('',(0.,-0.016425,0.));
#17155=CARTESIAN_POINT('',(-0.026,-0.016425,0.));
#17156=CARTESIAN_POINT('',(-0.026,-0.016425,-0.002));
#17157=CARTESIAN_POINT('',(-0.026,-0.016425,-0.002));
#17158=CARTESIAN_POINT('',(0.,-0.016425,-0.002));
#17159=CARTESIAN_POINT('',(-0.026,-0.014125,-0.002));
#17160=CARTESIAN_POINT('',(-0.026,-0.014125,0.));
#17161=CARTESIAN_POINT('',(-0.0237,-0.014125,0.));
#17162=CARTESIAN_POINT('',(-0.0237,-0.014125,-0.002));
#17163=CARTESIAN_POINT('',(-0.0237,-0.014125,-0.002));
#17164=CARTESIAN_POINT('',(-0.026,-0.014125,-0.002));
#17165=CARTESIAN_POINT('',(-0.0237,-6.93889390390723E-18,-0.002));
#17166=CARTESIAN_POINT('',(-0.0237,-6.93889390390723E-18,0.));
#17167=CARTESIAN_POINT('',(-0.0237,-0.002625,0.));
#17168=CARTESIAN_POINT('',(-0.0237,-0.002625,-0.002));
#17169=CARTESIAN_POINT('',(-0.0237,-0.002625,-0.002));
#17170=CARTESIAN_POINT('',(-0.0237,-6.93889390390723E-18,-0.002));
#17171=CARTESIAN_POINT('',(-0.026,-0.002625,-0.002));
#17172=CARTESIAN_POINT('',(-0.026,-0.002625,0.));
#17173=CARTESIAN_POINT('',(-0.026,-0.000325000000000018,0.));
#17174=CARTESIAN_POINT('',(-0.026,-0.000325000000000018,-0.002));
#17175=CARTESIAN_POINT('',(-0.026,-0.000325000000000018,-0.002));
#17176=CARTESIAN_POINT('',(-0.026,-0.002625,-0.002));
#17177=CARTESIAN_POINT('',(0.,-0.000325000000000018,-0.002));
#17178=CARTESIAN_POINT('',(0.,-0.000325000000000018,0.));
#17179=CARTESIAN_POINT('',(-0.0375,-0.000325000000000018,0.));
#17180=CARTESIAN_POINT('',(-0.0375,-0.000325000000000018,-0.002));
#17181=CARTESIAN_POINT('',(-0.0375,-0.000325000000000018,-0.002));
#17182=CARTESIAN_POINT('',(0.,-0.000325000000000018,-0.002));
#17183=CARTESIAN_POINT('',(0.,-0.000325000000000018,-0.002));
#17184=CARTESIAN_POINT('',(0.,-0.000325000000000018,0.));
#17185=CARTESIAN_POINT('',(-0.00925000000000015,-0.000325000000000018,0.));
#17186=CARTESIAN_POINT('',(-0.02075,-0.000325000000000018,0.));
#17187=CARTESIAN_POINT('',(-0.02075,-0.000325000000000018,-0.002));
#17188=CARTESIAN_POINT('',(-0.02075,-0.000325000000000018,-0.002));
#17189=CARTESIAN_POINT('',(0.,-0.000325000000000018,-0.002));
#17190=CARTESIAN_POINT('',(-0.00925000000000015,-0.000325000000000018,-0.002));
#17191=CARTESIAN_POINT('',(-0.00925000000000015,-0.000325000000000018,-0.002));
#17192=CARTESIAN_POINT('',(-0.02075,-0.002625,-0.002));
#17193=CARTESIAN_POINT('',(-0.02075,-0.002625,0.));
#17194=CARTESIAN_POINT('',(-0.02305,-0.002625,0.));
#17195=CARTESIAN_POINT('',(-0.02305,-0.002625,-0.002));
#17196=CARTESIAN_POINT('',(-0.02305,-0.002625,-0.002));
#17197=CARTESIAN_POINT('',(-0.02075,-0.002625,-0.002));
#17198=CARTESIAN_POINT('',(-0.02305,-6.93889390390723E-18,-0.002));
#17199=CARTESIAN_POINT('',(-0.02305,-6.93889390390723E-18,0.));
#17200=CARTESIAN_POINT('',(-0.02305,-0.014125,0.));
#17201=CARTESIAN_POINT('',(-0.02305,-0.014125,-0.002));
#17202=CARTESIAN_POINT('',(-0.02305,-0.014125,-0.002));
#17203=CARTESIAN_POINT('',(-0.02305,-6.93889390390723E-18,-0.002));
#17204=CARTESIAN_POINT('',(-0.02075,-0.014125,-0.002));
#17205=CARTESIAN_POINT('',(-0.02075,-0.014125,0.));
#17206=CARTESIAN_POINT('',(-0.02075,-0.016425,0.));
#17207=CARTESIAN_POINT('',(-0.02075,-0.016425,-0.002));
#17208=CARTESIAN_POINT('',(-0.02075,-0.016425,-0.002));
#17209=CARTESIAN_POINT('',(-0.02075,-0.014125,-0.002));
#17210=CARTESIAN_POINT('',(0.,-0.016425,-0.002));
#17211=CARTESIAN_POINT('',(0.,-0.016425,0.));
#17212=CARTESIAN_POINT('',(-0.00925000000000015,-0.016425,0.));
#17213=CARTESIAN_POINT('',(-0.00925000000000015,-0.016425,-0.002));
#17214=CARTESIAN_POINT('',(-0.00925000000000015,-0.016425,-0.002));
#17215=CARTESIAN_POINT('',(0.,-0.016425,-0.002));
#17216=CARTESIAN_POINT('',(-0.00925000000000015,-0.014125,-0.002));
#17217=CARTESIAN_POINT('',(-0.00925000000000015,-0.014125,0.));
#17218=CARTESIAN_POINT('',(-0.00695000000000015,-0.014125,0.));
#17219=CARTESIAN_POINT('',(-0.00695000000000015,-0.014125,-0.002));
#17220=CARTESIAN_POINT('',(-0.00695000000000015,-0.014125,-0.002));
#17221=CARTESIAN_POINT('',(-0.00925000000000015,-0.014125,-0.002));
#17222=CARTESIAN_POINT('',(-0.00695000000000015,-7.32780771545688E-18,-0.002));
#17223=CARTESIAN_POINT('',(-0.00695000000000015,-7.32780771545688E-18,0.));
#17224=CARTESIAN_POINT('',(-0.00695000000000015,-0.002625,0.));
#17225=CARTESIAN_POINT('',(-0.00695000000000015,-0.002625,-0.002));
#17226=CARTESIAN_POINT('',(-0.00695000000000015,-0.002625,-0.002));
#17227=CARTESIAN_POINT('',(-0.00695000000000015,-7.32780771545688E-18,-0.002));
#17228=CARTESIAN_POINT('',(-0.00630000000000017,-6.93889390390723E-18,-0.002));
#17229=CARTESIAN_POINT('',(-0.00630000000000017,-6.93889390390723E-18,0.));
#17230=CARTESIAN_POINT('',(-0.00630000000000017,-0.014125,0.));
#17231=CARTESIAN_POINT('',(-0.00630000000000017,-0.002625,0.));
#17232=CARTESIAN_POINT('',(-0.00630000000000017,-0.014125,-0.002));
#17233=CARTESIAN_POINT('',(-0.00630000000000017,-0.014125,-0.002));
#17234=CARTESIAN_POINT('',(-0.00630000000000017,-6.93889390390723E-18,-0.002));
#17235=CARTESIAN_POINT('',(-0.00630000000000017,-0.002625,-0.002));
#17236=CARTESIAN_POINT('',(-0.00630000000000017,-0.002625,-0.002));
#17237=CARTESIAN_POINT('',(-0.00400000000000017,-0.014125,-0.002));
#17238=CARTESIAN_POINT('',(-0.00400000000000017,-0.014125,0.));
#17239=CARTESIAN_POINT('',(-0.00400000000000017,-0.016425,0.));
#17240=CARTESIAN_POINT('',(-0.00400000000000017,-0.016425,-0.002));
#17241=CARTESIAN_POINT('',(-0.00400000000000017,-0.016425,-0.002));
#17242=CARTESIAN_POINT('',(-0.00400000000000017,-0.014125,-0.002));
#17243=CARTESIAN_POINT('',(0.,-0.016425,-0.002));
#17244=CARTESIAN_POINT('',(0.,-0.016425,0.));
#17245=CARTESIAN_POINT('',(0.00749999999999984,-0.016425,0.));
#17246=CARTESIAN_POINT('',(0.00749999999999984,-0.016425,-0.002));
#17247=CARTESIAN_POINT('',(0.00749999999999984,-0.016425,-0.002));
#17248=CARTESIAN_POINT('',(0.,-0.016425,-0.002));
#17249=CARTESIAN_POINT('',(0.00749999999999984,-0.014125,-0.002));
#17250=CARTESIAN_POINT('',(0.00749999999999984,-0.014125,0.));
#17251=CARTESIAN_POINT('',(0.00979999999999984,-0.014125,0.));
#17252=CARTESIAN_POINT('',(0.00979999999999984,-0.014125,-0.002));
#17253=CARTESIAN_POINT('',(0.00979999999999984,-0.014125,-0.002));
#17254=CARTESIAN_POINT('',(0.00749999999999984,-0.014125,-0.002));
#17255=CARTESIAN_POINT('',(0.00979999999999984,-6.93889390390723E-18,-0.002));
#17256=CARTESIAN_POINT('',(0.00979999999999984,-6.93889390390723E-18,0.));
#17257=CARTESIAN_POINT('',(0.00979999999999984,-0.002625,0.));
#17258=CARTESIAN_POINT('',(0.00979999999999984,-0.002625,-0.002));
#17259=CARTESIAN_POINT('',(0.00979999999999984,-0.002625,-0.002));
#17260=CARTESIAN_POINT('',(0.00979999999999984,-6.93889390390723E-18,-0.002));
#17261=CARTESIAN_POINT('',(0.00749999999999984,-0.002625,-0.002));
#17262=CARTESIAN_POINT('',(0.00749999999999984,-0.002625,0.));
#17263=CARTESIAN_POINT('',(0.00749999999999984,-0.000325000000000018,0.));
#17264=CARTESIAN_POINT('',(0.00749999999999984,-0.000325000000000018,-0.002));
#17265=CARTESIAN_POINT('',(0.00749999999999984,-0.000325000000000018,-0.002));
#17266=CARTESIAN_POINT('',(0.00749999999999984,-0.002625,-0.002));
#17267=CARTESIAN_POINT('',(0.,-0.000325000000000018,-0.002));
#17268=CARTESIAN_POINT('',(0.,-0.000325000000000018,0.));
#17269=CARTESIAN_POINT('',(-0.00400000000000017,-0.000325000000000018,0.));
#17270=CARTESIAN_POINT('',(-0.00400000000000017,-0.000325000000000018,-0.002));
#17271=CARTESIAN_POINT('',(-0.00400000000000017,-0.000325000000000018,-0.002));
#17272=CARTESIAN_POINT('',(0.,-0.000325000000000018,-0.002));
#17273=CARTESIAN_POINT('',(0.,-0.016425,-0.002));
#17274=CARTESIAN_POINT('',(0.,-0.016425,0.));
#17275=CARTESIAN_POINT('',(0.02425,-0.016425,0.));
#17276=CARTESIAN_POINT('',(0.0127499999999998,-0.016425,0.));
#17277=CARTESIAN_POINT('',(0.02425,-0.016425,-0.002));
#17278=CARTESIAN_POINT('',(0.02425,-0.016425,-0.002));
#17279=CARTESIAN_POINT('',(0.,-0.016425,-0.002));
#17280=CARTESIAN_POINT('',(0.0127499999999998,-0.016425,-0.002));
#17281=CARTESIAN_POINT('',(0.0127499999999998,-0.016425,-0.002));
#17282=CARTESIAN_POINT('',(0.02425,-0.014125,-0.002));
#17283=CARTESIAN_POINT('',(0.02425,-0.014125,0.));
#17284=CARTESIAN_POINT('',(0.02655,-0.014125,0.));
#17285=CARTESIAN_POINT('',(0.02655,-0.014125,-0.002));
#17286=CARTESIAN_POINT('',(0.02655,-0.014125,-0.002));
#17287=CARTESIAN_POINT('',(0.02425,-0.014125,-0.002));
#17288=CARTESIAN_POINT('',(0.02655,-6.93889390390723E-18,-0.002));
#17289=CARTESIAN_POINT('',(0.02655,-6.93889390390723E-18,0.));
#17290=CARTESIAN_POINT('',(0.02655,-0.002625,0.));
#17291=CARTESIAN_POINT('',(0.02655,-0.002625,-0.002));
#17292=CARTESIAN_POINT('',(0.02655,-0.002625,-0.002));
#17293=CARTESIAN_POINT('',(0.02655,-6.93889390390723E-18,-0.002));
#17294=CARTESIAN_POINT('',(0.02425,-0.002625,-0.002));
#17295=CARTESIAN_POINT('',(0.02425,-0.002625,0.));
#17296=CARTESIAN_POINT('',(0.02425,-0.000325000000000018,0.));
#17297=CARTESIAN_POINT('',(0.02425,-0.000325000000000018,-0.002));
#17298=CARTESIAN_POINT('',(0.02425,-0.000325000000000018,-0.002));
#17299=CARTESIAN_POINT('',(0.02425,-0.002625,-0.002));
#17300=CARTESIAN_POINT('',(0.,-0.000325000000000018,-0.002));
#17301=CARTESIAN_POINT('',(0.,-0.000325000000000018,0.));
#17302=CARTESIAN_POINT('',(0.0127499999999998,-0.000325000000000018,0.));
#17303=CARTESIAN_POINT('',(0.0127499999999998,-0.000325000000000018,-0.002));
#17304=CARTESIAN_POINT('',(0.0127499999999998,-0.000325000000000018,-0.002));
#17305=CARTESIAN_POINT('',(0.,-0.000325000000000018,-0.002));
#17306=CARTESIAN_POINT('',(0.0127499999999998,-0.002625,-0.002));
#17307=CARTESIAN_POINT('',(0.0127499999999998,-0.002625,0.));
#17308=CARTESIAN_POINT('',(0.0104499999999998,-0.002625,0.));
#17309=CARTESIAN_POINT('',(0.0104499999999998,-0.002625,-0.002));
#17310=CARTESIAN_POINT('',(0.0104499999999998,-0.002625,-0.002));
#17311=CARTESIAN_POINT('',(0.0127499999999998,-0.002625,-0.002));
#17312=CARTESIAN_POINT('',(0.0104499999999998,-6.93889390390723E-18,-0.002));
#17313=CARTESIAN_POINT('',(0.0104499999999998,-6.93889390390723E-18,0.));
#17314=CARTESIAN_POINT('',(0.0104499999999998,-0.014125,0.));
#17315=CARTESIAN_POINT('',(0.0104499999999998,-0.014125,-0.002));
#17316=CARTESIAN_POINT('',(0.0104499999999998,-0.014125,-0.002));
#17317=CARTESIAN_POINT('',(0.0104499999999998,-6.93889390390723E-18,-0.002));
#17318=CARTESIAN_POINT('',(0.,-0.033175,-0.002));
#17319=CARTESIAN_POINT('',(0.,-0.033175,0.));
#17320=CARTESIAN_POINT('',(-0.084625,-0.033175,0.));
#17321=CARTESIAN_POINT('',(-0.096125,-0.033175,0.));
#17322=CARTESIAN_POINT('',(-0.084625,-0.033175,-0.002));
#17323=CARTESIAN_POINT('',(-0.084625,-0.033175,-0.002));
#17324=CARTESIAN_POINT('',(0.,-0.033175,-0.002));
#17325=CARTESIAN_POINT('',(-0.096125,-0.033175,-0.002));
#17326=CARTESIAN_POINT('',(-0.096125,-0.033175,-0.002));
#17327=CARTESIAN_POINT('',(-0.084625,-0.030875,-0.002));
#17328=CARTESIAN_POINT('',(-0.084625,-0.030875,0.));
#17329=CARTESIAN_POINT('',(-0.082325,-0.030875,0.));
#17330=CARTESIAN_POINT('',(-0.082325,-0.030875,-0.002));
#17331=CARTESIAN_POINT('',(-0.082325,-0.030875,-0.002));
#17332=CARTESIAN_POINT('',(-0.084625,-0.030875,-0.002));
#17333=CARTESIAN_POINT('',(-0.082325,-6.93889390390723E-18,-0.002));
#17334=CARTESIAN_POINT('',(-0.082325,-6.93889390390723E-18,0.));
#17335=CARTESIAN_POINT('',(-0.082325,-0.019375,0.));
#17336=CARTESIAN_POINT('',(-0.082325,-0.019375,-0.002));
#17337=CARTESIAN_POINT('',(-0.082325,-0.019375,-0.002));
#17338=CARTESIAN_POINT('',(-0.082325,-6.93889390390723E-18,-0.002));
#17339=CARTESIAN_POINT('',(-0.084625,-0.019375,-0.002));
#17340=CARTESIAN_POINT('',(-0.084625,-0.019375,0.));
#17341=CARTESIAN_POINT('',(-0.084625,-0.017075,0.));
#17342=CARTESIAN_POINT('',(-0.084625,-0.017075,-0.002));
#17343=CARTESIAN_POINT('',(-0.084625,-0.017075,-0.002));
#17344=CARTESIAN_POINT('',(-0.084625,-0.019375,-0.002));
#17345=CARTESIAN_POINT('',(0.,-0.017075,-0.002));
#17346=CARTESIAN_POINT('',(0.,-0.017075,0.));
#17347=CARTESIAN_POINT('',(-0.096125,-0.017075,0.));
#17348=CARTESIAN_POINT('',(-0.096125,-0.017075,-0.002));
#17349=CARTESIAN_POINT('',(-0.096125,-0.017075,-0.002));
#17350=CARTESIAN_POINT('',(0.,-0.017075,-0.002));
#17351=CARTESIAN_POINT('',(-0.096125,-0.019375,-0.002));
#17352=CARTESIAN_POINT('',(-0.096125,-0.019375,0.));
#17353=CARTESIAN_POINT('',(-0.098425,-0.019375,0.));
#17354=CARTESIAN_POINT('',(-0.098425,-0.019375,-0.002));
#17355=CARTESIAN_POINT('',(-0.098425,-0.019375,-0.002));
#17356=CARTESIAN_POINT('',(-0.096125,-0.019375,-0.002));
#17357=CARTESIAN_POINT('',(-0.098425,-6.93889390390723E-18,-0.002));
#17358=CARTESIAN_POINT('',(-0.098425,-6.93889390390723E-18,0.));
#17359=CARTESIAN_POINT('',(-0.098425,-0.030875,0.));
#17360=CARTESIAN_POINT('',(-0.098425,-0.030875,-0.002));
#17361=CARTESIAN_POINT('',(-0.098425,-0.030875,-0.002));
#17362=CARTESIAN_POINT('',(-0.098425,-6.93889390390723E-18,-0.002));
#17363=CARTESIAN_POINT('',(-0.115175,-6.93889390390723E-18,-0.002));
#17364=CARTESIAN_POINT('',(-0.115175,-6.93889390390723E-18,0.));
#17365=CARTESIAN_POINT('',(-0.115175,-0.030875,0.));
#17366=CARTESIAN_POINT('',(-0.115175,-0.019375,0.));
#17367=CARTESIAN_POINT('',(-0.115175,-0.030875,-0.002));
#17368=CARTESIAN_POINT('',(-0.115175,-0.030875,-0.002));
#17369=CARTESIAN_POINT('',(-0.115175,-6.93889390390723E-18,-0.002));
#17370=CARTESIAN_POINT('',(-0.115175,-0.019375,-0.002));
#17371=CARTESIAN_POINT('',(-0.115175,-0.019375,-0.002));
#17372=CARTESIAN_POINT('',(-0.112875,-0.030875,-0.002));
#17373=CARTESIAN_POINT('',(-0.112875,-0.030875,0.));
#17374=CARTESIAN_POINT('',(-0.112875,-0.033175,0.));
#17375=CARTESIAN_POINT('',(-0.112875,-0.033175,-0.002));
#17376=CARTESIAN_POINT('',(-0.112875,-0.033175,-0.002));
#17377=CARTESIAN_POINT('',(-0.112875,-0.030875,-0.002));
#17378=CARTESIAN_POINT('',(0.,-0.033175,-0.002));
#17379=CARTESIAN_POINT('',(0.,-0.033175,0.));
#17380=CARTESIAN_POINT('',(-0.101375,-0.033175,0.));
#17381=CARTESIAN_POINT('',(-0.101375,-0.033175,-0.002));
#17382=CARTESIAN_POINT('',(-0.101375,-0.033175,-0.002));
#17383=CARTESIAN_POINT('',(0.,-0.033175,-0.002));
#17384=CARTESIAN_POINT('',(-0.101375,-0.030875,-0.002));
#17385=CARTESIAN_POINT('',(-0.101375,-0.030875,0.));
#17386=CARTESIAN_POINT('',(-0.099075,-0.030875,0.));
#17387=CARTESIAN_POINT('',(-0.099075,-0.030875,-0.002));
#17388=CARTESIAN_POINT('',(-0.099075,-0.030875,-0.002));
#17389=CARTESIAN_POINT('',(-0.101375,-0.030875,-0.002));
#17390=CARTESIAN_POINT('',(-0.099075,-6.93889390390723E-18,-0.002));
#17391=CARTESIAN_POINT('',(-0.099075,-6.93889390390723E-18,0.));
#17392=CARTESIAN_POINT('',(-0.099075,-0.019375,0.));
#17393=CARTESIAN_POINT('',(-0.099075,-0.019375,-0.002));
#17394=CARTESIAN_POINT('',(-0.099075,-0.019375,-0.002));
#17395=CARTESIAN_POINT('',(-0.099075,-6.93889390390723E-18,-0.002));
#17396=CARTESIAN_POINT('',(-0.101375,-0.019375,-0.002));
#17397=CARTESIAN_POINT('',(-0.101375,-0.019375,0.));
#17398=CARTESIAN_POINT('',(-0.101375,-0.017075,0.));
#17399=CARTESIAN_POINT('',(-0.101375,-0.017075,-0.002));
#17400=CARTESIAN_POINT('',(-0.101375,-0.017075,-0.002));
#17401=CARTESIAN_POINT('',(-0.101375,-0.019375,-0.002));
#17402=CARTESIAN_POINT('',(0.,-0.017075,-0.002));
#17403=CARTESIAN_POINT('',(0.,-0.017075,0.));
#17404=CARTESIAN_POINT('',(-0.112875,-0.017075,0.));
#17405=CARTESIAN_POINT('',(-0.112875,-0.017075,-0.002));
#17406=CARTESIAN_POINT('',(-0.112875,-0.017075,-0.002));
#17407=CARTESIAN_POINT('',(0.,-0.017075,-0.002));
#17408=CARTESIAN_POINT('',(0.,-0.017075,-0.002));
#17409=CARTESIAN_POINT('',(0.,-0.017075,0.));
#17410=CARTESIAN_POINT('',(-0.118125,-0.017075,0.));
#17411=CARTESIAN_POINT('',(-0.129625,-0.017075,0.));
#17412=CARTESIAN_POINT('',(-0.129625,-0.017075,-0.002));
#17413=CARTESIAN_POINT('',(-0.129625,-0.017075,-0.002));
#17414=CARTESIAN_POINT('',(0.,-0.017075,-0.002));
#17415=CARTESIAN_POINT('',(-0.118125,-0.017075,-0.002));
#17416=CARTESIAN_POINT('',(-0.118125,-0.017075,-0.002));
#17417=CARTESIAN_POINT('',(-0.129625,-0.019375,-0.002));
#17418=CARTESIAN_POINT('',(-0.129625,-0.019375,0.));
#17419=CARTESIAN_POINT('',(-0.131925,-0.019375,0.));
#17420=CARTESIAN_POINT('',(-0.131925,-0.019375,-0.002));
#17421=CARTESIAN_POINT('',(-0.131925,-0.019375,-0.002));
#17422=CARTESIAN_POINT('',(-0.129625,-0.019375,-0.002));
#17423=CARTESIAN_POINT('',(-0.131925,-6.93889390390723E-18,-0.002));
#17424=CARTESIAN_POINT('',(-0.131925,-6.93889390390723E-18,0.));
#17425=CARTESIAN_POINT('',(-0.131925,-0.030875,0.));
#17426=CARTESIAN_POINT('',(-0.131925,-0.030875,-0.002));
#17427=CARTESIAN_POINT('',(-0.131925,-0.030875,-0.002));
#17428=CARTESIAN_POINT('',(-0.131925,-6.93889390390723E-18,-0.002));
#17429=CARTESIAN_POINT('',(-0.129625,-0.030875,-0.002));
#17430=CARTESIAN_POINT('',(-0.129625,-0.030875,0.));
#17431=CARTESIAN_POINT('',(-0.129625,-0.033175,0.));
#17432=CARTESIAN_POINT('',(-0.129625,-0.033175,-0.002));
#17433=CARTESIAN_POINT('',(-0.129625,-0.033175,-0.002));
#17434=CARTESIAN_POINT('',(-0.129625,-0.030875,-0.002));
#17435=CARTESIAN_POINT('',(0.,-0.033175,-0.002));
#17436=CARTESIAN_POINT('',(0.,-0.033175,0.));
#17437=CARTESIAN_POINT('',(-0.118125,-0.033175,0.));
#17438=CARTESIAN_POINT('',(-0.118125,-0.033175,-0.002));
#17439=CARTESIAN_POINT('',(-0.118125,-0.033175,-0.002));
#17440=CARTESIAN_POINT('',(0.,-0.033175,-0.002));
#17441=CARTESIAN_POINT('',(-0.118125,-0.030875,-0.002));
#17442=CARTESIAN_POINT('',(-0.118125,-0.030875,0.));
#17443=CARTESIAN_POINT('',(-0.115825,-0.030875,0.));
#17444=CARTESIAN_POINT('',(-0.115825,-0.030875,-0.002));
#17445=CARTESIAN_POINT('',(-0.115825,-0.030875,-0.002));
#17446=CARTESIAN_POINT('',(-0.118125,-0.030875,-0.002));
#17447=CARTESIAN_POINT('',(-0.115825,-6.93889390390723E-18,-0.002));
#17448=CARTESIAN_POINT('',(-0.115825,-6.93889390390723E-18,0.));
#17449=CARTESIAN_POINT('',(-0.115825,-0.019375,0.));
#17450=CARTESIAN_POINT('',(-0.115825,-0.019375,-0.002));
#17451=CARTESIAN_POINT('',(-0.115825,-0.019375,-0.002));
#17452=CARTESIAN_POINT('',(-0.115825,-6.93889390390723E-18,-0.002));
#17453=CARTESIAN_POINT('',(0.0272,-6.93889390390723E-18,-0.002));
#17454=CARTESIAN_POINT('',(0.0272,-6.93889390390723E-18,0.));
#17455=CARTESIAN_POINT('',(0.0272,-0.014125,0.));
#17456=CARTESIAN_POINT('',(0.0272,-0.002625,0.));
#17457=CARTESIAN_POINT('',(0.0272,-0.014125,-0.002));
#17458=CARTESIAN_POINT('',(0.0272,-0.014125,-0.002));
#17459=CARTESIAN_POINT('',(0.0272,-6.93889390390723E-18,-0.002));
#17460=CARTESIAN_POINT('',(0.0272,-0.002625,-0.002));
#17461=CARTESIAN_POINT('',(0.0272,-0.002625,-0.002));
#17462=CARTESIAN_POINT('',(0.0295,-0.014125,-0.002));
#17463=CARTESIAN_POINT('',(0.0295,-0.014125,0.));
#17464=CARTESIAN_POINT('',(0.0295,-0.016425,0.));
#17465=CARTESIAN_POINT('',(0.0295,-0.016425,-0.002));
#17466=CARTESIAN_POINT('',(0.0295,-0.016425,-0.002));
#17467=CARTESIAN_POINT('',(0.0295,-0.014125,-0.002));
#17468=CARTESIAN_POINT('',(0.,-0.016425,-0.002));
#17469=CARTESIAN_POINT('',(0.,-0.016425,0.));
#17470=CARTESIAN_POINT('',(0.041,-0.016425,0.));
#17471=CARTESIAN_POINT('',(0.041,-0.016425,-0.002));
#17472=CARTESIAN_POINT('',(0.041,-0.016425,-0.002));
#17473=CARTESIAN_POINT('',(0.,-0.016425,-0.002));
#17474=CARTESIAN_POINT('',(0.041,-0.014125,-0.002));
#17475=CARTESIAN_POINT('',(0.041,-0.014125,0.));
#17476=CARTESIAN_POINT('',(0.0433,-0.014125,0.));
#17477=CARTESIAN_POINT('',(0.0433,-0.014125,-0.002));
#17478=CARTESIAN_POINT('',(0.0433,-0.014125,-0.002));
#17479=CARTESIAN_POINT('',(0.041,-0.014125,-0.002));
#17480=CARTESIAN_POINT('',(0.0433,-6.93889390390723E-18,-0.002));
#17481=CARTESIAN_POINT('',(0.0433,-6.93889390390723E-18,0.));
#17482=CARTESIAN_POINT('',(0.0433,-0.002625,0.));
#17483=CARTESIAN_POINT('',(0.0433,-0.002625,-0.002));
#17484=CARTESIAN_POINT('',(0.0433,-0.002625,-0.002));
#17485=CARTESIAN_POINT('',(0.0433,-6.93889390390723E-18,-0.002));
#17486=CARTESIAN_POINT('',(0.041,-0.002625,-0.002));
#17487=CARTESIAN_POINT('',(0.041,-0.002625,0.));
#17488=CARTESIAN_POINT('',(0.041,-0.000325000000000018,0.));
#17489=CARTESIAN_POINT('',(0.041,-0.000325000000000018,-0.002));
#17490=CARTESIAN_POINT('',(0.041,-0.000325000000000018,-0.002));
#17491=CARTESIAN_POINT('',(0.041,-0.002625,-0.002));
#17492=CARTESIAN_POINT('',(0.,-0.000325000000000018,-0.002));
#17493=CARTESIAN_POINT('',(0.,-0.000325000000000018,0.));
#17494=CARTESIAN_POINT('',(0.0295,-0.000325000000000018,0.));
#17495=CARTESIAN_POINT('',(0.0295,-0.000325000000000018,-0.002));
#17496=CARTESIAN_POINT('',(0.0295,-0.000325000000000018,-0.002));
#17497=CARTESIAN_POINT('',(0.,-0.000325000000000018,-0.002));
#17498=CARTESIAN_POINT('',(0.0227,-6.93889390390723E-18,-0.002));
#17499=CARTESIAN_POINT('',(0.0227,-6.93889390390723E-18,0.));
#17500=CARTESIAN_POINT('',(0.0227,0.002625,0.));
#17501=CARTESIAN_POINT('',(0.0227,0.014125,0.));
#17502=CARTESIAN_POINT('',(0.0227,0.002625,-0.002));
#17503=CARTESIAN_POINT('',(0.0227,0.002625,-0.002));
#17504=CARTESIAN_POINT('',(0.0227,-6.93889390390723E-18,-0.002));
#17505=CARTESIAN_POINT('',(0.0227,0.014125,-0.002));
#17506=CARTESIAN_POINT('',(0.0227,0.014125,-0.002));
#17507=CARTESIAN_POINT('',(0.025,0.002625,-0.002));
#17508=CARTESIAN_POINT('',(0.025,0.002625,0.));
#17509=CARTESIAN_POINT('',(0.025,0.00032499999999998,0.));
#17510=CARTESIAN_POINT('',(0.025,0.00032499999999998,-0.002));
#17511=CARTESIAN_POINT('',(0.025,0.00032499999999998,-0.002));
#17512=CARTESIAN_POINT('',(0.025,0.002625,-0.002));
#17513=CARTESIAN_POINT('',(0.,0.00032499999999998,-0.002));
#17514=CARTESIAN_POINT('',(0.,0.00032499999999998,0.));
#17515=CARTESIAN_POINT('',(0.0365,0.00032499999999998,0.));
#17516=CARTESIAN_POINT('',(0.0365,0.00032499999999998,-0.002));
#17517=CARTESIAN_POINT('',(0.0365,0.00032499999999998,-0.002));
#17518=CARTESIAN_POINT('',(0.,0.00032499999999998,-0.002));
#17519=CARTESIAN_POINT('',(0.0365,0.002625,-0.002));
#17520=CARTESIAN_POINT('',(0.0365,0.002625,0.));
#17521=CARTESIAN_POINT('',(0.0388,0.002625,0.));
#17522=CARTESIAN_POINT('',(0.0388,0.002625,-0.002));
#17523=CARTESIAN_POINT('',(0.0388,0.002625,-0.002));
#17524=CARTESIAN_POINT('',(0.0365,0.002625,-0.002));
#17525=CARTESIAN_POINT('',(0.0388,-6.93889390390723E-18,-0.002));
#17526=CARTESIAN_POINT('',(0.0388,-6.93889390390723E-18,0.));
#17527=CARTESIAN_POINT('',(0.0388,0.014125,0.));
#17528=CARTESIAN_POINT('',(0.0388,0.014125,-0.002));
#17529=CARTESIAN_POINT('',(0.0388,0.014125,-0.002));
#17530=CARTESIAN_POINT('',(0.0388,-6.93889390390723E-18,-0.002));
#17531=CARTESIAN_POINT('',(0.0365,0.014125,-0.002));
#17532=CARTESIAN_POINT('',(0.0365,0.014125,0.));
#17533=CARTESIAN_POINT('',(0.0365,0.016425,0.));
#17534=CARTESIAN_POINT('',(0.0365,0.016425,-0.002));
#17535=CARTESIAN_POINT('',(0.0365,0.016425,-0.002));
#17536=CARTESIAN_POINT('',(0.0365,0.014125,-0.002));
#17537=CARTESIAN_POINT('',(0.,0.016425,-0.002));
#17538=CARTESIAN_POINT('',(0.,0.016425,0.));
#17539=CARTESIAN_POINT('',(0.025,0.016425,0.));
#17540=CARTESIAN_POINT('',(0.025,0.016425,-0.002));
#17541=CARTESIAN_POINT('',(0.025,0.016425,-0.002));
#17542=CARTESIAN_POINT('',(0.,0.016425,-0.002));
#17543=CARTESIAN_POINT('',(0.,0.016425,-0.002));
#17544=CARTESIAN_POINT('',(0.,0.016425,0.));
#17545=CARTESIAN_POINT('',(0.05325,0.016425,0.));
#17546=CARTESIAN_POINT('',(0.04175,0.016425,0.));
#17547=CARTESIAN_POINT('',(0.04175,0.016425,-0.002));
#17548=CARTESIAN_POINT('',(0.04175,0.016425,-0.002));
#17549=CARTESIAN_POINT('',(0.,0.016425,-0.002));
#17550=CARTESIAN_POINT('',(0.05325,0.016425,-0.002));
#17551=CARTESIAN_POINT('',(0.05325,0.016425,-0.002));
#17552=CARTESIAN_POINT('',(0.04175,0.014125,-0.002));
#17553=CARTESIAN_POINT('',(0.04175,0.014125,0.));
#17554=CARTESIAN_POINT('',(0.03945,0.014125,0.));
#17555=CARTESIAN_POINT('',(0.03945,0.014125,-0.002));
#17556=CARTESIAN_POINT('',(0.03945,0.014125,-0.002));
#17557=CARTESIAN_POINT('',(0.04175,0.014125,-0.002));
#17558=CARTESIAN_POINT('',(0.03945,-6.93889390390723E-18,-0.002));
#17559=CARTESIAN_POINT('',(0.03945,-6.93889390390723E-18,0.));
#17560=CARTESIAN_POINT('',(0.03945,0.002625,0.));
#17561=CARTESIAN_POINT('',(0.03945,0.002625,-0.002));
#17562=CARTESIAN_POINT('',(0.03945,0.002625,-0.002));
#17563=CARTESIAN_POINT('',(0.03945,-6.93889390390723E-18,-0.002));
#17564=CARTESIAN_POINT('',(0.04175,0.002625,-0.002));
#17565=CARTESIAN_POINT('',(0.04175,0.002625,0.));
#17566=CARTESIAN_POINT('',(0.04175,0.00032499999999998,0.));
#17567=CARTESIAN_POINT('',(0.04175,0.00032499999999998,-0.002));
#17568=CARTESIAN_POINT('',(0.04175,0.00032499999999998,-0.002));
#17569=CARTESIAN_POINT('',(0.04175,0.002625,-0.002));
#17570=CARTESIAN_POINT('',(0.,0.00032499999999998,-0.002));
#17571=CARTESIAN_POINT('',(0.,0.00032499999999998,0.));
#17572=CARTESIAN_POINT('',(0.05325,0.00032499999999998,0.));
#17573=CARTESIAN_POINT('',(0.05325,0.00032499999999998,-0.002));
#17574=CARTESIAN_POINT('',(0.05325,0.00032499999999998,-0.002));
#17575=CARTESIAN_POINT('',(0.,0.00032499999999998,-0.002));
#17576=CARTESIAN_POINT('',(0.05325,0.002625,-0.002));
#17577=CARTESIAN_POINT('',(0.05325,0.002625,0.));
#17578=CARTESIAN_POINT('',(0.05555,0.002625,0.));
#17579=CARTESIAN_POINT('',(0.05555,0.002625,-0.002));
#17580=CARTESIAN_POINT('',(0.05555,0.002625,-0.002));
#17581=CARTESIAN_POINT('',(0.05325,0.002625,-0.002));
#17582=CARTESIAN_POINT('',(0.05555,-6.93889390390723E-18,-0.002));
#17583=CARTESIAN_POINT('',(0.05555,-6.93889390390723E-18,0.));
#17584=CARTESIAN_POINT('',(0.05555,0.014125,0.));
#17585=CARTESIAN_POINT('',(0.05555,0.014125,-0.002));
#17586=CARTESIAN_POINT('',(0.05555,0.014125,-0.002));
#17587=CARTESIAN_POINT('',(0.05555,-6.93889390390723E-18,-0.002));
#17588=CARTESIAN_POINT('',(-0.1403,-6.93889390390723E-18,-0.002));
#17589=CARTESIAN_POINT('',(-0.1403,-6.93889390390723E-18,0.));
#17590=CARTESIAN_POINT('',(-0.1403,-0.014125,0.));
#17591=CARTESIAN_POINT('',(-0.1403,-0.002625,0.));
#17592=CARTESIAN_POINT('',(-0.1403,-0.014125,-0.002));
#17593=CARTESIAN_POINT('',(-0.1403,-0.014125,-0.002));
#17594=CARTESIAN_POINT('',(-0.1403,-6.93889390390723E-18,-0.002));
#17595=CARTESIAN_POINT('',(-0.1403,-0.002625,-0.002));
#17596=CARTESIAN_POINT('',(-0.1403,-0.002625,-0.002));
#17597=CARTESIAN_POINT('',(-0.138,-0.014125,-0.002));
#17598=CARTESIAN_POINT('',(-0.138,-0.014125,0.));
#17599=CARTESIAN_POINT('',(-0.138,-0.016425,0.));
#17600=CARTESIAN_POINT('',(-0.138,-0.016425,-0.002));
#17601=CARTESIAN_POINT('',(-0.138,-0.016425,-0.002));
#17602=CARTESIAN_POINT('',(-0.138,-0.014125,-0.002));
#17603=CARTESIAN_POINT('',(0.,-0.016425,-0.002));
#17604=CARTESIAN_POINT('',(0.,-0.016425,0.));
#17605=CARTESIAN_POINT('',(-0.1265,-0.016425,0.));
#17606=CARTESIAN_POINT('',(-0.1265,-0.016425,-0.002));
#17607=CARTESIAN_POINT('',(-0.1265,-0.016425,-0.002));
#17608=CARTESIAN_POINT('',(0.,-0.016425,-0.002));
#17609=CARTESIAN_POINT('',(-0.1265,-0.014125,-0.002));
#17610=CARTESIAN_POINT('',(-0.1265,-0.014125,0.));
#17611=CARTESIAN_POINT('',(-0.1242,-0.014125,0.));
#17612=CARTESIAN_POINT('',(-0.1242,-0.014125,-0.002));
#17613=CARTESIAN_POINT('',(-0.1242,-0.014125,-0.002));
#17614=CARTESIAN_POINT('',(-0.1265,-0.014125,-0.002));
#17615=CARTESIAN_POINT('',(-0.1242,-6.93889390390723E-18,-0.002));
#17616=CARTESIAN_POINT('',(-0.1242,-6.93889390390723E-18,0.));
#17617=CARTESIAN_POINT('',(-0.1242,-0.002625,0.));
#17618=CARTESIAN_POINT('',(-0.1242,-0.002625,-0.002));
#17619=CARTESIAN_POINT('',(-0.1242,-0.002625,-0.002));
#17620=CARTESIAN_POINT('',(-0.1242,-6.93889390390723E-18,-0.002));
#17621=CARTESIAN_POINT('',(-0.1265,-0.002625,-0.002));
#17622=CARTESIAN_POINT('',(-0.1265,-0.002625,0.));
#17623=CARTESIAN_POINT('',(-0.1265,-0.000325000000000018,0.));
#17624=CARTESIAN_POINT('',(-0.1265,-0.000325000000000018,-0.002));
#17625=CARTESIAN_POINT('',(-0.1265,-0.000325000000000018,-0.002));
#17626=CARTESIAN_POINT('',(-0.1265,-0.002625,-0.002));
#17627=CARTESIAN_POINT('',(0.,-0.000325000000000018,-0.002));
#17628=CARTESIAN_POINT('',(0.,-0.000325000000000018,0.));
#17629=CARTESIAN_POINT('',(-0.138,-0.000325000000000018,0.));
#17630=CARTESIAN_POINT('',(-0.138,-0.000325000000000018,-0.002));
#17631=CARTESIAN_POINT('',(-0.138,-0.000325000000000018,-0.002));
#17632=CARTESIAN_POINT('',(0.,-0.000325000000000018,-0.002));
#17633=CARTESIAN_POINT('',(0.,-0.016425,-0.002));
#17634=CARTESIAN_POINT('',(0.,-0.016425,0.));
#17635=CARTESIAN_POINT('',(-0.10975,-0.016425,0.));
#17636=CARTESIAN_POINT('',(-0.12125,-0.016425,0.));
#17637=CARTESIAN_POINT('',(-0.10975,-0.016425,-0.002));
#17638=CARTESIAN_POINT('',(-0.10975,-0.016425,-0.002));
#17639=CARTESIAN_POINT('',(0.,-0.016425,-0.002));
#17640=CARTESIAN_POINT('',(-0.12125,-0.016425,-0.002));
#17641=CARTESIAN_POINT('',(-0.12125,-0.016425,-0.002));
#17642=CARTESIAN_POINT('',(-0.10975,-0.014125,-0.002));
#17643=CARTESIAN_POINT('',(-0.10975,-0.014125,0.));
#17644=CARTESIAN_POINT('',(-0.10745,-0.014125,0.));
#17645=CARTESIAN_POINT('',(-0.10745,-0.014125,-0.002));
#17646=CARTESIAN_POINT('',(-0.10745,-0.014125,-0.002));
#17647=CARTESIAN_POINT('',(-0.10975,-0.014125,-0.002));
#17648=CARTESIAN_POINT('',(-0.10745,-6.93889390390723E-18,-0.002));
#17649=CARTESIAN_POINT('',(-0.10745,-6.93889390390723E-18,0.));
#17650=CARTESIAN_POINT('',(-0.10745,-0.002625,0.));
#17651=CARTESIAN_POINT('',(-0.10745,-0.002625,-0.002));
#17652=CARTESIAN_POINT('',(-0.10745,-0.002625,-0.002));
#17653=CARTESIAN_POINT('',(-0.10745,-6.93889390390723E-18,-0.002));
#17654=CARTESIAN_POINT('',(-0.10975,-0.002625,-0.002));
#17655=CARTESIAN_POINT('',(-0.10975,-0.002625,0.));
#17656=CARTESIAN_POINT('',(-0.10975,-0.000325000000000018,0.));
#17657=CARTESIAN_POINT('',(-0.10975,-0.000325000000000018,-0.002));
#17658=CARTESIAN_POINT('',(-0.10975,-0.000325000000000018,-0.002));
#17659=CARTESIAN_POINT('',(-0.10975,-0.002625,-0.002));
#17660=CARTESIAN_POINT('',(0.,-0.000325000000000018,-0.002));
#17661=CARTESIAN_POINT('',(0.,-0.000325000000000018,0.));
#17662=CARTESIAN_POINT('',(-0.12125,-0.000325000000000018,0.));
#17663=CARTESIAN_POINT('',(-0.12125,-0.000325000000000018,-0.002));
#17664=CARTESIAN_POINT('',(-0.12125,-0.000325000000000018,-0.002));
#17665=CARTESIAN_POINT('',(0.,-0.000325000000000018,-0.002));
#17666=CARTESIAN_POINT('',(-0.12125,-0.002625,-0.002));
#17667=CARTESIAN_POINT('',(-0.12125,-0.002625,0.));
#17668=CARTESIAN_POINT('',(-0.12355,-0.002625,0.));
#17669=CARTESIAN_POINT('',(-0.12355,-0.002625,-0.002));
#17670=CARTESIAN_POINT('',(-0.12355,-0.002625,-0.002));
#17671=CARTESIAN_POINT('',(-0.12125,-0.002625,-0.002));
#17672=CARTESIAN_POINT('',(-0.12355,-6.93889390390723E-18,-0.002));
#17673=CARTESIAN_POINT('',(-0.12355,-6.93889390390723E-18,0.));
#17674=CARTESIAN_POINT('',(-0.12355,-0.014125,0.));
#17675=CARTESIAN_POINT('',(-0.12355,-0.014125,-0.002));
#17676=CARTESIAN_POINT('',(-0.12355,-0.014125,-0.002));
#17677=CARTESIAN_POINT('',(-0.12355,-6.93889390390723E-18,-0.002));
#17678=CARTESIAN_POINT('',(-0.1068,-6.93889390390723E-18,-0.002));
#17679=CARTESIAN_POINT('',(-0.1068,-6.93889390390723E-18,0.));
#17680=CARTESIAN_POINT('',(-0.1068,-0.014125,0.));
#17681=CARTESIAN_POINT('',(-0.1068,-0.002625,0.));
#17682=CARTESIAN_POINT('',(-0.1068,-0.014125,-0.002));
#17683=CARTESIAN_POINT('',(-0.1068,-0.014125,-0.002));
#17684=CARTESIAN_POINT('',(-0.1068,-6.93889390390723E-18,-0.002));
#17685=CARTESIAN_POINT('',(-0.1068,-0.002625,-0.002));
#17686=CARTESIAN_POINT('',(-0.1068,-0.002625,-0.002));
#17687=CARTESIAN_POINT('',(-0.1045,-0.014125,-0.002));
#17688=CARTESIAN_POINT('',(-0.1045,-0.014125,0.));
#17689=CARTESIAN_POINT('',(-0.1045,-0.016425,0.));
#17690=CARTESIAN_POINT('',(-0.1045,-0.016425,-0.002));
#17691=CARTESIAN_POINT('',(-0.1045,-0.016425,-0.002));
#17692=CARTESIAN_POINT('',(-0.1045,-0.014125,-0.002));
#17693=CARTESIAN_POINT('',(0.,-0.016425,-0.002));
#17694=CARTESIAN_POINT('',(0.,-0.016425,0.));
#17695=CARTESIAN_POINT('',(-0.093,-0.016425,0.));
#17696=CARTESIAN_POINT('',(-0.093,-0.016425,-0.002));
#17697=CARTESIAN_POINT('',(-0.093,-0.016425,-0.002));
#17698=CARTESIAN_POINT('',(0.,-0.016425,-0.002));
#17699=CARTESIAN_POINT('',(-0.093,-0.014125,-0.002));
#17700=CARTESIAN_POINT('',(-0.093,-0.014125,0.));
#17701=CARTESIAN_POINT('',(-0.0907,-0.014125,0.));
#17702=CARTESIAN_POINT('',(-0.0907,-0.014125,-0.002));
#17703=CARTESIAN_POINT('',(-0.0907,-0.014125,-0.002));
#17704=CARTESIAN_POINT('',(-0.093,-0.014125,-0.002));
#17705=CARTESIAN_POINT('',(-0.0907,-6.93889390390723E-18,-0.002));
#17706=CARTESIAN_POINT('',(-0.0907,-6.93889390390723E-18,0.));
#17707=CARTESIAN_POINT('',(-0.0907,-0.002625,0.));
#17708=CARTESIAN_POINT('',(-0.0907,-0.002625,-0.002));
#17709=CARTESIAN_POINT('',(-0.0907,-0.002625,-0.002));
#17710=CARTESIAN_POINT('',(-0.0907,-6.93889390390723E-18,-0.002));
#17711=CARTESIAN_POINT('',(-0.093,-0.002625,-0.002));
#17712=CARTESIAN_POINT('',(-0.093,-0.002625,0.));
#17713=CARTESIAN_POINT('',(-0.093,-0.000325000000000018,0.));
#17714=CARTESIAN_POINT('',(-0.093,-0.000325000000000018,-0.002));
#17715=CARTESIAN_POINT('',(-0.093,-0.000325000000000018,-0.002));
#17716=CARTESIAN_POINT('',(-0.093,-0.002625,-0.002));
#17717=CARTESIAN_POINT('',(0.,-0.000325000000000018,-0.002));
#17718=CARTESIAN_POINT('',(0.,-0.000325000000000018,0.));
#17719=CARTESIAN_POINT('',(-0.1045,-0.000325000000000018,0.));
#17720=CARTESIAN_POINT('',(-0.1045,-0.000325000000000018,-0.002));
#17721=CARTESIAN_POINT('',(-0.1045,-0.000325000000000018,-0.002));
#17722=CARTESIAN_POINT('',(0.,-0.000325000000000018,-0.002));
#17723=CARTESIAN_POINT('',(0.,-0.000325000000000018,-0.002));
#17724=CARTESIAN_POINT('',(0.,-0.000325000000000018,0.));
#17725=CARTESIAN_POINT('',(-0.07625,-0.000325000000000018,0.));
#17726=CARTESIAN_POINT('',(-0.08775,-0.000325000000000018,0.));
#17727=CARTESIAN_POINT('',(-0.08775,-0.000325000000000018,-0.002));
#17728=CARTESIAN_POINT('',(-0.08775,-0.000325000000000018,-0.002));
#17729=CARTESIAN_POINT('',(0.,-0.000325000000000018,-0.002));
#17730=CARTESIAN_POINT('',(-0.07625,-0.000325000000000018,-0.002));
#17731=CARTESIAN_POINT('',(-0.07625,-0.000325000000000018,-0.002));
#17732=CARTESIAN_POINT('',(-0.08775,-0.002625,-0.002));
#17733=CARTESIAN_POINT('',(-0.08775,-0.002625,0.));
#17734=CARTESIAN_POINT('',(-0.09005,-0.002625,0.));
#17735=CARTESIAN_POINT('',(-0.09005,-0.002625,-0.002));
#17736=CARTESIAN_POINT('',(-0.09005,-0.002625,-0.002));
#17737=CARTESIAN_POINT('',(-0.08775,-0.002625,-0.002));
#17738=CARTESIAN_POINT('',(-0.09005,-6.93889390390723E-18,-0.002));
#17739=CARTESIAN_POINT('',(-0.09005,-6.93889390390723E-18,0.));
#17740=CARTESIAN_POINT('',(-0.09005,-0.014125,0.));
#17741=CARTESIAN_POINT('',(-0.09005,-0.014125,-0.002));
#17742=CARTESIAN_POINT('',(-0.09005,-0.014125,-0.002));
#17743=CARTESIAN_POINT('',(-0.09005,-6.93889390390723E-18,-0.002));
#17744=CARTESIAN_POINT('',(-0.08775,-0.014125,-0.002));
#17745=CARTESIAN_POINT('',(-0.08775,-0.014125,0.));
#17746=CARTESIAN_POINT('',(-0.08775,-0.016425,0.));
#17747=CARTESIAN_POINT('',(-0.08775,-0.016425,-0.002));
#17748=CARTESIAN_POINT('',(-0.08775,-0.016425,-0.002));
#17749=CARTESIAN_POINT('',(-0.08775,-0.014125,-0.002));
#17750=CARTESIAN_POINT('',(0.,-0.016425,-0.002));
#17751=CARTESIAN_POINT('',(0.,-0.016425,0.));
#17752=CARTESIAN_POINT('',(-0.07625,-0.016425,0.));
#17753=CARTESIAN_POINT('',(-0.07625,-0.016425,-0.002));
#17754=CARTESIAN_POINT('',(-0.07625,-0.016425,-0.002));
#17755=CARTESIAN_POINT('',(0.,-0.016425,-0.002));
#17756=CARTESIAN_POINT('',(-0.07625,-0.014125,-0.002));
#17757=CARTESIAN_POINT('',(-0.07625,-0.014125,0.));
#17758=CARTESIAN_POINT('',(-0.07395,-0.014125,0.));
#17759=CARTESIAN_POINT('',(-0.07395,-0.014125,-0.002));
#17760=CARTESIAN_POINT('',(-0.07395,-0.014125,-0.002));
#17761=CARTESIAN_POINT('',(-0.07625,-0.014125,-0.002));
#17762=CARTESIAN_POINT('',(-0.07395,-6.93889390390723E-18,-0.002));
#17763=CARTESIAN_POINT('',(-0.07395,-6.93889390390723E-18,0.));
#17764=CARTESIAN_POINT('',(-0.07395,-0.002625,0.));
#17765=CARTESIAN_POINT('',(-0.07395,-0.002625,-0.002));
#17766=CARTESIAN_POINT('',(-0.07395,-0.002625,-0.002));
#17767=CARTESIAN_POINT('',(-0.07395,-6.93889390390723E-18,-0.002));
#17768=CARTESIAN_POINT('',(-0.0733,-6.93889390390723E-18,-0.002));
#17769=CARTESIAN_POINT('',(-0.0733,-6.93889390390723E-18,0.));
#17770=CARTESIAN_POINT('',(-0.0733,-0.014125,0.));
#17771=CARTESIAN_POINT('',(-0.0733,-0.002625,0.));
#17772=CARTESIAN_POINT('',(-0.0733,-0.014125,-0.002));
#17773=CARTESIAN_POINT('',(-0.0733,-0.014125,-0.002));
#17774=CARTESIAN_POINT('',(-0.0733,-6.93889390390723E-18,-0.002));
#17775=CARTESIAN_POINT('',(-0.0733,-0.002625,-0.002));
#17776=CARTESIAN_POINT('',(-0.0733,-0.002625,-0.002));
#17777=CARTESIAN_POINT('',(-0.071,-0.014125,-0.002));
#17778=CARTESIAN_POINT('',(-0.071,-0.014125,0.));
#17779=CARTESIAN_POINT('',(-0.071,-0.016425,0.));
#17780=CARTESIAN_POINT('',(-0.071,-0.016425,-0.002));
#17781=CARTESIAN_POINT('',(-0.071,-0.016425,-0.002));
#17782=CARTESIAN_POINT('',(-0.071,-0.014125,-0.002));
#17783=CARTESIAN_POINT('',(0.,-0.016425,-0.002));
#17784=CARTESIAN_POINT('',(0.,-0.016425,0.));
#17785=CARTESIAN_POINT('',(-0.0595,-0.016425,0.));
#17786=CARTESIAN_POINT('',(-0.0595,-0.016425,-0.002));
#17787=CARTESIAN_POINT('',(-0.0595,-0.016425,-0.002));
#17788=CARTESIAN_POINT('',(0.,-0.016425,-0.002));
#17789=CARTESIAN_POINT('',(-0.0595,-0.014125,-0.002));
#17790=CARTESIAN_POINT('',(-0.0595,-0.014125,0.));
#17791=CARTESIAN_POINT('',(-0.0572,-0.014125,0.));
#17792=CARTESIAN_POINT('',(-0.0572,-0.014125,-0.002));
#17793=CARTESIAN_POINT('',(-0.0572,-0.014125,-0.002));
#17794=CARTESIAN_POINT('',(-0.0595,-0.014125,-0.002));
#17795=CARTESIAN_POINT('',(-0.0572,-6.93889390390723E-18,-0.002));
#17796=CARTESIAN_POINT('',(-0.0572,-6.93889390390723E-18,0.));
#17797=CARTESIAN_POINT('',(-0.0572,-0.002625,0.));
#17798=CARTESIAN_POINT('',(-0.0572,-0.002625,-0.002));
#17799=CARTESIAN_POINT('',(-0.0572,-0.002625,-0.002));
#17800=CARTESIAN_POINT('',(-0.0572,-6.93889390390723E-18,-0.002));
#17801=CARTESIAN_POINT('',(-0.0595,-0.002625,-0.002));
#17802=CARTESIAN_POINT('',(-0.0595,-0.002625,0.));
#17803=CARTESIAN_POINT('',(-0.0595,-0.000325000000000018,0.));
#17804=CARTESIAN_POINT('',(-0.0595,-0.000325000000000018,-0.002));
#17805=CARTESIAN_POINT('',(-0.0595,-0.000325000000000018,-0.002));
#17806=CARTESIAN_POINT('',(-0.0595,-0.002625,-0.002));
#17807=CARTESIAN_POINT('',(0.,-0.000325000000000018,-0.002));
#17808=CARTESIAN_POINT('',(0.,-0.000325000000000018,0.));
#17809=CARTESIAN_POINT('',(-0.071,-0.000325000000000018,0.));
#17810=CARTESIAN_POINT('',(-0.071,-0.000325000000000018,-0.002));
#17811=CARTESIAN_POINT('',(-0.071,-0.000325000000000018,-0.002));
#17812=CARTESIAN_POINT('',(0.,-0.000325000000000018,-0.002));
#17813=CARTESIAN_POINT('',(0.,-0.016425,-0.002));
#17814=CARTESIAN_POINT('',(0.,-0.016425,0.));
#17815=CARTESIAN_POINT('',(-0.04275,-0.016425,0.));
#17816=CARTESIAN_POINT('',(-0.05425,-0.016425,0.));
#17817=CARTESIAN_POINT('',(-0.04275,-0.016425,-0.002));
#17818=CARTESIAN_POINT('',(-0.04275,-0.016425,-0.002));
#17819=CARTESIAN_POINT('',(0.,-0.016425,-0.002));
#17820=CARTESIAN_POINT('',(-0.05425,-0.016425,-0.002));
#17821=CARTESIAN_POINT('',(-0.05425,-0.016425,-0.002));
#17822=CARTESIAN_POINT('',(-0.04275,-0.014125,-0.002));
#17823=CARTESIAN_POINT('',(-0.04275,-0.014125,0.));
#17824=CARTESIAN_POINT('',(-0.04045,-0.014125,0.));
#17825=CARTESIAN_POINT('',(-0.04045,-0.014125,-0.002));
#17826=CARTESIAN_POINT('',(-0.04045,-0.014125,-0.002));
#17827=CARTESIAN_POINT('',(-0.04275,-0.014125,-0.002));
#17828=CARTESIAN_POINT('',(-0.04045,-6.93889390390723E-18,-0.002));
#17829=CARTESIAN_POINT('',(-0.04045,-6.93889390390723E-18,0.));
#17830=CARTESIAN_POINT('',(-0.04045,-0.002625,0.));
#17831=CARTESIAN_POINT('',(-0.04045,-0.002625,-0.002));
#17832=CARTESIAN_POINT('',(-0.04045,-0.002625,-0.002));
#17833=CARTESIAN_POINT('',(-0.04045,-6.93889390390723E-18,-0.002));
#17834=CARTESIAN_POINT('',(-0.04275,-0.002625,-0.002));
#17835=CARTESIAN_POINT('',(-0.04275,-0.002625,0.));
#17836=CARTESIAN_POINT('',(-0.04275,-0.000325000000000018,0.));
#17837=CARTESIAN_POINT('',(-0.04275,-0.000325000000000018,-0.002));
#17838=CARTESIAN_POINT('',(-0.04275,-0.000325000000000018,-0.002));
#17839=CARTESIAN_POINT('',(-0.04275,-0.002625,-0.002));
#17840=CARTESIAN_POINT('',(0.,-0.000325000000000018,-0.002));
#17841=CARTESIAN_POINT('',(0.,-0.000325000000000018,0.));
#17842=CARTESIAN_POINT('',(-0.05425,-0.000325000000000018,0.));
#17843=CARTESIAN_POINT('',(-0.05425,-0.000325000000000018,-0.002));
#17844=CARTESIAN_POINT('',(-0.05425,-0.000325000000000018,-0.002));
#17845=CARTESIAN_POINT('',(0.,-0.000325000000000018,-0.002));
#17846=CARTESIAN_POINT('',(-0.05425,-0.002625,-0.002));
#17847=CARTESIAN_POINT('',(-0.05425,-0.002625,0.));
#17848=CARTESIAN_POINT('',(-0.05655,-0.002625,0.));
#17849=CARTESIAN_POINT('',(-0.05655,-0.002625,-0.002));
#17850=CARTESIAN_POINT('',(-0.05655,-0.002625,-0.002));
#17851=CARTESIAN_POINT('',(-0.05425,-0.002625,-0.002));
#17852=CARTESIAN_POINT('',(-0.05655,-6.93889390390723E-18,-0.002));
#17853=CARTESIAN_POINT('',(-0.05655,-6.93889390390723E-18,0.));
#17854=CARTESIAN_POINT('',(-0.05655,-0.014125,0.));
#17855=CARTESIAN_POINT('',(-0.05655,-0.014125,-0.002));
#17856=CARTESIAN_POINT('',(-0.05655,-0.014125,-0.002));
#17857=CARTESIAN_POINT('',(-0.05655,-6.93889390390723E-18,-0.002));
#17858=CARTESIAN_POINT('',(0.038825,-6.93889390390723E-18,-0.002));
#17859=CARTESIAN_POINT('',(0.038825,-6.93889390390723E-18,0.));
#17860=CARTESIAN_POINT('',(0.038825,-0.047625,0.));
#17861=CARTESIAN_POINT('',(0.038825,-0.036125,0.));
#17862=CARTESIAN_POINT('',(0.038825,-0.047625,-0.002));
#17863=CARTESIAN_POINT('',(0.038825,-0.047625,-0.002));
#17864=CARTESIAN_POINT('',(0.038825,-6.93889390390723E-18,-0.002));
#17865=CARTESIAN_POINT('',(0.038825,-0.036125,-0.002));
#17866=CARTESIAN_POINT('',(0.038825,-0.036125,-0.002));
#17867=CARTESIAN_POINT('',(0.041125,-0.047625,-0.002));
#17868=CARTESIAN_POINT('',(0.041125,-0.047625,0.));
#17869=CARTESIAN_POINT('',(0.041125,-0.049925,0.));
#17870=CARTESIAN_POINT('',(0.041125,-0.049925,-0.002));
#17871=CARTESIAN_POINT('',(0.041125,-0.049925,-0.002));
#17872=CARTESIAN_POINT('',(0.041125,-0.047625,-0.002));
#17873=CARTESIAN_POINT('',(0.,-0.049925,-0.002));
#17874=CARTESIAN_POINT('',(0.,-0.049925,0.));
#17875=CARTESIAN_POINT('',(0.057125,-0.049925,0.));
#17876=CARTESIAN_POINT('',(0.057125,-0.049925,-0.002));
#17877=CARTESIAN_POINT('',(0.057125,-0.049925,-0.002));
#17878=CARTESIAN_POINT('',(0.,-0.049925,-0.002));
#17879=CARTESIAN_POINT('',(0.057125,-0.047625,-0.002));
#17880=CARTESIAN_POINT('',(0.057125,-0.047625,0.));
#17881=CARTESIAN_POINT('',(0.059425,-0.047625,0.));
#17882=CARTESIAN_POINT('',(0.059425,-0.047625,-0.002));
#17883=CARTESIAN_POINT('',(0.059425,-0.047625,-0.002));
#17884=CARTESIAN_POINT('',(0.057125,-0.047625,-0.002));
#17885=CARTESIAN_POINT('',(0.059425,-6.93889390390723E-18,-0.002));
#17886=CARTESIAN_POINT('',(0.059425,-6.93889390390723E-18,0.));
#17887=CARTESIAN_POINT('',(0.059425,-0.036125,0.));
#17888=CARTESIAN_POINT('',(0.059425,-0.036125,-0.002));
#17889=CARTESIAN_POINT('',(0.059425,-0.036125,-0.002));
#17890=CARTESIAN_POINT('',(0.059425,-6.93889390390723E-18,-0.002));
#17891=CARTESIAN_POINT('',(0.057125,-0.036125,-0.002));
#17892=CARTESIAN_POINT('',(0.057125,-0.036125,0.));
#17893=CARTESIAN_POINT('',(0.057125,-0.033825,0.));
#17894=CARTESIAN_POINT('',(0.057125,-0.033825,-0.002));
#17895=CARTESIAN_POINT('',(0.057125,-0.033825,-0.002));
#17896=CARTESIAN_POINT('',(0.057125,-0.036125,-0.002));
#17897=CARTESIAN_POINT('',(0.,-0.033825,-0.002));
#17898=CARTESIAN_POINT('',(0.,-0.033825,0.));
#17899=CARTESIAN_POINT('',(0.041125,-0.033825,0.));
#17900=CARTESIAN_POINT('',(0.041125,-0.033825,-0.002));
#17901=CARTESIAN_POINT('',(0.041125,-0.033825,-0.002));
#17902=CARTESIAN_POINT('',(0.,-0.033825,-0.002));
#17903=CARTESIAN_POINT('',(0.,-0.049925,-0.002));
#17904=CARTESIAN_POINT('',(0.,-0.049925,0.));
#17905=CARTESIAN_POINT('',(0.062375,-0.049925,0.));
#17906=CARTESIAN_POINT('',(0.078375,-0.049925,0.));
#17907=CARTESIAN_POINT('',(0.078375,-0.049925,-0.002));
#17908=CARTESIAN_POINT('',(0.078375,-0.049925,-0.002));
#17909=CARTESIAN_POINT('',(0.,-0.049925,-0.002));
#17910=CARTESIAN_POINT('',(0.062375,-0.049925,-0.002));
#17911=CARTESIAN_POINT('',(0.062375,-0.049925,-0.002));
#17912=CARTESIAN_POINT('',(0.078375,-0.047625,-0.002));
#17913=CARTESIAN_POINT('',(0.078375,-0.047625,0.));
#17914=CARTESIAN_POINT('',(0.080675,-0.047625,0.));
#17915=CARTESIAN_POINT('',(0.080675,-0.047625,-0.002));
#17916=CARTESIAN_POINT('',(0.080675,-0.047625,-0.002));
#17917=CARTESIAN_POINT('',(0.078375,-0.047625,-0.002));
#17918=CARTESIAN_POINT('',(0.080675,-6.93889390390723E-18,-0.002));
#17919=CARTESIAN_POINT('',(0.080675,-6.93889390390723E-18,0.));
#17920=CARTESIAN_POINT('',(0.080675,-0.036125,0.));
#17921=CARTESIAN_POINT('',(0.080675,-0.036125,-0.002));
#17922=CARTESIAN_POINT('',(0.080675,-0.036125,-0.002));
#17923=CARTESIAN_POINT('',(0.080675,-6.93889390390723E-18,-0.002));
#17924=CARTESIAN_POINT('',(0.078375,-0.036125,-0.002));
#17925=CARTESIAN_POINT('',(0.078375,-0.036125,0.));
#17926=CARTESIAN_POINT('',(0.078375,-0.033825,0.));
#17927=CARTESIAN_POINT('',(0.078375,-0.033825,-0.002));
#17928=CARTESIAN_POINT('',(0.078375,-0.033825,-0.002));
#17929=CARTESIAN_POINT('',(0.078375,-0.036125,-0.002));
#17930=CARTESIAN_POINT('',(0.,-0.033825,-0.002));
#17931=CARTESIAN_POINT('',(0.,-0.033825,0.));
#17932=CARTESIAN_POINT('',(0.062375,-0.033825,0.));
#17933=CARTESIAN_POINT('',(0.062375,-0.033825,-0.002));
#17934=CARTESIAN_POINT('',(0.062375,-0.033825,-0.002));
#17935=CARTESIAN_POINT('',(0.,-0.033825,-0.002));
#17936=CARTESIAN_POINT('',(0.062375,-0.036125,-0.002));
#17937=CARTESIAN_POINT('',(0.062375,-0.036125,0.));
#17938=CARTESIAN_POINT('',(0.060075,-0.036125,0.));
#17939=CARTESIAN_POINT('',(0.060075,-0.036125,-0.002));
#17940=CARTESIAN_POINT('',(0.060075,-0.036125,-0.002));
#17941=CARTESIAN_POINT('',(0.062375,-0.036125,-0.002));
#17942=CARTESIAN_POINT('',(0.060075,-6.93889390390723E-18,-0.002));
#17943=CARTESIAN_POINT('',(0.060075,-6.93889390390723E-18,0.));
#17944=CARTESIAN_POINT('',(0.060075,-0.047625,0.));
#17945=CARTESIAN_POINT('',(0.060075,-0.047625,-0.002));
#17946=CARTESIAN_POINT('',(0.060075,-0.047625,-0.002));
#17947=CARTESIAN_POINT('',(0.060075,-6.93889390390723E-18,-0.002));
#17948=CARTESIAN_POINT('',(0.,0.016425,-0.002));
#17949=CARTESIAN_POINT('',(0.,0.016425,0.));
#17950=CARTESIAN_POINT('',(0.078375,0.016425,0.));
#17951=CARTESIAN_POINT('',(0.0585,0.016425,0.));
#17952=CARTESIAN_POINT('',(0.0585,0.016425,-0.002));
#17953=CARTESIAN_POINT('',(0.0585,0.016425,-0.002));
#17954=CARTESIAN_POINT('',(0.,0.016425,-0.002));
#17955=CARTESIAN_POINT('',(0.078375,0.016425,-0.002));
#17956=CARTESIAN_POINT('',(0.078375,0.016425,-0.002));
#17957=CARTESIAN_POINT('',(0.0585,0.014125,-0.002));
#17958=CARTESIAN_POINT('',(0.0585,0.014125,0.));
#17959=CARTESIAN_POINT('',(0.0562,0.014125,0.));
#17960=CARTESIAN_POINT('',(0.0562,0.014125,-0.002));
#17961=CARTESIAN_POINT('',(0.0562,0.014125,-0.002));
#17962=CARTESIAN_POINT('',(0.0585,0.014125,-0.002));
#17963=CARTESIAN_POINT('',(0.0562,-6.93889390390723E-18,-0.002));
#17964=CARTESIAN_POINT('',(0.0562,-6.93889390390723E-18,0.));
#17965=CARTESIAN_POINT('',(0.0562,0.002625,0.));
#17966=CARTESIAN_POINT('',(0.0562,0.002625,-0.002));
#17967=CARTESIAN_POINT('',(0.0562,0.002625,-0.002));
#17968=CARTESIAN_POINT('',(0.0562,-6.93889390390723E-18,-0.002));
#17969=CARTESIAN_POINT('',(0.0585,0.002625,-0.002));
#17970=CARTESIAN_POINT('',(0.0585,0.002625,0.));
#17971=CARTESIAN_POINT('',(0.0585,0.00032499999999998,0.));
#17972=CARTESIAN_POINT('',(0.0585,0.00032499999999998,-0.002));
#17973=CARTESIAN_POINT('',(0.0585,0.00032499999999998,-0.002));
#17974=CARTESIAN_POINT('',(0.0585,0.002625,-0.002));
#17975=CARTESIAN_POINT('',(0.,0.00032499999999998,-0.002));
#17976=CARTESIAN_POINT('',(0.,0.00032499999999998,0.));
#17977=CARTESIAN_POINT('',(0.078375,0.00032499999999998,0.));
#17978=CARTESIAN_POINT('',(0.078375,0.00032499999999998,-0.002));
#17979=CARTESIAN_POINT('',(0.078375,0.00032499999999998,-0.002));
#17980=CARTESIAN_POINT('',(0.,0.00032499999999998,-0.002));
#17981=CARTESIAN_POINT('',(0.078375,0.002625,-0.002));
#17982=CARTESIAN_POINT('',(0.078375,0.002625,0.));
#17983=CARTESIAN_POINT('',(0.080675,0.002625,0.));
#17984=CARTESIAN_POINT('',(0.080675,0.002625,-0.002));
#17985=CARTESIAN_POINT('',(0.080675,0.002625,-0.002));
#17986=CARTESIAN_POINT('',(0.078375,0.002625,-0.002));
#17987=CARTESIAN_POINT('',(0.080675,-6.93889390390723E-18,-0.002));
#17988=CARTESIAN_POINT('',(0.080675,-6.93889390390723E-18,0.));
#17989=CARTESIAN_POINT('',(0.080675,0.014125,0.));
#17990=CARTESIAN_POINT('',(0.080675,0.014125,-0.002));
#17991=CARTESIAN_POINT('',(0.080675,0.014125,-0.002));
#17992=CARTESIAN_POINT('',(0.080675,-6.93889390390723E-18,-0.002));
#17993=CARTESIAN_POINT('',(-0.106825,-6.93889390390723E-18,-0.002));
#17994=CARTESIAN_POINT('',(-0.106825,-6.93889390390723E-18,0.));
#17995=CARTESIAN_POINT('',(-0.106825,-0.047625,0.));
#17996=CARTESIAN_POINT('',(-0.106825,-0.036125,0.));
#17997=CARTESIAN_POINT('',(-0.106825,-0.036125,-0.002));
#17998=CARTESIAN_POINT('',(-0.106825,-0.036125,-0.002));
#17999=CARTESIAN_POINT('',(-0.106825,-6.93889390390723E-18,-0.002));
#18000=CARTESIAN_POINT('',(-0.106825,-0.047625,-0.002));
#18001=CARTESIAN_POINT('',(-0.106825,-0.047625,-0.002));
#18002=CARTESIAN_POINT('',(-0.109125,-0.036125,-0.002));
#18003=CARTESIAN_POINT('',(-0.109125,-0.036125,0.));
#18004=CARTESIAN_POINT('',(-0.109125,-0.033825,0.));
#18005=CARTESIAN_POINT('',(-0.109125,-0.033825,-0.002));
#18006=CARTESIAN_POINT('',(-0.109125,-0.033825,-0.002));
#18007=CARTESIAN_POINT('',(-0.109125,-0.036125,-0.002));
#18008=CARTESIAN_POINT('',(0.,-0.033825,-0.002));
#18009=CARTESIAN_POINT('',(0.,-0.033825,0.));
#18010=CARTESIAN_POINT('',(-0.125125,-0.033825,0.));
#18011=CARTESIAN_POINT('',(-0.125125,-0.033825,-0.002));
#18012=CARTESIAN_POINT('',(-0.125125,-0.033825,-0.002));
#18013=CARTESIAN_POINT('',(0.,-0.033825,-0.002));
#18014=CARTESIAN_POINT('',(-0.125125,-0.036125,-0.002));
#18015=CARTESIAN_POINT('',(-0.125125,-0.036125,0.));
#18016=CARTESIAN_POINT('',(-0.127425,-0.036125,0.));
#18017=CARTESIAN_POINT('',(-0.127425,-0.036125,-0.002));
#18018=CARTESIAN_POINT('',(-0.127425,-0.036125,-0.002));
#18019=CARTESIAN_POINT('',(-0.125125,-0.036125,-0.002));
#18020=CARTESIAN_POINT('',(-0.127425,-6.93889390390723E-18,-0.002));
#18021=CARTESIAN_POINT('',(-0.127425,-6.93889390390723E-18,0.));
#18022=CARTESIAN_POINT('',(-0.127425,-0.047625,0.));
#18023=CARTESIAN_POINT('',(-0.127425,-0.047625,-0.002));
#18024=CARTESIAN_POINT('',(-0.127425,-0.047625,-0.002));
#18025=CARTESIAN_POINT('',(-0.127425,-6.93889390390723E-18,-0.002));
#18026=CARTESIAN_POINT('',(-0.125125,-0.047625,-0.002));
#18027=CARTESIAN_POINT('',(-0.125125,-0.047625,0.));
#18028=CARTESIAN_POINT('',(-0.125125,-0.049925,0.));
#18029=CARTESIAN_POINT('',(-0.125125,-0.049925,-0.002));
#18030=CARTESIAN_POINT('',(-0.125125,-0.049925,-0.002));
#18031=CARTESIAN_POINT('',(-0.125125,-0.047625,-0.002));
#18032=CARTESIAN_POINT('',(1.73212139076284E-17,-0.049925,-0.002));
#18033=CARTESIAN_POINT('',(1.73212139076284E-17,-0.049925,0.));
#18034=CARTESIAN_POINT('',(-0.109125,-0.049925,0.));
#18035=CARTESIAN_POINT('',(-0.109125,-0.049925,-0.002));
#18036=CARTESIAN_POINT('',(-0.109125,-0.049925,-0.002));
#18037=CARTESIAN_POINT('',(1.73212139076284E-17,-0.049925,-0.002));
#18038=CARTESIAN_POINT('',(0.,-0.033825,-0.002));
#18039=CARTESIAN_POINT('',(0.,-0.033825,0.));
#18040=CARTESIAN_POINT('',(0.019875,-0.033825,0.));
#18041=CARTESIAN_POINT('',(0.035875,-0.033825,0.));
#18042=CARTESIAN_POINT('',(0.019875,-0.033825,-0.002));
#18043=CARTESIAN_POINT('',(0.019875,-0.033825,-0.002));
#18044=CARTESIAN_POINT('',(0.,-0.033825,-0.002));
#18045=CARTESIAN_POINT('',(0.035875,-0.033825,-0.002));
#18046=CARTESIAN_POINT('',(0.035875,-0.033825,-0.002));
#18047=CARTESIAN_POINT('',(0.019875,-0.036125,-0.002));
#18048=CARTESIAN_POINT('',(0.019875,-0.036125,0.));
#18049=CARTESIAN_POINT('',(0.017575,-0.036125,0.));
#18050=CARTESIAN_POINT('',(0.017575,-0.036125,-0.002));
#18051=CARTESIAN_POINT('',(0.017575,-0.036125,-0.002));
#18052=CARTESIAN_POINT('',(0.019875,-0.036125,-0.002));
#18053=CARTESIAN_POINT('',(0.017575,9.28916441974577E-19,-0.002));
#18054=CARTESIAN_POINT('',(0.017575,9.28916441974577E-19,0.));
#18055=CARTESIAN_POINT('',(0.017575,-0.047625,0.));
#18056=CARTESIAN_POINT('',(0.017575,-0.047625,-0.002));
#18057=CARTESIAN_POINT('',(0.017575,-0.047625,-0.002));
#18058=CARTESIAN_POINT('',(0.017575,9.28916441974577E-19,-0.002));
#18059=CARTESIAN_POINT('',(0.019875,-0.047625,-0.002));
#18060=CARTESIAN_POINT('',(0.019875,-0.047625,0.));
#18061=CARTESIAN_POINT('',(0.019875,-0.049925,0.));
#18062=CARTESIAN_POINT('',(0.019875,-0.049925,-0.002));
#18063=CARTESIAN_POINT('',(0.019875,-0.049925,-0.002));
#18064=CARTESIAN_POINT('',(0.019875,-0.047625,-0.002));
#18065=CARTESIAN_POINT('',(0.,-0.049925,-0.002));
#18066=CARTESIAN_POINT('',(0.,-0.049925,0.));
#18067=CARTESIAN_POINT('',(0.035875,-0.049925,0.));
#18068=CARTESIAN_POINT('',(0.035875,-0.049925,-0.002));
#18069=CARTESIAN_POINT('',(0.035875,-0.049925,-0.002));
#18070=CARTESIAN_POINT('',(0.,-0.049925,-0.002));
#18071=CARTESIAN_POINT('',(0.035875,-0.047625,-0.002));
#18072=CARTESIAN_POINT('',(0.035875,-0.047625,0.));
#18073=CARTESIAN_POINT('',(0.038175,-0.047625,0.));
#18074=CARTESIAN_POINT('',(0.038175,-0.047625,-0.002));
#18075=CARTESIAN_POINT('',(0.038175,-0.047625,-0.002));
#18076=CARTESIAN_POINT('',(0.035875,-0.047625,-0.002));
#18077=CARTESIAN_POINT('',(0.038175,-6.93889390390723E-18,-0.002));
#18078=CARTESIAN_POINT('',(0.038175,-6.93889390390723E-18,0.));
#18079=CARTESIAN_POINT('',(0.038175,-0.036125,0.));
#18080=CARTESIAN_POINT('',(0.038175,-0.036125,-0.002));
#18081=CARTESIAN_POINT('',(0.038175,-0.036125,-0.002));
#18082=CARTESIAN_POINT('',(0.038175,-6.93889390390723E-18,-0.002));
#18083=CARTESIAN_POINT('',(0.,-0.033825,-0.002));
#18084=CARTESIAN_POINT('',(0.,-0.033825,0.));
#18085=CARTESIAN_POINT('',(-0.00137500000000021,-0.033825,0.));
#18086=CARTESIAN_POINT('',(0.0146249999999998,-0.033825,0.));
#18087=CARTESIAN_POINT('',(-0.00137500000000021,-0.033825,-0.002));
#18088=CARTESIAN_POINT('',(-0.00137500000000021,-0.033825,-0.002));
#18089=CARTESIAN_POINT('',(0.,-0.033825,-0.002));
#18090=CARTESIAN_POINT('',(0.0146249999999998,-0.033825,-0.002));
#18091=CARTESIAN_POINT('',(0.0146249999999998,-0.033825,-0.002));
#18092=CARTESIAN_POINT('',(-0.00137500000000021,-0.036125,-0.002));
#18093=CARTESIAN_POINT('',(-0.00137500000000021,-0.036125,0.));
#18094=CARTESIAN_POINT('',(-0.00367500000000021,-0.036125,0.));
#18095=CARTESIAN_POINT('',(-0.00367500000000021,-0.036125,-0.002));
#18096=CARTESIAN_POINT('',(-0.00367500000000021,-0.036125,-0.002));
#18097=CARTESIAN_POINT('',(-0.00137500000000021,-0.036125,-0.002));
#18098=CARTESIAN_POINT('',(-0.00367500000000022,-8.06996158965508E-18,-0.002));
#18099=CARTESIAN_POINT('',(-0.00367500000000022,-8.06996158965508E-18,0.));
#18100=CARTESIAN_POINT('',(-0.00367500000000021,-0.047625,0.));
#18101=CARTESIAN_POINT('',(-0.00367500000000021,-0.047625,-0.002));
#18102=CARTESIAN_POINT('',(-0.00367500000000021,-0.047625,-0.002));
#18103=CARTESIAN_POINT('',(-0.00367500000000022,-8.06996158965508E-18,-0.002));
#18104=CARTESIAN_POINT('',(-0.00137500000000021,-0.047625,-0.002));
#18105=CARTESIAN_POINT('',(-0.00137500000000021,-0.047625,0.));
#18106=CARTESIAN_POINT('',(-0.00137500000000021,-0.049925,0.));
#18107=CARTESIAN_POINT('',(-0.00137500000000021,-0.049925,-0.002));
#18108=CARTESIAN_POINT('',(-0.00137500000000021,-0.049925,-0.002));
#18109=CARTESIAN_POINT('',(-0.00137500000000021,-0.047625,-0.002));
#18110=CARTESIAN_POINT('',(0.,-0.049925,-0.002));
#18111=CARTESIAN_POINT('',(0.,-0.049925,0.));
#18112=CARTESIAN_POINT('',(0.0146249999999998,-0.049925,0.));
#18113=CARTESIAN_POINT('',(0.0146249999999998,-0.049925,-0.002));
#18114=CARTESIAN_POINT('',(0.0146249999999998,-0.049925,-0.002));
#18115=CARTESIAN_POINT('',(0.,-0.049925,-0.002));
#18116=CARTESIAN_POINT('',(0.0146249999999998,-0.047625,-0.002));
#18117=CARTESIAN_POINT('',(0.0146249999999998,-0.047625,0.));
#18118=CARTESIAN_POINT('',(0.016925,-0.047625,0.));
#18119=CARTESIAN_POINT('',(0.016925,-0.047625,-0.002));
#18120=CARTESIAN_POINT('',(0.016925,-0.047625,-0.002));
#18121=CARTESIAN_POINT('',(0.0146249999999998,-0.047625,-0.002));
#18122=CARTESIAN_POINT('',(0.016925,-6.93889390390723E-18,-0.002));
#18123=CARTESIAN_POINT('',(0.016925,-6.93889390390723E-18,0.));
#18124=CARTESIAN_POINT('',(0.016925,-0.036125,0.));
#18125=CARTESIAN_POINT('',(0.016925,-0.036125,-0.002));
#18126=CARTESIAN_POINT('',(0.016925,-0.036125,-0.002));
#18127=CARTESIAN_POINT('',(0.016925,-6.93889390390723E-18,-0.002));
#18128=CARTESIAN_POINT('',(-0.081675,-6.93889390390723E-18,-0.002));
#18129=CARTESIAN_POINT('',(-0.081675,-6.93889390390723E-18,0.));
#18130=CARTESIAN_POINT('',(-0.081675,-0.030875,0.));
#18131=CARTESIAN_POINT('',(-0.081675,-0.019375,0.));
#18132=CARTESIAN_POINT('',(-0.081675,-0.030875,-0.002));
#18133=CARTESIAN_POINT('',(-0.081675,-0.030875,-0.002));
#18134=CARTESIAN_POINT('',(-0.081675,-6.93889390390723E-18,-0.002));
#18135=CARTESIAN_POINT('',(-0.081675,-0.019375,-0.002));
#18136=CARTESIAN_POINT('',(-0.081675,-0.019375,-0.002));
#18137=CARTESIAN_POINT('',(-0.079375,-0.030875,-0.002));
#18138=CARTESIAN_POINT('',(-0.079375,-0.030875,0.));
#18139=CARTESIAN_POINT('',(-0.079375,-0.033175,0.));
#18140=CARTESIAN_POINT('',(-0.079375,-0.033175,-0.002));
#18141=CARTESIAN_POINT('',(-0.079375,-0.033175,-0.002));
#18142=CARTESIAN_POINT('',(-0.079375,-0.030875,-0.002));
#18143=CARTESIAN_POINT('',(0.,-0.033175,-0.002));
#18144=CARTESIAN_POINT('',(0.,-0.033175,0.));
#18145=CARTESIAN_POINT('',(-0.067875,-0.033175,0.));
#18146=CARTESIAN_POINT('',(-0.067875,-0.033175,-0.002));
#18147=CARTESIAN_POINT('',(-0.067875,-0.033175,-0.002));
#18148=CARTESIAN_POINT('',(0.,-0.033175,-0.002));
#18149=CARTESIAN_POINT('',(-0.067875,-0.030875,-0.002));
#18150=CARTESIAN_POINT('',(-0.067875,-0.030875,0.));
#18151=CARTESIAN_POINT('',(-0.065575,-0.030875,0.));
#18152=CARTESIAN_POINT('',(-0.065575,-0.030875,-0.002));
#18153=CARTESIAN_POINT('',(-0.065575,-0.030875,-0.002));
#18154=CARTESIAN_POINT('',(-0.067875,-0.030875,-0.002));
#18155=CARTESIAN_POINT('',(-0.065575,-6.93889390390723E-18,-0.002));
#18156=CARTESIAN_POINT('',(-0.065575,-6.93889390390723E-18,0.));
#18157=CARTESIAN_POINT('',(-0.065575,-0.019375,0.));
#18158=CARTESIAN_POINT('',(-0.065575,-0.019375,-0.002));
#18159=CARTESIAN_POINT('',(-0.065575,-0.019375,-0.002));
#18160=CARTESIAN_POINT('',(-0.065575,-6.93889390390723E-18,-0.002));
#18161=CARTESIAN_POINT('',(-0.067875,-0.019375,-0.002));
#18162=CARTESIAN_POINT('',(-0.067875,-0.019375,0.));
#18163=CARTESIAN_POINT('',(-0.067875,-0.017075,0.));
#18164=CARTESIAN_POINT('',(-0.067875,-0.017075,-0.002));
#18165=CARTESIAN_POINT('',(-0.067875,-0.017075,-0.002));
#18166=CARTESIAN_POINT('',(-0.067875,-0.019375,-0.002));
#18167=CARTESIAN_POINT('',(0.,-0.017075,-0.002));
#18168=CARTESIAN_POINT('',(0.,-0.017075,0.));
#18169=CARTESIAN_POINT('',(-0.079375,-0.017075,0.));
#18170=CARTESIAN_POINT('',(-0.079375,-0.017075,-0.002));
#18171=CARTESIAN_POINT('',(-0.079375,-0.017075,-0.002));
#18172=CARTESIAN_POINT('',(0.,-0.017075,-0.002));
#18173=CARTESIAN_POINT('',(0.,-0.017075,-0.002));
#18174=CARTESIAN_POINT('',(0.,-0.017075,0.));
#18175=CARTESIAN_POINT('',(-0.051125,-0.017075,0.));
#18176=CARTESIAN_POINT('',(-0.062625,-0.017075,0.));
#18177=CARTESIAN_POINT('',(-0.062625,-0.017075,-0.002));
#18178=CARTESIAN_POINT('',(-0.062625,-0.017075,-0.002));
#18179=CARTESIAN_POINT('',(0.,-0.017075,-0.002));
#18180=CARTESIAN_POINT('',(-0.051125,-0.017075,-0.002));
#18181=CARTESIAN_POINT('',(-0.051125,-0.017075,-0.002));
#18182=CARTESIAN_POINT('',(-0.062625,-0.019375,-0.002));
#18183=CARTESIAN_POINT('',(-0.062625,-0.019375,0.));
#18184=CARTESIAN_POINT('',(-0.064925,-0.019375,0.));
#18185=CARTESIAN_POINT('',(-0.064925,-0.019375,-0.002));
#18186=CARTESIAN_POINT('',(-0.064925,-0.019375,-0.002));
#18187=CARTESIAN_POINT('',(-0.062625,-0.019375,-0.002));
#18188=CARTESIAN_POINT('',(-0.064925,-6.93889390390723E-18,-0.002));
#18189=CARTESIAN_POINT('',(-0.064925,-6.93889390390723E-18,0.));
#18190=CARTESIAN_POINT('',(-0.064925,-0.030875,0.));
#18191=CARTESIAN_POINT('',(-0.064925,-0.030875,-0.002));
#18192=CARTESIAN_POINT('',(-0.064925,-0.030875,-0.002));
#18193=CARTESIAN_POINT('',(-0.064925,-6.93889390390723E-18,-0.002));
#18194=CARTESIAN_POINT('',(-0.062625,-0.030875,-0.002));
#18195=CARTESIAN_POINT('',(-0.062625,-0.030875,0.));
#18196=CARTESIAN_POINT('',(-0.062625,-0.033175,0.));
#18197=CARTESIAN_POINT('',(-0.062625,-0.033175,-0.002));
#18198=CARTESIAN_POINT('',(-0.062625,-0.033175,-0.002));
#18199=CARTESIAN_POINT('',(-0.062625,-0.030875,-0.002));
#18200=CARTESIAN_POINT('',(0.,-0.033175,-0.002));
#18201=CARTESIAN_POINT('',(0.,-0.033175,0.));
#18202=CARTESIAN_POINT('',(-0.051125,-0.033175,0.));
#18203=CARTESIAN_POINT('',(-0.051125,-0.033175,-0.002));
#18204=CARTESIAN_POINT('',(-0.051125,-0.033175,-0.002));
#18205=CARTESIAN_POINT('',(0.,-0.033175,-0.002));
#18206=CARTESIAN_POINT('',(-0.051125,-0.030875,-0.002));
#18207=CARTESIAN_POINT('',(-0.051125,-0.030875,0.));
#18208=CARTESIAN_POINT('',(-0.048825,-0.030875,0.));
#18209=CARTESIAN_POINT('',(-0.048825,-0.030875,-0.002));
#18210=CARTESIAN_POINT('',(-0.048825,-0.030875,-0.002));
#18211=CARTESIAN_POINT('',(-0.051125,-0.030875,-0.002));
#18212=CARTESIAN_POINT('',(-0.048825,-6.93889390390723E-18,-0.002));
#18213=CARTESIAN_POINT('',(-0.048825,-6.93889390390723E-18,0.));
#18214=CARTESIAN_POINT('',(-0.048825,-0.019375,0.));
#18215=CARTESIAN_POINT('',(-0.048825,-0.019375,-0.002));
#18216=CARTESIAN_POINT('',(-0.048825,-0.019375,-0.002));
#18217=CARTESIAN_POINT('',(-0.048825,-6.93889390390723E-18,-0.002));
#18218=CARTESIAN_POINT('',(-0.048175,-6.93889390390723E-18,-0.002));
#18219=CARTESIAN_POINT('',(-0.048175,-6.93889390390723E-18,0.));
#18220=CARTESIAN_POINT('',(-0.048175,-0.030875,0.));
#18221=CARTESIAN_POINT('',(-0.048175,-0.019375,0.));
#18222=CARTESIAN_POINT('',(-0.048175,-0.030875,-0.002));
#18223=CARTESIAN_POINT('',(-0.048175,-0.030875,-0.002));
#18224=CARTESIAN_POINT('',(-0.048175,-6.93889390390723E-18,-0.002));
#18225=CARTESIAN_POINT('',(-0.048175,-0.019375,-0.002));
#18226=CARTESIAN_POINT('',(-0.048175,-0.019375,-0.002));
#18227=CARTESIAN_POINT('',(-0.045875,-0.030875,-0.002));
#18228=CARTESIAN_POINT('',(-0.045875,-0.030875,0.));
#18229=CARTESIAN_POINT('',(-0.045875,-0.033175,0.));
#18230=CARTESIAN_POINT('',(-0.045875,-0.033175,-0.002));
#18231=CARTESIAN_POINT('',(-0.045875,-0.033175,-0.002));
#18232=CARTESIAN_POINT('',(-0.045875,-0.030875,-0.002));
#18233=CARTESIAN_POINT('',(0.,-0.033175,-0.002));
#18234=CARTESIAN_POINT('',(0.,-0.033175,0.));
#18235=CARTESIAN_POINT('',(-0.034375,-0.033175,0.));
#18236=CARTESIAN_POINT('',(-0.034375,-0.033175,-0.002));
#18237=CARTESIAN_POINT('',(-0.034375,-0.033175,-0.002));
#18238=CARTESIAN_POINT('',(0.,-0.033175,-0.002));
#18239=CARTESIAN_POINT('',(-0.034375,-0.030875,-0.002));
#18240=CARTESIAN_POINT('',(-0.034375,-0.030875,0.));
#18241=CARTESIAN_POINT('',(-0.032075,-0.030875,0.));
#18242=CARTESIAN_POINT('',(-0.032075,-0.030875,-0.002));
#18243=CARTESIAN_POINT('',(-0.032075,-0.030875,-0.002));
#18244=CARTESIAN_POINT('',(-0.034375,-0.030875,-0.002));
#18245=CARTESIAN_POINT('',(-0.032075,-6.93889390390723E-18,-0.002));
#18246=CARTESIAN_POINT('',(-0.032075,-6.93889390390723E-18,0.));
#18247=CARTESIAN_POINT('',(-0.032075,-0.019375,0.));
#18248=CARTESIAN_POINT('',(-0.032075,-0.019375,-0.002));
#18249=CARTESIAN_POINT('',(-0.032075,-0.019375,-0.002));
#18250=CARTESIAN_POINT('',(-0.032075,-6.93889390390723E-18,-0.002));
#18251=CARTESIAN_POINT('',(-0.034375,-0.019375,-0.002));
#18252=CARTESIAN_POINT('',(-0.034375,-0.019375,0.));
#18253=CARTESIAN_POINT('',(-0.034375,-0.017075,0.));
#18254=CARTESIAN_POINT('',(-0.034375,-0.017075,-0.002));
#18255=CARTESIAN_POINT('',(-0.034375,-0.017075,-0.002));
#18256=CARTESIAN_POINT('',(-0.034375,-0.019375,-0.002));
#18257=CARTESIAN_POINT('',(0.,-0.017075,-0.002));
#18258=CARTESIAN_POINT('',(0.,-0.017075,0.));
#18259=CARTESIAN_POINT('',(-0.045875,-0.017075,0.));
#18260=CARTESIAN_POINT('',(-0.045875,-0.017075,-0.002));
#18261=CARTESIAN_POINT('',(-0.045875,-0.017075,-0.002));
#18262=CARTESIAN_POINT('',(0.,-0.017075,-0.002));
#18263=CARTESIAN_POINT('',(0.,-0.033175,-0.002));
#18264=CARTESIAN_POINT('',(0.,-0.033175,0.));
#18265=CARTESIAN_POINT('',(-0.017625,-0.033175,0.));
#18266=CARTESIAN_POINT('',(-0.029125,-0.033175,0.));
#18267=CARTESIAN_POINT('',(-0.017625,-0.033175,-0.002));
#18268=CARTESIAN_POINT('',(-0.017625,-0.033175,-0.002));
#18269=CARTESIAN_POINT('',(0.,-0.033175,-0.002));
#18270=CARTESIAN_POINT('',(-0.029125,-0.033175,-0.002));
#18271=CARTESIAN_POINT('',(-0.029125,-0.033175,-0.002));
#18272=CARTESIAN_POINT('',(-0.017625,-0.030875,-0.002));
#18273=CARTESIAN_POINT('',(-0.017625,-0.030875,0.));
#18274=CARTESIAN_POINT('',(-0.015325,-0.030875,0.));
#18275=CARTESIAN_POINT('',(-0.015325,-0.030875,-0.002));
#18276=CARTESIAN_POINT('',(-0.015325,-0.030875,-0.002));
#18277=CARTESIAN_POINT('',(-0.017625,-0.030875,-0.002));
#18278=CARTESIAN_POINT('',(-0.015325,-6.93889390390723E-18,-0.002));
#18279=CARTESIAN_POINT('',(-0.015325,-6.93889390390723E-18,0.));
#18280=CARTESIAN_POINT('',(-0.015325,-0.019375,0.));
#18281=CARTESIAN_POINT('',(-0.015325,-0.019375,-0.002));
#18282=CARTESIAN_POINT('',(-0.015325,-0.019375,-0.002));
#18283=CARTESIAN_POINT('',(-0.015325,-6.93889390390723E-18,-0.002));
#18284=CARTESIAN_POINT('',(-0.017625,-0.019375,-0.002));
#18285=CARTESIAN_POINT('',(-0.017625,-0.019375,0.));
#18286=CARTESIAN_POINT('',(-0.017625,-0.017075,0.));
#18287=CARTESIAN_POINT('',(-0.017625,-0.017075,-0.002));
#18288=CARTESIAN_POINT('',(-0.017625,-0.017075,-0.002));
#18289=CARTESIAN_POINT('',(-0.017625,-0.019375,-0.002));
#18290=CARTESIAN_POINT('',(0.,-0.017075,-0.002));
#18291=CARTESIAN_POINT('',(0.,-0.017075,0.));
#18292=CARTESIAN_POINT('',(-0.029125,-0.017075,0.));
#18293=CARTESIAN_POINT('',(-0.029125,-0.017075,-0.002));
#18294=CARTESIAN_POINT('',(-0.029125,-0.017075,-0.002));
#18295=CARTESIAN_POINT('',(0.,-0.017075,-0.002));
#18296=CARTESIAN_POINT('',(-0.029125,-0.019375,-0.002));
#18297=CARTESIAN_POINT('',(-0.029125,-0.019375,0.));
#18298=CARTESIAN_POINT('',(-0.031425,-0.019375,0.));
#18299=CARTESIAN_POINT('',(-0.031425,-0.019375,-0.002));
#18300=CARTESIAN_POINT('',(-0.031425,-0.019375,-0.002));
#18301=CARTESIAN_POINT('',(-0.029125,-0.019375,-0.002));
#18302=CARTESIAN_POINT('',(-0.031425,-6.93889390390723E-18,-0.002));
#18303=CARTESIAN_POINT('',(-0.031425,-6.93889390390723E-18,0.));
#18304=CARTESIAN_POINT('',(-0.031425,-0.030875,0.));
#18305=CARTESIAN_POINT('',(-0.031425,-0.030875,-0.002));
#18306=CARTESIAN_POINT('',(-0.031425,-0.030875,-0.002));
#18307=CARTESIAN_POINT('',(-0.031425,-6.93889390390723E-18,-0.002));
#18308=CARTESIAN_POINT('',(-0.128075,-6.93889390390723E-18,-0.002));
#18309=CARTESIAN_POINT('',(-0.128075,-6.93889390390723E-18,0.));
#18310=CARTESIAN_POINT('',(-0.128075,-0.047625,0.));
#18311=CARTESIAN_POINT('',(-0.128075,-0.036125,0.));
#18312=CARTESIAN_POINT('',(-0.128075,-0.036125,-0.002));
#18313=CARTESIAN_POINT('',(-0.128075,-0.036125,-0.002));
#18314=CARTESIAN_POINT('',(-0.128075,-6.93889390390723E-18,-0.002));
#18315=CARTESIAN_POINT('',(-0.128075,-0.047625,-0.002));
#18316=CARTESIAN_POINT('',(-0.128075,-0.047625,-0.002));
#18317=CARTESIAN_POINT('',(-0.130375,-0.036125,-0.002));
#18318=CARTESIAN_POINT('',(-0.130375,-0.036125,0.));
#18319=CARTESIAN_POINT('',(-0.130375,-0.033825,0.));
#18320=CARTESIAN_POINT('',(-0.130375,-0.033825,-0.002));
#18321=CARTESIAN_POINT('',(-0.130375,-0.033825,-0.002));
#18322=CARTESIAN_POINT('',(-0.130375,-0.036125,-0.002));
#18323=CARTESIAN_POINT('',(0.,-0.033825,-0.002));
#18324=CARTESIAN_POINT('',(0.,-0.033825,0.));
#18325=CARTESIAN_POINT('',(-0.146375,-0.033825,0.));
#18326=CARTESIAN_POINT('',(-0.146375,-0.033825,-0.002));
#18327=CARTESIAN_POINT('',(-0.146375,-0.033825,-0.002));
#18328=CARTESIAN_POINT('',(0.,-0.033825,-0.002));
#18329=CARTESIAN_POINT('',(-0.146375,-0.036125,-0.002));
#18330=CARTESIAN_POINT('',(-0.146375,-0.036125,0.));
#18331=CARTESIAN_POINT('',(-0.148675,-0.036125,0.));
#18332=CARTESIAN_POINT('',(-0.148675,-0.036125,-0.002));
#18333=CARTESIAN_POINT('',(-0.148675,-0.036125,-0.002));
#18334=CARTESIAN_POINT('',(-0.146375,-0.036125,-0.002));
#18335=CARTESIAN_POINT('',(-0.148675,-6.93889390390723E-18,-0.002));
#18336=CARTESIAN_POINT('',(-0.148675,-6.93889390390723E-18,0.));
#18337=CARTESIAN_POINT('',(-0.148675,-0.047625,0.));
#18338=CARTESIAN_POINT('',(-0.148675,-0.047625,-0.002));
#18339=CARTESIAN_POINT('',(-0.148675,-0.047625,-0.002));
#18340=CARTESIAN_POINT('',(-0.148675,-6.93889390390723E-18,-0.002));
#18341=CARTESIAN_POINT('',(-0.146375,-0.047625,-0.002));
#18342=CARTESIAN_POINT('',(-0.146375,-0.047625,0.));
#18343=CARTESIAN_POINT('',(-0.146375,-0.049925,0.));
#18344=CARTESIAN_POINT('',(-0.146375,-0.049925,-0.002));
#18345=CARTESIAN_POINT('',(-0.146375,-0.049925,-0.002));
#18346=CARTESIAN_POINT('',(-0.146375,-0.047625,-0.002));
#18347=CARTESIAN_POINT('',(1.73212139076284E-17,-0.049925,-0.002));
#18348=CARTESIAN_POINT('',(1.73212139076284E-17,-0.049925,0.));
#18349=CARTESIAN_POINT('',(-0.130375,-0.049925,0.));
#18350=CARTESIAN_POINT('',(-0.130375,-0.049925,-0.002));
#18351=CARTESIAN_POINT('',(-0.130375,-0.049925,-0.002));
#18352=CARTESIAN_POINT('',(1.73212139076284E-17,-0.049925,-0.002));
#18353=CARTESIAN_POINT('',(0.018825,-6.93889390390723E-18,-0.002));
#18354=CARTESIAN_POINT('',(0.018825,-6.93889390390723E-18,0.));
#18355=CARTESIAN_POINT('',(0.018825,-0.030875,0.));
#18356=CARTESIAN_POINT('',(0.018825,-0.019375,0.));
#18357=CARTESIAN_POINT('',(0.018825,-0.030875,-0.002));
#18358=CARTESIAN_POINT('',(0.018825,-0.030875,-0.002));
#18359=CARTESIAN_POINT('',(0.018825,-6.93889390390723E-18,-0.002));
#18360=CARTESIAN_POINT('',(0.018825,-0.019375,-0.002));
#18361=CARTESIAN_POINT('',(0.018825,-0.019375,-0.002));
#18362=CARTESIAN_POINT('',(0.021125,-0.030875,-0.002));
#18363=CARTESIAN_POINT('',(0.021125,-0.030875,0.));
#18364=CARTESIAN_POINT('',(0.021125,-0.033175,0.));
#18365=CARTESIAN_POINT('',(0.021125,-0.033175,-0.002));
#18366=CARTESIAN_POINT('',(0.021125,-0.033175,-0.002));
#18367=CARTESIAN_POINT('',(0.021125,-0.030875,-0.002));
#18368=CARTESIAN_POINT('',(0.,-0.033175,-0.002));
#18369=CARTESIAN_POINT('',(0.,-0.033175,0.));
#18370=CARTESIAN_POINT('',(0.032625,-0.033175,0.));
#18371=CARTESIAN_POINT('',(0.032625,-0.033175,-0.002));
#18372=CARTESIAN_POINT('',(0.032625,-0.033175,-0.002));
#18373=CARTESIAN_POINT('',(0.,-0.033175,-0.002));
#18374=CARTESIAN_POINT('',(0.032625,-0.030875,-0.002));
#18375=CARTESIAN_POINT('',(0.032625,-0.030875,0.));
#18376=CARTESIAN_POINT('',(0.034925,-0.030875,0.));
#18377=CARTESIAN_POINT('',(0.034925,-0.030875,-0.002));
#18378=CARTESIAN_POINT('',(0.034925,-0.030875,-0.002));
#18379=CARTESIAN_POINT('',(0.032625,-0.030875,-0.002));
#18380=CARTESIAN_POINT('',(0.034925,-6.93889390390723E-18,-0.002));
#18381=CARTESIAN_POINT('',(0.034925,-6.93889390390723E-18,0.));
#18382=CARTESIAN_POINT('',(0.034925,-0.019375,0.));
#18383=CARTESIAN_POINT('',(0.034925,-0.019375,-0.002));
#18384=CARTESIAN_POINT('',(0.034925,-0.019375,-0.002));
#18385=CARTESIAN_POINT('',(0.034925,-6.93889390390723E-18,-0.002));
#18386=CARTESIAN_POINT('',(0.032625,-0.019375,-0.002));
#18387=CARTESIAN_POINT('',(0.032625,-0.019375,0.));
#18388=CARTESIAN_POINT('',(0.032625,-0.017075,0.));
#18389=CARTESIAN_POINT('',(0.032625,-0.017075,-0.002));
#18390=CARTESIAN_POINT('',(0.032625,-0.017075,-0.002));
#18391=CARTESIAN_POINT('',(0.032625,-0.019375,-0.002));
#18392=CARTESIAN_POINT('',(0.,-0.017075,-0.002));
#18393=CARTESIAN_POINT('',(0.,-0.017075,0.));
#18394=CARTESIAN_POINT('',(0.021125,-0.017075,0.));
#18395=CARTESIAN_POINT('',(0.021125,-0.017075,-0.002));
#18396=CARTESIAN_POINT('',(0.021125,-0.017075,-0.002));
#18397=CARTESIAN_POINT('',(0.,-0.017075,-0.002));
#18398=CARTESIAN_POINT('',(0.,-0.017075,-0.002));
#18399=CARTESIAN_POINT('',(0.,-0.017075,0.));
#18400=CARTESIAN_POINT('',(0.015875,-0.017075,0.));
#18401=CARTESIAN_POINT('',(0.00437499999999993,-0.017075,0.));
#18402=CARTESIAN_POINT('',(0.00437499999999993,-0.017075,-0.002));
#18403=CARTESIAN_POINT('',(0.00437499999999993,-0.017075,-0.002));
#18404=CARTESIAN_POINT('',(0.,-0.017075,-0.002));
#18405=CARTESIAN_POINT('',(0.015875,-0.017075,-0.002));
#18406=CARTESIAN_POINT('',(0.015875,-0.017075,-0.002));
#18407=CARTESIAN_POINT('',(0.00437499999999993,-0.019375,-0.002));
#18408=CARTESIAN_POINT('',(0.00437499999999993,-0.019375,0.));
#18409=CARTESIAN_POINT('',(0.00207499999999993,-0.019375,0.));
#18410=CARTESIAN_POINT('',(0.00207499999999993,-0.019375,-0.002));
#18411=CARTESIAN_POINT('',(0.00207499999999993,-0.019375,-0.002));
#18412=CARTESIAN_POINT('',(0.00437499999999993,-0.019375,-0.002));
#18413=CARTESIAN_POINT('',(0.00207499999999993,-6.93889390390723E-18,-0.002));
#18414=CARTESIAN_POINT('',(0.00207499999999993,-6.93889390390723E-18,0.));
#18415=CARTESIAN_POINT('',(0.00207499999999993,-0.030875,0.));
#18416=CARTESIAN_POINT('',(0.00207499999999993,-0.030875,-0.002));
#18417=CARTESIAN_POINT('',(0.00207499999999993,-0.030875,-0.002));
#18418=CARTESIAN_POINT('',(0.00207499999999993,-6.93889390390723E-18,-0.002));
#18419=CARTESIAN_POINT('',(0.00437499999999993,-0.030875,-0.002));
#18420=CARTESIAN_POINT('',(0.00437499999999993,-0.030875,0.));
#18421=CARTESIAN_POINT('',(0.00437499999999993,-0.033175,0.));
#18422=CARTESIAN_POINT('',(0.00437499999999993,-0.033175,-0.002));
#18423=CARTESIAN_POINT('',(0.00437499999999993,-0.033175,-0.002));
#18424=CARTESIAN_POINT('',(0.00437499999999993,-0.030875,-0.002));
#18425=CARTESIAN_POINT('',(0.,-0.033175,-0.002));
#18426=CARTESIAN_POINT('',(0.,-0.033175,0.));
#18427=CARTESIAN_POINT('',(0.015875,-0.033175,0.));
#18428=CARTESIAN_POINT('',(0.015875,-0.033175,-0.002));
#18429=CARTESIAN_POINT('',(0.015875,-0.033175,-0.002));
#18430=CARTESIAN_POINT('',(0.,-0.033175,-0.002));
#18431=CARTESIAN_POINT('',(0.015875,-0.030875,-0.002));
#18432=CARTESIAN_POINT('',(0.015875,-0.030875,0.));
#18433=CARTESIAN_POINT('',(0.018175,-0.030875,0.));
#18434=CARTESIAN_POINT('',(0.018175,-0.030875,-0.002));
#18435=CARTESIAN_POINT('',(0.018175,-0.030875,-0.002));
#18436=CARTESIAN_POINT('',(0.015875,-0.030875,-0.002));
#18437=CARTESIAN_POINT('',(0.018175,-6.93889390390723E-18,-0.002));
#18438=CARTESIAN_POINT('',(0.018175,-6.93889390390723E-18,0.));
#18439=CARTESIAN_POINT('',(0.018175,-0.019375,0.));
#18440=CARTESIAN_POINT('',(0.018175,-0.019375,-0.002));
#18441=CARTESIAN_POINT('',(0.018175,-0.019375,-0.002));
#18442=CARTESIAN_POINT('',(0.018175,-6.93889390390723E-18,-0.002));
#18443=CARTESIAN_POINT('',(-0.014675,-6.93889390390723E-18,-0.002));
#18444=CARTESIAN_POINT('',(-0.014675,-6.93889390390723E-18,0.));
#18445=CARTESIAN_POINT('',(-0.014675,-0.030875,0.));
#18446=CARTESIAN_POINT('',(-0.014675,-0.019375,0.));
#18447=CARTESIAN_POINT('',(-0.014675,-0.030875,-0.002));
#18448=CARTESIAN_POINT('',(-0.014675,-0.030875,-0.002));
#18449=CARTESIAN_POINT('',(-0.014675,-6.93889390390723E-18,-0.002));
#18450=CARTESIAN_POINT('',(-0.014675,-0.019375,-0.002));
#18451=CARTESIAN_POINT('',(-0.014675,-0.019375,-0.002));
#18452=CARTESIAN_POINT('',(-0.012375,-0.030875,-0.002));
#18453=CARTESIAN_POINT('',(-0.012375,-0.030875,0.));
#18454=CARTESIAN_POINT('',(-0.012375,-0.033175,0.));
#18455=CARTESIAN_POINT('',(-0.012375,-0.033175,-0.002));
#18456=CARTESIAN_POINT('',(-0.012375,-0.033175,-0.002));
#18457=CARTESIAN_POINT('',(-0.012375,-0.030875,-0.002));
#18458=CARTESIAN_POINT('',(0.,-0.033175,-0.002));
#18459=CARTESIAN_POINT('',(0.,-0.033175,0.));
#18460=CARTESIAN_POINT('',(-0.000875000000000068,-0.033175,0.));
#18461=CARTESIAN_POINT('',(-0.000875000000000068,-0.033175,-0.002));
#18462=CARTESIAN_POINT('',(-0.000875000000000068,-0.033175,-0.002));
#18463=CARTESIAN_POINT('',(0.,-0.033175,-0.002));
#18464=CARTESIAN_POINT('',(-0.000875000000000068,-0.030875,-0.002));
#18465=CARTESIAN_POINT('',(-0.000875000000000068,-0.030875,0.));
#18466=CARTESIAN_POINT('',(0.00142499999999993,-0.030875,0.));
#18467=CARTESIAN_POINT('',(0.00142499999999993,-0.030875,-0.002));
#18468=CARTESIAN_POINT('',(0.00142499999999993,-0.030875,-0.002));
#18469=CARTESIAN_POINT('',(-0.000875000000000068,-0.030875,-0.002));
#18470=CARTESIAN_POINT('',(0.00142499999999993,-6.85915258283411E-18,-0.002));
#18471=CARTESIAN_POINT('',(0.00142499999999993,-6.85915258283411E-18,0.));
#18472=CARTESIAN_POINT('',(0.00142499999999993,-0.019375,0.));
#18473=CARTESIAN_POINT('',(0.00142499999999993,-0.019375,-0.002));
#18474=CARTESIAN_POINT('',(0.00142499999999993,-0.019375,-0.002));
#18475=CARTESIAN_POINT('',(0.00142499999999993,-6.85915258283411E-18,-0.002));
#18476=CARTESIAN_POINT('',(-0.000875000000000068,-0.019375,-0.002));
#18477=CARTESIAN_POINT('',(-0.000875000000000068,-0.019375,0.));
#18478=CARTESIAN_POINT('',(-0.000875000000000068,-0.017075,0.));
#18479=CARTESIAN_POINT('',(-0.000875000000000068,-0.017075,-0.002));
#18480=CARTESIAN_POINT('',(-0.000875000000000068,-0.017075,-0.002));
#18481=CARTESIAN_POINT('',(-0.000875000000000068,-0.019375,-0.002));
#18482=CARTESIAN_POINT('',(0.,-0.017075,-0.002));
#18483=CARTESIAN_POINT('',(0.,-0.017075,0.));
#18484=CARTESIAN_POINT('',(-0.012375,-0.017075,0.));
#18485=CARTESIAN_POINT('',(-0.012375,-0.017075,-0.002));
#18486=CARTESIAN_POINT('',(-0.012375,-0.017075,-0.002));
#18487=CARTESIAN_POINT('',(0.,-0.017075,-0.002));
#18488=CARTESIAN_POINT('',(0.,0.033175,-0.002));
#18489=CARTESIAN_POINT('',(0.,0.033175,0.));
#18490=CARTESIAN_POINT('',(-0.038875,0.033175,0.));
#18491=CARTESIAN_POINT('',(-0.050375,0.033175,0.));
#18492=CARTESIAN_POINT('',(-0.050375,0.033175,-0.002));
#18493=CARTESIAN_POINT('',(-0.050375,0.033175,-0.002));
#18494=CARTESIAN_POINT('',(0.,0.033175,-0.002));
#18495=CARTESIAN_POINT('',(-0.038875,0.033175,-0.002));
#18496=CARTESIAN_POINT('',(-0.038875,0.033175,-0.002));
#18497=CARTESIAN_POINT('',(-0.050375,0.030875,-0.002));
#18498=CARTESIAN_POINT('',(-0.050375,0.030875,0.));
#18499=CARTESIAN_POINT('',(-0.052675,0.030875,0.));
#18500=CARTESIAN_POINT('',(-0.052675,0.030875,-0.002));
#18501=CARTESIAN_POINT('',(-0.052675,0.030875,-0.002));
#18502=CARTESIAN_POINT('',(-0.050375,0.030875,-0.002));
#18503=CARTESIAN_POINT('',(-0.052675,-6.93889390390723E-18,-0.002));
#18504=CARTESIAN_POINT('',(-0.052675,-6.93889390390723E-18,0.));
#18505=CARTESIAN_POINT('',(-0.052675,0.019375,0.));
#18506=CARTESIAN_POINT('',(-0.052675,0.019375,-0.002));
#18507=CARTESIAN_POINT('',(-0.052675,0.019375,-0.002));
#18508=CARTESIAN_POINT('',(-0.052675,-6.93889390390723E-18,-0.002));
#18509=CARTESIAN_POINT('',(-0.050375,0.019375,-0.002));
#18510=CARTESIAN_POINT('',(-0.050375,0.019375,0.));
#18511=CARTESIAN_POINT('',(-0.050375,0.017075,0.));
#18512=CARTESIAN_POINT('',(-0.050375,0.017075,-0.002));
#18513=CARTESIAN_POINT('',(-0.050375,0.017075,-0.002));
#18514=CARTESIAN_POINT('',(-0.050375,0.019375,-0.002));
#18515=CARTESIAN_POINT('',(0.,0.017075,-0.002));
#18516=CARTESIAN_POINT('',(0.,0.017075,0.));
#18517=CARTESIAN_POINT('',(-0.038875,0.017075,0.));
#18518=CARTESIAN_POINT('',(-0.038875,0.017075,-0.002));
#18519=CARTESIAN_POINT('',(-0.038875,0.017075,-0.002));
#18520=CARTESIAN_POINT('',(0.,0.017075,-0.002));
#18521=CARTESIAN_POINT('',(-0.038875,0.019375,-0.002));
#18522=CARTESIAN_POINT('',(-0.038875,0.019375,0.));
#18523=CARTESIAN_POINT('',(-0.036575,0.019375,0.));
#18524=CARTESIAN_POINT('',(-0.036575,0.019375,-0.002));
#18525=CARTESIAN_POINT('',(-0.036575,0.019375,-0.002));
#18526=CARTESIAN_POINT('',(-0.038875,0.019375,-0.002));
#18527=CARTESIAN_POINT('',(-0.036575,-6.93889390390723E-18,-0.002));
#18528=CARTESIAN_POINT('',(-0.036575,-6.93889390390723E-18,0.));
#18529=CARTESIAN_POINT('',(-0.036575,0.030875,0.));
#18530=CARTESIAN_POINT('',(-0.036575,0.030875,-0.002));
#18531=CARTESIAN_POINT('',(-0.036575,0.030875,-0.002));
#18532=CARTESIAN_POINT('',(-0.036575,-6.93889390390723E-18,-0.002));
#18533=CARTESIAN_POINT('',(-0.053325,-6.93889390390723E-18,-0.002));
#18534=CARTESIAN_POINT('',(-0.053325,-6.93889390390723E-18,0.));
#18535=CARTESIAN_POINT('',(-0.053325,0.019375,0.));
#18536=CARTESIAN_POINT('',(-0.053325,0.030875,0.));
#18537=CARTESIAN_POINT('',(-0.053325,0.030875,-0.002));
#18538=CARTESIAN_POINT('',(-0.053325,0.030875,-0.002));
#18539=CARTESIAN_POINT('',(-0.053325,-6.93889390390723E-18,-0.002));
#18540=CARTESIAN_POINT('',(-0.053325,0.019375,-0.002));
#18541=CARTESIAN_POINT('',(-0.053325,0.019375,-0.002));
#18542=CARTESIAN_POINT('',(-0.055625,0.030875,-0.002));
#18543=CARTESIAN_POINT('',(-0.055625,0.030875,0.));
#18544=CARTESIAN_POINT('',(-0.055625,0.033175,0.));
#18545=CARTESIAN_POINT('',(-0.055625,0.033175,-0.002));
#18546=CARTESIAN_POINT('',(-0.055625,0.033175,-0.002));
#18547=CARTESIAN_POINT('',(-0.055625,0.030875,-0.002));
#18548=CARTESIAN_POINT('',(0.,0.033175,-0.002));
#18549=CARTESIAN_POINT('',(0.,0.033175,0.));
#18550=CARTESIAN_POINT('',(-0.067125,0.033175,0.));
#18551=CARTESIAN_POINT('',(-0.067125,0.033175,-0.002));
#18552=CARTESIAN_POINT('',(-0.067125,0.033175,-0.002));
#18553=CARTESIAN_POINT('',(0.,0.033175,-0.002));
#18554=CARTESIAN_POINT('',(-0.067125,0.030875,-0.002));
#18555=CARTESIAN_POINT('',(-0.067125,0.030875,0.));
#18556=CARTESIAN_POINT('',(-0.069425,0.030875,0.));
#18557=CARTESIAN_POINT('',(-0.069425,0.030875,-0.002));
#18558=CARTESIAN_POINT('',(-0.069425,0.030875,-0.002));
#18559=CARTESIAN_POINT('',(-0.067125,0.030875,-0.002));
#18560=CARTESIAN_POINT('',(-0.069425,-6.93889390390723E-18,-0.002));
#18561=CARTESIAN_POINT('',(-0.069425,-6.93889390390723E-18,0.));
#18562=CARTESIAN_POINT('',(-0.069425,0.019375,0.));
#18563=CARTESIAN_POINT('',(-0.069425,0.019375,-0.002));
#18564=CARTESIAN_POINT('',(-0.069425,0.019375,-0.002));
#18565=CARTESIAN_POINT('',(-0.069425,-6.93889390390723E-18,-0.002));
#18566=CARTESIAN_POINT('',(-0.067125,0.019375,-0.002));
#18567=CARTESIAN_POINT('',(-0.067125,0.019375,0.));
#18568=CARTESIAN_POINT('',(-0.067125,0.017075,0.));
#18569=CARTESIAN_POINT('',(-0.067125,0.017075,-0.002));
#18570=CARTESIAN_POINT('',(-0.067125,0.017075,-0.002));
#18571=CARTESIAN_POINT('',(-0.067125,0.019375,-0.002));
#18572=CARTESIAN_POINT('',(0.,0.017075,-0.002));
#18573=CARTESIAN_POINT('',(0.,0.017075,0.));
#18574=CARTESIAN_POINT('',(-0.055625,0.017075,0.));
#18575=CARTESIAN_POINT('',(-0.055625,0.017075,-0.002));
#18576=CARTESIAN_POINT('',(-0.055625,0.017075,-0.002));
#18577=CARTESIAN_POINT('',(0.,0.017075,-0.002));
#18578=CARTESIAN_POINT('',(0.,0.033175,-0.002));
#18579=CARTESIAN_POINT('',(0.,0.033175,0.));
#18580=CARTESIAN_POINT('',(-0.072375,0.033175,0.));
#18581=CARTESIAN_POINT('',(-0.083875,0.033175,0.));
#18582=CARTESIAN_POINT('',(-0.083875,0.033175,-0.002));
#18583=CARTESIAN_POINT('',(-0.083875,0.033175,-0.002));
#18584=CARTESIAN_POINT('',(0.,0.033175,-0.002));
#18585=CARTESIAN_POINT('',(-0.072375,0.033175,-0.002));
#18586=CARTESIAN_POINT('',(-0.072375,0.033175,-0.002));
#18587=CARTESIAN_POINT('',(-0.083875,0.030875,-0.002));
#18588=CARTESIAN_POINT('',(-0.083875,0.030875,0.));
#18589=CARTESIAN_POINT('',(-0.086175,0.030875,0.));
#18590=CARTESIAN_POINT('',(-0.086175,0.030875,-0.002));
#18591=CARTESIAN_POINT('',(-0.086175,0.030875,-0.002));
#18592=CARTESIAN_POINT('',(-0.083875,0.030875,-0.002));
#18593=CARTESIAN_POINT('',(-0.086175,-6.93889390390723E-18,-0.002));
#18594=CARTESIAN_POINT('',(-0.086175,-6.93889390390723E-18,0.));
#18595=CARTESIAN_POINT('',(-0.086175,0.019375,0.));
#18596=CARTESIAN_POINT('',(-0.086175,0.019375,-0.002));
#18597=CARTESIAN_POINT('',(-0.086175,0.019375,-0.002));
#18598=CARTESIAN_POINT('',(-0.086175,-6.93889390390723E-18,-0.002));
#18599=CARTESIAN_POINT('',(-0.083875,0.019375,-0.002));
#18600=CARTESIAN_POINT('',(-0.083875,0.019375,0.));
#18601=CARTESIAN_POINT('',(-0.083875,0.017075,0.));
#18602=CARTESIAN_POINT('',(-0.083875,0.017075,-0.002));
#18603=CARTESIAN_POINT('',(-0.083875,0.017075,-0.002));
#18604=CARTESIAN_POINT('',(-0.083875,0.019375,-0.002));
#18605=CARTESIAN_POINT('',(0.,0.017075,-0.002));
#18606=CARTESIAN_POINT('',(0.,0.017075,0.));
#18607=CARTESIAN_POINT('',(-0.072375,0.017075,0.));
#18608=CARTESIAN_POINT('',(-0.072375,0.017075,-0.002));
#18609=CARTESIAN_POINT('',(-0.072375,0.017075,-0.002));
#18610=CARTESIAN_POINT('',(0.,0.017075,-0.002));
#18611=CARTESIAN_POINT('',(-0.072375,0.019375,-0.002));
#18612=CARTESIAN_POINT('',(-0.072375,0.019375,0.));
#18613=CARTESIAN_POINT('',(-0.070075,0.019375,0.));
#18614=CARTESIAN_POINT('',(-0.070075,0.019375,-0.002));
#18615=CARTESIAN_POINT('',(-0.070075,0.019375,-0.002));
#18616=CARTESIAN_POINT('',(-0.072375,0.019375,-0.002));
#18617=CARTESIAN_POINT('',(-0.070075,-6.93889390390723E-18,-0.002));
#18618=CARTESIAN_POINT('',(-0.070075,-6.93889390390723E-18,0.));
#18619=CARTESIAN_POINT('',(-0.070075,0.030875,0.));
#18620=CARTESIAN_POINT('',(-0.070075,0.030875,-0.002));
#18621=CARTESIAN_POINT('',(-0.070075,0.030875,-0.002));
#18622=CARTESIAN_POINT('',(-0.070075,-6.93889390390723E-18,-0.002));
#18623=CARTESIAN_POINT('',(-0.086825,-6.93889390390723E-18,-0.002));
#18624=CARTESIAN_POINT('',(-0.086825,-6.93889390390723E-18,0.));
#18625=CARTESIAN_POINT('',(-0.086825,0.019375,0.));
#18626=CARTESIAN_POINT('',(-0.086825,0.030875,0.));
#18627=CARTESIAN_POINT('',(-0.086825,0.030875,-0.002));
#18628=CARTESIAN_POINT('',(-0.086825,0.030875,-0.002));
#18629=CARTESIAN_POINT('',(-0.086825,-6.93889390390723E-18,-0.002));
#18630=CARTESIAN_POINT('',(-0.086825,0.019375,-0.002));
#18631=CARTESIAN_POINT('',(-0.086825,0.019375,-0.002));
#18632=CARTESIAN_POINT('',(-0.089125,0.030875,-0.002));
#18633=CARTESIAN_POINT('',(-0.089125,0.030875,0.));
#18634=CARTESIAN_POINT('',(-0.089125,0.033175,0.));
#18635=CARTESIAN_POINT('',(-0.089125,0.033175,-0.002));
#18636=CARTESIAN_POINT('',(-0.089125,0.033175,-0.002));
#18637=CARTESIAN_POINT('',(-0.089125,0.030875,-0.002));
#18638=CARTESIAN_POINT('',(0.,0.033175,-0.002));
#18639=CARTESIAN_POINT('',(0.,0.033175,0.));
#18640=CARTESIAN_POINT('',(-0.100625,0.033175,0.));
#18641=CARTESIAN_POINT('',(-0.100625,0.033175,-0.002));
#18642=CARTESIAN_POINT('',(-0.100625,0.033175,-0.002));
#18643=CARTESIAN_POINT('',(0.,0.033175,-0.002));
#18644=CARTESIAN_POINT('',(-0.100625,0.030875,-0.002));
#18645=CARTESIAN_POINT('',(-0.100625,0.030875,0.));
#18646=CARTESIAN_POINT('',(-0.102925,0.030875,0.));
#18647=CARTESIAN_POINT('',(-0.102925,0.030875,-0.002));
#18648=CARTESIAN_POINT('',(-0.102925,0.030875,-0.002));
#18649=CARTESIAN_POINT('',(-0.100625,0.030875,-0.002));
#18650=CARTESIAN_POINT('',(-0.102925,-6.93889390390723E-18,-0.002));
#18651=CARTESIAN_POINT('',(-0.102925,-6.93889390390723E-18,0.));
#18652=CARTESIAN_POINT('',(-0.102925,0.019375,0.));
#18653=CARTESIAN_POINT('',(-0.102925,0.019375,-0.002));
#18654=CARTESIAN_POINT('',(-0.102925,0.019375,-0.002));
#18655=CARTESIAN_POINT('',(-0.102925,-6.93889390390723E-18,-0.002));
#18656=CARTESIAN_POINT('',(-0.100625,0.019375,-0.002));
#18657=CARTESIAN_POINT('',(-0.100625,0.019375,0.));
#18658=CARTESIAN_POINT('',(-0.100625,0.017075,0.));
#18659=CARTESIAN_POINT('',(-0.100625,0.017075,-0.002));
#18660=CARTESIAN_POINT('',(-0.100625,0.017075,-0.002));
#18661=CARTESIAN_POINT('',(-0.100625,0.019375,-0.002));
#18662=CARTESIAN_POINT('',(0.,0.017075,-0.002));
#18663=CARTESIAN_POINT('',(0.,0.017075,0.));
#18664=CARTESIAN_POINT('',(-0.089125,0.017075,0.));
#18665=CARTESIAN_POINT('',(-0.089125,0.017075,-0.002));
#18666=CARTESIAN_POINT('',(-0.089125,0.017075,-0.002));
#18667=CARTESIAN_POINT('',(0.,0.017075,-0.002));
#18668=CARTESIAN_POINT('',(0.,0.033175,-0.002));
#18669=CARTESIAN_POINT('',(0.,0.033175,0.));
#18670=CARTESIAN_POINT('',(-0.105875,0.033175,0.));
#18671=CARTESIAN_POINT('',(-0.117375,0.033175,0.));
#18672=CARTESIAN_POINT('',(-0.117375,0.033175,-0.002));
#18673=CARTESIAN_POINT('',(-0.117375,0.033175,-0.002));
#18674=CARTESIAN_POINT('',(0.,0.033175,-0.002));
#18675=CARTESIAN_POINT('',(-0.105875,0.033175,-0.002));
#18676=CARTESIAN_POINT('',(-0.105875,0.033175,-0.002));
#18677=CARTESIAN_POINT('',(-0.117375,0.030875,-0.002));
#18678=CARTESIAN_POINT('',(-0.117375,0.030875,0.));
#18679=CARTESIAN_POINT('',(-0.119675,0.030875,0.));
#18680=CARTESIAN_POINT('',(-0.119675,0.030875,-0.002));
#18681=CARTESIAN_POINT('',(-0.119675,0.030875,-0.002));
#18682=CARTESIAN_POINT('',(-0.117375,0.030875,-0.002));
#18683=CARTESIAN_POINT('',(-0.119675,-6.93889390390723E-18,-0.002));
#18684=CARTESIAN_POINT('',(-0.119675,-6.93889390390723E-18,0.));
#18685=CARTESIAN_POINT('',(-0.119675,0.019375,0.));
#18686=CARTESIAN_POINT('',(-0.119675,0.019375,-0.002));
#18687=CARTESIAN_POINT('',(-0.119675,0.019375,-0.002));
#18688=CARTESIAN_POINT('',(-0.119675,-6.93889390390723E-18,-0.002));
#18689=CARTESIAN_POINT('',(-0.117375,0.019375,-0.002));
#18690=CARTESIAN_POINT('',(-0.117375,0.019375,0.));
#18691=CARTESIAN_POINT('',(-0.117375,0.017075,0.));
#18692=CARTESIAN_POINT('',(-0.117375,0.017075,-0.002));
#18693=CARTESIAN_POINT('',(-0.117375,0.017075,-0.002));
#18694=CARTESIAN_POINT('',(-0.117375,0.019375,-0.002));
#18695=CARTESIAN_POINT('',(0.,0.017075,-0.002));
#18696=CARTESIAN_POINT('',(0.,0.017075,0.));
#18697=CARTESIAN_POINT('',(-0.105875,0.017075,0.));
#18698=CARTESIAN_POINT('',(-0.105875,0.017075,-0.002));
#18699=CARTESIAN_POINT('',(-0.105875,0.017075,-0.002));
#18700=CARTESIAN_POINT('',(0.,0.017075,-0.002));
#18701=CARTESIAN_POINT('',(-0.105875,0.019375,-0.002));
#18702=CARTESIAN_POINT('',(-0.105875,0.019375,0.));
#18703=CARTESIAN_POINT('',(-0.103575,0.019375,0.));
#18704=CARTESIAN_POINT('',(-0.103575,0.019375,-0.002));
#18705=CARTESIAN_POINT('',(-0.103575,0.019375,-0.002));
#18706=CARTESIAN_POINT('',(-0.105875,0.019375,-0.002));
#18707=CARTESIAN_POINT('',(-0.103575,-6.93889390390723E-18,-0.002));
#18708=CARTESIAN_POINT('',(-0.103575,-6.93889390390723E-18,0.));
#18709=CARTESIAN_POINT('',(-0.103575,0.030875,0.));
#18710=CARTESIAN_POINT('',(-0.103575,0.030875,-0.002));
#18711=CARTESIAN_POINT('',(-0.103575,0.030875,-0.002));
#18712=CARTESIAN_POINT('',(-0.103575,-6.93889390390723E-18,-0.002));
#18713=CARTESIAN_POINT('',(-0.120325,-6.93889390390723E-18,-0.002));
#18714=CARTESIAN_POINT('',(-0.120325,-6.93889390390723E-18,0.));
#18715=CARTESIAN_POINT('',(-0.120325,0.019375,0.));
#18716=CARTESIAN_POINT('',(-0.120325,0.030875,0.));
#18717=CARTESIAN_POINT('',(-0.120325,0.030875,-0.002));
#18718=CARTESIAN_POINT('',(-0.120325,0.030875,-0.002));
#18719=CARTESIAN_POINT('',(-0.120325,-6.93889390390723E-18,-0.002));
#18720=CARTESIAN_POINT('',(-0.120325,0.019375,-0.002));
#18721=CARTESIAN_POINT('',(-0.120325,0.019375,-0.002));
#18722=CARTESIAN_POINT('',(-0.122625,0.030875,-0.002));
#18723=CARTESIAN_POINT('',(-0.122625,0.030875,0.));
#18724=CARTESIAN_POINT('',(-0.122625,0.033175,0.));
#18725=CARTESIAN_POINT('',(-0.122625,0.033175,-0.002));
#18726=CARTESIAN_POINT('',(-0.122625,0.033175,-0.002));
#18727=CARTESIAN_POINT('',(-0.122625,0.030875,-0.002));
#18728=CARTESIAN_POINT('',(0.,0.033175,-0.002));
#18729=CARTESIAN_POINT('',(0.,0.033175,0.));
#18730=CARTESIAN_POINT('',(-0.134125,0.033175,0.));
#18731=CARTESIAN_POINT('',(-0.134125,0.033175,-0.002));
#18732=CARTESIAN_POINT('',(-0.134125,0.033175,-0.002));
#18733=CARTESIAN_POINT('',(0.,0.033175,-0.002));
#18734=CARTESIAN_POINT('',(-0.134125,0.030875,-0.002));
#18735=CARTESIAN_POINT('',(-0.134125,0.030875,0.));
#18736=CARTESIAN_POINT('',(-0.136425,0.030875,0.));
#18737=CARTESIAN_POINT('',(-0.136425,0.030875,-0.002));
#18738=CARTESIAN_POINT('',(-0.136425,0.030875,-0.002));
#18739=CARTESIAN_POINT('',(-0.134125,0.030875,-0.002));
#18740=CARTESIAN_POINT('',(-0.136425,-6.93889390390723E-18,-0.002));
#18741=CARTESIAN_POINT('',(-0.136425,-6.93889390390723E-18,0.));
#18742=CARTESIAN_POINT('',(-0.136425,0.019375,0.));
#18743=CARTESIAN_POINT('',(-0.136425,0.019375,-0.002));
#18744=CARTESIAN_POINT('',(-0.136425,0.019375,-0.002));
#18745=CARTESIAN_POINT('',(-0.136425,-6.93889390390723E-18,-0.002));
#18746=CARTESIAN_POINT('',(-0.134125,0.019375,-0.002));
#18747=CARTESIAN_POINT('',(-0.134125,0.019375,0.));
#18748=CARTESIAN_POINT('',(-0.134125,0.017075,0.));
#18749=CARTESIAN_POINT('',(-0.134125,0.017075,-0.002));
#18750=CARTESIAN_POINT('',(-0.134125,0.017075,-0.002));
#18751=CARTESIAN_POINT('',(-0.134125,0.019375,-0.002));
#18752=CARTESIAN_POINT('',(0.,0.017075,-0.002));
#18753=CARTESIAN_POINT('',(0.,0.017075,0.));
#18754=CARTESIAN_POINT('',(-0.122625,0.017075,0.));
#18755=CARTESIAN_POINT('',(-0.122625,0.017075,-0.002));
#18756=CARTESIAN_POINT('',(-0.122625,0.017075,-0.002));
#18757=CARTESIAN_POINT('',(0.,0.017075,-0.002));
#18758=CARTESIAN_POINT('',(0.,0.033175,-0.002));
#18759=CARTESIAN_POINT('',(0.,0.033175,0.));
#18760=CARTESIAN_POINT('',(-0.139375,0.033175,0.));
#18761=CARTESIAN_POINT('',(-0.150875,0.033175,0.));
#18762=CARTESIAN_POINT('',(-0.150875,0.033175,-0.002));
#18763=CARTESIAN_POINT('',(-0.150875,0.033175,-0.002));
#18764=CARTESIAN_POINT('',(0.,0.033175,-0.002));
#18765=CARTESIAN_POINT('',(-0.139375,0.033175,-0.002));
#18766=CARTESIAN_POINT('',(-0.139375,0.033175,-0.002));
#18767=CARTESIAN_POINT('',(-0.150875,0.030875,-0.002));
#18768=CARTESIAN_POINT('',(-0.150875,0.030875,0.));
#18769=CARTESIAN_POINT('',(-0.153175,0.030875,0.));
#18770=CARTESIAN_POINT('',(-0.153175,0.030875,-0.002));
#18771=CARTESIAN_POINT('',(-0.153175,0.030875,-0.002));
#18772=CARTESIAN_POINT('',(-0.150875,0.030875,-0.002));
#18773=CARTESIAN_POINT('',(-0.153175,-6.93889390390723E-18,-0.002));
#18774=CARTESIAN_POINT('',(-0.153175,-6.93889390390723E-18,0.));
#18775=CARTESIAN_POINT('',(-0.153175,0.019375,0.));
#18776=CARTESIAN_POINT('',(-0.153175,0.019375,-0.002));
#18777=CARTESIAN_POINT('',(-0.153175,0.019375,-0.002));
#18778=CARTESIAN_POINT('',(-0.153175,-6.93889390390723E-18,-0.002));
#18779=CARTESIAN_POINT('',(-0.150875,0.019375,-0.002));
#18780=CARTESIAN_POINT('',(-0.150875,0.019375,0.));
#18781=CARTESIAN_POINT('',(-0.150875,0.017075,0.));
#18782=CARTESIAN_POINT('',(-0.150875,0.017075,-0.002));
#18783=CARTESIAN_POINT('',(-0.150875,0.017075,-0.002));
#18784=CARTESIAN_POINT('',(-0.150875,0.019375,-0.002));
#18785=CARTESIAN_POINT('',(0.,0.017075,-0.002));
#18786=CARTESIAN_POINT('',(0.,0.017075,0.));
#18787=CARTESIAN_POINT('',(-0.139375,0.017075,0.));
#18788=CARTESIAN_POINT('',(-0.139375,0.017075,-0.002));
#18789=CARTESIAN_POINT('',(-0.139375,0.017075,-0.002));
#18790=CARTESIAN_POINT('',(0.,0.017075,-0.002));
#18791=CARTESIAN_POINT('',(-0.139375,0.019375,-0.002));
#18792=CARTESIAN_POINT('',(-0.139375,0.019375,0.));
#18793=CARTESIAN_POINT('',(-0.137075,0.019375,0.));
#18794=CARTESIAN_POINT('',(-0.137075,0.019375,-0.002));
#18795=CARTESIAN_POINT('',(-0.137075,0.019375,-0.002));
#18796=CARTESIAN_POINT('',(-0.139375,0.019375,-0.002));
#18797=CARTESIAN_POINT('',(-0.137075,-6.93889390390723E-18,-0.002));
#18798=CARTESIAN_POINT('',(-0.137075,-6.93889390390723E-18,0.));
#18799=CARTESIAN_POINT('',(-0.137075,0.030875,0.));
#18800=CARTESIAN_POINT('',(-0.137075,0.030875,-0.002));
#18801=CARTESIAN_POINT('',(-0.137075,0.030875,-0.002));
#18802=CARTESIAN_POINT('',(-0.137075,-6.93889390390723E-18,-0.002));
#18803=CARTESIAN_POINT('',(-0.169925,-6.93889390390723E-18,-0.002));
#18804=CARTESIAN_POINT('',(-0.169925,-6.93889390390723E-18,0.));
#18805=CARTESIAN_POINT('',(-0.169925,0.019375,0.));
#18806=CARTESIAN_POINT('',(-0.169925,0.030875,0.));
#18807=CARTESIAN_POINT('',(-0.169925,0.019375,-0.002));
#18808=CARTESIAN_POINT('',(-0.169925,0.019375,-0.002));
#18809=CARTESIAN_POINT('',(-0.169925,-6.93889390390723E-18,-0.002));
#18810=CARTESIAN_POINT('',(-0.169925,0.030875,-0.002));
#18811=CARTESIAN_POINT('',(-0.169925,0.030875,-0.002));
#18812=CARTESIAN_POINT('',(-0.167625,0.019375,-0.002));
#18813=CARTESIAN_POINT('',(-0.167625,0.019375,0.));
#18814=CARTESIAN_POINT('',(-0.167625,0.017075,0.));
#18815=CARTESIAN_POINT('',(-0.167625,0.017075,-0.002));
#18816=CARTESIAN_POINT('',(-0.167625,0.017075,-0.002));
#18817=CARTESIAN_POINT('',(-0.167625,0.019375,-0.002));
#18818=CARTESIAN_POINT('',(0.,0.017075,-0.002));
#18819=CARTESIAN_POINT('',(0.,0.017075,0.));
#18820=CARTESIAN_POINT('',(-0.156125,0.017075,0.));
#18821=CARTESIAN_POINT('',(-0.156125,0.017075,-0.002));
#18822=CARTESIAN_POINT('',(-0.156125,0.017075,-0.002));
#18823=CARTESIAN_POINT('',(0.,0.017075,-0.002));
#18824=CARTESIAN_POINT('',(-0.156125,0.019375,-0.002));
#18825=CARTESIAN_POINT('',(-0.156125,0.019375,0.));
#18826=CARTESIAN_POINT('',(-0.153825,0.019375,0.));
#18827=CARTESIAN_POINT('',(-0.153825,0.019375,-0.002));
#18828=CARTESIAN_POINT('',(-0.153825,0.019375,-0.002));
#18829=CARTESIAN_POINT('',(-0.156125,0.019375,-0.002));
#18830=CARTESIAN_POINT('',(-0.153825,-6.93889390390723E-18,-0.002));
#18831=CARTESIAN_POINT('',(-0.153825,-6.93889390390723E-18,0.));
#18832=CARTESIAN_POINT('',(-0.153825,0.030875,0.));
#18833=CARTESIAN_POINT('',(-0.153825,0.030875,-0.002));
#18834=CARTESIAN_POINT('',(-0.153825,0.030875,-0.002));
#18835=CARTESIAN_POINT('',(-0.153825,-6.93889390390723E-18,-0.002));
#18836=CARTESIAN_POINT('',(-0.156125,0.030875,-0.002));
#18837=CARTESIAN_POINT('',(-0.156125,0.030875,0.));
#18838=CARTESIAN_POINT('',(-0.156125,0.033175,0.));
#18839=CARTESIAN_POINT('',(-0.156125,0.033175,-0.002));
#18840=CARTESIAN_POINT('',(-0.156125,0.033175,-0.002));
#18841=CARTESIAN_POINT('',(-0.156125,0.030875,-0.002));
#18842=CARTESIAN_POINT('',(0.,0.033175,-0.002));
#18843=CARTESIAN_POINT('',(0.,0.033175,0.));
#18844=CARTESIAN_POINT('',(-0.167625,0.033175,0.));
#18845=CARTESIAN_POINT('',(-0.167625,0.033175,-0.002));
#18846=CARTESIAN_POINT('',(-0.167625,0.033175,-0.002));
#18847=CARTESIAN_POINT('',(0.,0.033175,-0.002));
#18848=CARTESIAN_POINT('',(0.,-0.049925,-0.002));
#18849=CARTESIAN_POINT('',(0.,-0.049925,0.));
#18850=CARTESIAN_POINT('',(-0.0066250000000002,-0.049925,0.));
#18851=CARTESIAN_POINT('',(-0.103875,-0.049925,0.));
#18852=CARTESIAN_POINT('',(-0.0066250000000002,-0.049925,-0.002));
#18853=CARTESIAN_POINT('',(-0.0066250000000002,-0.049925,-0.002));
#18854=CARTESIAN_POINT('',(0.,-0.049925,-0.002));
#18855=CARTESIAN_POINT('',(-0.103875,-0.049925,-0.002));
#18856=CARTESIAN_POINT('',(-0.103875,-0.049925,-0.002));
#18857=CARTESIAN_POINT('',(-0.0066250000000002,-0.047625,-0.002));
#18858=CARTESIAN_POINT('',(-0.0066250000000002,-0.047625,0.));
#18859=CARTESIAN_POINT('',(-0.0043250000000002,-0.047625,0.));
#18860=CARTESIAN_POINT('',(-0.0043250000000002,-0.047625,-0.002));
#18861=CARTESIAN_POINT('',(-0.0043250000000002,-0.047625,-0.002));
#18862=CARTESIAN_POINT('',(-0.0066250000000002,-0.047625,-0.002));
#18863=CARTESIAN_POINT('',(-0.0043250000000002,-6.93889390390723E-18,-0.002));
#18864=CARTESIAN_POINT('',(-0.0043250000000002,-6.93889390390723E-18,0.));
#18865=CARTESIAN_POINT('',(-0.0043250000000002,-0.036125,0.));
#18866=CARTESIAN_POINT('',(-0.0043250000000002,-0.036125,-0.002));
#18867=CARTESIAN_POINT('',(-0.0043250000000002,-0.036125,-0.002));
#18868=CARTESIAN_POINT('',(-0.0043250000000002,-6.93889390390723E-18,-0.002));
#18869=CARTESIAN_POINT('',(-0.0066250000000002,-0.036125,-0.002));
#18870=CARTESIAN_POINT('',(-0.0066250000000002,-0.036125,0.));
#18871=CARTESIAN_POINT('',(-0.0066250000000002,-0.033825,0.));
#18872=CARTESIAN_POINT('',(-0.0066250000000002,-0.033825,-0.002));
#18873=CARTESIAN_POINT('',(-0.0066250000000002,-0.033825,-0.002));
#18874=CARTESIAN_POINT('',(-0.0066250000000002,-0.036125,-0.002));
#18875=CARTESIAN_POINT('',(0.,-0.033825,-0.002));
#18876=CARTESIAN_POINT('',(0.,-0.033825,0.));
#18877=CARTESIAN_POINT('',(-0.103875,-0.033825,0.));
#18878=CARTESIAN_POINT('',(-0.103875,-0.033825,-0.002));
#18879=CARTESIAN_POINT('',(-0.103875,-0.033825,-0.002));
#18880=CARTESIAN_POINT('',(0.,-0.033825,-0.002));
#18881=CARTESIAN_POINT('',(-0.103875,-0.036125,-0.002));
#18882=CARTESIAN_POINT('',(-0.103875,-0.036125,0.));
#18883=CARTESIAN_POINT('',(-0.106175,-0.036125,0.));
#18884=CARTESIAN_POINT('',(-0.106175,-0.036125,-0.002));
#18885=CARTESIAN_POINT('',(-0.106175,-0.036125,-0.002));
#18886=CARTESIAN_POINT('',(-0.103875,-0.036125,-0.002));
#18887=CARTESIAN_POINT('',(-0.106175,-6.93889390390723E-18,-0.002));
#18888=CARTESIAN_POINT('',(-0.106175,-6.93889390390723E-18,0.));
#18889=CARTESIAN_POINT('',(-0.106175,-0.047625,0.));
#18890=CARTESIAN_POINT('',(-0.106175,-0.047625,-0.002));
#18891=CARTESIAN_POINT('',(-0.106175,-0.047625,-0.002));
#18892=CARTESIAN_POINT('',(-0.106175,-6.93889390390723E-18,-0.002));
#18893=CARTESIAN_POINT('',(0.080675,-6.93889390390723E-18,-0.002));
#18894=CARTESIAN_POINT('',(0.080675,-6.93889390390723E-18,0.));
#18895=CARTESIAN_POINT('',(0.080675,-0.019375,0.));
#18896=CARTESIAN_POINT('',(0.080675,-0.030875,0.));
#18897=CARTESIAN_POINT('',(0.080675,-0.019375,-0.002));
#18898=CARTESIAN_POINT('',(0.080675,-0.019375,-0.002));
#18899=CARTESIAN_POINT('',(0.080675,-6.93889390390723E-18,-0.002));
#18900=CARTESIAN_POINT('',(0.080675,-0.030875,-0.002));
#18901=CARTESIAN_POINT('',(0.080675,-0.030875,-0.002));
#18902=CARTESIAN_POINT('',(0.078375,-0.019375,-0.002));
#18903=CARTESIAN_POINT('',(0.078375,-0.019375,0.));
#18904=CARTESIAN_POINT('',(0.078375,-0.017075,0.));
#18905=CARTESIAN_POINT('',(0.078375,-0.017075,-0.002));
#18906=CARTESIAN_POINT('',(0.078375,-0.017075,-0.002));
#18907=CARTESIAN_POINT('',(0.078375,-0.019375,-0.002));
#18908=CARTESIAN_POINT('',(0.,-0.017075,-0.002));
#18909=CARTESIAN_POINT('',(0.,-0.017075,0.));
#18910=CARTESIAN_POINT('',(0.037875,-0.017075,0.));
#18911=CARTESIAN_POINT('',(0.037875,-0.017075,-0.002));
#18912=CARTESIAN_POINT('',(0.037875,-0.017075,-0.002));
#18913=CARTESIAN_POINT('',(0.,-0.017075,-0.002));
#18914=CARTESIAN_POINT('',(0.037875,-0.019375,-0.002));
#18915=CARTESIAN_POINT('',(0.037875,-0.019375,0.));
#18916=CARTESIAN_POINT('',(0.035575,-0.019375,0.));
#18917=CARTESIAN_POINT('',(0.035575,-0.019375,-0.002));
#18918=CARTESIAN_POINT('',(0.035575,-0.019375,-0.002));
#18919=CARTESIAN_POINT('',(0.037875,-0.019375,-0.002));
#18920=CARTESIAN_POINT('',(0.035575,-6.93889390390723E-18,-0.002));
#18921=CARTESIAN_POINT('',(0.035575,-6.93889390390723E-18,0.));
#18922=CARTESIAN_POINT('',(0.035575,-0.030875,0.));
#18923=CARTESIAN_POINT('',(0.035575,-0.030875,-0.002));
#18924=CARTESIAN_POINT('',(0.035575,-0.030875,-0.002));
#18925=CARTESIAN_POINT('',(0.035575,-6.93889390390723E-18,-0.002));
#18926=CARTESIAN_POINT('',(0.037875,-0.030875,-0.002));
#18927=CARTESIAN_POINT('',(0.037875,-0.030875,0.));
#18928=CARTESIAN_POINT('',(0.037875,-0.033175,0.));
#18929=CARTESIAN_POINT('',(0.037875,-0.033175,-0.002));
#18930=CARTESIAN_POINT('',(0.037875,-0.033175,-0.002));
#18931=CARTESIAN_POINT('',(0.037875,-0.030875,-0.002));
#18932=CARTESIAN_POINT('',(0.,-0.033175,-0.002));
#18933=CARTESIAN_POINT('',(0.,-0.033175,0.));
#18934=CARTESIAN_POINT('',(0.078375,-0.033175,0.));
#18935=CARTESIAN_POINT('',(0.078375,-0.033175,-0.002));
#18936=CARTESIAN_POINT('',(0.078375,-0.033175,-0.002));
#18937=CARTESIAN_POINT('',(0.,-0.033175,-0.002));
#18938=CARTESIAN_POINT('',(0.,-0.00032500000000002,-0.002));
#18939=CARTESIAN_POINT('',(0.,-0.00032500000000002,0.));
#18940=CARTESIAN_POINT('',(0.078375,-0.00032500000000002,0.));
#18941=CARTESIAN_POINT('',(0.04625,-0.00032500000000002,0.));
#18942=CARTESIAN_POINT('',(0.04625,-0.00032500000000002,-0.002));
#18943=CARTESIAN_POINT('',(0.04625,-0.00032500000000002,-0.002));
#18944=CARTESIAN_POINT('',(0.,-0.00032500000000002,-0.002));
#18945=CARTESIAN_POINT('',(0.078375,-0.00032500000000002,-0.002));
#18946=CARTESIAN_POINT('',(0.078375,-0.00032500000000002,-0.002));
#18947=CARTESIAN_POINT('',(0.04625,-0.002625,-0.002));
#18948=CARTESIAN_POINT('',(0.04625,-0.002625,0.));
#18949=CARTESIAN_POINT('',(0.04395,-0.002625,0.));
#18950=CARTESIAN_POINT('',(0.04395,-0.002625,-0.002));
#18951=CARTESIAN_POINT('',(0.04395,-0.002625,-0.002));
#18952=CARTESIAN_POINT('',(0.04625,-0.002625,-0.002));
#18953=CARTESIAN_POINT('',(0.04395,-6.93889390390723E-18,-0.002));
#18954=CARTESIAN_POINT('',(0.04395,-6.93889390390723E-18,0.));
#18955=CARTESIAN_POINT('',(0.04395,-0.014125,0.));
#18956=CARTESIAN_POINT('',(0.04395,-0.014125,-0.002));
#18957=CARTESIAN_POINT('',(0.04395,-0.014125,-0.002));
#18958=CARTESIAN_POINT('',(0.04395,-6.93889390390723E-18,-0.002));
#18959=CARTESIAN_POINT('',(0.04625,-0.014125,-0.002));
#18960=CARTESIAN_POINT('',(0.04625,-0.014125,0.));
#18961=CARTESIAN_POINT('',(0.04625,-0.016425,0.));
#18962=CARTESIAN_POINT('',(0.04625,-0.016425,-0.002));
#18963=CARTESIAN_POINT('',(0.04625,-0.016425,-0.002));
#18964=CARTESIAN_POINT('',(0.04625,-0.014125,-0.002));
#18965=CARTESIAN_POINT('',(0.,-0.016425,-0.002));
#18966=CARTESIAN_POINT('',(0.,-0.016425,0.));
#18967=CARTESIAN_POINT('',(0.078375,-0.016425,0.));
#18968=CARTESIAN_POINT('',(0.078375,-0.016425,-0.002));
#18969=CARTESIAN_POINT('',(0.078375,-0.016425,-0.002));
#18970=CARTESIAN_POINT('',(0.,-0.016425,-0.002));
#18971=CARTESIAN_POINT('',(0.078375,-0.014125,-0.002));
#18972=CARTESIAN_POINT('',(0.078375,-0.014125,0.));
#18973=CARTESIAN_POINT('',(0.080675,-0.014125,0.));
#18974=CARTESIAN_POINT('',(0.080675,-0.014125,-0.002));
#18975=CARTESIAN_POINT('',(0.080675,-0.014125,-0.002));
#18976=CARTESIAN_POINT('',(0.078375,-0.014125,-0.002));
#18977=CARTESIAN_POINT('',(0.080675,-6.93889390390723E-18,-0.002));
#18978=CARTESIAN_POINT('',(0.080675,-6.93889390390723E-18,0.));
#18979=CARTESIAN_POINT('',(0.080675,-0.002625,0.));
#18980=CARTESIAN_POINT('',(0.080675,-0.002625,-0.002));
#18981=CARTESIAN_POINT('',(0.080675,-0.002625,-0.002));
#18982=CARTESIAN_POINT('',(0.080675,-6.93889390390723E-18,-0.002));
#18983=CARTESIAN_POINT('',(0.,0.0331749999999983,-0.002));
#18984=CARTESIAN_POINT('',(0.,0.0331749999999983,0.));
#18985=CARTESIAN_POINT('',(0.078375,0.0331749999999983,0.));
#18986=CARTESIAN_POINT('',(0.050125,0.0331749999999983,0.));
#18987=CARTESIAN_POINT('',(0.050125,0.0331749999999983,-0.002));
#18988=CARTESIAN_POINT('',(0.050125,0.0331749999999983,-0.002));
#18989=CARTESIAN_POINT('',(0.,0.0331749999999983,-0.002));
#18990=CARTESIAN_POINT('',(0.078375,0.0331749999999983,-0.002));
#18991=CARTESIAN_POINT('',(0.078375,0.0331749999999983,-0.002));
#18992=CARTESIAN_POINT('',(0.050125,0.0308749999999982,-0.002));
#18993=CARTESIAN_POINT('',(0.050125,0.0308749999999982,0.));
#18994=CARTESIAN_POINT('',(0.047825,0.0308749999999982,0.));
#18995=CARTESIAN_POINT('',(0.047825,0.0308749999999982,-0.002));
#18996=CARTESIAN_POINT('',(0.047825,0.0308749999999982,-0.002));
#18997=CARTESIAN_POINT('',(0.050125,0.0308749999999982,-0.002));
#18998=CARTESIAN_POINT('',(0.047825,-6.93889390390723E-18,-0.002));
#18999=CARTESIAN_POINT('',(0.047825,-6.93889390390723E-18,0.));
#19000=CARTESIAN_POINT('',(0.047825,0.019375,0.));
#19001=CARTESIAN_POINT('',(0.047825,0.019375,-0.002));
#19002=CARTESIAN_POINT('',(0.047825,0.019375,-0.002));
#19003=CARTESIAN_POINT('',(0.047825,-6.93889390390723E-18,-0.002));
#19004=CARTESIAN_POINT('',(0.050125,0.019375,-0.002));
#19005=CARTESIAN_POINT('',(0.050125,0.019375,0.));
#19006=CARTESIAN_POINT('',(0.050125,0.017075,0.));
#19007=CARTESIAN_POINT('',(0.050125,0.017075,-0.002));
#19008=CARTESIAN_POINT('',(0.050125,0.017075,-0.002));
#19009=CARTESIAN_POINT('',(0.050125,0.019375,-0.002));
#19010=CARTESIAN_POINT('',(0.,0.017075,-0.002));
#19011=CARTESIAN_POINT('',(0.,0.017075,0.));
#19012=CARTESIAN_POINT('',(0.078375,0.017075,0.));
#19013=CARTESIAN_POINT('',(0.078375,0.017075,-0.002));
#19014=CARTESIAN_POINT('',(0.078375,0.017075,-0.002));
#19015=CARTESIAN_POINT('',(0.,0.017075,-0.002));
#19016=CARTESIAN_POINT('',(0.078375,0.019375,-0.002));
#19017=CARTESIAN_POINT('',(0.078375,0.019375,0.));
#19018=CARTESIAN_POINT('',(0.080675,0.019375,0.));
#19019=CARTESIAN_POINT('',(0.080675,0.019375,-0.002));
#19020=CARTESIAN_POINT('',(0.080675,0.019375,-0.002));
#19021=CARTESIAN_POINT('',(0.078375,0.019375,-0.002));
#19022=CARTESIAN_POINT('',(0.080675,-6.93889390390723E-18,-0.002));
#19023=CARTESIAN_POINT('',(0.080675,-6.93889390390723E-18,0.));
#19024=CARTESIAN_POINT('',(0.080675,0.0308749999999982,0.));
#19025=CARTESIAN_POINT('',(0.080675,0.0308749999999982,-0.002));
#19026=CARTESIAN_POINT('',(0.080675,0.0308749999999982,-0.002));
#19027=CARTESIAN_POINT('',(0.080675,-6.93889390390723E-18,-0.002));
#19028=CARTESIAN_POINT('',(-0.169925,-6.93889390390723E-18,-0.002));
#19029=CARTESIAN_POINT('',(-0.169925,-6.93889390390723E-18,0.));
#19030=CARTESIAN_POINT('',(-0.169925,-0.047625,0.));
#19031=CARTESIAN_POINT('',(-0.169925,-0.036125,0.));
#19032=CARTESIAN_POINT('',(-0.169925,-0.047625,-0.002));
#19033=CARTESIAN_POINT('',(-0.169925,-0.047625,-0.002));
#19034=CARTESIAN_POINT('',(-0.169925,-6.93889390390723E-18,-0.002));
#19035=CARTESIAN_POINT('',(-0.169925,-0.036125,-0.002));
#19036=CARTESIAN_POINT('',(-0.169925,-0.036125,-0.002));
#19037=CARTESIAN_POINT('',(-0.167625,-0.047625,-0.002));
#19038=CARTESIAN_POINT('',(-0.167625,-0.047625,0.));
#19039=CARTESIAN_POINT('',(-0.167625,-0.049925,0.));
#19040=CARTESIAN_POINT('',(-0.167625,-0.049925,-0.002));
#19041=CARTESIAN_POINT('',(-0.167625,-0.049925,-0.002));
#19042=CARTESIAN_POINT('',(-0.167625,-0.047625,-0.002));
#19043=CARTESIAN_POINT('',(1.73212139076284E-17,-0.049925,-0.002));
#19044=CARTESIAN_POINT('',(1.73212139076284E-17,-0.049925,0.));
#19045=CARTESIAN_POINT('',(-0.151625,-0.049925,0.));
#19046=CARTESIAN_POINT('',(-0.151625,-0.049925,-0.002));
#19047=CARTESIAN_POINT('',(-0.151625,-0.049925,-0.002));
#19048=CARTESIAN_POINT('',(1.73212139076284E-17,-0.049925,-0.002));
#19049=CARTESIAN_POINT('',(-0.151625,-0.047625,-0.002));
#19050=CARTESIAN_POINT('',(-0.151625,-0.047625,0.));
#19051=CARTESIAN_POINT('',(-0.149325,-0.047625,0.));
#19052=CARTESIAN_POINT('',(-0.149325,-0.047625,-0.002));
#19053=CARTESIAN_POINT('',(-0.149325,-0.047625,-0.002));
#19054=CARTESIAN_POINT('',(-0.151625,-0.047625,-0.002));
#19055=CARTESIAN_POINT('',(-0.149325,-6.93889390390723E-18,-0.002));
#19056=CARTESIAN_POINT('',(-0.149325,-6.93889390390723E-18,0.));
#19057=CARTESIAN_POINT('',(-0.149325,-0.036125,0.));
#19058=CARTESIAN_POINT('',(-0.149325,-0.036125,-0.002));
#19059=CARTESIAN_POINT('',(-0.149325,-0.036125,-0.002));
#19060=CARTESIAN_POINT('',(-0.149325,-6.93889390390723E-18,-0.002));
#19061=CARTESIAN_POINT('',(-0.151625,-0.036125,-0.002));
#19062=CARTESIAN_POINT('',(-0.151625,-0.036125,0.));
#19063=CARTESIAN_POINT('',(-0.151625,-0.033825,0.));
#19064=CARTESIAN_POINT('',(-0.151625,-0.033825,-0.002));
#19065=CARTESIAN_POINT('',(-0.151625,-0.033825,-0.002));
#19066=CARTESIAN_POINT('',(-0.151625,-0.036125,-0.002));
#19067=CARTESIAN_POINT('',(0.,-0.033825,-0.002));
#19068=CARTESIAN_POINT('',(0.,-0.033825,0.));
#19069=CARTESIAN_POINT('',(-0.167625,-0.033825,0.));
#19070=CARTESIAN_POINT('',(-0.167625,-0.033825,-0.002));
#19071=CARTESIAN_POINT('',(-0.167625,-0.033825,-0.002));
#19072=CARTESIAN_POINT('',(0.,-0.033825,-0.002));
#19073=CARTESIAN_POINT('',(-0.169925,-6.93889390390723E-18,-0.002));
#19074=CARTESIAN_POINT('',(-0.169925,-6.93889390390723E-18,0.));
#19075=CARTESIAN_POINT('',(-0.169925,-0.030875,0.));
#19076=CARTESIAN_POINT('',(-0.169925,-0.019375,0.));
#19077=CARTESIAN_POINT('',(-0.169925,-0.030875,-0.002));
#19078=CARTESIAN_POINT('',(-0.169925,-0.030875,-0.002));
#19079=CARTESIAN_POINT('',(-0.169925,-6.93889390390723E-18,-0.002));
#19080=CARTESIAN_POINT('',(-0.169925,-0.019375,-0.002));
#19081=CARTESIAN_POINT('',(-0.169925,-0.019375,-0.002));
#19082=CARTESIAN_POINT('',(-0.167625,-0.030875,-0.002));
#19083=CARTESIAN_POINT('',(-0.167625,-0.030875,0.));
#19084=CARTESIAN_POINT('',(-0.167625,-0.033175,0.));
#19085=CARTESIAN_POINT('',(-0.167625,-0.033175,-0.002));
#19086=CARTESIAN_POINT('',(-0.167625,-0.033175,-0.002));
#19087=CARTESIAN_POINT('',(-0.167625,-0.030875,-0.002));
#19088=CARTESIAN_POINT('',(0.,-0.033175,-0.002));
#19089=CARTESIAN_POINT('',(0.,-0.033175,0.));
#19090=CARTESIAN_POINT('',(-0.134875,-0.033175,0.));
#19091=CARTESIAN_POINT('',(-0.134875,-0.033175,-0.002));
#19092=CARTESIAN_POINT('',(-0.134875,-0.033175,-0.002));
#19093=CARTESIAN_POINT('',(0.,-0.033175,-0.002));
#19094=CARTESIAN_POINT('',(-0.134875,-0.030875,-0.002));
#19095=CARTESIAN_POINT('',(-0.134875,-0.030875,0.));
#19096=CARTESIAN_POINT('',(-0.132575,-0.030875,0.));
#19097=CARTESIAN_POINT('',(-0.132575,-0.030875,-0.002));
#19098=CARTESIAN_POINT('',(-0.132575,-0.030875,-0.002));
#19099=CARTESIAN_POINT('',(-0.134875,-0.030875,-0.002));
#19100=CARTESIAN_POINT('',(-0.132575,-6.93889390390723E-18,-0.002));
#19101=CARTESIAN_POINT('',(-0.132575,-6.93889390390723E-18,0.));
#19102=CARTESIAN_POINT('',(-0.132575,-0.019375,0.));
#19103=CARTESIAN_POINT('',(-0.132575,-0.019375,-0.002));
#19104=CARTESIAN_POINT('',(-0.132575,-0.019375,-0.002));
#19105=CARTESIAN_POINT('',(-0.132575,-6.93889390390723E-18,-0.002));
#19106=CARTESIAN_POINT('',(-0.134875,-0.019375,-0.002));
#19107=CARTESIAN_POINT('',(-0.134875,-0.019375,0.));
#19108=CARTESIAN_POINT('',(-0.134875,-0.017075,0.));
#19109=CARTESIAN_POINT('',(-0.134875,-0.017075,-0.002));
#19110=CARTESIAN_POINT('',(-0.134875,-0.017075,-0.002));
#19111=CARTESIAN_POINT('',(-0.134875,-0.019375,-0.002));
#19112=CARTESIAN_POINT('',(0.,-0.017075,-0.002));
#19113=CARTESIAN_POINT('',(0.,-0.017075,0.));
#19114=CARTESIAN_POINT('',(-0.167625,-0.017075,0.));
#19115=CARTESIAN_POINT('',(-0.167625,-0.017075,-0.002));
#19116=CARTESIAN_POINT('',(-0.167625,-0.017075,-0.002));
#19117=CARTESIAN_POINT('',(0.,-0.017075,-0.002));
#19118=CARTESIAN_POINT('',(0.,-0.016425,-0.002));
#19119=CARTESIAN_POINT('',(0.,-0.016425,0.));
#19120=CARTESIAN_POINT('',(-0.14325,-0.016425,0.));
#19121=CARTESIAN_POINT('',(-0.167625,-0.016425,0.));
#19122=CARTESIAN_POINT('',(-0.14325,-0.016425,-0.002));
#19123=CARTESIAN_POINT('',(-0.14325,-0.016425,-0.002));
#19124=CARTESIAN_POINT('',(0.,-0.016425,-0.002));
#19125=CARTESIAN_POINT('',(-0.167625,-0.016425,-0.002));
#19126=CARTESIAN_POINT('',(-0.167625,-0.016425,-0.002));
#19127=CARTESIAN_POINT('',(-0.14325,-0.014125,-0.002));
#19128=CARTESIAN_POINT('',(-0.14325,-0.014125,0.));
#19129=CARTESIAN_POINT('',(-0.14095,-0.014125,0.));
#19130=CARTESIAN_POINT('',(-0.14095,-0.014125,-0.002));
#19131=CARTESIAN_POINT('',(-0.14095,-0.014125,-0.002));
#19132=CARTESIAN_POINT('',(-0.14325,-0.014125,-0.002));
#19133=CARTESIAN_POINT('',(-0.14095,-6.93889390390723E-18,-0.002));
#19134=CARTESIAN_POINT('',(-0.14095,-6.93889390390723E-18,0.));
#19135=CARTESIAN_POINT('',(-0.14095,-0.002625,0.));
#19136=CARTESIAN_POINT('',(-0.14095,-0.002625,-0.002));
#19137=CARTESIAN_POINT('',(-0.14095,-0.002625,-0.002));
#19138=CARTESIAN_POINT('',(-0.14095,-6.93889390390723E-18,-0.002));
#19139=CARTESIAN_POINT('',(-0.14325,-0.002625,-0.002));
#19140=CARTESIAN_POINT('',(-0.14325,-0.002625,0.));
#19141=CARTESIAN_POINT('',(-0.14325,-0.000325000000000022,0.));
#19142=CARTESIAN_POINT('',(-0.14325,-0.000325000000000022,-0.002));
#19143=CARTESIAN_POINT('',(-0.14325,-0.000325000000000022,-0.002));
#19144=CARTESIAN_POINT('',(-0.14325,-0.002625,-0.002));
#19145=CARTESIAN_POINT('',(0.,-0.000325000000000022,-0.002));
#19146=CARTESIAN_POINT('',(0.,-0.000325000000000022,0.));
#19147=CARTESIAN_POINT('',(-0.167625,-0.000325000000000022,0.));
#19148=CARTESIAN_POINT('',(-0.167625,-0.000325000000000022,-0.002));
#19149=CARTESIAN_POINT('',(-0.167625,-0.000325000000000022,-0.002));
#19150=CARTESIAN_POINT('',(0.,-0.000325000000000022,-0.002));
#19151=CARTESIAN_POINT('',(-0.167625,-0.002625,-0.002));
#19152=CARTESIAN_POINT('',(-0.167625,-0.002625,0.));
#19153=CARTESIAN_POINT('',(-0.169925,-0.002625,0.));
#19154=CARTESIAN_POINT('',(-0.169925,-0.002625,-0.002));
#19155=CARTESIAN_POINT('',(-0.169925,-0.002625,-0.002));
#19156=CARTESIAN_POINT('',(-0.167625,-0.002625,-0.002));
#19157=CARTESIAN_POINT('',(-0.169925,-6.93889390390723E-18,-0.002));
#19158=CARTESIAN_POINT('',(-0.169925,-6.93889390390723E-18,0.));
#19159=CARTESIAN_POINT('',(-0.169925,-0.014125,0.));
#19160=CARTESIAN_POINT('',(-0.169925,-0.014125,-0.002));
#19161=CARTESIAN_POINT('',(-0.169925,-0.014125,-0.002));
#19162=CARTESIAN_POINT('',(-0.169925,-6.93889390390723E-18,-0.002));
#19163=CARTESIAN_POINT('',(-0.169925,-6.93889390390723E-18,-0.002));
#19164=CARTESIAN_POINT('',(-0.169925,-6.93889390390723E-18,0.));
#19165=CARTESIAN_POINT('',(-0.169925,0.002625,0.));
#19166=CARTESIAN_POINT('',(-0.169925,0.014125,0.));
#19167=CARTESIAN_POINT('',(-0.169925,0.002625,-0.002));
#19168=CARTESIAN_POINT('',(-0.169925,0.002625,-0.002));
#19169=CARTESIAN_POINT('',(-0.169925,-6.93889390390723E-18,-0.002));
#19170=CARTESIAN_POINT('',(-0.169925,0.014125,-0.002));
#19171=CARTESIAN_POINT('',(-0.169925,0.014125,-0.002));
#19172=CARTESIAN_POINT('',(-0.167625,0.002625,-0.002));
#19173=CARTESIAN_POINT('',(-0.167625,0.002625,0.));
#19174=CARTESIAN_POINT('',(-0.167625,0.000324999999999973,0.));
#19175=CARTESIAN_POINT('',(-0.167625,0.000324999999999973,-0.002));
#19176=CARTESIAN_POINT('',(-0.167625,0.000324999999999973,-0.002));
#19177=CARTESIAN_POINT('',(-0.167625,0.002625,-0.002));
#19178=CARTESIAN_POINT('',(-1.41684221074569E-19,0.000325000000000047,-0.002));
#19179=CARTESIAN_POINT('',(-1.41684221074569E-19,0.000325000000000047,0.));
#19180=CARTESIAN_POINT('',(-0.14775,0.000324999999999982,0.));
#19181=CARTESIAN_POINT('',(-0.14775,0.000324999999999982,-0.002));
#19182=CARTESIAN_POINT('',(-0.14775,0.000324999999999982,-0.002));
#19183=CARTESIAN_POINT('',(-1.41684221074569E-19,0.000325000000000047,-0.002));
#19184=CARTESIAN_POINT('',(-0.14775,0.002625,-0.002));
#19185=CARTESIAN_POINT('',(-0.14775,0.002625,0.));
#19186=CARTESIAN_POINT('',(-0.14545,0.002625,0.));
#19187=CARTESIAN_POINT('',(-0.14545,0.002625,-0.002));
#19188=CARTESIAN_POINT('',(-0.14545,0.002625,-0.002));
#19189=CARTESIAN_POINT('',(-0.14775,0.002625,-0.002));
#19190=CARTESIAN_POINT('',(-0.14545,-6.93889390390723E-18,-0.002));
#19191=CARTESIAN_POINT('',(-0.14545,-6.93889390390723E-18,0.));
#19192=CARTESIAN_POINT('',(-0.14545,0.014125,0.));
#19193=CARTESIAN_POINT('',(-0.14545,0.014125,-0.002));
#19194=CARTESIAN_POINT('',(-0.14545,0.014125,-0.002));
#19195=CARTESIAN_POINT('',(-0.14545,-6.93889390390723E-18,-0.002));
#19196=CARTESIAN_POINT('',(-0.14775,0.014125,-0.002));
#19197=CARTESIAN_POINT('',(-0.14775,0.014125,0.));
#19198=CARTESIAN_POINT('',(-0.14775,0.016425,0.));
#19199=CARTESIAN_POINT('',(-0.14775,0.016425,-0.002));
#19200=CARTESIAN_POINT('',(-0.14775,0.016425,-0.002));
#19201=CARTESIAN_POINT('',(-0.14775,0.014125,-0.002));
#19202=CARTESIAN_POINT('',(0.,0.016425,-0.002));
#19203=CARTESIAN_POINT('',(0.,0.016425,0.));
#19204=CARTESIAN_POINT('',(-0.167625,0.016425,0.));
#19205=CARTESIAN_POINT('',(-0.167625,0.016425,-0.002));
#19206=CARTESIAN_POINT('',(-0.167625,0.016425,-0.002));
#19207=CARTESIAN_POINT('',(0.,0.016425,-0.002));
#19208=CARTESIAN_POINT('',(0.,0.00032499999999998,-0.002));
#19209=CARTESIAN_POINT('',(0.,0.00032499999999998,0.));
#19210=CARTESIAN_POINT('',(0.01975,0.00032499999999998,0.));
#19211=CARTESIAN_POINT('',(0.00824999999999981,0.00032499999999998,0.));
#19212=CARTESIAN_POINT('',(0.01975,0.00032499999999998,-0.002));
#19213=CARTESIAN_POINT('',(0.01975,0.00032499999999998,-0.002));
#19214=CARTESIAN_POINT('',(0.,0.00032499999999998,-0.002));
#19215=CARTESIAN_POINT('',(0.00824999999999981,0.00032499999999998,-0.002));
#19216=CARTESIAN_POINT('',(0.00824999999999981,0.00032499999999998,-0.002));
#19217=CARTESIAN_POINT('',(0.01975,0.002625,-0.002));
#19218=CARTESIAN_POINT('',(0.01975,0.002625,0.));
#19219=CARTESIAN_POINT('',(0.02205,0.002625,0.));
#19220=CARTESIAN_POINT('',(0.02205,0.002625,-0.002));
#19221=CARTESIAN_POINT('',(0.02205,0.002625,-0.002));
#19222=CARTESIAN_POINT('',(0.01975,0.002625,-0.002));
#19223=CARTESIAN_POINT('',(0.02205,-6.93889390390723E-18,-0.002));
#19224=CARTESIAN_POINT('',(0.02205,-6.93889390390723E-18,0.));
#19225=CARTESIAN_POINT('',(0.02205,0.014125,0.));
#19226=CARTESIAN_POINT('',(0.02205,0.014125,-0.002));
#19227=CARTESIAN_POINT('',(0.02205,0.014125,-0.002));
#19228=CARTESIAN_POINT('',(0.02205,-6.93889390390723E-18,-0.002));
#19229=CARTESIAN_POINT('',(0.01975,0.014125,-0.002));
#19230=CARTESIAN_POINT('',(0.01975,0.014125,0.));
#19231=CARTESIAN_POINT('',(0.01975,0.016425,0.));
#19232=CARTESIAN_POINT('',(0.01975,0.016425,-0.002));
#19233=CARTESIAN_POINT('',(0.01975,0.016425,-0.002));
#19234=CARTESIAN_POINT('',(0.01975,0.014125,-0.002));
#19235=CARTESIAN_POINT('',(0.,0.016425,-0.002));
#19236=CARTESIAN_POINT('',(0.,0.016425,0.));
#19237=CARTESIAN_POINT('',(0.00824999999999981,0.016425,0.));
#19238=CARTESIAN_POINT('',(0.00824999999999981,0.016425,-0.002));
#19239=CARTESIAN_POINT('',(0.00824999999999981,0.016425,-0.002));
#19240=CARTESIAN_POINT('',(0.,0.016425,-0.002));
#19241=CARTESIAN_POINT('',(0.00824999999999981,0.014125,-0.002));
#19242=CARTESIAN_POINT('',(0.00824999999999981,0.014125,0.));
#19243=CARTESIAN_POINT('',(0.00594999999999981,0.014125,0.));
#19244=CARTESIAN_POINT('',(0.00594999999999981,0.014125,-0.002));
#19245=CARTESIAN_POINT('',(0.00594999999999981,0.014125,-0.002));
#19246=CARTESIAN_POINT('',(0.00824999999999981,0.014125,-0.002));
#19247=CARTESIAN_POINT('',(0.00594999999999981,-6.93889390390723E-18,-0.002));
#19248=CARTESIAN_POINT('',(0.00594999999999981,-6.93889390390723E-18,0.));
#19249=CARTESIAN_POINT('',(0.00594999999999981,0.002625,0.));
#19250=CARTESIAN_POINT('',(0.00594999999999981,0.002625,-0.002));
#19251=CARTESIAN_POINT('',(0.00594999999999981,0.002625,-0.002));
#19252=CARTESIAN_POINT('',(0.00594999999999981,-6.93889390390723E-18,-0.002));
#19253=CARTESIAN_POINT('',(-0.0108000000000002,-6.93889390390723E-18,-0.002));
#19254=CARTESIAN_POINT('',(-0.0108000000000002,-6.93889390390723E-18,0.));
#19255=CARTESIAN_POINT('',(-0.0108000000000002,0.002625,0.));
#19256=CARTESIAN_POINT('',(-0.0108000000000002,0.014125,0.));
#19257=CARTESIAN_POINT('',(-0.0108000000000002,0.002625,-0.002));
#19258=CARTESIAN_POINT('',(-0.0108000000000002,0.002625,-0.002));
#19259=CARTESIAN_POINT('',(-0.0108000000000002,-6.93889390390723E-18,-0.002));
#19260=CARTESIAN_POINT('',(-0.0108000000000002,0.014125,-0.002));
#19261=CARTESIAN_POINT('',(-0.0108000000000002,0.014125,-0.002));
#19262=CARTESIAN_POINT('',(-0.00850000000000018,0.002625,-0.002));
#19263=CARTESIAN_POINT('',(-0.00850000000000018,0.002625,0.));
#19264=CARTESIAN_POINT('',(-0.00850000000000018,0.00032499999999998,0.));
#19265=CARTESIAN_POINT('',(-0.00850000000000018,0.00032499999999998,-0.002));
#19266=CARTESIAN_POINT('',(-0.00850000000000018,0.00032499999999998,-0.002));
#19267=CARTESIAN_POINT('',(-0.00850000000000018,0.002625,-0.002));
#19268=CARTESIAN_POINT('',(0.,0.00032499999999998,-0.002));
#19269=CARTESIAN_POINT('',(0.,0.00032499999999998,0.));
#19270=CARTESIAN_POINT('',(0.00299999999999984,0.00032499999999998,0.));
#19271=CARTESIAN_POINT('',(0.00299999999999984,0.00032499999999998,-0.002));
#19272=CARTESIAN_POINT('',(0.00299999999999984,0.00032499999999998,-0.002));
#19273=CARTESIAN_POINT('',(0.,0.00032499999999998,-0.002));
#19274=CARTESIAN_POINT('',(0.00299999999999984,0.002625,-0.002));
#19275=CARTESIAN_POINT('',(0.00299999999999984,0.002625,0.));
#19276=CARTESIAN_POINT('',(0.00529999999999984,0.002625,0.));
#19277=CARTESIAN_POINT('',(0.00529999999999984,0.002625,-0.002));
#19278=CARTESIAN_POINT('',(0.00529999999999984,0.002625,-0.002));
#19279=CARTESIAN_POINT('',(0.00299999999999984,0.002625,-0.002));
#19280=CARTESIAN_POINT('',(0.00529999999999984,-6.64231214833701E-18,-0.002));
#19281=CARTESIAN_POINT('',(0.00529999999999984,-6.64231214833701E-18,0.));
#19282=CARTESIAN_POINT('',(0.00529999999999984,0.014125,0.));
#19283=CARTESIAN_POINT('',(0.00529999999999984,0.014125,-0.002));
#19284=CARTESIAN_POINT('',(0.00529999999999984,0.014125,-0.002));
#19285=CARTESIAN_POINT('',(0.00529999999999984,-6.64231214833701E-18,-0.002));
#19286=CARTESIAN_POINT('',(0.00299999999999984,0.014125,-0.002));
#19287=CARTESIAN_POINT('',(0.00299999999999984,0.014125,0.));
#19288=CARTESIAN_POINT('',(0.00299999999999984,0.016425,0.));
#19289=CARTESIAN_POINT('',(0.00299999999999984,0.016425,-0.002));
#19290=CARTESIAN_POINT('',(0.00299999999999984,0.016425,-0.002));
#19291=CARTESIAN_POINT('',(0.00299999999999984,0.014125,-0.002));
#19292=CARTESIAN_POINT('',(0.,0.016425,-0.002));
#19293=CARTESIAN_POINT('',(0.,0.016425,0.));
#19294=CARTESIAN_POINT('',(-0.00850000000000018,0.016425,0.));
#19295=CARTESIAN_POINT('',(-0.00850000000000018,0.016425,-0.002));
#19296=CARTESIAN_POINT('',(-0.00850000000000018,0.016425,-0.002));
#19297=CARTESIAN_POINT('',(0.,0.016425,-0.002));
#19298=CARTESIAN_POINT('',(0.,0.016425,-0.002));
#19299=CARTESIAN_POINT('',(0.,0.016425,0.));
#19300=CARTESIAN_POINT('',(-0.0137500000000001,0.016425,0.));
#19301=CARTESIAN_POINT('',(-0.02525,0.016425,0.));
#19302=CARTESIAN_POINT('',(-0.02525,0.016425,-0.002));
#19303=CARTESIAN_POINT('',(-0.02525,0.016425,-0.002));
#19304=CARTESIAN_POINT('',(0.,0.016425,-0.002));
#19305=CARTESIAN_POINT('',(-0.0137500000000001,0.016425,-0.002));
#19306=CARTESIAN_POINT('',(-0.0137500000000001,0.016425,-0.002));
#19307=CARTESIAN_POINT('',(-0.02525,0.014125,-0.002));
#19308=CARTESIAN_POINT('',(-0.02525,0.014125,0.));
#19309=CARTESIAN_POINT('',(-0.02755,0.014125,0.));
#19310=CARTESIAN_POINT('',(-0.02755,0.014125,-0.002));
#19311=CARTESIAN_POINT('',(-0.02755,0.014125,-0.002));
#19312=CARTESIAN_POINT('',(-0.02525,0.014125,-0.002));
#19313=CARTESIAN_POINT('',(-0.02755,-6.93889390390723E-18,-0.002));
#19314=CARTESIAN_POINT('',(-0.02755,-6.93889390390723E-18,0.));
#19315=CARTESIAN_POINT('',(-0.02755,0.002625,0.));
#19316=CARTESIAN_POINT('',(-0.02755,0.002625,-0.002));
#19317=CARTESIAN_POINT('',(-0.02755,0.002625,-0.002));
#19318=CARTESIAN_POINT('',(-0.02755,-6.93889390390723E-18,-0.002));
#19319=CARTESIAN_POINT('',(-0.02525,0.002625,-0.002));
#19320=CARTESIAN_POINT('',(-0.02525,0.002625,0.));
#19321=CARTESIAN_POINT('',(-0.02525,0.00032499999999998,0.));
#19322=CARTESIAN_POINT('',(-0.02525,0.00032499999999998,-0.002));
#19323=CARTESIAN_POINT('',(-0.02525,0.00032499999999998,-0.002));
#19324=CARTESIAN_POINT('',(-0.02525,0.002625,-0.002));
#19325=CARTESIAN_POINT('',(0.,0.00032499999999998,-0.002));
#19326=CARTESIAN_POINT('',(0.,0.00032499999999998,0.));
#19327=CARTESIAN_POINT('',(-0.0137500000000001,0.00032499999999998,0.));
#19328=CARTESIAN_POINT('',(-0.0137500000000001,0.00032499999999998,-0.002));
#19329=CARTESIAN_POINT('',(-0.0137500000000001,0.00032499999999998,-0.002));
#19330=CARTESIAN_POINT('',(0.,0.00032499999999998,-0.002));
#19331=CARTESIAN_POINT('',(-0.0137500000000001,0.002625,-0.002));
#19332=CARTESIAN_POINT('',(-0.0137500000000001,0.002625,0.));
#19333=CARTESIAN_POINT('',(-0.0114500000000001,0.002625,0.));
#19334=CARTESIAN_POINT('',(-0.0114500000000001,0.002625,-0.002));
#19335=CARTESIAN_POINT('',(-0.0114500000000001,0.002625,-0.002));
#19336=CARTESIAN_POINT('',(-0.0137500000000001,0.002625,-0.002));
#19337=CARTESIAN_POINT('',(-0.0114500000000001,-6.93889390390723E-18,-0.002));
#19338=CARTESIAN_POINT('',(-0.0114500000000001,-6.93889390390723E-18,0.));
#19339=CARTESIAN_POINT('',(-0.0114500000000001,0.014125,0.));
#19340=CARTESIAN_POINT('',(-0.0114500000000001,0.014125,-0.002));
#19341=CARTESIAN_POINT('',(-0.0114500000000001,0.014125,-0.002));
#19342=CARTESIAN_POINT('',(-0.0114500000000001,-6.93889390390723E-18,-0.002));
#19343=CARTESIAN_POINT('',(-0.0443,-6.93889390390723E-18,-0.002));
#19344=CARTESIAN_POINT('',(-0.0443,-6.93889390390723E-18,0.));
#19345=CARTESIAN_POINT('',(-0.0443,0.002625,0.));
#19346=CARTESIAN_POINT('',(-0.0443,0.014125,0.));
#19347=CARTESIAN_POINT('',(-0.0443,0.002625,-0.002));
#19348=CARTESIAN_POINT('',(-0.0443,0.002625,-0.002));
#19349=CARTESIAN_POINT('',(-0.0443,-6.93889390390723E-18,-0.002));
#19350=CARTESIAN_POINT('',(-0.0443,0.014125,-0.002));
#19351=CARTESIAN_POINT('',(-0.0443,0.014125,-0.002));
#19352=CARTESIAN_POINT('',(-0.042,0.002625,-0.002));
#19353=CARTESIAN_POINT('',(-0.042,0.002625,0.));
#19354=CARTESIAN_POINT('',(-0.042,0.00032499999999998,0.));
#19355=CARTESIAN_POINT('',(-0.042,0.00032499999999998,-0.002));
#19356=CARTESIAN_POINT('',(-0.042,0.00032499999999998,-0.002));
#19357=CARTESIAN_POINT('',(-0.042,0.002625,-0.002));
#19358=CARTESIAN_POINT('',(0.,0.00032499999999998,-0.002));
#19359=CARTESIAN_POINT('',(0.,0.00032499999999998,0.));
#19360=CARTESIAN_POINT('',(-0.0305,0.00032499999999998,0.));
#19361=CARTESIAN_POINT('',(-0.0305,0.00032499999999998,-0.002));
#19362=CARTESIAN_POINT('',(-0.0305,0.00032499999999998,-0.002));
#19363=CARTESIAN_POINT('',(0.,0.00032499999999998,-0.002));
#19364=CARTESIAN_POINT('',(-0.0305,0.002625,-0.002));
#19365=CARTESIAN_POINT('',(-0.0305,0.002625,0.));
#19366=CARTESIAN_POINT('',(-0.0282,0.002625,0.));
#19367=CARTESIAN_POINT('',(-0.0282,0.002625,-0.002));
#19368=CARTESIAN_POINT('',(-0.0282,0.002625,-0.002));
#19369=CARTESIAN_POINT('',(-0.0305,0.002625,-0.002));
#19370=CARTESIAN_POINT('',(-0.0282,-6.93889390390723E-18,-0.002));
#19371=CARTESIAN_POINT('',(-0.0282,-6.93889390390723E-18,0.));
#19372=CARTESIAN_POINT('',(-0.0282,0.014125,0.));
#19373=CARTESIAN_POINT('',(-0.0282,0.014125,-0.002));
#19374=CARTESIAN_POINT('',(-0.0282,0.014125,-0.002));
#19375=CARTESIAN_POINT('',(-0.0282,-6.93889390390723E-18,-0.002));
#19376=CARTESIAN_POINT('',(-0.0305,0.014125,-0.002));
#19377=CARTESIAN_POINT('',(-0.0305,0.014125,0.));
#19378=CARTESIAN_POINT('',(-0.0305,0.016425,0.));
#19379=CARTESIAN_POINT('',(-0.0305,0.016425,-0.002));
#19380=CARTESIAN_POINT('',(-0.0305,0.016425,-0.002));
#19381=CARTESIAN_POINT('',(-0.0305,0.014125,-0.002));
#19382=CARTESIAN_POINT('',(0.,0.016425,-0.002));
#19383=CARTESIAN_POINT('',(0.,0.016425,0.));
#19384=CARTESIAN_POINT('',(-0.042,0.016425,0.));
#19385=CARTESIAN_POINT('',(-0.042,0.016425,-0.002));
#19386=CARTESIAN_POINT('',(-0.042,0.016425,-0.002));
#19387=CARTESIAN_POINT('',(0.,0.016425,-0.002));
#19388=CARTESIAN_POINT('',(0.,0.00032499999999998,-0.002));
#19389=CARTESIAN_POINT('',(0.,0.00032499999999998,0.));
#19390=CARTESIAN_POINT('',(-0.04725,0.00032499999999998,0.));
#19391=CARTESIAN_POINT('',(-0.05875,0.00032499999999998,0.));
#19392=CARTESIAN_POINT('',(-0.04725,0.00032499999999998,-0.002));
#19393=CARTESIAN_POINT('',(-0.04725,0.00032499999999998,-0.002));
#19394=CARTESIAN_POINT('',(0.,0.00032499999999998,-0.002));
#19395=CARTESIAN_POINT('',(-0.05875,0.00032499999999998,-0.002));
#19396=CARTESIAN_POINT('',(-0.05875,0.00032499999999998,-0.002));
#19397=CARTESIAN_POINT('',(-0.04725,0.002625,-0.002));
#19398=CARTESIAN_POINT('',(-0.04725,0.002625,0.));
#19399=CARTESIAN_POINT('',(-0.04495,0.002625,0.));
#19400=CARTESIAN_POINT('',(-0.04495,0.002625,-0.002));
#19401=CARTESIAN_POINT('',(-0.04495,0.002625,-0.002));
#19402=CARTESIAN_POINT('',(-0.04725,0.002625,-0.002));
#19403=CARTESIAN_POINT('',(-0.04495,-6.93889390390723E-18,-0.002));
#19404=CARTESIAN_POINT('',(-0.04495,-6.93889390390723E-18,0.));
#19405=CARTESIAN_POINT('',(-0.04495,0.014125,0.));
#19406=CARTESIAN_POINT('',(-0.04495,0.014125,-0.002));
#19407=CARTESIAN_POINT('',(-0.04495,0.014125,-0.002));
#19408=CARTESIAN_POINT('',(-0.04495,-6.93889390390723E-18,-0.002));
#19409=CARTESIAN_POINT('',(-0.04725,0.014125,-0.002));
#19410=CARTESIAN_POINT('',(-0.04725,0.014125,0.));
#19411=CARTESIAN_POINT('',(-0.04725,0.016425,0.));
#19412=CARTESIAN_POINT('',(-0.04725,0.016425,-0.002));
#19413=CARTESIAN_POINT('',(-0.04725,0.016425,-0.002));
#19414=CARTESIAN_POINT('',(-0.04725,0.014125,-0.002));
#19415=CARTESIAN_POINT('',(0.,0.016425,-0.002));
#19416=CARTESIAN_POINT('',(0.,0.016425,0.));
#19417=CARTESIAN_POINT('',(-0.05875,0.016425,0.));
#19418=CARTESIAN_POINT('',(-0.05875,0.016425,-0.002));
#19419=CARTESIAN_POINT('',(-0.05875,0.016425,-0.002));
#19420=CARTESIAN_POINT('',(0.,0.016425,-0.002));
#19421=CARTESIAN_POINT('',(-0.05875,0.014125,-0.002));
#19422=CARTESIAN_POINT('',(-0.05875,0.014125,0.));
#19423=CARTESIAN_POINT('',(-0.06105,0.014125,0.));
#19424=CARTESIAN_POINT('',(-0.06105,0.014125,-0.002));
#19425=CARTESIAN_POINT('',(-0.06105,0.014125,-0.002));
#19426=CARTESIAN_POINT('',(-0.05875,0.014125,-0.002));
#19427=CARTESIAN_POINT('',(-0.06105,-6.93889390390723E-18,-0.002));
#19428=CARTESIAN_POINT('',(-0.06105,-6.93889390390723E-18,0.));
#19429=CARTESIAN_POINT('',(-0.06105,0.002625,0.));
#19430=CARTESIAN_POINT('',(-0.06105,0.002625,-0.002));
#19431=CARTESIAN_POINT('',(-0.06105,0.002625,-0.002));
#19432=CARTESIAN_POINT('',(-0.06105,-6.93889390390723E-18,-0.002));
#19433=CARTESIAN_POINT('',(-0.0778,-6.93889390390723E-18,-0.002));
#19434=CARTESIAN_POINT('',(-0.0778,-6.93889390390723E-18,0.));
#19435=CARTESIAN_POINT('',(-0.0778,0.002625,0.));
#19436=CARTESIAN_POINT('',(-0.0778,0.014125,0.));
#19437=CARTESIAN_POINT('',(-0.0778,0.002625,-0.002));
#19438=CARTESIAN_POINT('',(-0.0778,0.002625,-0.002));
#19439=CARTESIAN_POINT('',(-0.0778,-6.93889390390723E-18,-0.002));
#19440=CARTESIAN_POINT('',(-0.0778,0.014125,-0.002));
#19441=CARTESIAN_POINT('',(-0.0778,0.014125,-0.002));
#19442=CARTESIAN_POINT('',(-0.0755,0.002625,-0.002));
#19443=CARTESIAN_POINT('',(-0.0755,0.002625,0.));
#19444=CARTESIAN_POINT('',(-0.0755,0.00032499999999998,0.));
#19445=CARTESIAN_POINT('',(-0.0755,0.00032499999999998,-0.002));
#19446=CARTESIAN_POINT('',(-0.0755,0.00032499999999998,-0.002));
#19447=CARTESIAN_POINT('',(-0.0755,0.002625,-0.002));
#19448=CARTESIAN_POINT('',(0.,0.00032499999999998,-0.002));
#19449=CARTESIAN_POINT('',(0.,0.00032499999999998,0.));
#19450=CARTESIAN_POINT('',(-0.064,0.00032499999999998,0.));
#19451=CARTESIAN_POINT('',(-0.064,0.00032499999999998,-0.002));
#19452=CARTESIAN_POINT('',(-0.064,0.00032499999999998,-0.002));
#19453=CARTESIAN_POINT('',(0.,0.00032499999999998,-0.002));
#19454=CARTESIAN_POINT('',(-0.064,0.002625,-0.002));
#19455=CARTESIAN_POINT('',(-0.064,0.002625,0.));
#19456=CARTESIAN_POINT('',(-0.0617,0.002625,0.));
#19457=CARTESIAN_POINT('',(-0.0617,0.002625,-0.002));
#19458=CARTESIAN_POINT('',(-0.0617,0.002625,-0.002));
#19459=CARTESIAN_POINT('',(-0.064,0.002625,-0.002));
#19460=CARTESIAN_POINT('',(-0.0617,-6.93889390390723E-18,-0.002));
#19461=CARTESIAN_POINT('',(-0.0617,-6.93889390390723E-18,0.));
#19462=CARTESIAN_POINT('',(-0.0617,0.014125,0.));
#19463=CARTESIAN_POINT('',(-0.0617,0.014125,-0.002));
#19464=CARTESIAN_POINT('',(-0.0617,0.014125,-0.002));
#19465=CARTESIAN_POINT('',(-0.0617,-6.93889390390723E-18,-0.002));
#19466=CARTESIAN_POINT('',(-0.064,0.014125,-0.002));
#19467=CARTESIAN_POINT('',(-0.064,0.014125,0.));
#19468=CARTESIAN_POINT('',(-0.064,0.016425,0.));
#19469=CARTESIAN_POINT('',(-0.064,0.016425,-0.002));
#19470=CARTESIAN_POINT('',(-0.064,0.016425,-0.002));
#19471=CARTESIAN_POINT('',(-0.064,0.014125,-0.002));
#19472=CARTESIAN_POINT('',(0.,0.016425,-0.002));
#19473=CARTESIAN_POINT('',(0.,0.016425,0.));
#19474=CARTESIAN_POINT('',(-0.0755,0.016425,0.));
#19475=CARTESIAN_POINT('',(-0.0755,0.016425,-0.002));
#19476=CARTESIAN_POINT('',(-0.0755,0.016425,-0.002));
#19477=CARTESIAN_POINT('',(0.,0.016425,-0.002));
#19478=CARTESIAN_POINT('',(0.,0.016425,-0.002));
#19479=CARTESIAN_POINT('',(0.,0.016425,0.));
#19480=CARTESIAN_POINT('',(-0.08075,0.016425,0.));
#19481=CARTESIAN_POINT('',(-0.09225,0.016425,0.));
#19482=CARTESIAN_POINT('',(-0.09225,0.016425,-0.002));
#19483=CARTESIAN_POINT('',(-0.09225,0.016425,-0.002));
#19484=CARTESIAN_POINT('',(0.,0.016425,-0.002));
#19485=CARTESIAN_POINT('',(-0.08075,0.016425,-0.002));
#19486=CARTESIAN_POINT('',(-0.08075,0.016425,-0.002));
#19487=CARTESIAN_POINT('',(-0.09225,0.014125,-0.002));
#19488=CARTESIAN_POINT('',(-0.09225,0.014125,0.));
#19489=CARTESIAN_POINT('',(-0.09455,0.014125,0.));
#19490=CARTESIAN_POINT('',(-0.09455,0.014125,-0.002));
#19491=CARTESIAN_POINT('',(-0.09455,0.014125,-0.002));
#19492=CARTESIAN_POINT('',(-0.09225,0.014125,-0.002));
#19493=CARTESIAN_POINT('',(-0.09455,-6.93889390390723E-18,-0.002));
#19494=CARTESIAN_POINT('',(-0.09455,-6.93889390390723E-18,0.));
#19495=CARTESIAN_POINT('',(-0.09455,0.002625,0.));
#19496=CARTESIAN_POINT('',(-0.09455,0.002625,-0.002));
#19497=CARTESIAN_POINT('',(-0.09455,0.002625,-0.002));
#19498=CARTESIAN_POINT('',(-0.09455,-6.93889390390723E-18,-0.002));
#19499=CARTESIAN_POINT('',(-0.09225,0.002625,-0.002));
#19500=CARTESIAN_POINT('',(-0.09225,0.002625,0.));
#19501=CARTESIAN_POINT('',(-0.09225,0.00032499999999998,0.));
#19502=CARTESIAN_POINT('',(-0.09225,0.00032499999999998,-0.002));
#19503=CARTESIAN_POINT('',(-0.09225,0.00032499999999998,-0.002));
#19504=CARTESIAN_POINT('',(-0.09225,0.002625,-0.002));
#19505=CARTESIAN_POINT('',(0.,0.00032499999999998,-0.002));
#19506=CARTESIAN_POINT('',(0.,0.00032499999999998,0.));
#19507=CARTESIAN_POINT('',(-0.08075,0.00032499999999998,0.));
#19508=CARTESIAN_POINT('',(-0.08075,0.00032499999999998,-0.002));
#19509=CARTESIAN_POINT('',(-0.08075,0.00032499999999998,-0.002));
#19510=CARTESIAN_POINT('',(0.,0.00032499999999998,-0.002));
#19511=CARTESIAN_POINT('',(-0.08075,0.002625,-0.002));
#19512=CARTESIAN_POINT('',(-0.08075,0.002625,0.));
#19513=CARTESIAN_POINT('',(-0.07845,0.002625,0.));
#19514=CARTESIAN_POINT('',(-0.07845,0.002625,-0.002));
#19515=CARTESIAN_POINT('',(-0.07845,0.002625,-0.002));
#19516=CARTESIAN_POINT('',(-0.08075,0.002625,-0.002));
#19517=CARTESIAN_POINT('',(-0.07845,-6.93889390390723E-18,-0.002));
#19518=CARTESIAN_POINT('',(-0.07845,-6.93889390390723E-18,0.));
#19519=CARTESIAN_POINT('',(-0.07845,0.014125,0.));
#19520=CARTESIAN_POINT('',(-0.07845,0.014125,-0.002));
#19521=CARTESIAN_POINT('',(-0.07845,0.014125,-0.002));
#19522=CARTESIAN_POINT('',(-0.07845,-6.93889390390723E-18,-0.002));
#19523=CARTESIAN_POINT('',(-0.1113,-6.93889390390723E-18,-0.002));
#19524=CARTESIAN_POINT('',(-0.1113,-6.93889390390723E-18,0.));
#19525=CARTESIAN_POINT('',(-0.1113,0.002625,0.));
#19526=CARTESIAN_POINT('',(-0.1113,0.014125,0.));
#19527=CARTESIAN_POINT('',(-0.1113,0.002625,-0.002));
#19528=CARTESIAN_POINT('',(-0.1113,0.002625,-0.002));
#19529=CARTESIAN_POINT('',(-0.1113,-6.93889390390723E-18,-0.002));
#19530=CARTESIAN_POINT('',(-0.1113,0.014125,-0.002));
#19531=CARTESIAN_POINT('',(-0.1113,0.014125,-0.002));
#19532=CARTESIAN_POINT('',(-0.109,0.002625,-0.002));
#19533=CARTESIAN_POINT('',(-0.109,0.002625,0.));
#19534=CARTESIAN_POINT('',(-0.109,0.00032499999999998,0.));
#19535=CARTESIAN_POINT('',(-0.109,0.00032499999999998,-0.002));
#19536=CARTESIAN_POINT('',(-0.109,0.00032499999999998,-0.002));
#19537=CARTESIAN_POINT('',(-0.109,0.002625,-0.002));
#19538=CARTESIAN_POINT('',(0.,0.00032499999999998,-0.002));
#19539=CARTESIAN_POINT('',(0.,0.00032499999999998,0.));
#19540=CARTESIAN_POINT('',(-0.0975,0.00032499999999998,0.));
#19541=CARTESIAN_POINT('',(-0.0975,0.00032499999999998,-0.002));
#19542=CARTESIAN_POINT('',(-0.0975,0.00032499999999998,-0.002));
#19543=CARTESIAN_POINT('',(0.,0.00032499999999998,-0.002));
#19544=CARTESIAN_POINT('',(-0.0975,0.002625,-0.002));
#19545=CARTESIAN_POINT('',(-0.0975,0.002625,0.));
#19546=CARTESIAN_POINT('',(-0.0952,0.002625,0.));
#19547=CARTESIAN_POINT('',(-0.0952,0.002625,-0.002));
#19548=CARTESIAN_POINT('',(-0.0952,0.002625,-0.002));
#19549=CARTESIAN_POINT('',(-0.0975,0.002625,-0.002));
#19550=CARTESIAN_POINT('',(-0.0952,-6.93889390390723E-18,-0.002));
#19551=CARTESIAN_POINT('',(-0.0952,-6.93889390390723E-18,0.));
#19552=CARTESIAN_POINT('',(-0.0952,0.014125,0.));
#19553=CARTESIAN_POINT('',(-0.0952,0.014125,-0.002));
#19554=CARTESIAN_POINT('',(-0.0952,0.014125,-0.002));
#19555=CARTESIAN_POINT('',(-0.0952,-6.93889390390723E-18,-0.002));
#19556=CARTESIAN_POINT('',(-0.0975,0.014125,-0.002));
#19557=CARTESIAN_POINT('',(-0.0975,0.014125,0.));
#19558=CARTESIAN_POINT('',(-0.0975,0.016425,0.));
#19559=CARTESIAN_POINT('',(-0.0975,0.016425,-0.002));
#19560=CARTESIAN_POINT('',(-0.0975,0.016425,-0.002));
#19561=CARTESIAN_POINT('',(-0.0975,0.014125,-0.002));
#19562=CARTESIAN_POINT('',(0.,0.016425,-0.002));
#19563=CARTESIAN_POINT('',(0.,0.016425,0.));
#19564=CARTESIAN_POINT('',(-0.109,0.016425,0.));
#19565=CARTESIAN_POINT('',(-0.109,0.016425,-0.002));
#19566=CARTESIAN_POINT('',(-0.109,0.016425,-0.002));
#19567=CARTESIAN_POINT('',(0.,0.016425,-0.002));
#19568=CARTESIAN_POINT('',(-0.019825,-6.93889390390723E-18,-0.002));
#19569=CARTESIAN_POINT('',(-0.019825,-6.93889390390723E-18,0.));
#19570=CARTESIAN_POINT('',(-0.019825,0.019375,0.));
#19571=CARTESIAN_POINT('',(-0.019825,0.030875,0.));
#19572=CARTESIAN_POINT('',(-0.019825,0.030875,-0.002));
#19573=CARTESIAN_POINT('',(-0.019825,0.030875,-0.002));
#19574=CARTESIAN_POINT('',(-0.019825,-6.93889390390723E-18,-0.002));
#19575=CARTESIAN_POINT('',(-0.019825,0.019375,-0.002));
#19576=CARTESIAN_POINT('',(-0.019825,0.019375,-0.002));
#19577=CARTESIAN_POINT('',(-0.022125,0.030875,-0.002));
#19578=CARTESIAN_POINT('',(-0.022125,0.030875,0.));
#19579=CARTESIAN_POINT('',(-0.022125,0.033175,0.));
#19580=CARTESIAN_POINT('',(-0.022125,0.033175,-0.002));
#19581=CARTESIAN_POINT('',(-0.022125,0.033175,-0.002));
#19582=CARTESIAN_POINT('',(-0.022125,0.030875,-0.002));
#19583=CARTESIAN_POINT('',(0.,0.033175,-0.002));
#19584=CARTESIAN_POINT('',(0.,0.033175,0.));
#19585=CARTESIAN_POINT('',(-0.033625,0.033175,0.));
#19586=CARTESIAN_POINT('',(-0.033625,0.033175,-0.002));
#19587=CARTESIAN_POINT('',(-0.033625,0.033175,-0.002));
#19588=CARTESIAN_POINT('',(0.,0.033175,-0.002));
#19589=CARTESIAN_POINT('',(-0.033625,0.030875,-0.002));
#19590=CARTESIAN_POINT('',(-0.033625,0.030875,0.));
#19591=CARTESIAN_POINT('',(-0.035925,0.030875,0.));
#19592=CARTESIAN_POINT('',(-0.035925,0.030875,-0.002));
#19593=CARTESIAN_POINT('',(-0.035925,0.030875,-0.002));
#19594=CARTESIAN_POINT('',(-0.033625,0.030875,-0.002));
#19595=CARTESIAN_POINT('',(-0.035925,-6.93889390390723E-18,-0.002));
#19596=CARTESIAN_POINT('',(-0.035925,-6.93889390390723E-18,0.));
#19597=CARTESIAN_POINT('',(-0.035925,0.019375,0.));
#19598=CARTESIAN_POINT('',(-0.035925,0.019375,-0.002));
#19599=CARTESIAN_POINT('',(-0.035925,0.019375,-0.002));
#19600=CARTESIAN_POINT('',(-0.035925,-6.93889390390723E-18,-0.002));
#19601=CARTESIAN_POINT('',(-0.033625,0.019375,-0.002));
#19602=CARTESIAN_POINT('',(-0.033625,0.019375,0.));
#19603=CARTESIAN_POINT('',(-0.033625,0.017075,0.));
#19604=CARTESIAN_POINT('',(-0.033625,0.017075,-0.002));
#19605=CARTESIAN_POINT('',(-0.033625,0.017075,-0.002));
#19606=CARTESIAN_POINT('',(-0.033625,0.019375,-0.002));
#19607=CARTESIAN_POINT('',(0.,0.017075,-0.002));
#19608=CARTESIAN_POINT('',(0.,0.017075,0.));
#19609=CARTESIAN_POINT('',(-0.022125,0.017075,0.));
#19610=CARTESIAN_POINT('',(-0.022125,0.017075,-0.002));
#19611=CARTESIAN_POINT('',(-0.022125,0.017075,-0.002));
#19612=CARTESIAN_POINT('',(0.,0.017075,-0.002));
#19613=CARTESIAN_POINT('',(0.,0.033175,-0.002));
#19614=CARTESIAN_POINT('',(0.,0.033175,0.));
#19615=CARTESIAN_POINT('',(-0.00537500000000007,0.033175,0.));
#19616=CARTESIAN_POINT('',(-0.016875,0.033175,0.));
#19617=CARTESIAN_POINT('',(-0.016875,0.033175,-0.002));
#19618=CARTESIAN_POINT('',(-0.016875,0.033175,-0.002));
#19619=CARTESIAN_POINT('',(0.,0.033175,-0.002));
#19620=CARTESIAN_POINT('',(-0.00537500000000007,0.033175,-0.002));
#19621=CARTESIAN_POINT('',(-0.00537500000000007,0.033175,-0.002));
#19622=CARTESIAN_POINT('',(-0.016875,0.030875,-0.002));
#19623=CARTESIAN_POINT('',(-0.016875,0.030875,0.));
#19624=CARTESIAN_POINT('',(-0.019175,0.030875,0.));
#19625=CARTESIAN_POINT('',(-0.019175,0.030875,-0.002));
#19626=CARTESIAN_POINT('',(-0.019175,0.030875,-0.002));
#19627=CARTESIAN_POINT('',(-0.016875,0.030875,-0.002));
#19628=CARTESIAN_POINT('',(-0.019175,-6.93889390390723E-18,-0.002));
#19629=CARTESIAN_POINT('',(-0.019175,-6.93889390390723E-18,0.));
#19630=CARTESIAN_POINT('',(-0.019175,0.019375,0.));
#19631=CARTESIAN_POINT('',(-0.019175,0.019375,-0.002));
#19632=CARTESIAN_POINT('',(-0.019175,0.019375,-0.002));
#19633=CARTESIAN_POINT('',(-0.019175,-6.93889390390723E-18,-0.002));
#19634=CARTESIAN_POINT('',(-0.016875,0.019375,-0.002));
#19635=CARTESIAN_POINT('',(-0.016875,0.019375,0.));
#19636=CARTESIAN_POINT('',(-0.016875,0.017075,0.));
#19637=CARTESIAN_POINT('',(-0.016875,0.017075,-0.002));
#19638=CARTESIAN_POINT('',(-0.016875,0.017075,-0.002));
#19639=CARTESIAN_POINT('',(-0.016875,0.019375,-0.002));
#19640=CARTESIAN_POINT('',(0.,0.017075,-0.002));
#19641=CARTESIAN_POINT('',(0.,0.017075,0.));
#19642=CARTESIAN_POINT('',(-0.00537500000000007,0.017075,0.));
#19643=CARTESIAN_POINT('',(-0.00537500000000007,0.017075,-0.002));
#19644=CARTESIAN_POINT('',(-0.00537500000000007,0.017075,-0.002));
#19645=CARTESIAN_POINT('',(0.,0.017075,-0.002));
#19646=CARTESIAN_POINT('',(-0.00537500000000007,0.019375,-0.002));
#19647=CARTESIAN_POINT('',(-0.00537500000000007,0.019375,0.));
#19648=CARTESIAN_POINT('',(-0.00307500000000008,0.019375,0.));
#19649=CARTESIAN_POINT('',(-0.00307500000000008,0.019375,-0.002));
#19650=CARTESIAN_POINT('',(-0.00307500000000008,0.019375,-0.002));
#19651=CARTESIAN_POINT('',(-0.00537500000000007,0.019375,-0.002));
#19652=CARTESIAN_POINT('',(-0.00307500000000008,-6.93889390390723E-18,-0.002));
#19653=CARTESIAN_POINT('',(-0.00307500000000008,-6.93889390390723E-18,0.));
#19654=CARTESIAN_POINT('',(-0.00307500000000008,0.030875,0.));
#19655=CARTESIAN_POINT('',(-0.00307500000000008,0.030875,-0.002));
#19656=CARTESIAN_POINT('',(-0.00307500000000008,0.030875,-0.002));
#19657=CARTESIAN_POINT('',(-0.00307500000000008,-6.93889390390723E-18,-0.002));
#19658=CARTESIAN_POINT('',(0.013675,-6.93889390390723E-18,-0.002));
#19659=CARTESIAN_POINT('',(0.013675,-6.93889390390723E-18,0.));
#19660=CARTESIAN_POINT('',(0.013675,0.019375,0.));
#19661=CARTESIAN_POINT('',(0.013675,0.030875,0.));
#19662=CARTESIAN_POINT('',(0.013675,0.030875,-0.002));
#19663=CARTESIAN_POINT('',(0.013675,0.030875,-0.002));
#19664=CARTESIAN_POINT('',(0.013675,-6.93889390390723E-18,-0.002));
#19665=CARTESIAN_POINT('',(0.013675,0.019375,-0.002));
#19666=CARTESIAN_POINT('',(0.013675,0.019375,-0.002));
#19667=CARTESIAN_POINT('',(0.011375,0.030875,-0.002));
#19668=CARTESIAN_POINT('',(0.011375,0.030875,0.));
#19669=CARTESIAN_POINT('',(0.011375,0.033175,0.));
#19670=CARTESIAN_POINT('',(0.011375,0.033175,-0.002));
#19671=CARTESIAN_POINT('',(0.011375,0.033175,-0.002));
#19672=CARTESIAN_POINT('',(0.011375,0.030875,-0.002));
#19673=CARTESIAN_POINT('',(0.,0.033175,-0.002));
#19674=CARTESIAN_POINT('',(0.,0.033175,0.));
#19675=CARTESIAN_POINT('',(-0.000124999999999905,0.033175,0.));
#19676=CARTESIAN_POINT('',(-0.000124999999999905,0.033175,-0.002));
#19677=CARTESIAN_POINT('',(-0.000124999999999905,0.033175,-0.002));
#19678=CARTESIAN_POINT('',(0.,0.033175,-0.002));
#19679=CARTESIAN_POINT('',(-0.000124999999999905,0.030875,-0.002));
#19680=CARTESIAN_POINT('',(-0.000124999999999905,0.030875,0.));
#19681=CARTESIAN_POINT('',(-0.00242499999999991,0.030875,0.));
#19682=CARTESIAN_POINT('',(-0.00242499999999991,0.030875,-0.002));
#19683=CARTESIAN_POINT('',(-0.00242499999999991,0.030875,-0.002));
#19684=CARTESIAN_POINT('',(-0.000124999999999905,0.030875,-0.002));
#19685=CARTESIAN_POINT('',(-0.00242499999999991,-6.93889390390723E-18,-0.002));
#19686=CARTESIAN_POINT('',(-0.00242499999999991,-6.93889390390723E-18,0.));
#19687=CARTESIAN_POINT('',(-0.00242499999999991,0.019375,0.));
#19688=CARTESIAN_POINT('',(-0.00242499999999991,0.019375,-0.002));
#19689=CARTESIAN_POINT('',(-0.00242499999999991,0.019375,-0.002));
#19690=CARTESIAN_POINT('',(-0.00242499999999991,-6.93889390390723E-18,-0.002));
#19691=CARTESIAN_POINT('',(-0.000124999999999905,0.019375,-0.002));
#19692=CARTESIAN_POINT('',(-0.000124999999999905,0.019375,0.));
#19693=CARTESIAN_POINT('',(-0.000124999999999904,0.017075,0.));
#19694=CARTESIAN_POINT('',(-0.000124999999999904,0.017075,-0.002));
#19695=CARTESIAN_POINT('',(-0.000124999999999904,0.017075,-0.002));
#19696=CARTESIAN_POINT('',(-0.000124999999999905,0.019375,-0.002));
#19697=CARTESIAN_POINT('',(0.,0.017075,-0.002));
#19698=CARTESIAN_POINT('',(0.,0.017075,0.));
#19699=CARTESIAN_POINT('',(0.011375,0.017075,0.));
#19700=CARTESIAN_POINT('',(0.011375,0.017075,-0.002));
#19701=CARTESIAN_POINT('',(0.011375,0.017075,-0.002));
#19702=CARTESIAN_POINT('',(0.,0.017075,-0.002));
#19703=CARTESIAN_POINT('',(0.,0.033175,-0.002));
#19704=CARTESIAN_POINT('',(0.,0.033175,0.));
#19705=CARTESIAN_POINT('',(0.028125,0.033175,0.));
#19706=CARTESIAN_POINT('',(0.016625,0.033175,0.));
#19707=CARTESIAN_POINT('',(0.016625,0.033175,-0.002));
#19708=CARTESIAN_POINT('',(0.016625,0.033175,-0.002));
#19709=CARTESIAN_POINT('',(0.,0.033175,-0.002));
#19710=CARTESIAN_POINT('',(0.028125,0.033175,-0.002));
#19711=CARTESIAN_POINT('',(0.028125,0.033175,-0.002));
#19712=CARTESIAN_POINT('',(0.016625,0.030875,-0.002));
#19713=CARTESIAN_POINT('',(0.016625,0.030875,0.));
#19714=CARTESIAN_POINT('',(0.014325,0.030875,0.));
#19715=CARTESIAN_POINT('',(0.014325,0.030875,-0.002));
#19716=CARTESIAN_POINT('',(0.014325,0.030875,-0.002));
#19717=CARTESIAN_POINT('',(0.016625,0.030875,-0.002));
#19718=CARTESIAN_POINT('',(0.014325,-6.93889390390723E-18,-0.002));
#19719=CARTESIAN_POINT('',(0.014325,-6.93889390390723E-18,0.));
#19720=CARTESIAN_POINT('',(0.014325,0.019375,0.));
#19721=CARTESIAN_POINT('',(0.014325,0.019375,-0.002));
#19722=CARTESIAN_POINT('',(0.014325,0.019375,-0.002));
#19723=CARTESIAN_POINT('',(0.014325,-6.93889390390723E-18,-0.002));
#19724=CARTESIAN_POINT('',(0.016625,0.019375,-0.002));
#19725=CARTESIAN_POINT('',(0.016625,0.019375,0.));
#19726=CARTESIAN_POINT('',(0.016625,0.017075,0.));
#19727=CARTESIAN_POINT('',(0.016625,0.017075,-0.002));
#19728=CARTESIAN_POINT('',(0.016625,0.017075,-0.002));
#19729=CARTESIAN_POINT('',(0.016625,0.019375,-0.002));
#19730=CARTESIAN_POINT('',(0.,0.017075,-0.002));
#19731=CARTESIAN_POINT('',(0.,0.017075,0.));
#19732=CARTESIAN_POINT('',(0.028125,0.017075,0.));
#19733=CARTESIAN_POINT('',(0.028125,0.017075,-0.002));
#19734=CARTESIAN_POINT('',(0.028125,0.017075,-0.002));
#19735=CARTESIAN_POINT('',(0.,0.017075,-0.002));
#19736=CARTESIAN_POINT('',(0.028125,0.019375,-0.002));
#19737=CARTESIAN_POINT('',(0.028125,0.019375,0.));
#19738=CARTESIAN_POINT('',(0.030425,0.019375,0.));
#19739=CARTESIAN_POINT('',(0.030425,0.019375,-0.002));
#19740=CARTESIAN_POINT('',(0.030425,0.019375,-0.002));
#19741=CARTESIAN_POINT('',(0.028125,0.019375,-0.002));
#19742=CARTESIAN_POINT('',(0.030425,-6.93889390390723E-18,-0.002));
#19743=CARTESIAN_POINT('',(0.030425,-6.93889390390723E-18,0.));
#19744=CARTESIAN_POINT('',(0.030425,0.030875,0.));
#19745=CARTESIAN_POINT('',(0.030425,0.030875,-0.002));
#19746=CARTESIAN_POINT('',(0.030425,0.030875,-0.002));
#19747=CARTESIAN_POINT('',(0.030425,-6.93889390390723E-18,-0.002));
#19748=CARTESIAN_POINT('',(0.047175,-6.93889390390723E-18,-0.002));
#19749=CARTESIAN_POINT('',(0.047175,-6.93889390390723E-18,0.));
#19750=CARTESIAN_POINT('',(0.047175,0.019375,0.));
#19751=CARTESIAN_POINT('',(0.047175,0.030875,0.));
#19752=CARTESIAN_POINT('',(0.047175,0.030875,-0.002));
#19753=CARTESIAN_POINT('',(0.047175,0.030875,-0.002));
#19754=CARTESIAN_POINT('',(0.047175,-6.93889390390723E-18,-0.002));
#19755=CARTESIAN_POINT('',(0.047175,0.019375,-0.002));
#19756=CARTESIAN_POINT('',(0.047175,0.019375,-0.002));
#19757=CARTESIAN_POINT('',(0.044875,0.030875,-0.002));
#19758=CARTESIAN_POINT('',(0.044875,0.030875,0.));
#19759=CARTESIAN_POINT('',(0.044875,0.033175,0.));
#19760=CARTESIAN_POINT('',(0.044875,0.033175,-0.002));
#19761=CARTESIAN_POINT('',(0.044875,0.033175,-0.002));
#19762=CARTESIAN_POINT('',(0.044875,0.030875,-0.002));
#19763=CARTESIAN_POINT('',(0.,0.033175,-0.002));
#19764=CARTESIAN_POINT('',(0.,0.033175,0.));
#19765=CARTESIAN_POINT('',(0.033375,0.033175,0.));
#19766=CARTESIAN_POINT('',(0.033375,0.033175,-0.002));
#19767=CARTESIAN_POINT('',(0.033375,0.033175,-0.002));
#19768=CARTESIAN_POINT('',(0.,0.033175,-0.002));
#19769=CARTESIAN_POINT('',(0.033375,0.030875,-0.002));
#19770=CARTESIAN_POINT('',(0.033375,0.030875,0.));
#19771=CARTESIAN_POINT('',(0.031075,0.030875,0.));
#19772=CARTESIAN_POINT('',(0.031075,0.030875,-0.002));
#19773=CARTESIAN_POINT('',(0.031075,0.030875,-0.002));
#19774=CARTESIAN_POINT('',(0.033375,0.030875,-0.002));
#19775=CARTESIAN_POINT('',(0.031075,-6.93889390390723E-18,-0.002));
#19776=CARTESIAN_POINT('',(0.031075,-6.93889390390723E-18,0.));
#19777=CARTESIAN_POINT('',(0.031075,0.019375,0.));
#19778=CARTESIAN_POINT('',(0.031075,0.019375,-0.002));
#19779=CARTESIAN_POINT('',(0.031075,0.019375,-0.002));
#19780=CARTESIAN_POINT('',(0.031075,-6.93889390390723E-18,-0.002));
#19781=CARTESIAN_POINT('',(0.033375,0.019375,-0.002));
#19782=CARTESIAN_POINT('',(0.033375,0.019375,0.));
#19783=CARTESIAN_POINT('',(0.033375,0.017075,0.));
#19784=CARTESIAN_POINT('',(0.033375,0.017075,-0.002));
#19785=CARTESIAN_POINT('',(0.033375,0.017075,-0.002));
#19786=CARTESIAN_POINT('',(0.033375,0.019375,-0.002));
#19787=CARTESIAN_POINT('',(0.,0.017075,-0.002));
#19788=CARTESIAN_POINT('',(0.,0.017075,0.));
#19789=CARTESIAN_POINT('',(0.044875,0.017075,0.));
#19790=CARTESIAN_POINT('',(0.044875,0.017075,-0.002));
#19791=CARTESIAN_POINT('',(0.044875,0.017075,-0.002));
#19792=CARTESIAN_POINT('',(0.,0.017075,-0.002));
#19793=CARTESIAN_POINT('',(-0.1448,-6.93889390390723E-18,-0.002));
#19794=CARTESIAN_POINT('',(-0.1448,-6.93889390390723E-18,0.));
#19795=CARTESIAN_POINT('',(-0.1448,0.002625,0.));
#19796=CARTESIAN_POINT('',(-0.1448,0.014125,0.));
#19797=CARTESIAN_POINT('',(-0.1448,0.002625,-0.002));
#19798=CARTESIAN_POINT('',(-0.1448,0.002625,-0.002));
#19799=CARTESIAN_POINT('',(-0.1448,-6.93889390390723E-18,-0.002));
#19800=CARTESIAN_POINT('',(-0.1448,0.014125,-0.002));
#19801=CARTESIAN_POINT('',(-0.1448,0.014125,-0.002));
#19802=CARTESIAN_POINT('',(-0.1425,0.002625,-0.002));
#19803=CARTESIAN_POINT('',(-0.1425,0.002625,0.));
#19804=CARTESIAN_POINT('',(-0.1425,0.00032499999999998,0.));
#19805=CARTESIAN_POINT('',(-0.1425,0.00032499999999998,-0.002));
#19806=CARTESIAN_POINT('',(-0.1425,0.00032499999999998,-0.002));
#19807=CARTESIAN_POINT('',(-0.1425,0.002625,-0.002));
#19808=CARTESIAN_POINT('',(0.,0.00032499999999998,-0.002));
#19809=CARTESIAN_POINT('',(0.,0.00032499999999998,0.));
#19810=CARTESIAN_POINT('',(-0.131,0.00032499999999998,0.));
#19811=CARTESIAN_POINT('',(-0.131,0.00032499999999998,-0.002));
#19812=CARTESIAN_POINT('',(-0.131,0.00032499999999998,-0.002));
#19813=CARTESIAN_POINT('',(0.,0.00032499999999998,-0.002));
#19814=CARTESIAN_POINT('',(-0.131,0.002625,-0.002));
#19815=CARTESIAN_POINT('',(-0.131,0.002625,0.));
#19816=CARTESIAN_POINT('',(-0.1287,0.002625,0.));
#19817=CARTESIAN_POINT('',(-0.1287,0.002625,-0.002));
#19818=CARTESIAN_POINT('',(-0.1287,0.002625,-0.002));
#19819=CARTESIAN_POINT('',(-0.131,0.002625,-0.002));
#19820=CARTESIAN_POINT('',(-0.1287,-6.93889390390723E-18,-0.002));
#19821=CARTESIAN_POINT('',(-0.1287,-6.93889390390723E-18,0.));
#19822=CARTESIAN_POINT('',(-0.1287,0.014125,0.));
#19823=CARTESIAN_POINT('',(-0.1287,0.014125,-0.002));
#19824=CARTESIAN_POINT('',(-0.1287,0.014125,-0.002));
#19825=CARTESIAN_POINT('',(-0.1287,-6.93889390390723E-18,-0.002));
#19826=CARTESIAN_POINT('',(-0.131,0.014125,-0.002));
#19827=CARTESIAN_POINT('',(-0.131,0.014125,0.));
#19828=CARTESIAN_POINT('',(-0.131,0.016425,0.));
#19829=CARTESIAN_POINT('',(-0.131,0.016425,-0.002));
#19830=CARTESIAN_POINT('',(-0.131,0.016425,-0.002));
#19831=CARTESIAN_POINT('',(-0.131,0.014125,-0.002));
#19832=CARTESIAN_POINT('',(0.,0.016425,-0.002));
#19833=CARTESIAN_POINT('',(0.,0.016425,0.));
#19834=CARTESIAN_POINT('',(-0.1425,0.016425,0.));
#19835=CARTESIAN_POINT('',(-0.1425,0.016425,-0.002));
#19836=CARTESIAN_POINT('',(-0.1425,0.016425,-0.002));
#19837=CARTESIAN_POINT('',(0.,0.016425,-0.002));
#19838=CARTESIAN_POINT('',(0.,0.00032499999999998,-0.002));
#19839=CARTESIAN_POINT('',(0.,0.00032499999999998,0.));
#19840=CARTESIAN_POINT('',(-0.11425,0.00032499999999998,0.));
#19841=CARTESIAN_POINT('',(-0.12575,0.00032499999999998,0.));
#19842=CARTESIAN_POINT('',(-0.11425,0.00032499999999998,-0.002));
#19843=CARTESIAN_POINT('',(-0.11425,0.00032499999999998,-0.002));
#19844=CARTESIAN_POINT('',(0.,0.00032499999999998,-0.002));
#19845=CARTESIAN_POINT('',(-0.12575,0.00032499999999998,-0.002));
#19846=CARTESIAN_POINT('',(-0.12575,0.00032499999999998,-0.002));
#19847=CARTESIAN_POINT('',(-0.11425,0.002625,-0.002));
#19848=CARTESIAN_POINT('',(-0.11425,0.002625,0.));
#19849=CARTESIAN_POINT('',(-0.11195,0.002625,0.));
#19850=CARTESIAN_POINT('',(-0.11195,0.002625,-0.002));
#19851=CARTESIAN_POINT('',(-0.11195,0.002625,-0.002));
#19852=CARTESIAN_POINT('',(-0.11425,0.002625,-0.002));
#19853=CARTESIAN_POINT('',(-0.11195,-6.93889390390723E-18,-0.002));
#19854=CARTESIAN_POINT('',(-0.11195,-6.93889390390723E-18,0.));
#19855=CARTESIAN_POINT('',(-0.11195,0.014125,0.));
#19856=CARTESIAN_POINT('',(-0.11195,0.014125,-0.002));
#19857=CARTESIAN_POINT('',(-0.11195,0.014125,-0.002));
#19858=CARTESIAN_POINT('',(-0.11195,-6.93889390390723E-18,-0.002));
#19859=CARTESIAN_POINT('',(-0.11425,0.014125,-0.002));
#19860=CARTESIAN_POINT('',(-0.11425,0.014125,0.));
#19861=CARTESIAN_POINT('',(-0.11425,0.016425,0.));
#19862=CARTESIAN_POINT('',(-0.11425,0.016425,-0.002));
#19863=CARTESIAN_POINT('',(-0.11425,0.016425,-0.002));
#19864=CARTESIAN_POINT('',(-0.11425,0.014125,-0.002));
#19865=CARTESIAN_POINT('',(0.,0.016425,-0.002));
#19866=CARTESIAN_POINT('',(0.,0.016425,0.));
#19867=CARTESIAN_POINT('',(-0.12575,0.016425,0.));
#19868=CARTESIAN_POINT('',(-0.12575,0.016425,-0.002));
#19869=CARTESIAN_POINT('',(-0.12575,0.016425,-0.002));
#19870=CARTESIAN_POINT('',(0.,0.016425,-0.002));
#19871=CARTESIAN_POINT('',(-0.12575,0.014125,-0.002));
#19872=CARTESIAN_POINT('',(-0.12575,0.014125,0.));
#19873=CARTESIAN_POINT('',(-0.12805,0.014125,0.));
#19874=CARTESIAN_POINT('',(-0.12805,0.014125,-0.002));
#19875=CARTESIAN_POINT('',(-0.12805,0.014125,-0.002));
#19876=CARTESIAN_POINT('',(-0.12575,0.014125,-0.002));
#19877=CARTESIAN_POINT('',(-0.12805,-6.93889390390723E-18,-0.002));
#19878=CARTESIAN_POINT('',(-0.12805,-6.93889390390723E-18,0.));
#19879=CARTESIAN_POINT('',(-0.12805,0.002625,0.));
#19880=CARTESIAN_POINT('',(-0.12805,0.002625,-0.002));
#19881=CARTESIAN_POINT('',(-0.12805,0.002625,-0.002));
#19882=CARTESIAN_POINT('',(-0.12805,-6.93889390390723E-18,-0.002));
#19883=CARTESIAN_POINT('',(0.080675,-6.93889390390723E-18,-0.002));
#19884=CARTESIAN_POINT('',(0.080675,-6.93889390390723E-18,0.));
#19885=CARTESIAN_POINT('',(0.080675,0.036125,0.));
#19886=CARTESIAN_POINT('',(0.080675,0.047625,0.));
#19887=CARTESIAN_POINT('',(0.080675,0.047625,-0.002));
#19888=CARTESIAN_POINT('',(0.080675,0.047625,-0.002));
#19889=CARTESIAN_POINT('',(0.080675,-6.93889390390723E-18,-0.002));
#19890=CARTESIAN_POINT('',(0.080675,0.036125,-0.002));
#19891=CARTESIAN_POINT('',(0.080675,0.036125,-0.002));
#19892=CARTESIAN_POINT('',(0.078375,0.047625,-0.002));
#19893=CARTESIAN_POINT('',(0.078375,0.047625,0.));
#19894=CARTESIAN_POINT('',(0.078375,0.049925,0.));
#19895=CARTESIAN_POINT('',(0.078375,0.049925,-0.002));
#19896=CARTESIAN_POINT('',(0.078375,0.049925,-0.002));
#19897=CARTESIAN_POINT('',(0.078375,0.047625,-0.002));
#19898=CARTESIAN_POINT('',(0.,0.049925,-0.002));
#19899=CARTESIAN_POINT('',(0.,0.049925,0.));
#19900=CARTESIAN_POINT('',(0.066875,0.049925,0.));
#19901=CARTESIAN_POINT('',(0.066875,0.049925,-0.002));
#19902=CARTESIAN_POINT('',(0.066875,0.049925,-0.002));
#19903=CARTESIAN_POINT('',(0.,0.049925,-0.002));
#19904=CARTESIAN_POINT('',(0.066875,0.047625,-0.002));
#19905=CARTESIAN_POINT('',(0.066875,0.047625,0.));
#19906=CARTESIAN_POINT('',(0.064575,0.047625,0.));
#19907=CARTESIAN_POINT('',(0.064575,0.047625,-0.002));
#19908=CARTESIAN_POINT('',(0.064575,0.047625,-0.002));
#19909=CARTESIAN_POINT('',(0.066875,0.047625,-0.002));
#19910=CARTESIAN_POINT('',(0.064575,-6.93889390390723E-18,-0.002));
#19911=CARTESIAN_POINT('',(0.064575,-6.93889390390723E-18,0.));
#19912=CARTESIAN_POINT('',(0.064575,0.036125,0.));
#19913=CARTESIAN_POINT('',(0.064575,0.036125,-0.002));
#19914=CARTESIAN_POINT('',(0.064575,0.036125,-0.002));
#19915=CARTESIAN_POINT('',(0.064575,-6.93889390390723E-18,-0.002));
#19916=CARTESIAN_POINT('',(0.066875,0.036125,-0.002));
#19917=CARTESIAN_POINT('',(0.066875,0.036125,0.));
#19918=CARTESIAN_POINT('',(0.066875,0.033825,0.));
#19919=CARTESIAN_POINT('',(0.066875,0.033825,-0.002));
#19920=CARTESIAN_POINT('',(0.066875,0.033825,-0.002));
#19921=CARTESIAN_POINT('',(0.066875,0.036125,-0.002));
#19922=CARTESIAN_POINT('',(0.,0.033825,-0.002));
#19923=CARTESIAN_POINT('',(0.,0.033825,0.));
#19924=CARTESIAN_POINT('',(0.078375,0.033825,0.));
#19925=CARTESIAN_POINT('',(0.078375,0.033825,-0.002));
#19926=CARTESIAN_POINT('',(0.078375,0.033825,-0.002));
#19927=CARTESIAN_POINT('',(0.,0.033825,-0.002));
#19928=CARTESIAN_POINT('',(0.,0.049925,-0.002));
#19929=CARTESIAN_POINT('',(0.,0.049925,0.));
#19930=CARTESIAN_POINT('',(0.061625,0.049925,0.));
#19931=CARTESIAN_POINT('',(0.050125,0.049925,0.));
#19932=CARTESIAN_POINT('',(0.050125,0.049925,-0.002));
#19933=CARTESIAN_POINT('',(0.050125,0.049925,-0.002));
#19934=CARTESIAN_POINT('',(0.,0.049925,-0.002));
#19935=CARTESIAN_POINT('',(0.061625,0.049925,-0.002));
#19936=CARTESIAN_POINT('',(0.061625,0.049925,-0.002));
#19937=CARTESIAN_POINT('',(0.050125,0.047625,-0.002));
#19938=CARTESIAN_POINT('',(0.050125,0.047625,0.));
#19939=CARTESIAN_POINT('',(0.047825,0.047625,0.));
#19940=CARTESIAN_POINT('',(0.047825,0.047625,-0.002));
#19941=CARTESIAN_POINT('',(0.047825,0.047625,-0.002));
#19942=CARTESIAN_POINT('',(0.050125,0.047625,-0.002));
#19943=CARTESIAN_POINT('',(0.047825,-6.93889390390723E-18,-0.002));
#19944=CARTESIAN_POINT('',(0.047825,-6.93889390390723E-18,0.));
#19945=CARTESIAN_POINT('',(0.047825,0.036125,0.));
#19946=CARTESIAN_POINT('',(0.047825,0.036125,-0.002));
#19947=CARTESIAN_POINT('',(0.047825,0.036125,-0.002));
#19948=CARTESIAN_POINT('',(0.047825,-6.93889390390723E-18,-0.002));
#19949=CARTESIAN_POINT('',(0.050125,0.036125,-0.002));
#19950=CARTESIAN_POINT('',(0.050125,0.036125,0.));
#19951=CARTESIAN_POINT('',(0.050125,0.033825,0.));
#19952=CARTESIAN_POINT('',(0.050125,0.033825,-0.002));
#19953=CARTESIAN_POINT('',(0.050125,0.033825,-0.002));
#19954=CARTESIAN_POINT('',(0.050125,0.036125,-0.002));
#19955=CARTESIAN_POINT('',(0.,0.033825,-0.002));
#19956=CARTESIAN_POINT('',(0.,0.033825,0.));
#19957=CARTESIAN_POINT('',(0.061625,0.033825,0.));
#19958=CARTESIAN_POINT('',(0.061625,0.033825,-0.002));
#19959=CARTESIAN_POINT('',(0.061625,0.033825,-0.002));
#19960=CARTESIAN_POINT('',(0.,0.033825,-0.002));
#19961=CARTESIAN_POINT('',(0.061625,0.036125,-0.002));
#19962=CARTESIAN_POINT('',(0.061625,0.036125,0.));
#19963=CARTESIAN_POINT('',(0.063925,0.036125,0.));
#19964=CARTESIAN_POINT('',(0.063925,0.036125,-0.002));
#19965=CARTESIAN_POINT('',(0.063925,0.036125,-0.002));
#19966=CARTESIAN_POINT('',(0.061625,0.036125,-0.002));
#19967=CARTESIAN_POINT('',(0.063925,-6.93889390390723E-18,-0.002));
#19968=CARTESIAN_POINT('',(0.063925,-6.93889390390723E-18,0.));
#19969=CARTESIAN_POINT('',(0.063925,0.047625,0.));
#19970=CARTESIAN_POINT('',(0.063925,0.047625,-0.002));
#19971=CARTESIAN_POINT('',(0.063925,0.047625,-0.002));
#19972=CARTESIAN_POINT('',(0.063925,-6.93889390390723E-18,-0.002));
#19973=CARTESIAN_POINT('',(0.047175,-6.93889390390723E-18,-0.002));
#19974=CARTESIAN_POINT('',(0.047175,-6.93889390390723E-18,0.));
#19975=CARTESIAN_POINT('',(0.047175,0.036125,0.));
#19976=CARTESIAN_POINT('',(0.047175,0.047625,0.));
#19977=CARTESIAN_POINT('',(0.047175,0.047625,-0.002));
#19978=CARTESIAN_POINT('',(0.047175,0.047625,-0.002));
#19979=CARTESIAN_POINT('',(0.047175,-6.93889390390723E-18,-0.002));
#19980=CARTESIAN_POINT('',(0.047175,0.036125,-0.002));
#19981=CARTESIAN_POINT('',(0.047175,0.036125,-0.002));
#19982=CARTESIAN_POINT('',(0.044875,0.047625,-0.002));
#19983=CARTESIAN_POINT('',(0.044875,0.047625,0.));
#19984=CARTESIAN_POINT('',(0.044875,0.049925,0.));
#19985=CARTESIAN_POINT('',(0.044875,0.049925,-0.002));
#19986=CARTESIAN_POINT('',(0.044875,0.049925,-0.002));
#19987=CARTESIAN_POINT('',(0.044875,0.047625,-0.002));
#19988=CARTESIAN_POINT('',(0.,0.049925,-0.002));
#19989=CARTESIAN_POINT('',(0.,0.049925,0.));
#19990=CARTESIAN_POINT('',(0.033375,0.049925,0.));
#19991=CARTESIAN_POINT('',(0.033375,0.049925,-0.002));
#19992=CARTESIAN_POINT('',(0.033375,0.049925,-0.002));
#19993=CARTESIAN_POINT('',(0.,0.049925,-0.002));
#19994=CARTESIAN_POINT('',(0.033375,0.047625,-0.002));
#19995=CARTESIAN_POINT('',(0.033375,0.047625,0.));
#19996=CARTESIAN_POINT('',(0.031075,0.047625,0.));
#19997=CARTESIAN_POINT('',(0.031075,0.047625,-0.002));
#19998=CARTESIAN_POINT('',(0.031075,0.047625,-0.002));
#19999=CARTESIAN_POINT('',(0.033375,0.047625,-0.002));
#20000=CARTESIAN_POINT('',(0.031075,-6.93889390390723E-18,-0.002));
#20001=CARTESIAN_POINT('',(0.031075,-6.93889390390723E-18,0.));
#20002=CARTESIAN_POINT('',(0.031075,0.036125,0.));
#20003=CARTESIAN_POINT('',(0.031075,0.036125,-0.002));
#20004=CARTESIAN_POINT('',(0.031075,0.036125,-0.002));
#20005=CARTESIAN_POINT('',(0.031075,-6.93889390390723E-18,-0.002));
#20006=CARTESIAN_POINT('',(0.033375,0.036125,-0.002));
#20007=CARTESIAN_POINT('',(0.033375,0.036125,0.));
#20008=CARTESIAN_POINT('',(0.033375,0.033825,0.));
#20009=CARTESIAN_POINT('',(0.033375,0.033825,-0.002));
#20010=CARTESIAN_POINT('',(0.033375,0.033825,-0.002));
#20011=CARTESIAN_POINT('',(0.033375,0.036125,-0.002));
#20012=CARTESIAN_POINT('',(0.,0.033825,-0.002));
#20013=CARTESIAN_POINT('',(0.,0.033825,0.));
#20014=CARTESIAN_POINT('',(0.044875,0.033825,0.));
#20015=CARTESIAN_POINT('',(0.044875,0.033825,-0.002));
#20016=CARTESIAN_POINT('',(0.044875,0.033825,-0.002));
#20017=CARTESIAN_POINT('',(0.,0.033825,-0.002));
#20018=CARTESIAN_POINT('',(0.,0.049925,-0.002));
#20019=CARTESIAN_POINT('',(0.,0.049925,0.));
#20020=CARTESIAN_POINT('',(0.028125,0.049925,0.));
#20021=CARTESIAN_POINT('',(0.016625,0.049925,0.));
#20022=CARTESIAN_POINT('',(0.016625,0.049925,-0.002));
#20023=CARTESIAN_POINT('',(0.016625,0.049925,-0.002));
#20024=CARTESIAN_POINT('',(0.,0.049925,-0.002));
#20025=CARTESIAN_POINT('',(0.028125,0.049925,-0.002));
#20026=CARTESIAN_POINT('',(0.028125,0.049925,-0.002));
#20027=CARTESIAN_POINT('',(0.016625,0.047625,-0.002));
#20028=CARTESIAN_POINT('',(0.016625,0.047625,0.));
#20029=CARTESIAN_POINT('',(0.014325,0.047625,0.));
#20030=CARTESIAN_POINT('',(0.014325,0.047625,-0.002));
#20031=CARTESIAN_POINT('',(0.014325,0.047625,-0.002));
#20032=CARTESIAN_POINT('',(0.016625,0.047625,-0.002));
#20033=CARTESIAN_POINT('',(0.014325,-6.93889390390723E-18,-0.002));
#20034=CARTESIAN_POINT('',(0.014325,-6.93889390390723E-18,0.));
#20035=CARTESIAN_POINT('',(0.014325,0.036125,0.));
#20036=CARTESIAN_POINT('',(0.014325,0.036125,-0.002));
#20037=CARTESIAN_POINT('',(0.014325,0.036125,-0.002));
#20038=CARTESIAN_POINT('',(0.014325,-6.93889390390723E-18,-0.002));
#20039=CARTESIAN_POINT('',(0.016625,0.036125,-0.002));
#20040=CARTESIAN_POINT('',(0.016625,0.036125,0.));
#20041=CARTESIAN_POINT('',(0.016625,0.033825,0.));
#20042=CARTESIAN_POINT('',(0.016625,0.033825,-0.002));
#20043=CARTESIAN_POINT('',(0.016625,0.033825,-0.002));
#20044=CARTESIAN_POINT('',(0.016625,0.036125,-0.002));
#20045=CARTESIAN_POINT('',(0.,0.033825,-0.002));
#20046=CARTESIAN_POINT('',(0.,0.033825,0.));
#20047=CARTESIAN_POINT('',(0.028125,0.033825,0.));
#20048=CARTESIAN_POINT('',(0.028125,0.033825,-0.002));
#20049=CARTESIAN_POINT('',(0.028125,0.033825,-0.002));
#20050=CARTESIAN_POINT('',(0.,0.033825,-0.002));
#20051=CARTESIAN_POINT('',(0.028125,0.036125,-0.002));
#20052=CARTESIAN_POINT('',(0.028125,0.036125,0.));
#20053=CARTESIAN_POINT('',(0.030425,0.036125,0.));
#20054=CARTESIAN_POINT('',(0.030425,0.036125,-0.002));
#20055=CARTESIAN_POINT('',(0.030425,0.036125,-0.002));
#20056=CARTESIAN_POINT('',(0.028125,0.036125,-0.002));
#20057=CARTESIAN_POINT('',(0.030425,-6.93889390390723E-18,-0.002));
#20058=CARTESIAN_POINT('',(0.030425,-6.93889390390723E-18,0.));
#20059=CARTESIAN_POINT('',(0.030425,0.047625,0.));
#20060=CARTESIAN_POINT('',(0.030425,0.047625,-0.002));
#20061=CARTESIAN_POINT('',(0.030425,0.047625,-0.002));
#20062=CARTESIAN_POINT('',(0.030425,-6.93889390390723E-18,-0.002));
#20063=CARTESIAN_POINT('',(0.00529999999999994,-6.93889390390723E-18,-0.002));
#20064=CARTESIAN_POINT('',(0.00529999999999994,-6.93889390390723E-18,0.));
#20065=CARTESIAN_POINT('',(0.00529999999999994,0.036125,0.));
#20066=CARTESIAN_POINT('',(0.00529999999999994,0.047625,0.));
#20067=CARTESIAN_POINT('',(0.00529999999999994,0.047625,-0.002));
#20068=CARTESIAN_POINT('',(0.00529999999999994,0.047625,-0.002));
#20069=CARTESIAN_POINT('',(0.00529999999999994,-6.93889390390723E-18,-0.002));
#20070=CARTESIAN_POINT('',(0.00529999999999994,0.036125,-0.002));
#20071=CARTESIAN_POINT('',(0.00529999999999994,0.036125,-0.002));
#20072=CARTESIAN_POINT('',(0.00299999999999994,0.047625,-0.002));
#20073=CARTESIAN_POINT('',(0.00299999999999994,0.047625,0.));
#20074=CARTESIAN_POINT('',(0.00299999999999994,0.049925,0.));
#20075=CARTESIAN_POINT('',(0.00299999999999994,0.049925,-0.002));
#20076=CARTESIAN_POINT('',(0.00299999999999994,0.049925,-0.002));
#20077=CARTESIAN_POINT('',(0.00299999999999994,0.047625,-0.002));
#20078=CARTESIAN_POINT('',(0.,0.049925,-0.002));
#20079=CARTESIAN_POINT('',(0.,0.049925,0.));
#20080=CARTESIAN_POINT('',(-0.0085,0.049925,0.));
#20081=CARTESIAN_POINT('',(-0.0085,0.049925,-0.002));
#20082=CARTESIAN_POINT('',(-0.0085,0.049925,-0.002));
#20083=CARTESIAN_POINT('',(0.,0.049925,-0.002));
#20084=CARTESIAN_POINT('',(-0.0085,0.047625,-0.002));
#20085=CARTESIAN_POINT('',(-0.0085,0.047625,0.));
#20086=CARTESIAN_POINT('',(-0.0108,0.047625,0.));
#20087=CARTESIAN_POINT('',(-0.0108,0.047625,-0.002));
#20088=CARTESIAN_POINT('',(-0.0108,0.047625,-0.002));
#20089=CARTESIAN_POINT('',(-0.0085,0.047625,-0.002));
#20090=CARTESIAN_POINT('',(-0.0108,-6.93889390390723E-18,-0.002));
#20091=CARTESIAN_POINT('',(-0.0108,-6.93889390390723E-18,0.));
#20092=CARTESIAN_POINT('',(-0.0108,0.036125,0.));
#20093=CARTESIAN_POINT('',(-0.0108,0.036125,-0.002));
#20094=CARTESIAN_POINT('',(-0.0108,0.036125,-0.002));
#20095=CARTESIAN_POINT('',(-0.0108,-6.93889390390723E-18,-0.002));
#20096=CARTESIAN_POINT('',(-0.0085,0.036125,-0.002));
#20097=CARTESIAN_POINT('',(-0.0085,0.036125,0.));
#20098=CARTESIAN_POINT('',(-0.0085,0.033825,0.));
#20099=CARTESIAN_POINT('',(-0.0085,0.033825,-0.002));
#20100=CARTESIAN_POINT('',(-0.0085,0.033825,-0.002));
#20101=CARTESIAN_POINT('',(-0.0085,0.036125,-0.002));
#20102=CARTESIAN_POINT('',(0.,0.033825,-0.002));
#20103=CARTESIAN_POINT('',(0.,0.033825,0.));
#20104=CARTESIAN_POINT('',(0.00299999999999994,0.033825,0.));
#20105=CARTESIAN_POINT('',(0.00299999999999994,0.033825,-0.002));
#20106=CARTESIAN_POINT('',(0.00299999999999994,0.033825,-0.002));
#20107=CARTESIAN_POINT('',(0.,0.033825,-0.002));
#20108=CARTESIAN_POINT('',(0.,0.049925,-0.002));
#20109=CARTESIAN_POINT('',(0.,0.049925,0.));
#20110=CARTESIAN_POINT('',(-0.01375,0.049925,0.));
#20111=CARTESIAN_POINT('',(-0.02525,0.049925,0.));
#20112=CARTESIAN_POINT('',(-0.02525,0.049925,-0.002));
#20113=CARTESIAN_POINT('',(-0.02525,0.049925,-0.002));
#20114=CARTESIAN_POINT('',(0.,0.049925,-0.002));
#20115=CARTESIAN_POINT('',(-0.01375,0.049925,-0.002));
#20116=CARTESIAN_POINT('',(-0.01375,0.049925,-0.002));
#20117=CARTESIAN_POINT('',(-0.02525,0.047625,-0.002));
#20118=CARTESIAN_POINT('',(-0.02525,0.047625,0.));
#20119=CARTESIAN_POINT('',(-0.02755,0.047625,0.));
#20120=CARTESIAN_POINT('',(-0.02755,0.047625,-0.002));
#20121=CARTESIAN_POINT('',(-0.02755,0.047625,-0.002));
#20122=CARTESIAN_POINT('',(-0.02525,0.047625,-0.002));
#20123=CARTESIAN_POINT('',(-0.02755,-6.93889390390723E-18,-0.002));
#20124=CARTESIAN_POINT('',(-0.02755,-6.93889390390723E-18,0.));
#20125=CARTESIAN_POINT('',(-0.02755,0.036125,0.));
#20126=CARTESIAN_POINT('',(-0.02755,0.036125,-0.002));
#20127=CARTESIAN_POINT('',(-0.02755,0.036125,-0.002));
#20128=CARTESIAN_POINT('',(-0.02755,-6.93889390390723E-18,-0.002));
#20129=CARTESIAN_POINT('',(-0.02525,0.036125,-0.002));
#20130=CARTESIAN_POINT('',(-0.02525,0.036125,0.));
#20131=CARTESIAN_POINT('',(-0.02525,0.033825,0.));
#20132=CARTESIAN_POINT('',(-0.02525,0.033825,-0.002));
#20133=CARTESIAN_POINT('',(-0.02525,0.033825,-0.002));
#20134=CARTESIAN_POINT('',(-0.02525,0.036125,-0.002));
#20135=CARTESIAN_POINT('',(0.,0.033825,-0.002));
#20136=CARTESIAN_POINT('',(0.,0.033825,0.));
#20137=CARTESIAN_POINT('',(-0.01375,0.033825,0.));
#20138=CARTESIAN_POINT('',(-0.01375,0.033825,-0.002));
#20139=CARTESIAN_POINT('',(-0.01375,0.033825,-0.002));
#20140=CARTESIAN_POINT('',(0.,0.033825,-0.002));
#20141=CARTESIAN_POINT('',(-0.01375,0.036125,-0.002));
#20142=CARTESIAN_POINT('',(-0.01375,0.036125,0.));
#20143=CARTESIAN_POINT('',(-0.01145,0.036125,0.));
#20144=CARTESIAN_POINT('',(-0.01145,0.036125,-0.002));
#20145=CARTESIAN_POINT('',(-0.01145,0.036125,-0.002));
#20146=CARTESIAN_POINT('',(-0.01375,0.036125,-0.002));
#20147=CARTESIAN_POINT('',(-0.01145,-6.93889390390723E-18,-0.002));
#20148=CARTESIAN_POINT('',(-0.01145,-6.93889390390723E-18,0.));
#20149=CARTESIAN_POINT('',(-0.01145,0.047625,0.));
#20150=CARTESIAN_POINT('',(-0.01145,0.047625,-0.002));
#20151=CARTESIAN_POINT('',(-0.01145,0.047625,-0.002));
#20152=CARTESIAN_POINT('',(-0.01145,-6.93889390390723E-18,-0.002));
#20153=CARTESIAN_POINT('',(-0.0282,-6.93889390390723E-18,-0.002));
#20154=CARTESIAN_POINT('',(-0.0282,-6.93889390390723E-18,0.));
#20155=CARTESIAN_POINT('',(-0.0282,0.036125,0.));
#20156=CARTESIAN_POINT('',(-0.0282,0.047625,0.));
#20157=CARTESIAN_POINT('',(-0.0282,0.047625,-0.002));
#20158=CARTESIAN_POINT('',(-0.0282,0.047625,-0.002));
#20159=CARTESIAN_POINT('',(-0.0282,-6.93889390390723E-18,-0.002));
#20160=CARTESIAN_POINT('',(-0.0282,0.036125,-0.002));
#20161=CARTESIAN_POINT('',(-0.0282,0.036125,-0.002));
#20162=CARTESIAN_POINT('',(-0.0305,0.047625,-0.002));
#20163=CARTESIAN_POINT('',(-0.0305,0.047625,0.));
#20164=CARTESIAN_POINT('',(-0.0305,0.049925,0.));
#20165=CARTESIAN_POINT('',(-0.0305,0.049925,-0.002));
#20166=CARTESIAN_POINT('',(-0.0305,0.049925,-0.002));
#20167=CARTESIAN_POINT('',(-0.0305,0.047625,-0.002));
#20168=CARTESIAN_POINT('',(0.,0.049925,-0.002));
#20169=CARTESIAN_POINT('',(0.,0.049925,0.));
#20170=CARTESIAN_POINT('',(-0.042,0.049925,0.));
#20171=CARTESIAN_POINT('',(-0.042,0.049925,-0.002));
#20172=CARTESIAN_POINT('',(-0.042,0.049925,-0.002));
#20173=CARTESIAN_POINT('',(0.,0.049925,-0.002));
#20174=CARTESIAN_POINT('',(-0.042,0.047625,-0.002));
#20175=CARTESIAN_POINT('',(-0.042,0.047625,0.));
#20176=CARTESIAN_POINT('',(-0.0443,0.047625,0.));
#20177=CARTESIAN_POINT('',(-0.0443,0.047625,-0.002));
#20178=CARTESIAN_POINT('',(-0.0443,0.047625,-0.002));
#20179=CARTESIAN_POINT('',(-0.042,0.047625,-0.002));
#20180=CARTESIAN_POINT('',(-0.0443,-6.93889390390723E-18,-0.002));
#20181=CARTESIAN_POINT('',(-0.0443,-6.93889390390723E-18,0.));
#20182=CARTESIAN_POINT('',(-0.0443,0.036125,0.));
#20183=CARTESIAN_POINT('',(-0.0443,0.036125,-0.002));
#20184=CARTESIAN_POINT('',(-0.0443,0.036125,-0.002));
#20185=CARTESIAN_POINT('',(-0.0443,-6.93889390390723E-18,-0.002));
#20186=CARTESIAN_POINT('',(-0.042,0.036125,-0.002));
#20187=CARTESIAN_POINT('',(-0.042,0.036125,0.));
#20188=CARTESIAN_POINT('',(-0.042,0.033825,0.));
#20189=CARTESIAN_POINT('',(-0.042,0.033825,-0.002));
#20190=CARTESIAN_POINT('',(-0.042,0.033825,-0.002));
#20191=CARTESIAN_POINT('',(-0.042,0.036125,-0.002));
#20192=CARTESIAN_POINT('',(0.,0.033825,-0.002));
#20193=CARTESIAN_POINT('',(0.,0.033825,0.));
#20194=CARTESIAN_POINT('',(-0.0305,0.033825,0.));
#20195=CARTESIAN_POINT('',(-0.0305,0.033825,-0.002));
#20196=CARTESIAN_POINT('',(-0.0305,0.033825,-0.002));
#20197=CARTESIAN_POINT('',(0.,0.033825,-0.002));
#20198=CARTESIAN_POINT('',(0.,0.049925,-0.002));
#20199=CARTESIAN_POINT('',(0.,0.049925,0.));
#20200=CARTESIAN_POINT('',(-0.122625,0.049925,0.));
#20201=CARTESIAN_POINT('',(-0.134125,0.049925,0.));
#20202=CARTESIAN_POINT('',(-0.134125,0.049925,-0.002));
#20203=CARTESIAN_POINT('',(-0.134125,0.049925,-0.002));
#20204=CARTESIAN_POINT('',(0.,0.049925,-0.002));
#20205=CARTESIAN_POINT('',(-0.122625,0.049925,-0.002));
#20206=CARTESIAN_POINT('',(-0.122625,0.049925,-0.002));
#20207=CARTESIAN_POINT('',(-0.134125,0.047625,-0.002));
#20208=CARTESIAN_POINT('',(-0.134125,0.047625,0.));
#20209=CARTESIAN_POINT('',(-0.136425,0.047625,0.));
#20210=CARTESIAN_POINT('',(-0.136425,0.047625,-0.002));
#20211=CARTESIAN_POINT('',(-0.136425,0.047625,-0.002));
#20212=CARTESIAN_POINT('',(-0.134125,0.047625,-0.002));
#20213=CARTESIAN_POINT('',(-0.136425,-6.93889390390723E-18,-0.002));
#20214=CARTESIAN_POINT('',(-0.136425,-6.93889390390723E-18,0.));
#20215=CARTESIAN_POINT('',(-0.136425,0.036125,0.));
#20216=CARTESIAN_POINT('',(-0.136425,0.036125,-0.002));
#20217=CARTESIAN_POINT('',(-0.136425,0.036125,-0.002));
#20218=CARTESIAN_POINT('',(-0.136425,-6.93889390390723E-18,-0.002));
#20219=CARTESIAN_POINT('',(-0.134125,0.036125,-0.002));
#20220=CARTESIAN_POINT('',(-0.134125,0.036125,0.));
#20221=CARTESIAN_POINT('',(-0.134125,0.033825,0.));
#20222=CARTESIAN_POINT('',(-0.134125,0.033825,-0.002));
#20223=CARTESIAN_POINT('',(-0.134125,0.033825,-0.002));
#20224=CARTESIAN_POINT('',(-0.134125,0.036125,-0.002));
#20225=CARTESIAN_POINT('',(0.,0.033825,-0.002));
#20226=CARTESIAN_POINT('',(0.,0.033825,0.));
#20227=CARTESIAN_POINT('',(-0.122625,0.033825,0.));
#20228=CARTESIAN_POINT('',(-0.122625,0.033825,-0.002));
#20229=CARTESIAN_POINT('',(-0.122625,0.033825,-0.002));
#20230=CARTESIAN_POINT('',(0.,0.033825,-0.002));
#20231=CARTESIAN_POINT('',(-0.122625,0.036125,-0.002));
#20232=CARTESIAN_POINT('',(-0.122625,0.036125,0.));
#20233=CARTESIAN_POINT('',(-0.120325,0.036125,0.));
#20234=CARTESIAN_POINT('',(-0.120325,0.036125,-0.002));
#20235=CARTESIAN_POINT('',(-0.120325,0.036125,-0.002));
#20236=CARTESIAN_POINT('',(-0.122625,0.036125,-0.002));
#20237=CARTESIAN_POINT('',(-0.120325,-6.93889390390723E-18,-0.002));
#20238=CARTESIAN_POINT('',(-0.120325,-6.93889390390723E-18,0.));
#20239=CARTESIAN_POINT('',(-0.120325,0.047625,0.));
#20240=CARTESIAN_POINT('',(-0.120325,0.047625,-0.002));
#20241=CARTESIAN_POINT('',(-0.120325,0.047625,-0.002));
#20242=CARTESIAN_POINT('',(-0.120325,-6.93889390390723E-18,-0.002));
#20243=CARTESIAN_POINT('',(0.,0.049925,-0.002));
#20244=CARTESIAN_POINT('',(0.,0.049925,0.));
#20245=CARTESIAN_POINT('',(-0.105875,0.049925,0.));
#20246=CARTESIAN_POINT('',(-0.117375,0.049925,0.));
#20247=CARTESIAN_POINT('',(-0.117375,0.049925,-0.002));
#20248=CARTESIAN_POINT('',(-0.117375,0.049925,-0.002));
#20249=CARTESIAN_POINT('',(0.,0.049925,-0.002));
#20250=CARTESIAN_POINT('',(-0.105875,0.049925,-0.002));
#20251=CARTESIAN_POINT('',(-0.105875,0.049925,-0.002));
#20252=CARTESIAN_POINT('',(-0.117375,0.047625,-0.002));
#20253=CARTESIAN_POINT('',(-0.117375,0.047625,0.));
#20254=CARTESIAN_POINT('',(-0.119675,0.047625,0.));
#20255=CARTESIAN_POINT('',(-0.119675,0.047625,-0.002));
#20256=CARTESIAN_POINT('',(-0.119675,0.047625,-0.002));
#20257=CARTESIAN_POINT('',(-0.117375,0.047625,-0.002));
#20258=CARTESIAN_POINT('',(-0.119675,-6.93889390390723E-18,-0.002));
#20259=CARTESIAN_POINT('',(-0.119675,-6.93889390390723E-18,0.));
#20260=CARTESIAN_POINT('',(-0.119675,0.036125,0.));
#20261=CARTESIAN_POINT('',(-0.119675,0.036125,-0.002));
#20262=CARTESIAN_POINT('',(-0.119675,0.036125,-0.002));
#20263=CARTESIAN_POINT('',(-0.119675,-6.93889390390723E-18,-0.002));
#20264=CARTESIAN_POINT('',(-0.117375,0.036125,-0.002));
#20265=CARTESIAN_POINT('',(-0.117375,0.036125,0.));
#20266=CARTESIAN_POINT('',(-0.117375,0.033825,0.));
#20267=CARTESIAN_POINT('',(-0.117375,0.033825,-0.002));
#20268=CARTESIAN_POINT('',(-0.117375,0.033825,-0.002));
#20269=CARTESIAN_POINT('',(-0.117375,0.036125,-0.002));
#20270=CARTESIAN_POINT('',(0.,0.033825,-0.002));
#20271=CARTESIAN_POINT('',(0.,0.033825,0.));
#20272=CARTESIAN_POINT('',(-0.105875,0.033825,0.));
#20273=CARTESIAN_POINT('',(-0.105875,0.033825,-0.002));
#20274=CARTESIAN_POINT('',(-0.105875,0.033825,-0.002));
#20275=CARTESIAN_POINT('',(0.,0.033825,-0.002));
#20276=CARTESIAN_POINT('',(-0.105875,0.036125,-0.002));
#20277=CARTESIAN_POINT('',(-0.105875,0.036125,0.));
#20278=CARTESIAN_POINT('',(-0.103575,0.036125,0.));
#20279=CARTESIAN_POINT('',(-0.103575,0.036125,-0.002));
#20280=CARTESIAN_POINT('',(-0.103575,0.036125,-0.002));
#20281=CARTESIAN_POINT('',(-0.105875,0.036125,-0.002));
#20282=CARTESIAN_POINT('',(-0.103575,-6.93889390390723E-18,-0.002));
#20283=CARTESIAN_POINT('',(-0.103575,-6.93889390390723E-18,0.));
#20284=CARTESIAN_POINT('',(-0.103575,0.047625,0.));
#20285=CARTESIAN_POINT('',(-0.103575,0.047625,-0.002));
#20286=CARTESIAN_POINT('',(-0.103575,0.047625,-0.002));
#20287=CARTESIAN_POINT('',(-0.103575,-6.93889390390723E-18,-0.002));
#20288=CARTESIAN_POINT('',(0.,0.049925,-0.002));
#20289=CARTESIAN_POINT('',(0.,0.049925,0.));
#20290=CARTESIAN_POINT('',(-0.089125,0.049925,0.));
#20291=CARTESIAN_POINT('',(-0.100625,0.049925,0.));
#20292=CARTESIAN_POINT('',(-0.100625,0.049925,-0.002));
#20293=CARTESIAN_POINT('',(-0.100625,0.049925,-0.002));
#20294=CARTESIAN_POINT('',(0.,0.049925,-0.002));
#20295=CARTESIAN_POINT('',(-0.089125,0.049925,-0.002));
#20296=CARTESIAN_POINT('',(-0.089125,0.049925,-0.002));
#20297=CARTESIAN_POINT('',(-0.100625,0.047625,-0.002));
#20298=CARTESIAN_POINT('',(-0.100625,0.047625,0.));
#20299=CARTESIAN_POINT('',(-0.102925,0.047625,0.));
#20300=CARTESIAN_POINT('',(-0.102925,0.047625,-0.002));
#20301=CARTESIAN_POINT('',(-0.102925,0.047625,-0.002));
#20302=CARTESIAN_POINT('',(-0.100625,0.047625,-0.002));
#20303=CARTESIAN_POINT('',(-0.102925,-6.93889390390723E-18,-0.002));
#20304=CARTESIAN_POINT('',(-0.102925,-6.93889390390723E-18,0.));
#20305=CARTESIAN_POINT('',(-0.102925,0.036125,0.));
#20306=CARTESIAN_POINT('',(-0.102925,0.036125,-0.002));
#20307=CARTESIAN_POINT('',(-0.102925,0.036125,-0.002));
#20308=CARTESIAN_POINT('',(-0.102925,-6.93889390390723E-18,-0.002));
#20309=CARTESIAN_POINT('',(-0.100625,0.036125,-0.002));
#20310=CARTESIAN_POINT('',(-0.100625,0.036125,0.));
#20311=CARTESIAN_POINT('',(-0.100625,0.033825,0.));
#20312=CARTESIAN_POINT('',(-0.100625,0.033825,-0.002));
#20313=CARTESIAN_POINT('',(-0.100625,0.033825,-0.002));
#20314=CARTESIAN_POINT('',(-0.100625,0.036125,-0.002));
#20315=CARTESIAN_POINT('',(0.,0.033825,-0.002));
#20316=CARTESIAN_POINT('',(0.,0.033825,0.));
#20317=CARTESIAN_POINT('',(-0.089125,0.033825,0.));
#20318=CARTESIAN_POINT('',(-0.089125,0.033825,-0.002));
#20319=CARTESIAN_POINT('',(-0.089125,0.033825,-0.002));
#20320=CARTESIAN_POINT('',(0.,0.033825,-0.002));
#20321=CARTESIAN_POINT('',(-0.089125,0.036125,-0.002));
#20322=CARTESIAN_POINT('',(-0.089125,0.036125,0.));
#20323=CARTESIAN_POINT('',(-0.086825,0.036125,0.));
#20324=CARTESIAN_POINT('',(-0.086825,0.036125,-0.002));
#20325=CARTESIAN_POINT('',(-0.086825,0.036125,-0.002));
#20326=CARTESIAN_POINT('',(-0.089125,0.036125,-0.002));
#20327=CARTESIAN_POINT('',(-0.086825,-6.93889390390723E-18,-0.002));
#20328=CARTESIAN_POINT('',(-0.086825,-6.93889390390723E-18,0.));
#20329=CARTESIAN_POINT('',(-0.086825,0.047625,0.));
#20330=CARTESIAN_POINT('',(-0.086825,0.047625,-0.002));
#20331=CARTESIAN_POINT('',(-0.086825,0.047625,-0.002));
#20332=CARTESIAN_POINT('',(-0.086825,-6.93889390390723E-18,-0.002));
#20333=CARTESIAN_POINT('',(0.,0.049925,-0.002));
#20334=CARTESIAN_POINT('',(0.,0.049925,0.));
#20335=CARTESIAN_POINT('',(-0.072375,0.049925,0.));
#20336=CARTESIAN_POINT('',(-0.083875,0.049925,0.));
#20337=CARTESIAN_POINT('',(-0.083875,0.049925,-0.002));
#20338=CARTESIAN_POINT('',(-0.083875,0.049925,-0.002));
#20339=CARTESIAN_POINT('',(0.,0.049925,-0.002));
#20340=CARTESIAN_POINT('',(-0.072375,0.049925,-0.002));
#20341=CARTESIAN_POINT('',(-0.072375,0.049925,-0.002));
#20342=CARTESIAN_POINT('',(-0.083875,0.047625,-0.002));
#20343=CARTESIAN_POINT('',(-0.083875,0.047625,0.));
#20344=CARTESIAN_POINT('',(-0.086175,0.047625,0.));
#20345=CARTESIAN_POINT('',(-0.086175,0.047625,-0.002));
#20346=CARTESIAN_POINT('',(-0.086175,0.047625,-0.002));
#20347=CARTESIAN_POINT('',(-0.083875,0.047625,-0.002));
#20348=CARTESIAN_POINT('',(-0.086175,-6.93889390390723E-18,-0.002));
#20349=CARTESIAN_POINT('',(-0.086175,-6.93889390390723E-18,0.));
#20350=CARTESIAN_POINT('',(-0.086175,0.036125,0.));
#20351=CARTESIAN_POINT('',(-0.086175,0.036125,-0.002));
#20352=CARTESIAN_POINT('',(-0.086175,0.036125,-0.002));
#20353=CARTESIAN_POINT('',(-0.086175,-6.93889390390723E-18,-0.002));
#20354=CARTESIAN_POINT('',(-0.083875,0.036125,-0.002));
#20355=CARTESIAN_POINT('',(-0.083875,0.036125,0.));
#20356=CARTESIAN_POINT('',(-0.083875,0.033825,0.));
#20357=CARTESIAN_POINT('',(-0.083875,0.033825,-0.002));
#20358=CARTESIAN_POINT('',(-0.083875,0.033825,-0.002));
#20359=CARTESIAN_POINT('',(-0.083875,0.036125,-0.002));
#20360=CARTESIAN_POINT('',(0.,0.033825,-0.002));
#20361=CARTESIAN_POINT('',(0.,0.033825,0.));
#20362=CARTESIAN_POINT('',(-0.072375,0.033825,0.));
#20363=CARTESIAN_POINT('',(-0.072375,0.033825,-0.002));
#20364=CARTESIAN_POINT('',(-0.072375,0.033825,-0.002));
#20365=CARTESIAN_POINT('',(0.,0.033825,-0.002));
#20366=CARTESIAN_POINT('',(-0.072375,0.036125,-0.002));
#20367=CARTESIAN_POINT('',(-0.072375,0.036125,0.));
#20368=CARTESIAN_POINT('',(-0.070075,0.036125,0.));
#20369=CARTESIAN_POINT('',(-0.070075,0.036125,-0.002));
#20370=CARTESIAN_POINT('',(-0.070075,0.036125,-0.002));
#20371=CARTESIAN_POINT('',(-0.072375,0.036125,-0.002));
#20372=CARTESIAN_POINT('',(-0.070075,-6.93889390390723E-18,-0.002));
#20373=CARTESIAN_POINT('',(-0.070075,-6.93889390390723E-18,0.));
#20374=CARTESIAN_POINT('',(-0.070075,0.047625,0.));
#20375=CARTESIAN_POINT('',(-0.070075,0.047625,-0.002));
#20376=CARTESIAN_POINT('',(-0.070075,0.047625,-0.002));
#20377=CARTESIAN_POINT('',(-0.070075,-6.93889390390723E-18,-0.002));
#20378=CARTESIAN_POINT('',(0.,0.049925,-0.002));
#20379=CARTESIAN_POINT('',(0.,0.049925,0.));
#20380=CARTESIAN_POINT('',(-0.04725,0.049925,0.));
#20381=CARTESIAN_POINT('',(-0.05875,0.049925,0.));
#20382=CARTESIAN_POINT('',(-0.05875,0.049925,-0.002));
#20383=CARTESIAN_POINT('',(-0.05875,0.049925,-0.002));
#20384=CARTESIAN_POINT('',(0.,0.049925,-0.002));
#20385=CARTESIAN_POINT('',(-0.04725,0.049925,-0.002));
#20386=CARTESIAN_POINT('',(-0.04725,0.049925,-0.002));
#20387=CARTESIAN_POINT('',(-0.05875,0.047625,-0.002));
#20388=CARTESIAN_POINT('',(-0.05875,0.047625,0.));
#20389=CARTESIAN_POINT('',(-0.06105,0.047625,0.));
#20390=CARTESIAN_POINT('',(-0.06105,0.047625,-0.002));
#20391=CARTESIAN_POINT('',(-0.06105,0.047625,-0.002));
#20392=CARTESIAN_POINT('',(-0.05875,0.047625,-0.002));
#20393=CARTESIAN_POINT('',(-0.06105,-6.93889390390723E-18,-0.002));
#20394=CARTESIAN_POINT('',(-0.06105,-6.93889390390723E-18,0.));
#20395=CARTESIAN_POINT('',(-0.06105,0.036125,0.));
#20396=CARTESIAN_POINT('',(-0.06105,0.036125,-0.002));
#20397=CARTESIAN_POINT('',(-0.06105,0.036125,-0.002));
#20398=CARTESIAN_POINT('',(-0.06105,-6.93889390390723E-18,-0.002));
#20399=CARTESIAN_POINT('',(-0.05875,0.036125,-0.002));
#20400=CARTESIAN_POINT('',(-0.05875,0.036125,0.));
#20401=CARTESIAN_POINT('',(-0.05875,0.033825,0.));
#20402=CARTESIAN_POINT('',(-0.05875,0.033825,-0.002));
#20403=CARTESIAN_POINT('',(-0.05875,0.033825,-0.002));
#20404=CARTESIAN_POINT('',(-0.05875,0.036125,-0.002));
#20405=CARTESIAN_POINT('',(0.,0.033825,-0.002));
#20406=CARTESIAN_POINT('',(0.,0.033825,0.));
#20407=CARTESIAN_POINT('',(-0.04725,0.033825,0.));
#20408=CARTESIAN_POINT('',(-0.04725,0.033825,-0.002));
#20409=CARTESIAN_POINT('',(-0.04725,0.033825,-0.002));
#20410=CARTESIAN_POINT('',(0.,0.033825,-0.002));
#20411=CARTESIAN_POINT('',(-0.04725,0.036125,-0.002));
#20412=CARTESIAN_POINT('',(-0.04725,0.036125,0.));
#20413=CARTESIAN_POINT('',(-0.04495,0.036125,0.));
#20414=CARTESIAN_POINT('',(-0.04495,0.036125,-0.002));
#20415=CARTESIAN_POINT('',(-0.04495,0.036125,-0.002));
#20416=CARTESIAN_POINT('',(-0.04725,0.036125,-0.002));
#20417=CARTESIAN_POINT('',(-0.04495,-6.93889390390723E-18,-0.002));
#20418=CARTESIAN_POINT('',(-0.04495,-6.93889390390723E-18,0.));
#20419=CARTESIAN_POINT('',(-0.04495,0.047625,0.));
#20420=CARTESIAN_POINT('',(-0.04495,0.047625,-0.002));
#20421=CARTESIAN_POINT('',(-0.04495,0.047625,-0.002));
#20422=CARTESIAN_POINT('',(-0.04495,-6.93889390390723E-18,-0.002));
#20423=CARTESIAN_POINT('',(-0.169925,-6.93889390390723E-18,-0.002));
#20424=CARTESIAN_POINT('',(-0.169925,-6.93889390390723E-18,0.));
#20425=CARTESIAN_POINT('',(-0.169925,0.036125,0.));
#20426=CARTESIAN_POINT('',(-0.169925,0.047625,0.));
#20427=CARTESIAN_POINT('',(-0.169925,0.036125,-0.002));
#20428=CARTESIAN_POINT('',(-0.169925,0.036125,-0.002));
#20429=CARTESIAN_POINT('',(-0.169925,-6.93889390390723E-18,-0.002));
#20430=CARTESIAN_POINT('',(-0.169925,0.047625,-0.002));
#20431=CARTESIAN_POINT('',(-0.169925,0.047625,-0.002));
#20432=CARTESIAN_POINT('',(-0.167625,0.036125,-0.002));
#20433=CARTESIAN_POINT('',(-0.167625,0.036125,0.));
#20434=CARTESIAN_POINT('',(-0.167625,0.033825,0.));
#20435=CARTESIAN_POINT('',(-0.167625,0.033825,-0.002));
#20436=CARTESIAN_POINT('',(-0.167625,0.033825,-0.002));
#20437=CARTESIAN_POINT('',(-0.167625,0.036125,-0.002));
#20438=CARTESIAN_POINT('',(0.,0.033825,-0.002));
#20439=CARTESIAN_POINT('',(0.,0.033825,0.));
#20440=CARTESIAN_POINT('',(-0.156125,0.033825,0.));
#20441=CARTESIAN_POINT('',(-0.156125,0.033825,-0.002));
#20442=CARTESIAN_POINT('',(-0.156125,0.033825,-0.002));
#20443=CARTESIAN_POINT('',(0.,0.033825,-0.002));
#20444=CARTESIAN_POINT('',(-0.156125,0.036125,-0.002));
#20445=CARTESIAN_POINT('',(-0.156125,0.036125,0.));
#20446=CARTESIAN_POINT('',(-0.153825,0.036125,0.));
#20447=CARTESIAN_POINT('',(-0.153825,0.036125,-0.002));
#20448=CARTESIAN_POINT('',(-0.153825,0.036125,-0.002));
#20449=CARTESIAN_POINT('',(-0.156125,0.036125,-0.002));
#20450=CARTESIAN_POINT('',(-0.153825,-6.93889390390723E-18,-0.002));
#20451=CARTESIAN_POINT('',(-0.153825,-6.93889390390723E-18,0.));
#20452=CARTESIAN_POINT('',(-0.153825,0.047625,0.));
#20453=CARTESIAN_POINT('',(-0.153825,0.047625,-0.002));
#20454=CARTESIAN_POINT('',(-0.153825,0.047625,-0.002));
#20455=CARTESIAN_POINT('',(-0.153825,-6.93889390390723E-18,-0.002));
#20456=CARTESIAN_POINT('',(-0.156125,0.047625,-0.002));
#20457=CARTESIAN_POINT('',(-0.156125,0.047625,0.));
#20458=CARTESIAN_POINT('',(-0.156125,0.049925,0.));
#20459=CARTESIAN_POINT('',(-0.156125,0.049925,-0.002));
#20460=CARTESIAN_POINT('',(-0.156125,0.049925,-0.002));
#20461=CARTESIAN_POINT('',(-0.156125,0.047625,-0.002));
#20462=CARTESIAN_POINT('',(0.,0.049925,-0.002));
#20463=CARTESIAN_POINT('',(0.,0.049925,0.));
#20464=CARTESIAN_POINT('',(-0.167625,0.049925,0.));
#20465=CARTESIAN_POINT('',(-0.167625,0.049925,-0.002));
#20466=CARTESIAN_POINT('',(-0.167625,0.049925,-0.002));
#20467=CARTESIAN_POINT('',(0.,0.049925,-0.002));
#20468=CARTESIAN_POINT('',(0.08375,1.38777878078145E-17,-0.002));
#20469=CARTESIAN_POINT('',(0.08375,1.38777878078145E-17,-0.002));
#20470=CARTESIAN_POINT('',(0.08375,0.052,-0.002));
#20471=CARTESIAN_POINT('',(0.08375,-0.052,-0.002));
#20472=CARTESIAN_POINT('',(0.08375,0.052,0.));
#20473=CARTESIAN_POINT('',(0.08375,0.052,0.));
#20474=CARTESIAN_POINT('',(0.08375,1.38777878078145E-17,0.));
#20475=CARTESIAN_POINT('',(0.08375,-0.052,0.));
#20476=CARTESIAN_POINT('',(0.08375,-0.052,-0.002));
#20477=CARTESIAN_POINT('',(0.,-0.053,-0.002));
#20478=CARTESIAN_POINT('',(0.,-0.053,0.));
#20479=CARTESIAN_POINT('',(0.08275,-0.053,0.));
#20480=CARTESIAN_POINT('',(-0.1745,-0.053,0.));
#20481=CARTESIAN_POINT('',(-0.1745,-0.053,-0.002));
#20482=CARTESIAN_POINT('',(-0.1745,-0.053,-0.002));
#20483=CARTESIAN_POINT('',(0.,-0.053,-0.002));
#20484=CARTESIAN_POINT('',(0.08275,-0.053,-0.002));
#20485=CARTESIAN_POINT('',(0.08275,-0.053,-0.002));
#20486=CARTESIAN_POINT('',(-0.1755,-2.77555756156289E-17,-0.002));
#20487=CARTESIAN_POINT('',(-0.1755,-2.77555756156289E-17,-0.002));
#20488=CARTESIAN_POINT('',(-0.1755,-0.052,-0.002));
#20489=CARTESIAN_POINT('',(-0.1755,0.052,-0.002));
#20490=CARTESIAN_POINT('',(-0.1755,-0.052,-0.002));
#20491=CARTESIAN_POINT('',(-0.1755,-0.052,0.));
#20492=CARTESIAN_POINT('',(-0.1755,-2.77555756156289E-17,0.));
#20493=CARTESIAN_POINT('',(-0.1755,0.052,0.));
#20494=CARTESIAN_POINT('',(-0.1755,0.052,-0.002));
#20495=CARTESIAN_POINT('',(-0.00925000000000015,-0.002625,-0.002));
#20496=CARTESIAN_POINT('',(-0.00925000000000015,-0.002625,0.));
#20497=CARTESIAN_POINT('',(-0.00925000000000015,-0.002625,-0.002));
#20498=CARTESIAN_POINT('',(-0.00400000000000017,-0.002625,-0.002));
#20499=CARTESIAN_POINT('',(-0.00400000000000017,-0.002625,0.));
#20500=CARTESIAN_POINT('',(-0.00400000000000017,-0.002625,-0.002));
#20501=CARTESIAN_POINT('',(0.0127499999999998,-0.014125,-0.002));
#20502=CARTESIAN_POINT('',(0.0127499999999998,-0.014125,0.));
#20503=CARTESIAN_POINT('',(0.0127499999999998,-0.014125,-0.002));
#20504=CARTESIAN_POINT('',(-0.096125,-0.030875,-0.002));
#20505=CARTESIAN_POINT('',(-0.096125,-0.030875,0.));
#20506=CARTESIAN_POINT('',(-0.096125,-0.030875,-0.002));
#20507=CARTESIAN_POINT('',(-0.112875,-0.019375,-0.002));
#20508=CARTESIAN_POINT('',(-0.112875,-0.019375,0.));
#20509=CARTESIAN_POINT('',(-0.112875,-0.019375,-0.002));
#20510=CARTESIAN_POINT('',(-0.118125,-0.019375,-0.002));
#20511=CARTESIAN_POINT('',(-0.118125,-0.019375,0.));
#20512=CARTESIAN_POINT('',(-0.118125,-0.019375,-0.002));
#20513=CARTESIAN_POINT('',(0.0295,-0.002625,-0.002));
#20514=CARTESIAN_POINT('',(0.0295,-0.002625,0.));
#20515=CARTESIAN_POINT('',(0.0295,-0.002625,-0.002));
#20516=CARTESIAN_POINT('',(0.025,0.014125,-0.002));
#20517=CARTESIAN_POINT('',(0.025,0.014125,0.));
#20518=CARTESIAN_POINT('',(0.025,0.014125,-0.002));
#20519=CARTESIAN_POINT('',(0.05325,0.014125,-0.002));
#20520=CARTESIAN_POINT('',(0.05325,0.014125,0.));
#20521=CARTESIAN_POINT('',(0.05325,0.014125,-0.002));
#20522=CARTESIAN_POINT('',(-0.138,-0.002625,-0.002));
#20523=CARTESIAN_POINT('',(-0.138,-0.002625,0.));
#20524=CARTESIAN_POINT('',(-0.138,-0.002625,-0.002));
#20525=CARTESIAN_POINT('',(-0.12125,-0.014125,-0.002));
#20526=CARTESIAN_POINT('',(-0.12125,-0.014125,0.));
#20527=CARTESIAN_POINT('',(-0.12125,-0.014125,-0.002));
#20528=CARTESIAN_POINT('',(-0.1045,-0.002625,-0.002));
#20529=CARTESIAN_POINT('',(-0.1045,-0.002625,0.));
#20530=CARTESIAN_POINT('',(-0.1045,-0.002625,-0.002));
#20531=CARTESIAN_POINT('',(-0.07625,-0.002625,-0.002));
#20532=CARTESIAN_POINT('',(-0.07625,-0.002625,0.));
#20533=CARTESIAN_POINT('',(-0.07625,-0.002625,-0.002));
#20534=CARTESIAN_POINT('',(-0.071,-0.002625,-0.002));
#20535=CARTESIAN_POINT('',(-0.071,-0.002625,0.));
#20536=CARTESIAN_POINT('',(-0.071,-0.002625,-0.002));
#20537=CARTESIAN_POINT('',(-0.05425,-0.014125,-0.002));
#20538=CARTESIAN_POINT('',(-0.05425,-0.014125,0.));
#20539=CARTESIAN_POINT('',(-0.05425,-0.014125,-0.002));
#20540=CARTESIAN_POINT('',(0.041125,-0.036125,-0.002));
#20541=CARTESIAN_POINT('',(0.041125,-0.036125,0.));
#20542=CARTESIAN_POINT('',(0.041125,-0.036125,-0.002));
#20543=CARTESIAN_POINT('',(0.062375,-0.047625,-0.002));
#20544=CARTESIAN_POINT('',(0.062375,-0.047625,0.));
#20545=CARTESIAN_POINT('',(0.062375,-0.047625,-0.002));
#20546=CARTESIAN_POINT('',(0.078375,0.014125,-0.002));
#20547=CARTESIAN_POINT('',(0.078375,0.014125,0.));
#20548=CARTESIAN_POINT('',(0.078375,0.014125,-0.002));
#20549=CARTESIAN_POINT('',(-0.109125,-0.047625,-0.002));
#20550=CARTESIAN_POINT('',(-0.109125,-0.047625,0.));
#20551=CARTESIAN_POINT('',(-0.109125,-0.047625,-0.002));
#20552=CARTESIAN_POINT('',(0.035875,-0.036125,-0.002));
#20553=CARTESIAN_POINT('',(0.035875,-0.036125,0.));
#20554=CARTESIAN_POINT('',(0.035875,-0.036125,-0.002));
#20555=CARTESIAN_POINT('',(0.0146249999999998,-0.036125,-0.002));
#20556=CARTESIAN_POINT('',(0.0146249999999998,-0.036125,0.));
#20557=CARTESIAN_POINT('',(0.0146249999999998,-0.036125,-0.002));
#20558=CARTESIAN_POINT('',(-0.079375,-0.019375,-0.002));
#20559=CARTESIAN_POINT('',(-0.079375,-0.019375,0.));
#20560=CARTESIAN_POINT('',(-0.079375,-0.019375,-0.002));
#20561=CARTESIAN_POINT('',(-0.051125,-0.019375,-0.002));
#20562=CARTESIAN_POINT('',(-0.051125,-0.019375,0.));
#20563=CARTESIAN_POINT('',(-0.051125,-0.019375,-0.002));
#20564=CARTESIAN_POINT('',(-0.045875,-0.019375,-0.002));
#20565=CARTESIAN_POINT('',(-0.045875,-0.019375,0.));
#20566=CARTESIAN_POINT('',(-0.045875,-0.019375,-0.002));
#20567=CARTESIAN_POINT('',(-0.029125,-0.030875,-0.002));
#20568=CARTESIAN_POINT('',(-0.029125,-0.030875,0.));
#20569=CARTESIAN_POINT('',(-0.029125,-0.030875,-0.002));
#20570=CARTESIAN_POINT('',(-0.130375,-0.047625,-0.002));
#20571=CARTESIAN_POINT('',(-0.130375,-0.047625,0.));
#20572=CARTESIAN_POINT('',(-0.130375,-0.047625,-0.002));
#20573=CARTESIAN_POINT('',(0.021125,-0.019375,-0.002));
#20574=CARTESIAN_POINT('',(0.021125,-0.019375,0.));
#20575=CARTESIAN_POINT('',(0.021125,-0.019375,-0.002));
#20576=CARTESIAN_POINT('',(0.015875,-0.019375,-0.002));
#20577=CARTESIAN_POINT('',(0.015875,-0.019375,0.));
#20578=CARTESIAN_POINT('',(0.015875,-0.019375,-0.002));
#20579=CARTESIAN_POINT('',(-0.012375,-0.019375,-0.002));
#20580=CARTESIAN_POINT('',(-0.012375,-0.019375,0.));
#20581=CARTESIAN_POINT('',(-0.012375,-0.019375,-0.002));
#20582=CARTESIAN_POINT('',(-0.038875,0.030875,-0.002));
#20583=CARTESIAN_POINT('',(-0.038875,0.030875,0.));
#20584=CARTESIAN_POINT('',(-0.038875,0.030875,-0.002));
#20585=CARTESIAN_POINT('',(-0.055625,0.019375,-0.002));
#20586=CARTESIAN_POINT('',(-0.055625,0.019375,0.));
#20587=CARTESIAN_POINT('',(-0.055625,0.019375,-0.002));
#20588=CARTESIAN_POINT('',(-0.072375,0.030875,-0.002));
#20589=CARTESIAN_POINT('',(-0.072375,0.030875,0.));
#20590=CARTESIAN_POINT('',(-0.072375,0.030875,-0.002));
#20591=CARTESIAN_POINT('',(-0.089125,0.019375,-0.002));
#20592=CARTESIAN_POINT('',(-0.089125,0.019375,0.));
#20593=CARTESIAN_POINT('',(-0.089125,0.019375,-0.002));
#20594=CARTESIAN_POINT('',(-0.105875,0.030875,-0.002));
#20595=CARTESIAN_POINT('',(-0.105875,0.030875,0.));
#20596=CARTESIAN_POINT('',(-0.105875,0.030875,-0.002));
#20597=CARTESIAN_POINT('',(-0.122625,0.019375,-0.002));
#20598=CARTESIAN_POINT('',(-0.122625,0.019375,0.));
#20599=CARTESIAN_POINT('',(-0.122625,0.019375,-0.002));
#20600=CARTESIAN_POINT('',(-0.139375,0.030875,-0.002));
#20601=CARTESIAN_POINT('',(-0.139375,0.030875,0.));
#20602=CARTESIAN_POINT('',(-0.139375,0.030875,-0.002));
#20603=CARTESIAN_POINT('',(-0.167625,0.030875,-0.002));
#20604=CARTESIAN_POINT('',(-0.167625,0.030875,0.));
#20605=CARTESIAN_POINT('',(-0.167625,0.030875,-0.002));
#20606=CARTESIAN_POINT('',(-0.103875,-0.047625,-0.002));
#20607=CARTESIAN_POINT('',(-0.103875,-0.047625,0.));
#20608=CARTESIAN_POINT('',(-0.103875,-0.047625,-0.002));
#20609=CARTESIAN_POINT('',(0.078375,-0.030875,-0.002));
#20610=CARTESIAN_POINT('',(0.078375,-0.030875,0.));
#20611=CARTESIAN_POINT('',(0.078375,-0.030875,-0.002));
#20612=CARTESIAN_POINT('',(0.078375,-0.002625,-0.002));
#20613=CARTESIAN_POINT('',(0.078375,-0.002625,0.));
#20614=CARTESIAN_POINT('',(0.078375,-0.002625,-0.002));
#20615=CARTESIAN_POINT('',(0.078375,0.0308749999999982,-0.002));
#20616=CARTESIAN_POINT('',(0.078375,0.0308749999999982,0.));
#20617=CARTESIAN_POINT('',(0.078375,0.0308749999999982,-0.002));
#20618=CARTESIAN_POINT('',(-0.167625,-0.036125,-0.002));
#20619=CARTESIAN_POINT('',(-0.167625,-0.036125,0.));
#20620=CARTESIAN_POINT('',(-0.167625,-0.036125,-0.002));
#20621=CARTESIAN_POINT('',(-0.167625,-0.019375,-0.002));
#20622=CARTESIAN_POINT('',(-0.167625,-0.019375,0.));
#20623=CARTESIAN_POINT('',(-0.167625,-0.019375,-0.002));
#20624=CARTESIAN_POINT('',(-0.167625,-0.014125,-0.002));
#20625=CARTESIAN_POINT('',(-0.167625,-0.014125,0.));
#20626=CARTESIAN_POINT('',(-0.167625,-0.014125,-0.002));
#20627=CARTESIAN_POINT('',(-0.167625,0.014125,-0.002));
#20628=CARTESIAN_POINT('',(-0.167625,0.014125,0.));
#20629=CARTESIAN_POINT('',(-0.167625,0.014125,-0.002));
#20630=CARTESIAN_POINT('',(0.00824999999999981,0.002625,-0.002));
#20631=CARTESIAN_POINT('',(0.00824999999999981,0.002625,0.));
#20632=CARTESIAN_POINT('',(0.00824999999999981,0.002625,-0.002));
#20633=CARTESIAN_POINT('',(-0.00850000000000018,0.014125,-0.002));
#20634=CARTESIAN_POINT('',(-0.00850000000000018,0.014125,0.));
#20635=CARTESIAN_POINT('',(-0.00850000000000018,0.014125,-0.002));
#20636=CARTESIAN_POINT('',(-0.0137500000000001,0.014125,-0.002));
#20637=CARTESIAN_POINT('',(-0.0137500000000001,0.014125,0.));
#20638=CARTESIAN_POINT('',(-0.0137500000000001,0.014125,-0.002));
#20639=CARTESIAN_POINT('',(-0.042,0.014125,-0.002));
#20640=CARTESIAN_POINT('',(-0.042,0.014125,0.));
#20641=CARTESIAN_POINT('',(-0.042,0.014125,-0.002));
#20642=CARTESIAN_POINT('',(-0.05875,0.002625,-0.002));
#20643=CARTESIAN_POINT('',(-0.05875,0.002625,0.));
#20644=CARTESIAN_POINT('',(-0.05875,0.002625,-0.002));
#20645=CARTESIAN_POINT('',(-0.0755,0.014125,-0.002));
#20646=CARTESIAN_POINT('',(-0.0755,0.014125,0.));
#20647=CARTESIAN_POINT('',(-0.0755,0.014125,-0.002));
#20648=CARTESIAN_POINT('',(-0.08075,0.014125,-0.002));
#20649=CARTESIAN_POINT('',(-0.08075,0.014125,0.));
#20650=CARTESIAN_POINT('',(-0.08075,0.014125,-0.002));
#20651=CARTESIAN_POINT('',(-0.109,0.014125,-0.002));
#20652=CARTESIAN_POINT('',(-0.109,0.014125,0.));
#20653=CARTESIAN_POINT('',(-0.109,0.014125,-0.002));
#20654=CARTESIAN_POINT('',(-0.022125,0.019375,-0.002));
#20655=CARTESIAN_POINT('',(-0.022125,0.019375,0.));
#20656=CARTESIAN_POINT('',(-0.022125,0.019375,-0.002));
#20657=CARTESIAN_POINT('',(-0.00537500000000007,0.030875,-0.002));
#20658=CARTESIAN_POINT('',(-0.00537500000000007,0.030875,0.));
#20659=CARTESIAN_POINT('',(-0.00537500000000007,0.030875,-0.002));
#20660=CARTESIAN_POINT('',(0.011375,0.019375,-0.002));
#20661=CARTESIAN_POINT('',(0.011375,0.019375,0.));
#20662=CARTESIAN_POINT('',(0.011375,0.019375,-0.002));
#20663=CARTESIAN_POINT('',(0.028125,0.030875,-0.002));
#20664=CARTESIAN_POINT('',(0.028125,0.030875,0.));
#20665=CARTESIAN_POINT('',(0.028125,0.030875,-0.002));
#20666=CARTESIAN_POINT('',(0.044875,0.019375,-0.002));
#20667=CARTESIAN_POINT('',(0.044875,0.019375,0.));
#20668=CARTESIAN_POINT('',(0.044875,0.019375,-0.002));
#20669=CARTESIAN_POINT('',(-0.1425,0.014125,-0.002));
#20670=CARTESIAN_POINT('',(-0.1425,0.014125,0.));
#20671=CARTESIAN_POINT('',(-0.1425,0.014125,-0.002));
#20672=CARTESIAN_POINT('',(-0.12575,0.002625,-0.002));
#20673=CARTESIAN_POINT('',(-0.12575,0.002625,0.));
#20674=CARTESIAN_POINT('',(-0.12575,0.002625,-0.002));
#20675=CARTESIAN_POINT('',(0.078375,0.036125,-0.002));
#20676=CARTESIAN_POINT('',(0.078375,0.036125,0.));
#20677=CARTESIAN_POINT('',(0.078375,0.036125,-0.002));
#20678=CARTESIAN_POINT('',(0.061625,0.047625,-0.002));
#20679=CARTESIAN_POINT('',(0.061625,0.047625,0.));
#20680=CARTESIAN_POINT('',(0.061625,0.047625,-0.002));
#20681=CARTESIAN_POINT('',(0.044875,0.036125,-0.002));
#20682=CARTESIAN_POINT('',(0.044875,0.036125,0.));
#20683=CARTESIAN_POINT('',(0.044875,0.036125,-0.002));
#20684=CARTESIAN_POINT('',(0.028125,0.047625,-0.002));
#20685=CARTESIAN_POINT('',(0.028125,0.047625,0.));
#20686=CARTESIAN_POINT('',(0.028125,0.047625,-0.002));
#20687=CARTESIAN_POINT('',(0.00299999999999994,0.036125,-0.002));
#20688=CARTESIAN_POINT('',(0.00299999999999994,0.036125,0.));
#20689=CARTESIAN_POINT('',(0.00299999999999994,0.036125,-0.002));
#20690=CARTESIAN_POINT('',(-0.01375,0.047625,-0.002));
#20691=CARTESIAN_POINT('',(-0.01375,0.047625,0.));
#20692=CARTESIAN_POINT('',(-0.01375,0.047625,-0.002));
#20693=CARTESIAN_POINT('',(-0.0305,0.036125,-0.002));
#20694=CARTESIAN_POINT('',(-0.0305,0.036125,0.));
#20695=CARTESIAN_POINT('',(-0.0305,0.036125,-0.002));
#20696=CARTESIAN_POINT('',(-0.122625,0.047625,-0.002));
#20697=CARTESIAN_POINT('',(-0.122625,0.047625,0.));
#20698=CARTESIAN_POINT('',(-0.122625,0.047625,-0.002));
#20699=CARTESIAN_POINT('',(-0.105875,0.047625,-0.002));
#20700=CARTESIAN_POINT('',(-0.105875,0.047625,0.));
#20701=CARTESIAN_POINT('',(-0.105875,0.047625,-0.002));
#20702=CARTESIAN_POINT('',(-0.089125,0.047625,-0.002));
#20703=CARTESIAN_POINT('',(-0.089125,0.047625,0.));
#20704=CARTESIAN_POINT('',(-0.089125,0.047625,-0.002));
#20705=CARTESIAN_POINT('',(-0.072375,0.047625,-0.002));
#20706=CARTESIAN_POINT('',(-0.072375,0.047625,0.));
#20707=CARTESIAN_POINT('',(-0.072375,0.047625,-0.002));
#20708=CARTESIAN_POINT('',(-0.04725,0.047625,-0.002));
#20709=CARTESIAN_POINT('',(-0.04725,0.047625,0.));
#20710=CARTESIAN_POINT('',(-0.04725,0.047625,-0.002));
#20711=CARTESIAN_POINT('',(-0.167625,0.047625,-0.002));
#20712=CARTESIAN_POINT('',(-0.167625,0.047625,0.));
#20713=CARTESIAN_POINT('',(-0.167625,0.047625,-0.002));
#20714=CARTESIAN_POINT('',(0.,0.053,-0.002));
#20715=CARTESIAN_POINT('',(0.,0.053,-0.002));
#20716=CARTESIAN_POINT('',(0.08275,0.053,-0.002));
#20717=CARTESIAN_POINT('',(-0.1745,0.053,-0.002));
#20718=CARTESIAN_POINT('',(-0.1745,0.053,0.));
#20719=CARTESIAN_POINT('',(-0.1745,0.053,0.));
#20720=CARTESIAN_POINT('',(0.,0.053,0.));
#20721=CARTESIAN_POINT('',(0.08275,0.053,0.));
#20722=CARTESIAN_POINT('',(0.08275,0.053,-0.002));
#20723=CARTESIAN_POINT('',(-0.0375,-0.002625,-0.002));
#20724=CARTESIAN_POINT('',(-0.0375,-0.002625,0.));
#20725=CARTESIAN_POINT('',(-0.0375,-0.002625,-0.002));
#20726=CARTESIAN_POINT('',(0.,-6.93889390390723E-18,-0.002));
#20727=CARTESIAN_POINT('',(-0.1745,-0.052,-0.002));
#20728=CARTESIAN_POINT('',(-0.1745,0.052,-0.002));
#20729=CARTESIAN_POINT('',(0.08275,0.052,-0.002));
#20730=CARTESIAN_POINT('',(0.08275,-0.052,-0.002));
#20731=CARTESIAN_POINT('',(0.,-6.93889390390723E-18,0.));
#20732=CARTESIAN_POINT('',(-0.1745,-0.052,0.));
#20733=CARTESIAN_POINT('',(0.08275,-0.052,0.));
#20734=CARTESIAN_POINT('',(0.08275,0.052,0.));
#20735=CARTESIAN_POINT('',(-0.1745,0.052,0.));
#20736=CARTESIAN_POINT('',(-0.1745,-0.052,-0.002));
#20737=CARTESIAN_POINT('',(-0.1745,0.052,-0.002));
#20738=CARTESIAN_POINT('',(0.08275,0.052,-0.002));
#20739=CARTESIAN_POINT('',(0.08275,-0.052,-0.002));
#20740=MECHANICAL_DESIGN_GEOMETRIC_PRESENTATION_REPRESENTATION('',(#12317),
#20741);
#20741=(
GEOMETRIC_REPRESENTATION_CONTEXT(3)
GLOBAL_UNCERTAINTY_ASSIGNED_CONTEXT((#20742))
GLOBAL_UNIT_ASSIGNED_CONTEXT((#20745,#20744,#20743))
REPRESENTATION_CONTEXT('keyMetalPlate','TOP_LEVEL_ASSEMBLY_PART')
);
#20742=UNCERTAINTY_MEASURE_WITH_UNIT(LENGTH_MEASURE(1.E-8),#20745,
'DISTANCE_ACCURACY_VALUE','Maximum Tolerance applied to model');
#20743=(
NAMED_UNIT(*)
SI_UNIT($,.STERADIAN.)
SOLID_ANGLE_UNIT()
);
#20744=(
NAMED_UNIT(*)
PLANE_ANGLE_UNIT()
SI_UNIT($,.RADIAN.)
);
#20745=(
LENGTH_UNIT()
NAMED_UNIT(*)
SI_UNIT($,.METRE.)
);
#20746=PRODUCT_DEFINITION_SHAPE('','',#20747);
#20747=PRODUCT_DEFINITION('','',#20749,#20748);
#20748=PRODUCT_DEFINITION_CONTEXT('',#20755,'design');
#20749=PRODUCT_DEFINITION_FORMATION_WITH_SPECIFIED_SOURCE('','',#20751,
 .NOT_KNOWN.);
#20750=PRODUCT_RELATED_PRODUCT_CATEGORY('','',(#20751));
#20751=PRODUCT('keyMetalPlate','keyMetalPlate','keyMetalPlate',(#20753));
#20752=PRODUCT_CATEGORY('','');
#20753=PRODUCT_CONTEXT('',#20755,'mechanical');
#20754=APPLICATION_PROTOCOL_DEFINITION('international standard',
'ap242_managed_model_based_3d_engineering',2011,#20755);
#20755=APPLICATION_CONTEXT('managed model based 3d engineering');
ENDSEC;
END-ISO-10303-21;
