ISO-10303-21;
HEADER;
/* Generated by software containing ST-Developer
 * from STEP Tools, Inc. (www.steptools.com) 
 */
/* OPTION: using custom renumber hook */

FILE_DESCRIPTION(
/* description */ ('STEP AP242',
'CAx-IF Rec.Pracs.---Representation and Presentation of Product Manufa
cturing Information (PMI)---4.0---2014-10-13',
'CAx-IF Rec.Pracs.---3D Tessellated Geometry---0.4---2014-09-14','2;1'),

/* implementation_level */ '2;1');

FILE_NAME(
/* name */ '68f799ee3e8703eac481412a',
/* time_stamp */ '2025-10-21T14:34:22Z',
/* author */ (''),
/* organization */ (''),
/* preprocessor_version */ 'ST-DEVELOPER v20',
/* originating_system */ 'ONSHAPE BY PTC INC, 1.205',
/* authorisation */ '  ');

FILE_SCHEMA (('AP242_MANAGED_MODEL_BASED_3D_ENGINEERING_MIM_LF { 1 0 10303 442 1 1 4 }'));
ENDSEC;

DATA;
#10=SHAPE_REPRESENTATION_RELATIONSHIP('','',#5111,#11);
#11=ADVANCED_BREP_SHAPE_REPRESENTATION('',(#5109),#8597);
#12=CIRCLE('',#5118,0.0023);
#13=CIRCLE('',#5119,0.0023);
#14=CIRCLE('',#5122,0.0023);
#15=CIRCLE('',#5123,0.0023);
#16=CIRCLE('',#5126,0.0023);
#17=CIRCLE('',#5127,0.0023);
#18=CIRCLE('',#5131,0.0023);
#19=CIRCLE('',#5132,0.0023);
#20=CIRCLE('',#5135,0.0023);
#21=CIRCLE('',#5136,0.0023);
#22=CIRCLE('',#5139,0.0023);
#23=CIRCLE('',#5140,0.0023);
#24=CIRCLE('',#5144,0.0023);
#25=CIRCLE('',#5145,0.0023);
#26=CIRCLE('',#5148,0.0023);
#27=CIRCLE('',#5149,0.0023);
#28=CIRCLE('',#5152,0.0023);
#29=CIRCLE('',#5153,0.0023);
#30=CIRCLE('',#5157,0.0023);
#31=CIRCLE('',#5158,0.0023);
#32=CIRCLE('',#5161,0.0023);
#33=CIRCLE('',#5162,0.0023);
#34=CIRCLE('',#5165,0.0023);
#35=CIRCLE('',#5166,0.0023);
#36=CIRCLE('',#5170,0.0023);
#37=CIRCLE('',#5171,0.0023);
#38=CIRCLE('',#5174,0.0023);
#39=CIRCLE('',#5175,0.0023);
#40=CIRCLE('',#5178,0.0023);
#41=CIRCLE('',#5179,0.0023);
#42=CIRCLE('',#5183,0.0023);
#43=CIRCLE('',#5184,0.0023);
#44=CIRCLE('',#5187,0.0023);
#45=CIRCLE('',#5188,0.0023);
#46=CIRCLE('',#5191,0.0023);
#47=CIRCLE('',#5192,0.0023);
#48=CIRCLE('',#5196,0.0023);
#49=CIRCLE('',#5197,0.0023);
#50=CIRCLE('',#5200,0.0023);
#51=CIRCLE('',#5201,0.0023);
#52=CIRCLE('',#5204,0.0023);
#53=CIRCLE('',#5205,0.0023);
#54=CIRCLE('',#5209,0.0023);
#55=CIRCLE('',#5210,0.0023);
#56=CIRCLE('',#5213,0.0023);
#57=CIRCLE('',#5214,0.0023);
#58=CIRCLE('',#5217,0.0023);
#59=CIRCLE('',#5218,0.0023);
#60=CIRCLE('',#5222,0.0023);
#61=CIRCLE('',#5223,0.0023);
#62=CIRCLE('',#5226,0.0023);
#63=CIRCLE('',#5227,0.0023);
#64=CIRCLE('',#5230,0.0023);
#65=CIRCLE('',#5231,0.0023);
#66=CIRCLE('',#5235,0.0023);
#67=CIRCLE('',#5236,0.0023);
#68=CIRCLE('',#5239,0.0023);
#69=CIRCLE('',#5240,0.0023);
#70=CIRCLE('',#5243,0.0023);
#71=CIRCLE('',#5244,0.0023);
#72=CIRCLE('',#5248,0.0023);
#73=CIRCLE('',#5249,0.0023);
#74=CIRCLE('',#5252,0.0023);
#75=CIRCLE('',#5253,0.0023);
#76=CIRCLE('',#5256,0.0023);
#77=CIRCLE('',#5257,0.0023);
#78=CIRCLE('',#5261,0.0023);
#79=CIRCLE('',#5262,0.0023);
#80=CIRCLE('',#5265,0.0023);
#81=CIRCLE('',#5266,0.0023);
#82=CIRCLE('',#5269,0.0023);
#83=CIRCLE('',#5270,0.0023);
#84=CIRCLE('',#5274,0.0023);
#85=CIRCLE('',#5275,0.0023);
#86=CIRCLE('',#5278,0.0023);
#87=CIRCLE('',#5279,0.0023);
#88=CIRCLE('',#5282,0.0023);
#89=CIRCLE('',#5283,0.0023);
#90=CIRCLE('',#5287,0.0023);
#91=CIRCLE('',#5288,0.0023);
#92=CIRCLE('',#5291,0.0023);
#93=CIRCLE('',#5292,0.0023);
#94=CIRCLE('',#5295,0.0023);
#95=CIRCLE('',#5296,0.0023);
#96=CIRCLE('',#5300,0.0023);
#97=CIRCLE('',#5301,0.0023);
#98=CIRCLE('',#5304,0.0023);
#99=CIRCLE('',#5305,0.0023);
#100=CIRCLE('',#5308,0.0023);
#101=CIRCLE('',#5309,0.0023);
#102=CIRCLE('',#5313,0.0023);
#103=CIRCLE('',#5314,0.0023);
#104=CIRCLE('',#5317,0.0023);
#105=CIRCLE('',#5318,0.0023);
#106=CIRCLE('',#5321,0.0023);
#107=CIRCLE('',#5322,0.0023);
#108=CIRCLE('',#5326,0.0023);
#109=CIRCLE('',#5327,0.0023);
#110=CIRCLE('',#5330,0.0023);
#111=CIRCLE('',#5331,0.0023);
#112=CIRCLE('',#5334,0.0023);
#113=CIRCLE('',#5335,0.0023);
#114=CIRCLE('',#5339,0.0023);
#115=CIRCLE('',#5340,0.0023);
#116=CIRCLE('',#5343,0.0023);
#117=CIRCLE('',#5344,0.0023);
#118=CIRCLE('',#5347,0.0023);
#119=CIRCLE('',#5348,0.0023);
#120=CIRCLE('',#5352,0.0023);
#121=CIRCLE('',#5353,0.0023);
#122=CIRCLE('',#5356,0.0023);
#123=CIRCLE('',#5357,0.0023);
#124=CIRCLE('',#5360,0.0023);
#125=CIRCLE('',#5361,0.0023);
#126=CIRCLE('',#5365,0.0023);
#127=CIRCLE('',#5366,0.0023);
#128=CIRCLE('',#5369,0.0023);
#129=CIRCLE('',#5370,0.0023);
#130=CIRCLE('',#5373,0.0023);
#131=CIRCLE('',#5374,0.0023);
#132=CIRCLE('',#5378,0.0023);
#133=CIRCLE('',#5379,0.0023);
#134=CIRCLE('',#5382,0.0023);
#135=CIRCLE('',#5383,0.0023);
#136=CIRCLE('',#5386,0.0023);
#137=CIRCLE('',#5387,0.0023);
#138=CIRCLE('',#5391,0.0023);
#139=CIRCLE('',#5392,0.0023);
#140=CIRCLE('',#5395,0.0023);
#141=CIRCLE('',#5396,0.0023);
#142=CIRCLE('',#5399,0.0023);
#143=CIRCLE('',#5400,0.0023);
#144=CIRCLE('',#5404,0.0023);
#145=CIRCLE('',#5405,0.0023);
#146=CIRCLE('',#5408,0.0023);
#147=CIRCLE('',#5409,0.0023);
#148=CIRCLE('',#5412,0.0023);
#149=CIRCLE('',#5413,0.0023);
#150=CIRCLE('',#5417,0.0023);
#151=CIRCLE('',#5418,0.0023);
#152=CIRCLE('',#5421,0.0023);
#153=CIRCLE('',#5422,0.0023);
#154=CIRCLE('',#5425,0.0023);
#155=CIRCLE('',#5426,0.0023);
#156=CIRCLE('',#5430,0.0023);
#157=CIRCLE('',#5431,0.0023);
#158=CIRCLE('',#5434,0.0023);
#159=CIRCLE('',#5435,0.0023);
#160=CIRCLE('',#5438,0.0023);
#161=CIRCLE('',#5439,0.0023);
#162=CIRCLE('',#5443,0.0023);
#163=CIRCLE('',#5444,0.0023);
#164=CIRCLE('',#5447,0.0023);
#165=CIRCLE('',#5448,0.0023);
#166=CIRCLE('',#5451,0.0023);
#167=CIRCLE('',#5452,0.0023);
#168=CIRCLE('',#5456,0.0023);
#169=CIRCLE('',#5457,0.0023);
#170=CIRCLE('',#5460,0.0023);
#171=CIRCLE('',#5461,0.0023);
#172=CIRCLE('',#5464,0.0023);
#173=CIRCLE('',#5465,0.0023);
#174=CIRCLE('',#5469,0.0023);
#175=CIRCLE('',#5470,0.0023);
#176=CIRCLE('',#5473,0.0023);
#177=CIRCLE('',#5474,0.0023);
#178=CIRCLE('',#5477,0.0023);
#179=CIRCLE('',#5478,0.0023);
#180=CIRCLE('',#5482,0.0023);
#181=CIRCLE('',#5483,0.0023);
#182=CIRCLE('',#5486,0.0023);
#183=CIRCLE('',#5487,0.0023);
#184=CIRCLE('',#5490,0.0023);
#185=CIRCLE('',#5491,0.0023);
#186=CIRCLE('',#5495,0.0023);
#187=CIRCLE('',#5496,0.0023);
#188=CIRCLE('',#5499,0.0023);
#189=CIRCLE('',#5500,0.0023);
#190=CIRCLE('',#5503,0.0023);
#191=CIRCLE('',#5504,0.0023);
#192=CIRCLE('',#5507,0.0023);
#193=CIRCLE('',#5508,0.0023);
#194=CIRCLE('',#5510,0.0023);
#195=CIRCLE('',#5511,0.0023);
#196=CIRCLE('',#5513,0.0023);
#197=CIRCLE('',#5514,0.0023);
#198=CIRCLE('',#5516,0.0023);
#199=CIRCLE('',#5517,0.0023);
#200=CIRCLE('',#5519,0.0023);
#201=CIRCLE('',#5520,0.0023);
#202=CIRCLE('',#5522,0.0023);
#203=CIRCLE('',#5523,0.0023);
#204=CIRCLE('',#5525,0.0023);
#205=CIRCLE('',#5526,0.0023);
#206=CIRCLE('',#5528,0.0023);
#207=CIRCLE('',#5529,0.0023);
#208=CIRCLE('',#5531,0.0023);
#209=CIRCLE('',#5532,0.0023);
#210=CIRCLE('',#5534,0.0023);
#211=CIRCLE('',#5535,0.0023);
#212=CIRCLE('',#5537,0.0023);
#213=CIRCLE('',#5538,0.0023);
#214=CIRCLE('',#5540,0.0023);
#215=CIRCLE('',#5541,0.0023);
#216=CIRCLE('',#5543,0.0023);
#217=CIRCLE('',#5544,0.0023);
#218=CIRCLE('',#5546,0.0023);
#219=CIRCLE('',#5547,0.0023);
#220=CIRCLE('',#5549,0.0023);
#221=CIRCLE('',#5550,0.0023);
#222=CIRCLE('',#5552,0.0023);
#223=CIRCLE('',#5553,0.0023);
#224=CIRCLE('',#5555,0.0023);
#225=CIRCLE('',#5556,0.0023);
#226=CIRCLE('',#5558,0.0023);
#227=CIRCLE('',#5559,0.0023);
#228=CIRCLE('',#5561,0.0023);
#229=CIRCLE('',#5562,0.0023);
#230=CIRCLE('',#5564,0.0023);
#231=CIRCLE('',#5565,0.0023);
#232=CIRCLE('',#5567,0.0023);
#233=CIRCLE('',#5568,0.0023);
#234=CIRCLE('',#5570,0.0023);
#235=CIRCLE('',#5571,0.0023);
#236=CIRCLE('',#5573,0.0023);
#237=CIRCLE('',#5574,0.0023);
#238=CIRCLE('',#5576,0.0023);
#239=CIRCLE('',#5577,0.0023);
#240=CIRCLE('',#5579,0.0023);
#241=CIRCLE('',#5580,0.0023);
#242=CIRCLE('',#5582,0.0023);
#243=CIRCLE('',#5583,0.0023);
#244=CIRCLE('',#5585,0.0023);
#245=CIRCLE('',#5586,0.0023);
#246=CIRCLE('',#5588,0.0023);
#247=CIRCLE('',#5589,0.0023);
#248=CIRCLE('',#5591,0.0023);
#249=CIRCLE('',#5592,0.0023);
#250=CIRCLE('',#5594,0.0023);
#251=CIRCLE('',#5595,0.0023);
#252=CIRCLE('',#5598,0.001);
#253=CIRCLE('',#5599,0.001);
#254=CIRCLE('',#5600,0.001);
#255=CIRCLE('',#5601,0.001);
#256=CIRCLE('',#5603,0.001);
#257=CIRCLE('',#5604,0.001);
#258=CIRCLE('',#5605,0.001);
#259=CIRCLE('',#5606,0.001);
#260=CYLINDRICAL_SURFACE('',#5117,0.0023);
#261=CYLINDRICAL_SURFACE('',#5121,0.0023);
#262=CYLINDRICAL_SURFACE('',#5125,0.0023);
#263=CYLINDRICAL_SURFACE('',#5130,0.0023);
#264=CYLINDRICAL_SURFACE('',#5134,0.0023);
#265=CYLINDRICAL_SURFACE('',#5138,0.0023);
#266=CYLINDRICAL_SURFACE('',#5143,0.0023);
#267=CYLINDRICAL_SURFACE('',#5147,0.0023);
#268=CYLINDRICAL_SURFACE('',#5151,0.0023);
#269=CYLINDRICAL_SURFACE('',#5156,0.0023);
#270=CYLINDRICAL_SURFACE('',#5160,0.0023);
#271=CYLINDRICAL_SURFACE('',#5164,0.0023);
#272=CYLINDRICAL_SURFACE('',#5169,0.0023);
#273=CYLINDRICAL_SURFACE('',#5173,0.0023);
#274=CYLINDRICAL_SURFACE('',#5177,0.0023);
#275=CYLINDRICAL_SURFACE('',#5182,0.0023);
#276=CYLINDRICAL_SURFACE('',#5186,0.0023);
#277=CYLINDRICAL_SURFACE('',#5190,0.0023);
#278=CYLINDRICAL_SURFACE('',#5195,0.0023);
#279=CYLINDRICAL_SURFACE('',#5199,0.0023);
#280=CYLINDRICAL_SURFACE('',#5203,0.0023);
#281=CYLINDRICAL_SURFACE('',#5208,0.0023);
#282=CYLINDRICAL_SURFACE('',#5212,0.0023);
#283=CYLINDRICAL_SURFACE('',#5216,0.0023);
#284=CYLINDRICAL_SURFACE('',#5221,0.0023);
#285=CYLINDRICAL_SURFACE('',#5225,0.0023);
#286=CYLINDRICAL_SURFACE('',#5229,0.0023);
#287=CYLINDRICAL_SURFACE('',#5234,0.0023);
#288=CYLINDRICAL_SURFACE('',#5238,0.0023);
#289=CYLINDRICAL_SURFACE('',#5242,0.0023);
#290=CYLINDRICAL_SURFACE('',#5247,0.0023);
#291=CYLINDRICAL_SURFACE('',#5251,0.0023);
#292=CYLINDRICAL_SURFACE('',#5255,0.0023);
#293=CYLINDRICAL_SURFACE('',#5260,0.0023);
#294=CYLINDRICAL_SURFACE('',#5264,0.0023);
#295=CYLINDRICAL_SURFACE('',#5268,0.0023);
#296=CYLINDRICAL_SURFACE('',#5273,0.0023);
#297=CYLINDRICAL_SURFACE('',#5277,0.0023);
#298=CYLINDRICAL_SURFACE('',#5281,0.0023);
#299=CYLINDRICAL_SURFACE('',#5286,0.0023);
#300=CYLINDRICAL_SURFACE('',#5290,0.0023);
#301=CYLINDRICAL_SURFACE('',#5294,0.0023);
#302=CYLINDRICAL_SURFACE('',#5299,0.0023);
#303=CYLINDRICAL_SURFACE('',#5303,0.0023);
#304=CYLINDRICAL_SURFACE('',#5307,0.0023);
#305=CYLINDRICAL_SURFACE('',#5312,0.0023);
#306=CYLINDRICAL_SURFACE('',#5316,0.0023);
#307=CYLINDRICAL_SURFACE('',#5320,0.0023);
#308=CYLINDRICAL_SURFACE('',#5325,0.0023);
#309=CYLINDRICAL_SURFACE('',#5329,0.0023);
#310=CYLINDRICAL_SURFACE('',#5333,0.0023);
#311=CYLINDRICAL_SURFACE('',#5338,0.0023);
#312=CYLINDRICAL_SURFACE('',#5342,0.0023);
#313=CYLINDRICAL_SURFACE('',#5346,0.0023);
#314=CYLINDRICAL_SURFACE('',#5351,0.0023);
#315=CYLINDRICAL_SURFACE('',#5355,0.0023);
#316=CYLINDRICAL_SURFACE('',#5359,0.0023);
#317=CYLINDRICAL_SURFACE('',#5364,0.0023);
#318=CYLINDRICAL_SURFACE('',#5368,0.0023);
#319=CYLINDRICAL_SURFACE('',#5372,0.0023);
#320=CYLINDRICAL_SURFACE('',#5377,0.0023);
#321=CYLINDRICAL_SURFACE('',#5381,0.0023);
#322=CYLINDRICAL_SURFACE('',#5385,0.0023);
#323=CYLINDRICAL_SURFACE('',#5390,0.0023);
#324=CYLINDRICAL_SURFACE('',#5394,0.0023);
#325=CYLINDRICAL_SURFACE('',#5398,0.0023);
#326=CYLINDRICAL_SURFACE('',#5403,0.0023);
#327=CYLINDRICAL_SURFACE('',#5407,0.0023);
#328=CYLINDRICAL_SURFACE('',#5411,0.0023);
#329=CYLINDRICAL_SURFACE('',#5416,0.0023);
#330=CYLINDRICAL_SURFACE('',#5420,0.0023);
#331=CYLINDRICAL_SURFACE('',#5424,0.0023);
#332=CYLINDRICAL_SURFACE('',#5429,0.0023);
#333=CYLINDRICAL_SURFACE('',#5433,0.0023);
#334=CYLINDRICAL_SURFACE('',#5437,0.0023);
#335=CYLINDRICAL_SURFACE('',#5442,0.0023);
#336=CYLINDRICAL_SURFACE('',#5446,0.0023);
#337=CYLINDRICAL_SURFACE('',#5450,0.0023);
#338=CYLINDRICAL_SURFACE('',#5455,0.0023);
#339=CYLINDRICAL_SURFACE('',#5459,0.0023);
#340=CYLINDRICAL_SURFACE('',#5463,0.0023);
#341=CYLINDRICAL_SURFACE('',#5468,0.0023);
#342=CYLINDRICAL_SURFACE('',#5472,0.0023);
#343=CYLINDRICAL_SURFACE('',#5476,0.0023);
#344=CYLINDRICAL_SURFACE('',#5481,0.0023);
#345=CYLINDRICAL_SURFACE('',#5485,0.0023);
#346=CYLINDRICAL_SURFACE('',#5489,0.0023);
#347=CYLINDRICAL_SURFACE('',#5494,0.0023);
#348=CYLINDRICAL_SURFACE('',#5498,0.0023);
#349=CYLINDRICAL_SURFACE('',#5502,0.0023);
#350=CYLINDRICAL_SURFACE('',#5506,0.0023);
#351=CYLINDRICAL_SURFACE('',#5509,0.0023);
#352=CYLINDRICAL_SURFACE('',#5512,0.0023);
#353=CYLINDRICAL_SURFACE('',#5515,0.0023);
#354=CYLINDRICAL_SURFACE('',#5518,0.0023);
#355=CYLINDRICAL_SURFACE('',#5521,0.0023);
#356=CYLINDRICAL_SURFACE('',#5524,0.0023);
#357=CYLINDRICAL_SURFACE('',#5527,0.0023);
#358=CYLINDRICAL_SURFACE('',#5530,0.0023);
#359=CYLINDRICAL_SURFACE('',#5533,0.0023);
#360=CYLINDRICAL_SURFACE('',#5536,0.0023);
#361=CYLINDRICAL_SURFACE('',#5539,0.0023);
#362=CYLINDRICAL_SURFACE('',#5542,0.0023);
#363=CYLINDRICAL_SURFACE('',#5545,0.0023);
#364=CYLINDRICAL_SURFACE('',#5548,0.0023);
#365=CYLINDRICAL_SURFACE('',#5551,0.0023);
#366=CYLINDRICAL_SURFACE('',#5554,0.0023);
#367=CYLINDRICAL_SURFACE('',#5557,0.0023);
#368=CYLINDRICAL_SURFACE('',#5560,0.0023);
#369=CYLINDRICAL_SURFACE('',#5563,0.0023);
#370=CYLINDRICAL_SURFACE('',#5566,0.0023);
#371=CYLINDRICAL_SURFACE('',#5569,0.0023);
#372=CYLINDRICAL_SURFACE('',#5572,0.0023);
#373=CYLINDRICAL_SURFACE('',#5575,0.0023);
#374=CYLINDRICAL_SURFACE('',#5578,0.0023);
#375=CYLINDRICAL_SURFACE('',#5581,0.0023);
#376=CYLINDRICAL_SURFACE('',#5584,0.0023);
#377=CYLINDRICAL_SURFACE('',#5587,0.0023);
#378=CYLINDRICAL_SURFACE('',#5590,0.0023);
#379=CYLINDRICAL_SURFACE('',#5593,0.0023);
#380=CYLINDRICAL_SURFACE('',#5607,0.001);
#381=CYLINDRICAL_SURFACE('',#5608,0.001);
#382=CYLINDRICAL_SURFACE('',#5609,0.001);
#383=CYLINDRICAL_SURFACE('',#5610,0.001);
#384=ORIENTED_EDGE('',*,*,#1872,.F.);
#385=ORIENTED_EDGE('',*,*,#1873,.T.);
#386=ORIENTED_EDGE('',*,*,#1874,.T.);
#387=ORIENTED_EDGE('',*,*,#1875,.T.);
#388=ORIENTED_EDGE('',*,*,#1876,.F.);
#389=ORIENTED_EDGE('',*,*,#1877,.T.);
#390=ORIENTED_EDGE('',*,*,#1878,.T.);
#391=ORIENTED_EDGE('',*,*,#1879,.T.);
#392=ORIENTED_EDGE('',*,*,#1880,.T.);
#393=ORIENTED_EDGE('',*,*,#1881,.T.);
#394=ORIENTED_EDGE('',*,*,#1882,.F.);
#395=ORIENTED_EDGE('',*,*,#1883,.T.);
#396=ORIENTED_EDGE('',*,*,#1884,.F.);
#397=ORIENTED_EDGE('',*,*,#1885,.F.);
#398=ORIENTED_EDGE('',*,*,#1886,.T.);
#399=ORIENTED_EDGE('',*,*,#1887,.T.);
#400=ORIENTED_EDGE('',*,*,#1888,.T.);
#401=ORIENTED_EDGE('',*,*,#1889,.F.);
#402=ORIENTED_EDGE('',*,*,#1890,.F.);
#403=ORIENTED_EDGE('',*,*,#1885,.T.);
#404=ORIENTED_EDGE('',*,*,#1891,.F.);
#405=ORIENTED_EDGE('',*,*,#1892,.F.);
#406=ORIENTED_EDGE('',*,*,#1893,.T.);
#407=ORIENTED_EDGE('',*,*,#1889,.T.);
#408=ORIENTED_EDGE('',*,*,#1894,.T.);
#409=ORIENTED_EDGE('',*,*,#1895,.F.);
#410=ORIENTED_EDGE('',*,*,#1896,.F.);
#411=ORIENTED_EDGE('',*,*,#1892,.T.);
#412=ORIENTED_EDGE('',*,*,#1897,.F.);
#413=ORIENTED_EDGE('',*,*,#1898,.F.);
#414=ORIENTED_EDGE('',*,*,#1899,.T.);
#415=ORIENTED_EDGE('',*,*,#1895,.T.);
#416=ORIENTED_EDGE('',*,*,#1900,.T.);
#417=ORIENTED_EDGE('',*,*,#1901,.F.);
#418=ORIENTED_EDGE('',*,*,#1902,.F.);
#419=ORIENTED_EDGE('',*,*,#1898,.T.);
#420=ORIENTED_EDGE('',*,*,#1903,.F.);
#421=ORIENTED_EDGE('',*,*,#1904,.F.);
#422=ORIENTED_EDGE('',*,*,#1905,.T.);
#423=ORIENTED_EDGE('',*,*,#1901,.T.);
#424=ORIENTED_EDGE('',*,*,#1906,.F.);
#425=ORIENTED_EDGE('',*,*,#1907,.F.);
#426=ORIENTED_EDGE('',*,*,#1908,.T.);
#427=ORIENTED_EDGE('',*,*,#1909,.T.);
#428=ORIENTED_EDGE('',*,*,#1910,.T.);
#429=ORIENTED_EDGE('',*,*,#1911,.F.);
#430=ORIENTED_EDGE('',*,*,#1912,.F.);
#431=ORIENTED_EDGE('',*,*,#1907,.T.);
#432=ORIENTED_EDGE('',*,*,#1913,.F.);
#433=ORIENTED_EDGE('',*,*,#1914,.F.);
#434=ORIENTED_EDGE('',*,*,#1915,.T.);
#435=ORIENTED_EDGE('',*,*,#1911,.T.);
#436=ORIENTED_EDGE('',*,*,#1916,.T.);
#437=ORIENTED_EDGE('',*,*,#1917,.F.);
#438=ORIENTED_EDGE('',*,*,#1918,.F.);
#439=ORIENTED_EDGE('',*,*,#1914,.T.);
#440=ORIENTED_EDGE('',*,*,#1919,.F.);
#441=ORIENTED_EDGE('',*,*,#1920,.F.);
#442=ORIENTED_EDGE('',*,*,#1921,.T.);
#443=ORIENTED_EDGE('',*,*,#1917,.T.);
#444=ORIENTED_EDGE('',*,*,#1922,.T.);
#445=ORIENTED_EDGE('',*,*,#1923,.F.);
#446=ORIENTED_EDGE('',*,*,#1924,.F.);
#447=ORIENTED_EDGE('',*,*,#1920,.T.);
#448=ORIENTED_EDGE('',*,*,#1925,.F.);
#449=ORIENTED_EDGE('',*,*,#1926,.F.);
#450=ORIENTED_EDGE('',*,*,#1927,.T.);
#451=ORIENTED_EDGE('',*,*,#1923,.T.);
#452=ORIENTED_EDGE('',*,*,#1928,.F.);
#453=ORIENTED_EDGE('',*,*,#1929,.F.);
#454=ORIENTED_EDGE('',*,*,#1930,.T.);
#455=ORIENTED_EDGE('',*,*,#1931,.T.);
#456=ORIENTED_EDGE('',*,*,#1932,.T.);
#457=ORIENTED_EDGE('',*,*,#1933,.F.);
#458=ORIENTED_EDGE('',*,*,#1934,.F.);
#459=ORIENTED_EDGE('',*,*,#1929,.T.);
#460=ORIENTED_EDGE('',*,*,#1935,.F.);
#461=ORIENTED_EDGE('',*,*,#1936,.F.);
#462=ORIENTED_EDGE('',*,*,#1937,.T.);
#463=ORIENTED_EDGE('',*,*,#1933,.T.);
#464=ORIENTED_EDGE('',*,*,#1938,.T.);
#465=ORIENTED_EDGE('',*,*,#1939,.F.);
#466=ORIENTED_EDGE('',*,*,#1940,.F.);
#467=ORIENTED_EDGE('',*,*,#1936,.T.);
#468=ORIENTED_EDGE('',*,*,#1941,.F.);
#469=ORIENTED_EDGE('',*,*,#1942,.F.);
#470=ORIENTED_EDGE('',*,*,#1943,.T.);
#471=ORIENTED_EDGE('',*,*,#1939,.T.);
#472=ORIENTED_EDGE('',*,*,#1944,.T.);
#473=ORIENTED_EDGE('',*,*,#1945,.F.);
#474=ORIENTED_EDGE('',*,*,#1946,.F.);
#475=ORIENTED_EDGE('',*,*,#1942,.T.);
#476=ORIENTED_EDGE('',*,*,#1947,.F.);
#477=ORIENTED_EDGE('',*,*,#1948,.F.);
#478=ORIENTED_EDGE('',*,*,#1949,.T.);
#479=ORIENTED_EDGE('',*,*,#1945,.T.);
#480=ORIENTED_EDGE('',*,*,#1950,.F.);
#481=ORIENTED_EDGE('',*,*,#1951,.F.);
#482=ORIENTED_EDGE('',*,*,#1952,.T.);
#483=ORIENTED_EDGE('',*,*,#1953,.T.);
#484=ORIENTED_EDGE('',*,*,#1954,.T.);
#485=ORIENTED_EDGE('',*,*,#1955,.F.);
#486=ORIENTED_EDGE('',*,*,#1956,.F.);
#487=ORIENTED_EDGE('',*,*,#1951,.T.);
#488=ORIENTED_EDGE('',*,*,#1957,.F.);
#489=ORIENTED_EDGE('',*,*,#1958,.F.);
#490=ORIENTED_EDGE('',*,*,#1959,.T.);
#491=ORIENTED_EDGE('',*,*,#1955,.T.);
#492=ORIENTED_EDGE('',*,*,#1960,.T.);
#493=ORIENTED_EDGE('',*,*,#1961,.F.);
#494=ORIENTED_EDGE('',*,*,#1962,.F.);
#495=ORIENTED_EDGE('',*,*,#1958,.T.);
#496=ORIENTED_EDGE('',*,*,#1963,.F.);
#497=ORIENTED_EDGE('',*,*,#1964,.F.);
#498=ORIENTED_EDGE('',*,*,#1965,.T.);
#499=ORIENTED_EDGE('',*,*,#1961,.T.);
#500=ORIENTED_EDGE('',*,*,#1966,.T.);
#501=ORIENTED_EDGE('',*,*,#1967,.F.);
#502=ORIENTED_EDGE('',*,*,#1968,.F.);
#503=ORIENTED_EDGE('',*,*,#1964,.T.);
#504=ORIENTED_EDGE('',*,*,#1969,.F.);
#505=ORIENTED_EDGE('',*,*,#1970,.F.);
#506=ORIENTED_EDGE('',*,*,#1971,.T.);
#507=ORIENTED_EDGE('',*,*,#1967,.T.);
#508=ORIENTED_EDGE('',*,*,#1972,.F.);
#509=ORIENTED_EDGE('',*,*,#1973,.F.);
#510=ORIENTED_EDGE('',*,*,#1974,.T.);
#511=ORIENTED_EDGE('',*,*,#1975,.T.);
#512=ORIENTED_EDGE('',*,*,#1976,.T.);
#513=ORIENTED_EDGE('',*,*,#1977,.F.);
#514=ORIENTED_EDGE('',*,*,#1978,.F.);
#515=ORIENTED_EDGE('',*,*,#1973,.T.);
#516=ORIENTED_EDGE('',*,*,#1979,.F.);
#517=ORIENTED_EDGE('',*,*,#1980,.F.);
#518=ORIENTED_EDGE('',*,*,#1981,.T.);
#519=ORIENTED_EDGE('',*,*,#1977,.T.);
#520=ORIENTED_EDGE('',*,*,#1982,.T.);
#521=ORIENTED_EDGE('',*,*,#1983,.F.);
#522=ORIENTED_EDGE('',*,*,#1984,.F.);
#523=ORIENTED_EDGE('',*,*,#1980,.T.);
#524=ORIENTED_EDGE('',*,*,#1985,.F.);
#525=ORIENTED_EDGE('',*,*,#1986,.F.);
#526=ORIENTED_EDGE('',*,*,#1987,.T.);
#527=ORIENTED_EDGE('',*,*,#1983,.T.);
#528=ORIENTED_EDGE('',*,*,#1988,.T.);
#529=ORIENTED_EDGE('',*,*,#1989,.F.);
#530=ORIENTED_EDGE('',*,*,#1990,.F.);
#531=ORIENTED_EDGE('',*,*,#1986,.T.);
#532=ORIENTED_EDGE('',*,*,#1991,.F.);
#533=ORIENTED_EDGE('',*,*,#1992,.F.);
#534=ORIENTED_EDGE('',*,*,#1993,.T.);
#535=ORIENTED_EDGE('',*,*,#1989,.T.);
#536=ORIENTED_EDGE('',*,*,#1994,.F.);
#537=ORIENTED_EDGE('',*,*,#1995,.F.);
#538=ORIENTED_EDGE('',*,*,#1996,.T.);
#539=ORIENTED_EDGE('',*,*,#1997,.T.);
#540=ORIENTED_EDGE('',*,*,#1998,.T.);
#541=ORIENTED_EDGE('',*,*,#1999,.F.);
#542=ORIENTED_EDGE('',*,*,#2000,.F.);
#543=ORIENTED_EDGE('',*,*,#1995,.T.);
#544=ORIENTED_EDGE('',*,*,#2001,.F.);
#545=ORIENTED_EDGE('',*,*,#2002,.F.);
#546=ORIENTED_EDGE('',*,*,#2003,.T.);
#547=ORIENTED_EDGE('',*,*,#1999,.T.);
#548=ORIENTED_EDGE('',*,*,#2004,.T.);
#549=ORIENTED_EDGE('',*,*,#2005,.F.);
#550=ORIENTED_EDGE('',*,*,#2006,.F.);
#551=ORIENTED_EDGE('',*,*,#2002,.T.);
#552=ORIENTED_EDGE('',*,*,#2007,.F.);
#553=ORIENTED_EDGE('',*,*,#2008,.F.);
#554=ORIENTED_EDGE('',*,*,#2009,.T.);
#555=ORIENTED_EDGE('',*,*,#2005,.T.);
#556=ORIENTED_EDGE('',*,*,#2010,.T.);
#557=ORIENTED_EDGE('',*,*,#2011,.F.);
#558=ORIENTED_EDGE('',*,*,#2012,.F.);
#559=ORIENTED_EDGE('',*,*,#2008,.T.);
#560=ORIENTED_EDGE('',*,*,#2013,.F.);
#561=ORIENTED_EDGE('',*,*,#2014,.F.);
#562=ORIENTED_EDGE('',*,*,#2015,.T.);
#563=ORIENTED_EDGE('',*,*,#2011,.T.);
#564=ORIENTED_EDGE('',*,*,#2016,.F.);
#565=ORIENTED_EDGE('',*,*,#2017,.F.);
#566=ORIENTED_EDGE('',*,*,#2018,.T.);
#567=ORIENTED_EDGE('',*,*,#2019,.T.);
#568=ORIENTED_EDGE('',*,*,#2020,.T.);
#569=ORIENTED_EDGE('',*,*,#2021,.F.);
#570=ORIENTED_EDGE('',*,*,#2022,.F.);
#571=ORIENTED_EDGE('',*,*,#2017,.T.);
#572=ORIENTED_EDGE('',*,*,#2023,.F.);
#573=ORIENTED_EDGE('',*,*,#2024,.F.);
#574=ORIENTED_EDGE('',*,*,#2025,.T.);
#575=ORIENTED_EDGE('',*,*,#2021,.T.);
#576=ORIENTED_EDGE('',*,*,#2026,.T.);
#577=ORIENTED_EDGE('',*,*,#2027,.F.);
#578=ORIENTED_EDGE('',*,*,#2028,.F.);
#579=ORIENTED_EDGE('',*,*,#2024,.T.);
#580=ORIENTED_EDGE('',*,*,#2029,.F.);
#581=ORIENTED_EDGE('',*,*,#2030,.F.);
#582=ORIENTED_EDGE('',*,*,#2031,.T.);
#583=ORIENTED_EDGE('',*,*,#2027,.T.);
#584=ORIENTED_EDGE('',*,*,#2032,.T.);
#585=ORIENTED_EDGE('',*,*,#2033,.F.);
#586=ORIENTED_EDGE('',*,*,#2034,.F.);
#587=ORIENTED_EDGE('',*,*,#2030,.T.);
#588=ORIENTED_EDGE('',*,*,#2035,.F.);
#589=ORIENTED_EDGE('',*,*,#2036,.F.);
#590=ORIENTED_EDGE('',*,*,#2037,.T.);
#591=ORIENTED_EDGE('',*,*,#2033,.T.);
#592=ORIENTED_EDGE('',*,*,#2038,.F.);
#593=ORIENTED_EDGE('',*,*,#2039,.F.);
#594=ORIENTED_EDGE('',*,*,#2040,.T.);
#595=ORIENTED_EDGE('',*,*,#2041,.T.);
#596=ORIENTED_EDGE('',*,*,#2042,.T.);
#597=ORIENTED_EDGE('',*,*,#2043,.F.);
#598=ORIENTED_EDGE('',*,*,#2044,.F.);
#599=ORIENTED_EDGE('',*,*,#2039,.T.);
#600=ORIENTED_EDGE('',*,*,#2045,.F.);
#601=ORIENTED_EDGE('',*,*,#2046,.F.);
#602=ORIENTED_EDGE('',*,*,#2047,.T.);
#603=ORIENTED_EDGE('',*,*,#2043,.T.);
#604=ORIENTED_EDGE('',*,*,#2048,.T.);
#605=ORIENTED_EDGE('',*,*,#2049,.F.);
#606=ORIENTED_EDGE('',*,*,#2050,.F.);
#607=ORIENTED_EDGE('',*,*,#2046,.T.);
#608=ORIENTED_EDGE('',*,*,#2051,.F.);
#609=ORIENTED_EDGE('',*,*,#2052,.F.);
#610=ORIENTED_EDGE('',*,*,#2053,.T.);
#611=ORIENTED_EDGE('',*,*,#2049,.T.);
#612=ORIENTED_EDGE('',*,*,#2054,.T.);
#613=ORIENTED_EDGE('',*,*,#2055,.F.);
#614=ORIENTED_EDGE('',*,*,#2056,.F.);
#615=ORIENTED_EDGE('',*,*,#2052,.T.);
#616=ORIENTED_EDGE('',*,*,#2057,.F.);
#617=ORIENTED_EDGE('',*,*,#2058,.F.);
#618=ORIENTED_EDGE('',*,*,#2059,.T.);
#619=ORIENTED_EDGE('',*,*,#2055,.T.);
#620=ORIENTED_EDGE('',*,*,#2060,.F.);
#621=ORIENTED_EDGE('',*,*,#2061,.F.);
#622=ORIENTED_EDGE('',*,*,#2062,.T.);
#623=ORIENTED_EDGE('',*,*,#2063,.T.);
#624=ORIENTED_EDGE('',*,*,#2064,.T.);
#625=ORIENTED_EDGE('',*,*,#2065,.F.);
#626=ORIENTED_EDGE('',*,*,#2066,.F.);
#627=ORIENTED_EDGE('',*,*,#2061,.T.);
#628=ORIENTED_EDGE('',*,*,#2067,.F.);
#629=ORIENTED_EDGE('',*,*,#2068,.F.);
#630=ORIENTED_EDGE('',*,*,#2069,.T.);
#631=ORIENTED_EDGE('',*,*,#2065,.T.);
#632=ORIENTED_EDGE('',*,*,#2070,.T.);
#633=ORIENTED_EDGE('',*,*,#2071,.F.);
#634=ORIENTED_EDGE('',*,*,#2072,.F.);
#635=ORIENTED_EDGE('',*,*,#2068,.T.);
#636=ORIENTED_EDGE('',*,*,#2073,.F.);
#637=ORIENTED_EDGE('',*,*,#2074,.F.);
#638=ORIENTED_EDGE('',*,*,#2075,.T.);
#639=ORIENTED_EDGE('',*,*,#2071,.T.);
#640=ORIENTED_EDGE('',*,*,#2076,.T.);
#641=ORIENTED_EDGE('',*,*,#2077,.F.);
#642=ORIENTED_EDGE('',*,*,#2078,.F.);
#643=ORIENTED_EDGE('',*,*,#2074,.T.);
#644=ORIENTED_EDGE('',*,*,#2079,.F.);
#645=ORIENTED_EDGE('',*,*,#2080,.F.);
#646=ORIENTED_EDGE('',*,*,#2081,.T.);
#647=ORIENTED_EDGE('',*,*,#2077,.T.);
#648=ORIENTED_EDGE('',*,*,#2082,.F.);
#649=ORIENTED_EDGE('',*,*,#2083,.F.);
#650=ORIENTED_EDGE('',*,*,#2084,.T.);
#651=ORIENTED_EDGE('',*,*,#2085,.T.);
#652=ORIENTED_EDGE('',*,*,#2086,.T.);
#653=ORIENTED_EDGE('',*,*,#2087,.F.);
#654=ORIENTED_EDGE('',*,*,#2088,.F.);
#655=ORIENTED_EDGE('',*,*,#2083,.T.);
#656=ORIENTED_EDGE('',*,*,#2089,.F.);
#657=ORIENTED_EDGE('',*,*,#2090,.F.);
#658=ORIENTED_EDGE('',*,*,#2091,.T.);
#659=ORIENTED_EDGE('',*,*,#2087,.T.);
#660=ORIENTED_EDGE('',*,*,#2092,.T.);
#661=ORIENTED_EDGE('',*,*,#2093,.F.);
#662=ORIENTED_EDGE('',*,*,#2094,.F.);
#663=ORIENTED_EDGE('',*,*,#2090,.T.);
#664=ORIENTED_EDGE('',*,*,#2095,.F.);
#665=ORIENTED_EDGE('',*,*,#2096,.F.);
#666=ORIENTED_EDGE('',*,*,#2097,.T.);
#667=ORIENTED_EDGE('',*,*,#2093,.T.);
#668=ORIENTED_EDGE('',*,*,#2098,.T.);
#669=ORIENTED_EDGE('',*,*,#2099,.F.);
#670=ORIENTED_EDGE('',*,*,#2100,.F.);
#671=ORIENTED_EDGE('',*,*,#2096,.T.);
#672=ORIENTED_EDGE('',*,*,#2101,.F.);
#673=ORIENTED_EDGE('',*,*,#2102,.F.);
#674=ORIENTED_EDGE('',*,*,#2103,.T.);
#675=ORIENTED_EDGE('',*,*,#2099,.T.);
#676=ORIENTED_EDGE('',*,*,#2104,.F.);
#677=ORIENTED_EDGE('',*,*,#2105,.F.);
#678=ORIENTED_EDGE('',*,*,#2106,.T.);
#679=ORIENTED_EDGE('',*,*,#2107,.T.);
#680=ORIENTED_EDGE('',*,*,#2108,.T.);
#681=ORIENTED_EDGE('',*,*,#2109,.F.);
#682=ORIENTED_EDGE('',*,*,#2110,.F.);
#683=ORIENTED_EDGE('',*,*,#2105,.T.);
#684=ORIENTED_EDGE('',*,*,#2111,.F.);
#685=ORIENTED_EDGE('',*,*,#2112,.F.);
#686=ORIENTED_EDGE('',*,*,#2113,.T.);
#687=ORIENTED_EDGE('',*,*,#2109,.T.);
#688=ORIENTED_EDGE('',*,*,#2114,.T.);
#689=ORIENTED_EDGE('',*,*,#2115,.F.);
#690=ORIENTED_EDGE('',*,*,#2116,.F.);
#691=ORIENTED_EDGE('',*,*,#2112,.T.);
#692=ORIENTED_EDGE('',*,*,#2117,.F.);
#693=ORIENTED_EDGE('',*,*,#2118,.F.);
#694=ORIENTED_EDGE('',*,*,#2119,.T.);
#695=ORIENTED_EDGE('',*,*,#2115,.T.);
#696=ORIENTED_EDGE('',*,*,#2120,.T.);
#697=ORIENTED_EDGE('',*,*,#2121,.F.);
#698=ORIENTED_EDGE('',*,*,#2122,.F.);
#699=ORIENTED_EDGE('',*,*,#2118,.T.);
#700=ORIENTED_EDGE('',*,*,#2123,.F.);
#701=ORIENTED_EDGE('',*,*,#2124,.F.);
#702=ORIENTED_EDGE('',*,*,#2125,.T.);
#703=ORIENTED_EDGE('',*,*,#2121,.T.);
#704=ORIENTED_EDGE('',*,*,#2126,.F.);
#705=ORIENTED_EDGE('',*,*,#2127,.F.);
#706=ORIENTED_EDGE('',*,*,#2128,.T.);
#707=ORIENTED_EDGE('',*,*,#2129,.T.);
#708=ORIENTED_EDGE('',*,*,#2130,.T.);
#709=ORIENTED_EDGE('',*,*,#2131,.F.);
#710=ORIENTED_EDGE('',*,*,#2132,.F.);
#711=ORIENTED_EDGE('',*,*,#2127,.T.);
#712=ORIENTED_EDGE('',*,*,#2133,.F.);
#713=ORIENTED_EDGE('',*,*,#2134,.F.);
#714=ORIENTED_EDGE('',*,*,#2135,.T.);
#715=ORIENTED_EDGE('',*,*,#2131,.T.);
#716=ORIENTED_EDGE('',*,*,#2136,.T.);
#717=ORIENTED_EDGE('',*,*,#2137,.F.);
#718=ORIENTED_EDGE('',*,*,#2138,.F.);
#719=ORIENTED_EDGE('',*,*,#2134,.T.);
#720=ORIENTED_EDGE('',*,*,#2139,.F.);
#721=ORIENTED_EDGE('',*,*,#2140,.F.);
#722=ORIENTED_EDGE('',*,*,#2141,.T.);
#723=ORIENTED_EDGE('',*,*,#2137,.T.);
#724=ORIENTED_EDGE('',*,*,#2142,.T.);
#725=ORIENTED_EDGE('',*,*,#2143,.F.);
#726=ORIENTED_EDGE('',*,*,#2144,.F.);
#727=ORIENTED_EDGE('',*,*,#2140,.T.);
#728=ORIENTED_EDGE('',*,*,#2145,.F.);
#729=ORIENTED_EDGE('',*,*,#2146,.F.);
#730=ORIENTED_EDGE('',*,*,#2147,.T.);
#731=ORIENTED_EDGE('',*,*,#2143,.T.);
#732=ORIENTED_EDGE('',*,*,#2148,.F.);
#733=ORIENTED_EDGE('',*,*,#2149,.F.);
#734=ORIENTED_EDGE('',*,*,#2150,.T.);
#735=ORIENTED_EDGE('',*,*,#2151,.T.);
#736=ORIENTED_EDGE('',*,*,#2152,.T.);
#737=ORIENTED_EDGE('',*,*,#2153,.F.);
#738=ORIENTED_EDGE('',*,*,#2154,.F.);
#739=ORIENTED_EDGE('',*,*,#2149,.T.);
#740=ORIENTED_EDGE('',*,*,#2155,.F.);
#741=ORIENTED_EDGE('',*,*,#2156,.F.);
#742=ORIENTED_EDGE('',*,*,#2157,.T.);
#743=ORIENTED_EDGE('',*,*,#2153,.T.);
#744=ORIENTED_EDGE('',*,*,#2158,.T.);
#745=ORIENTED_EDGE('',*,*,#2159,.F.);
#746=ORIENTED_EDGE('',*,*,#2160,.F.);
#747=ORIENTED_EDGE('',*,*,#2156,.T.);
#748=ORIENTED_EDGE('',*,*,#2161,.F.);
#749=ORIENTED_EDGE('',*,*,#2162,.F.);
#750=ORIENTED_EDGE('',*,*,#2163,.T.);
#751=ORIENTED_EDGE('',*,*,#2159,.T.);
#752=ORIENTED_EDGE('',*,*,#2164,.T.);
#753=ORIENTED_EDGE('',*,*,#2165,.F.);
#754=ORIENTED_EDGE('',*,*,#2166,.F.);
#755=ORIENTED_EDGE('',*,*,#2162,.T.);
#756=ORIENTED_EDGE('',*,*,#2167,.F.);
#757=ORIENTED_EDGE('',*,*,#2168,.F.);
#758=ORIENTED_EDGE('',*,*,#2169,.T.);
#759=ORIENTED_EDGE('',*,*,#2165,.T.);
#760=ORIENTED_EDGE('',*,*,#2170,.F.);
#761=ORIENTED_EDGE('',*,*,#2171,.F.);
#762=ORIENTED_EDGE('',*,*,#2172,.T.);
#763=ORIENTED_EDGE('',*,*,#2173,.T.);
#764=ORIENTED_EDGE('',*,*,#2174,.T.);
#765=ORIENTED_EDGE('',*,*,#2175,.F.);
#766=ORIENTED_EDGE('',*,*,#2176,.F.);
#767=ORIENTED_EDGE('',*,*,#2171,.T.);
#768=ORIENTED_EDGE('',*,*,#2177,.F.);
#769=ORIENTED_EDGE('',*,*,#2178,.F.);
#770=ORIENTED_EDGE('',*,*,#2179,.T.);
#771=ORIENTED_EDGE('',*,*,#2175,.T.);
#772=ORIENTED_EDGE('',*,*,#2180,.T.);
#773=ORIENTED_EDGE('',*,*,#2181,.F.);
#774=ORIENTED_EDGE('',*,*,#2182,.F.);
#775=ORIENTED_EDGE('',*,*,#2178,.T.);
#776=ORIENTED_EDGE('',*,*,#2183,.F.);
#777=ORIENTED_EDGE('',*,*,#2184,.F.);
#778=ORIENTED_EDGE('',*,*,#2185,.T.);
#779=ORIENTED_EDGE('',*,*,#2181,.T.);
#780=ORIENTED_EDGE('',*,*,#2186,.T.);
#781=ORIENTED_EDGE('',*,*,#2187,.F.);
#782=ORIENTED_EDGE('',*,*,#2188,.F.);
#783=ORIENTED_EDGE('',*,*,#2184,.T.);
#784=ORIENTED_EDGE('',*,*,#2189,.F.);
#785=ORIENTED_EDGE('',*,*,#2190,.F.);
#786=ORIENTED_EDGE('',*,*,#2191,.T.);
#787=ORIENTED_EDGE('',*,*,#2187,.T.);
#788=ORIENTED_EDGE('',*,*,#2192,.F.);
#789=ORIENTED_EDGE('',*,*,#2193,.F.);
#790=ORIENTED_EDGE('',*,*,#2194,.T.);
#791=ORIENTED_EDGE('',*,*,#2195,.T.);
#792=ORIENTED_EDGE('',*,*,#2196,.T.);
#793=ORIENTED_EDGE('',*,*,#2197,.F.);
#794=ORIENTED_EDGE('',*,*,#2198,.F.);
#795=ORIENTED_EDGE('',*,*,#2193,.T.);
#796=ORIENTED_EDGE('',*,*,#2199,.F.);
#797=ORIENTED_EDGE('',*,*,#2200,.F.);
#798=ORIENTED_EDGE('',*,*,#2201,.T.);
#799=ORIENTED_EDGE('',*,*,#2197,.T.);
#800=ORIENTED_EDGE('',*,*,#2202,.T.);
#801=ORIENTED_EDGE('',*,*,#2203,.F.);
#802=ORIENTED_EDGE('',*,*,#2204,.F.);
#803=ORIENTED_EDGE('',*,*,#2200,.T.);
#804=ORIENTED_EDGE('',*,*,#2205,.F.);
#805=ORIENTED_EDGE('',*,*,#2206,.F.);
#806=ORIENTED_EDGE('',*,*,#2207,.T.);
#807=ORIENTED_EDGE('',*,*,#2203,.T.);
#808=ORIENTED_EDGE('',*,*,#2208,.T.);
#809=ORIENTED_EDGE('',*,*,#2209,.F.);
#810=ORIENTED_EDGE('',*,*,#2210,.F.);
#811=ORIENTED_EDGE('',*,*,#2206,.T.);
#812=ORIENTED_EDGE('',*,*,#2211,.F.);
#813=ORIENTED_EDGE('',*,*,#2212,.F.);
#814=ORIENTED_EDGE('',*,*,#2213,.T.);
#815=ORIENTED_EDGE('',*,*,#2209,.T.);
#816=ORIENTED_EDGE('',*,*,#2214,.F.);
#817=ORIENTED_EDGE('',*,*,#2215,.F.);
#818=ORIENTED_EDGE('',*,*,#2216,.T.);
#819=ORIENTED_EDGE('',*,*,#2217,.T.);
#820=ORIENTED_EDGE('',*,*,#2218,.T.);
#821=ORIENTED_EDGE('',*,*,#2219,.F.);
#822=ORIENTED_EDGE('',*,*,#2220,.F.);
#823=ORIENTED_EDGE('',*,*,#2215,.T.);
#824=ORIENTED_EDGE('',*,*,#2221,.F.);
#825=ORIENTED_EDGE('',*,*,#2222,.F.);
#826=ORIENTED_EDGE('',*,*,#2223,.T.);
#827=ORIENTED_EDGE('',*,*,#2219,.T.);
#828=ORIENTED_EDGE('',*,*,#2224,.T.);
#829=ORIENTED_EDGE('',*,*,#2225,.F.);
#830=ORIENTED_EDGE('',*,*,#2226,.F.);
#831=ORIENTED_EDGE('',*,*,#2222,.T.);
#832=ORIENTED_EDGE('',*,*,#2227,.F.);
#833=ORIENTED_EDGE('',*,*,#2228,.F.);
#834=ORIENTED_EDGE('',*,*,#2229,.T.);
#835=ORIENTED_EDGE('',*,*,#2225,.T.);
#836=ORIENTED_EDGE('',*,*,#2230,.T.);
#837=ORIENTED_EDGE('',*,*,#2231,.F.);
#838=ORIENTED_EDGE('',*,*,#2232,.F.);
#839=ORIENTED_EDGE('',*,*,#2228,.T.);
#840=ORIENTED_EDGE('',*,*,#2233,.F.);
#841=ORIENTED_EDGE('',*,*,#2234,.F.);
#842=ORIENTED_EDGE('',*,*,#2235,.T.);
#843=ORIENTED_EDGE('',*,*,#2231,.T.);
#844=ORIENTED_EDGE('',*,*,#2236,.F.);
#845=ORIENTED_EDGE('',*,*,#2237,.F.);
#846=ORIENTED_EDGE('',*,*,#2238,.T.);
#847=ORIENTED_EDGE('',*,*,#2239,.T.);
#848=ORIENTED_EDGE('',*,*,#2240,.T.);
#849=ORIENTED_EDGE('',*,*,#2241,.F.);
#850=ORIENTED_EDGE('',*,*,#2242,.F.);
#851=ORIENTED_EDGE('',*,*,#2237,.T.);
#852=ORIENTED_EDGE('',*,*,#2243,.F.);
#853=ORIENTED_EDGE('',*,*,#2244,.F.);
#854=ORIENTED_EDGE('',*,*,#2245,.T.);
#855=ORIENTED_EDGE('',*,*,#2241,.T.);
#856=ORIENTED_EDGE('',*,*,#2246,.T.);
#857=ORIENTED_EDGE('',*,*,#2247,.F.);
#858=ORIENTED_EDGE('',*,*,#2248,.F.);
#859=ORIENTED_EDGE('',*,*,#2244,.T.);
#860=ORIENTED_EDGE('',*,*,#2249,.F.);
#861=ORIENTED_EDGE('',*,*,#2250,.F.);
#862=ORIENTED_EDGE('',*,*,#2251,.T.);
#863=ORIENTED_EDGE('',*,*,#2247,.T.);
#864=ORIENTED_EDGE('',*,*,#2252,.T.);
#865=ORIENTED_EDGE('',*,*,#2253,.F.);
#866=ORIENTED_EDGE('',*,*,#2254,.F.);
#867=ORIENTED_EDGE('',*,*,#2250,.T.);
#868=ORIENTED_EDGE('',*,*,#2255,.F.);
#869=ORIENTED_EDGE('',*,*,#2256,.F.);
#870=ORIENTED_EDGE('',*,*,#2257,.T.);
#871=ORIENTED_EDGE('',*,*,#2253,.T.);
#872=ORIENTED_EDGE('',*,*,#2258,.F.);
#873=ORIENTED_EDGE('',*,*,#2259,.F.);
#874=ORIENTED_EDGE('',*,*,#2260,.T.);
#875=ORIENTED_EDGE('',*,*,#2261,.T.);
#876=ORIENTED_EDGE('',*,*,#2262,.T.);
#877=ORIENTED_EDGE('',*,*,#2263,.F.);
#878=ORIENTED_EDGE('',*,*,#2264,.F.);
#879=ORIENTED_EDGE('',*,*,#2259,.T.);
#880=ORIENTED_EDGE('',*,*,#2265,.F.);
#881=ORIENTED_EDGE('',*,*,#2266,.F.);
#882=ORIENTED_EDGE('',*,*,#2267,.T.);
#883=ORIENTED_EDGE('',*,*,#2263,.T.);
#884=ORIENTED_EDGE('',*,*,#2268,.T.);
#885=ORIENTED_EDGE('',*,*,#2269,.F.);
#886=ORIENTED_EDGE('',*,*,#2270,.F.);
#887=ORIENTED_EDGE('',*,*,#2266,.T.);
#888=ORIENTED_EDGE('',*,*,#2271,.F.);
#889=ORIENTED_EDGE('',*,*,#2272,.F.);
#890=ORIENTED_EDGE('',*,*,#2273,.T.);
#891=ORIENTED_EDGE('',*,*,#2269,.T.);
#892=ORIENTED_EDGE('',*,*,#2274,.T.);
#893=ORIENTED_EDGE('',*,*,#2275,.F.);
#894=ORIENTED_EDGE('',*,*,#2276,.F.);
#895=ORIENTED_EDGE('',*,*,#2272,.T.);
#896=ORIENTED_EDGE('',*,*,#2277,.F.);
#897=ORIENTED_EDGE('',*,*,#2278,.F.);
#898=ORIENTED_EDGE('',*,*,#2279,.T.);
#899=ORIENTED_EDGE('',*,*,#2275,.T.);
#900=ORIENTED_EDGE('',*,*,#2280,.F.);
#901=ORIENTED_EDGE('',*,*,#2281,.F.);
#902=ORIENTED_EDGE('',*,*,#2282,.T.);
#903=ORIENTED_EDGE('',*,*,#2283,.T.);
#904=ORIENTED_EDGE('',*,*,#2284,.T.);
#905=ORIENTED_EDGE('',*,*,#2285,.F.);
#906=ORIENTED_EDGE('',*,*,#2286,.F.);
#907=ORIENTED_EDGE('',*,*,#2281,.T.);
#908=ORIENTED_EDGE('',*,*,#2287,.F.);
#909=ORIENTED_EDGE('',*,*,#2288,.F.);
#910=ORIENTED_EDGE('',*,*,#2289,.T.);
#911=ORIENTED_EDGE('',*,*,#2285,.T.);
#912=ORIENTED_EDGE('',*,*,#2290,.T.);
#913=ORIENTED_EDGE('',*,*,#2291,.F.);
#914=ORIENTED_EDGE('',*,*,#2292,.F.);
#915=ORIENTED_EDGE('',*,*,#2288,.T.);
#916=ORIENTED_EDGE('',*,*,#2293,.F.);
#917=ORIENTED_EDGE('',*,*,#2294,.F.);
#918=ORIENTED_EDGE('',*,*,#2295,.T.);
#919=ORIENTED_EDGE('',*,*,#2291,.T.);
#920=ORIENTED_EDGE('',*,*,#2296,.T.);
#921=ORIENTED_EDGE('',*,*,#2297,.F.);
#922=ORIENTED_EDGE('',*,*,#2298,.F.);
#923=ORIENTED_EDGE('',*,*,#2294,.T.);
#924=ORIENTED_EDGE('',*,*,#2299,.F.);
#925=ORIENTED_EDGE('',*,*,#2300,.F.);
#926=ORIENTED_EDGE('',*,*,#2301,.T.);
#927=ORIENTED_EDGE('',*,*,#2297,.T.);
#928=ORIENTED_EDGE('',*,*,#2302,.F.);
#929=ORIENTED_EDGE('',*,*,#2303,.F.);
#930=ORIENTED_EDGE('',*,*,#2304,.T.);
#931=ORIENTED_EDGE('',*,*,#2305,.T.);
#932=ORIENTED_EDGE('',*,*,#2306,.T.);
#933=ORIENTED_EDGE('',*,*,#2307,.F.);
#934=ORIENTED_EDGE('',*,*,#2308,.F.);
#935=ORIENTED_EDGE('',*,*,#2303,.T.);
#936=ORIENTED_EDGE('',*,*,#2309,.F.);
#937=ORIENTED_EDGE('',*,*,#2310,.F.);
#938=ORIENTED_EDGE('',*,*,#2311,.T.);
#939=ORIENTED_EDGE('',*,*,#2307,.T.);
#940=ORIENTED_EDGE('',*,*,#2312,.T.);
#941=ORIENTED_EDGE('',*,*,#2313,.F.);
#942=ORIENTED_EDGE('',*,*,#2314,.F.);
#943=ORIENTED_EDGE('',*,*,#2310,.T.);
#944=ORIENTED_EDGE('',*,*,#2315,.F.);
#945=ORIENTED_EDGE('',*,*,#2316,.F.);
#946=ORIENTED_EDGE('',*,*,#2317,.T.);
#947=ORIENTED_EDGE('',*,*,#2313,.T.);
#948=ORIENTED_EDGE('',*,*,#2318,.T.);
#949=ORIENTED_EDGE('',*,*,#2319,.F.);
#950=ORIENTED_EDGE('',*,*,#2320,.F.);
#951=ORIENTED_EDGE('',*,*,#2316,.T.);
#952=ORIENTED_EDGE('',*,*,#2321,.F.);
#953=ORIENTED_EDGE('',*,*,#2322,.F.);
#954=ORIENTED_EDGE('',*,*,#2323,.T.);
#955=ORIENTED_EDGE('',*,*,#2319,.T.);
#956=ORIENTED_EDGE('',*,*,#2324,.F.);
#957=ORIENTED_EDGE('',*,*,#2325,.F.);
#958=ORIENTED_EDGE('',*,*,#2326,.T.);
#959=ORIENTED_EDGE('',*,*,#2327,.T.);
#960=ORIENTED_EDGE('',*,*,#2328,.T.);
#961=ORIENTED_EDGE('',*,*,#2329,.F.);
#962=ORIENTED_EDGE('',*,*,#2330,.F.);
#963=ORIENTED_EDGE('',*,*,#2325,.T.);
#964=ORIENTED_EDGE('',*,*,#2331,.F.);
#965=ORIENTED_EDGE('',*,*,#2332,.F.);
#966=ORIENTED_EDGE('',*,*,#2333,.T.);
#967=ORIENTED_EDGE('',*,*,#2329,.T.);
#968=ORIENTED_EDGE('',*,*,#2334,.T.);
#969=ORIENTED_EDGE('',*,*,#2335,.F.);
#970=ORIENTED_EDGE('',*,*,#2336,.F.);
#971=ORIENTED_EDGE('',*,*,#2332,.T.);
#972=ORIENTED_EDGE('',*,*,#2337,.F.);
#973=ORIENTED_EDGE('',*,*,#2338,.F.);
#974=ORIENTED_EDGE('',*,*,#2339,.T.);
#975=ORIENTED_EDGE('',*,*,#2335,.T.);
#976=ORIENTED_EDGE('',*,*,#2340,.T.);
#977=ORIENTED_EDGE('',*,*,#2341,.F.);
#978=ORIENTED_EDGE('',*,*,#2342,.F.);
#979=ORIENTED_EDGE('',*,*,#2338,.T.);
#980=ORIENTED_EDGE('',*,*,#2343,.F.);
#981=ORIENTED_EDGE('',*,*,#2344,.F.);
#982=ORIENTED_EDGE('',*,*,#2345,.T.);
#983=ORIENTED_EDGE('',*,*,#2341,.T.);
#984=ORIENTED_EDGE('',*,*,#2346,.F.);
#985=ORIENTED_EDGE('',*,*,#2347,.F.);
#986=ORIENTED_EDGE('',*,*,#2348,.T.);
#987=ORIENTED_EDGE('',*,*,#2349,.T.);
#988=ORIENTED_EDGE('',*,*,#2350,.T.);
#989=ORIENTED_EDGE('',*,*,#2351,.F.);
#990=ORIENTED_EDGE('',*,*,#2352,.F.);
#991=ORIENTED_EDGE('',*,*,#2347,.T.);
#992=ORIENTED_EDGE('',*,*,#2353,.F.);
#993=ORIENTED_EDGE('',*,*,#2354,.F.);
#994=ORIENTED_EDGE('',*,*,#2355,.T.);
#995=ORIENTED_EDGE('',*,*,#2351,.T.);
#996=ORIENTED_EDGE('',*,*,#2356,.T.);
#997=ORIENTED_EDGE('',*,*,#2357,.F.);
#998=ORIENTED_EDGE('',*,*,#2358,.F.);
#999=ORIENTED_EDGE('',*,*,#2354,.T.);
#1000=ORIENTED_EDGE('',*,*,#2359,.F.);
#1001=ORIENTED_EDGE('',*,*,#2360,.F.);
#1002=ORIENTED_EDGE('',*,*,#2361,.T.);
#1003=ORIENTED_EDGE('',*,*,#2357,.T.);
#1004=ORIENTED_EDGE('',*,*,#2362,.T.);
#1005=ORIENTED_EDGE('',*,*,#2363,.F.);
#1006=ORIENTED_EDGE('',*,*,#2364,.F.);
#1007=ORIENTED_EDGE('',*,*,#2360,.T.);
#1008=ORIENTED_EDGE('',*,*,#2365,.F.);
#1009=ORIENTED_EDGE('',*,*,#2366,.F.);
#1010=ORIENTED_EDGE('',*,*,#2367,.T.);
#1011=ORIENTED_EDGE('',*,*,#2363,.T.);
#1012=ORIENTED_EDGE('',*,*,#2368,.F.);
#1013=ORIENTED_EDGE('',*,*,#2369,.F.);
#1014=ORIENTED_EDGE('',*,*,#2370,.T.);
#1015=ORIENTED_EDGE('',*,*,#2371,.T.);
#1016=ORIENTED_EDGE('',*,*,#2372,.T.);
#1017=ORIENTED_EDGE('',*,*,#2373,.F.);
#1018=ORIENTED_EDGE('',*,*,#2374,.F.);
#1019=ORIENTED_EDGE('',*,*,#2369,.T.);
#1020=ORIENTED_EDGE('',*,*,#2375,.F.);
#1021=ORIENTED_EDGE('',*,*,#2376,.F.);
#1022=ORIENTED_EDGE('',*,*,#2377,.T.);
#1023=ORIENTED_EDGE('',*,*,#2373,.T.);
#1024=ORIENTED_EDGE('',*,*,#2378,.T.);
#1025=ORIENTED_EDGE('',*,*,#2379,.F.);
#1026=ORIENTED_EDGE('',*,*,#2380,.F.);
#1027=ORIENTED_EDGE('',*,*,#2376,.T.);
#1028=ORIENTED_EDGE('',*,*,#2381,.F.);
#1029=ORIENTED_EDGE('',*,*,#2382,.F.);
#1030=ORIENTED_EDGE('',*,*,#2383,.T.);
#1031=ORIENTED_EDGE('',*,*,#2379,.T.);
#1032=ORIENTED_EDGE('',*,*,#2384,.T.);
#1033=ORIENTED_EDGE('',*,*,#2385,.F.);
#1034=ORIENTED_EDGE('',*,*,#2386,.F.);
#1035=ORIENTED_EDGE('',*,*,#2382,.T.);
#1036=ORIENTED_EDGE('',*,*,#2387,.F.);
#1037=ORIENTED_EDGE('',*,*,#2388,.F.);
#1038=ORIENTED_EDGE('',*,*,#2389,.T.);
#1039=ORIENTED_EDGE('',*,*,#2385,.T.);
#1040=ORIENTED_EDGE('',*,*,#2390,.F.);
#1041=ORIENTED_EDGE('',*,*,#2391,.F.);
#1042=ORIENTED_EDGE('',*,*,#2392,.T.);
#1043=ORIENTED_EDGE('',*,*,#2393,.T.);
#1044=ORIENTED_EDGE('',*,*,#2394,.T.);
#1045=ORIENTED_EDGE('',*,*,#2395,.F.);
#1046=ORIENTED_EDGE('',*,*,#2396,.F.);
#1047=ORIENTED_EDGE('',*,*,#2391,.T.);
#1048=ORIENTED_EDGE('',*,*,#2397,.F.);
#1049=ORIENTED_EDGE('',*,*,#2398,.F.);
#1050=ORIENTED_EDGE('',*,*,#2399,.T.);
#1051=ORIENTED_EDGE('',*,*,#2395,.T.);
#1052=ORIENTED_EDGE('',*,*,#2400,.T.);
#1053=ORIENTED_EDGE('',*,*,#2401,.F.);
#1054=ORIENTED_EDGE('',*,*,#2402,.F.);
#1055=ORIENTED_EDGE('',*,*,#2398,.T.);
#1056=ORIENTED_EDGE('',*,*,#2403,.F.);
#1057=ORIENTED_EDGE('',*,*,#2404,.F.);
#1058=ORIENTED_EDGE('',*,*,#2405,.T.);
#1059=ORIENTED_EDGE('',*,*,#2401,.T.);
#1060=ORIENTED_EDGE('',*,*,#2406,.T.);
#1061=ORIENTED_EDGE('',*,*,#2407,.F.);
#1062=ORIENTED_EDGE('',*,*,#2408,.F.);
#1063=ORIENTED_EDGE('',*,*,#2404,.T.);
#1064=ORIENTED_EDGE('',*,*,#2409,.F.);
#1065=ORIENTED_EDGE('',*,*,#2410,.F.);
#1066=ORIENTED_EDGE('',*,*,#2411,.T.);
#1067=ORIENTED_EDGE('',*,*,#2407,.T.);
#1068=ORIENTED_EDGE('',*,*,#2412,.F.);
#1069=ORIENTED_EDGE('',*,*,#2413,.F.);
#1070=ORIENTED_EDGE('',*,*,#2414,.T.);
#1071=ORIENTED_EDGE('',*,*,#2415,.T.);
#1072=ORIENTED_EDGE('',*,*,#2416,.T.);
#1073=ORIENTED_EDGE('',*,*,#2417,.F.);
#1074=ORIENTED_EDGE('',*,*,#2418,.F.);
#1075=ORIENTED_EDGE('',*,*,#2413,.T.);
#1076=ORIENTED_EDGE('',*,*,#2419,.F.);
#1077=ORIENTED_EDGE('',*,*,#2420,.F.);
#1078=ORIENTED_EDGE('',*,*,#2421,.T.);
#1079=ORIENTED_EDGE('',*,*,#2417,.T.);
#1080=ORIENTED_EDGE('',*,*,#2422,.T.);
#1081=ORIENTED_EDGE('',*,*,#2423,.F.);
#1082=ORIENTED_EDGE('',*,*,#2424,.F.);
#1083=ORIENTED_EDGE('',*,*,#2420,.T.);
#1084=ORIENTED_EDGE('',*,*,#2425,.F.);
#1085=ORIENTED_EDGE('',*,*,#2426,.F.);
#1086=ORIENTED_EDGE('',*,*,#2427,.T.);
#1087=ORIENTED_EDGE('',*,*,#2423,.T.);
#1088=ORIENTED_EDGE('',*,*,#2428,.T.);
#1089=ORIENTED_EDGE('',*,*,#2429,.F.);
#1090=ORIENTED_EDGE('',*,*,#2430,.F.);
#1091=ORIENTED_EDGE('',*,*,#2426,.T.);
#1092=ORIENTED_EDGE('',*,*,#2431,.F.);
#1093=ORIENTED_EDGE('',*,*,#2432,.F.);
#1094=ORIENTED_EDGE('',*,*,#2433,.T.);
#1095=ORIENTED_EDGE('',*,*,#2429,.T.);
#1096=ORIENTED_EDGE('',*,*,#2434,.F.);
#1097=ORIENTED_EDGE('',*,*,#2435,.F.);
#1098=ORIENTED_EDGE('',*,*,#2436,.T.);
#1099=ORIENTED_EDGE('',*,*,#2437,.T.);
#1100=ORIENTED_EDGE('',*,*,#2438,.T.);
#1101=ORIENTED_EDGE('',*,*,#2439,.F.);
#1102=ORIENTED_EDGE('',*,*,#2440,.F.);
#1103=ORIENTED_EDGE('',*,*,#2435,.T.);
#1104=ORIENTED_EDGE('',*,*,#2441,.F.);
#1105=ORIENTED_EDGE('',*,*,#2442,.F.);
#1106=ORIENTED_EDGE('',*,*,#2443,.T.);
#1107=ORIENTED_EDGE('',*,*,#2439,.T.);
#1108=ORIENTED_EDGE('',*,*,#2444,.T.);
#1109=ORIENTED_EDGE('',*,*,#2445,.F.);
#1110=ORIENTED_EDGE('',*,*,#2446,.F.);
#1111=ORIENTED_EDGE('',*,*,#2442,.T.);
#1112=ORIENTED_EDGE('',*,*,#2447,.F.);
#1113=ORIENTED_EDGE('',*,*,#2448,.F.);
#1114=ORIENTED_EDGE('',*,*,#2449,.T.);
#1115=ORIENTED_EDGE('',*,*,#2445,.T.);
#1116=ORIENTED_EDGE('',*,*,#2450,.T.);
#1117=ORIENTED_EDGE('',*,*,#2451,.F.);
#1118=ORIENTED_EDGE('',*,*,#2452,.F.);
#1119=ORIENTED_EDGE('',*,*,#2448,.T.);
#1120=ORIENTED_EDGE('',*,*,#2453,.F.);
#1121=ORIENTED_EDGE('',*,*,#2454,.F.);
#1122=ORIENTED_EDGE('',*,*,#2455,.T.);
#1123=ORIENTED_EDGE('',*,*,#2451,.T.);
#1124=ORIENTED_EDGE('',*,*,#2456,.F.);
#1125=ORIENTED_EDGE('',*,*,#2457,.F.);
#1126=ORIENTED_EDGE('',*,*,#2458,.T.);
#1127=ORIENTED_EDGE('',*,*,#2459,.T.);
#1128=ORIENTED_EDGE('',*,*,#2460,.T.);
#1129=ORIENTED_EDGE('',*,*,#2461,.F.);
#1130=ORIENTED_EDGE('',*,*,#2462,.F.);
#1131=ORIENTED_EDGE('',*,*,#2457,.T.);
#1132=ORIENTED_EDGE('',*,*,#2463,.F.);
#1133=ORIENTED_EDGE('',*,*,#2464,.F.);
#1134=ORIENTED_EDGE('',*,*,#2465,.T.);
#1135=ORIENTED_EDGE('',*,*,#2461,.T.);
#1136=ORIENTED_EDGE('',*,*,#2466,.T.);
#1137=ORIENTED_EDGE('',*,*,#2467,.F.);
#1138=ORIENTED_EDGE('',*,*,#2468,.F.);
#1139=ORIENTED_EDGE('',*,*,#2464,.T.);
#1140=ORIENTED_EDGE('',*,*,#2469,.F.);
#1141=ORIENTED_EDGE('',*,*,#2470,.F.);
#1142=ORIENTED_EDGE('',*,*,#2471,.T.);
#1143=ORIENTED_EDGE('',*,*,#2467,.T.);
#1144=ORIENTED_EDGE('',*,*,#2472,.T.);
#1145=ORIENTED_EDGE('',*,*,#2473,.F.);
#1146=ORIENTED_EDGE('',*,*,#2474,.F.);
#1147=ORIENTED_EDGE('',*,*,#2470,.T.);
#1148=ORIENTED_EDGE('',*,*,#2475,.F.);
#1149=ORIENTED_EDGE('',*,*,#2476,.F.);
#1150=ORIENTED_EDGE('',*,*,#2477,.T.);
#1151=ORIENTED_EDGE('',*,*,#2473,.T.);
#1152=ORIENTED_EDGE('',*,*,#2478,.F.);
#1153=ORIENTED_EDGE('',*,*,#2479,.F.);
#1154=ORIENTED_EDGE('',*,*,#2480,.T.);
#1155=ORIENTED_EDGE('',*,*,#2481,.T.);
#1156=ORIENTED_EDGE('',*,*,#2482,.T.);
#1157=ORIENTED_EDGE('',*,*,#2483,.F.);
#1158=ORIENTED_EDGE('',*,*,#2484,.F.);
#1159=ORIENTED_EDGE('',*,*,#2479,.T.);
#1160=ORIENTED_EDGE('',*,*,#2485,.F.);
#1161=ORIENTED_EDGE('',*,*,#2486,.F.);
#1162=ORIENTED_EDGE('',*,*,#2487,.T.);
#1163=ORIENTED_EDGE('',*,*,#2483,.T.);
#1164=ORIENTED_EDGE('',*,*,#2488,.T.);
#1165=ORIENTED_EDGE('',*,*,#2489,.F.);
#1166=ORIENTED_EDGE('',*,*,#2490,.F.);
#1167=ORIENTED_EDGE('',*,*,#2486,.T.);
#1168=ORIENTED_EDGE('',*,*,#2491,.F.);
#1169=ORIENTED_EDGE('',*,*,#2492,.F.);
#1170=ORIENTED_EDGE('',*,*,#2493,.T.);
#1171=ORIENTED_EDGE('',*,*,#2489,.T.);
#1172=ORIENTED_EDGE('',*,*,#2494,.T.);
#1173=ORIENTED_EDGE('',*,*,#2495,.F.);
#1174=ORIENTED_EDGE('',*,*,#2496,.F.);
#1175=ORIENTED_EDGE('',*,*,#2492,.T.);
#1176=ORIENTED_EDGE('',*,*,#2497,.F.);
#1177=ORIENTED_EDGE('',*,*,#2498,.F.);
#1178=ORIENTED_EDGE('',*,*,#2499,.T.);
#1179=ORIENTED_EDGE('',*,*,#2495,.T.);
#1180=ORIENTED_EDGE('',*,*,#2500,.F.);
#1181=ORIENTED_EDGE('',*,*,#2501,.F.);
#1182=ORIENTED_EDGE('',*,*,#2502,.T.);
#1183=ORIENTED_EDGE('',*,*,#2503,.T.);
#1184=ORIENTED_EDGE('',*,*,#2504,.T.);
#1185=ORIENTED_EDGE('',*,*,#2505,.F.);
#1186=ORIENTED_EDGE('',*,*,#2506,.F.);
#1187=ORIENTED_EDGE('',*,*,#2501,.T.);
#1188=ORIENTED_EDGE('',*,*,#2507,.F.);
#1189=ORIENTED_EDGE('',*,*,#2508,.F.);
#1190=ORIENTED_EDGE('',*,*,#2509,.T.);
#1191=ORIENTED_EDGE('',*,*,#2505,.T.);
#1192=ORIENTED_EDGE('',*,*,#2510,.T.);
#1193=ORIENTED_EDGE('',*,*,#2511,.F.);
#1194=ORIENTED_EDGE('',*,*,#2512,.F.);
#1195=ORIENTED_EDGE('',*,*,#2508,.T.);
#1196=ORIENTED_EDGE('',*,*,#2513,.F.);
#1197=ORIENTED_EDGE('',*,*,#2514,.F.);
#1198=ORIENTED_EDGE('',*,*,#2515,.T.);
#1199=ORIENTED_EDGE('',*,*,#2511,.T.);
#1200=ORIENTED_EDGE('',*,*,#2516,.T.);
#1201=ORIENTED_EDGE('',*,*,#2517,.F.);
#1202=ORIENTED_EDGE('',*,*,#2518,.F.);
#1203=ORIENTED_EDGE('',*,*,#2514,.T.);
#1204=ORIENTED_EDGE('',*,*,#2519,.F.);
#1205=ORIENTED_EDGE('',*,*,#2520,.F.);
#1206=ORIENTED_EDGE('',*,*,#2521,.T.);
#1207=ORIENTED_EDGE('',*,*,#2517,.T.);
#1208=ORIENTED_EDGE('',*,*,#2522,.F.);
#1209=ORIENTED_EDGE('',*,*,#2523,.F.);
#1210=ORIENTED_EDGE('',*,*,#2524,.T.);
#1211=ORIENTED_EDGE('',*,*,#2525,.T.);
#1212=ORIENTED_EDGE('',*,*,#2526,.T.);
#1213=ORIENTED_EDGE('',*,*,#2527,.F.);
#1214=ORIENTED_EDGE('',*,*,#2528,.F.);
#1215=ORIENTED_EDGE('',*,*,#2523,.T.);
#1216=ORIENTED_EDGE('',*,*,#2529,.F.);
#1217=ORIENTED_EDGE('',*,*,#2530,.F.);
#1218=ORIENTED_EDGE('',*,*,#2531,.T.);
#1219=ORIENTED_EDGE('',*,*,#2527,.T.);
#1220=ORIENTED_EDGE('',*,*,#2532,.T.);
#1221=ORIENTED_EDGE('',*,*,#2533,.F.);
#1222=ORIENTED_EDGE('',*,*,#2534,.F.);
#1223=ORIENTED_EDGE('',*,*,#2530,.T.);
#1224=ORIENTED_EDGE('',*,*,#2535,.F.);
#1225=ORIENTED_EDGE('',*,*,#2536,.F.);
#1226=ORIENTED_EDGE('',*,*,#2537,.T.);
#1227=ORIENTED_EDGE('',*,*,#2533,.T.);
#1228=ORIENTED_EDGE('',*,*,#2538,.T.);
#1229=ORIENTED_EDGE('',*,*,#2539,.F.);
#1230=ORIENTED_EDGE('',*,*,#2540,.F.);
#1231=ORIENTED_EDGE('',*,*,#2536,.T.);
#1232=ORIENTED_EDGE('',*,*,#2541,.F.);
#1233=ORIENTED_EDGE('',*,*,#2542,.F.);
#1234=ORIENTED_EDGE('',*,*,#2543,.T.);
#1235=ORIENTED_EDGE('',*,*,#2539,.T.);
#1236=ORIENTED_EDGE('',*,*,#2544,.T.);
#1237=ORIENTED_EDGE('',*,*,#1887,.F.);
#1238=ORIENTED_EDGE('',*,*,#2545,.F.);
#1239=ORIENTED_EDGE('',*,*,#1904,.T.);
#1240=ORIENTED_EDGE('',*,*,#2546,.T.);
#1241=ORIENTED_EDGE('',*,*,#1909,.F.);
#1242=ORIENTED_EDGE('',*,*,#2547,.F.);
#1243=ORIENTED_EDGE('',*,*,#1926,.T.);
#1244=ORIENTED_EDGE('',*,*,#2548,.T.);
#1245=ORIENTED_EDGE('',*,*,#1931,.F.);
#1246=ORIENTED_EDGE('',*,*,#2549,.F.);
#1247=ORIENTED_EDGE('',*,*,#1948,.T.);
#1248=ORIENTED_EDGE('',*,*,#2550,.T.);
#1249=ORIENTED_EDGE('',*,*,#1953,.F.);
#1250=ORIENTED_EDGE('',*,*,#2551,.F.);
#1251=ORIENTED_EDGE('',*,*,#1970,.T.);
#1252=ORIENTED_EDGE('',*,*,#2552,.T.);
#1253=ORIENTED_EDGE('',*,*,#1975,.F.);
#1254=ORIENTED_EDGE('',*,*,#2553,.F.);
#1255=ORIENTED_EDGE('',*,*,#1992,.T.);
#1256=ORIENTED_EDGE('',*,*,#2554,.T.);
#1257=ORIENTED_EDGE('',*,*,#1997,.F.);
#1258=ORIENTED_EDGE('',*,*,#2555,.F.);
#1259=ORIENTED_EDGE('',*,*,#2014,.T.);
#1260=ORIENTED_EDGE('',*,*,#2556,.T.);
#1261=ORIENTED_EDGE('',*,*,#2019,.F.);
#1262=ORIENTED_EDGE('',*,*,#2557,.F.);
#1263=ORIENTED_EDGE('',*,*,#2036,.T.);
#1264=ORIENTED_EDGE('',*,*,#2558,.T.);
#1265=ORIENTED_EDGE('',*,*,#2041,.F.);
#1266=ORIENTED_EDGE('',*,*,#2559,.F.);
#1267=ORIENTED_EDGE('',*,*,#2058,.T.);
#1268=ORIENTED_EDGE('',*,*,#2560,.T.);
#1269=ORIENTED_EDGE('',*,*,#2063,.F.);
#1270=ORIENTED_EDGE('',*,*,#2561,.F.);
#1271=ORIENTED_EDGE('',*,*,#2080,.T.);
#1272=ORIENTED_EDGE('',*,*,#2562,.T.);
#1273=ORIENTED_EDGE('',*,*,#2085,.F.);
#1274=ORIENTED_EDGE('',*,*,#2563,.F.);
#1275=ORIENTED_EDGE('',*,*,#2102,.T.);
#1276=ORIENTED_EDGE('',*,*,#2564,.T.);
#1277=ORIENTED_EDGE('',*,*,#2107,.F.);
#1278=ORIENTED_EDGE('',*,*,#2565,.F.);
#1279=ORIENTED_EDGE('',*,*,#2124,.T.);
#1280=ORIENTED_EDGE('',*,*,#2566,.T.);
#1281=ORIENTED_EDGE('',*,*,#2129,.F.);
#1282=ORIENTED_EDGE('',*,*,#2567,.F.);
#1283=ORIENTED_EDGE('',*,*,#2146,.T.);
#1284=ORIENTED_EDGE('',*,*,#2568,.T.);
#1285=ORIENTED_EDGE('',*,*,#2151,.F.);
#1286=ORIENTED_EDGE('',*,*,#2569,.F.);
#1287=ORIENTED_EDGE('',*,*,#2168,.T.);
#1288=ORIENTED_EDGE('',*,*,#2570,.T.);
#1289=ORIENTED_EDGE('',*,*,#2173,.F.);
#1290=ORIENTED_EDGE('',*,*,#2571,.F.);
#1291=ORIENTED_EDGE('',*,*,#2190,.T.);
#1292=ORIENTED_EDGE('',*,*,#2572,.T.);
#1293=ORIENTED_EDGE('',*,*,#2195,.F.);
#1294=ORIENTED_EDGE('',*,*,#2573,.F.);
#1295=ORIENTED_EDGE('',*,*,#2212,.T.);
#1296=ORIENTED_EDGE('',*,*,#2574,.T.);
#1297=ORIENTED_EDGE('',*,*,#2217,.F.);
#1298=ORIENTED_EDGE('',*,*,#2575,.F.);
#1299=ORIENTED_EDGE('',*,*,#2234,.T.);
#1300=ORIENTED_EDGE('',*,*,#2576,.T.);
#1301=ORIENTED_EDGE('',*,*,#2239,.F.);
#1302=ORIENTED_EDGE('',*,*,#2577,.F.);
#1303=ORIENTED_EDGE('',*,*,#2256,.T.);
#1304=ORIENTED_EDGE('',*,*,#2578,.T.);
#1305=ORIENTED_EDGE('',*,*,#2261,.F.);
#1306=ORIENTED_EDGE('',*,*,#2579,.F.);
#1307=ORIENTED_EDGE('',*,*,#2278,.T.);
#1308=ORIENTED_EDGE('',*,*,#2580,.T.);
#1309=ORIENTED_EDGE('',*,*,#2283,.F.);
#1310=ORIENTED_EDGE('',*,*,#2581,.F.);
#1311=ORIENTED_EDGE('',*,*,#2300,.T.);
#1312=ORIENTED_EDGE('',*,*,#2582,.T.);
#1313=ORIENTED_EDGE('',*,*,#2305,.F.);
#1314=ORIENTED_EDGE('',*,*,#2583,.F.);
#1315=ORIENTED_EDGE('',*,*,#2322,.T.);
#1316=ORIENTED_EDGE('',*,*,#2584,.T.);
#1317=ORIENTED_EDGE('',*,*,#2327,.F.);
#1318=ORIENTED_EDGE('',*,*,#2585,.F.);
#1319=ORIENTED_EDGE('',*,*,#2344,.T.);
#1320=ORIENTED_EDGE('',*,*,#2586,.T.);
#1321=ORIENTED_EDGE('',*,*,#2349,.F.);
#1322=ORIENTED_EDGE('',*,*,#2587,.F.);
#1323=ORIENTED_EDGE('',*,*,#2366,.T.);
#1324=ORIENTED_EDGE('',*,*,#2588,.T.);
#1325=ORIENTED_EDGE('',*,*,#2371,.F.);
#1326=ORIENTED_EDGE('',*,*,#2589,.F.);
#1327=ORIENTED_EDGE('',*,*,#2388,.T.);
#1328=ORIENTED_EDGE('',*,*,#2590,.T.);
#1329=ORIENTED_EDGE('',*,*,#2393,.F.);
#1330=ORIENTED_EDGE('',*,*,#2591,.F.);
#1331=ORIENTED_EDGE('',*,*,#2410,.T.);
#1332=ORIENTED_EDGE('',*,*,#2592,.T.);
#1333=ORIENTED_EDGE('',*,*,#2415,.F.);
#1334=ORIENTED_EDGE('',*,*,#2593,.F.);
#1335=ORIENTED_EDGE('',*,*,#2432,.T.);
#1336=ORIENTED_EDGE('',*,*,#2594,.T.);
#1337=ORIENTED_EDGE('',*,*,#2437,.F.);
#1338=ORIENTED_EDGE('',*,*,#2595,.F.);
#1339=ORIENTED_EDGE('',*,*,#2454,.T.);
#1340=ORIENTED_EDGE('',*,*,#2596,.T.);
#1341=ORIENTED_EDGE('',*,*,#2459,.F.);
#1342=ORIENTED_EDGE('',*,*,#2597,.F.);
#1343=ORIENTED_EDGE('',*,*,#2476,.T.);
#1344=ORIENTED_EDGE('',*,*,#2598,.T.);
#1345=ORIENTED_EDGE('',*,*,#2481,.F.);
#1346=ORIENTED_EDGE('',*,*,#2599,.F.);
#1347=ORIENTED_EDGE('',*,*,#2498,.T.);
#1348=ORIENTED_EDGE('',*,*,#2600,.T.);
#1349=ORIENTED_EDGE('',*,*,#2503,.F.);
#1350=ORIENTED_EDGE('',*,*,#2601,.F.);
#1351=ORIENTED_EDGE('',*,*,#2520,.T.);
#1352=ORIENTED_EDGE('',*,*,#2602,.T.);
#1353=ORIENTED_EDGE('',*,*,#2525,.F.);
#1354=ORIENTED_EDGE('',*,*,#2603,.F.);
#1355=ORIENTED_EDGE('',*,*,#2542,.T.);
#1356=ORIENTED_EDGE('',*,*,#2604,.T.);
#1357=ORIENTED_EDGE('',*,*,#2605,.T.);
#1358=ORIENTED_EDGE('',*,*,#2606,.F.);
#1359=ORIENTED_EDGE('',*,*,#2607,.T.);
#1360=ORIENTED_EDGE('',*,*,#2524,.F.);
#1361=ORIENTED_EDGE('',*,*,#2528,.T.);
#1362=ORIENTED_EDGE('',*,*,#2531,.F.);
#1363=ORIENTED_EDGE('',*,*,#2534,.T.);
#1364=ORIENTED_EDGE('',*,*,#2537,.F.);
#1365=ORIENTED_EDGE('',*,*,#2540,.T.);
#1366=ORIENTED_EDGE('',*,*,#2543,.F.);
#1367=ORIENTED_EDGE('',*,*,#2603,.T.);
#1368=ORIENTED_EDGE('',*,*,#2502,.F.);
#1369=ORIENTED_EDGE('',*,*,#2506,.T.);
#1370=ORIENTED_EDGE('',*,*,#2509,.F.);
#1371=ORIENTED_EDGE('',*,*,#2512,.T.);
#1372=ORIENTED_EDGE('',*,*,#2515,.F.);
#1373=ORIENTED_EDGE('',*,*,#2518,.T.);
#1374=ORIENTED_EDGE('',*,*,#2521,.F.);
#1375=ORIENTED_EDGE('',*,*,#2601,.T.);
#1376=ORIENTED_EDGE('',*,*,#2480,.F.);
#1377=ORIENTED_EDGE('',*,*,#2484,.T.);
#1378=ORIENTED_EDGE('',*,*,#2487,.F.);
#1379=ORIENTED_EDGE('',*,*,#2490,.T.);
#1380=ORIENTED_EDGE('',*,*,#2493,.F.);
#1381=ORIENTED_EDGE('',*,*,#2496,.T.);
#1382=ORIENTED_EDGE('',*,*,#2499,.F.);
#1383=ORIENTED_EDGE('',*,*,#2599,.T.);
#1384=ORIENTED_EDGE('',*,*,#2458,.F.);
#1385=ORIENTED_EDGE('',*,*,#2462,.T.);
#1386=ORIENTED_EDGE('',*,*,#2465,.F.);
#1387=ORIENTED_EDGE('',*,*,#2468,.T.);
#1388=ORIENTED_EDGE('',*,*,#2471,.F.);
#1389=ORIENTED_EDGE('',*,*,#2474,.T.);
#1390=ORIENTED_EDGE('',*,*,#2477,.F.);
#1391=ORIENTED_EDGE('',*,*,#2597,.T.);
#1392=ORIENTED_EDGE('',*,*,#2436,.F.);
#1393=ORIENTED_EDGE('',*,*,#2440,.T.);
#1394=ORIENTED_EDGE('',*,*,#2443,.F.);
#1395=ORIENTED_EDGE('',*,*,#2446,.T.);
#1396=ORIENTED_EDGE('',*,*,#2449,.F.);
#1397=ORIENTED_EDGE('',*,*,#2452,.T.);
#1398=ORIENTED_EDGE('',*,*,#2455,.F.);
#1399=ORIENTED_EDGE('',*,*,#2595,.T.);
#1400=ORIENTED_EDGE('',*,*,#2414,.F.);
#1401=ORIENTED_EDGE('',*,*,#2418,.T.);
#1402=ORIENTED_EDGE('',*,*,#2421,.F.);
#1403=ORIENTED_EDGE('',*,*,#2424,.T.);
#1404=ORIENTED_EDGE('',*,*,#2427,.F.);
#1405=ORIENTED_EDGE('',*,*,#2430,.T.);
#1406=ORIENTED_EDGE('',*,*,#2433,.F.);
#1407=ORIENTED_EDGE('',*,*,#2593,.T.);
#1408=ORIENTED_EDGE('',*,*,#2392,.F.);
#1409=ORIENTED_EDGE('',*,*,#2396,.T.);
#1410=ORIENTED_EDGE('',*,*,#2399,.F.);
#1411=ORIENTED_EDGE('',*,*,#2402,.T.);
#1412=ORIENTED_EDGE('',*,*,#2405,.F.);
#1413=ORIENTED_EDGE('',*,*,#2408,.T.);
#1414=ORIENTED_EDGE('',*,*,#2411,.F.);
#1415=ORIENTED_EDGE('',*,*,#2591,.T.);
#1416=ORIENTED_EDGE('',*,*,#2370,.F.);
#1417=ORIENTED_EDGE('',*,*,#2374,.T.);
#1418=ORIENTED_EDGE('',*,*,#2377,.F.);
#1419=ORIENTED_EDGE('',*,*,#2380,.T.);
#1420=ORIENTED_EDGE('',*,*,#2383,.F.);
#1421=ORIENTED_EDGE('',*,*,#2386,.T.);
#1422=ORIENTED_EDGE('',*,*,#2389,.F.);
#1423=ORIENTED_EDGE('',*,*,#2589,.T.);
#1424=ORIENTED_EDGE('',*,*,#2348,.F.);
#1425=ORIENTED_EDGE('',*,*,#2352,.T.);
#1426=ORIENTED_EDGE('',*,*,#2355,.F.);
#1427=ORIENTED_EDGE('',*,*,#2358,.T.);
#1428=ORIENTED_EDGE('',*,*,#2361,.F.);
#1429=ORIENTED_EDGE('',*,*,#2364,.T.);
#1430=ORIENTED_EDGE('',*,*,#2367,.F.);
#1431=ORIENTED_EDGE('',*,*,#2587,.T.);
#1432=ORIENTED_EDGE('',*,*,#2326,.F.);
#1433=ORIENTED_EDGE('',*,*,#2330,.T.);
#1434=ORIENTED_EDGE('',*,*,#2333,.F.);
#1435=ORIENTED_EDGE('',*,*,#2336,.T.);
#1436=ORIENTED_EDGE('',*,*,#2339,.F.);
#1437=ORIENTED_EDGE('',*,*,#2342,.T.);
#1438=ORIENTED_EDGE('',*,*,#2345,.F.);
#1439=ORIENTED_EDGE('',*,*,#2585,.T.);
#1440=ORIENTED_EDGE('',*,*,#2304,.F.);
#1441=ORIENTED_EDGE('',*,*,#2308,.T.);
#1442=ORIENTED_EDGE('',*,*,#2311,.F.);
#1443=ORIENTED_EDGE('',*,*,#2314,.T.);
#1444=ORIENTED_EDGE('',*,*,#2317,.F.);
#1445=ORIENTED_EDGE('',*,*,#2320,.T.);
#1446=ORIENTED_EDGE('',*,*,#2323,.F.);
#1447=ORIENTED_EDGE('',*,*,#2583,.T.);
#1448=ORIENTED_EDGE('',*,*,#2282,.F.);
#1449=ORIENTED_EDGE('',*,*,#2286,.T.);
#1450=ORIENTED_EDGE('',*,*,#2289,.F.);
#1451=ORIENTED_EDGE('',*,*,#2292,.T.);
#1452=ORIENTED_EDGE('',*,*,#2295,.F.);
#1453=ORIENTED_EDGE('',*,*,#2298,.T.);
#1454=ORIENTED_EDGE('',*,*,#2301,.F.);
#1455=ORIENTED_EDGE('',*,*,#2581,.T.);
#1456=ORIENTED_EDGE('',*,*,#2260,.F.);
#1457=ORIENTED_EDGE('',*,*,#2264,.T.);
#1458=ORIENTED_EDGE('',*,*,#2267,.F.);
#1459=ORIENTED_EDGE('',*,*,#2270,.T.);
#1460=ORIENTED_EDGE('',*,*,#2273,.F.);
#1461=ORIENTED_EDGE('',*,*,#2276,.T.);
#1462=ORIENTED_EDGE('',*,*,#2279,.F.);
#1463=ORIENTED_EDGE('',*,*,#2579,.T.);
#1464=ORIENTED_EDGE('',*,*,#2238,.F.);
#1465=ORIENTED_EDGE('',*,*,#2242,.T.);
#1466=ORIENTED_EDGE('',*,*,#2245,.F.);
#1467=ORIENTED_EDGE('',*,*,#2248,.T.);
#1468=ORIENTED_EDGE('',*,*,#2251,.F.);
#1469=ORIENTED_EDGE('',*,*,#2254,.T.);
#1470=ORIENTED_EDGE('',*,*,#2257,.F.);
#1471=ORIENTED_EDGE('',*,*,#2577,.T.);
#1472=ORIENTED_EDGE('',*,*,#2216,.F.);
#1473=ORIENTED_EDGE('',*,*,#2220,.T.);
#1474=ORIENTED_EDGE('',*,*,#2223,.F.);
#1475=ORIENTED_EDGE('',*,*,#2226,.T.);
#1476=ORIENTED_EDGE('',*,*,#2229,.F.);
#1477=ORIENTED_EDGE('',*,*,#2232,.T.);
#1478=ORIENTED_EDGE('',*,*,#2235,.F.);
#1479=ORIENTED_EDGE('',*,*,#2575,.T.);
#1480=ORIENTED_EDGE('',*,*,#2194,.F.);
#1481=ORIENTED_EDGE('',*,*,#2198,.T.);
#1482=ORIENTED_EDGE('',*,*,#2201,.F.);
#1483=ORIENTED_EDGE('',*,*,#2204,.T.);
#1484=ORIENTED_EDGE('',*,*,#2207,.F.);
#1485=ORIENTED_EDGE('',*,*,#2210,.T.);
#1486=ORIENTED_EDGE('',*,*,#2213,.F.);
#1487=ORIENTED_EDGE('',*,*,#2573,.T.);
#1488=ORIENTED_EDGE('',*,*,#2172,.F.);
#1489=ORIENTED_EDGE('',*,*,#2176,.T.);
#1490=ORIENTED_EDGE('',*,*,#2179,.F.);
#1491=ORIENTED_EDGE('',*,*,#2182,.T.);
#1492=ORIENTED_EDGE('',*,*,#2185,.F.);
#1493=ORIENTED_EDGE('',*,*,#2188,.T.);
#1494=ORIENTED_EDGE('',*,*,#2191,.F.);
#1495=ORIENTED_EDGE('',*,*,#2571,.T.);
#1496=ORIENTED_EDGE('',*,*,#2150,.F.);
#1497=ORIENTED_EDGE('',*,*,#2154,.T.);
#1498=ORIENTED_EDGE('',*,*,#2157,.F.);
#1499=ORIENTED_EDGE('',*,*,#2160,.T.);
#1500=ORIENTED_EDGE('',*,*,#2163,.F.);
#1501=ORIENTED_EDGE('',*,*,#2166,.T.);
#1502=ORIENTED_EDGE('',*,*,#2169,.F.);
#1503=ORIENTED_EDGE('',*,*,#2569,.T.);
#1504=ORIENTED_EDGE('',*,*,#2128,.F.);
#1505=ORIENTED_EDGE('',*,*,#2132,.T.);
#1506=ORIENTED_EDGE('',*,*,#2135,.F.);
#1507=ORIENTED_EDGE('',*,*,#2138,.T.);
#1508=ORIENTED_EDGE('',*,*,#2141,.F.);
#1509=ORIENTED_EDGE('',*,*,#2144,.T.);
#1510=ORIENTED_EDGE('',*,*,#2147,.F.);
#1511=ORIENTED_EDGE('',*,*,#2567,.T.);
#1512=ORIENTED_EDGE('',*,*,#2106,.F.);
#1513=ORIENTED_EDGE('',*,*,#2110,.T.);
#1514=ORIENTED_EDGE('',*,*,#2113,.F.);
#1515=ORIENTED_EDGE('',*,*,#2116,.T.);
#1516=ORIENTED_EDGE('',*,*,#2119,.F.);
#1517=ORIENTED_EDGE('',*,*,#2122,.T.);
#1518=ORIENTED_EDGE('',*,*,#2125,.F.);
#1519=ORIENTED_EDGE('',*,*,#2565,.T.);
#1520=ORIENTED_EDGE('',*,*,#2084,.F.);
#1521=ORIENTED_EDGE('',*,*,#2088,.T.);
#1522=ORIENTED_EDGE('',*,*,#2091,.F.);
#1523=ORIENTED_EDGE('',*,*,#2094,.T.);
#1524=ORIENTED_EDGE('',*,*,#2097,.F.);
#1525=ORIENTED_EDGE('',*,*,#2100,.T.);
#1526=ORIENTED_EDGE('',*,*,#2103,.F.);
#1527=ORIENTED_EDGE('',*,*,#2563,.T.);
#1528=ORIENTED_EDGE('',*,*,#2062,.F.);
#1529=ORIENTED_EDGE('',*,*,#2066,.T.);
#1530=ORIENTED_EDGE('',*,*,#2069,.F.);
#1531=ORIENTED_EDGE('',*,*,#2072,.T.);
#1532=ORIENTED_EDGE('',*,*,#2075,.F.);
#1533=ORIENTED_EDGE('',*,*,#2078,.T.);
#1534=ORIENTED_EDGE('',*,*,#2081,.F.);
#1535=ORIENTED_EDGE('',*,*,#2561,.T.);
#1536=ORIENTED_EDGE('',*,*,#2040,.F.);
#1537=ORIENTED_EDGE('',*,*,#2044,.T.);
#1538=ORIENTED_EDGE('',*,*,#2047,.F.);
#1539=ORIENTED_EDGE('',*,*,#2050,.T.);
#1540=ORIENTED_EDGE('',*,*,#2053,.F.);
#1541=ORIENTED_EDGE('',*,*,#2056,.T.);
#1542=ORIENTED_EDGE('',*,*,#2059,.F.);
#1543=ORIENTED_EDGE('',*,*,#2559,.T.);
#1544=ORIENTED_EDGE('',*,*,#2018,.F.);
#1545=ORIENTED_EDGE('',*,*,#2022,.T.);
#1546=ORIENTED_EDGE('',*,*,#2025,.F.);
#1547=ORIENTED_EDGE('',*,*,#2028,.T.);
#1548=ORIENTED_EDGE('',*,*,#2031,.F.);
#1549=ORIENTED_EDGE('',*,*,#2034,.T.);
#1550=ORIENTED_EDGE('',*,*,#2037,.F.);
#1551=ORIENTED_EDGE('',*,*,#2557,.T.);
#1552=ORIENTED_EDGE('',*,*,#1996,.F.);
#1553=ORIENTED_EDGE('',*,*,#2000,.T.);
#1554=ORIENTED_EDGE('',*,*,#2003,.F.);
#1555=ORIENTED_EDGE('',*,*,#2006,.T.);
#1556=ORIENTED_EDGE('',*,*,#2009,.F.);
#1557=ORIENTED_EDGE('',*,*,#2012,.T.);
#1558=ORIENTED_EDGE('',*,*,#2015,.F.);
#1559=ORIENTED_EDGE('',*,*,#2555,.T.);
#1560=ORIENTED_EDGE('',*,*,#1974,.F.);
#1561=ORIENTED_EDGE('',*,*,#1978,.T.);
#1562=ORIENTED_EDGE('',*,*,#1981,.F.);
#1563=ORIENTED_EDGE('',*,*,#1984,.T.);
#1564=ORIENTED_EDGE('',*,*,#1987,.F.);
#1565=ORIENTED_EDGE('',*,*,#1990,.T.);
#1566=ORIENTED_EDGE('',*,*,#1993,.F.);
#1567=ORIENTED_EDGE('',*,*,#2553,.T.);
#1568=ORIENTED_EDGE('',*,*,#1952,.F.);
#1569=ORIENTED_EDGE('',*,*,#1956,.T.);
#1570=ORIENTED_EDGE('',*,*,#1959,.F.);
#1571=ORIENTED_EDGE('',*,*,#1962,.T.);
#1572=ORIENTED_EDGE('',*,*,#1965,.F.);
#1573=ORIENTED_EDGE('',*,*,#1968,.T.);
#1574=ORIENTED_EDGE('',*,*,#1971,.F.);
#1575=ORIENTED_EDGE('',*,*,#2551,.T.);
#1576=ORIENTED_EDGE('',*,*,#1930,.F.);
#1577=ORIENTED_EDGE('',*,*,#1934,.T.);
#1578=ORIENTED_EDGE('',*,*,#1937,.F.);
#1579=ORIENTED_EDGE('',*,*,#1940,.T.);
#1580=ORIENTED_EDGE('',*,*,#1943,.F.);
#1581=ORIENTED_EDGE('',*,*,#1946,.T.);
#1582=ORIENTED_EDGE('',*,*,#1949,.F.);
#1583=ORIENTED_EDGE('',*,*,#2549,.T.);
#1584=ORIENTED_EDGE('',*,*,#1908,.F.);
#1585=ORIENTED_EDGE('',*,*,#1912,.T.);
#1586=ORIENTED_EDGE('',*,*,#1915,.F.);
#1587=ORIENTED_EDGE('',*,*,#1918,.T.);
#1588=ORIENTED_EDGE('',*,*,#1921,.F.);
#1589=ORIENTED_EDGE('',*,*,#1924,.T.);
#1590=ORIENTED_EDGE('',*,*,#1927,.F.);
#1591=ORIENTED_EDGE('',*,*,#2547,.T.);
#1592=ORIENTED_EDGE('',*,*,#1886,.F.);
#1593=ORIENTED_EDGE('',*,*,#1890,.T.);
#1594=ORIENTED_EDGE('',*,*,#1893,.F.);
#1595=ORIENTED_EDGE('',*,*,#1896,.T.);
#1596=ORIENTED_EDGE('',*,*,#1899,.F.);
#1597=ORIENTED_EDGE('',*,*,#1902,.T.);
#1598=ORIENTED_EDGE('',*,*,#1905,.F.);
#1599=ORIENTED_EDGE('',*,*,#2545,.T.);
#1600=ORIENTED_EDGE('',*,*,#1882,.T.);
#1601=ORIENTED_EDGE('',*,*,#2608,.T.);
#1602=ORIENTED_EDGE('',*,*,#2604,.F.);
#1603=ORIENTED_EDGE('',*,*,#2609,.T.);
#1604=ORIENTED_EDGE('',*,*,#1874,.F.);
#1605=ORIENTED_EDGE('',*,*,#2610,.T.);
#1606=ORIENTED_EDGE('',*,*,#1878,.F.);
#1607=ORIENTED_EDGE('',*,*,#2611,.T.);
#1608=ORIENTED_EDGE('',*,*,#2522,.T.);
#1609=ORIENTED_EDGE('',*,*,#2602,.F.);
#1610=ORIENTED_EDGE('',*,*,#2541,.T.);
#1611=ORIENTED_EDGE('',*,*,#2538,.F.);
#1612=ORIENTED_EDGE('',*,*,#2535,.T.);
#1613=ORIENTED_EDGE('',*,*,#2532,.F.);
#1614=ORIENTED_EDGE('',*,*,#2529,.T.);
#1615=ORIENTED_EDGE('',*,*,#2526,.F.);
#1616=ORIENTED_EDGE('',*,*,#2500,.T.);
#1617=ORIENTED_EDGE('',*,*,#2600,.F.);
#1618=ORIENTED_EDGE('',*,*,#2519,.T.);
#1619=ORIENTED_EDGE('',*,*,#2516,.F.);
#1620=ORIENTED_EDGE('',*,*,#2513,.T.);
#1621=ORIENTED_EDGE('',*,*,#2510,.F.);
#1622=ORIENTED_EDGE('',*,*,#2507,.T.);
#1623=ORIENTED_EDGE('',*,*,#2504,.F.);
#1624=ORIENTED_EDGE('',*,*,#2478,.T.);
#1625=ORIENTED_EDGE('',*,*,#2598,.F.);
#1626=ORIENTED_EDGE('',*,*,#2497,.T.);
#1627=ORIENTED_EDGE('',*,*,#2494,.F.);
#1628=ORIENTED_EDGE('',*,*,#2491,.T.);
#1629=ORIENTED_EDGE('',*,*,#2488,.F.);
#1630=ORIENTED_EDGE('',*,*,#2485,.T.);
#1631=ORIENTED_EDGE('',*,*,#2482,.F.);
#1632=ORIENTED_EDGE('',*,*,#2456,.T.);
#1633=ORIENTED_EDGE('',*,*,#2596,.F.);
#1634=ORIENTED_EDGE('',*,*,#2475,.T.);
#1635=ORIENTED_EDGE('',*,*,#2472,.F.);
#1636=ORIENTED_EDGE('',*,*,#2469,.T.);
#1637=ORIENTED_EDGE('',*,*,#2466,.F.);
#1638=ORIENTED_EDGE('',*,*,#2463,.T.);
#1639=ORIENTED_EDGE('',*,*,#2460,.F.);
#1640=ORIENTED_EDGE('',*,*,#2434,.T.);
#1641=ORIENTED_EDGE('',*,*,#2594,.F.);
#1642=ORIENTED_EDGE('',*,*,#2453,.T.);
#1643=ORIENTED_EDGE('',*,*,#2450,.F.);
#1644=ORIENTED_EDGE('',*,*,#2447,.T.);
#1645=ORIENTED_EDGE('',*,*,#2444,.F.);
#1646=ORIENTED_EDGE('',*,*,#2441,.T.);
#1647=ORIENTED_EDGE('',*,*,#2438,.F.);
#1648=ORIENTED_EDGE('',*,*,#2412,.T.);
#1649=ORIENTED_EDGE('',*,*,#2592,.F.);
#1650=ORIENTED_EDGE('',*,*,#2431,.T.);
#1651=ORIENTED_EDGE('',*,*,#2428,.F.);
#1652=ORIENTED_EDGE('',*,*,#2425,.T.);
#1653=ORIENTED_EDGE('',*,*,#2422,.F.);
#1654=ORIENTED_EDGE('',*,*,#2419,.T.);
#1655=ORIENTED_EDGE('',*,*,#2416,.F.);
#1656=ORIENTED_EDGE('',*,*,#2390,.T.);
#1657=ORIENTED_EDGE('',*,*,#2590,.F.);
#1658=ORIENTED_EDGE('',*,*,#2409,.T.);
#1659=ORIENTED_EDGE('',*,*,#2406,.F.);
#1660=ORIENTED_EDGE('',*,*,#2403,.T.);
#1661=ORIENTED_EDGE('',*,*,#2400,.F.);
#1662=ORIENTED_EDGE('',*,*,#2397,.T.);
#1663=ORIENTED_EDGE('',*,*,#2394,.F.);
#1664=ORIENTED_EDGE('',*,*,#2368,.T.);
#1665=ORIENTED_EDGE('',*,*,#2588,.F.);
#1666=ORIENTED_EDGE('',*,*,#2387,.T.);
#1667=ORIENTED_EDGE('',*,*,#2384,.F.);
#1668=ORIENTED_EDGE('',*,*,#2381,.T.);
#1669=ORIENTED_EDGE('',*,*,#2378,.F.);
#1670=ORIENTED_EDGE('',*,*,#2375,.T.);
#1671=ORIENTED_EDGE('',*,*,#2372,.F.);
#1672=ORIENTED_EDGE('',*,*,#2346,.T.);
#1673=ORIENTED_EDGE('',*,*,#2586,.F.);
#1674=ORIENTED_EDGE('',*,*,#2365,.T.);
#1675=ORIENTED_EDGE('',*,*,#2362,.F.);
#1676=ORIENTED_EDGE('',*,*,#2359,.T.);
#1677=ORIENTED_EDGE('',*,*,#2356,.F.);
#1678=ORIENTED_EDGE('',*,*,#2353,.T.);
#1679=ORIENTED_EDGE('',*,*,#2350,.F.);
#1680=ORIENTED_EDGE('',*,*,#2324,.T.);
#1681=ORIENTED_EDGE('',*,*,#2584,.F.);
#1682=ORIENTED_EDGE('',*,*,#2343,.T.);
#1683=ORIENTED_EDGE('',*,*,#2340,.F.);
#1684=ORIENTED_EDGE('',*,*,#2337,.T.);
#1685=ORIENTED_EDGE('',*,*,#2334,.F.);
#1686=ORIENTED_EDGE('',*,*,#2331,.T.);
#1687=ORIENTED_EDGE('',*,*,#2328,.F.);
#1688=ORIENTED_EDGE('',*,*,#2302,.T.);
#1689=ORIENTED_EDGE('',*,*,#2582,.F.);
#1690=ORIENTED_EDGE('',*,*,#2321,.T.);
#1691=ORIENTED_EDGE('',*,*,#2318,.F.);
#1692=ORIENTED_EDGE('',*,*,#2315,.T.);
#1693=ORIENTED_EDGE('',*,*,#2312,.F.);
#1694=ORIENTED_EDGE('',*,*,#2309,.T.);
#1695=ORIENTED_EDGE('',*,*,#2306,.F.);
#1696=ORIENTED_EDGE('',*,*,#2280,.T.);
#1697=ORIENTED_EDGE('',*,*,#2580,.F.);
#1698=ORIENTED_EDGE('',*,*,#2299,.T.);
#1699=ORIENTED_EDGE('',*,*,#2296,.F.);
#1700=ORIENTED_EDGE('',*,*,#2293,.T.);
#1701=ORIENTED_EDGE('',*,*,#2290,.F.);
#1702=ORIENTED_EDGE('',*,*,#2287,.T.);
#1703=ORIENTED_EDGE('',*,*,#2284,.F.);
#1704=ORIENTED_EDGE('',*,*,#2258,.T.);
#1705=ORIENTED_EDGE('',*,*,#2578,.F.);
#1706=ORIENTED_EDGE('',*,*,#2277,.T.);
#1707=ORIENTED_EDGE('',*,*,#2274,.F.);
#1708=ORIENTED_EDGE('',*,*,#2271,.T.);
#1709=ORIENTED_EDGE('',*,*,#2268,.F.);
#1710=ORIENTED_EDGE('',*,*,#2265,.T.);
#1711=ORIENTED_EDGE('',*,*,#2262,.F.);
#1712=ORIENTED_EDGE('',*,*,#2236,.T.);
#1713=ORIENTED_EDGE('',*,*,#2576,.F.);
#1714=ORIENTED_EDGE('',*,*,#2255,.T.);
#1715=ORIENTED_EDGE('',*,*,#2252,.F.);
#1716=ORIENTED_EDGE('',*,*,#2249,.T.);
#1717=ORIENTED_EDGE('',*,*,#2246,.F.);
#1718=ORIENTED_EDGE('',*,*,#2243,.T.);
#1719=ORIENTED_EDGE('',*,*,#2240,.F.);
#1720=ORIENTED_EDGE('',*,*,#2214,.T.);
#1721=ORIENTED_EDGE('',*,*,#2574,.F.);
#1722=ORIENTED_EDGE('',*,*,#2233,.T.);
#1723=ORIENTED_EDGE('',*,*,#2230,.F.);
#1724=ORIENTED_EDGE('',*,*,#2227,.T.);
#1725=ORIENTED_EDGE('',*,*,#2224,.F.);
#1726=ORIENTED_EDGE('',*,*,#2221,.T.);
#1727=ORIENTED_EDGE('',*,*,#2218,.F.);
#1728=ORIENTED_EDGE('',*,*,#2192,.T.);
#1729=ORIENTED_EDGE('',*,*,#2572,.F.);
#1730=ORIENTED_EDGE('',*,*,#2211,.T.);
#1731=ORIENTED_EDGE('',*,*,#2208,.F.);
#1732=ORIENTED_EDGE('',*,*,#2205,.T.);
#1733=ORIENTED_EDGE('',*,*,#2202,.F.);
#1734=ORIENTED_EDGE('',*,*,#2199,.T.);
#1735=ORIENTED_EDGE('',*,*,#2196,.F.);
#1736=ORIENTED_EDGE('',*,*,#2170,.T.);
#1737=ORIENTED_EDGE('',*,*,#2570,.F.);
#1738=ORIENTED_EDGE('',*,*,#2189,.T.);
#1739=ORIENTED_EDGE('',*,*,#2186,.F.);
#1740=ORIENTED_EDGE('',*,*,#2183,.T.);
#1741=ORIENTED_EDGE('',*,*,#2180,.F.);
#1742=ORIENTED_EDGE('',*,*,#2177,.T.);
#1743=ORIENTED_EDGE('',*,*,#2174,.F.);
#1744=ORIENTED_EDGE('',*,*,#2148,.T.);
#1745=ORIENTED_EDGE('',*,*,#2568,.F.);
#1746=ORIENTED_EDGE('',*,*,#2167,.T.);
#1747=ORIENTED_EDGE('',*,*,#2164,.F.);
#1748=ORIENTED_EDGE('',*,*,#2161,.T.);
#1749=ORIENTED_EDGE('',*,*,#2158,.F.);
#1750=ORIENTED_EDGE('',*,*,#2155,.T.);
#1751=ORIENTED_EDGE('',*,*,#2152,.F.);
#1752=ORIENTED_EDGE('',*,*,#2126,.T.);
#1753=ORIENTED_EDGE('',*,*,#2566,.F.);
#1754=ORIENTED_EDGE('',*,*,#2145,.T.);
#1755=ORIENTED_EDGE('',*,*,#2142,.F.);
#1756=ORIENTED_EDGE('',*,*,#2139,.T.);
#1757=ORIENTED_EDGE('',*,*,#2136,.F.);
#1758=ORIENTED_EDGE('',*,*,#2133,.T.);
#1759=ORIENTED_EDGE('',*,*,#2130,.F.);
#1760=ORIENTED_EDGE('',*,*,#2104,.T.);
#1761=ORIENTED_EDGE('',*,*,#2564,.F.);
#1762=ORIENTED_EDGE('',*,*,#2123,.T.);
#1763=ORIENTED_EDGE('',*,*,#2120,.F.);
#1764=ORIENTED_EDGE('',*,*,#2117,.T.);
#1765=ORIENTED_EDGE('',*,*,#2114,.F.);
#1766=ORIENTED_EDGE('',*,*,#2111,.T.);
#1767=ORIENTED_EDGE('',*,*,#2108,.F.);
#1768=ORIENTED_EDGE('',*,*,#2082,.T.);
#1769=ORIENTED_EDGE('',*,*,#2562,.F.);
#1770=ORIENTED_EDGE('',*,*,#2101,.T.);
#1771=ORIENTED_EDGE('',*,*,#2098,.F.);
#1772=ORIENTED_EDGE('',*,*,#2095,.T.);
#1773=ORIENTED_EDGE('',*,*,#2092,.F.);
#1774=ORIENTED_EDGE('',*,*,#2089,.T.);
#1775=ORIENTED_EDGE('',*,*,#2086,.F.);
#1776=ORIENTED_EDGE('',*,*,#2060,.T.);
#1777=ORIENTED_EDGE('',*,*,#2560,.F.);
#1778=ORIENTED_EDGE('',*,*,#2079,.T.);
#1779=ORIENTED_EDGE('',*,*,#2076,.F.);
#1780=ORIENTED_EDGE('',*,*,#2073,.T.);
#1781=ORIENTED_EDGE('',*,*,#2070,.F.);
#1782=ORIENTED_EDGE('',*,*,#2067,.T.);
#1783=ORIENTED_EDGE('',*,*,#2064,.F.);
#1784=ORIENTED_EDGE('',*,*,#2038,.T.);
#1785=ORIENTED_EDGE('',*,*,#2558,.F.);
#1786=ORIENTED_EDGE('',*,*,#2057,.T.);
#1787=ORIENTED_EDGE('',*,*,#2054,.F.);
#1788=ORIENTED_EDGE('',*,*,#2051,.T.);
#1789=ORIENTED_EDGE('',*,*,#2048,.F.);
#1790=ORIENTED_EDGE('',*,*,#2045,.T.);
#1791=ORIENTED_EDGE('',*,*,#2042,.F.);
#1792=ORIENTED_EDGE('',*,*,#2016,.T.);
#1793=ORIENTED_EDGE('',*,*,#2556,.F.);
#1794=ORIENTED_EDGE('',*,*,#2035,.T.);
#1795=ORIENTED_EDGE('',*,*,#2032,.F.);
#1796=ORIENTED_EDGE('',*,*,#2029,.T.);
#1797=ORIENTED_EDGE('',*,*,#2026,.F.);
#1798=ORIENTED_EDGE('',*,*,#2023,.T.);
#1799=ORIENTED_EDGE('',*,*,#2020,.F.);
#1800=ORIENTED_EDGE('',*,*,#1994,.T.);
#1801=ORIENTED_EDGE('',*,*,#2554,.F.);
#1802=ORIENTED_EDGE('',*,*,#2013,.T.);
#1803=ORIENTED_EDGE('',*,*,#2010,.F.);
#1804=ORIENTED_EDGE('',*,*,#2007,.T.);
#1805=ORIENTED_EDGE('',*,*,#2004,.F.);
#1806=ORIENTED_EDGE('',*,*,#2001,.T.);
#1807=ORIENTED_EDGE('',*,*,#1998,.F.);
#1808=ORIENTED_EDGE('',*,*,#1972,.T.);
#1809=ORIENTED_EDGE('',*,*,#2552,.F.);
#1810=ORIENTED_EDGE('',*,*,#1991,.T.);
#1811=ORIENTED_EDGE('',*,*,#1988,.F.);
#1812=ORIENTED_EDGE('',*,*,#1985,.T.);
#1813=ORIENTED_EDGE('',*,*,#1982,.F.);
#1814=ORIENTED_EDGE('',*,*,#1979,.T.);
#1815=ORIENTED_EDGE('',*,*,#1976,.F.);
#1816=ORIENTED_EDGE('',*,*,#1950,.T.);
#1817=ORIENTED_EDGE('',*,*,#2550,.F.);
#1818=ORIENTED_EDGE('',*,*,#1969,.T.);
#1819=ORIENTED_EDGE('',*,*,#1966,.F.);
#1820=ORIENTED_EDGE('',*,*,#1963,.T.);
#1821=ORIENTED_EDGE('',*,*,#1960,.F.);
#1822=ORIENTED_EDGE('',*,*,#1957,.T.);
#1823=ORIENTED_EDGE('',*,*,#1954,.F.);
#1824=ORIENTED_EDGE('',*,*,#1928,.T.);
#1825=ORIENTED_EDGE('',*,*,#2548,.F.);
#1826=ORIENTED_EDGE('',*,*,#1947,.T.);
#1827=ORIENTED_EDGE('',*,*,#1944,.F.);
#1828=ORIENTED_EDGE('',*,*,#1941,.T.);
#1829=ORIENTED_EDGE('',*,*,#1938,.F.);
#1830=ORIENTED_EDGE('',*,*,#1935,.T.);
#1831=ORIENTED_EDGE('',*,*,#1932,.F.);
#1832=ORIENTED_EDGE('',*,*,#1906,.T.);
#1833=ORIENTED_EDGE('',*,*,#2546,.F.);
#1834=ORIENTED_EDGE('',*,*,#1925,.T.);
#1835=ORIENTED_EDGE('',*,*,#1922,.F.);
#1836=ORIENTED_EDGE('',*,*,#1919,.T.);
#1837=ORIENTED_EDGE('',*,*,#1916,.F.);
#1838=ORIENTED_EDGE('',*,*,#1913,.T.);
#1839=ORIENTED_EDGE('',*,*,#1910,.F.);
#1840=ORIENTED_EDGE('',*,*,#1884,.T.);
#1841=ORIENTED_EDGE('',*,*,#2544,.F.);
#1842=ORIENTED_EDGE('',*,*,#1903,.T.);
#1843=ORIENTED_EDGE('',*,*,#1900,.F.);
#1844=ORIENTED_EDGE('',*,*,#1897,.T.);
#1845=ORIENTED_EDGE('',*,*,#1894,.F.);
#1846=ORIENTED_EDGE('',*,*,#1891,.T.);
#1847=ORIENTED_EDGE('',*,*,#1888,.F.);
#1848=ORIENTED_EDGE('',*,*,#2606,.T.);
#1849=ORIENTED_EDGE('',*,*,#2612,.T.);
#1850=ORIENTED_EDGE('',*,*,#1880,.F.);
#1851=ORIENTED_EDGE('',*,*,#2613,.T.);
#1852=ORIENTED_EDGE('',*,*,#1876,.T.);
#1853=ORIENTED_EDGE('',*,*,#2614,.T.);
#1854=ORIENTED_EDGE('',*,*,#1872,.T.);
#1855=ORIENTED_EDGE('',*,*,#2615,.T.);
#1856=ORIENTED_EDGE('',*,*,#2608,.F.);
#1857=ORIENTED_EDGE('',*,*,#1881,.F.);
#1858=ORIENTED_EDGE('',*,*,#2612,.F.);
#1859=ORIENTED_EDGE('',*,*,#2605,.F.);
#1860=ORIENTED_EDGE('',*,*,#2611,.F.);
#1861=ORIENTED_EDGE('',*,*,#1877,.F.);
#1862=ORIENTED_EDGE('',*,*,#2613,.F.);
#1863=ORIENTED_EDGE('',*,*,#1883,.F.);
#1864=ORIENTED_EDGE('',*,*,#2610,.F.);
#1865=ORIENTED_EDGE('',*,*,#1873,.F.);
#1866=ORIENTED_EDGE('',*,*,#2614,.F.);
#1867=ORIENTED_EDGE('',*,*,#1879,.F.);
#1868=ORIENTED_EDGE('',*,*,#2609,.F.);
#1869=ORIENTED_EDGE('',*,*,#2607,.F.);
#1870=ORIENTED_EDGE('',*,*,#2615,.F.);
#1871=ORIENTED_EDGE('',*,*,#1875,.F.);
#1872=EDGE_CURVE('',#2616,#2617,#3112,.T.);
#1873=EDGE_CURVE('',#2616,#2618,#3113,.F.);
#1874=EDGE_CURVE('',#2618,#2619,#3114,.T.);
#1875=EDGE_CURVE('',#2619,#2617,#3115,.T.);
#1876=EDGE_CURVE('',#2620,#2621,#3116,.T.);
#1877=EDGE_CURVE('',#2620,#2622,#3117,.F.);
#1878=EDGE_CURVE('',#2622,#2623,#3118,.T.);
#1879=EDGE_CURVE('',#2623,#2621,#3119,.T.);
#1880=EDGE_CURVE('',#2624,#2625,#3120,.T.);
#1881=EDGE_CURVE('',#2625,#2626,#3121,.F.);
#1882=EDGE_CURVE('',#2627,#2626,#3122,.T.);
#1883=EDGE_CURVE('',#2627,#2624,#3123,.T.);
#1884=EDGE_CURVE('',#2628,#2629,#3124,.T.);
#1885=EDGE_CURVE('',#2630,#2628,#3125,.T.);
#1886=EDGE_CURVE('',#2630,#2631,#3126,.T.);
#1887=EDGE_CURVE('',#2631,#2629,#3127,.T.);
#1888=EDGE_CURVE('',#2628,#2632,#12,.T.);
#1889=EDGE_CURVE('',#2633,#2632,#3128,.T.);
#1890=EDGE_CURVE('',#2630,#2633,#13,.T.);
#1891=EDGE_CURVE('',#2634,#2632,#3129,.T.);
#1892=EDGE_CURVE('',#2635,#2634,#3130,.T.);
#1893=EDGE_CURVE('',#2635,#2633,#3131,.T.);
#1894=EDGE_CURVE('',#2634,#2636,#14,.T.);
#1895=EDGE_CURVE('',#2637,#2636,#3132,.T.);
#1896=EDGE_CURVE('',#2635,#2637,#15,.T.);
#1897=EDGE_CURVE('',#2638,#2636,#3133,.T.);
#1898=EDGE_CURVE('',#2639,#2638,#3134,.T.);
#1899=EDGE_CURVE('',#2639,#2637,#3135,.T.);
#1900=EDGE_CURVE('',#2638,#2640,#16,.T.);
#1901=EDGE_CURVE('',#2641,#2640,#3136,.T.);
#1902=EDGE_CURVE('',#2639,#2641,#17,.T.);
#1903=EDGE_CURVE('',#2642,#2640,#3137,.T.);
#1904=EDGE_CURVE('',#2643,#2642,#3138,.T.);
#1905=EDGE_CURVE('',#2643,#2641,#3139,.T.);
#1906=EDGE_CURVE('',#2644,#2645,#3140,.T.);
#1907=EDGE_CURVE('',#2646,#2644,#3141,.T.);
#1908=EDGE_CURVE('',#2646,#2647,#3142,.T.);
#1909=EDGE_CURVE('',#2647,#2645,#3143,.T.);
#1910=EDGE_CURVE('',#2644,#2648,#18,.T.);
#1911=EDGE_CURVE('',#2649,#2648,#3144,.T.);
#1912=EDGE_CURVE('',#2646,#2649,#19,.T.);
#1913=EDGE_CURVE('',#2650,#2648,#3145,.T.);
#1914=EDGE_CURVE('',#2651,#2650,#3146,.T.);
#1915=EDGE_CURVE('',#2651,#2649,#3147,.T.);
#1916=EDGE_CURVE('',#2650,#2652,#20,.T.);
#1917=EDGE_CURVE('',#2653,#2652,#3148,.T.);
#1918=EDGE_CURVE('',#2651,#2653,#21,.T.);
#1919=EDGE_CURVE('',#2654,#2652,#3149,.T.);
#1920=EDGE_CURVE('',#2655,#2654,#3150,.T.);
#1921=EDGE_CURVE('',#2655,#2653,#3151,.T.);
#1922=EDGE_CURVE('',#2654,#2656,#22,.T.);
#1923=EDGE_CURVE('',#2657,#2656,#3152,.T.);
#1924=EDGE_CURVE('',#2655,#2657,#23,.T.);
#1925=EDGE_CURVE('',#2658,#2656,#3153,.T.);
#1926=EDGE_CURVE('',#2659,#2658,#3154,.T.);
#1927=EDGE_CURVE('',#2659,#2657,#3155,.T.);
#1928=EDGE_CURVE('',#2660,#2661,#3156,.T.);
#1929=EDGE_CURVE('',#2662,#2660,#3157,.T.);
#1930=EDGE_CURVE('',#2662,#2663,#3158,.T.);
#1931=EDGE_CURVE('',#2663,#2661,#3159,.T.);
#1932=EDGE_CURVE('',#2660,#2664,#24,.T.);
#1933=EDGE_CURVE('',#2665,#2664,#3160,.T.);
#1934=EDGE_CURVE('',#2662,#2665,#25,.T.);
#1935=EDGE_CURVE('',#2666,#2664,#3161,.T.);
#1936=EDGE_CURVE('',#2667,#2666,#3162,.T.);
#1937=EDGE_CURVE('',#2667,#2665,#3163,.T.);
#1938=EDGE_CURVE('',#2666,#2668,#26,.T.);
#1939=EDGE_CURVE('',#2669,#2668,#3164,.T.);
#1940=EDGE_CURVE('',#2667,#2669,#27,.T.);
#1941=EDGE_CURVE('',#2670,#2668,#3165,.T.);
#1942=EDGE_CURVE('',#2671,#2670,#3166,.T.);
#1943=EDGE_CURVE('',#2671,#2669,#3167,.T.);
#1944=EDGE_CURVE('',#2670,#2672,#28,.T.);
#1945=EDGE_CURVE('',#2673,#2672,#3168,.T.);
#1946=EDGE_CURVE('',#2671,#2673,#29,.T.);
#1947=EDGE_CURVE('',#2674,#2672,#3169,.T.);
#1948=EDGE_CURVE('',#2675,#2674,#3170,.T.);
#1949=EDGE_CURVE('',#2675,#2673,#3171,.T.);
#1950=EDGE_CURVE('',#2676,#2677,#3172,.T.);
#1951=EDGE_CURVE('',#2678,#2676,#3173,.T.);
#1952=EDGE_CURVE('',#2678,#2679,#3174,.T.);
#1953=EDGE_CURVE('',#2679,#2677,#3175,.T.);
#1954=EDGE_CURVE('',#2676,#2680,#30,.T.);
#1955=EDGE_CURVE('',#2681,#2680,#3176,.T.);
#1956=EDGE_CURVE('',#2678,#2681,#31,.T.);
#1957=EDGE_CURVE('',#2682,#2680,#3177,.T.);
#1958=EDGE_CURVE('',#2683,#2682,#3178,.T.);
#1959=EDGE_CURVE('',#2683,#2681,#3179,.T.);
#1960=EDGE_CURVE('',#2682,#2684,#32,.T.);
#1961=EDGE_CURVE('',#2685,#2684,#3180,.T.);
#1962=EDGE_CURVE('',#2683,#2685,#33,.T.);
#1963=EDGE_CURVE('',#2686,#2684,#3181,.T.);
#1964=EDGE_CURVE('',#2687,#2686,#3182,.T.);
#1965=EDGE_CURVE('',#2687,#2685,#3183,.T.);
#1966=EDGE_CURVE('',#2686,#2688,#34,.T.);
#1967=EDGE_CURVE('',#2689,#2688,#3184,.T.);
#1968=EDGE_CURVE('',#2687,#2689,#35,.T.);
#1969=EDGE_CURVE('',#2690,#2688,#3185,.T.);
#1970=EDGE_CURVE('',#2691,#2690,#3186,.T.);
#1971=EDGE_CURVE('',#2691,#2689,#3187,.T.);
#1972=EDGE_CURVE('',#2692,#2693,#3188,.T.);
#1973=EDGE_CURVE('',#2694,#2692,#3189,.T.);
#1974=EDGE_CURVE('',#2694,#2695,#3190,.T.);
#1975=EDGE_CURVE('',#2695,#2693,#3191,.T.);
#1976=EDGE_CURVE('',#2692,#2696,#36,.T.);
#1977=EDGE_CURVE('',#2697,#2696,#3192,.T.);
#1978=EDGE_CURVE('',#2694,#2697,#37,.T.);
#1979=EDGE_CURVE('',#2698,#2696,#3193,.T.);
#1980=EDGE_CURVE('',#2699,#2698,#3194,.T.);
#1981=EDGE_CURVE('',#2699,#2697,#3195,.T.);
#1982=EDGE_CURVE('',#2698,#2700,#38,.T.);
#1983=EDGE_CURVE('',#2701,#2700,#3196,.T.);
#1984=EDGE_CURVE('',#2699,#2701,#39,.T.);
#1985=EDGE_CURVE('',#2702,#2700,#3197,.T.);
#1986=EDGE_CURVE('',#2703,#2702,#3198,.T.);
#1987=EDGE_CURVE('',#2703,#2701,#3199,.T.);
#1988=EDGE_CURVE('',#2702,#2704,#40,.T.);
#1989=EDGE_CURVE('',#2705,#2704,#3200,.T.);
#1990=EDGE_CURVE('',#2703,#2705,#41,.T.);
#1991=EDGE_CURVE('',#2706,#2704,#3201,.T.);
#1992=EDGE_CURVE('',#2707,#2706,#3202,.T.);
#1993=EDGE_CURVE('',#2707,#2705,#3203,.T.);
#1994=EDGE_CURVE('',#2708,#2709,#3204,.T.);
#1995=EDGE_CURVE('',#2710,#2708,#3205,.T.);
#1996=EDGE_CURVE('',#2710,#2711,#3206,.T.);
#1997=EDGE_CURVE('',#2711,#2709,#3207,.T.);
#1998=EDGE_CURVE('',#2708,#2712,#42,.T.);
#1999=EDGE_CURVE('',#2713,#2712,#3208,.T.);
#2000=EDGE_CURVE('',#2710,#2713,#43,.T.);
#2001=EDGE_CURVE('',#2714,#2712,#3209,.T.);
#2002=EDGE_CURVE('',#2715,#2714,#3210,.T.);
#2003=EDGE_CURVE('',#2715,#2713,#3211,.T.);
#2004=EDGE_CURVE('',#2714,#2716,#44,.T.);
#2005=EDGE_CURVE('',#2717,#2716,#3212,.T.);
#2006=EDGE_CURVE('',#2715,#2717,#45,.T.);
#2007=EDGE_CURVE('',#2718,#2716,#3213,.T.);
#2008=EDGE_CURVE('',#2719,#2718,#3214,.T.);
#2009=EDGE_CURVE('',#2719,#2717,#3215,.T.);
#2010=EDGE_CURVE('',#2718,#2720,#46,.T.);
#2011=EDGE_CURVE('',#2721,#2720,#3216,.T.);
#2012=EDGE_CURVE('',#2719,#2721,#47,.T.);
#2013=EDGE_CURVE('',#2722,#2720,#3217,.T.);
#2014=EDGE_CURVE('',#2723,#2722,#3218,.T.);
#2015=EDGE_CURVE('',#2723,#2721,#3219,.T.);
#2016=EDGE_CURVE('',#2724,#2725,#3220,.T.);
#2017=EDGE_CURVE('',#2726,#2724,#3221,.T.);
#2018=EDGE_CURVE('',#2726,#2727,#3222,.T.);
#2019=EDGE_CURVE('',#2727,#2725,#3223,.T.);
#2020=EDGE_CURVE('',#2724,#2728,#48,.T.);
#2021=EDGE_CURVE('',#2729,#2728,#3224,.T.);
#2022=EDGE_CURVE('',#2726,#2729,#49,.T.);
#2023=EDGE_CURVE('',#2730,#2728,#3225,.T.);
#2024=EDGE_CURVE('',#2731,#2730,#3226,.T.);
#2025=EDGE_CURVE('',#2731,#2729,#3227,.T.);
#2026=EDGE_CURVE('',#2730,#2732,#50,.T.);
#2027=EDGE_CURVE('',#2733,#2732,#3228,.T.);
#2028=EDGE_CURVE('',#2731,#2733,#51,.T.);
#2029=EDGE_CURVE('',#2734,#2732,#3229,.T.);
#2030=EDGE_CURVE('',#2735,#2734,#3230,.T.);
#2031=EDGE_CURVE('',#2735,#2733,#3231,.T.);
#2032=EDGE_CURVE('',#2734,#2736,#52,.T.);
#2033=EDGE_CURVE('',#2737,#2736,#3232,.T.);
#2034=EDGE_CURVE('',#2735,#2737,#53,.T.);
#2035=EDGE_CURVE('',#2738,#2736,#3233,.T.);
#2036=EDGE_CURVE('',#2739,#2738,#3234,.T.);
#2037=EDGE_CURVE('',#2739,#2737,#3235,.T.);
#2038=EDGE_CURVE('',#2740,#2741,#3236,.T.);
#2039=EDGE_CURVE('',#2742,#2740,#3237,.T.);
#2040=EDGE_CURVE('',#2742,#2743,#3238,.T.);
#2041=EDGE_CURVE('',#2743,#2741,#3239,.T.);
#2042=EDGE_CURVE('',#2740,#2744,#54,.T.);
#2043=EDGE_CURVE('',#2745,#2744,#3240,.T.);
#2044=EDGE_CURVE('',#2742,#2745,#55,.T.);
#2045=EDGE_CURVE('',#2746,#2744,#3241,.T.);
#2046=EDGE_CURVE('',#2747,#2746,#3242,.T.);
#2047=EDGE_CURVE('',#2747,#2745,#3243,.T.);
#2048=EDGE_CURVE('',#2746,#2748,#56,.T.);
#2049=EDGE_CURVE('',#2749,#2748,#3244,.T.);
#2050=EDGE_CURVE('',#2747,#2749,#57,.T.);
#2051=EDGE_CURVE('',#2750,#2748,#3245,.T.);
#2052=EDGE_CURVE('',#2751,#2750,#3246,.T.);
#2053=EDGE_CURVE('',#2751,#2749,#3247,.T.);
#2054=EDGE_CURVE('',#2750,#2752,#58,.T.);
#2055=EDGE_CURVE('',#2753,#2752,#3248,.T.);
#2056=EDGE_CURVE('',#2751,#2753,#59,.T.);
#2057=EDGE_CURVE('',#2754,#2752,#3249,.T.);
#2058=EDGE_CURVE('',#2755,#2754,#3250,.T.);
#2059=EDGE_CURVE('',#2755,#2753,#3251,.T.);
#2060=EDGE_CURVE('',#2756,#2757,#3252,.T.);
#2061=EDGE_CURVE('',#2758,#2756,#3253,.T.);
#2062=EDGE_CURVE('',#2758,#2759,#3254,.T.);
#2063=EDGE_CURVE('',#2759,#2757,#3255,.T.);
#2064=EDGE_CURVE('',#2756,#2760,#60,.T.);
#2065=EDGE_CURVE('',#2761,#2760,#3256,.T.);
#2066=EDGE_CURVE('',#2758,#2761,#61,.T.);
#2067=EDGE_CURVE('',#2762,#2760,#3257,.T.);
#2068=EDGE_CURVE('',#2763,#2762,#3258,.T.);
#2069=EDGE_CURVE('',#2763,#2761,#3259,.T.);
#2070=EDGE_CURVE('',#2762,#2764,#62,.T.);
#2071=EDGE_CURVE('',#2765,#2764,#3260,.T.);
#2072=EDGE_CURVE('',#2763,#2765,#63,.T.);
#2073=EDGE_CURVE('',#2766,#2764,#3261,.T.);
#2074=EDGE_CURVE('',#2767,#2766,#3262,.T.);
#2075=EDGE_CURVE('',#2767,#2765,#3263,.T.);
#2076=EDGE_CURVE('',#2766,#2768,#64,.T.);
#2077=EDGE_CURVE('',#2769,#2768,#3264,.T.);
#2078=EDGE_CURVE('',#2767,#2769,#65,.T.);
#2079=EDGE_CURVE('',#2770,#2768,#3265,.T.);
#2080=EDGE_CURVE('',#2771,#2770,#3266,.T.);
#2081=EDGE_CURVE('',#2771,#2769,#3267,.T.);
#2082=EDGE_CURVE('',#2772,#2773,#3268,.T.);
#2083=EDGE_CURVE('',#2774,#2772,#3269,.T.);
#2084=EDGE_CURVE('',#2774,#2775,#3270,.T.);
#2085=EDGE_CURVE('',#2775,#2773,#3271,.T.);
#2086=EDGE_CURVE('',#2772,#2776,#66,.T.);
#2087=EDGE_CURVE('',#2777,#2776,#3272,.T.);
#2088=EDGE_CURVE('',#2774,#2777,#67,.T.);
#2089=EDGE_CURVE('',#2778,#2776,#3273,.T.);
#2090=EDGE_CURVE('',#2779,#2778,#3274,.T.);
#2091=EDGE_CURVE('',#2779,#2777,#3275,.T.);
#2092=EDGE_CURVE('',#2778,#2780,#68,.T.);
#2093=EDGE_CURVE('',#2781,#2780,#3276,.T.);
#2094=EDGE_CURVE('',#2779,#2781,#69,.T.);
#2095=EDGE_CURVE('',#2782,#2780,#3277,.T.);
#2096=EDGE_CURVE('',#2783,#2782,#3278,.T.);
#2097=EDGE_CURVE('',#2783,#2781,#3279,.T.);
#2098=EDGE_CURVE('',#2782,#2784,#70,.T.);
#2099=EDGE_CURVE('',#2785,#2784,#3280,.T.);
#2100=EDGE_CURVE('',#2783,#2785,#71,.T.);
#2101=EDGE_CURVE('',#2786,#2784,#3281,.T.);
#2102=EDGE_CURVE('',#2787,#2786,#3282,.T.);
#2103=EDGE_CURVE('',#2787,#2785,#3283,.T.);
#2104=EDGE_CURVE('',#2788,#2789,#3284,.T.);
#2105=EDGE_CURVE('',#2790,#2788,#3285,.T.);
#2106=EDGE_CURVE('',#2790,#2791,#3286,.T.);
#2107=EDGE_CURVE('',#2791,#2789,#3287,.T.);
#2108=EDGE_CURVE('',#2788,#2792,#72,.T.);
#2109=EDGE_CURVE('',#2793,#2792,#3288,.T.);
#2110=EDGE_CURVE('',#2790,#2793,#73,.T.);
#2111=EDGE_CURVE('',#2794,#2792,#3289,.T.);
#2112=EDGE_CURVE('',#2795,#2794,#3290,.T.);
#2113=EDGE_CURVE('',#2795,#2793,#3291,.T.);
#2114=EDGE_CURVE('',#2794,#2796,#74,.T.);
#2115=EDGE_CURVE('',#2797,#2796,#3292,.T.);
#2116=EDGE_CURVE('',#2795,#2797,#75,.T.);
#2117=EDGE_CURVE('',#2798,#2796,#3293,.T.);
#2118=EDGE_CURVE('',#2799,#2798,#3294,.T.);
#2119=EDGE_CURVE('',#2799,#2797,#3295,.T.);
#2120=EDGE_CURVE('',#2798,#2800,#76,.T.);
#2121=EDGE_CURVE('',#2801,#2800,#3296,.T.);
#2122=EDGE_CURVE('',#2799,#2801,#77,.T.);
#2123=EDGE_CURVE('',#2802,#2800,#3297,.T.);
#2124=EDGE_CURVE('',#2803,#2802,#3298,.T.);
#2125=EDGE_CURVE('',#2803,#2801,#3299,.T.);
#2126=EDGE_CURVE('',#2804,#2805,#3300,.T.);
#2127=EDGE_CURVE('',#2806,#2804,#3301,.T.);
#2128=EDGE_CURVE('',#2806,#2807,#3302,.T.);
#2129=EDGE_CURVE('',#2807,#2805,#3303,.T.);
#2130=EDGE_CURVE('',#2804,#2808,#78,.T.);
#2131=EDGE_CURVE('',#2809,#2808,#3304,.T.);
#2132=EDGE_CURVE('',#2806,#2809,#79,.T.);
#2133=EDGE_CURVE('',#2810,#2808,#3305,.T.);
#2134=EDGE_CURVE('',#2811,#2810,#3306,.T.);
#2135=EDGE_CURVE('',#2811,#2809,#3307,.T.);
#2136=EDGE_CURVE('',#2810,#2812,#80,.T.);
#2137=EDGE_CURVE('',#2813,#2812,#3308,.T.);
#2138=EDGE_CURVE('',#2811,#2813,#81,.T.);
#2139=EDGE_CURVE('',#2814,#2812,#3309,.T.);
#2140=EDGE_CURVE('',#2815,#2814,#3310,.T.);
#2141=EDGE_CURVE('',#2815,#2813,#3311,.T.);
#2142=EDGE_CURVE('',#2814,#2816,#82,.T.);
#2143=EDGE_CURVE('',#2817,#2816,#3312,.T.);
#2144=EDGE_CURVE('',#2815,#2817,#83,.T.);
#2145=EDGE_CURVE('',#2818,#2816,#3313,.T.);
#2146=EDGE_CURVE('',#2819,#2818,#3314,.T.);
#2147=EDGE_CURVE('',#2819,#2817,#3315,.T.);
#2148=EDGE_CURVE('',#2820,#2821,#3316,.T.);
#2149=EDGE_CURVE('',#2822,#2820,#3317,.T.);
#2150=EDGE_CURVE('',#2822,#2823,#3318,.T.);
#2151=EDGE_CURVE('',#2823,#2821,#3319,.T.);
#2152=EDGE_CURVE('',#2820,#2824,#84,.T.);
#2153=EDGE_CURVE('',#2825,#2824,#3320,.T.);
#2154=EDGE_CURVE('',#2822,#2825,#85,.T.);
#2155=EDGE_CURVE('',#2826,#2824,#3321,.T.);
#2156=EDGE_CURVE('',#2827,#2826,#3322,.T.);
#2157=EDGE_CURVE('',#2827,#2825,#3323,.T.);
#2158=EDGE_CURVE('',#2826,#2828,#86,.T.);
#2159=EDGE_CURVE('',#2829,#2828,#3324,.T.);
#2160=EDGE_CURVE('',#2827,#2829,#87,.T.);
#2161=EDGE_CURVE('',#2830,#2828,#3325,.T.);
#2162=EDGE_CURVE('',#2831,#2830,#3326,.T.);
#2163=EDGE_CURVE('',#2831,#2829,#3327,.T.);
#2164=EDGE_CURVE('',#2830,#2832,#88,.T.);
#2165=EDGE_CURVE('',#2833,#2832,#3328,.T.);
#2166=EDGE_CURVE('',#2831,#2833,#89,.T.);
#2167=EDGE_CURVE('',#2834,#2832,#3329,.T.);
#2168=EDGE_CURVE('',#2835,#2834,#3330,.T.);
#2169=EDGE_CURVE('',#2835,#2833,#3331,.T.);
#2170=EDGE_CURVE('',#2836,#2837,#3332,.T.);
#2171=EDGE_CURVE('',#2838,#2836,#3333,.T.);
#2172=EDGE_CURVE('',#2838,#2839,#3334,.T.);
#2173=EDGE_CURVE('',#2839,#2837,#3335,.T.);
#2174=EDGE_CURVE('',#2836,#2840,#90,.T.);
#2175=EDGE_CURVE('',#2841,#2840,#3336,.T.);
#2176=EDGE_CURVE('',#2838,#2841,#91,.T.);
#2177=EDGE_CURVE('',#2842,#2840,#3337,.T.);
#2178=EDGE_CURVE('',#2843,#2842,#3338,.T.);
#2179=EDGE_CURVE('',#2843,#2841,#3339,.T.);
#2180=EDGE_CURVE('',#2842,#2844,#92,.T.);
#2181=EDGE_CURVE('',#2845,#2844,#3340,.T.);
#2182=EDGE_CURVE('',#2843,#2845,#93,.T.);
#2183=EDGE_CURVE('',#2846,#2844,#3341,.T.);
#2184=EDGE_CURVE('',#2847,#2846,#3342,.T.);
#2185=EDGE_CURVE('',#2847,#2845,#3343,.T.);
#2186=EDGE_CURVE('',#2846,#2848,#94,.T.);
#2187=EDGE_CURVE('',#2849,#2848,#3344,.T.);
#2188=EDGE_CURVE('',#2847,#2849,#95,.T.);
#2189=EDGE_CURVE('',#2850,#2848,#3345,.T.);
#2190=EDGE_CURVE('',#2851,#2850,#3346,.T.);
#2191=EDGE_CURVE('',#2851,#2849,#3347,.T.);
#2192=EDGE_CURVE('',#2852,#2853,#3348,.T.);
#2193=EDGE_CURVE('',#2854,#2852,#3349,.T.);
#2194=EDGE_CURVE('',#2854,#2855,#3350,.T.);
#2195=EDGE_CURVE('',#2855,#2853,#3351,.T.);
#2196=EDGE_CURVE('',#2852,#2856,#96,.T.);
#2197=EDGE_CURVE('',#2857,#2856,#3352,.T.);
#2198=EDGE_CURVE('',#2854,#2857,#97,.T.);
#2199=EDGE_CURVE('',#2858,#2856,#3353,.T.);
#2200=EDGE_CURVE('',#2859,#2858,#3354,.T.);
#2201=EDGE_CURVE('',#2859,#2857,#3355,.T.);
#2202=EDGE_CURVE('',#2858,#2860,#98,.T.);
#2203=EDGE_CURVE('',#2861,#2860,#3356,.T.);
#2204=EDGE_CURVE('',#2859,#2861,#99,.T.);
#2205=EDGE_CURVE('',#2862,#2860,#3357,.T.);
#2206=EDGE_CURVE('',#2863,#2862,#3358,.T.);
#2207=EDGE_CURVE('',#2863,#2861,#3359,.T.);
#2208=EDGE_CURVE('',#2862,#2864,#100,.T.);
#2209=EDGE_CURVE('',#2865,#2864,#3360,.T.);
#2210=EDGE_CURVE('',#2863,#2865,#101,.T.);
#2211=EDGE_CURVE('',#2866,#2864,#3361,.T.);
#2212=EDGE_CURVE('',#2867,#2866,#3362,.T.);
#2213=EDGE_CURVE('',#2867,#2865,#3363,.T.);
#2214=EDGE_CURVE('',#2868,#2869,#3364,.T.);
#2215=EDGE_CURVE('',#2870,#2868,#3365,.T.);
#2216=EDGE_CURVE('',#2870,#2871,#3366,.T.);
#2217=EDGE_CURVE('',#2871,#2869,#3367,.T.);
#2218=EDGE_CURVE('',#2868,#2872,#102,.T.);
#2219=EDGE_CURVE('',#2873,#2872,#3368,.T.);
#2220=EDGE_CURVE('',#2870,#2873,#103,.T.);
#2221=EDGE_CURVE('',#2874,#2872,#3369,.T.);
#2222=EDGE_CURVE('',#2875,#2874,#3370,.T.);
#2223=EDGE_CURVE('',#2875,#2873,#3371,.T.);
#2224=EDGE_CURVE('',#2874,#2876,#104,.T.);
#2225=EDGE_CURVE('',#2877,#2876,#3372,.T.);
#2226=EDGE_CURVE('',#2875,#2877,#105,.T.);
#2227=EDGE_CURVE('',#2878,#2876,#3373,.T.);
#2228=EDGE_CURVE('',#2879,#2878,#3374,.T.);
#2229=EDGE_CURVE('',#2879,#2877,#3375,.T.);
#2230=EDGE_CURVE('',#2878,#2880,#106,.T.);
#2231=EDGE_CURVE('',#2881,#2880,#3376,.T.);
#2232=EDGE_CURVE('',#2879,#2881,#107,.T.);
#2233=EDGE_CURVE('',#2882,#2880,#3377,.T.);
#2234=EDGE_CURVE('',#2883,#2882,#3378,.T.);
#2235=EDGE_CURVE('',#2883,#2881,#3379,.T.);
#2236=EDGE_CURVE('',#2884,#2885,#3380,.T.);
#2237=EDGE_CURVE('',#2886,#2884,#3381,.T.);
#2238=EDGE_CURVE('',#2886,#2887,#3382,.T.);
#2239=EDGE_CURVE('',#2887,#2885,#3383,.T.);
#2240=EDGE_CURVE('',#2884,#2888,#108,.T.);
#2241=EDGE_CURVE('',#2889,#2888,#3384,.T.);
#2242=EDGE_CURVE('',#2886,#2889,#109,.T.);
#2243=EDGE_CURVE('',#2890,#2888,#3385,.T.);
#2244=EDGE_CURVE('',#2891,#2890,#3386,.T.);
#2245=EDGE_CURVE('',#2891,#2889,#3387,.T.);
#2246=EDGE_CURVE('',#2890,#2892,#110,.T.);
#2247=EDGE_CURVE('',#2893,#2892,#3388,.T.);
#2248=EDGE_CURVE('',#2891,#2893,#111,.T.);
#2249=EDGE_CURVE('',#2894,#2892,#3389,.T.);
#2250=EDGE_CURVE('',#2895,#2894,#3390,.T.);
#2251=EDGE_CURVE('',#2895,#2893,#3391,.T.);
#2252=EDGE_CURVE('',#2894,#2896,#112,.T.);
#2253=EDGE_CURVE('',#2897,#2896,#3392,.T.);
#2254=EDGE_CURVE('',#2895,#2897,#113,.T.);
#2255=EDGE_CURVE('',#2898,#2896,#3393,.T.);
#2256=EDGE_CURVE('',#2899,#2898,#3394,.T.);
#2257=EDGE_CURVE('',#2899,#2897,#3395,.T.);
#2258=EDGE_CURVE('',#2900,#2901,#3396,.T.);
#2259=EDGE_CURVE('',#2902,#2900,#3397,.T.);
#2260=EDGE_CURVE('',#2902,#2903,#3398,.T.);
#2261=EDGE_CURVE('',#2903,#2901,#3399,.T.);
#2262=EDGE_CURVE('',#2900,#2904,#114,.T.);
#2263=EDGE_CURVE('',#2905,#2904,#3400,.T.);
#2264=EDGE_CURVE('',#2902,#2905,#115,.T.);
#2265=EDGE_CURVE('',#2906,#2904,#3401,.T.);
#2266=EDGE_CURVE('',#2907,#2906,#3402,.T.);
#2267=EDGE_CURVE('',#2907,#2905,#3403,.T.);
#2268=EDGE_CURVE('',#2906,#2908,#116,.T.);
#2269=EDGE_CURVE('',#2909,#2908,#3404,.T.);
#2270=EDGE_CURVE('',#2907,#2909,#117,.T.);
#2271=EDGE_CURVE('',#2910,#2908,#3405,.T.);
#2272=EDGE_CURVE('',#2911,#2910,#3406,.T.);
#2273=EDGE_CURVE('',#2911,#2909,#3407,.T.);
#2274=EDGE_CURVE('',#2910,#2912,#118,.T.);
#2275=EDGE_CURVE('',#2913,#2912,#3408,.T.);
#2276=EDGE_CURVE('',#2911,#2913,#119,.T.);
#2277=EDGE_CURVE('',#2914,#2912,#3409,.T.);
#2278=EDGE_CURVE('',#2915,#2914,#3410,.T.);
#2279=EDGE_CURVE('',#2915,#2913,#3411,.T.);
#2280=EDGE_CURVE('',#2916,#2917,#3412,.T.);
#2281=EDGE_CURVE('',#2918,#2916,#3413,.T.);
#2282=EDGE_CURVE('',#2918,#2919,#3414,.T.);
#2283=EDGE_CURVE('',#2919,#2917,#3415,.T.);
#2284=EDGE_CURVE('',#2916,#2920,#120,.T.);
#2285=EDGE_CURVE('',#2921,#2920,#3416,.T.);
#2286=EDGE_CURVE('',#2918,#2921,#121,.T.);
#2287=EDGE_CURVE('',#2922,#2920,#3417,.T.);
#2288=EDGE_CURVE('',#2923,#2922,#3418,.T.);
#2289=EDGE_CURVE('',#2923,#2921,#3419,.T.);
#2290=EDGE_CURVE('',#2922,#2924,#122,.T.);
#2291=EDGE_CURVE('',#2925,#2924,#3420,.T.);
#2292=EDGE_CURVE('',#2923,#2925,#123,.T.);
#2293=EDGE_CURVE('',#2926,#2924,#3421,.T.);
#2294=EDGE_CURVE('',#2927,#2926,#3422,.T.);
#2295=EDGE_CURVE('',#2927,#2925,#3423,.T.);
#2296=EDGE_CURVE('',#2926,#2928,#124,.T.);
#2297=EDGE_CURVE('',#2929,#2928,#3424,.T.);
#2298=EDGE_CURVE('',#2927,#2929,#125,.T.);
#2299=EDGE_CURVE('',#2930,#2928,#3425,.T.);
#2300=EDGE_CURVE('',#2931,#2930,#3426,.T.);
#2301=EDGE_CURVE('',#2931,#2929,#3427,.T.);
#2302=EDGE_CURVE('',#2932,#2933,#3428,.T.);
#2303=EDGE_CURVE('',#2934,#2932,#3429,.T.);
#2304=EDGE_CURVE('',#2934,#2935,#3430,.T.);
#2305=EDGE_CURVE('',#2935,#2933,#3431,.T.);
#2306=EDGE_CURVE('',#2932,#2936,#126,.T.);
#2307=EDGE_CURVE('',#2937,#2936,#3432,.T.);
#2308=EDGE_CURVE('',#2934,#2937,#127,.T.);
#2309=EDGE_CURVE('',#2938,#2936,#3433,.T.);
#2310=EDGE_CURVE('',#2939,#2938,#3434,.T.);
#2311=EDGE_CURVE('',#2939,#2937,#3435,.T.);
#2312=EDGE_CURVE('',#2938,#2940,#128,.T.);
#2313=EDGE_CURVE('',#2941,#2940,#3436,.T.);
#2314=EDGE_CURVE('',#2939,#2941,#129,.T.);
#2315=EDGE_CURVE('',#2942,#2940,#3437,.T.);
#2316=EDGE_CURVE('',#2943,#2942,#3438,.T.);
#2317=EDGE_CURVE('',#2943,#2941,#3439,.T.);
#2318=EDGE_CURVE('',#2942,#2944,#130,.T.);
#2319=EDGE_CURVE('',#2945,#2944,#3440,.T.);
#2320=EDGE_CURVE('',#2943,#2945,#131,.T.);
#2321=EDGE_CURVE('',#2946,#2944,#3441,.T.);
#2322=EDGE_CURVE('',#2947,#2946,#3442,.T.);
#2323=EDGE_CURVE('',#2947,#2945,#3443,.T.);
#2324=EDGE_CURVE('',#2948,#2949,#3444,.T.);
#2325=EDGE_CURVE('',#2950,#2948,#3445,.T.);
#2326=EDGE_CURVE('',#2950,#2951,#3446,.T.);
#2327=EDGE_CURVE('',#2951,#2949,#3447,.T.);
#2328=EDGE_CURVE('',#2948,#2952,#132,.T.);
#2329=EDGE_CURVE('',#2953,#2952,#3448,.T.);
#2330=EDGE_CURVE('',#2950,#2953,#133,.T.);
#2331=EDGE_CURVE('',#2954,#2952,#3449,.T.);
#2332=EDGE_CURVE('',#2955,#2954,#3450,.T.);
#2333=EDGE_CURVE('',#2955,#2953,#3451,.T.);
#2334=EDGE_CURVE('',#2954,#2956,#134,.T.);
#2335=EDGE_CURVE('',#2957,#2956,#3452,.T.);
#2336=EDGE_CURVE('',#2955,#2957,#135,.T.);
#2337=EDGE_CURVE('',#2958,#2956,#3453,.T.);
#2338=EDGE_CURVE('',#2959,#2958,#3454,.T.);
#2339=EDGE_CURVE('',#2959,#2957,#3455,.T.);
#2340=EDGE_CURVE('',#2958,#2960,#136,.T.);
#2341=EDGE_CURVE('',#2961,#2960,#3456,.T.);
#2342=EDGE_CURVE('',#2959,#2961,#137,.T.);
#2343=EDGE_CURVE('',#2962,#2960,#3457,.T.);
#2344=EDGE_CURVE('',#2963,#2962,#3458,.T.);
#2345=EDGE_CURVE('',#2963,#2961,#3459,.T.);
#2346=EDGE_CURVE('',#2964,#2965,#3460,.T.);
#2347=EDGE_CURVE('',#2966,#2964,#3461,.T.);
#2348=EDGE_CURVE('',#2966,#2967,#3462,.T.);
#2349=EDGE_CURVE('',#2967,#2965,#3463,.T.);
#2350=EDGE_CURVE('',#2964,#2968,#138,.T.);
#2351=EDGE_CURVE('',#2969,#2968,#3464,.T.);
#2352=EDGE_CURVE('',#2966,#2969,#139,.T.);
#2353=EDGE_CURVE('',#2970,#2968,#3465,.T.);
#2354=EDGE_CURVE('',#2971,#2970,#3466,.T.);
#2355=EDGE_CURVE('',#2971,#2969,#3467,.T.);
#2356=EDGE_CURVE('',#2970,#2972,#140,.T.);
#2357=EDGE_CURVE('',#2973,#2972,#3468,.T.);
#2358=EDGE_CURVE('',#2971,#2973,#141,.T.);
#2359=EDGE_CURVE('',#2974,#2972,#3469,.T.);
#2360=EDGE_CURVE('',#2975,#2974,#3470,.T.);
#2361=EDGE_CURVE('',#2975,#2973,#3471,.T.);
#2362=EDGE_CURVE('',#2974,#2976,#142,.T.);
#2363=EDGE_CURVE('',#2977,#2976,#3472,.T.);
#2364=EDGE_CURVE('',#2975,#2977,#143,.T.);
#2365=EDGE_CURVE('',#2978,#2976,#3473,.T.);
#2366=EDGE_CURVE('',#2979,#2978,#3474,.T.);
#2367=EDGE_CURVE('',#2979,#2977,#3475,.T.);
#2368=EDGE_CURVE('',#2980,#2981,#3476,.T.);
#2369=EDGE_CURVE('',#2982,#2980,#3477,.T.);
#2370=EDGE_CURVE('',#2982,#2983,#3478,.T.);
#2371=EDGE_CURVE('',#2983,#2981,#3479,.T.);
#2372=EDGE_CURVE('',#2980,#2984,#144,.T.);
#2373=EDGE_CURVE('',#2985,#2984,#3480,.T.);
#2374=EDGE_CURVE('',#2982,#2985,#145,.T.);
#2375=EDGE_CURVE('',#2986,#2984,#3481,.T.);
#2376=EDGE_CURVE('',#2987,#2986,#3482,.T.);
#2377=EDGE_CURVE('',#2987,#2985,#3483,.T.);
#2378=EDGE_CURVE('',#2986,#2988,#146,.T.);
#2379=EDGE_CURVE('',#2989,#2988,#3484,.T.);
#2380=EDGE_CURVE('',#2987,#2989,#147,.T.);
#2381=EDGE_CURVE('',#2990,#2988,#3485,.T.);
#2382=EDGE_CURVE('',#2991,#2990,#3486,.T.);
#2383=EDGE_CURVE('',#2991,#2989,#3487,.T.);
#2384=EDGE_CURVE('',#2990,#2992,#148,.T.);
#2385=EDGE_CURVE('',#2993,#2992,#3488,.T.);
#2386=EDGE_CURVE('',#2991,#2993,#149,.T.);
#2387=EDGE_CURVE('',#2994,#2992,#3489,.T.);
#2388=EDGE_CURVE('',#2995,#2994,#3490,.T.);
#2389=EDGE_CURVE('',#2995,#2993,#3491,.T.);
#2390=EDGE_CURVE('',#2996,#2997,#3492,.T.);
#2391=EDGE_CURVE('',#2998,#2996,#3493,.T.);
#2392=EDGE_CURVE('',#2998,#2999,#3494,.T.);
#2393=EDGE_CURVE('',#2999,#2997,#3495,.T.);
#2394=EDGE_CURVE('',#2996,#3000,#150,.T.);
#2395=EDGE_CURVE('',#3001,#3000,#3496,.T.);
#2396=EDGE_CURVE('',#2998,#3001,#151,.T.);
#2397=EDGE_CURVE('',#3002,#3000,#3497,.T.);
#2398=EDGE_CURVE('',#3003,#3002,#3498,.T.);
#2399=EDGE_CURVE('',#3003,#3001,#3499,.T.);
#2400=EDGE_CURVE('',#3002,#3004,#152,.T.);
#2401=EDGE_CURVE('',#3005,#3004,#3500,.T.);
#2402=EDGE_CURVE('',#3003,#3005,#153,.T.);
#2403=EDGE_CURVE('',#3006,#3004,#3501,.T.);
#2404=EDGE_CURVE('',#3007,#3006,#3502,.T.);
#2405=EDGE_CURVE('',#3007,#3005,#3503,.T.);
#2406=EDGE_CURVE('',#3006,#3008,#154,.T.);
#2407=EDGE_CURVE('',#3009,#3008,#3504,.T.);
#2408=EDGE_CURVE('',#3007,#3009,#155,.T.);
#2409=EDGE_CURVE('',#3010,#3008,#3505,.T.);
#2410=EDGE_CURVE('',#3011,#3010,#3506,.T.);
#2411=EDGE_CURVE('',#3011,#3009,#3507,.T.);
#2412=EDGE_CURVE('',#3012,#3013,#3508,.T.);
#2413=EDGE_CURVE('',#3014,#3012,#3509,.T.);
#2414=EDGE_CURVE('',#3014,#3015,#3510,.T.);
#2415=EDGE_CURVE('',#3015,#3013,#3511,.T.);
#2416=EDGE_CURVE('',#3012,#3016,#156,.T.);
#2417=EDGE_CURVE('',#3017,#3016,#3512,.T.);
#2418=EDGE_CURVE('',#3014,#3017,#157,.T.);
#2419=EDGE_CURVE('',#3018,#3016,#3513,.T.);
#2420=EDGE_CURVE('',#3019,#3018,#3514,.T.);
#2421=EDGE_CURVE('',#3019,#3017,#3515,.T.);
#2422=EDGE_CURVE('',#3018,#3020,#158,.T.);
#2423=EDGE_CURVE('',#3021,#3020,#3516,.T.);
#2424=EDGE_CURVE('',#3019,#3021,#159,.T.);
#2425=EDGE_CURVE('',#3022,#3020,#3517,.T.);
#2426=EDGE_CURVE('',#3023,#3022,#3518,.T.);
#2427=EDGE_CURVE('',#3023,#3021,#3519,.T.);
#2428=EDGE_CURVE('',#3022,#3024,#160,.T.);
#2429=EDGE_CURVE('',#3025,#3024,#3520,.T.);
#2430=EDGE_CURVE('',#3023,#3025,#161,.T.);
#2431=EDGE_CURVE('',#3026,#3024,#3521,.T.);
#2432=EDGE_CURVE('',#3027,#3026,#3522,.T.);
#2433=EDGE_CURVE('',#3027,#3025,#3523,.T.);
#2434=EDGE_CURVE('',#3028,#3029,#3524,.T.);
#2435=EDGE_CURVE('',#3030,#3028,#3525,.T.);
#2436=EDGE_CURVE('',#3030,#3031,#3526,.T.);
#2437=EDGE_CURVE('',#3031,#3029,#3527,.T.);
#2438=EDGE_CURVE('',#3028,#3032,#162,.T.);
#2439=EDGE_CURVE('',#3033,#3032,#3528,.T.);
#2440=EDGE_CURVE('',#3030,#3033,#163,.T.);
#2441=EDGE_CURVE('',#3034,#3032,#3529,.T.);
#2442=EDGE_CURVE('',#3035,#3034,#3530,.T.);
#2443=EDGE_CURVE('',#3035,#3033,#3531,.T.);
#2444=EDGE_CURVE('',#3034,#3036,#164,.T.);
#2445=EDGE_CURVE('',#3037,#3036,#3532,.T.);
#2446=EDGE_CURVE('',#3035,#3037,#165,.T.);
#2447=EDGE_CURVE('',#3038,#3036,#3533,.T.);
#2448=EDGE_CURVE('',#3039,#3038,#3534,.T.);
#2449=EDGE_CURVE('',#3039,#3037,#3535,.T.);
#2450=EDGE_CURVE('',#3038,#3040,#166,.T.);
#2451=EDGE_CURVE('',#3041,#3040,#3536,.T.);
#2452=EDGE_CURVE('',#3039,#3041,#167,.T.);
#2453=EDGE_CURVE('',#3042,#3040,#3537,.T.);
#2454=EDGE_CURVE('',#3043,#3042,#3538,.T.);
#2455=EDGE_CURVE('',#3043,#3041,#3539,.T.);
#2456=EDGE_CURVE('',#3044,#3045,#3540,.T.);
#2457=EDGE_CURVE('',#3046,#3044,#3541,.T.);
#2458=EDGE_CURVE('',#3046,#3047,#3542,.T.);
#2459=EDGE_CURVE('',#3047,#3045,#3543,.T.);
#2460=EDGE_CURVE('',#3044,#3048,#168,.T.);
#2461=EDGE_CURVE('',#3049,#3048,#3544,.T.);
#2462=EDGE_CURVE('',#3046,#3049,#169,.T.);
#2463=EDGE_CURVE('',#3050,#3048,#3545,.T.);
#2464=EDGE_CURVE('',#3051,#3050,#3546,.T.);
#2465=EDGE_CURVE('',#3051,#3049,#3547,.T.);
#2466=EDGE_CURVE('',#3050,#3052,#170,.T.);
#2467=EDGE_CURVE('',#3053,#3052,#3548,.T.);
#2468=EDGE_CURVE('',#3051,#3053,#171,.T.);
#2469=EDGE_CURVE('',#3054,#3052,#3549,.T.);
#2470=EDGE_CURVE('',#3055,#3054,#3550,.T.);
#2471=EDGE_CURVE('',#3055,#3053,#3551,.T.);
#2472=EDGE_CURVE('',#3054,#3056,#172,.T.);
#2473=EDGE_CURVE('',#3057,#3056,#3552,.T.);
#2474=EDGE_CURVE('',#3055,#3057,#173,.T.);
#2475=EDGE_CURVE('',#3058,#3056,#3553,.T.);
#2476=EDGE_CURVE('',#3059,#3058,#3554,.T.);
#2477=EDGE_CURVE('',#3059,#3057,#3555,.T.);
#2478=EDGE_CURVE('',#3060,#3061,#3556,.T.);
#2479=EDGE_CURVE('',#3062,#3060,#3557,.T.);
#2480=EDGE_CURVE('',#3062,#3063,#3558,.T.);
#2481=EDGE_CURVE('',#3063,#3061,#3559,.T.);
#2482=EDGE_CURVE('',#3060,#3064,#174,.T.);
#2483=EDGE_CURVE('',#3065,#3064,#3560,.T.);
#2484=EDGE_CURVE('',#3062,#3065,#175,.T.);
#2485=EDGE_CURVE('',#3066,#3064,#3561,.T.);
#2486=EDGE_CURVE('',#3067,#3066,#3562,.T.);
#2487=EDGE_CURVE('',#3067,#3065,#3563,.T.);
#2488=EDGE_CURVE('',#3066,#3068,#176,.T.);
#2489=EDGE_CURVE('',#3069,#3068,#3564,.T.);
#2490=EDGE_CURVE('',#3067,#3069,#177,.T.);
#2491=EDGE_CURVE('',#3070,#3068,#3565,.T.);
#2492=EDGE_CURVE('',#3071,#3070,#3566,.T.);
#2493=EDGE_CURVE('',#3071,#3069,#3567,.T.);
#2494=EDGE_CURVE('',#3070,#3072,#178,.T.);
#2495=EDGE_CURVE('',#3073,#3072,#3568,.T.);
#2496=EDGE_CURVE('',#3071,#3073,#179,.T.);
#2497=EDGE_CURVE('',#3074,#3072,#3569,.T.);
#2498=EDGE_CURVE('',#3075,#3074,#3570,.T.);
#2499=EDGE_CURVE('',#3075,#3073,#3571,.T.);
#2500=EDGE_CURVE('',#3076,#3077,#3572,.T.);
#2501=EDGE_CURVE('',#3078,#3076,#3573,.T.);
#2502=EDGE_CURVE('',#3078,#3079,#3574,.T.);
#2503=EDGE_CURVE('',#3079,#3077,#3575,.T.);
#2504=EDGE_CURVE('',#3076,#3080,#180,.T.);
#2505=EDGE_CURVE('',#3081,#3080,#3576,.T.);
#2506=EDGE_CURVE('',#3078,#3081,#181,.T.);
#2507=EDGE_CURVE('',#3082,#3080,#3577,.T.);
#2508=EDGE_CURVE('',#3083,#3082,#3578,.T.);
#2509=EDGE_CURVE('',#3083,#3081,#3579,.T.);
#2510=EDGE_CURVE('',#3082,#3084,#182,.T.);
#2511=EDGE_CURVE('',#3085,#3084,#3580,.T.);
#2512=EDGE_CURVE('',#3083,#3085,#183,.T.);
#2513=EDGE_CURVE('',#3086,#3084,#3581,.T.);
#2514=EDGE_CURVE('',#3087,#3086,#3582,.T.);
#2515=EDGE_CURVE('',#3087,#3085,#3583,.T.);
#2516=EDGE_CURVE('',#3086,#3088,#184,.T.);
#2517=EDGE_CURVE('',#3089,#3088,#3584,.T.);
#2518=EDGE_CURVE('',#3087,#3089,#185,.T.);
#2519=EDGE_CURVE('',#3090,#3088,#3585,.T.);
#2520=EDGE_CURVE('',#3091,#3090,#3586,.T.);
#2521=EDGE_CURVE('',#3091,#3089,#3587,.T.);
#2522=EDGE_CURVE('',#3092,#3093,#3588,.T.);
#2523=EDGE_CURVE('',#3094,#3092,#3589,.T.);
#2524=EDGE_CURVE('',#3094,#3095,#3590,.T.);
#2525=EDGE_CURVE('',#3095,#3093,#3591,.T.);
#2526=EDGE_CURVE('',#3092,#3096,#186,.T.);
#2527=EDGE_CURVE('',#3097,#3096,#3592,.T.);
#2528=EDGE_CURVE('',#3094,#3097,#187,.T.);
#2529=EDGE_CURVE('',#3098,#3096,#3593,.T.);
#2530=EDGE_CURVE('',#3099,#3098,#3594,.T.);
#2531=EDGE_CURVE('',#3099,#3097,#3595,.T.);
#2532=EDGE_CURVE('',#3098,#3100,#188,.T.);
#2533=EDGE_CURVE('',#3101,#3100,#3596,.T.);
#2534=EDGE_CURVE('',#3099,#3101,#189,.T.);
#2535=EDGE_CURVE('',#3102,#3100,#3597,.T.);
#2536=EDGE_CURVE('',#3103,#3102,#3598,.T.);
#2537=EDGE_CURVE('',#3103,#3101,#3599,.T.);
#2538=EDGE_CURVE('',#3102,#3104,#190,.T.);
#2539=EDGE_CURVE('',#3105,#3104,#3600,.T.);
#2540=EDGE_CURVE('',#3103,#3105,#191,.T.);
#2541=EDGE_CURVE('',#3106,#3104,#3601,.T.);
#2542=EDGE_CURVE('',#3107,#3106,#3602,.T.);
#2543=EDGE_CURVE('',#3107,#3105,#3603,.T.);
#2544=EDGE_CURVE('',#2642,#2629,#192,.T.);
#2545=EDGE_CURVE('',#2643,#2631,#193,.T.);
#2546=EDGE_CURVE('',#2658,#2645,#194,.T.);
#2547=EDGE_CURVE('',#2659,#2647,#195,.T.);
#2548=EDGE_CURVE('',#2674,#2661,#196,.T.);
#2549=EDGE_CURVE('',#2675,#2663,#197,.T.);
#2550=EDGE_CURVE('',#2690,#2677,#198,.T.);
#2551=EDGE_CURVE('',#2691,#2679,#199,.T.);
#2552=EDGE_CURVE('',#2706,#2693,#200,.T.);
#2553=EDGE_CURVE('',#2707,#2695,#201,.T.);
#2554=EDGE_CURVE('',#2722,#2709,#202,.T.);
#2555=EDGE_CURVE('',#2723,#2711,#203,.T.);
#2556=EDGE_CURVE('',#2738,#2725,#204,.T.);
#2557=EDGE_CURVE('',#2739,#2727,#205,.T.);
#2558=EDGE_CURVE('',#2754,#2741,#206,.T.);
#2559=EDGE_CURVE('',#2755,#2743,#207,.T.);
#2560=EDGE_CURVE('',#2770,#2757,#208,.T.);
#2561=EDGE_CURVE('',#2771,#2759,#209,.T.);
#2562=EDGE_CURVE('',#2786,#2773,#210,.T.);
#2563=EDGE_CURVE('',#2787,#2775,#211,.T.);
#2564=EDGE_CURVE('',#2802,#2789,#212,.T.);
#2565=EDGE_CURVE('',#2803,#2791,#213,.T.);
#2566=EDGE_CURVE('',#2818,#2805,#214,.T.);
#2567=EDGE_CURVE('',#2819,#2807,#215,.T.);
#2568=EDGE_CURVE('',#2834,#2821,#216,.T.);
#2569=EDGE_CURVE('',#2835,#2823,#217,.T.);
#2570=EDGE_CURVE('',#2850,#2837,#218,.T.);
#2571=EDGE_CURVE('',#2851,#2839,#219,.T.);
#2572=EDGE_CURVE('',#2866,#2853,#220,.T.);
#2573=EDGE_CURVE('',#2867,#2855,#221,.T.);
#2574=EDGE_CURVE('',#2882,#2869,#222,.T.);
#2575=EDGE_CURVE('',#2883,#2871,#223,.T.);
#2576=EDGE_CURVE('',#2898,#2885,#224,.T.);
#2577=EDGE_CURVE('',#2899,#2887,#225,.T.);
#2578=EDGE_CURVE('',#2914,#2901,#226,.T.);
#2579=EDGE_CURVE('',#2915,#2903,#227,.T.);
#2580=EDGE_CURVE('',#2930,#2917,#228,.T.);
#2581=EDGE_CURVE('',#2931,#2919,#229,.T.);
#2582=EDGE_CURVE('',#2946,#2933,#230,.T.);
#2583=EDGE_CURVE('',#2947,#2935,#231,.T.);
#2584=EDGE_CURVE('',#2962,#2949,#232,.T.);
#2585=EDGE_CURVE('',#2963,#2951,#233,.T.);
#2586=EDGE_CURVE('',#2978,#2965,#234,.T.);
#2587=EDGE_CURVE('',#2979,#2967,#235,.T.);
#2588=EDGE_CURVE('',#2994,#2981,#236,.T.);
#2589=EDGE_CURVE('',#2995,#2983,#237,.T.);
#2590=EDGE_CURVE('',#3010,#2997,#238,.T.);
#2591=EDGE_CURVE('',#3011,#2999,#239,.T.);
#2592=EDGE_CURVE('',#3026,#3013,#240,.T.);
#2593=EDGE_CURVE('',#3027,#3015,#241,.T.);
#2594=EDGE_CURVE('',#3042,#3029,#242,.T.);
#2595=EDGE_CURVE('',#3043,#3031,#243,.T.);
#2596=EDGE_CURVE('',#3058,#3045,#244,.T.);
#2597=EDGE_CURVE('',#3059,#3047,#245,.T.);
#2598=EDGE_CURVE('',#3074,#3061,#246,.T.);
#2599=EDGE_CURVE('',#3075,#3063,#247,.T.);
#2600=EDGE_CURVE('',#3090,#3077,#248,.T.);
#2601=EDGE_CURVE('',#3091,#3079,#249,.T.);
#2602=EDGE_CURVE('',#3106,#3093,#250,.T.);
#2603=EDGE_CURVE('',#3107,#3095,#251,.T.);
#2604=EDGE_CURVE('',#3108,#3109,#3604,.T.);
#2605=EDGE_CURVE('',#3109,#3110,#3605,.T.);
#2606=EDGE_CURVE('',#3111,#3110,#3606,.T.);
#2607=EDGE_CURVE('',#3111,#3108,#3607,.F.);
#2608=EDGE_CURVE('',#2626,#3109,#252,.F.);
#2609=EDGE_CURVE('',#3108,#2619,#253,.F.);
#2610=EDGE_CURVE('',#2618,#2623,#254,.F.);
#2611=EDGE_CURVE('',#2622,#2627,#255,.F.);
#2612=EDGE_CURVE('',#3110,#2625,#256,.T.);
#2613=EDGE_CURVE('',#2624,#2620,#257,.T.);
#2614=EDGE_CURVE('',#2621,#2616,#258,.T.);
#2615=EDGE_CURVE('',#2617,#3111,#259,.T.);
#2616=VERTEX_POINT('',#7108);
#2617=VERTEX_POINT('',#7109);
#2618=VERTEX_POINT('',#7111);
#2619=VERTEX_POINT('',#7113);
#2620=VERTEX_POINT('',#7117);
#2621=VERTEX_POINT('',#7118);
#2622=VERTEX_POINT('',#7120);
#2623=VERTEX_POINT('',#7122);
#2624=VERTEX_POINT('',#7126);
#2625=VERTEX_POINT('',#7127);
#2626=VERTEX_POINT('',#7129);
#2627=VERTEX_POINT('',#7131);
#2628=VERTEX_POINT('',#7135);
#2629=VERTEX_POINT('',#7136);
#2630=VERTEX_POINT('',#7138);
#2631=VERTEX_POINT('',#7140);
#2632=VERTEX_POINT('',#7144);
#2633=VERTEX_POINT('',#7146);
#2634=VERTEX_POINT('',#7150);
#2635=VERTEX_POINT('',#7152);
#2636=VERTEX_POINT('',#7156);
#2637=VERTEX_POINT('',#7158);
#2638=VERTEX_POINT('',#7162);
#2639=VERTEX_POINT('',#7164);
#2640=VERTEX_POINT('',#7168);
#2641=VERTEX_POINT('',#7170);
#2642=VERTEX_POINT('',#7174);
#2643=VERTEX_POINT('',#7176);
#2644=VERTEX_POINT('',#7180);
#2645=VERTEX_POINT('',#7181);
#2646=VERTEX_POINT('',#7183);
#2647=VERTEX_POINT('',#7185);
#2648=VERTEX_POINT('',#7189);
#2649=VERTEX_POINT('',#7191);
#2650=VERTEX_POINT('',#7195);
#2651=VERTEX_POINT('',#7197);
#2652=VERTEX_POINT('',#7201);
#2653=VERTEX_POINT('',#7203);
#2654=VERTEX_POINT('',#7207);
#2655=VERTEX_POINT('',#7209);
#2656=VERTEX_POINT('',#7213);
#2657=VERTEX_POINT('',#7215);
#2658=VERTEX_POINT('',#7219);
#2659=VERTEX_POINT('',#7221);
#2660=VERTEX_POINT('',#7225);
#2661=VERTEX_POINT('',#7226);
#2662=VERTEX_POINT('',#7228);
#2663=VERTEX_POINT('',#7230);
#2664=VERTEX_POINT('',#7234);
#2665=VERTEX_POINT('',#7236);
#2666=VERTEX_POINT('',#7240);
#2667=VERTEX_POINT('',#7242);
#2668=VERTEX_POINT('',#7246);
#2669=VERTEX_POINT('',#7248);
#2670=VERTEX_POINT('',#7252);
#2671=VERTEX_POINT('',#7254);
#2672=VERTEX_POINT('',#7258);
#2673=VERTEX_POINT('',#7260);
#2674=VERTEX_POINT('',#7264);
#2675=VERTEX_POINT('',#7266);
#2676=VERTEX_POINT('',#7270);
#2677=VERTEX_POINT('',#7271);
#2678=VERTEX_POINT('',#7273);
#2679=VERTEX_POINT('',#7275);
#2680=VERTEX_POINT('',#7279);
#2681=VERTEX_POINT('',#7281);
#2682=VERTEX_POINT('',#7285);
#2683=VERTEX_POINT('',#7287);
#2684=VERTEX_POINT('',#7291);
#2685=VERTEX_POINT('',#7293);
#2686=VERTEX_POINT('',#7297);
#2687=VERTEX_POINT('',#7299);
#2688=VERTEX_POINT('',#7303);
#2689=VERTEX_POINT('',#7305);
#2690=VERTEX_POINT('',#7309);
#2691=VERTEX_POINT('',#7311);
#2692=VERTEX_POINT('',#7315);
#2693=VERTEX_POINT('',#7316);
#2694=VERTEX_POINT('',#7318);
#2695=VERTEX_POINT('',#7320);
#2696=VERTEX_POINT('',#7324);
#2697=VERTEX_POINT('',#7326);
#2698=VERTEX_POINT('',#7330);
#2699=VERTEX_POINT('',#7332);
#2700=VERTEX_POINT('',#7336);
#2701=VERTEX_POINT('',#7338);
#2702=VERTEX_POINT('',#7342);
#2703=VERTEX_POINT('',#7344);
#2704=VERTEX_POINT('',#7348);
#2705=VERTEX_POINT('',#7350);
#2706=VERTEX_POINT('',#7354);
#2707=VERTEX_POINT('',#7356);
#2708=VERTEX_POINT('',#7360);
#2709=VERTEX_POINT('',#7361);
#2710=VERTEX_POINT('',#7363);
#2711=VERTEX_POINT('',#7365);
#2712=VERTEX_POINT('',#7369);
#2713=VERTEX_POINT('',#7371);
#2714=VERTEX_POINT('',#7375);
#2715=VERTEX_POINT('',#7377);
#2716=VERTEX_POINT('',#7381);
#2717=VERTEX_POINT('',#7383);
#2718=VERTEX_POINT('',#7387);
#2719=VERTEX_POINT('',#7389);
#2720=VERTEX_POINT('',#7393);
#2721=VERTEX_POINT('',#7395);
#2722=VERTEX_POINT('',#7399);
#2723=VERTEX_POINT('',#7401);
#2724=VERTEX_POINT('',#7405);
#2725=VERTEX_POINT('',#7406);
#2726=VERTEX_POINT('',#7408);
#2727=VERTEX_POINT('',#7410);
#2728=VERTEX_POINT('',#7414);
#2729=VERTEX_POINT('',#7416);
#2730=VERTEX_POINT('',#7420);
#2731=VERTEX_POINT('',#7422);
#2732=VERTEX_POINT('',#7426);
#2733=VERTEX_POINT('',#7428);
#2734=VERTEX_POINT('',#7432);
#2735=VERTEX_POINT('',#7434);
#2736=VERTEX_POINT('',#7438);
#2737=VERTEX_POINT('',#7440);
#2738=VERTEX_POINT('',#7444);
#2739=VERTEX_POINT('',#7446);
#2740=VERTEX_POINT('',#7450);
#2741=VERTEX_POINT('',#7451);
#2742=VERTEX_POINT('',#7453);
#2743=VERTEX_POINT('',#7455);
#2744=VERTEX_POINT('',#7459);
#2745=VERTEX_POINT('',#7461);
#2746=VERTEX_POINT('',#7465);
#2747=VERTEX_POINT('',#7467);
#2748=VERTEX_POINT('',#7471);
#2749=VERTEX_POINT('',#7473);
#2750=VERTEX_POINT('',#7477);
#2751=VERTEX_POINT('',#7479);
#2752=VERTEX_POINT('',#7483);
#2753=VERTEX_POINT('',#7485);
#2754=VERTEX_POINT('',#7489);
#2755=VERTEX_POINT('',#7491);
#2756=VERTEX_POINT('',#7495);
#2757=VERTEX_POINT('',#7496);
#2758=VERTEX_POINT('',#7498);
#2759=VERTEX_POINT('',#7500);
#2760=VERTEX_POINT('',#7504);
#2761=VERTEX_POINT('',#7506);
#2762=VERTEX_POINT('',#7510);
#2763=VERTEX_POINT('',#7512);
#2764=VERTEX_POINT('',#7516);
#2765=VERTEX_POINT('',#7518);
#2766=VERTEX_POINT('',#7522);
#2767=VERTEX_POINT('',#7524);
#2768=VERTEX_POINT('',#7528);
#2769=VERTEX_POINT('',#7530);
#2770=VERTEX_POINT('',#7534);
#2771=VERTEX_POINT('',#7536);
#2772=VERTEX_POINT('',#7540);
#2773=VERTEX_POINT('',#7541);
#2774=VERTEX_POINT('',#7543);
#2775=VERTEX_POINT('',#7545);
#2776=VERTEX_POINT('',#7549);
#2777=VERTEX_POINT('',#7551);
#2778=VERTEX_POINT('',#7555);
#2779=VERTEX_POINT('',#7557);
#2780=VERTEX_POINT('',#7561);
#2781=VERTEX_POINT('',#7563);
#2782=VERTEX_POINT('',#7567);
#2783=VERTEX_POINT('',#7569);
#2784=VERTEX_POINT('',#7573);
#2785=VERTEX_POINT('',#7575);
#2786=VERTEX_POINT('',#7579);
#2787=VERTEX_POINT('',#7581);
#2788=VERTEX_POINT('',#7585);
#2789=VERTEX_POINT('',#7586);
#2790=VERTEX_POINT('',#7588);
#2791=VERTEX_POINT('',#7590);
#2792=VERTEX_POINT('',#7594);
#2793=VERTEX_POINT('',#7596);
#2794=VERTEX_POINT('',#7600);
#2795=VERTEX_POINT('',#7602);
#2796=VERTEX_POINT('',#7606);
#2797=VERTEX_POINT('',#7608);
#2798=VERTEX_POINT('',#7612);
#2799=VERTEX_POINT('',#7614);
#2800=VERTEX_POINT('',#7618);
#2801=VERTEX_POINT('',#7620);
#2802=VERTEX_POINT('',#7624);
#2803=VERTEX_POINT('',#7626);
#2804=VERTEX_POINT('',#7630);
#2805=VERTEX_POINT('',#7631);
#2806=VERTEX_POINT('',#7633);
#2807=VERTEX_POINT('',#7635);
#2808=VERTEX_POINT('',#7639);
#2809=VERTEX_POINT('',#7641);
#2810=VERTEX_POINT('',#7645);
#2811=VERTEX_POINT('',#7647);
#2812=VERTEX_POINT('',#7651);
#2813=VERTEX_POINT('',#7653);
#2814=VERTEX_POINT('',#7657);
#2815=VERTEX_POINT('',#7659);
#2816=VERTEX_POINT('',#7663);
#2817=VERTEX_POINT('',#7665);
#2818=VERTEX_POINT('',#7669);
#2819=VERTEX_POINT('',#7671);
#2820=VERTEX_POINT('',#7675);
#2821=VERTEX_POINT('',#7676);
#2822=VERTEX_POINT('',#7678);
#2823=VERTEX_POINT('',#7680);
#2824=VERTEX_POINT('',#7684);
#2825=VERTEX_POINT('',#7686);
#2826=VERTEX_POINT('',#7690);
#2827=VERTEX_POINT('',#7692);
#2828=VERTEX_POINT('',#7696);
#2829=VERTEX_POINT('',#7698);
#2830=VERTEX_POINT('',#7702);
#2831=VERTEX_POINT('',#7704);
#2832=VERTEX_POINT('',#7708);
#2833=VERTEX_POINT('',#7710);
#2834=VERTEX_POINT('',#7714);
#2835=VERTEX_POINT('',#7716);
#2836=VERTEX_POINT('',#7720);
#2837=VERTEX_POINT('',#7721);
#2838=VERTEX_POINT('',#7723);
#2839=VERTEX_POINT('',#7725);
#2840=VERTEX_POINT('',#7729);
#2841=VERTEX_POINT('',#7731);
#2842=VERTEX_POINT('',#7735);
#2843=VERTEX_POINT('',#7737);
#2844=VERTEX_POINT('',#7741);
#2845=VERTEX_POINT('',#7743);
#2846=VERTEX_POINT('',#7747);
#2847=VERTEX_POINT('',#7749);
#2848=VERTEX_POINT('',#7753);
#2849=VERTEX_POINT('',#7755);
#2850=VERTEX_POINT('',#7759);
#2851=VERTEX_POINT('',#7761);
#2852=VERTEX_POINT('',#7765);
#2853=VERTEX_POINT('',#7766);
#2854=VERTEX_POINT('',#7768);
#2855=VERTEX_POINT('',#7770);
#2856=VERTEX_POINT('',#7774);
#2857=VERTEX_POINT('',#7776);
#2858=VERTEX_POINT('',#7780);
#2859=VERTEX_POINT('',#7782);
#2860=VERTEX_POINT('',#7786);
#2861=VERTEX_POINT('',#7788);
#2862=VERTEX_POINT('',#7792);
#2863=VERTEX_POINT('',#7794);
#2864=VERTEX_POINT('',#7798);
#2865=VERTEX_POINT('',#7800);
#2866=VERTEX_POINT('',#7804);
#2867=VERTEX_POINT('',#7806);
#2868=VERTEX_POINT('',#7810);
#2869=VERTEX_POINT('',#7811);
#2870=VERTEX_POINT('',#7813);
#2871=VERTEX_POINT('',#7815);
#2872=VERTEX_POINT('',#7819);
#2873=VERTEX_POINT('',#7821);
#2874=VERTEX_POINT('',#7825);
#2875=VERTEX_POINT('',#7827);
#2876=VERTEX_POINT('',#7831);
#2877=VERTEX_POINT('',#7833);
#2878=VERTEX_POINT('',#7837);
#2879=VERTEX_POINT('',#7839);
#2880=VERTEX_POINT('',#7843);
#2881=VERTEX_POINT('',#7845);
#2882=VERTEX_POINT('',#7849);
#2883=VERTEX_POINT('',#7851);
#2884=VERTEX_POINT('',#7855);
#2885=VERTEX_POINT('',#7856);
#2886=VERTEX_POINT('',#7858);
#2887=VERTEX_POINT('',#7860);
#2888=VERTEX_POINT('',#7864);
#2889=VERTEX_POINT('',#7866);
#2890=VERTEX_POINT('',#7870);
#2891=VERTEX_POINT('',#7872);
#2892=VERTEX_POINT('',#7876);
#2893=VERTEX_POINT('',#7878);
#2894=VERTEX_POINT('',#7882);
#2895=VERTEX_POINT('',#7884);
#2896=VERTEX_POINT('',#7888);
#2897=VERTEX_POINT('',#7890);
#2898=VERTEX_POINT('',#7894);
#2899=VERTEX_POINT('',#7896);
#2900=VERTEX_POINT('',#7900);
#2901=VERTEX_POINT('',#7901);
#2902=VERTEX_POINT('',#7903);
#2903=VERTEX_POINT('',#7905);
#2904=VERTEX_POINT('',#7909);
#2905=VERTEX_POINT('',#7911);
#2906=VERTEX_POINT('',#7915);
#2907=VERTEX_POINT('',#7917);
#2908=VERTEX_POINT('',#7921);
#2909=VERTEX_POINT('',#7923);
#2910=VERTEX_POINT('',#7927);
#2911=VERTEX_POINT('',#7929);
#2912=VERTEX_POINT('',#7933);
#2913=VERTEX_POINT('',#7935);
#2914=VERTEX_POINT('',#7939);
#2915=VERTEX_POINT('',#7941);
#2916=VERTEX_POINT('',#7945);
#2917=VERTEX_POINT('',#7946);
#2918=VERTEX_POINT('',#7948);
#2919=VERTEX_POINT('',#7950);
#2920=VERTEX_POINT('',#7954);
#2921=VERTEX_POINT('',#7956);
#2922=VERTEX_POINT('',#7960);
#2923=VERTEX_POINT('',#7962);
#2924=VERTEX_POINT('',#7966);
#2925=VERTEX_POINT('',#7968);
#2926=VERTEX_POINT('',#7972);
#2927=VERTEX_POINT('',#7974);
#2928=VERTEX_POINT('',#7978);
#2929=VERTEX_POINT('',#7980);
#2930=VERTEX_POINT('',#7984);
#2931=VERTEX_POINT('',#7986);
#2932=VERTEX_POINT('',#7990);
#2933=VERTEX_POINT('',#7991);
#2934=VERTEX_POINT('',#7993);
#2935=VERTEX_POINT('',#7995);
#2936=VERTEX_POINT('',#7999);
#2937=VERTEX_POINT('',#8001);
#2938=VERTEX_POINT('',#8005);
#2939=VERTEX_POINT('',#8007);
#2940=VERTEX_POINT('',#8011);
#2941=VERTEX_POINT('',#8013);
#2942=VERTEX_POINT('',#8017);
#2943=VERTEX_POINT('',#8019);
#2944=VERTEX_POINT('',#8023);
#2945=VERTEX_POINT('',#8025);
#2946=VERTEX_POINT('',#8029);
#2947=VERTEX_POINT('',#8031);
#2948=VERTEX_POINT('',#8035);
#2949=VERTEX_POINT('',#8036);
#2950=VERTEX_POINT('',#8038);
#2951=VERTEX_POINT('',#8040);
#2952=VERTEX_POINT('',#8044);
#2953=VERTEX_POINT('',#8046);
#2954=VERTEX_POINT('',#8050);
#2955=VERTEX_POINT('',#8052);
#2956=VERTEX_POINT('',#8056);
#2957=VERTEX_POINT('',#8058);
#2958=VERTEX_POINT('',#8062);
#2959=VERTEX_POINT('',#8064);
#2960=VERTEX_POINT('',#8068);
#2961=VERTEX_POINT('',#8070);
#2962=VERTEX_POINT('',#8074);
#2963=VERTEX_POINT('',#8076);
#2964=VERTEX_POINT('',#8080);
#2965=VERTEX_POINT('',#8081);
#2966=VERTEX_POINT('',#8083);
#2967=VERTEX_POINT('',#8085);
#2968=VERTEX_POINT('',#8089);
#2969=VERTEX_POINT('',#8091);
#2970=VERTEX_POINT('',#8095);
#2971=VERTEX_POINT('',#8097);
#2972=VERTEX_POINT('',#8101);
#2973=VERTEX_POINT('',#8103);
#2974=VERTEX_POINT('',#8107);
#2975=VERTEX_POINT('',#8109);
#2976=VERTEX_POINT('',#8113);
#2977=VERTEX_POINT('',#8115);
#2978=VERTEX_POINT('',#8119);
#2979=VERTEX_POINT('',#8121);
#2980=VERTEX_POINT('',#8125);
#2981=VERTEX_POINT('',#8126);
#2982=VERTEX_POINT('',#8128);
#2983=VERTEX_POINT('',#8130);
#2984=VERTEX_POINT('',#8134);
#2985=VERTEX_POINT('',#8136);
#2986=VERTEX_POINT('',#8140);
#2987=VERTEX_POINT('',#8142);
#2988=VERTEX_POINT('',#8146);
#2989=VERTEX_POINT('',#8148);
#2990=VERTEX_POINT('',#8152);
#2991=VERTEX_POINT('',#8154);
#2992=VERTEX_POINT('',#8158);
#2993=VERTEX_POINT('',#8160);
#2994=VERTEX_POINT('',#8164);
#2995=VERTEX_POINT('',#8166);
#2996=VERTEX_POINT('',#8170);
#2997=VERTEX_POINT('',#8171);
#2998=VERTEX_POINT('',#8173);
#2999=VERTEX_POINT('',#8175);
#3000=VERTEX_POINT('',#8179);
#3001=VERTEX_POINT('',#8181);
#3002=VERTEX_POINT('',#8185);
#3003=VERTEX_POINT('',#8187);
#3004=VERTEX_POINT('',#8191);
#3005=VERTEX_POINT('',#8193);
#3006=VERTEX_POINT('',#8197);
#3007=VERTEX_POINT('',#8199);
#3008=VERTEX_POINT('',#8203);
#3009=VERTEX_POINT('',#8205);
#3010=VERTEX_POINT('',#8209);
#3011=VERTEX_POINT('',#8211);
#3012=VERTEX_POINT('',#8215);
#3013=VERTEX_POINT('',#8216);
#3014=VERTEX_POINT('',#8218);
#3015=VERTEX_POINT('',#8220);
#3016=VERTEX_POINT('',#8224);
#3017=VERTEX_POINT('',#8226);
#3018=VERTEX_POINT('',#8230);
#3019=VERTEX_POINT('',#8232);
#3020=VERTEX_POINT('',#8236);
#3021=VERTEX_POINT('',#8238);
#3022=VERTEX_POINT('',#8242);
#3023=VERTEX_POINT('',#8244);
#3024=VERTEX_POINT('',#8248);
#3025=VERTEX_POINT('',#8250);
#3026=VERTEX_POINT('',#8254);
#3027=VERTEX_POINT('',#8256);
#3028=VERTEX_POINT('',#8260);
#3029=VERTEX_POINT('',#8261);
#3030=VERTEX_POINT('',#8263);
#3031=VERTEX_POINT('',#8265);
#3032=VERTEX_POINT('',#8269);
#3033=VERTEX_POINT('',#8271);
#3034=VERTEX_POINT('',#8275);
#3035=VERTEX_POINT('',#8277);
#3036=VERTEX_POINT('',#8281);
#3037=VERTEX_POINT('',#8283);
#3038=VERTEX_POINT('',#8287);
#3039=VERTEX_POINT('',#8289);
#3040=VERTEX_POINT('',#8293);
#3041=VERTEX_POINT('',#8295);
#3042=VERTEX_POINT('',#8299);
#3043=VERTEX_POINT('',#8301);
#3044=VERTEX_POINT('',#8305);
#3045=VERTEX_POINT('',#8306);
#3046=VERTEX_POINT('',#8308);
#3047=VERTEX_POINT('',#8310);
#3048=VERTEX_POINT('',#8314);
#3049=VERTEX_POINT('',#8316);
#3050=VERTEX_POINT('',#8320);
#3051=VERTEX_POINT('',#8322);
#3052=VERTEX_POINT('',#8326);
#3053=VERTEX_POINT('',#8328);
#3054=VERTEX_POINT('',#8332);
#3055=VERTEX_POINT('',#8334);
#3056=VERTEX_POINT('',#8338);
#3057=VERTEX_POINT('',#8340);
#3058=VERTEX_POINT('',#8344);
#3059=VERTEX_POINT('',#8346);
#3060=VERTEX_POINT('',#8350);
#3061=VERTEX_POINT('',#8351);
#3062=VERTEX_POINT('',#8353);
#3063=VERTEX_POINT('',#8355);
#3064=VERTEX_POINT('',#8359);
#3065=VERTEX_POINT('',#8361);
#3066=VERTEX_POINT('',#8365);
#3067=VERTEX_POINT('',#8367);
#3068=VERTEX_POINT('',#8371);
#3069=VERTEX_POINT('',#8373);
#3070=VERTEX_POINT('',#8377);
#3071=VERTEX_POINT('',#8379);
#3072=VERTEX_POINT('',#8383);
#3073=VERTEX_POINT('',#8385);
#3074=VERTEX_POINT('',#8389);
#3075=VERTEX_POINT('',#8391);
#3076=VERTEX_POINT('',#8395);
#3077=VERTEX_POINT('',#8396);
#3078=VERTEX_POINT('',#8398);
#3079=VERTEX_POINT('',#8400);
#3080=VERTEX_POINT('',#8404);
#3081=VERTEX_POINT('',#8406);
#3082=VERTEX_POINT('',#8410);
#3083=VERTEX_POINT('',#8412);
#3084=VERTEX_POINT('',#8416);
#3085=VERTEX_POINT('',#8418);
#3086=VERTEX_POINT('',#8422);
#3087=VERTEX_POINT('',#8424);
#3088=VERTEX_POINT('',#8428);
#3089=VERTEX_POINT('',#8430);
#3090=VERTEX_POINT('',#8434);
#3091=VERTEX_POINT('',#8436);
#3092=VERTEX_POINT('',#8440);
#3093=VERTEX_POINT('',#8441);
#3094=VERTEX_POINT('',#8443);
#3095=VERTEX_POINT('',#8445);
#3096=VERTEX_POINT('',#8449);
#3097=VERTEX_POINT('',#8451);
#3098=VERTEX_POINT('',#8455);
#3099=VERTEX_POINT('',#8457);
#3100=VERTEX_POINT('',#8461);
#3101=VERTEX_POINT('',#8463);
#3102=VERTEX_POINT('',#8467);
#3103=VERTEX_POINT('',#8469);
#3104=VERTEX_POINT('',#8473);
#3105=VERTEX_POINT('',#8475);
#3106=VERTEX_POINT('',#8479);
#3107=VERTEX_POINT('',#8481);
#3108=VERTEX_POINT('',#8575);
#3109=VERTEX_POINT('',#8576);
#3110=VERTEX_POINT('',#8578);
#3111=VERTEX_POINT('',#8580);
#3112=LINE('',#7107,#3608);
#3113=LINE('',#7110,#3609);
#3114=LINE('',#7112,#3610);
#3115=LINE('',#7114,#3611);
#3116=LINE('',#7116,#3612);
#3117=LINE('',#7119,#3613);
#3118=LINE('',#7121,#3614);
#3119=LINE('',#7123,#3615);
#3120=LINE('',#7125,#3616);
#3121=LINE('',#7128,#3617);
#3122=LINE('',#7130,#3618);
#3123=LINE('',#7132,#3619);
#3124=LINE('',#7134,#3620);
#3125=LINE('',#7137,#3621);
#3126=LINE('',#7139,#3622);
#3127=LINE('',#7141,#3623);
#3128=LINE('',#7145,#3624);
#3129=LINE('',#7149,#3625);
#3130=LINE('',#7151,#3626);
#3131=LINE('',#7153,#3627);
#3132=LINE('',#7157,#3628);
#3133=LINE('',#7161,#3629);
#3134=LINE('',#7163,#3630);
#3135=LINE('',#7165,#3631);
#3136=LINE('',#7169,#3632);
#3137=LINE('',#7173,#3633);
#3138=LINE('',#7175,#3634);
#3139=LINE('',#7177,#3635);
#3140=LINE('',#7179,#3636);
#3141=LINE('',#7182,#3637);
#3142=LINE('',#7184,#3638);
#3143=LINE('',#7186,#3639);
#3144=LINE('',#7190,#3640);
#3145=LINE('',#7194,#3641);
#3146=LINE('',#7196,#3642);
#3147=LINE('',#7198,#3643);
#3148=LINE('',#7202,#3644);
#3149=LINE('',#7206,#3645);
#3150=LINE('',#7208,#3646);
#3151=LINE('',#7210,#3647);
#3152=LINE('',#7214,#3648);
#3153=LINE('',#7218,#3649);
#3154=LINE('',#7220,#3650);
#3155=LINE('',#7222,#3651);
#3156=LINE('',#7224,#3652);
#3157=LINE('',#7227,#3653);
#3158=LINE('',#7229,#3654);
#3159=LINE('',#7231,#3655);
#3160=LINE('',#7235,#3656);
#3161=LINE('',#7239,#3657);
#3162=LINE('',#7241,#3658);
#3163=LINE('',#7243,#3659);
#3164=LINE('',#7247,#3660);
#3165=LINE('',#7251,#3661);
#3166=LINE('',#7253,#3662);
#3167=LINE('',#7255,#3663);
#3168=LINE('',#7259,#3664);
#3169=LINE('',#7263,#3665);
#3170=LINE('',#7265,#3666);
#3171=LINE('',#7267,#3667);
#3172=LINE('',#7269,#3668);
#3173=LINE('',#7272,#3669);
#3174=LINE('',#7274,#3670);
#3175=LINE('',#7276,#3671);
#3176=LINE('',#7280,#3672);
#3177=LINE('',#7284,#3673);
#3178=LINE('',#7286,#3674);
#3179=LINE('',#7288,#3675);
#3180=LINE('',#7292,#3676);
#3181=LINE('',#7296,#3677);
#3182=LINE('',#7298,#3678);
#3183=LINE('',#7300,#3679);
#3184=LINE('',#7304,#3680);
#3185=LINE('',#7308,#3681);
#3186=LINE('',#7310,#3682);
#3187=LINE('',#7312,#3683);
#3188=LINE('',#7314,#3684);
#3189=LINE('',#7317,#3685);
#3190=LINE('',#7319,#3686);
#3191=LINE('',#7321,#3687);
#3192=LINE('',#7325,#3688);
#3193=LINE('',#7329,#3689);
#3194=LINE('',#7331,#3690);
#3195=LINE('',#7333,#3691);
#3196=LINE('',#7337,#3692);
#3197=LINE('',#7341,#3693);
#3198=LINE('',#7343,#3694);
#3199=LINE('',#7345,#3695);
#3200=LINE('',#7349,#3696);
#3201=LINE('',#7353,#3697);
#3202=LINE('',#7355,#3698);
#3203=LINE('',#7357,#3699);
#3204=LINE('',#7359,#3700);
#3205=LINE('',#7362,#3701);
#3206=LINE('',#7364,#3702);
#3207=LINE('',#7366,#3703);
#3208=LINE('',#7370,#3704);
#3209=LINE('',#7374,#3705);
#3210=LINE('',#7376,#3706);
#3211=LINE('',#7378,#3707);
#3212=LINE('',#7382,#3708);
#3213=LINE('',#7386,#3709);
#3214=LINE('',#7388,#3710);
#3215=LINE('',#7390,#3711);
#3216=LINE('',#7394,#3712);
#3217=LINE('',#7398,#3713);
#3218=LINE('',#7400,#3714);
#3219=LINE('',#7402,#3715);
#3220=LINE('',#7404,#3716);
#3221=LINE('',#7407,#3717);
#3222=LINE('',#7409,#3718);
#3223=LINE('',#7411,#3719);
#3224=LINE('',#7415,#3720);
#3225=LINE('',#7419,#3721);
#3226=LINE('',#7421,#3722);
#3227=LINE('',#7423,#3723);
#3228=LINE('',#7427,#3724);
#3229=LINE('',#7431,#3725);
#3230=LINE('',#7433,#3726);
#3231=LINE('',#7435,#3727);
#3232=LINE('',#7439,#3728);
#3233=LINE('',#7443,#3729);
#3234=LINE('',#7445,#3730);
#3235=LINE('',#7447,#3731);
#3236=LINE('',#7449,#3732);
#3237=LINE('',#7452,#3733);
#3238=LINE('',#7454,#3734);
#3239=LINE('',#7456,#3735);
#3240=LINE('',#7460,#3736);
#3241=LINE('',#7464,#3737);
#3242=LINE('',#7466,#3738);
#3243=LINE('',#7468,#3739);
#3244=LINE('',#7472,#3740);
#3245=LINE('',#7476,#3741);
#3246=LINE('',#7478,#3742);
#3247=LINE('',#7480,#3743);
#3248=LINE('',#7484,#3744);
#3249=LINE('',#7488,#3745);
#3250=LINE('',#7490,#3746);
#3251=LINE('',#7492,#3747);
#3252=LINE('',#7494,#3748);
#3253=LINE('',#7497,#3749);
#3254=LINE('',#7499,#3750);
#3255=LINE('',#7501,#3751);
#3256=LINE('',#7505,#3752);
#3257=LINE('',#7509,#3753);
#3258=LINE('',#7511,#3754);
#3259=LINE('',#7513,#3755);
#3260=LINE('',#7517,#3756);
#3261=LINE('',#7521,#3757);
#3262=LINE('',#7523,#3758);
#3263=LINE('',#7525,#3759);
#3264=LINE('',#7529,#3760);
#3265=LINE('',#7533,#3761);
#3266=LINE('',#7535,#3762);
#3267=LINE('',#7537,#3763);
#3268=LINE('',#7539,#3764);
#3269=LINE('',#7542,#3765);
#3270=LINE('',#7544,#3766);
#3271=LINE('',#7546,#3767);
#3272=LINE('',#7550,#3768);
#3273=LINE('',#7554,#3769);
#3274=LINE('',#7556,#3770);
#3275=LINE('',#7558,#3771);
#3276=LINE('',#7562,#3772);
#3277=LINE('',#7566,#3773);
#3278=LINE('',#7568,#3774);
#3279=LINE('',#7570,#3775);
#3280=LINE('',#7574,#3776);
#3281=LINE('',#7578,#3777);
#3282=LINE('',#7580,#3778);
#3283=LINE('',#7582,#3779);
#3284=LINE('',#7584,#3780);
#3285=LINE('',#7587,#3781);
#3286=LINE('',#7589,#3782);
#3287=LINE('',#7591,#3783);
#3288=LINE('',#7595,#3784);
#3289=LINE('',#7599,#3785);
#3290=LINE('',#7601,#3786);
#3291=LINE('',#7603,#3787);
#3292=LINE('',#7607,#3788);
#3293=LINE('',#7611,#3789);
#3294=LINE('',#7613,#3790);
#3295=LINE('',#7615,#3791);
#3296=LINE('',#7619,#3792);
#3297=LINE('',#7623,#3793);
#3298=LINE('',#7625,#3794);
#3299=LINE('',#7627,#3795);
#3300=LINE('',#7629,#3796);
#3301=LINE('',#7632,#3797);
#3302=LINE('',#7634,#3798);
#3303=LINE('',#7636,#3799);
#3304=LINE('',#7640,#3800);
#3305=LINE('',#7644,#3801);
#3306=LINE('',#7646,#3802);
#3307=LINE('',#7648,#3803);
#3308=LINE('',#7652,#3804);
#3309=LINE('',#7656,#3805);
#3310=LINE('',#7658,#3806);
#3311=LINE('',#7660,#3807);
#3312=LINE('',#7664,#3808);
#3313=LINE('',#7668,#3809);
#3314=LINE('',#7670,#3810);
#3315=LINE('',#7672,#3811);
#3316=LINE('',#7674,#3812);
#3317=LINE('',#7677,#3813);
#3318=LINE('',#7679,#3814);
#3319=LINE('',#7681,#3815);
#3320=LINE('',#7685,#3816);
#3321=LINE('',#7689,#3817);
#3322=LINE('',#7691,#3818);
#3323=LINE('',#7693,#3819);
#3324=LINE('',#7697,#3820);
#3325=LINE('',#7701,#3821);
#3326=LINE('',#7703,#3822);
#3327=LINE('',#7705,#3823);
#3328=LINE('',#7709,#3824);
#3329=LINE('',#7713,#3825);
#3330=LINE('',#7715,#3826);
#3331=LINE('',#7717,#3827);
#3332=LINE('',#7719,#3828);
#3333=LINE('',#7722,#3829);
#3334=LINE('',#7724,#3830);
#3335=LINE('',#7726,#3831);
#3336=LINE('',#7730,#3832);
#3337=LINE('',#7734,#3833);
#3338=LINE('',#7736,#3834);
#3339=LINE('',#7738,#3835);
#3340=LINE('',#7742,#3836);
#3341=LINE('',#7746,#3837);
#3342=LINE('',#7748,#3838);
#3343=LINE('',#7750,#3839);
#3344=LINE('',#7754,#3840);
#3345=LINE('',#7758,#3841);
#3346=LINE('',#7760,#3842);
#3347=LINE('',#7762,#3843);
#3348=LINE('',#7764,#3844);
#3349=LINE('',#7767,#3845);
#3350=LINE('',#7769,#3846);
#3351=LINE('',#7771,#3847);
#3352=LINE('',#7775,#3848);
#3353=LINE('',#7779,#3849);
#3354=LINE('',#7781,#3850);
#3355=LINE('',#7783,#3851);
#3356=LINE('',#7787,#3852);
#3357=LINE('',#7791,#3853);
#3358=LINE('',#7793,#3854);
#3359=LINE('',#7795,#3855);
#3360=LINE('',#7799,#3856);
#3361=LINE('',#7803,#3857);
#3362=LINE('',#7805,#3858);
#3363=LINE('',#7807,#3859);
#3364=LINE('',#7809,#3860);
#3365=LINE('',#7812,#3861);
#3366=LINE('',#7814,#3862);
#3367=LINE('',#7816,#3863);
#3368=LINE('',#7820,#3864);
#3369=LINE('',#7824,#3865);
#3370=LINE('',#7826,#3866);
#3371=LINE('',#7828,#3867);
#3372=LINE('',#7832,#3868);
#3373=LINE('',#7836,#3869);
#3374=LINE('',#7838,#3870);
#3375=LINE('',#7840,#3871);
#3376=LINE('',#7844,#3872);
#3377=LINE('',#7848,#3873);
#3378=LINE('',#7850,#3874);
#3379=LINE('',#7852,#3875);
#3380=LINE('',#7854,#3876);
#3381=LINE('',#7857,#3877);
#3382=LINE('',#7859,#3878);
#3383=LINE('',#7861,#3879);
#3384=LINE('',#7865,#3880);
#3385=LINE('',#7869,#3881);
#3386=LINE('',#7871,#3882);
#3387=LINE('',#7873,#3883);
#3388=LINE('',#7877,#3884);
#3389=LINE('',#7881,#3885);
#3390=LINE('',#7883,#3886);
#3391=LINE('',#7885,#3887);
#3392=LINE('',#7889,#3888);
#3393=LINE('',#7893,#3889);
#3394=LINE('',#7895,#3890);
#3395=LINE('',#7897,#3891);
#3396=LINE('',#7899,#3892);
#3397=LINE('',#7902,#3893);
#3398=LINE('',#7904,#3894);
#3399=LINE('',#7906,#3895);
#3400=LINE('',#7910,#3896);
#3401=LINE('',#7914,#3897);
#3402=LINE('',#7916,#3898);
#3403=LINE('',#7918,#3899);
#3404=LINE('',#7922,#3900);
#3405=LINE('',#7926,#3901);
#3406=LINE('',#7928,#3902);
#3407=LINE('',#7930,#3903);
#3408=LINE('',#7934,#3904);
#3409=LINE('',#7938,#3905);
#3410=LINE('',#7940,#3906);
#3411=LINE('',#7942,#3907);
#3412=LINE('',#7944,#3908);
#3413=LINE('',#7947,#3909);
#3414=LINE('',#7949,#3910);
#3415=LINE('',#7951,#3911);
#3416=LINE('',#7955,#3912);
#3417=LINE('',#7959,#3913);
#3418=LINE('',#7961,#3914);
#3419=LINE('',#7963,#3915);
#3420=LINE('',#7967,#3916);
#3421=LINE('',#7971,#3917);
#3422=LINE('',#7973,#3918);
#3423=LINE('',#7975,#3919);
#3424=LINE('',#7979,#3920);
#3425=LINE('',#7983,#3921);
#3426=LINE('',#7985,#3922);
#3427=LINE('',#7987,#3923);
#3428=LINE('',#7989,#3924);
#3429=LINE('',#7992,#3925);
#3430=LINE('',#7994,#3926);
#3431=LINE('',#7996,#3927);
#3432=LINE('',#8000,#3928);
#3433=LINE('',#8004,#3929);
#3434=LINE('',#8006,#3930);
#3435=LINE('',#8008,#3931);
#3436=LINE('',#8012,#3932);
#3437=LINE('',#8016,#3933);
#3438=LINE('',#8018,#3934);
#3439=LINE('',#8020,#3935);
#3440=LINE('',#8024,#3936);
#3441=LINE('',#8028,#3937);
#3442=LINE('',#8030,#3938);
#3443=LINE('',#8032,#3939);
#3444=LINE('',#8034,#3940);
#3445=LINE('',#8037,#3941);
#3446=LINE('',#8039,#3942);
#3447=LINE('',#8041,#3943);
#3448=LINE('',#8045,#3944);
#3449=LINE('',#8049,#3945);
#3450=LINE('',#8051,#3946);
#3451=LINE('',#8053,#3947);
#3452=LINE('',#8057,#3948);
#3453=LINE('',#8061,#3949);
#3454=LINE('',#8063,#3950);
#3455=LINE('',#8065,#3951);
#3456=LINE('',#8069,#3952);
#3457=LINE('',#8073,#3953);
#3458=LINE('',#8075,#3954);
#3459=LINE('',#8077,#3955);
#3460=LINE('',#8079,#3956);
#3461=LINE('',#8082,#3957);
#3462=LINE('',#8084,#3958);
#3463=LINE('',#8086,#3959);
#3464=LINE('',#8090,#3960);
#3465=LINE('',#8094,#3961);
#3466=LINE('',#8096,#3962);
#3467=LINE('',#8098,#3963);
#3468=LINE('',#8102,#3964);
#3469=LINE('',#8106,#3965);
#3470=LINE('',#8108,#3966);
#3471=LINE('',#8110,#3967);
#3472=LINE('',#8114,#3968);
#3473=LINE('',#8118,#3969);
#3474=LINE('',#8120,#3970);
#3475=LINE('',#8122,#3971);
#3476=LINE('',#8124,#3972);
#3477=LINE('',#8127,#3973);
#3478=LINE('',#8129,#3974);
#3479=LINE('',#8131,#3975);
#3480=LINE('',#8135,#3976);
#3481=LINE('',#8139,#3977);
#3482=LINE('',#8141,#3978);
#3483=LINE('',#8143,#3979);
#3484=LINE('',#8147,#3980);
#3485=LINE('',#8151,#3981);
#3486=LINE('',#8153,#3982);
#3487=LINE('',#8155,#3983);
#3488=LINE('',#8159,#3984);
#3489=LINE('',#8163,#3985);
#3490=LINE('',#8165,#3986);
#3491=LINE('',#8167,#3987);
#3492=LINE('',#8169,#3988);
#3493=LINE('',#8172,#3989);
#3494=LINE('',#8174,#3990);
#3495=LINE('',#8176,#3991);
#3496=LINE('',#8180,#3992);
#3497=LINE('',#8184,#3993);
#3498=LINE('',#8186,#3994);
#3499=LINE('',#8188,#3995);
#3500=LINE('',#8192,#3996);
#3501=LINE('',#8196,#3997);
#3502=LINE('',#8198,#3998);
#3503=LINE('',#8200,#3999);
#3504=LINE('',#8204,#4000);
#3505=LINE('',#8208,#4001);
#3506=LINE('',#8210,#4002);
#3507=LINE('',#8212,#4003);
#3508=LINE('',#8214,#4004);
#3509=LINE('',#8217,#4005);
#3510=LINE('',#8219,#4006);
#3511=LINE('',#8221,#4007);
#3512=LINE('',#8225,#4008);
#3513=LINE('',#8229,#4009);
#3514=LINE('',#8231,#4010);
#3515=LINE('',#8233,#4011);
#3516=LINE('',#8237,#4012);
#3517=LINE('',#8241,#4013);
#3518=LINE('',#8243,#4014);
#3519=LINE('',#8245,#4015);
#3520=LINE('',#8249,#4016);
#3521=LINE('',#8253,#4017);
#3522=LINE('',#8255,#4018);
#3523=LINE('',#8257,#4019);
#3524=LINE('',#8259,#4020);
#3525=LINE('',#8262,#4021);
#3526=LINE('',#8264,#4022);
#3527=LINE('',#8266,#4023);
#3528=LINE('',#8270,#4024);
#3529=LINE('',#8274,#4025);
#3530=LINE('',#8276,#4026);
#3531=LINE('',#8278,#4027);
#3532=LINE('',#8282,#4028);
#3533=LINE('',#8286,#4029);
#3534=LINE('',#8288,#4030);
#3535=LINE('',#8290,#4031);
#3536=LINE('',#8294,#4032);
#3537=LINE('',#8298,#4033);
#3538=LINE('',#8300,#4034);
#3539=LINE('',#8302,#4035);
#3540=LINE('',#8304,#4036);
#3541=LINE('',#8307,#4037);
#3542=LINE('',#8309,#4038);
#3543=LINE('',#8311,#4039);
#3544=LINE('',#8315,#4040);
#3545=LINE('',#8319,#4041);
#3546=LINE('',#8321,#4042);
#3547=LINE('',#8323,#4043);
#3548=LINE('',#8327,#4044);
#3549=LINE('',#8331,#4045);
#3550=LINE('',#8333,#4046);
#3551=LINE('',#8335,#4047);
#3552=LINE('',#8339,#4048);
#3553=LINE('',#8343,#4049);
#3554=LINE('',#8345,#4050);
#3555=LINE('',#8347,#4051);
#3556=LINE('',#8349,#4052);
#3557=LINE('',#8352,#4053);
#3558=LINE('',#8354,#4054);
#3559=LINE('',#8356,#4055);
#3560=LINE('',#8360,#4056);
#3561=LINE('',#8364,#4057);
#3562=LINE('',#8366,#4058);
#3563=LINE('',#8368,#4059);
#3564=LINE('',#8372,#4060);
#3565=LINE('',#8376,#4061);
#3566=LINE('',#8378,#4062);
#3567=LINE('',#8380,#4063);
#3568=LINE('',#8384,#4064);
#3569=LINE('',#8388,#4065);
#3570=LINE('',#8390,#4066);
#3571=LINE('',#8392,#4067);
#3572=LINE('',#8394,#4068);
#3573=LINE('',#8397,#4069);
#3574=LINE('',#8399,#4070);
#3575=LINE('',#8401,#4071);
#3576=LINE('',#8405,#4072);
#3577=LINE('',#8409,#4073);
#3578=LINE('',#8411,#4074);
#3579=LINE('',#8413,#4075);
#3580=LINE('',#8417,#4076);
#3581=LINE('',#8421,#4077);
#3582=LINE('',#8423,#4078);
#3583=LINE('',#8425,#4079);
#3584=LINE('',#8429,#4080);
#3585=LINE('',#8433,#4081);
#3586=LINE('',#8435,#4082);
#3587=LINE('',#8437,#4083);
#3588=LINE('',#8439,#4084);
#3589=LINE('',#8442,#4085);
#3590=LINE('',#8444,#4086);
#3591=LINE('',#8446,#4087);
#3592=LINE('',#8450,#4088);
#3593=LINE('',#8454,#4089);
#3594=LINE('',#8456,#4090);
#3595=LINE('',#8458,#4091);
#3596=LINE('',#8462,#4092);
#3597=LINE('',#8466,#4093);
#3598=LINE('',#8468,#4094);
#3599=LINE('',#8470,#4095);
#3600=LINE('',#8474,#4096);
#3601=LINE('',#8478,#4097);
#3602=LINE('',#8480,#4098);
#3603=LINE('',#8482,#4099);
#3604=LINE('',#8574,#4100);
#3605=LINE('',#8577,#4101);
#3606=LINE('',#8579,#4102);
#3607=LINE('',#8581,#4103);
#3608=VECTOR('',#5615,1.);
#3609=VECTOR('',#5616,1.);
#3610=VECTOR('',#5617,1.);
#3611=VECTOR('',#5618,1.);
#3612=VECTOR('',#5621,1.);
#3613=VECTOR('',#5622,1.);
#3614=VECTOR('',#5623,1.);
#3615=VECTOR('',#5624,1.);
#3616=VECTOR('',#5627,1.);
#3617=VECTOR('',#5628,1.);
#3618=VECTOR('',#5629,1.);
#3619=VECTOR('',#5630,1.);
#3620=VECTOR('',#5633,1.);
#3621=VECTOR('',#5634,1.);
#3622=VECTOR('',#5635,1.);
#3623=VECTOR('',#5636,1.);
#3624=VECTOR('',#5641,1.);
#3625=VECTOR('',#5646,1.);
#3626=VECTOR('',#5647,1.);
#3627=VECTOR('',#5648,1.);
#3628=VECTOR('',#5653,1.);
#3629=VECTOR('',#5658,1.);
#3630=VECTOR('',#5659,1.);
#3631=VECTOR('',#5660,1.);
#3632=VECTOR('',#5665,1.);
#3633=VECTOR('',#5670,1.);
#3634=VECTOR('',#5671,1.);
#3635=VECTOR('',#5672,1.);
#3636=VECTOR('',#5675,1.);
#3637=VECTOR('',#5676,1.);
#3638=VECTOR('',#5677,1.);
#3639=VECTOR('',#5678,1.);
#3640=VECTOR('',#5683,1.);
#3641=VECTOR('',#5688,1.);
#3642=VECTOR('',#5689,1.);
#3643=VECTOR('',#5690,1.);
#3644=VECTOR('',#5695,1.);
#3645=VECTOR('',#5700,1.);
#3646=VECTOR('',#5701,1.);
#3647=VECTOR('',#5702,1.);
#3648=VECTOR('',#5707,1.);
#3649=VECTOR('',#5712,1.);
#3650=VECTOR('',#5713,1.);
#3651=VECTOR('',#5714,1.);
#3652=VECTOR('',#5717,1.);
#3653=VECTOR('',#5718,1.);
#3654=VECTOR('',#5719,1.);
#3655=VECTOR('',#5720,1.);
#3656=VECTOR('',#5725,1.);
#3657=VECTOR('',#5730,1.);
#3658=VECTOR('',#5731,1.);
#3659=VECTOR('',#5732,1.);
#3660=VECTOR('',#5737,1.);
#3661=VECTOR('',#5742,1.);
#3662=VECTOR('',#5743,1.);
#3663=VECTOR('',#5744,1.);
#3664=VECTOR('',#5749,1.);
#3665=VECTOR('',#5754,1.);
#3666=VECTOR('',#5755,1.);
#3667=VECTOR('',#5756,1.);
#3668=VECTOR('',#5759,1.);
#3669=VECTOR('',#5760,1.);
#3670=VECTOR('',#5761,1.);
#3671=VECTOR('',#5762,1.);
#3672=VECTOR('',#5767,1.);
#3673=VECTOR('',#5772,1.);
#3674=VECTOR('',#5773,1.);
#3675=VECTOR('',#5774,1.);
#3676=VECTOR('',#5779,1.);
#3677=VECTOR('',#5784,1.);
#3678=VECTOR('',#5785,1.);
#3679=VECTOR('',#5786,1.);
#3680=VECTOR('',#5791,1.);
#3681=VECTOR('',#5796,1.);
#3682=VECTOR('',#5797,1.);
#3683=VECTOR('',#5798,1.);
#3684=VECTOR('',#5801,1.);
#3685=VECTOR('',#5802,1.);
#3686=VECTOR('',#5803,1.);
#3687=VECTOR('',#5804,1.);
#3688=VECTOR('',#5809,1.);
#3689=VECTOR('',#5814,1.);
#3690=VECTOR('',#5815,1.);
#3691=VECTOR('',#5816,1.);
#3692=VECTOR('',#5821,1.);
#3693=VECTOR('',#5826,1.);
#3694=VECTOR('',#5827,1.);
#3695=VECTOR('',#5828,1.);
#3696=VECTOR('',#5833,1.);
#3697=VECTOR('',#5838,1.);
#3698=VECTOR('',#5839,1.);
#3699=VECTOR('',#5840,1.);
#3700=VECTOR('',#5843,1.);
#3701=VECTOR('',#5844,1.);
#3702=VECTOR('',#5845,1.);
#3703=VECTOR('',#5846,1.);
#3704=VECTOR('',#5851,1.);
#3705=VECTOR('',#5856,1.);
#3706=VECTOR('',#5857,1.);
#3707=VECTOR('',#5858,1.);
#3708=VECTOR('',#5863,1.);
#3709=VECTOR('',#5868,1.);
#3710=VECTOR('',#5869,1.);
#3711=VECTOR('',#5870,1.);
#3712=VECTOR('',#5875,1.);
#3713=VECTOR('',#5880,1.);
#3714=VECTOR('',#5881,1.);
#3715=VECTOR('',#5882,1.);
#3716=VECTOR('',#5885,1.);
#3717=VECTOR('',#5886,1.);
#3718=VECTOR('',#5887,1.);
#3719=VECTOR('',#5888,1.);
#3720=VECTOR('',#5893,1.);
#3721=VECTOR('',#5898,1.);
#3722=VECTOR('',#5899,1.);
#3723=VECTOR('',#5900,1.);
#3724=VECTOR('',#5905,1.);
#3725=VECTOR('',#5910,1.);
#3726=VECTOR('',#5911,1.);
#3727=VECTOR('',#5912,1.);
#3728=VECTOR('',#5917,1.);
#3729=VECTOR('',#5922,1.);
#3730=VECTOR('',#5923,1.);
#3731=VECTOR('',#5924,1.);
#3732=VECTOR('',#5927,1.);
#3733=VECTOR('',#5928,1.);
#3734=VECTOR('',#5929,1.);
#3735=VECTOR('',#5930,1.);
#3736=VECTOR('',#5935,1.);
#3737=VECTOR('',#5940,1.);
#3738=VECTOR('',#5941,1.);
#3739=VECTOR('',#5942,1.);
#3740=VECTOR('',#5947,1.);
#3741=VECTOR('',#5952,1.);
#3742=VECTOR('',#5953,1.);
#3743=VECTOR('',#5954,1.);
#3744=VECTOR('',#5959,1.);
#3745=VECTOR('',#5964,1.);
#3746=VECTOR('',#5965,1.);
#3747=VECTOR('',#5966,1.);
#3748=VECTOR('',#5969,1.);
#3749=VECTOR('',#5970,1.);
#3750=VECTOR('',#5971,1.);
#3751=VECTOR('',#5972,1.);
#3752=VECTOR('',#5977,1.);
#3753=VECTOR('',#5982,1.);
#3754=VECTOR('',#5983,1.);
#3755=VECTOR('',#5984,1.);
#3756=VECTOR('',#5989,1.);
#3757=VECTOR('',#5994,1.);
#3758=VECTOR('',#5995,1.);
#3759=VECTOR('',#5996,1.);
#3760=VECTOR('',#6001,1.);
#3761=VECTOR('',#6006,1.);
#3762=VECTOR('',#6007,1.);
#3763=VECTOR('',#6008,1.);
#3764=VECTOR('',#6011,1.);
#3765=VECTOR('',#6012,1.);
#3766=VECTOR('',#6013,1.);
#3767=VECTOR('',#6014,1.);
#3768=VECTOR('',#6019,1.);
#3769=VECTOR('',#6024,1.);
#3770=VECTOR('',#6025,1.);
#3771=VECTOR('',#6026,1.);
#3772=VECTOR('',#6031,1.);
#3773=VECTOR('',#6036,1.);
#3774=VECTOR('',#6037,1.);
#3775=VECTOR('',#6038,1.);
#3776=VECTOR('',#6043,1.);
#3777=VECTOR('',#6048,1.);
#3778=VECTOR('',#6049,1.);
#3779=VECTOR('',#6050,1.);
#3780=VECTOR('',#6053,1.);
#3781=VECTOR('',#6054,1.);
#3782=VECTOR('',#6055,1.);
#3783=VECTOR('',#6056,1.);
#3784=VECTOR('',#6061,1.);
#3785=VECTOR('',#6066,1.);
#3786=VECTOR('',#6067,1.);
#3787=VECTOR('',#6068,1.);
#3788=VECTOR('',#6073,1.);
#3789=VECTOR('',#6078,1.);
#3790=VECTOR('',#6079,1.);
#3791=VECTOR('',#6080,1.);
#3792=VECTOR('',#6085,1.);
#3793=VECTOR('',#6090,1.);
#3794=VECTOR('',#6091,1.);
#3795=VECTOR('',#6092,1.);
#3796=VECTOR('',#6095,1.);
#3797=VECTOR('',#6096,1.);
#3798=VECTOR('',#6097,1.);
#3799=VECTOR('',#6098,1.);
#3800=VECTOR('',#6103,1.);
#3801=VECTOR('',#6108,1.);
#3802=VECTOR('',#6109,1.);
#3803=VECTOR('',#6110,1.);
#3804=VECTOR('',#6115,1.);
#3805=VECTOR('',#6120,1.);
#3806=VECTOR('',#6121,1.);
#3807=VECTOR('',#6122,1.);
#3808=VECTOR('',#6127,1.);
#3809=VECTOR('',#6132,1.);
#3810=VECTOR('',#6133,1.);
#3811=VECTOR('',#6134,1.);
#3812=VECTOR('',#6137,1.);
#3813=VECTOR('',#6138,1.);
#3814=VECTOR('',#6139,1.);
#3815=VECTOR('',#6140,1.);
#3816=VECTOR('',#6145,1.);
#3817=VECTOR('',#6150,1.);
#3818=VECTOR('',#6151,1.);
#3819=VECTOR('',#6152,1.);
#3820=VECTOR('',#6157,1.);
#3821=VECTOR('',#6162,1.);
#3822=VECTOR('',#6163,1.);
#3823=VECTOR('',#6164,1.);
#3824=VECTOR('',#6169,1.);
#3825=VECTOR('',#6174,1.);
#3826=VECTOR('',#6175,1.);
#3827=VECTOR('',#6176,1.);
#3828=VECTOR('',#6179,1.);
#3829=VECTOR('',#6180,1.);
#3830=VECTOR('',#6181,1.);
#3831=VECTOR('',#6182,1.);
#3832=VECTOR('',#6187,1.);
#3833=VECTOR('',#6192,1.);
#3834=VECTOR('',#6193,1.);
#3835=VECTOR('',#6194,1.);
#3836=VECTOR('',#6199,1.);
#3837=VECTOR('',#6204,1.);
#3838=VECTOR('',#6205,1.);
#3839=VECTOR('',#6206,1.);
#3840=VECTOR('',#6211,1.);
#3841=VECTOR('',#6216,1.);
#3842=VECTOR('',#6217,1.);
#3843=VECTOR('',#6218,1.);
#3844=VECTOR('',#6221,1.);
#3845=VECTOR('',#6222,1.);
#3846=VECTOR('',#6223,1.);
#3847=VECTOR('',#6224,1.);
#3848=VECTOR('',#6229,1.);
#3849=VECTOR('',#6234,1.);
#3850=VECTOR('',#6235,1.);
#3851=VECTOR('',#6236,1.);
#3852=VECTOR('',#6241,1.);
#3853=VECTOR('',#6246,1.);
#3854=VECTOR('',#6247,1.);
#3855=VECTOR('',#6248,1.);
#3856=VECTOR('',#6253,1.);
#3857=VECTOR('',#6258,1.);
#3858=VECTOR('',#6259,1.);
#3859=VECTOR('',#6260,1.);
#3860=VECTOR('',#6263,1.);
#3861=VECTOR('',#6264,1.);
#3862=VECTOR('',#6265,1.);
#3863=VECTOR('',#6266,1.);
#3864=VECTOR('',#6271,1.);
#3865=VECTOR('',#6276,1.);
#3866=VECTOR('',#6277,1.);
#3867=VECTOR('',#6278,1.);
#3868=VECTOR('',#6283,1.);
#3869=VECTOR('',#6288,1.);
#3870=VECTOR('',#6289,1.);
#3871=VECTOR('',#6290,1.);
#3872=VECTOR('',#6295,1.);
#3873=VECTOR('',#6300,1.);
#3874=VECTOR('',#6301,1.);
#3875=VECTOR('',#6302,1.);
#3876=VECTOR('',#6305,1.);
#3877=VECTOR('',#6306,1.);
#3878=VECTOR('',#6307,1.);
#3879=VECTOR('',#6308,1.);
#3880=VECTOR('',#6313,1.);
#3881=VECTOR('',#6318,1.);
#3882=VECTOR('',#6319,1.);
#3883=VECTOR('',#6320,1.);
#3884=VECTOR('',#6325,1.);
#3885=VECTOR('',#6330,1.);
#3886=VECTOR('',#6331,1.);
#3887=VECTOR('',#6332,1.);
#3888=VECTOR('',#6337,1.);
#3889=VECTOR('',#6342,1.);
#3890=VECTOR('',#6343,1.);
#3891=VECTOR('',#6344,1.);
#3892=VECTOR('',#6347,1.);
#3893=VECTOR('',#6348,1.);
#3894=VECTOR('',#6349,1.);
#3895=VECTOR('',#6350,1.);
#3896=VECTOR('',#6355,1.);
#3897=VECTOR('',#6360,1.);
#3898=VECTOR('',#6361,1.);
#3899=VECTOR('',#6362,1.);
#3900=VECTOR('',#6367,1.);
#3901=VECTOR('',#6372,1.);
#3902=VECTOR('',#6373,1.);
#3903=VECTOR('',#6374,1.);
#3904=VECTOR('',#6379,1.);
#3905=VECTOR('',#6384,1.);
#3906=VECTOR('',#6385,1.);
#3907=VECTOR('',#6386,1.);
#3908=VECTOR('',#6389,1.);
#3909=VECTOR('',#6390,1.);
#3910=VECTOR('',#6391,1.);
#3911=VECTOR('',#6392,1.);
#3912=VECTOR('',#6397,1.);
#3913=VECTOR('',#6402,1.);
#3914=VECTOR('',#6403,1.);
#3915=VECTOR('',#6404,1.);
#3916=VECTOR('',#6409,1.);
#3917=VECTOR('',#6414,1.);
#3918=VECTOR('',#6415,1.);
#3919=VECTOR('',#6416,1.);
#3920=VECTOR('',#6421,1.);
#3921=VECTOR('',#6426,1.);
#3922=VECTOR('',#6427,1.);
#3923=VECTOR('',#6428,1.);
#3924=VECTOR('',#6431,1.);
#3925=VECTOR('',#6432,1.);
#3926=VECTOR('',#6433,1.);
#3927=VECTOR('',#6434,1.);
#3928=VECTOR('',#6439,1.);
#3929=VECTOR('',#6444,1.);
#3930=VECTOR('',#6445,1.);
#3931=VECTOR('',#6446,1.);
#3932=VECTOR('',#6451,1.);
#3933=VECTOR('',#6456,1.);
#3934=VECTOR('',#6457,1.);
#3935=VECTOR('',#6458,1.);
#3936=VECTOR('',#6463,1.);
#3937=VECTOR('',#6468,1.);
#3938=VECTOR('',#6469,1.);
#3939=VECTOR('',#6470,1.);
#3940=VECTOR('',#6473,1.);
#3941=VECTOR('',#6474,1.);
#3942=VECTOR('',#6475,1.);
#3943=VECTOR('',#6476,1.);
#3944=VECTOR('',#6481,1.);
#3945=VECTOR('',#6486,1.);
#3946=VECTOR('',#6487,1.);
#3947=VECTOR('',#6488,1.);
#3948=VECTOR('',#6493,1.);
#3949=VECTOR('',#6498,1.);
#3950=VECTOR('',#6499,1.);
#3951=VECTOR('',#6500,1.);
#3952=VECTOR('',#6505,1.);
#3953=VECTOR('',#6510,1.);
#3954=VECTOR('',#6511,1.);
#3955=VECTOR('',#6512,1.);
#3956=VECTOR('',#6515,1.);
#3957=VECTOR('',#6516,1.);
#3958=VECTOR('',#6517,1.);
#3959=VECTOR('',#6518,1.);
#3960=VECTOR('',#6523,1.);
#3961=VECTOR('',#6528,1.);
#3962=VECTOR('',#6529,1.);
#3963=VECTOR('',#6530,1.);
#3964=VECTOR('',#6535,1.);
#3965=VECTOR('',#6540,1.);
#3966=VECTOR('',#6541,1.);
#3967=VECTOR('',#6542,1.);
#3968=VECTOR('',#6547,1.);
#3969=VECTOR('',#6552,1.);
#3970=VECTOR('',#6553,1.);
#3971=VECTOR('',#6554,1.);
#3972=VECTOR('',#6557,1.);
#3973=VECTOR('',#6558,1.);
#3974=VECTOR('',#6559,1.);
#3975=VECTOR('',#6560,1.);
#3976=VECTOR('',#6565,1.);
#3977=VECTOR('',#6570,1.);
#3978=VECTOR('',#6571,1.);
#3979=VECTOR('',#6572,1.);
#3980=VECTOR('',#6577,1.);
#3981=VECTOR('',#6582,1.);
#3982=VECTOR('',#6583,1.);
#3983=VECTOR('',#6584,1.);
#3984=VECTOR('',#6589,1.);
#3985=VECTOR('',#6594,1.);
#3986=VECTOR('',#6595,1.);
#3987=VECTOR('',#6596,1.);
#3988=VECTOR('',#6599,1.);
#3989=VECTOR('',#6600,1.);
#3990=VECTOR('',#6601,1.);
#3991=VECTOR('',#6602,1.);
#3992=VECTOR('',#6607,1.);
#3993=VECTOR('',#6612,1.);
#3994=VECTOR('',#6613,1.);
#3995=VECTOR('',#6614,1.);
#3996=VECTOR('',#6619,1.);
#3997=VECTOR('',#6624,1.);
#3998=VECTOR('',#6625,1.);
#3999=VECTOR('',#6626,1.);
#4000=VECTOR('',#6631,1.);
#4001=VECTOR('',#6636,1.);
#4002=VECTOR('',#6637,1.);
#4003=VECTOR('',#6638,1.);
#4004=VECTOR('',#6641,1.);
#4005=VECTOR('',#6642,1.);
#4006=VECTOR('',#6643,1.);
#4007=VECTOR('',#6644,1.);
#4008=VECTOR('',#6649,1.);
#4009=VECTOR('',#6654,1.);
#4010=VECTOR('',#6655,1.);
#4011=VECTOR('',#6656,1.);
#4012=VECTOR('',#6661,1.);
#4013=VECTOR('',#6666,1.);
#4014=VECTOR('',#6667,1.);
#4015=VECTOR('',#6668,1.);
#4016=VECTOR('',#6673,1.);
#4017=VECTOR('',#6678,1.);
#4018=VECTOR('',#6679,1.);
#4019=VECTOR('',#6680,1.);
#4020=VECTOR('',#6683,1.);
#4021=VECTOR('',#6684,1.);
#4022=VECTOR('',#6685,1.);
#4023=VECTOR('',#6686,1.);
#4024=VECTOR('',#6691,1.);
#4025=VECTOR('',#6696,1.);
#4026=VECTOR('',#6697,1.);
#4027=VECTOR('',#6698,1.);
#4028=VECTOR('',#6703,1.);
#4029=VECTOR('',#6708,1.);
#4030=VECTOR('',#6709,1.);
#4031=VECTOR('',#6710,1.);
#4032=VECTOR('',#6715,1.);
#4033=VECTOR('',#6720,1.);
#4034=VECTOR('',#6721,1.);
#4035=VECTOR('',#6722,1.);
#4036=VECTOR('',#6725,1.);
#4037=VECTOR('',#6726,1.);
#4038=VECTOR('',#6727,1.);
#4039=VECTOR('',#6728,1.);
#4040=VECTOR('',#6733,1.);
#4041=VECTOR('',#6738,1.);
#4042=VECTOR('',#6739,1.);
#4043=VECTOR('',#6740,1.);
#4044=VECTOR('',#6745,1.);
#4045=VECTOR('',#6750,1.);
#4046=VECTOR('',#6751,1.);
#4047=VECTOR('',#6752,1.);
#4048=VECTOR('',#6757,1.);
#4049=VECTOR('',#6762,1.);
#4050=VECTOR('',#6763,1.);
#4051=VECTOR('',#6764,1.);
#4052=VECTOR('',#6767,1.);
#4053=VECTOR('',#6768,1.);
#4054=VECTOR('',#6769,1.);
#4055=VECTOR('',#6770,1.);
#4056=VECTOR('',#6775,1.);
#4057=VECTOR('',#6780,1.);
#4058=VECTOR('',#6781,1.);
#4059=VECTOR('',#6782,1.);
#4060=VECTOR('',#6787,1.);
#4061=VECTOR('',#6792,1.);
#4062=VECTOR('',#6793,1.);
#4063=VECTOR('',#6794,1.);
#4064=VECTOR('',#6799,1.);
#4065=VECTOR('',#6804,1.);
#4066=VECTOR('',#6805,1.);
#4067=VECTOR('',#6806,1.);
#4068=VECTOR('',#6809,1.);
#4069=VECTOR('',#6810,1.);
#4070=VECTOR('',#6811,1.);
#4071=VECTOR('',#6812,1.);
#4072=VECTOR('',#6817,1.);
#4073=VECTOR('',#6822,1.);
#4074=VECTOR('',#6823,1.);
#4075=VECTOR('',#6824,1.);
#4076=VECTOR('',#6829,1.);
#4077=VECTOR('',#6834,1.);
#4078=VECTOR('',#6835,1.);
#4079=VECTOR('',#6836,1.);
#4080=VECTOR('',#6841,1.);
#4081=VECTOR('',#6846,1.);
#4082=VECTOR('',#6847,1.);
#4083=VECTOR('',#6848,1.);
#4084=VECTOR('',#6851,1.);
#4085=VECTOR('',#6852,1.);
#4086=VECTOR('',#6853,1.);
#4087=VECTOR('',#6854,1.);
#4088=VECTOR('',#6859,1.);
#4089=VECTOR('',#6864,1.);
#4090=VECTOR('',#6865,1.);
#4091=VECTOR('',#6866,1.);
#4092=VECTOR('',#6871,1.);
#4093=VECTOR('',#6876,1.);
#4094=VECTOR('',#6877,1.);
#4095=VECTOR('',#6878,1.);
#4096=VECTOR('',#6883,1.);
#4097=VECTOR('',#6888,1.);
#4098=VECTOR('',#6889,1.);
#4099=VECTOR('',#6890,1.);
#4100=VECTOR('',#7073,1.);
#4101=VECTOR('',#7074,1.);
#4102=VECTOR('',#7075,1.);
#4103=VECTOR('',#7076,1.);
#4104=EDGE_LOOP('',(#384,#385,#386,#387));
#4105=EDGE_LOOP('',(#388,#389,#390,#391));
#4106=EDGE_LOOP('',(#392,#393,#394,#395));
#4107=EDGE_LOOP('',(#396,#397,#398,#399));
#4108=EDGE_LOOP('',(#400,#401,#402,#403));
#4109=EDGE_LOOP('',(#404,#405,#406,#407));
#4110=EDGE_LOOP('',(#408,#409,#410,#411));
#4111=EDGE_LOOP('',(#412,#413,#414,#415));
#4112=EDGE_LOOP('',(#416,#417,#418,#419));
#4113=EDGE_LOOP('',(#420,#421,#422,#423));
#4114=EDGE_LOOP('',(#424,#425,#426,#427));
#4115=EDGE_LOOP('',(#428,#429,#430,#431));
#4116=EDGE_LOOP('',(#432,#433,#434,#435));
#4117=EDGE_LOOP('',(#436,#437,#438,#439));
#4118=EDGE_LOOP('',(#440,#441,#442,#443));
#4119=EDGE_LOOP('',(#444,#445,#446,#447));
#4120=EDGE_LOOP('',(#448,#449,#450,#451));
#4121=EDGE_LOOP('',(#452,#453,#454,#455));
#4122=EDGE_LOOP('',(#456,#457,#458,#459));
#4123=EDGE_LOOP('',(#460,#461,#462,#463));
#4124=EDGE_LOOP('',(#464,#465,#466,#467));
#4125=EDGE_LOOP('',(#468,#469,#470,#471));
#4126=EDGE_LOOP('',(#472,#473,#474,#475));
#4127=EDGE_LOOP('',(#476,#477,#478,#479));
#4128=EDGE_LOOP('',(#480,#481,#482,#483));
#4129=EDGE_LOOP('',(#484,#485,#486,#487));
#4130=EDGE_LOOP('',(#488,#489,#490,#491));
#4131=EDGE_LOOP('',(#492,#493,#494,#495));
#4132=EDGE_LOOP('',(#496,#497,#498,#499));
#4133=EDGE_LOOP('',(#500,#501,#502,#503));
#4134=EDGE_LOOP('',(#504,#505,#506,#507));
#4135=EDGE_LOOP('',(#508,#509,#510,#511));
#4136=EDGE_LOOP('',(#512,#513,#514,#515));
#4137=EDGE_LOOP('',(#516,#517,#518,#519));
#4138=EDGE_LOOP('',(#520,#521,#522,#523));
#4139=EDGE_LOOP('',(#524,#525,#526,#527));
#4140=EDGE_LOOP('',(#528,#529,#530,#531));
#4141=EDGE_LOOP('',(#532,#533,#534,#535));
#4142=EDGE_LOOP('',(#536,#537,#538,#539));
#4143=EDGE_LOOP('',(#540,#541,#542,#543));
#4144=EDGE_LOOP('',(#544,#545,#546,#547));
#4145=EDGE_LOOP('',(#548,#549,#550,#551));
#4146=EDGE_LOOP('',(#552,#553,#554,#555));
#4147=EDGE_LOOP('',(#556,#557,#558,#559));
#4148=EDGE_LOOP('',(#560,#561,#562,#563));
#4149=EDGE_LOOP('',(#564,#565,#566,#567));
#4150=EDGE_LOOP('',(#568,#569,#570,#571));
#4151=EDGE_LOOP('',(#572,#573,#574,#575));
#4152=EDGE_LOOP('',(#576,#577,#578,#579));
#4153=EDGE_LOOP('',(#580,#581,#582,#583));
#4154=EDGE_LOOP('',(#584,#585,#586,#587));
#4155=EDGE_LOOP('',(#588,#589,#590,#591));
#4156=EDGE_LOOP('',(#592,#593,#594,#595));
#4157=EDGE_LOOP('',(#596,#597,#598,#599));
#4158=EDGE_LOOP('',(#600,#601,#602,#603));
#4159=EDGE_LOOP('',(#604,#605,#606,#607));
#4160=EDGE_LOOP('',(#608,#609,#610,#611));
#4161=EDGE_LOOP('',(#612,#613,#614,#615));
#4162=EDGE_LOOP('',(#616,#617,#618,#619));
#4163=EDGE_LOOP('',(#620,#621,#622,#623));
#4164=EDGE_LOOP('',(#624,#625,#626,#627));
#4165=EDGE_LOOP('',(#628,#629,#630,#631));
#4166=EDGE_LOOP('',(#632,#633,#634,#635));
#4167=EDGE_LOOP('',(#636,#637,#638,#639));
#4168=EDGE_LOOP('',(#640,#641,#642,#643));
#4169=EDGE_LOOP('',(#644,#645,#646,#647));
#4170=EDGE_LOOP('',(#648,#649,#650,#651));
#4171=EDGE_LOOP('',(#652,#653,#654,#655));
#4172=EDGE_LOOP('',(#656,#657,#658,#659));
#4173=EDGE_LOOP('',(#660,#661,#662,#663));
#4174=EDGE_LOOP('',(#664,#665,#666,#667));
#4175=EDGE_LOOP('',(#668,#669,#670,#671));
#4176=EDGE_LOOP('',(#672,#673,#674,#675));
#4177=EDGE_LOOP('',(#676,#677,#678,#679));
#4178=EDGE_LOOP('',(#680,#681,#682,#683));
#4179=EDGE_LOOP('',(#684,#685,#686,#687));
#4180=EDGE_LOOP('',(#688,#689,#690,#691));
#4181=EDGE_LOOP('',(#692,#693,#694,#695));
#4182=EDGE_LOOP('',(#696,#697,#698,#699));
#4183=EDGE_LOOP('',(#700,#701,#702,#703));
#4184=EDGE_LOOP('',(#704,#705,#706,#707));
#4185=EDGE_LOOP('',(#708,#709,#710,#711));
#4186=EDGE_LOOP('',(#712,#713,#714,#715));
#4187=EDGE_LOOP('',(#716,#717,#718,#719));
#4188=EDGE_LOOP('',(#720,#721,#722,#723));
#4189=EDGE_LOOP('',(#724,#725,#726,#727));
#4190=EDGE_LOOP('',(#728,#729,#730,#731));
#4191=EDGE_LOOP('',(#732,#733,#734,#735));
#4192=EDGE_LOOP('',(#736,#737,#738,#739));
#4193=EDGE_LOOP('',(#740,#741,#742,#743));
#4194=EDGE_LOOP('',(#744,#745,#746,#747));
#4195=EDGE_LOOP('',(#748,#749,#750,#751));
#4196=EDGE_LOOP('',(#752,#753,#754,#755));
#4197=EDGE_LOOP('',(#756,#757,#758,#759));
#4198=EDGE_LOOP('',(#760,#761,#762,#763));
#4199=EDGE_LOOP('',(#764,#765,#766,#767));
#4200=EDGE_LOOP('',(#768,#769,#770,#771));
#4201=EDGE_LOOP('',(#772,#773,#774,#775));
#4202=EDGE_LOOP('',(#776,#777,#778,#779));
#4203=EDGE_LOOP('',(#780,#781,#782,#783));
#4204=EDGE_LOOP('',(#784,#785,#786,#787));
#4205=EDGE_LOOP('',(#788,#789,#790,#791));
#4206=EDGE_LOOP('',(#792,#793,#794,#795));
#4207=EDGE_LOOP('',(#796,#797,#798,#799));
#4208=EDGE_LOOP('',(#800,#801,#802,#803));
#4209=EDGE_LOOP('',(#804,#805,#806,#807));
#4210=EDGE_LOOP('',(#808,#809,#810,#811));
#4211=EDGE_LOOP('',(#812,#813,#814,#815));
#4212=EDGE_LOOP('',(#816,#817,#818,#819));
#4213=EDGE_LOOP('',(#820,#821,#822,#823));
#4214=EDGE_LOOP('',(#824,#825,#826,#827));
#4215=EDGE_LOOP('',(#828,#829,#830,#831));
#4216=EDGE_LOOP('',(#832,#833,#834,#835));
#4217=EDGE_LOOP('',(#836,#837,#838,#839));
#4218=EDGE_LOOP('',(#840,#841,#842,#843));
#4219=EDGE_LOOP('',(#844,#845,#846,#847));
#4220=EDGE_LOOP('',(#848,#849,#850,#851));
#4221=EDGE_LOOP('',(#852,#853,#854,#855));
#4222=EDGE_LOOP('',(#856,#857,#858,#859));
#4223=EDGE_LOOP('',(#860,#861,#862,#863));
#4224=EDGE_LOOP('',(#864,#865,#866,#867));
#4225=EDGE_LOOP('',(#868,#869,#870,#871));
#4226=EDGE_LOOP('',(#872,#873,#874,#875));
#4227=EDGE_LOOP('',(#876,#877,#878,#879));
#4228=EDGE_LOOP('',(#880,#881,#882,#883));
#4229=EDGE_LOOP('',(#884,#885,#886,#887));
#4230=EDGE_LOOP('',(#888,#889,#890,#891));
#4231=EDGE_LOOP('',(#892,#893,#894,#895));
#4232=EDGE_LOOP('',(#896,#897,#898,#899));
#4233=EDGE_LOOP('',(#900,#901,#902,#903));
#4234=EDGE_LOOP('',(#904,#905,#906,#907));
#4235=EDGE_LOOP('',(#908,#909,#910,#911));
#4236=EDGE_LOOP('',(#912,#913,#914,#915));
#4237=EDGE_LOOP('',(#916,#917,#918,#919));
#4238=EDGE_LOOP('',(#920,#921,#922,#923));
#4239=EDGE_LOOP('',(#924,#925,#926,#927));
#4240=EDGE_LOOP('',(#928,#929,#930,#931));
#4241=EDGE_LOOP('',(#932,#933,#934,#935));
#4242=EDGE_LOOP('',(#936,#937,#938,#939));
#4243=EDGE_LOOP('',(#940,#941,#942,#943));
#4244=EDGE_LOOP('',(#944,#945,#946,#947));
#4245=EDGE_LOOP('',(#948,#949,#950,#951));
#4246=EDGE_LOOP('',(#952,#953,#954,#955));
#4247=EDGE_LOOP('',(#956,#957,#958,#959));
#4248=EDGE_LOOP('',(#960,#961,#962,#963));
#4249=EDGE_LOOP('',(#964,#965,#966,#967));
#4250=EDGE_LOOP('',(#968,#969,#970,#971));
#4251=EDGE_LOOP('',(#972,#973,#974,#975));
#4252=EDGE_LOOP('',(#976,#977,#978,#979));
#4253=EDGE_LOOP('',(#980,#981,#982,#983));
#4254=EDGE_LOOP('',(#984,#985,#986,#987));
#4255=EDGE_LOOP('',(#988,#989,#990,#991));
#4256=EDGE_LOOP('',(#992,#993,#994,#995));
#4257=EDGE_LOOP('',(#996,#997,#998,#999));
#4258=EDGE_LOOP('',(#1000,#1001,#1002,#1003));
#4259=EDGE_LOOP('',(#1004,#1005,#1006,#1007));
#4260=EDGE_LOOP('',(#1008,#1009,#1010,#1011));
#4261=EDGE_LOOP('',(#1012,#1013,#1014,#1015));
#4262=EDGE_LOOP('',(#1016,#1017,#1018,#1019));
#4263=EDGE_LOOP('',(#1020,#1021,#1022,#1023));
#4264=EDGE_LOOP('',(#1024,#1025,#1026,#1027));
#4265=EDGE_LOOP('',(#1028,#1029,#1030,#1031));
#4266=EDGE_LOOP('',(#1032,#1033,#1034,#1035));
#4267=EDGE_LOOP('',(#1036,#1037,#1038,#1039));
#4268=EDGE_LOOP('',(#1040,#1041,#1042,#1043));
#4269=EDGE_LOOP('',(#1044,#1045,#1046,#1047));
#4270=EDGE_LOOP('',(#1048,#1049,#1050,#1051));
#4271=EDGE_LOOP('',(#1052,#1053,#1054,#1055));
#4272=EDGE_LOOP('',(#1056,#1057,#1058,#1059));
#4273=EDGE_LOOP('',(#1060,#1061,#1062,#1063));
#4274=EDGE_LOOP('',(#1064,#1065,#1066,#1067));
#4275=EDGE_LOOP('',(#1068,#1069,#1070,#1071));
#4276=EDGE_LOOP('',(#1072,#1073,#1074,#1075));
#4277=EDGE_LOOP('',(#1076,#1077,#1078,#1079));
#4278=EDGE_LOOP('',(#1080,#1081,#1082,#1083));
#4279=EDGE_LOOP('',(#1084,#1085,#1086,#1087));
#4280=EDGE_LOOP('',(#1088,#1089,#1090,#1091));
#4281=EDGE_LOOP('',(#1092,#1093,#1094,#1095));
#4282=EDGE_LOOP('',(#1096,#1097,#1098,#1099));
#4283=EDGE_LOOP('',(#1100,#1101,#1102,#1103));
#4284=EDGE_LOOP('',(#1104,#1105,#1106,#1107));
#4285=EDGE_LOOP('',(#1108,#1109,#1110,#1111));
#4286=EDGE_LOOP('',(#1112,#1113,#1114,#1115));
#4287=EDGE_LOOP('',(#1116,#1117,#1118,#1119));
#4288=EDGE_LOOP('',(#1120,#1121,#1122,#1123));
#4289=EDGE_LOOP('',(#1124,#1125,#1126,#1127));
#4290=EDGE_LOOP('',(#1128,#1129,#1130,#1131));
#4291=EDGE_LOOP('',(#1132,#1133,#1134,#1135));
#4292=EDGE_LOOP('',(#1136,#1137,#1138,#1139));
#4293=EDGE_LOOP('',(#1140,#1141,#1142,#1143));
#4294=EDGE_LOOP('',(#1144,#1145,#1146,#1147));
#4295=EDGE_LOOP('',(#1148,#1149,#1150,#1151));
#4296=EDGE_LOOP('',(#1152,#1153,#1154,#1155));
#4297=EDGE_LOOP('',(#1156,#1157,#1158,#1159));
#4298=EDGE_LOOP('',(#1160,#1161,#1162,#1163));
#4299=EDGE_LOOP('',(#1164,#1165,#1166,#1167));
#4300=EDGE_LOOP('',(#1168,#1169,#1170,#1171));
#4301=EDGE_LOOP('',(#1172,#1173,#1174,#1175));
#4302=EDGE_LOOP('',(#1176,#1177,#1178,#1179));
#4303=EDGE_LOOP('',(#1180,#1181,#1182,#1183));
#4304=EDGE_LOOP('',(#1184,#1185,#1186,#1187));
#4305=EDGE_LOOP('',(#1188,#1189,#1190,#1191));
#4306=EDGE_LOOP('',(#1192,#1193,#1194,#1195));
#4307=EDGE_LOOP('',(#1196,#1197,#1198,#1199));
#4308=EDGE_LOOP('',(#1200,#1201,#1202,#1203));
#4309=EDGE_LOOP('',(#1204,#1205,#1206,#1207));
#4310=EDGE_LOOP('',(#1208,#1209,#1210,#1211));
#4311=EDGE_LOOP('',(#1212,#1213,#1214,#1215));
#4312=EDGE_LOOP('',(#1216,#1217,#1218,#1219));
#4313=EDGE_LOOP('',(#1220,#1221,#1222,#1223));
#4314=EDGE_LOOP('',(#1224,#1225,#1226,#1227));
#4315=EDGE_LOOP('',(#1228,#1229,#1230,#1231));
#4316=EDGE_LOOP('',(#1232,#1233,#1234,#1235));
#4317=EDGE_LOOP('',(#1236,#1237,#1238,#1239));
#4318=EDGE_LOOP('',(#1240,#1241,#1242,#1243));
#4319=EDGE_LOOP('',(#1244,#1245,#1246,#1247));
#4320=EDGE_LOOP('',(#1248,#1249,#1250,#1251));
#4321=EDGE_LOOP('',(#1252,#1253,#1254,#1255));
#4322=EDGE_LOOP('',(#1256,#1257,#1258,#1259));
#4323=EDGE_LOOP('',(#1260,#1261,#1262,#1263));
#4324=EDGE_LOOP('',(#1264,#1265,#1266,#1267));
#4325=EDGE_LOOP('',(#1268,#1269,#1270,#1271));
#4326=EDGE_LOOP('',(#1272,#1273,#1274,#1275));
#4327=EDGE_LOOP('',(#1276,#1277,#1278,#1279));
#4328=EDGE_LOOP('',(#1280,#1281,#1282,#1283));
#4329=EDGE_LOOP('',(#1284,#1285,#1286,#1287));
#4330=EDGE_LOOP('',(#1288,#1289,#1290,#1291));
#4331=EDGE_LOOP('',(#1292,#1293,#1294,#1295));
#4332=EDGE_LOOP('',(#1296,#1297,#1298,#1299));
#4333=EDGE_LOOP('',(#1300,#1301,#1302,#1303));
#4334=EDGE_LOOP('',(#1304,#1305,#1306,#1307));
#4335=EDGE_LOOP('',(#1308,#1309,#1310,#1311));
#4336=EDGE_LOOP('',(#1312,#1313,#1314,#1315));
#4337=EDGE_LOOP('',(#1316,#1317,#1318,#1319));
#4338=EDGE_LOOP('',(#1320,#1321,#1322,#1323));
#4339=EDGE_LOOP('',(#1324,#1325,#1326,#1327));
#4340=EDGE_LOOP('',(#1328,#1329,#1330,#1331));
#4341=EDGE_LOOP('',(#1332,#1333,#1334,#1335));
#4342=EDGE_LOOP('',(#1336,#1337,#1338,#1339));
#4343=EDGE_LOOP('',(#1340,#1341,#1342,#1343));
#4344=EDGE_LOOP('',(#1344,#1345,#1346,#1347));
#4345=EDGE_LOOP('',(#1348,#1349,#1350,#1351));
#4346=EDGE_LOOP('',(#1352,#1353,#1354,#1355));
#4347=EDGE_LOOP('',(#1356,#1357,#1358,#1359));
#4348=EDGE_LOOP('',(#1360,#1361,#1362,#1363,#1364,#1365,#1366,#1367));
#4349=EDGE_LOOP('',(#1368,#1369,#1370,#1371,#1372,#1373,#1374,#1375));
#4350=EDGE_LOOP('',(#1376,#1377,#1378,#1379,#1380,#1381,#1382,#1383));
#4351=EDGE_LOOP('',(#1384,#1385,#1386,#1387,#1388,#1389,#1390,#1391));
#4352=EDGE_LOOP('',(#1392,#1393,#1394,#1395,#1396,#1397,#1398,#1399));
#4353=EDGE_LOOP('',(#1400,#1401,#1402,#1403,#1404,#1405,#1406,#1407));
#4354=EDGE_LOOP('',(#1408,#1409,#1410,#1411,#1412,#1413,#1414,#1415));
#4355=EDGE_LOOP('',(#1416,#1417,#1418,#1419,#1420,#1421,#1422,#1423));
#4356=EDGE_LOOP('',(#1424,#1425,#1426,#1427,#1428,#1429,#1430,#1431));
#4357=EDGE_LOOP('',(#1432,#1433,#1434,#1435,#1436,#1437,#1438,#1439));
#4358=EDGE_LOOP('',(#1440,#1441,#1442,#1443,#1444,#1445,#1446,#1447));
#4359=EDGE_LOOP('',(#1448,#1449,#1450,#1451,#1452,#1453,#1454,#1455));
#4360=EDGE_LOOP('',(#1456,#1457,#1458,#1459,#1460,#1461,#1462,#1463));
#4361=EDGE_LOOP('',(#1464,#1465,#1466,#1467,#1468,#1469,#1470,#1471));
#4362=EDGE_LOOP('',(#1472,#1473,#1474,#1475,#1476,#1477,#1478,#1479));
#4363=EDGE_LOOP('',(#1480,#1481,#1482,#1483,#1484,#1485,#1486,#1487));
#4364=EDGE_LOOP('',(#1488,#1489,#1490,#1491,#1492,#1493,#1494,#1495));
#4365=EDGE_LOOP('',(#1496,#1497,#1498,#1499,#1500,#1501,#1502,#1503));
#4366=EDGE_LOOP('',(#1504,#1505,#1506,#1507,#1508,#1509,#1510,#1511));
#4367=EDGE_LOOP('',(#1512,#1513,#1514,#1515,#1516,#1517,#1518,#1519));
#4368=EDGE_LOOP('',(#1520,#1521,#1522,#1523,#1524,#1525,#1526,#1527));
#4369=EDGE_LOOP('',(#1528,#1529,#1530,#1531,#1532,#1533,#1534,#1535));
#4370=EDGE_LOOP('',(#1536,#1537,#1538,#1539,#1540,#1541,#1542,#1543));
#4371=EDGE_LOOP('',(#1544,#1545,#1546,#1547,#1548,#1549,#1550,#1551));
#4372=EDGE_LOOP('',(#1552,#1553,#1554,#1555,#1556,#1557,#1558,#1559));
#4373=EDGE_LOOP('',(#1560,#1561,#1562,#1563,#1564,#1565,#1566,#1567));
#4374=EDGE_LOOP('',(#1568,#1569,#1570,#1571,#1572,#1573,#1574,#1575));
#4375=EDGE_LOOP('',(#1576,#1577,#1578,#1579,#1580,#1581,#1582,#1583));
#4376=EDGE_LOOP('',(#1584,#1585,#1586,#1587,#1588,#1589,#1590,#1591));
#4377=EDGE_LOOP('',(#1592,#1593,#1594,#1595,#1596,#1597,#1598,#1599));
#4378=EDGE_LOOP('',(#1600,#1601,#1602,#1603,#1604,#1605,#1606,#1607));
#4379=EDGE_LOOP('',(#1608,#1609,#1610,#1611,#1612,#1613,#1614,#1615));
#4380=EDGE_LOOP('',(#1616,#1617,#1618,#1619,#1620,#1621,#1622,#1623));
#4381=EDGE_LOOP('',(#1624,#1625,#1626,#1627,#1628,#1629,#1630,#1631));
#4382=EDGE_LOOP('',(#1632,#1633,#1634,#1635,#1636,#1637,#1638,#1639));
#4383=EDGE_LOOP('',(#1640,#1641,#1642,#1643,#1644,#1645,#1646,#1647));
#4384=EDGE_LOOP('',(#1648,#1649,#1650,#1651,#1652,#1653,#1654,#1655));
#4385=EDGE_LOOP('',(#1656,#1657,#1658,#1659,#1660,#1661,#1662,#1663));
#4386=EDGE_LOOP('',(#1664,#1665,#1666,#1667,#1668,#1669,#1670,#1671));
#4387=EDGE_LOOP('',(#1672,#1673,#1674,#1675,#1676,#1677,#1678,#1679));
#4388=EDGE_LOOP('',(#1680,#1681,#1682,#1683,#1684,#1685,#1686,#1687));
#4389=EDGE_LOOP('',(#1688,#1689,#1690,#1691,#1692,#1693,#1694,#1695));
#4390=EDGE_LOOP('',(#1696,#1697,#1698,#1699,#1700,#1701,#1702,#1703));
#4391=EDGE_LOOP('',(#1704,#1705,#1706,#1707,#1708,#1709,#1710,#1711));
#4392=EDGE_LOOP('',(#1712,#1713,#1714,#1715,#1716,#1717,#1718,#1719));
#4393=EDGE_LOOP('',(#1720,#1721,#1722,#1723,#1724,#1725,#1726,#1727));
#4394=EDGE_LOOP('',(#1728,#1729,#1730,#1731,#1732,#1733,#1734,#1735));
#4395=EDGE_LOOP('',(#1736,#1737,#1738,#1739,#1740,#1741,#1742,#1743));
#4396=EDGE_LOOP('',(#1744,#1745,#1746,#1747,#1748,#1749,#1750,#1751));
#4397=EDGE_LOOP('',(#1752,#1753,#1754,#1755,#1756,#1757,#1758,#1759));
#4398=EDGE_LOOP('',(#1760,#1761,#1762,#1763,#1764,#1765,#1766,#1767));
#4399=EDGE_LOOP('',(#1768,#1769,#1770,#1771,#1772,#1773,#1774,#1775));
#4400=EDGE_LOOP('',(#1776,#1777,#1778,#1779,#1780,#1781,#1782,#1783));
#4401=EDGE_LOOP('',(#1784,#1785,#1786,#1787,#1788,#1789,#1790,#1791));
#4402=EDGE_LOOP('',(#1792,#1793,#1794,#1795,#1796,#1797,#1798,#1799));
#4403=EDGE_LOOP('',(#1800,#1801,#1802,#1803,#1804,#1805,#1806,#1807));
#4404=EDGE_LOOP('',(#1808,#1809,#1810,#1811,#1812,#1813,#1814,#1815));
#4405=EDGE_LOOP('',(#1816,#1817,#1818,#1819,#1820,#1821,#1822,#1823));
#4406=EDGE_LOOP('',(#1824,#1825,#1826,#1827,#1828,#1829,#1830,#1831));
#4407=EDGE_LOOP('',(#1832,#1833,#1834,#1835,#1836,#1837,#1838,#1839));
#4408=EDGE_LOOP('',(#1840,#1841,#1842,#1843,#1844,#1845,#1846,#1847));
#4409=EDGE_LOOP('',(#1848,#1849,#1850,#1851,#1852,#1853,#1854,#1855));
#4410=EDGE_LOOP('',(#1856,#1857,#1858,#1859));
#4411=EDGE_LOOP('',(#1860,#1861,#1862,#1863));
#4412=EDGE_LOOP('',(#1864,#1865,#1866,#1867));
#4413=EDGE_LOOP('',(#1868,#1869,#1870,#1871));
#4414=FACE_BOUND('',#4104,.T.);
#4415=FACE_BOUND('',#4105,.T.);
#4416=FACE_BOUND('',#4106,.T.);
#4417=FACE_BOUND('',#4107,.T.);
#4418=FACE_BOUND('',#4108,.T.);
#4419=FACE_BOUND('',#4109,.T.);
#4420=FACE_BOUND('',#4110,.T.);
#4421=FACE_BOUND('',#4111,.T.);
#4422=FACE_BOUND('',#4112,.T.);
#4423=FACE_BOUND('',#4113,.T.);
#4424=FACE_BOUND('',#4114,.T.);
#4425=FACE_BOUND('',#4115,.T.);
#4426=FACE_BOUND('',#4116,.T.);
#4427=FACE_BOUND('',#4117,.T.);
#4428=FACE_BOUND('',#4118,.T.);
#4429=FACE_BOUND('',#4119,.T.);
#4430=FACE_BOUND('',#4120,.T.);
#4431=FACE_BOUND('',#4121,.T.);
#4432=FACE_BOUND('',#4122,.T.);
#4433=FACE_BOUND('',#4123,.T.);
#4434=FACE_BOUND('',#4124,.T.);
#4435=FACE_BOUND('',#4125,.T.);
#4436=FACE_BOUND('',#4126,.T.);
#4437=FACE_BOUND('',#4127,.T.);
#4438=FACE_BOUND('',#4128,.T.);
#4439=FACE_BOUND('',#4129,.T.);
#4440=FACE_BOUND('',#4130,.T.);
#4441=FACE_BOUND('',#4131,.T.);
#4442=FACE_BOUND('',#4132,.T.);
#4443=FACE_BOUND('',#4133,.T.);
#4444=FACE_BOUND('',#4134,.T.);
#4445=FACE_BOUND('',#4135,.T.);
#4446=FACE_BOUND('',#4136,.T.);
#4447=FACE_BOUND('',#4137,.T.);
#4448=FACE_BOUND('',#4138,.T.);
#4449=FACE_BOUND('',#4139,.T.);
#4450=FACE_BOUND('',#4140,.T.);
#4451=FACE_BOUND('',#4141,.T.);
#4452=FACE_BOUND('',#4142,.T.);
#4453=FACE_BOUND('',#4143,.T.);
#4454=FACE_BOUND('',#4144,.T.);
#4455=FACE_BOUND('',#4145,.T.);
#4456=FACE_BOUND('',#4146,.T.);
#4457=FACE_BOUND('',#4147,.T.);
#4458=FACE_BOUND('',#4148,.T.);
#4459=FACE_BOUND('',#4149,.T.);
#4460=FACE_BOUND('',#4150,.T.);
#4461=FACE_BOUND('',#4151,.T.);
#4462=FACE_BOUND('',#4152,.T.);
#4463=FACE_BOUND('',#4153,.T.);
#4464=FACE_BOUND('',#4154,.T.);
#4465=FACE_BOUND('',#4155,.T.);
#4466=FACE_BOUND('',#4156,.T.);
#4467=FACE_BOUND('',#4157,.T.);
#4468=FACE_BOUND('',#4158,.T.);
#4469=FACE_BOUND('',#4159,.T.);
#4470=FACE_BOUND('',#4160,.T.);
#4471=FACE_BOUND('',#4161,.T.);
#4472=FACE_BOUND('',#4162,.T.);
#4473=FACE_BOUND('',#4163,.T.);
#4474=FACE_BOUND('',#4164,.T.);
#4475=FACE_BOUND('',#4165,.T.);
#4476=FACE_BOUND('',#4166,.T.);
#4477=FACE_BOUND('',#4167,.T.);
#4478=FACE_BOUND('',#4168,.T.);
#4479=FACE_BOUND('',#4169,.T.);
#4480=FACE_BOUND('',#4170,.T.);
#4481=FACE_BOUND('',#4171,.T.);
#4482=FACE_BOUND('',#4172,.T.);
#4483=FACE_BOUND('',#4173,.T.);
#4484=FACE_BOUND('',#4174,.T.);
#4485=FACE_BOUND('',#4175,.T.);
#4486=FACE_BOUND('',#4176,.T.);
#4487=FACE_BOUND('',#4177,.T.);
#4488=FACE_BOUND('',#4178,.T.);
#4489=FACE_BOUND('',#4179,.T.);
#4490=FACE_BOUND('',#4180,.T.);
#4491=FACE_BOUND('',#4181,.T.);
#4492=FACE_BOUND('',#4182,.T.);
#4493=FACE_BOUND('',#4183,.T.);
#4494=FACE_BOUND('',#4184,.T.);
#4495=FACE_BOUND('',#4185,.T.);
#4496=FACE_BOUND('',#4186,.T.);
#4497=FACE_BOUND('',#4187,.T.);
#4498=FACE_BOUND('',#4188,.T.);
#4499=FACE_BOUND('',#4189,.T.);
#4500=FACE_BOUND('',#4190,.T.);
#4501=FACE_BOUND('',#4191,.T.);
#4502=FACE_BOUND('',#4192,.T.);
#4503=FACE_BOUND('',#4193,.T.);
#4504=FACE_BOUND('',#4194,.T.);
#4505=FACE_BOUND('',#4195,.T.);
#4506=FACE_BOUND('',#4196,.T.);
#4507=FACE_BOUND('',#4197,.T.);
#4508=FACE_BOUND('',#4198,.T.);
#4509=FACE_BOUND('',#4199,.T.);
#4510=FACE_BOUND('',#4200,.T.);
#4511=FACE_BOUND('',#4201,.T.);
#4512=FACE_BOUND('',#4202,.T.);
#4513=FACE_BOUND('',#4203,.T.);
#4514=FACE_BOUND('',#4204,.T.);
#4515=FACE_BOUND('',#4205,.T.);
#4516=FACE_BOUND('',#4206,.T.);
#4517=FACE_BOUND('',#4207,.T.);
#4518=FACE_BOUND('',#4208,.T.);
#4519=FACE_BOUND('',#4209,.T.);
#4520=FACE_BOUND('',#4210,.T.);
#4521=FACE_BOUND('',#4211,.T.);
#4522=FACE_BOUND('',#4212,.T.);
#4523=FACE_BOUND('',#4213,.T.);
#4524=FACE_BOUND('',#4214,.T.);
#4525=FACE_BOUND('',#4215,.T.);
#4526=FACE_BOUND('',#4216,.T.);
#4527=FACE_BOUND('',#4217,.T.);
#4528=FACE_BOUND('',#4218,.T.);
#4529=FACE_BOUND('',#4219,.T.);
#4530=FACE_BOUND('',#4220,.T.);
#4531=FACE_BOUND('',#4221,.T.);
#4532=FACE_BOUND('',#4222,.T.);
#4533=FACE_BOUND('',#4223,.T.);
#4534=FACE_BOUND('',#4224,.T.);
#4535=FACE_BOUND('',#4225,.T.);
#4536=FACE_BOUND('',#4226,.T.);
#4537=FACE_BOUND('',#4227,.T.);
#4538=FACE_BOUND('',#4228,.T.);
#4539=FACE_BOUND('',#4229,.T.);
#4540=FACE_BOUND('',#4230,.T.);
#4541=FACE_BOUND('',#4231,.T.);
#4542=FACE_BOUND('',#4232,.T.);
#4543=FACE_BOUND('',#4233,.T.);
#4544=FACE_BOUND('',#4234,.T.);
#4545=FACE_BOUND('',#4235,.T.);
#4546=FACE_BOUND('',#4236,.T.);
#4547=FACE_BOUND('',#4237,.T.);
#4548=FACE_BOUND('',#4238,.T.);
#4549=FACE_BOUND('',#4239,.T.);
#4550=FACE_BOUND('',#4240,.T.);
#4551=FACE_BOUND('',#4241,.T.);
#4552=FACE_BOUND('',#4242,.T.);
#4553=FACE_BOUND('',#4243,.T.);
#4554=FACE_BOUND('',#4244,.T.);
#4555=FACE_BOUND('',#4245,.T.);
#4556=FACE_BOUND('',#4246,.T.);
#4557=FACE_BOUND('',#4247,.T.);
#4558=FACE_BOUND('',#4248,.T.);
#4559=FACE_BOUND('',#4249,.T.);
#4560=FACE_BOUND('',#4250,.T.);
#4561=FACE_BOUND('',#4251,.T.);
#4562=FACE_BOUND('',#4252,.T.);
#4563=FACE_BOUND('',#4253,.T.);
#4564=FACE_BOUND('',#4254,.T.);
#4565=FACE_BOUND('',#4255,.T.);
#4566=FACE_BOUND('',#4256,.T.);
#4567=FACE_BOUND('',#4257,.T.);
#4568=FACE_BOUND('',#4258,.T.);
#4569=FACE_BOUND('',#4259,.T.);
#4570=FACE_BOUND('',#4260,.T.);
#4571=FACE_BOUND('',#4261,.T.);
#4572=FACE_BOUND('',#4262,.T.);
#4573=FACE_BOUND('',#4263,.T.);
#4574=FACE_BOUND('',#4264,.T.);
#4575=FACE_BOUND('',#4265,.T.);
#4576=FACE_BOUND('',#4266,.T.);
#4577=FACE_BOUND('',#4267,.T.);
#4578=FACE_BOUND('',#4268,.T.);
#4579=FACE_BOUND('',#4269,.T.);
#4580=FACE_BOUND('',#4270,.T.);
#4581=FACE_BOUND('',#4271,.T.);
#4582=FACE_BOUND('',#4272,.T.);
#4583=FACE_BOUND('',#4273,.T.);
#4584=FACE_BOUND('',#4274,.T.);
#4585=FACE_BOUND('',#4275,.T.);
#4586=FACE_BOUND('',#4276,.T.);
#4587=FACE_BOUND('',#4277,.T.);
#4588=FACE_BOUND('',#4278,.T.);
#4589=FACE_BOUND('',#4279,.T.);
#4590=FACE_BOUND('',#4280,.T.);
#4591=FACE_BOUND('',#4281,.T.);
#4592=FACE_BOUND('',#4282,.T.);
#4593=FACE_BOUND('',#4283,.T.);
#4594=FACE_BOUND('',#4284,.T.);
#4595=FACE_BOUND('',#4285,.T.);
#4596=FACE_BOUND('',#4286,.T.);
#4597=FACE_BOUND('',#4287,.T.);
#4598=FACE_BOUND('',#4288,.T.);
#4599=FACE_BOUND('',#4289,.T.);
#4600=FACE_BOUND('',#4290,.T.);
#4601=FACE_BOUND('',#4291,.T.);
#4602=FACE_BOUND('',#4292,.T.);
#4603=FACE_BOUND('',#4293,.T.);
#4604=FACE_BOUND('',#4294,.T.);
#4605=FACE_BOUND('',#4295,.T.);
#4606=FACE_BOUND('',#4296,.T.);
#4607=FACE_BOUND('',#4297,.T.);
#4608=FACE_BOUND('',#4298,.T.);
#4609=FACE_BOUND('',#4299,.T.);
#4610=FACE_BOUND('',#4300,.T.);
#4611=FACE_BOUND('',#4301,.T.);
#4612=FACE_BOUND('',#4302,.T.);
#4613=FACE_BOUND('',#4303,.T.);
#4614=FACE_BOUND('',#4304,.T.);
#4615=FACE_BOUND('',#4305,.T.);
#4616=FACE_BOUND('',#4306,.T.);
#4617=FACE_BOUND('',#4307,.T.);
#4618=FACE_BOUND('',#4308,.T.);
#4619=FACE_BOUND('',#4309,.T.);
#4620=FACE_BOUND('',#4310,.T.);
#4621=FACE_BOUND('',#4311,.T.);
#4622=FACE_BOUND('',#4312,.T.);
#4623=FACE_BOUND('',#4313,.T.);
#4624=FACE_BOUND('',#4314,.T.);
#4625=FACE_BOUND('',#4315,.T.);
#4626=FACE_BOUND('',#4316,.T.);
#4627=FACE_BOUND('',#4317,.T.);
#4628=FACE_BOUND('',#4318,.T.);
#4629=FACE_BOUND('',#4319,.T.);
#4630=FACE_BOUND('',#4320,.T.);
#4631=FACE_BOUND('',#4321,.T.);
#4632=FACE_BOUND('',#4322,.T.);
#4633=FACE_BOUND('',#4323,.T.);
#4634=FACE_BOUND('',#4324,.T.);
#4635=FACE_BOUND('',#4325,.T.);
#4636=FACE_BOUND('',#4326,.T.);
#4637=FACE_BOUND('',#4327,.T.);
#4638=FACE_BOUND('',#4328,.T.);
#4639=FACE_BOUND('',#4329,.T.);
#4640=FACE_BOUND('',#4330,.T.);
#4641=FACE_BOUND('',#4331,.T.);
#4642=FACE_BOUND('',#4332,.T.);
#4643=FACE_BOUND('',#4333,.T.);
#4644=FACE_BOUND('',#4334,.T.);
#4645=FACE_BOUND('',#4335,.T.);
#4646=FACE_BOUND('',#4336,.T.);
#4647=FACE_BOUND('',#4337,.T.);
#4648=FACE_BOUND('',#4338,.T.);
#4649=FACE_BOUND('',#4339,.T.);
#4650=FACE_BOUND('',#4340,.T.);
#4651=FACE_BOUND('',#4341,.T.);
#4652=FACE_BOUND('',#4342,.T.);
#4653=FACE_BOUND('',#4343,.T.);
#4654=FACE_BOUND('',#4344,.T.);
#4655=FACE_BOUND('',#4345,.T.);
#4656=FACE_BOUND('',#4346,.T.);
#4657=FACE_BOUND('',#4347,.T.);
#4658=FACE_BOUND('',#4348,.T.);
#4659=FACE_BOUND('',#4349,.T.);
#4660=FACE_BOUND('',#4350,.T.);
#4661=FACE_BOUND('',#4351,.T.);
#4662=FACE_BOUND('',#4352,.T.);
#4663=FACE_BOUND('',#4353,.T.);
#4664=FACE_BOUND('',#4354,.T.);
#4665=FACE_BOUND('',#4355,.T.);
#4666=FACE_BOUND('',#4356,.T.);
#4667=FACE_BOUND('',#4357,.T.);
#4668=FACE_BOUND('',#4358,.T.);
#4669=FACE_BOUND('',#4359,.T.);
#4670=FACE_BOUND('',#4360,.T.);
#4671=FACE_BOUND('',#4361,.T.);
#4672=FACE_BOUND('',#4362,.T.);
#4673=FACE_BOUND('',#4363,.T.);
#4674=FACE_BOUND('',#4364,.T.);
#4675=FACE_BOUND('',#4365,.T.);
#4676=FACE_BOUND('',#4366,.T.);
#4677=FACE_BOUND('',#4367,.T.);
#4678=FACE_BOUND('',#4368,.T.);
#4679=FACE_BOUND('',#4369,.T.);
#4680=FACE_BOUND('',#4370,.T.);
#4681=FACE_BOUND('',#4371,.T.);
#4682=FACE_BOUND('',#4372,.T.);
#4683=FACE_BOUND('',#4373,.T.);
#4684=FACE_BOUND('',#4374,.T.);
#4685=FACE_BOUND('',#4375,.T.);
#4686=FACE_BOUND('',#4376,.T.);
#4687=FACE_BOUND('',#4377,.T.);
#4688=FACE_BOUND('',#4378,.T.);
#4689=FACE_BOUND('',#4379,.T.);
#4690=FACE_BOUND('',#4380,.T.);
#4691=FACE_BOUND('',#4381,.T.);
#4692=FACE_BOUND('',#4382,.T.);
#4693=FACE_BOUND('',#4383,.T.);
#4694=FACE_BOUND('',#4384,.T.);
#4695=FACE_BOUND('',#4385,.T.);
#4696=FACE_BOUND('',#4386,.T.);
#4697=FACE_BOUND('',#4387,.T.);
#4698=FACE_BOUND('',#4388,.T.);
#4699=FACE_BOUND('',#4389,.T.);
#4700=FACE_BOUND('',#4390,.T.);
#4701=FACE_BOUND('',#4391,.T.);
#4702=FACE_BOUND('',#4392,.T.);
#4703=FACE_BOUND('',#4393,.T.);
#4704=FACE_BOUND('',#4394,.T.);
#4705=FACE_BOUND('',#4395,.T.);
#4706=FACE_BOUND('',#4396,.T.);
#4707=FACE_BOUND('',#4397,.T.);
#4708=FACE_BOUND('',#4398,.T.);
#4709=FACE_BOUND('',#4399,.T.);
#4710=FACE_BOUND('',#4400,.T.);
#4711=FACE_BOUND('',#4401,.T.);
#4712=FACE_BOUND('',#4402,.T.);
#4713=FACE_BOUND('',#4403,.T.);
#4714=FACE_BOUND('',#4404,.T.);
#4715=FACE_BOUND('',#4405,.T.);
#4716=FACE_BOUND('',#4406,.T.);
#4717=FACE_BOUND('',#4407,.T.);
#4718=FACE_BOUND('',#4408,.T.);
#4719=FACE_BOUND('',#4409,.T.);
#4720=FACE_BOUND('',#4410,.T.);
#4721=FACE_BOUND('',#4411,.T.);
#4722=FACE_BOUND('',#4412,.T.);
#4723=FACE_BOUND('',#4413,.T.);
#4724=PLANE('',#5113);
#4725=PLANE('',#5114);
#4726=PLANE('',#5115);
#4727=PLANE('',#5116);
#4728=PLANE('',#5120);
#4729=PLANE('',#5124);
#4730=PLANE('',#5128);
#4731=PLANE('',#5129);
#4732=PLANE('',#5133);
#4733=PLANE('',#5137);
#4734=PLANE('',#5141);
#4735=PLANE('',#5142);
#4736=PLANE('',#5146);
#4737=PLANE('',#5150);
#4738=PLANE('',#5154);
#4739=PLANE('',#5155);
#4740=PLANE('',#5159);
#4741=PLANE('',#5163);
#4742=PLANE('',#5167);
#4743=PLANE('',#5168);
#4744=PLANE('',#5172);
#4745=PLANE('',#5176);
#4746=PLANE('',#5180);
#4747=PLANE('',#5181);
#4748=PLANE('',#5185);
#4749=PLANE('',#5189);
#4750=PLANE('',#5193);
#4751=PLANE('',#5194);
#4752=PLANE('',#5198);
#4753=PLANE('',#5202);
#4754=PLANE('',#5206);
#4755=PLANE('',#5207);
#4756=PLANE('',#5211);
#4757=PLANE('',#5215);
#4758=PLANE('',#5219);
#4759=PLANE('',#5220);
#4760=PLANE('',#5224);
#4761=PLANE('',#5228);
#4762=PLANE('',#5232);
#4763=PLANE('',#5233);
#4764=PLANE('',#5237);
#4765=PLANE('',#5241);
#4766=PLANE('',#5245);
#4767=PLANE('',#5246);
#4768=PLANE('',#5250);
#4769=PLANE('',#5254);
#4770=PLANE('',#5258);
#4771=PLANE('',#5259);
#4772=PLANE('',#5263);
#4773=PLANE('',#5267);
#4774=PLANE('',#5271);
#4775=PLANE('',#5272);
#4776=PLANE('',#5276);
#4777=PLANE('',#5280);
#4778=PLANE('',#5284);
#4779=PLANE('',#5285);
#4780=PLANE('',#5289);
#4781=PLANE('',#5293);
#4782=PLANE('',#5297);
#4783=PLANE('',#5298);
#4784=PLANE('',#5302);
#4785=PLANE('',#5306);
#4786=PLANE('',#5310);
#4787=PLANE('',#5311);
#4788=PLANE('',#5315);
#4789=PLANE('',#5319);
#4790=PLANE('',#5323);
#4791=PLANE('',#5324);
#4792=PLANE('',#5328);
#4793=PLANE('',#5332);
#4794=PLANE('',#5336);
#4795=PLANE('',#5337);
#4796=PLANE('',#5341);
#4797=PLANE('',#5345);
#4798=PLANE('',#5349);
#4799=PLANE('',#5350);
#4800=PLANE('',#5354);
#4801=PLANE('',#5358);
#4802=PLANE('',#5362);
#4803=PLANE('',#5363);
#4804=PLANE('',#5367);
#4805=PLANE('',#5371);
#4806=PLANE('',#5375);
#4807=PLANE('',#5376);
#4808=PLANE('',#5380);
#4809=PLANE('',#5384);
#4810=PLANE('',#5388);
#4811=PLANE('',#5389);
#4812=PLANE('',#5393);
#4813=PLANE('',#5397);
#4814=PLANE('',#5401);
#4815=PLANE('',#5402);
#4816=PLANE('',#5406);
#4817=PLANE('',#5410);
#4818=PLANE('',#5414);
#4819=PLANE('',#5415);
#4820=PLANE('',#5419);
#4821=PLANE('',#5423);
#4822=PLANE('',#5427);
#4823=PLANE('',#5428);
#4824=PLANE('',#5432);
#4825=PLANE('',#5436);
#4826=PLANE('',#5440);
#4827=PLANE('',#5441);
#4828=PLANE('',#5445);
#4829=PLANE('',#5449);
#4830=PLANE('',#5453);
#4831=PLANE('',#5454);
#4832=PLANE('',#5458);
#4833=PLANE('',#5462);
#4834=PLANE('',#5466);
#4835=PLANE('',#5467);
#4836=PLANE('',#5471);
#4837=PLANE('',#5475);
#4838=PLANE('',#5479);
#4839=PLANE('',#5480);
#4840=PLANE('',#5484);
#4841=PLANE('',#5488);
#4842=PLANE('',#5492);
#4843=PLANE('',#5493);
#4844=PLANE('',#5497);
#4845=PLANE('',#5501);
#4846=PLANE('',#5505);
#4847=PLANE('',#5596);
#4848=PLANE('',#5597);
#4849=PLANE('',#5602);
#4850=ADVANCED_FACE('',(#4414),#4724,.T.);
#4851=ADVANCED_FACE('',(#4415),#4725,.T.);
#4852=ADVANCED_FACE('',(#4416),#4726,.F.);
#4853=ADVANCED_FACE('',(#4417),#4727,.T.);
#4854=ADVANCED_FACE('',(#4418),#260,.F.);
#4855=ADVANCED_FACE('',(#4419),#4728,.T.);
#4856=ADVANCED_FACE('',(#4420),#261,.F.);
#4857=ADVANCED_FACE('',(#4421),#4729,.T.);
#4858=ADVANCED_FACE('',(#4422),#262,.F.);
#4859=ADVANCED_FACE('',(#4423),#4730,.T.);
#4860=ADVANCED_FACE('',(#4424),#4731,.T.);
#4861=ADVANCED_FACE('',(#4425),#263,.F.);
#4862=ADVANCED_FACE('',(#4426),#4732,.T.);
#4863=ADVANCED_FACE('',(#4427),#264,.F.);
#4864=ADVANCED_FACE('',(#4428),#4733,.T.);
#4865=ADVANCED_FACE('',(#4429),#265,.F.);
#4866=ADVANCED_FACE('',(#4430),#4734,.T.);
#4867=ADVANCED_FACE('',(#4431),#4735,.T.);
#4868=ADVANCED_FACE('',(#4432),#266,.F.);
#4869=ADVANCED_FACE('',(#4433),#4736,.T.);
#4870=ADVANCED_FACE('',(#4434),#267,.F.);
#4871=ADVANCED_FACE('',(#4435),#4737,.T.);
#4872=ADVANCED_FACE('',(#4436),#268,.F.);
#4873=ADVANCED_FACE('',(#4437),#4738,.T.);
#4874=ADVANCED_FACE('',(#4438),#4739,.T.);
#4875=ADVANCED_FACE('',(#4439),#269,.F.);
#4876=ADVANCED_FACE('',(#4440),#4740,.T.);
#4877=ADVANCED_FACE('',(#4441),#270,.F.);
#4878=ADVANCED_FACE('',(#4442),#4741,.T.);
#4879=ADVANCED_FACE('',(#4443),#271,.F.);
#4880=ADVANCED_FACE('',(#4444),#4742,.T.);
#4881=ADVANCED_FACE('',(#4445),#4743,.T.);
#4882=ADVANCED_FACE('',(#4446),#272,.F.);
#4883=ADVANCED_FACE('',(#4447),#4744,.T.);
#4884=ADVANCED_FACE('',(#4448),#273,.F.);
#4885=ADVANCED_FACE('',(#4449),#4745,.T.);
#4886=ADVANCED_FACE('',(#4450),#274,.F.);
#4887=ADVANCED_FACE('',(#4451),#4746,.T.);
#4888=ADVANCED_FACE('',(#4452),#4747,.T.);
#4889=ADVANCED_FACE('',(#4453),#275,.F.);
#4890=ADVANCED_FACE('',(#4454),#4748,.T.);
#4891=ADVANCED_FACE('',(#4455),#276,.F.);
#4892=ADVANCED_FACE('',(#4456),#4749,.T.);
#4893=ADVANCED_FACE('',(#4457),#277,.F.);
#4894=ADVANCED_FACE('',(#4458),#4750,.T.);
#4895=ADVANCED_FACE('',(#4459),#4751,.T.);
#4896=ADVANCED_FACE('',(#4460),#278,.F.);
#4897=ADVANCED_FACE('',(#4461),#4752,.T.);
#4898=ADVANCED_FACE('',(#4462),#279,.F.);
#4899=ADVANCED_FACE('',(#4463),#4753,.T.);
#4900=ADVANCED_FACE('',(#4464),#280,.F.);
#4901=ADVANCED_FACE('',(#4465),#4754,.T.);
#4902=ADVANCED_FACE('',(#4466),#4755,.T.);
#4903=ADVANCED_FACE('',(#4467),#281,.F.);
#4904=ADVANCED_FACE('',(#4468),#4756,.T.);
#4905=ADVANCED_FACE('',(#4469),#282,.F.);
#4906=ADVANCED_FACE('',(#4470),#4757,.T.);
#4907=ADVANCED_FACE('',(#4471),#283,.F.);
#4908=ADVANCED_FACE('',(#4472),#4758,.T.);
#4909=ADVANCED_FACE('',(#4473),#4759,.T.);
#4910=ADVANCED_FACE('',(#4474),#284,.F.);
#4911=ADVANCED_FACE('',(#4475),#4760,.T.);
#4912=ADVANCED_FACE('',(#4476),#285,.F.);
#4913=ADVANCED_FACE('',(#4477),#4761,.T.);
#4914=ADVANCED_FACE('',(#4478),#286,.F.);
#4915=ADVANCED_FACE('',(#4479),#4762,.T.);
#4916=ADVANCED_FACE('',(#4480),#4763,.T.);
#4917=ADVANCED_FACE('',(#4481),#287,.F.);
#4918=ADVANCED_FACE('',(#4482),#4764,.T.);
#4919=ADVANCED_FACE('',(#4483),#288,.F.);
#4920=ADVANCED_FACE('',(#4484),#4765,.T.);
#4921=ADVANCED_FACE('',(#4485),#289,.F.);
#4922=ADVANCED_FACE('',(#4486),#4766,.T.);
#4923=ADVANCED_FACE('',(#4487),#4767,.T.);
#4924=ADVANCED_FACE('',(#4488),#290,.F.);
#4925=ADVANCED_FACE('',(#4489),#4768,.T.);
#4926=ADVANCED_FACE('',(#4490),#291,.F.);
#4927=ADVANCED_FACE('',(#4491),#4769,.T.);
#4928=ADVANCED_FACE('',(#4492),#292,.F.);
#4929=ADVANCED_FACE('',(#4493),#4770,.T.);
#4930=ADVANCED_FACE('',(#4494),#4771,.T.);
#4931=ADVANCED_FACE('',(#4495),#293,.F.);
#4932=ADVANCED_FACE('',(#4496),#4772,.T.);
#4933=ADVANCED_FACE('',(#4497),#294,.F.);
#4934=ADVANCED_FACE('',(#4498),#4773,.T.);
#4935=ADVANCED_FACE('',(#4499),#295,.F.);
#4936=ADVANCED_FACE('',(#4500),#4774,.T.);
#4937=ADVANCED_FACE('',(#4501),#4775,.T.);
#4938=ADVANCED_FACE('',(#4502),#296,.F.);
#4939=ADVANCED_FACE('',(#4503),#4776,.T.);
#4940=ADVANCED_FACE('',(#4504),#297,.F.);
#4941=ADVANCED_FACE('',(#4505),#4777,.T.);
#4942=ADVANCED_FACE('',(#4506),#298,.F.);
#4943=ADVANCED_FACE('',(#4507),#4778,.T.);
#4944=ADVANCED_FACE('',(#4508),#4779,.T.);
#4945=ADVANCED_FACE('',(#4509),#299,.F.);
#4946=ADVANCED_FACE('',(#4510),#4780,.T.);
#4947=ADVANCED_FACE('',(#4511),#300,.F.);
#4948=ADVANCED_FACE('',(#4512),#4781,.T.);
#4949=ADVANCED_FACE('',(#4513),#301,.F.);
#4950=ADVANCED_FACE('',(#4514),#4782,.T.);
#4951=ADVANCED_FACE('',(#4515),#4783,.T.);
#4952=ADVANCED_FACE('',(#4516),#302,.F.);
#4953=ADVANCED_FACE('',(#4517),#4784,.T.);
#4954=ADVANCED_FACE('',(#4518),#303,.F.);
#4955=ADVANCED_FACE('',(#4519),#4785,.T.);
#4956=ADVANCED_FACE('',(#4520),#304,.F.);
#4957=ADVANCED_FACE('',(#4521),#4786,.T.);
#4958=ADVANCED_FACE('',(#4522),#4787,.T.);
#4959=ADVANCED_FACE('',(#4523),#305,.F.);
#4960=ADVANCED_FACE('',(#4524),#4788,.T.);
#4961=ADVANCED_FACE('',(#4525),#306,.F.);
#4962=ADVANCED_FACE('',(#4526),#4789,.T.);
#4963=ADVANCED_FACE('',(#4527),#307,.F.);
#4964=ADVANCED_FACE('',(#4528),#4790,.T.);
#4965=ADVANCED_FACE('',(#4529),#4791,.T.);
#4966=ADVANCED_FACE('',(#4530),#308,.F.);
#4967=ADVANCED_FACE('',(#4531),#4792,.T.);
#4968=ADVANCED_FACE('',(#4532),#309,.F.);
#4969=ADVANCED_FACE('',(#4533),#4793,.T.);
#4970=ADVANCED_FACE('',(#4534),#310,.F.);
#4971=ADVANCED_FACE('',(#4535),#4794,.T.);
#4972=ADVANCED_FACE('',(#4536),#4795,.T.);
#4973=ADVANCED_FACE('',(#4537),#311,.F.);
#4974=ADVANCED_FACE('',(#4538),#4796,.T.);
#4975=ADVANCED_FACE('',(#4539),#312,.F.);
#4976=ADVANCED_FACE('',(#4540),#4797,.T.);
#4977=ADVANCED_FACE('',(#4541),#313,.F.);
#4978=ADVANCED_FACE('',(#4542),#4798,.T.);
#4979=ADVANCED_FACE('',(#4543),#4799,.T.);
#4980=ADVANCED_FACE('',(#4544),#314,.F.);
#4981=ADVANCED_FACE('',(#4545),#4800,.T.);
#4982=ADVANCED_FACE('',(#4546),#315,.F.);
#4983=ADVANCED_FACE('',(#4547),#4801,.T.);
#4984=ADVANCED_FACE('',(#4548),#316,.F.);
#4985=ADVANCED_FACE('',(#4549),#4802,.T.);
#4986=ADVANCED_FACE('',(#4550),#4803,.T.);
#4987=ADVANCED_FACE('',(#4551),#317,.F.);
#4988=ADVANCED_FACE('',(#4552),#4804,.T.);
#4989=ADVANCED_FACE('',(#4553),#318,.F.);
#4990=ADVANCED_FACE('',(#4554),#4805,.T.);
#4991=ADVANCED_FACE('',(#4555),#319,.F.);
#4992=ADVANCED_FACE('',(#4556),#4806,.T.);
#4993=ADVANCED_FACE('',(#4557),#4807,.T.);
#4994=ADVANCED_FACE('',(#4558),#320,.F.);
#4995=ADVANCED_FACE('',(#4559),#4808,.T.);
#4996=ADVANCED_FACE('',(#4560),#321,.F.);
#4997=ADVANCED_FACE('',(#4561),#4809,.T.);
#4998=ADVANCED_FACE('',(#4562),#322,.F.);
#4999=ADVANCED_FACE('',(#4563),#4810,.T.);
#5000=ADVANCED_FACE('',(#4564),#4811,.T.);
#5001=ADVANCED_FACE('',(#4565),#323,.F.);
#5002=ADVANCED_FACE('',(#4566),#4812,.T.);
#5003=ADVANCED_FACE('',(#4567),#324,.F.);
#5004=ADVANCED_FACE('',(#4568),#4813,.T.);
#5005=ADVANCED_FACE('',(#4569),#325,.F.);
#5006=ADVANCED_FACE('',(#4570),#4814,.T.);
#5007=ADVANCED_FACE('',(#4571),#4815,.T.);
#5008=ADVANCED_FACE('',(#4572),#326,.F.);
#5009=ADVANCED_FACE('',(#4573),#4816,.T.);
#5010=ADVANCED_FACE('',(#4574),#327,.F.);
#5011=ADVANCED_FACE('',(#4575),#4817,.T.);
#5012=ADVANCED_FACE('',(#4576),#328,.F.);
#5013=ADVANCED_FACE('',(#4577),#4818,.T.);
#5014=ADVANCED_FACE('',(#4578),#4819,.T.);
#5015=ADVANCED_FACE('',(#4579),#329,.F.);
#5016=ADVANCED_FACE('',(#4580),#4820,.T.);
#5017=ADVANCED_FACE('',(#4581),#330,.F.);
#5018=ADVANCED_FACE('',(#4582),#4821,.T.);
#5019=ADVANCED_FACE('',(#4583),#331,.F.);
#5020=ADVANCED_FACE('',(#4584),#4822,.T.);
#5021=ADVANCED_FACE('',(#4585),#4823,.T.);
#5022=ADVANCED_FACE('',(#4586),#332,.F.);
#5023=ADVANCED_FACE('',(#4587),#4824,.T.);
#5024=ADVANCED_FACE('',(#4588),#333,.F.);
#5025=ADVANCED_FACE('',(#4589),#4825,.T.);
#5026=ADVANCED_FACE('',(#4590),#334,.F.);
#5027=ADVANCED_FACE('',(#4591),#4826,.T.);
#5028=ADVANCED_FACE('',(#4592),#4827,.T.);
#5029=ADVANCED_FACE('',(#4593),#335,.F.);
#5030=ADVANCED_FACE('',(#4594),#4828,.T.);
#5031=ADVANCED_FACE('',(#4595),#336,.F.);
#5032=ADVANCED_FACE('',(#4596),#4829,.T.);
#5033=ADVANCED_FACE('',(#4597),#337,.F.);
#5034=ADVANCED_FACE('',(#4598),#4830,.T.);
#5035=ADVANCED_FACE('',(#4599),#4831,.T.);
#5036=ADVANCED_FACE('',(#4600),#338,.F.);
#5037=ADVANCED_FACE('',(#4601),#4832,.T.);
#5038=ADVANCED_FACE('',(#4602),#339,.F.);
#5039=ADVANCED_FACE('',(#4603),#4833,.T.);
#5040=ADVANCED_FACE('',(#4604),#340,.F.);
#5041=ADVANCED_FACE('',(#4605),#4834,.T.);
#5042=ADVANCED_FACE('',(#4606),#4835,.T.);
#5043=ADVANCED_FACE('',(#4607),#341,.F.);
#5044=ADVANCED_FACE('',(#4608),#4836,.T.);
#5045=ADVANCED_FACE('',(#4609),#342,.F.);
#5046=ADVANCED_FACE('',(#4610),#4837,.T.);
#5047=ADVANCED_FACE('',(#4611),#343,.F.);
#5048=ADVANCED_FACE('',(#4612),#4838,.T.);
#5049=ADVANCED_FACE('',(#4613),#4839,.T.);
#5050=ADVANCED_FACE('',(#4614),#344,.F.);
#5051=ADVANCED_FACE('',(#4615),#4840,.T.);
#5052=ADVANCED_FACE('',(#4616),#345,.F.);
#5053=ADVANCED_FACE('',(#4617),#4841,.T.);
#5054=ADVANCED_FACE('',(#4618),#346,.F.);
#5055=ADVANCED_FACE('',(#4619),#4842,.T.);
#5056=ADVANCED_FACE('',(#4620),#4843,.T.);
#5057=ADVANCED_FACE('',(#4621),#347,.F.);
#5058=ADVANCED_FACE('',(#4622),#4844,.T.);
#5059=ADVANCED_FACE('',(#4623),#348,.F.);
#5060=ADVANCED_FACE('',(#4624),#4845,.T.);
#5061=ADVANCED_FACE('',(#4625),#349,.F.);
#5062=ADVANCED_FACE('',(#4626),#4846,.T.);
#5063=ADVANCED_FACE('',(#4627),#350,.F.);
#5064=ADVANCED_FACE('',(#4628),#351,.F.);
#5065=ADVANCED_FACE('',(#4629),#352,.F.);
#5066=ADVANCED_FACE('',(#4630),#353,.F.);
#5067=ADVANCED_FACE('',(#4631),#354,.F.);
#5068=ADVANCED_FACE('',(#4632),#355,.F.);
#5069=ADVANCED_FACE('',(#4633),#356,.F.);
#5070=ADVANCED_FACE('',(#4634),#357,.F.);
#5071=ADVANCED_FACE('',(#4635),#358,.F.);
#5072=ADVANCED_FACE('',(#4636),#359,.F.);
#5073=ADVANCED_FACE('',(#4637),#360,.F.);
#5074=ADVANCED_FACE('',(#4638),#361,.F.);
#5075=ADVANCED_FACE('',(#4639),#362,.F.);
#5076=ADVANCED_FACE('',(#4640),#363,.F.);
#5077=ADVANCED_FACE('',(#4641),#364,.F.);
#5078=ADVANCED_FACE('',(#4642),#365,.F.);
#5079=ADVANCED_FACE('',(#4643),#366,.F.);
#5080=ADVANCED_FACE('',(#4644),#367,.F.);
#5081=ADVANCED_FACE('',(#4645),#368,.F.);
#5082=ADVANCED_FACE('',(#4646),#369,.F.);
#5083=ADVANCED_FACE('',(#4647),#370,.F.);
#5084=ADVANCED_FACE('',(#4648),#371,.F.);
#5085=ADVANCED_FACE('',(#4649),#372,.F.);
#5086=ADVANCED_FACE('',(#4650),#373,.F.);
#5087=ADVANCED_FACE('',(#4651),#374,.F.);
#5088=ADVANCED_FACE('',(#4652),#375,.F.);
#5089=ADVANCED_FACE('',(#4653),#376,.F.);
#5090=ADVANCED_FACE('',(#4654),#377,.F.);
#5091=ADVANCED_FACE('',(#4655),#378,.F.);
#5092=ADVANCED_FACE('',(#4656),#379,.F.);
#5093=ADVANCED_FACE('',(#4657),#4847,.T.);
#5094=ADVANCED_FACE('',(#4658,#4659,#4660,#4661,#4662,#4663,#4664,#4665,
#4666,#4667,#4668,#4669,#4670,#4671,#4672,#4673,#4674,#4675,#4676,#4677,
#4678,#4679,#4680,#4681,#4682,#4683,#4684,#4685,#4686,#4687,#4688),#4848,
 .F.);
#5095=ADVANCED_FACE('',(#4689,#4690,#4691,#4692,#4693,#4694,#4695,#4696,
#4697,#4698,#4699,#4700,#4701,#4702,#4703,#4704,#4705,#4706,#4707,#4708,
#4709,#4710,#4711,#4712,#4713,#4714,#4715,#4716,#4717,#4718,#4719),#4849,
 .T.);
#5096=ADVANCED_FACE('',(#4720),#380,.T.);
#5097=ADVANCED_FACE('',(#4721),#381,.T.);
#5098=ADVANCED_FACE('',(#4722),#382,.T.);
#5099=ADVANCED_FACE('',(#4723),#383,.T.);
#5100=CLOSED_SHELL('',(#4850,#4851,#4852,#4853,#4854,#4855,#4856,#4857,
#4858,#4859,#4860,#4861,#4862,#4863,#4864,#4865,#4866,#4867,#4868,#4869,
#4870,#4871,#4872,#4873,#4874,#4875,#4876,#4877,#4878,#4879,#4880,#4881,
#4882,#4883,#4884,#4885,#4886,#4887,#4888,#4889,#4890,#4891,#4892,#4893,
#4894,#4895,#4896,#4897,#4898,#4899,#4900,#4901,#4902,#4903,#4904,#4905,
#4906,#4907,#4908,#4909,#4910,#4911,#4912,#4913,#4914,#4915,#4916,#4917,
#4918,#4919,#4920,#4921,#4922,#4923,#4924,#4925,#4926,#4927,#4928,#4929,
#4930,#4931,#4932,#4933,#4934,#4935,#4936,#4937,#4938,#4939,#4940,#4941,
#4942,#4943,#4944,#4945,#4946,#4947,#4948,#4949,#4950,#4951,#4952,#4953,
#4954,#4955,#4956,#4957,#4958,#4959,#4960,#4961,#4962,#4963,#4964,#4965,
#4966,#4967,#4968,#4969,#4970,#4971,#4972,#4973,#4974,#4975,#4976,#4977,
#4978,#4979,#4980,#4981,#4982,#4983,#4984,#4985,#4986,#4987,#4988,#4989,
#4990,#4991,#4992,#4993,#4994,#4995,#4996,#4997,#4998,#4999,#5000,#5001,
#5002,#5003,#5004,#5005,#5006,#5007,#5008,#5009,#5010,#5011,#5012,#5013,
#5014,#5015,#5016,#5017,#5018,#5019,#5020,#5021,#5022,#5023,#5024,#5025,
#5026,#5027,#5028,#5029,#5030,#5031,#5032,#5033,#5034,#5035,#5036,#5037,
#5038,#5039,#5040,#5041,#5042,#5043,#5044,#5045,#5046,#5047,#5048,#5049,
#5050,#5051,#5052,#5053,#5054,#5055,#5056,#5057,#5058,#5059,#5060,#5061,
#5062,#5063,#5064,#5065,#5066,#5067,#5068,#5069,#5070,#5071,#5072,#5073,
#5074,#5075,#5076,#5077,#5078,#5079,#5080,#5081,#5082,#5083,#5084,#5085,
#5086,#5087,#5088,#5089,#5090,#5091,#5092,#5093,#5094,#5095,#5096,#5097,
#5098,#5099));
#5101=STYLED_ITEM('',(#5102),#5109);
#5102=PRESENTATION_STYLE_ASSIGNMENT((#5103));
#5103=SURFACE_STYLE_USAGE(.BOTH.,#5104);
#5104=SURFACE_SIDE_STYLE('',(#5105));
#5105=SURFACE_STYLE_FILL_AREA(#5106);
#5106=FILL_AREA_STYLE('',(#5107));
#5107=FILL_AREA_STYLE_COLOUR('',#5108);
#5108=COLOUR_RGB('',0.231372549019608,0.380392156862745,0.705882352941177);
#5109=MANIFOLD_SOLID_BREP('MacroMetalPlate',#5100);
#5110=SHAPE_DEFINITION_REPRESENTATION(#8602,#5111);
#5111=SHAPE_REPRESENTATION('MacroMetalPlate',(#5112),#8597);
#5112=AXIS2_PLACEMENT_3D('',#7105,#5611,#5612);
#5113=AXIS2_PLACEMENT_3D('',#7106,#5613,#5614);
#5114=AXIS2_PLACEMENT_3D('',#7115,#5619,#5620);
#5115=AXIS2_PLACEMENT_3D('',#7124,#5625,#5626);
#5116=AXIS2_PLACEMENT_3D('',#7133,#5631,#5632);
#5117=AXIS2_PLACEMENT_3D('',#7142,#5637,#5638);
#5118=AXIS2_PLACEMENT_3D('',#7143,#5639,#5640);
#5119=AXIS2_PLACEMENT_3D('',#7147,#5642,#5643);
#5120=AXIS2_PLACEMENT_3D('',#7148,#5644,#5645);
#5121=AXIS2_PLACEMENT_3D('',#7154,#5649,#5650);
#5122=AXIS2_PLACEMENT_3D('',#7155,#5651,#5652);
#5123=AXIS2_PLACEMENT_3D('',#7159,#5654,#5655);
#5124=AXIS2_PLACEMENT_3D('',#7160,#5656,#5657);
#5125=AXIS2_PLACEMENT_3D('',#7166,#5661,#5662);
#5126=AXIS2_PLACEMENT_3D('',#7167,#5663,#5664);
#5127=AXIS2_PLACEMENT_3D('',#7171,#5666,#5667);
#5128=AXIS2_PLACEMENT_3D('',#7172,#5668,#5669);
#5129=AXIS2_PLACEMENT_3D('',#7178,#5673,#5674);
#5130=AXIS2_PLACEMENT_3D('',#7187,#5679,#5680);
#5131=AXIS2_PLACEMENT_3D('',#7188,#5681,#5682);
#5132=AXIS2_PLACEMENT_3D('',#7192,#5684,#5685);
#5133=AXIS2_PLACEMENT_3D('',#7193,#5686,#5687);
#5134=AXIS2_PLACEMENT_3D('',#7199,#5691,#5692);
#5135=AXIS2_PLACEMENT_3D('',#7200,#5693,#5694);
#5136=AXIS2_PLACEMENT_3D('',#7204,#5696,#5697);
#5137=AXIS2_PLACEMENT_3D('',#7205,#5698,#5699);
#5138=AXIS2_PLACEMENT_3D('',#7211,#5703,#5704);
#5139=AXIS2_PLACEMENT_3D('',#7212,#5705,#5706);
#5140=AXIS2_PLACEMENT_3D('',#7216,#5708,#5709);
#5141=AXIS2_PLACEMENT_3D('',#7217,#5710,#5711);
#5142=AXIS2_PLACEMENT_3D('',#7223,#5715,#5716);
#5143=AXIS2_PLACEMENT_3D('',#7232,#5721,#5722);
#5144=AXIS2_PLACEMENT_3D('',#7233,#5723,#5724);
#5145=AXIS2_PLACEMENT_3D('',#7237,#5726,#5727);
#5146=AXIS2_PLACEMENT_3D('',#7238,#5728,#5729);
#5147=AXIS2_PLACEMENT_3D('',#7244,#5733,#5734);
#5148=AXIS2_PLACEMENT_3D('',#7245,#5735,#5736);
#5149=AXIS2_PLACEMENT_3D('',#7249,#5738,#5739);
#5150=AXIS2_PLACEMENT_3D('',#7250,#5740,#5741);
#5151=AXIS2_PLACEMENT_3D('',#7256,#5745,#5746);
#5152=AXIS2_PLACEMENT_3D('',#7257,#5747,#5748);
#5153=AXIS2_PLACEMENT_3D('',#7261,#5750,#5751);
#5154=AXIS2_PLACEMENT_3D('',#7262,#5752,#5753);
#5155=AXIS2_PLACEMENT_3D('',#7268,#5757,#5758);
#5156=AXIS2_PLACEMENT_3D('',#7277,#5763,#5764);
#5157=AXIS2_PLACEMENT_3D('',#7278,#5765,#5766);
#5158=AXIS2_PLACEMENT_3D('',#7282,#5768,#5769);
#5159=AXIS2_PLACEMENT_3D('',#7283,#5770,#5771);
#5160=AXIS2_PLACEMENT_3D('',#7289,#5775,#5776);
#5161=AXIS2_PLACEMENT_3D('',#7290,#5777,#5778);
#5162=AXIS2_PLACEMENT_3D('',#7294,#5780,#5781);
#5163=AXIS2_PLACEMENT_3D('',#7295,#5782,#5783);
#5164=AXIS2_PLACEMENT_3D('',#7301,#5787,#5788);
#5165=AXIS2_PLACEMENT_3D('',#7302,#5789,#5790);
#5166=AXIS2_PLACEMENT_3D('',#7306,#5792,#5793);
#5167=AXIS2_PLACEMENT_3D('',#7307,#5794,#5795);
#5168=AXIS2_PLACEMENT_3D('',#7313,#5799,#5800);
#5169=AXIS2_PLACEMENT_3D('',#7322,#5805,#5806);
#5170=AXIS2_PLACEMENT_3D('',#7323,#5807,#5808);
#5171=AXIS2_PLACEMENT_3D('',#7327,#5810,#5811);
#5172=AXIS2_PLACEMENT_3D('',#7328,#5812,#5813);
#5173=AXIS2_PLACEMENT_3D('',#7334,#5817,#5818);
#5174=AXIS2_PLACEMENT_3D('',#7335,#5819,#5820);
#5175=AXIS2_PLACEMENT_3D('',#7339,#5822,#5823);
#5176=AXIS2_PLACEMENT_3D('',#7340,#5824,#5825);
#5177=AXIS2_PLACEMENT_3D('',#7346,#5829,#5830);
#5178=AXIS2_PLACEMENT_3D('',#7347,#5831,#5832);
#5179=AXIS2_PLACEMENT_3D('',#7351,#5834,#5835);
#5180=AXIS2_PLACEMENT_3D('',#7352,#5836,#5837);
#5181=AXIS2_PLACEMENT_3D('',#7358,#5841,#5842);
#5182=AXIS2_PLACEMENT_3D('',#7367,#5847,#5848);
#5183=AXIS2_PLACEMENT_3D('',#7368,#5849,#5850);
#5184=AXIS2_PLACEMENT_3D('',#7372,#5852,#5853);
#5185=AXIS2_PLACEMENT_3D('',#7373,#5854,#5855);
#5186=AXIS2_PLACEMENT_3D('',#7379,#5859,#5860);
#5187=AXIS2_PLACEMENT_3D('',#7380,#5861,#5862);
#5188=AXIS2_PLACEMENT_3D('',#7384,#5864,#5865);
#5189=AXIS2_PLACEMENT_3D('',#7385,#5866,#5867);
#5190=AXIS2_PLACEMENT_3D('',#7391,#5871,#5872);
#5191=AXIS2_PLACEMENT_3D('',#7392,#5873,#5874);
#5192=AXIS2_PLACEMENT_3D('',#7396,#5876,#5877);
#5193=AXIS2_PLACEMENT_3D('',#7397,#5878,#5879);
#5194=AXIS2_PLACEMENT_3D('',#7403,#5883,#5884);
#5195=AXIS2_PLACEMENT_3D('',#7412,#5889,#5890);
#5196=AXIS2_PLACEMENT_3D('',#7413,#5891,#5892);
#5197=AXIS2_PLACEMENT_3D('',#7417,#5894,#5895);
#5198=AXIS2_PLACEMENT_3D('',#7418,#5896,#5897);
#5199=AXIS2_PLACEMENT_3D('',#7424,#5901,#5902);
#5200=AXIS2_PLACEMENT_3D('',#7425,#5903,#5904);
#5201=AXIS2_PLACEMENT_3D('',#7429,#5906,#5907);
#5202=AXIS2_PLACEMENT_3D('',#7430,#5908,#5909);
#5203=AXIS2_PLACEMENT_3D('',#7436,#5913,#5914);
#5204=AXIS2_PLACEMENT_3D('',#7437,#5915,#5916);
#5205=AXIS2_PLACEMENT_3D('',#7441,#5918,#5919);
#5206=AXIS2_PLACEMENT_3D('',#7442,#5920,#5921);
#5207=AXIS2_PLACEMENT_3D('',#7448,#5925,#5926);
#5208=AXIS2_PLACEMENT_3D('',#7457,#5931,#5932);
#5209=AXIS2_PLACEMENT_3D('',#7458,#5933,#5934);
#5210=AXIS2_PLACEMENT_3D('',#7462,#5936,#5937);
#5211=AXIS2_PLACEMENT_3D('',#7463,#5938,#5939);
#5212=AXIS2_PLACEMENT_3D('',#7469,#5943,#5944);
#5213=AXIS2_PLACEMENT_3D('',#7470,#5945,#5946);
#5214=AXIS2_PLACEMENT_3D('',#7474,#5948,#5949);
#5215=AXIS2_PLACEMENT_3D('',#7475,#5950,#5951);
#5216=AXIS2_PLACEMENT_3D('',#7481,#5955,#5956);
#5217=AXIS2_PLACEMENT_3D('',#7482,#5957,#5958);
#5218=AXIS2_PLACEMENT_3D('',#7486,#5960,#5961);
#5219=AXIS2_PLACEMENT_3D('',#7487,#5962,#5963);
#5220=AXIS2_PLACEMENT_3D('',#7493,#5967,#5968);
#5221=AXIS2_PLACEMENT_3D('',#7502,#5973,#5974);
#5222=AXIS2_PLACEMENT_3D('',#7503,#5975,#5976);
#5223=AXIS2_PLACEMENT_3D('',#7507,#5978,#5979);
#5224=AXIS2_PLACEMENT_3D('',#7508,#5980,#5981);
#5225=AXIS2_PLACEMENT_3D('',#7514,#5985,#5986);
#5226=AXIS2_PLACEMENT_3D('',#7515,#5987,#5988);
#5227=AXIS2_PLACEMENT_3D('',#7519,#5990,#5991);
#5228=AXIS2_PLACEMENT_3D('',#7520,#5992,#5993);
#5229=AXIS2_PLACEMENT_3D('',#7526,#5997,#5998);
#5230=AXIS2_PLACEMENT_3D('',#7527,#5999,#6000);
#5231=AXIS2_PLACEMENT_3D('',#7531,#6002,#6003);
#5232=AXIS2_PLACEMENT_3D('',#7532,#6004,#6005);
#5233=AXIS2_PLACEMENT_3D('',#7538,#6009,#6010);
#5234=AXIS2_PLACEMENT_3D('',#7547,#6015,#6016);
#5235=AXIS2_PLACEMENT_3D('',#7548,#6017,#6018);
#5236=AXIS2_PLACEMENT_3D('',#7552,#6020,#6021);
#5237=AXIS2_PLACEMENT_3D('',#7553,#6022,#6023);
#5238=AXIS2_PLACEMENT_3D('',#7559,#6027,#6028);
#5239=AXIS2_PLACEMENT_3D('',#7560,#6029,#6030);
#5240=AXIS2_PLACEMENT_3D('',#7564,#6032,#6033);
#5241=AXIS2_PLACEMENT_3D('',#7565,#6034,#6035);
#5242=AXIS2_PLACEMENT_3D('',#7571,#6039,#6040);
#5243=AXIS2_PLACEMENT_3D('',#7572,#6041,#6042);
#5244=AXIS2_PLACEMENT_3D('',#7576,#6044,#6045);
#5245=AXIS2_PLACEMENT_3D('',#7577,#6046,#6047);
#5246=AXIS2_PLACEMENT_3D('',#7583,#6051,#6052);
#5247=AXIS2_PLACEMENT_3D('',#7592,#6057,#6058);
#5248=AXIS2_PLACEMENT_3D('',#7593,#6059,#6060);
#5249=AXIS2_PLACEMENT_3D('',#7597,#6062,#6063);
#5250=AXIS2_PLACEMENT_3D('',#7598,#6064,#6065);
#5251=AXIS2_PLACEMENT_3D('',#7604,#6069,#6070);
#5252=AXIS2_PLACEMENT_3D('',#7605,#6071,#6072);
#5253=AXIS2_PLACEMENT_3D('',#7609,#6074,#6075);
#5254=AXIS2_PLACEMENT_3D('',#7610,#6076,#6077);
#5255=AXIS2_PLACEMENT_3D('',#7616,#6081,#6082);
#5256=AXIS2_PLACEMENT_3D('',#7617,#6083,#6084);
#5257=AXIS2_PLACEMENT_3D('',#7621,#6086,#6087);
#5258=AXIS2_PLACEMENT_3D('',#7622,#6088,#6089);
#5259=AXIS2_PLACEMENT_3D('',#7628,#6093,#6094);
#5260=AXIS2_PLACEMENT_3D('',#7637,#6099,#6100);
#5261=AXIS2_PLACEMENT_3D('',#7638,#6101,#6102);
#5262=AXIS2_PLACEMENT_3D('',#7642,#6104,#6105);
#5263=AXIS2_PLACEMENT_3D('',#7643,#6106,#6107);
#5264=AXIS2_PLACEMENT_3D('',#7649,#6111,#6112);
#5265=AXIS2_PLACEMENT_3D('',#7650,#6113,#6114);
#5266=AXIS2_PLACEMENT_3D('',#7654,#6116,#6117);
#5267=AXIS2_PLACEMENT_3D('',#7655,#6118,#6119);
#5268=AXIS2_PLACEMENT_3D('',#7661,#6123,#6124);
#5269=AXIS2_PLACEMENT_3D('',#7662,#6125,#6126);
#5270=AXIS2_PLACEMENT_3D('',#7666,#6128,#6129);
#5271=AXIS2_PLACEMENT_3D('',#7667,#6130,#6131);
#5272=AXIS2_PLACEMENT_3D('',#7673,#6135,#6136);
#5273=AXIS2_PLACEMENT_3D('',#7682,#6141,#6142);
#5274=AXIS2_PLACEMENT_3D('',#7683,#6143,#6144);
#5275=AXIS2_PLACEMENT_3D('',#7687,#6146,#6147);
#5276=AXIS2_PLACEMENT_3D('',#7688,#6148,#6149);
#5277=AXIS2_PLACEMENT_3D('',#7694,#6153,#6154);
#5278=AXIS2_PLACEMENT_3D('',#7695,#6155,#6156);
#5279=AXIS2_PLACEMENT_3D('',#7699,#6158,#6159);
#5280=AXIS2_PLACEMENT_3D('',#7700,#6160,#6161);
#5281=AXIS2_PLACEMENT_3D('',#7706,#6165,#6166);
#5282=AXIS2_PLACEMENT_3D('',#7707,#6167,#6168);
#5283=AXIS2_PLACEMENT_3D('',#7711,#6170,#6171);
#5284=AXIS2_PLACEMENT_3D('',#7712,#6172,#6173);
#5285=AXIS2_PLACEMENT_3D('',#7718,#6177,#6178);
#5286=AXIS2_PLACEMENT_3D('',#7727,#6183,#6184);
#5287=AXIS2_PLACEMENT_3D('',#7728,#6185,#6186);
#5288=AXIS2_PLACEMENT_3D('',#7732,#6188,#6189);
#5289=AXIS2_PLACEMENT_3D('',#7733,#6190,#6191);
#5290=AXIS2_PLACEMENT_3D('',#7739,#6195,#6196);
#5291=AXIS2_PLACEMENT_3D('',#7740,#6197,#6198);
#5292=AXIS2_PLACEMENT_3D('',#7744,#6200,#6201);
#5293=AXIS2_PLACEMENT_3D('',#7745,#6202,#6203);
#5294=AXIS2_PLACEMENT_3D('',#7751,#6207,#6208);
#5295=AXIS2_PLACEMENT_3D('',#7752,#6209,#6210);
#5296=AXIS2_PLACEMENT_3D('',#7756,#6212,#6213);
#5297=AXIS2_PLACEMENT_3D('',#7757,#6214,#6215);
#5298=AXIS2_PLACEMENT_3D('',#7763,#6219,#6220);
#5299=AXIS2_PLACEMENT_3D('',#7772,#6225,#6226);
#5300=AXIS2_PLACEMENT_3D('',#7773,#6227,#6228);
#5301=AXIS2_PLACEMENT_3D('',#7777,#6230,#6231);
#5302=AXIS2_PLACEMENT_3D('',#7778,#6232,#6233);
#5303=AXIS2_PLACEMENT_3D('',#7784,#6237,#6238);
#5304=AXIS2_PLACEMENT_3D('',#7785,#6239,#6240);
#5305=AXIS2_PLACEMENT_3D('',#7789,#6242,#6243);
#5306=AXIS2_PLACEMENT_3D('',#7790,#6244,#6245);
#5307=AXIS2_PLACEMENT_3D('',#7796,#6249,#6250);
#5308=AXIS2_PLACEMENT_3D('',#7797,#6251,#6252);
#5309=AXIS2_PLACEMENT_3D('',#7801,#6254,#6255);
#5310=AXIS2_PLACEMENT_3D('',#7802,#6256,#6257);
#5311=AXIS2_PLACEMENT_3D('',#7808,#6261,#6262);
#5312=AXIS2_PLACEMENT_3D('',#7817,#6267,#6268);
#5313=AXIS2_PLACEMENT_3D('',#7818,#6269,#6270);
#5314=AXIS2_PLACEMENT_3D('',#7822,#6272,#6273);
#5315=AXIS2_PLACEMENT_3D('',#7823,#6274,#6275);
#5316=AXIS2_PLACEMENT_3D('',#7829,#6279,#6280);
#5317=AXIS2_PLACEMENT_3D('',#7830,#6281,#6282);
#5318=AXIS2_PLACEMENT_3D('',#7834,#6284,#6285);
#5319=AXIS2_PLACEMENT_3D('',#7835,#6286,#6287);
#5320=AXIS2_PLACEMENT_3D('',#7841,#6291,#6292);
#5321=AXIS2_PLACEMENT_3D('',#7842,#6293,#6294);
#5322=AXIS2_PLACEMENT_3D('',#7846,#6296,#6297);
#5323=AXIS2_PLACEMENT_3D('',#7847,#6298,#6299);
#5324=AXIS2_PLACEMENT_3D('',#7853,#6303,#6304);
#5325=AXIS2_PLACEMENT_3D('',#7862,#6309,#6310);
#5326=AXIS2_PLACEMENT_3D('',#7863,#6311,#6312);
#5327=AXIS2_PLACEMENT_3D('',#7867,#6314,#6315);
#5328=AXIS2_PLACEMENT_3D('',#7868,#6316,#6317);
#5329=AXIS2_PLACEMENT_3D('',#7874,#6321,#6322);
#5330=AXIS2_PLACEMENT_3D('',#7875,#6323,#6324);
#5331=AXIS2_PLACEMENT_3D('',#7879,#6326,#6327);
#5332=AXIS2_PLACEMENT_3D('',#7880,#6328,#6329);
#5333=AXIS2_PLACEMENT_3D('',#7886,#6333,#6334);
#5334=AXIS2_PLACEMENT_3D('',#7887,#6335,#6336);
#5335=AXIS2_PLACEMENT_3D('',#7891,#6338,#6339);
#5336=AXIS2_PLACEMENT_3D('',#7892,#6340,#6341);
#5337=AXIS2_PLACEMENT_3D('',#7898,#6345,#6346);
#5338=AXIS2_PLACEMENT_3D('',#7907,#6351,#6352);
#5339=AXIS2_PLACEMENT_3D('',#7908,#6353,#6354);
#5340=AXIS2_PLACEMENT_3D('',#7912,#6356,#6357);
#5341=AXIS2_PLACEMENT_3D('',#7913,#6358,#6359);
#5342=AXIS2_PLACEMENT_3D('',#7919,#6363,#6364);
#5343=AXIS2_PLACEMENT_3D('',#7920,#6365,#6366);
#5344=AXIS2_PLACEMENT_3D('',#7924,#6368,#6369);
#5345=AXIS2_PLACEMENT_3D('',#7925,#6370,#6371);
#5346=AXIS2_PLACEMENT_3D('',#7931,#6375,#6376);
#5347=AXIS2_PLACEMENT_3D('',#7932,#6377,#6378);
#5348=AXIS2_PLACEMENT_3D('',#7936,#6380,#6381);
#5349=AXIS2_PLACEMENT_3D('',#7937,#6382,#6383);
#5350=AXIS2_PLACEMENT_3D('',#7943,#6387,#6388);
#5351=AXIS2_PLACEMENT_3D('',#7952,#6393,#6394);
#5352=AXIS2_PLACEMENT_3D('',#7953,#6395,#6396);
#5353=AXIS2_PLACEMENT_3D('',#7957,#6398,#6399);
#5354=AXIS2_PLACEMENT_3D('',#7958,#6400,#6401);
#5355=AXIS2_PLACEMENT_3D('',#7964,#6405,#6406);
#5356=AXIS2_PLACEMENT_3D('',#7965,#6407,#6408);
#5357=AXIS2_PLACEMENT_3D('',#7969,#6410,#6411);
#5358=AXIS2_PLACEMENT_3D('',#7970,#6412,#6413);
#5359=AXIS2_PLACEMENT_3D('',#7976,#6417,#6418);
#5360=AXIS2_PLACEMENT_3D('',#7977,#6419,#6420);
#5361=AXIS2_PLACEMENT_3D('',#7981,#6422,#6423);
#5362=AXIS2_PLACEMENT_3D('',#7982,#6424,#6425);
#5363=AXIS2_PLACEMENT_3D('',#7988,#6429,#6430);
#5364=AXIS2_PLACEMENT_3D('',#7997,#6435,#6436);
#5365=AXIS2_PLACEMENT_3D('',#7998,#6437,#6438);
#5366=AXIS2_PLACEMENT_3D('',#8002,#6440,#6441);
#5367=AXIS2_PLACEMENT_3D('',#8003,#6442,#6443);
#5368=AXIS2_PLACEMENT_3D('',#8009,#6447,#6448);
#5369=AXIS2_PLACEMENT_3D('',#8010,#6449,#6450);
#5370=AXIS2_PLACEMENT_3D('',#8014,#6452,#6453);
#5371=AXIS2_PLACEMENT_3D('',#8015,#6454,#6455);
#5372=AXIS2_PLACEMENT_3D('',#8021,#6459,#6460);
#5373=AXIS2_PLACEMENT_3D('',#8022,#6461,#6462);
#5374=AXIS2_PLACEMENT_3D('',#8026,#6464,#6465);
#5375=AXIS2_PLACEMENT_3D('',#8027,#6466,#6467);
#5376=AXIS2_PLACEMENT_3D('',#8033,#6471,#6472);
#5377=AXIS2_PLACEMENT_3D('',#8042,#6477,#6478);
#5378=AXIS2_PLACEMENT_3D('',#8043,#6479,#6480);
#5379=AXIS2_PLACEMENT_3D('',#8047,#6482,#6483);
#5380=AXIS2_PLACEMENT_3D('',#8048,#6484,#6485);
#5381=AXIS2_PLACEMENT_3D('',#8054,#6489,#6490);
#5382=AXIS2_PLACEMENT_3D('',#8055,#6491,#6492);
#5383=AXIS2_PLACEMENT_3D('',#8059,#6494,#6495);
#5384=AXIS2_PLACEMENT_3D('',#8060,#6496,#6497);
#5385=AXIS2_PLACEMENT_3D('',#8066,#6501,#6502);
#5386=AXIS2_PLACEMENT_3D('',#8067,#6503,#6504);
#5387=AXIS2_PLACEMENT_3D('',#8071,#6506,#6507);
#5388=AXIS2_PLACEMENT_3D('',#8072,#6508,#6509);
#5389=AXIS2_PLACEMENT_3D('',#8078,#6513,#6514);
#5390=AXIS2_PLACEMENT_3D('',#8087,#6519,#6520);
#5391=AXIS2_PLACEMENT_3D('',#8088,#6521,#6522);
#5392=AXIS2_PLACEMENT_3D('',#8092,#6524,#6525);
#5393=AXIS2_PLACEMENT_3D('',#8093,#6526,#6527);
#5394=AXIS2_PLACEMENT_3D('',#8099,#6531,#6532);
#5395=AXIS2_PLACEMENT_3D('',#8100,#6533,#6534);
#5396=AXIS2_PLACEMENT_3D('',#8104,#6536,#6537);
#5397=AXIS2_PLACEMENT_3D('',#8105,#6538,#6539);
#5398=AXIS2_PLACEMENT_3D('',#8111,#6543,#6544);
#5399=AXIS2_PLACEMENT_3D('',#8112,#6545,#6546);
#5400=AXIS2_PLACEMENT_3D('',#8116,#6548,#6549);
#5401=AXIS2_PLACEMENT_3D('',#8117,#6550,#6551);
#5402=AXIS2_PLACEMENT_3D('',#8123,#6555,#6556);
#5403=AXIS2_PLACEMENT_3D('',#8132,#6561,#6562);
#5404=AXIS2_PLACEMENT_3D('',#8133,#6563,#6564);
#5405=AXIS2_PLACEMENT_3D('',#8137,#6566,#6567);
#5406=AXIS2_PLACEMENT_3D('',#8138,#6568,#6569);
#5407=AXIS2_PLACEMENT_3D('',#8144,#6573,#6574);
#5408=AXIS2_PLACEMENT_3D('',#8145,#6575,#6576);
#5409=AXIS2_PLACEMENT_3D('',#8149,#6578,#6579);
#5410=AXIS2_PLACEMENT_3D('',#8150,#6580,#6581);
#5411=AXIS2_PLACEMENT_3D('',#8156,#6585,#6586);
#5412=AXIS2_PLACEMENT_3D('',#8157,#6587,#6588);
#5413=AXIS2_PLACEMENT_3D('',#8161,#6590,#6591);
#5414=AXIS2_PLACEMENT_3D('',#8162,#6592,#6593);
#5415=AXIS2_PLACEMENT_3D('',#8168,#6597,#6598);
#5416=AXIS2_PLACEMENT_3D('',#8177,#6603,#6604);
#5417=AXIS2_PLACEMENT_3D('',#8178,#6605,#6606);
#5418=AXIS2_PLACEMENT_3D('',#8182,#6608,#6609);
#5419=AXIS2_PLACEMENT_3D('',#8183,#6610,#6611);
#5420=AXIS2_PLACEMENT_3D('',#8189,#6615,#6616);
#5421=AXIS2_PLACEMENT_3D('',#8190,#6617,#6618);
#5422=AXIS2_PLACEMENT_3D('',#8194,#6620,#6621);
#5423=AXIS2_PLACEMENT_3D('',#8195,#6622,#6623);
#5424=AXIS2_PLACEMENT_3D('',#8201,#6627,#6628);
#5425=AXIS2_PLACEMENT_3D('',#8202,#6629,#6630);
#5426=AXIS2_PLACEMENT_3D('',#8206,#6632,#6633);
#5427=AXIS2_PLACEMENT_3D('',#8207,#6634,#6635);
#5428=AXIS2_PLACEMENT_3D('',#8213,#6639,#6640);
#5429=AXIS2_PLACEMENT_3D('',#8222,#6645,#6646);
#5430=AXIS2_PLACEMENT_3D('',#8223,#6647,#6648);
#5431=AXIS2_PLACEMENT_3D('',#8227,#6650,#6651);
#5432=AXIS2_PLACEMENT_3D('',#8228,#6652,#6653);
#5433=AXIS2_PLACEMENT_3D('',#8234,#6657,#6658);
#5434=AXIS2_PLACEMENT_3D('',#8235,#6659,#6660);
#5435=AXIS2_PLACEMENT_3D('',#8239,#6662,#6663);
#5436=AXIS2_PLACEMENT_3D('',#8240,#6664,#6665);
#5437=AXIS2_PLACEMENT_3D('',#8246,#6669,#6670);
#5438=AXIS2_PLACEMENT_3D('',#8247,#6671,#6672);
#5439=AXIS2_PLACEMENT_3D('',#8251,#6674,#6675);
#5440=AXIS2_PLACEMENT_3D('',#8252,#6676,#6677);
#5441=AXIS2_PLACEMENT_3D('',#8258,#6681,#6682);
#5442=AXIS2_PLACEMENT_3D('',#8267,#6687,#6688);
#5443=AXIS2_PLACEMENT_3D('',#8268,#6689,#6690);
#5444=AXIS2_PLACEMENT_3D('',#8272,#6692,#6693);
#5445=AXIS2_PLACEMENT_3D('',#8273,#6694,#6695);
#5446=AXIS2_PLACEMENT_3D('',#8279,#6699,#6700);
#5447=AXIS2_PLACEMENT_3D('',#8280,#6701,#6702);
#5448=AXIS2_PLACEMENT_3D('',#8284,#6704,#6705);
#5449=AXIS2_PLACEMENT_3D('',#8285,#6706,#6707);
#5450=AXIS2_PLACEMENT_3D('',#8291,#6711,#6712);
#5451=AXIS2_PLACEMENT_3D('',#8292,#6713,#6714);
#5452=AXIS2_PLACEMENT_3D('',#8296,#6716,#6717);
#5453=AXIS2_PLACEMENT_3D('',#8297,#6718,#6719);
#5454=AXIS2_PLACEMENT_3D('',#8303,#6723,#6724);
#5455=AXIS2_PLACEMENT_3D('',#8312,#6729,#6730);
#5456=AXIS2_PLACEMENT_3D('',#8313,#6731,#6732);
#5457=AXIS2_PLACEMENT_3D('',#8317,#6734,#6735);
#5458=AXIS2_PLACEMENT_3D('',#8318,#6736,#6737);
#5459=AXIS2_PLACEMENT_3D('',#8324,#6741,#6742);
#5460=AXIS2_PLACEMENT_3D('',#8325,#6743,#6744);
#5461=AXIS2_PLACEMENT_3D('',#8329,#6746,#6747);
#5462=AXIS2_PLACEMENT_3D('',#8330,#6748,#6749);
#5463=AXIS2_PLACEMENT_3D('',#8336,#6753,#6754);
#5464=AXIS2_PLACEMENT_3D('',#8337,#6755,#6756);
#5465=AXIS2_PLACEMENT_3D('',#8341,#6758,#6759);
#5466=AXIS2_PLACEMENT_3D('',#8342,#6760,#6761);
#5467=AXIS2_PLACEMENT_3D('',#8348,#6765,#6766);
#5468=AXIS2_PLACEMENT_3D('',#8357,#6771,#6772);
#5469=AXIS2_PLACEMENT_3D('',#8358,#6773,#6774);
#5470=AXIS2_PLACEMENT_3D('',#8362,#6776,#6777);
#5471=AXIS2_PLACEMENT_3D('',#8363,#6778,#6779);
#5472=AXIS2_PLACEMENT_3D('',#8369,#6783,#6784);
#5473=AXIS2_PLACEMENT_3D('',#8370,#6785,#6786);
#5474=AXIS2_PLACEMENT_3D('',#8374,#6788,#6789);
#5475=AXIS2_PLACEMENT_3D('',#8375,#6790,#6791);
#5476=AXIS2_PLACEMENT_3D('',#8381,#6795,#6796);
#5477=AXIS2_PLACEMENT_3D('',#8382,#6797,#6798);
#5478=AXIS2_PLACEMENT_3D('',#8386,#6800,#6801);
#5479=AXIS2_PLACEMENT_3D('',#8387,#6802,#6803);
#5480=AXIS2_PLACEMENT_3D('',#8393,#6807,#6808);
#5481=AXIS2_PLACEMENT_3D('',#8402,#6813,#6814);
#5482=AXIS2_PLACEMENT_3D('',#8403,#6815,#6816);
#5483=AXIS2_PLACEMENT_3D('',#8407,#6818,#6819);
#5484=AXIS2_PLACEMENT_3D('',#8408,#6820,#6821);
#5485=AXIS2_PLACEMENT_3D('',#8414,#6825,#6826);
#5486=AXIS2_PLACEMENT_3D('',#8415,#6827,#6828);
#5487=AXIS2_PLACEMENT_3D('',#8419,#6830,#6831);
#5488=AXIS2_PLACEMENT_3D('',#8420,#6832,#6833);
#5489=AXIS2_PLACEMENT_3D('',#8426,#6837,#6838);
#5490=AXIS2_PLACEMENT_3D('',#8427,#6839,#6840);
#5491=AXIS2_PLACEMENT_3D('',#8431,#6842,#6843);
#5492=AXIS2_PLACEMENT_3D('',#8432,#6844,#6845);
#5493=AXIS2_PLACEMENT_3D('',#8438,#6849,#6850);
#5494=AXIS2_PLACEMENT_3D('',#8447,#6855,#6856);
#5495=AXIS2_PLACEMENT_3D('',#8448,#6857,#6858);
#5496=AXIS2_PLACEMENT_3D('',#8452,#6860,#6861);
#5497=AXIS2_PLACEMENT_3D('',#8453,#6862,#6863);
#5498=AXIS2_PLACEMENT_3D('',#8459,#6867,#6868);
#5499=AXIS2_PLACEMENT_3D('',#8460,#6869,#6870);
#5500=AXIS2_PLACEMENT_3D('',#8464,#6872,#6873);
#5501=AXIS2_PLACEMENT_3D('',#8465,#6874,#6875);
#5502=AXIS2_PLACEMENT_3D('',#8471,#6879,#6880);
#5503=AXIS2_PLACEMENT_3D('',#8472,#6881,#6882);
#5504=AXIS2_PLACEMENT_3D('',#8476,#6884,#6885);
#5505=AXIS2_PLACEMENT_3D('',#8477,#6886,#6887);
#5506=AXIS2_PLACEMENT_3D('',#8483,#6891,#6892);
#5507=AXIS2_PLACEMENT_3D('',#8484,#6893,#6894);
#5508=AXIS2_PLACEMENT_3D('',#8485,#6895,#6896);
#5509=AXIS2_PLACEMENT_3D('',#8486,#6897,#6898);
#5510=AXIS2_PLACEMENT_3D('',#8487,#6899,#6900);
#5511=AXIS2_PLACEMENT_3D('',#8488,#6901,#6902);
#5512=AXIS2_PLACEMENT_3D('',#8489,#6903,#6904);
#5513=AXIS2_PLACEMENT_3D('',#8490,#6905,#6906);
#5514=AXIS2_PLACEMENT_3D('',#8491,#6907,#6908);
#5515=AXIS2_PLACEMENT_3D('',#8492,#6909,#6910);
#5516=AXIS2_PLACEMENT_3D('',#8493,#6911,#6912);
#5517=AXIS2_PLACEMENT_3D('',#8494,#6913,#6914);
#5518=AXIS2_PLACEMENT_3D('',#8495,#6915,#6916);
#5519=AXIS2_PLACEMENT_3D('',#8496,#6917,#6918);
#5520=AXIS2_PLACEMENT_3D('',#8497,#6919,#6920);
#5521=AXIS2_PLACEMENT_3D('',#8498,#6921,#6922);
#5522=AXIS2_PLACEMENT_3D('',#8499,#6923,#6924);
#5523=AXIS2_PLACEMENT_3D('',#8500,#6925,#6926);
#5524=AXIS2_PLACEMENT_3D('',#8501,#6927,#6928);
#5525=AXIS2_PLACEMENT_3D('',#8502,#6929,#6930);
#5526=AXIS2_PLACEMENT_3D('',#8503,#6931,#6932);
#5527=AXIS2_PLACEMENT_3D('',#8504,#6933,#6934);
#5528=AXIS2_PLACEMENT_3D('',#8505,#6935,#6936);
#5529=AXIS2_PLACEMENT_3D('',#8506,#6937,#6938);
#5530=AXIS2_PLACEMENT_3D('',#8507,#6939,#6940);
#5531=AXIS2_PLACEMENT_3D('',#8508,#6941,#6942);
#5532=AXIS2_PLACEMENT_3D('',#8509,#6943,#6944);
#5533=AXIS2_PLACEMENT_3D('',#8510,#6945,#6946);
#5534=AXIS2_PLACEMENT_3D('',#8511,#6947,#6948);
#5535=AXIS2_PLACEMENT_3D('',#8512,#6949,#6950);
#5536=AXIS2_PLACEMENT_3D('',#8513,#6951,#6952);
#5537=AXIS2_PLACEMENT_3D('',#8514,#6953,#6954);
#5538=AXIS2_PLACEMENT_3D('',#8515,#6955,#6956);
#5539=AXIS2_PLACEMENT_3D('',#8516,#6957,#6958);
#5540=AXIS2_PLACEMENT_3D('',#8517,#6959,#6960);
#5541=AXIS2_PLACEMENT_3D('',#8518,#6961,#6962);
#5542=AXIS2_PLACEMENT_3D('',#8519,#6963,#6964);
#5543=AXIS2_PLACEMENT_3D('',#8520,#6965,#6966);
#5544=AXIS2_PLACEMENT_3D('',#8521,#6967,#6968);
#5545=AXIS2_PLACEMENT_3D('',#8522,#6969,#6970);
#5546=AXIS2_PLACEMENT_3D('',#8523,#6971,#6972);
#5547=AXIS2_PLACEMENT_3D('',#8524,#6973,#6974);
#5548=AXIS2_PLACEMENT_3D('',#8525,#6975,#6976);
#5549=AXIS2_PLACEMENT_3D('',#8526,#6977,#6978);
#5550=AXIS2_PLACEMENT_3D('',#8527,#6979,#6980);
#5551=AXIS2_PLACEMENT_3D('',#8528,#6981,#6982);
#5552=AXIS2_PLACEMENT_3D('',#8529,#6983,#6984);
#5553=AXIS2_PLACEMENT_3D('',#8530,#6985,#6986);
#5554=AXIS2_PLACEMENT_3D('',#8531,#6987,#6988);
#5555=AXIS2_PLACEMENT_3D('',#8532,#6989,#6990);
#5556=AXIS2_PLACEMENT_3D('',#8533,#6991,#6992);
#5557=AXIS2_PLACEMENT_3D('',#8534,#6993,#6994);
#5558=AXIS2_PLACEMENT_3D('',#8535,#6995,#6996);
#5559=AXIS2_PLACEMENT_3D('',#8536,#6997,#6998);
#5560=AXIS2_PLACEMENT_3D('',#8537,#6999,#7000);
#5561=AXIS2_PLACEMENT_3D('',#8538,#7001,#7002);
#5562=AXIS2_PLACEMENT_3D('',#8539,#7003,#7004);
#5563=AXIS2_PLACEMENT_3D('',#8540,#7005,#7006);
#5564=AXIS2_PLACEMENT_3D('',#8541,#7007,#7008);
#5565=AXIS2_PLACEMENT_3D('',#8542,#7009,#7010);
#5566=AXIS2_PLACEMENT_3D('',#8543,#7011,#7012);
#5567=AXIS2_PLACEMENT_3D('',#8544,#7013,#7014);
#5568=AXIS2_PLACEMENT_3D('',#8545,#7015,#7016);
#5569=AXIS2_PLACEMENT_3D('',#8546,#7017,#7018);
#5570=AXIS2_PLACEMENT_3D('',#8547,#7019,#7020);
#5571=AXIS2_PLACEMENT_3D('',#8548,#7021,#7022);
#5572=AXIS2_PLACEMENT_3D('',#8549,#7023,#7024);
#5573=AXIS2_PLACEMENT_3D('',#8550,#7025,#7026);
#5574=AXIS2_PLACEMENT_3D('',#8551,#7027,#7028);
#5575=AXIS2_PLACEMENT_3D('',#8552,#7029,#7030);
#5576=AXIS2_PLACEMENT_3D('',#8553,#7031,#7032);
#5577=AXIS2_PLACEMENT_3D('',#8554,#7033,#7034);
#5578=AXIS2_PLACEMENT_3D('',#8555,#7035,#7036);
#5579=AXIS2_PLACEMENT_3D('',#8556,#7037,#7038);
#5580=AXIS2_PLACEMENT_3D('',#8557,#7039,#7040);
#5581=AXIS2_PLACEMENT_3D('',#8558,#7041,#7042);
#5582=AXIS2_PLACEMENT_3D('',#8559,#7043,#7044);
#5583=AXIS2_PLACEMENT_3D('',#8560,#7045,#7046);
#5584=AXIS2_PLACEMENT_3D('',#8561,#7047,#7048);
#5585=AXIS2_PLACEMENT_3D('',#8562,#7049,#7050);
#5586=AXIS2_PLACEMENT_3D('',#8563,#7051,#7052);
#5587=AXIS2_PLACEMENT_3D('',#8564,#7053,#7054);
#5588=AXIS2_PLACEMENT_3D('',#8565,#7055,#7056);
#5589=AXIS2_PLACEMENT_3D('',#8566,#7057,#7058);
#5590=AXIS2_PLACEMENT_3D('',#8567,#7059,#7060);
#5591=AXIS2_PLACEMENT_3D('',#8568,#7061,#7062);
#5592=AXIS2_PLACEMENT_3D('',#8569,#7063,#7064);
#5593=AXIS2_PLACEMENT_3D('',#8570,#7065,#7066);
#5594=AXIS2_PLACEMENT_3D('',#8571,#7067,#7068);
#5595=AXIS2_PLACEMENT_3D('',#8572,#7069,#7070);
#5596=AXIS2_PLACEMENT_3D('',#8573,#7071,#7072);
#5597=AXIS2_PLACEMENT_3D('',#8582,#7077,#7078);
#5598=AXIS2_PLACEMENT_3D('',#8583,#7079,#7080);
#5599=AXIS2_PLACEMENT_3D('',#8584,#7081,#7082);
#5600=AXIS2_PLACEMENT_3D('',#8585,#7083,#7084);
#5601=AXIS2_PLACEMENT_3D('',#8586,#7085,#7086);
#5602=AXIS2_PLACEMENT_3D('',#8587,#7087,#7088);
#5603=AXIS2_PLACEMENT_3D('',#8588,#7089,#7090);
#5604=AXIS2_PLACEMENT_3D('',#8589,#7091,#7092);
#5605=AXIS2_PLACEMENT_3D('',#8590,#7093,#7094);
#5606=AXIS2_PLACEMENT_3D('',#8591,#7095,#7096);
#5607=AXIS2_PLACEMENT_3D('',#8592,#7097,#7098);
#5608=AXIS2_PLACEMENT_3D('',#8593,#7099,#7100);
#5609=AXIS2_PLACEMENT_3D('',#8594,#7101,#7102);
#5610=AXIS2_PLACEMENT_3D('',#8595,#7103,#7104);
#5611=DIRECTION('',(0.,0.,1.));
#5612=DIRECTION('',(1.,0.,0.));
#5613=DIRECTION('',(-1.18613571006961E-16,1.,0.));
#5614=DIRECTION('',(-1.,-1.18613571006961E-16,0.));
#5615=DIRECTION('',(-1.,-1.18613571006961E-16,0.));
#5616=DIRECTION('',(0.,0.,1.));
#5617=DIRECTION('',(-1.,-1.18613571006961E-16,0.));
#5618=DIRECTION('',(0.,0.,1.));
#5619=DIRECTION('',(1.,0.,0.));
#5620=DIRECTION('',(0.,0.,-1.));
#5621=DIRECTION('',(0.,1.,0.));
#5622=DIRECTION('',(0.,0.,1.));
#5623=DIRECTION('',(0.,1.,0.));
#5624=DIRECTION('',(0.,0.,1.));
#5625=DIRECTION('',(-1.38382499508121E-16,1.,0.));
#5626=DIRECTION('',(-1.,-1.38382499508121E-16,0.));
#5627=DIRECTION('',(-1.,-1.38382499508121E-16,0.));
#5628=DIRECTION('',(0.,0.,1.));
#5629=DIRECTION('',(-1.,-1.38382499508121E-16,0.));
#5630=DIRECTION('',(0.,0.,1.));
#5631=DIRECTION('',(1.,0.,0.));
#5632=DIRECTION('',(0.,0.,-1.));
#5633=DIRECTION('',(0.,1.,0.));
#5634=DIRECTION('',(0.,0.,1.));
#5635=DIRECTION('',(0.,1.,0.));
#5636=DIRECTION('',(0.,0.,1.));
#5637=DIRECTION('',(0.,0.,1.));
#5638=DIRECTION('',(1.,0.,0.));
#5639=DIRECTION('',(0.,0.,1.));
#5640=DIRECTION('',(1.,0.,0.));
#5641=DIRECTION('',(0.,0.,1.));
#5642=DIRECTION('',(0.,0.,1.));
#5643=DIRECTION('',(1.,0.,0.));
#5644=DIRECTION('',(0.,1.,0.));
#5645=DIRECTION('',(0.,0.,1.));
#5646=DIRECTION('',(-1.,0.,0.));
#5647=DIRECTION('',(0.,0.,1.));
#5648=DIRECTION('',(-1.,0.,0.));
#5649=DIRECTION('',(0.,0.,1.));
#5650=DIRECTION('',(1.,0.,0.));
#5651=DIRECTION('',(0.,0.,1.));
#5652=DIRECTION('',(1.,0.,0.));
#5653=DIRECTION('',(0.,0.,1.));
#5654=DIRECTION('',(0.,0.,1.));
#5655=DIRECTION('',(1.,0.,0.));
#5656=DIRECTION('',(-1.,0.,0.));
#5657=DIRECTION('',(0.,0.,1.));
#5658=DIRECTION('',(0.,-1.,0.));
#5659=DIRECTION('',(0.,0.,1.));
#5660=DIRECTION('',(0.,-1.,0.));
#5661=DIRECTION('',(0.,0.,1.));
#5662=DIRECTION('',(1.,0.,0.));
#5663=DIRECTION('',(0.,0.,1.));
#5664=DIRECTION('',(1.,0.,0.));
#5665=DIRECTION('',(0.,0.,1.));
#5666=DIRECTION('',(0.,0.,1.));
#5667=DIRECTION('',(1.,0.,0.));
#5668=DIRECTION('',(0.,-1.,0.));
#5669=DIRECTION('',(0.,0.,-1.));
#5670=DIRECTION('',(1.,0.,0.));
#5671=DIRECTION('',(0.,0.,1.));
#5672=DIRECTION('',(1.,0.,0.));
#5673=DIRECTION('',(-1.,0.,0.));
#5674=DIRECTION('',(0.,0.,1.));
#5675=DIRECTION('',(0.,-1.,0.));
#5676=DIRECTION('',(0.,0.,1.));
#5677=DIRECTION('',(0.,-1.,0.));
#5678=DIRECTION('',(0.,0.,1.));
#5679=DIRECTION('',(0.,0.,1.));
#5680=DIRECTION('',(1.,0.,0.));
#5681=DIRECTION('',(0.,0.,1.));
#5682=DIRECTION('',(1.,0.,0.));
#5683=DIRECTION('',(0.,0.,1.));
#5684=DIRECTION('',(0.,0.,1.));
#5685=DIRECTION('',(1.,0.,0.));
#5686=DIRECTION('',(0.,-1.,0.));
#5687=DIRECTION('',(0.,0.,-1.));
#5688=DIRECTION('',(1.,0.,0.));
#5689=DIRECTION('',(0.,0.,1.));
#5690=DIRECTION('',(1.,0.,0.));
#5691=DIRECTION('',(0.,0.,1.));
#5692=DIRECTION('',(1.,0.,0.));
#5693=DIRECTION('',(0.,0.,1.));
#5694=DIRECTION('',(1.,0.,0.));
#5695=DIRECTION('',(0.,0.,1.));
#5696=DIRECTION('',(0.,0.,1.));
#5697=DIRECTION('',(1.,0.,0.));
#5698=DIRECTION('',(1.,0.,0.));
#5699=DIRECTION('',(0.,0.,-1.));
#5700=DIRECTION('',(0.,1.,0.));
#5701=DIRECTION('',(0.,0.,1.));
#5702=DIRECTION('',(0.,1.,0.));
#5703=DIRECTION('',(0.,0.,1.));
#5704=DIRECTION('',(1.,0.,0.));
#5705=DIRECTION('',(0.,0.,1.));
#5706=DIRECTION('',(1.,0.,0.));
#5707=DIRECTION('',(0.,0.,1.));
#5708=DIRECTION('',(0.,0.,1.));
#5709=DIRECTION('',(1.,0.,0.));
#5710=DIRECTION('',(0.,1.,0.));
#5711=DIRECTION('',(0.,0.,1.));
#5712=DIRECTION('',(-1.,0.,0.));
#5713=DIRECTION('',(0.,0.,1.));
#5714=DIRECTION('',(-1.,0.,0.));
#5715=DIRECTION('',(1.,0.,0.));
#5716=DIRECTION('',(0.,0.,-1.));
#5717=DIRECTION('',(0.,1.,0.));
#5718=DIRECTION('',(0.,0.,1.));
#5719=DIRECTION('',(0.,1.,0.));
#5720=DIRECTION('',(0.,0.,1.));
#5721=DIRECTION('',(0.,0.,1.));
#5722=DIRECTION('',(1.,0.,0.));
#5723=DIRECTION('',(0.,0.,1.));
#5724=DIRECTION('',(1.,0.,0.));
#5725=DIRECTION('',(0.,0.,1.));
#5726=DIRECTION('',(0.,0.,1.));
#5727=DIRECTION('',(1.,0.,0.));
#5728=DIRECTION('',(0.,1.,0.));
#5729=DIRECTION('',(0.,0.,1.));
#5730=DIRECTION('',(-1.,0.,0.));
#5731=DIRECTION('',(0.,0.,1.));
#5732=DIRECTION('',(-1.,0.,0.));
#5733=DIRECTION('',(0.,0.,1.));
#5734=DIRECTION('',(1.,0.,0.));
#5735=DIRECTION('',(0.,0.,1.));
#5736=DIRECTION('',(1.,0.,0.));
#5737=DIRECTION('',(0.,0.,1.));
#5738=DIRECTION('',(0.,0.,1.));
#5739=DIRECTION('',(1.,0.,0.));
#5740=DIRECTION('',(-1.,0.,0.));
#5741=DIRECTION('',(0.,0.,1.));
#5742=DIRECTION('',(0.,-1.,0.));
#5743=DIRECTION('',(0.,0.,1.));
#5744=DIRECTION('',(0.,-1.,0.));
#5745=DIRECTION('',(0.,0.,1.));
#5746=DIRECTION('',(1.,0.,0.));
#5747=DIRECTION('',(0.,0.,1.));
#5748=DIRECTION('',(1.,0.,0.));
#5749=DIRECTION('',(0.,0.,1.));
#5750=DIRECTION('',(0.,0.,1.));
#5751=DIRECTION('',(1.,0.,0.));
#5752=DIRECTION('',(0.,-1.,0.));
#5753=DIRECTION('',(0.,0.,-1.));
#5754=DIRECTION('',(1.,0.,0.));
#5755=DIRECTION('',(0.,0.,1.));
#5756=DIRECTION('',(1.,0.,0.));
#5757=DIRECTION('',(-1.,-1.79068229778251E-15,0.));
#5758=DIRECTION('',(1.79068229778251E-15,-1.,0.));
#5759=DIRECTION('',(1.79068229778251E-15,-1.,0.));
#5760=DIRECTION('',(0.,0.,1.));
#5761=DIRECTION('',(1.79068229778251E-15,-1.,0.));
#5762=DIRECTION('',(0.,0.,1.));
#5763=DIRECTION('',(0.,0.,1.));
#5764=DIRECTION('',(1.,0.,0.));
#5765=DIRECTION('',(0.,0.,1.));
#5766=DIRECTION('',(1.,0.,0.));
#5767=DIRECTION('',(0.,0.,1.));
#5768=DIRECTION('',(0.,0.,1.));
#5769=DIRECTION('',(1.,0.,0.));
#5770=DIRECTION('',(0.,-1.,0.));
#5771=DIRECTION('',(0.,0.,-1.));
#5772=DIRECTION('',(1.,0.,0.));
#5773=DIRECTION('',(0.,0.,1.));
#5774=DIRECTION('',(1.,0.,0.));
#5775=DIRECTION('',(0.,0.,1.));
#5776=DIRECTION('',(1.,0.,0.));
#5777=DIRECTION('',(0.,0.,1.));
#5778=DIRECTION('',(1.,0.,0.));
#5779=DIRECTION('',(0.,0.,1.));
#5780=DIRECTION('',(0.,0.,1.));
#5781=DIRECTION('',(1.,0.,0.));
#5782=DIRECTION('',(1.,0.,0.));
#5783=DIRECTION('',(0.,0.,-1.));
#5784=DIRECTION('',(0.,1.,0.));
#5785=DIRECTION('',(0.,0.,1.));
#5786=DIRECTION('',(0.,1.,0.));
#5787=DIRECTION('',(0.,0.,1.));
#5788=DIRECTION('',(1.,0.,0.));
#5789=DIRECTION('',(0.,0.,1.));
#5790=DIRECTION('',(1.,0.,0.));
#5791=DIRECTION('',(0.,0.,1.));
#5792=DIRECTION('',(0.,0.,1.));
#5793=DIRECTION('',(1.,0.,0.));
#5794=DIRECTION('',(0.,1.,0.));
#5795=DIRECTION('',(0.,0.,1.));
#5796=DIRECTION('',(-1.,0.,0.));
#5797=DIRECTION('',(0.,0.,1.));
#5798=DIRECTION('',(-1.,0.,0.));
#5799=DIRECTION('',(1.,0.,0.));
#5800=DIRECTION('',(0.,0.,-1.));
#5801=DIRECTION('',(0.,1.,0.));
#5802=DIRECTION('',(0.,0.,1.));
#5803=DIRECTION('',(0.,1.,0.));
#5804=DIRECTION('',(0.,0.,1.));
#5805=DIRECTION('',(0.,0.,1.));
#5806=DIRECTION('',(1.,0.,0.));
#5807=DIRECTION('',(0.,0.,1.));
#5808=DIRECTION('',(1.,0.,0.));
#5809=DIRECTION('',(0.,0.,1.));
#5810=DIRECTION('',(0.,0.,1.));
#5811=DIRECTION('',(1.,0.,0.));
#5812=DIRECTION('',(0.,1.,0.));
#5813=DIRECTION('',(0.,0.,1.));
#5814=DIRECTION('',(-1.,0.,0.));
#5815=DIRECTION('',(0.,0.,1.));
#5816=DIRECTION('',(-1.,0.,0.));
#5817=DIRECTION('',(0.,0.,1.));
#5818=DIRECTION('',(1.,0.,0.));
#5819=DIRECTION('',(0.,0.,1.));
#5820=DIRECTION('',(1.,0.,0.));
#5821=DIRECTION('',(0.,0.,1.));
#5822=DIRECTION('',(0.,0.,1.));
#5823=DIRECTION('',(1.,0.,0.));
#5824=DIRECTION('',(-1.,-1.79068229778251E-15,0.));
#5825=DIRECTION('',(1.79068229778251E-15,-1.,0.));
#5826=DIRECTION('',(1.79068229778251E-15,-1.,0.));
#5827=DIRECTION('',(0.,0.,1.));
#5828=DIRECTION('',(1.79068229778251E-15,-1.,0.));
#5829=DIRECTION('',(0.,0.,1.));
#5830=DIRECTION('',(1.,0.,0.));
#5831=DIRECTION('',(0.,0.,1.));
#5832=DIRECTION('',(1.,0.,0.));
#5833=DIRECTION('',(0.,0.,1.));
#5834=DIRECTION('',(0.,0.,1.));
#5835=DIRECTION('',(1.,0.,0.));
#5836=DIRECTION('',(0.,-1.,0.));
#5837=DIRECTION('',(0.,0.,-1.));
#5838=DIRECTION('',(1.,0.,0.));
#5839=DIRECTION('',(0.,0.,1.));
#5840=DIRECTION('',(1.,0.,0.));
#5841=DIRECTION('',(-1.,-1.79068229778251E-15,0.));
#5842=DIRECTION('',(1.79068229778251E-15,-1.,0.));
#5843=DIRECTION('',(1.79068229778251E-15,-1.,0.));
#5844=DIRECTION('',(0.,0.,1.));
#5845=DIRECTION('',(1.79068229778251E-15,-1.,0.));
#5846=DIRECTION('',(0.,0.,1.));
#5847=DIRECTION('',(0.,0.,1.));
#5848=DIRECTION('',(1.,0.,0.));
#5849=DIRECTION('',(0.,0.,1.));
#5850=DIRECTION('',(1.,0.,0.));
#5851=DIRECTION('',(0.,0.,1.));
#5852=DIRECTION('',(0.,0.,1.));
#5853=DIRECTION('',(1.,0.,0.));
#5854=DIRECTION('',(0.,-1.,0.));
#5855=DIRECTION('',(0.,0.,-1.));
#5856=DIRECTION('',(1.,0.,0.));
#5857=DIRECTION('',(0.,0.,1.));
#5858=DIRECTION('',(1.,0.,0.));
#5859=DIRECTION('',(0.,0.,1.));
#5860=DIRECTION('',(1.,0.,0.));
#5861=DIRECTION('',(0.,0.,1.));
#5862=DIRECTION('',(1.,0.,0.));
#5863=DIRECTION('',(0.,0.,1.));
#5864=DIRECTION('',(0.,0.,1.));
#5865=DIRECTION('',(1.,0.,0.));
#5866=DIRECTION('',(1.,0.,0.));
#5867=DIRECTION('',(0.,0.,-1.));
#5868=DIRECTION('',(0.,1.,0.));
#5869=DIRECTION('',(0.,0.,1.));
#5870=DIRECTION('',(0.,1.,0.));
#5871=DIRECTION('',(0.,0.,1.));
#5872=DIRECTION('',(1.,0.,0.));
#5873=DIRECTION('',(0.,0.,1.));
#5874=DIRECTION('',(1.,0.,0.));
#5875=DIRECTION('',(0.,0.,1.));
#5876=DIRECTION('',(0.,0.,1.));
#5877=DIRECTION('',(1.,0.,0.));
#5878=DIRECTION('',(0.,1.,0.));
#5879=DIRECTION('',(0.,0.,1.));
#5880=DIRECTION('',(-1.,0.,0.));
#5881=DIRECTION('',(0.,0.,1.));
#5882=DIRECTION('',(-1.,0.,0.));
#5883=DIRECTION('',(1.,0.,0.));
#5884=DIRECTION('',(0.,0.,-1.));
#5885=DIRECTION('',(0.,1.,0.));
#5886=DIRECTION('',(0.,0.,1.));
#5887=DIRECTION('',(0.,1.,0.));
#5888=DIRECTION('',(0.,0.,1.));
#5889=DIRECTION('',(0.,0.,1.));
#5890=DIRECTION('',(1.,0.,0.));
#5891=DIRECTION('',(0.,0.,1.));
#5892=DIRECTION('',(1.,0.,0.));
#5893=DIRECTION('',(0.,0.,1.));
#5894=DIRECTION('',(0.,0.,1.));
#5895=DIRECTION('',(1.,0.,0.));
#5896=DIRECTION('',(0.,1.,0.));
#5897=DIRECTION('',(0.,0.,1.));
#5898=DIRECTION('',(-1.,0.,0.));
#5899=DIRECTION('',(0.,0.,1.));
#5900=DIRECTION('',(-1.,0.,0.));
#5901=DIRECTION('',(0.,0.,1.));
#5902=DIRECTION('',(1.,0.,0.));
#5903=DIRECTION('',(0.,0.,1.));
#5904=DIRECTION('',(1.,0.,0.));
#5905=DIRECTION('',(0.,0.,1.));
#5906=DIRECTION('',(0.,0.,1.));
#5907=DIRECTION('',(1.,0.,0.));
#5908=DIRECTION('',(-1.,-1.79068229778251E-15,0.));
#5909=DIRECTION('',(1.79068229778251E-15,-1.,0.));
#5910=DIRECTION('',(1.79068229778251E-15,-1.,0.));
#5911=DIRECTION('',(0.,0.,1.));
#5912=DIRECTION('',(1.79068229778251E-15,-1.,0.));
#5913=DIRECTION('',(0.,0.,1.));
#5914=DIRECTION('',(1.,0.,0.));
#5915=DIRECTION('',(0.,0.,1.));
#5916=DIRECTION('',(1.,0.,0.));
#5917=DIRECTION('',(0.,0.,1.));
#5918=DIRECTION('',(0.,0.,1.));
#5919=DIRECTION('',(1.,0.,0.));
#5920=DIRECTION('',(0.,-1.,0.));
#5921=DIRECTION('',(0.,0.,-1.));
#5922=DIRECTION('',(1.,0.,0.));
#5923=DIRECTION('',(0.,0.,1.));
#5924=DIRECTION('',(1.,0.,0.));
#5925=DIRECTION('',(-1.,-3.58136459556502E-15,0.));
#5926=DIRECTION('',(3.58136459556502E-15,-1.,0.));
#5927=DIRECTION('',(3.58136459556502E-15,-1.,0.));
#5928=DIRECTION('',(0.,0.,1.));
#5929=DIRECTION('',(3.58136459556502E-15,-1.,0.));
#5930=DIRECTION('',(0.,0.,1.));
#5931=DIRECTION('',(0.,0.,1.));
#5932=DIRECTION('',(1.,0.,0.));
#5933=DIRECTION('',(0.,0.,1.));
#5934=DIRECTION('',(1.,0.,0.));
#5935=DIRECTION('',(0.,0.,1.));
#5936=DIRECTION('',(0.,0.,1.));
#5937=DIRECTION('',(1.,0.,0.));
#5938=DIRECTION('',(0.,-1.,0.));
#5939=DIRECTION('',(0.,0.,-1.));
#5940=DIRECTION('',(1.,0.,0.));
#5941=DIRECTION('',(0.,0.,1.));
#5942=DIRECTION('',(1.,0.,0.));
#5943=DIRECTION('',(0.,0.,1.));
#5944=DIRECTION('',(1.,0.,0.));
#5945=DIRECTION('',(0.,0.,1.));
#5946=DIRECTION('',(1.,0.,0.));
#5947=DIRECTION('',(0.,0.,1.));
#5948=DIRECTION('',(0.,0.,1.));
#5949=DIRECTION('',(1.,0.,0.));
#5950=DIRECTION('',(1.,0.,0.));
#5951=DIRECTION('',(0.,0.,-1.));
#5952=DIRECTION('',(0.,1.,0.));
#5953=DIRECTION('',(0.,0.,1.));
#5954=DIRECTION('',(0.,1.,0.));
#5955=DIRECTION('',(0.,0.,1.));
#5956=DIRECTION('',(1.,0.,0.));
#5957=DIRECTION('',(0.,0.,1.));
#5958=DIRECTION('',(1.,0.,0.));
#5959=DIRECTION('',(0.,0.,1.));
#5960=DIRECTION('',(0.,0.,1.));
#5961=DIRECTION('',(1.,0.,0.));
#5962=DIRECTION('',(0.,1.,0.));
#5963=DIRECTION('',(0.,0.,1.));
#5964=DIRECTION('',(-1.,0.,0.));
#5965=DIRECTION('',(0.,0.,1.));
#5966=DIRECTION('',(-1.,0.,0.));
#5967=DIRECTION('',(1.,0.,0.));
#5968=DIRECTION('',(0.,0.,-1.));
#5969=DIRECTION('',(0.,1.,0.));
#5970=DIRECTION('',(0.,0.,1.));
#5971=DIRECTION('',(0.,1.,0.));
#5972=DIRECTION('',(0.,0.,1.));
#5973=DIRECTION('',(0.,0.,1.));
#5974=DIRECTION('',(1.,0.,0.));
#5975=DIRECTION('',(0.,0.,1.));
#5976=DIRECTION('',(1.,0.,0.));
#5977=DIRECTION('',(0.,0.,1.));
#5978=DIRECTION('',(0.,0.,1.));
#5979=DIRECTION('',(1.,0.,0.));
#5980=DIRECTION('',(0.,1.,0.));
#5981=DIRECTION('',(0.,0.,1.));
#5982=DIRECTION('',(-1.,0.,0.));
#5983=DIRECTION('',(0.,0.,1.));
#5984=DIRECTION('',(-1.,0.,0.));
#5985=DIRECTION('',(0.,0.,1.));
#5986=DIRECTION('',(1.,0.,0.));
#5987=DIRECTION('',(0.,0.,1.));
#5988=DIRECTION('',(1.,0.,0.));
#5989=DIRECTION('',(0.,0.,1.));
#5990=DIRECTION('',(0.,0.,1.));
#5991=DIRECTION('',(1.,0.,0.));
#5992=DIRECTION('',(-1.,0.,0.));
#5993=DIRECTION('',(0.,0.,1.));
#5994=DIRECTION('',(0.,-1.,0.));
#5995=DIRECTION('',(0.,0.,1.));
#5996=DIRECTION('',(0.,-1.,0.));
#5997=DIRECTION('',(0.,0.,1.));
#5998=DIRECTION('',(1.,0.,0.));
#5999=DIRECTION('',(0.,0.,1.));
#6000=DIRECTION('',(1.,0.,0.));
#6001=DIRECTION('',(0.,0.,1.));
#6002=DIRECTION('',(0.,0.,1.));
#6003=DIRECTION('',(1.,0.,0.));
#6004=DIRECTION('',(0.,-1.,0.));
#6005=DIRECTION('',(0.,0.,-1.));
#6006=DIRECTION('',(1.,0.,0.));
#6007=DIRECTION('',(0.,0.,1.));
#6008=DIRECTION('',(1.,0.,0.));
#6009=DIRECTION('',(-1.,0.,0.));
#6010=DIRECTION('',(0.,0.,1.));
#6011=DIRECTION('',(0.,-1.,0.));
#6012=DIRECTION('',(0.,0.,1.));
#6013=DIRECTION('',(0.,-1.,0.));
#6014=DIRECTION('',(0.,0.,1.));
#6015=DIRECTION('',(0.,0.,1.));
#6016=DIRECTION('',(1.,0.,0.));
#6017=DIRECTION('',(0.,0.,1.));
#6018=DIRECTION('',(1.,0.,0.));
#6019=DIRECTION('',(0.,0.,1.));
#6020=DIRECTION('',(0.,0.,1.));
#6021=DIRECTION('',(1.,0.,0.));
#6022=DIRECTION('',(0.,-1.,0.));
#6023=DIRECTION('',(0.,0.,-1.));
#6024=DIRECTION('',(1.,0.,0.));
#6025=DIRECTION('',(0.,0.,1.));
#6026=DIRECTION('',(1.,0.,0.));
#6027=DIRECTION('',(0.,0.,1.));
#6028=DIRECTION('',(1.,0.,0.));
#6029=DIRECTION('',(0.,0.,1.));
#6030=DIRECTION('',(1.,0.,0.));
#6031=DIRECTION('',(0.,0.,1.));
#6032=DIRECTION('',(0.,0.,1.));
#6033=DIRECTION('',(1.,0.,0.));
#6034=DIRECTION('',(1.,0.,0.));
#6035=DIRECTION('',(0.,0.,-1.));
#6036=DIRECTION('',(0.,1.,0.));
#6037=DIRECTION('',(0.,0.,1.));
#6038=DIRECTION('',(0.,1.,0.));
#6039=DIRECTION('',(0.,0.,1.));
#6040=DIRECTION('',(1.,0.,0.));
#6041=DIRECTION('',(0.,0.,1.));
#6042=DIRECTION('',(1.,0.,0.));
#6043=DIRECTION('',(0.,0.,1.));
#6044=DIRECTION('',(0.,0.,1.));
#6045=DIRECTION('',(1.,0.,0.));
#6046=DIRECTION('',(0.,1.,0.));
#6047=DIRECTION('',(0.,0.,1.));
#6048=DIRECTION('',(-1.,0.,0.));
#6049=DIRECTION('',(0.,0.,1.));
#6050=DIRECTION('',(-1.,0.,0.));
#6051=DIRECTION('',(1.,0.,0.));
#6052=DIRECTION('',(0.,0.,-1.));
#6053=DIRECTION('',(0.,1.,0.));
#6054=DIRECTION('',(0.,0.,1.));
#6055=DIRECTION('',(0.,1.,0.));
#6056=DIRECTION('',(0.,0.,1.));
#6057=DIRECTION('',(0.,0.,1.));
#6058=DIRECTION('',(1.,0.,0.));
#6059=DIRECTION('',(0.,0.,1.));
#6060=DIRECTION('',(1.,0.,0.));
#6061=DIRECTION('',(0.,0.,1.));
#6062=DIRECTION('',(0.,0.,1.));
#6063=DIRECTION('',(1.,0.,0.));
#6064=DIRECTION('',(0.,1.,0.));
#6065=DIRECTION('',(0.,0.,1.));
#6066=DIRECTION('',(-1.,0.,0.));
#6067=DIRECTION('',(0.,0.,1.));
#6068=DIRECTION('',(-1.,0.,0.));
#6069=DIRECTION('',(0.,0.,1.));
#6070=DIRECTION('',(1.,0.,0.));
#6071=DIRECTION('',(0.,0.,1.));
#6072=DIRECTION('',(1.,0.,0.));
#6073=DIRECTION('',(0.,0.,1.));
#6074=DIRECTION('',(0.,0.,1.));
#6075=DIRECTION('',(1.,0.,0.));
#6076=DIRECTION('',(-1.,0.,0.));
#6077=DIRECTION('',(0.,0.,1.));
#6078=DIRECTION('',(0.,-1.,0.));
#6079=DIRECTION('',(0.,0.,1.));
#6080=DIRECTION('',(0.,-1.,0.));
#6081=DIRECTION('',(0.,0.,1.));
#6082=DIRECTION('',(1.,0.,0.));
#6083=DIRECTION('',(0.,0.,1.));
#6084=DIRECTION('',(1.,0.,0.));
#6085=DIRECTION('',(0.,0.,1.));
#6086=DIRECTION('',(0.,0.,1.));
#6087=DIRECTION('',(1.,0.,0.));
#6088=DIRECTION('',(0.,-1.,0.));
#6089=DIRECTION('',(0.,0.,-1.));
#6090=DIRECTION('',(1.,0.,0.));
#6091=DIRECTION('',(0.,0.,1.));
#6092=DIRECTION('',(1.,0.,0.));
#6093=DIRECTION('',(1.,0.,0.));
#6094=DIRECTION('',(0.,0.,-1.));
#6095=DIRECTION('',(0.,1.,0.));
#6096=DIRECTION('',(0.,0.,1.));
#6097=DIRECTION('',(0.,1.,0.));
#6098=DIRECTION('',(0.,0.,1.));
#6099=DIRECTION('',(0.,0.,1.));
#6100=DIRECTION('',(1.,0.,0.));
#6101=DIRECTION('',(0.,0.,1.));
#6102=DIRECTION('',(1.,0.,0.));
#6103=DIRECTION('',(0.,0.,1.));
#6104=DIRECTION('',(0.,0.,1.));
#6105=DIRECTION('',(1.,0.,0.));
#6106=DIRECTION('',(0.,1.,0.));
#6107=DIRECTION('',(0.,0.,1.));
#6108=DIRECTION('',(-1.,0.,0.));
#6109=DIRECTION('',(0.,0.,1.));
#6110=DIRECTION('',(-1.,0.,0.));
#6111=DIRECTION('',(0.,0.,1.));
#6112=DIRECTION('',(1.,0.,0.));
#6113=DIRECTION('',(0.,0.,1.));
#6114=DIRECTION('',(1.,0.,0.));
#6115=DIRECTION('',(0.,0.,1.));
#6116=DIRECTION('',(0.,0.,1.));
#6117=DIRECTION('',(1.,0.,0.));
#6118=DIRECTION('',(-1.,0.,0.));
#6119=DIRECTION('',(0.,0.,1.));
#6120=DIRECTION('',(0.,-1.,0.));
#6121=DIRECTION('',(0.,0.,1.));
#6122=DIRECTION('',(0.,-1.,0.));
#6123=DIRECTION('',(0.,0.,1.));
#6124=DIRECTION('',(1.,0.,0.));
#6125=DIRECTION('',(0.,0.,1.));
#6126=DIRECTION('',(1.,0.,0.));
#6127=DIRECTION('',(0.,0.,1.));
#6128=DIRECTION('',(0.,0.,1.));
#6129=DIRECTION('',(1.,0.,0.));
#6130=DIRECTION('',(0.,-1.,0.));
#6131=DIRECTION('',(0.,0.,-1.));
#6132=DIRECTION('',(1.,0.,0.));
#6133=DIRECTION('',(0.,0.,1.));
#6134=DIRECTION('',(1.,0.,0.));
#6135=DIRECTION('',(-1.,-3.58136459556502E-15,0.));
#6136=DIRECTION('',(3.58136459556502E-15,-1.,0.));
#6137=DIRECTION('',(3.58136459556502E-15,-1.,0.));
#6138=DIRECTION('',(0.,0.,1.));
#6139=DIRECTION('',(3.58136459556502E-15,-1.,0.));
#6140=DIRECTION('',(0.,0.,1.));
#6141=DIRECTION('',(0.,0.,1.));
#6142=DIRECTION('',(1.,0.,0.));
#6143=DIRECTION('',(0.,0.,1.));
#6144=DIRECTION('',(1.,0.,0.));
#6145=DIRECTION('',(0.,0.,1.));
#6146=DIRECTION('',(0.,0.,1.));
#6147=DIRECTION('',(1.,0.,0.));
#6148=DIRECTION('',(0.,-1.,0.));
#6149=DIRECTION('',(0.,0.,-1.));
#6150=DIRECTION('',(1.,0.,0.));
#6151=DIRECTION('',(0.,0.,1.));
#6152=DIRECTION('',(1.,0.,0.));
#6153=DIRECTION('',(0.,0.,1.));
#6154=DIRECTION('',(1.,0.,0.));
#6155=DIRECTION('',(0.,0.,1.));
#6156=DIRECTION('',(1.,0.,0.));
#6157=DIRECTION('',(0.,0.,1.));
#6158=DIRECTION('',(0.,0.,1.));
#6159=DIRECTION('',(1.,0.,0.));
#6160=DIRECTION('',(1.,0.,0.));
#6161=DIRECTION('',(0.,0.,-1.));
#6162=DIRECTION('',(0.,1.,0.));
#6163=DIRECTION('',(0.,0.,1.));
#6164=DIRECTION('',(0.,1.,0.));
#6165=DIRECTION('',(0.,0.,1.));
#6166=DIRECTION('',(1.,0.,0.));
#6167=DIRECTION('',(0.,0.,1.));
#6168=DIRECTION('',(1.,0.,0.));
#6169=DIRECTION('',(0.,0.,1.));
#6170=DIRECTION('',(0.,0.,1.));
#6171=DIRECTION('',(1.,0.,0.));
#6172=DIRECTION('',(0.,1.,0.));
#6173=DIRECTION('',(0.,0.,1.));
#6174=DIRECTION('',(-1.,0.,0.));
#6175=DIRECTION('',(0.,0.,1.));
#6176=DIRECTION('',(-1.,0.,0.));
#6177=DIRECTION('',(1.,0.,0.));
#6178=DIRECTION('',(0.,0.,-1.));
#6179=DIRECTION('',(0.,1.,0.));
#6180=DIRECTION('',(0.,0.,1.));
#6181=DIRECTION('',(0.,1.,0.));
#6182=DIRECTION('',(0.,0.,1.));
#6183=DIRECTION('',(0.,0.,1.));
#6184=DIRECTION('',(1.,0.,0.));
#6185=DIRECTION('',(0.,0.,1.));
#6186=DIRECTION('',(1.,0.,0.));
#6187=DIRECTION('',(0.,0.,1.));
#6188=DIRECTION('',(0.,0.,1.));
#6189=DIRECTION('',(1.,0.,0.));
#6190=DIRECTION('',(0.,1.,0.));
#6191=DIRECTION('',(0.,0.,1.));
#6192=DIRECTION('',(-1.,0.,0.));
#6193=DIRECTION('',(0.,0.,1.));
#6194=DIRECTION('',(-1.,0.,0.));
#6195=DIRECTION('',(0.,0.,1.));
#6196=DIRECTION('',(1.,0.,0.));
#6197=DIRECTION('',(0.,0.,1.));
#6198=DIRECTION('',(1.,0.,0.));
#6199=DIRECTION('',(0.,0.,1.));
#6200=DIRECTION('',(0.,0.,1.));
#6201=DIRECTION('',(1.,0.,0.));
#6202=DIRECTION('',(-1.,0.,0.));
#6203=DIRECTION('',(0.,0.,1.));
#6204=DIRECTION('',(0.,-1.,0.));
#6205=DIRECTION('',(0.,0.,1.));
#6206=DIRECTION('',(0.,-1.,0.));
#6207=DIRECTION('',(0.,0.,1.));
#6208=DIRECTION('',(1.,0.,0.));
#6209=DIRECTION('',(0.,0.,1.));
#6210=DIRECTION('',(1.,0.,0.));
#6211=DIRECTION('',(0.,0.,1.));
#6212=DIRECTION('',(0.,0.,1.));
#6213=DIRECTION('',(1.,0.,0.));
#6214=DIRECTION('',(0.,-1.,0.));
#6215=DIRECTION('',(0.,0.,-1.));
#6216=DIRECTION('',(1.,0.,0.));
#6217=DIRECTION('',(0.,0.,1.));
#6218=DIRECTION('',(1.,0.,0.));
#6219=DIRECTION('',(-1.,0.,0.));
#6220=DIRECTION('',(0.,0.,1.));
#6221=DIRECTION('',(0.,-1.,0.));
#6222=DIRECTION('',(0.,0.,1.));
#6223=DIRECTION('',(0.,-1.,0.));
#6224=DIRECTION('',(0.,0.,1.));
#6225=DIRECTION('',(0.,0.,1.));
#6226=DIRECTION('',(1.,0.,0.));
#6227=DIRECTION('',(0.,0.,1.));
#6228=DIRECTION('',(1.,0.,0.));
#6229=DIRECTION('',(0.,0.,1.));
#6230=DIRECTION('',(0.,0.,1.));
#6231=DIRECTION('',(1.,0.,0.));
#6232=DIRECTION('',(0.,-1.,0.));
#6233=DIRECTION('',(0.,0.,-1.));
#6234=DIRECTION('',(1.,0.,0.));
#6235=DIRECTION('',(0.,0.,1.));
#6236=DIRECTION('',(1.,0.,0.));
#6237=DIRECTION('',(0.,0.,1.));
#6238=DIRECTION('',(1.,0.,0.));
#6239=DIRECTION('',(0.,0.,1.));
#6240=DIRECTION('',(1.,0.,0.));
#6241=DIRECTION('',(0.,0.,1.));
#6242=DIRECTION('',(0.,0.,1.));
#6243=DIRECTION('',(1.,0.,0.));
#6244=DIRECTION('',(1.,0.,0.));
#6245=DIRECTION('',(0.,0.,-1.));
#6246=DIRECTION('',(0.,1.,0.));
#6247=DIRECTION('',(0.,0.,1.));
#6248=DIRECTION('',(0.,1.,0.));
#6249=DIRECTION('',(0.,0.,1.));
#6250=DIRECTION('',(1.,0.,0.));
#6251=DIRECTION('',(0.,0.,1.));
#6252=DIRECTION('',(1.,0.,0.));
#6253=DIRECTION('',(0.,0.,1.));
#6254=DIRECTION('',(0.,0.,1.));
#6255=DIRECTION('',(1.,0.,0.));
#6256=DIRECTION('',(0.,1.,0.));
#6257=DIRECTION('',(0.,0.,1.));
#6258=DIRECTION('',(-1.,0.,0.));
#6259=DIRECTION('',(0.,0.,1.));
#6260=DIRECTION('',(-1.,0.,0.));
#6261=DIRECTION('',(-1.,0.,0.));
#6262=DIRECTION('',(0.,0.,1.));
#6263=DIRECTION('',(0.,-1.,0.));
#6264=DIRECTION('',(0.,0.,1.));
#6265=DIRECTION('',(0.,-1.,0.));
#6266=DIRECTION('',(0.,0.,1.));
#6267=DIRECTION('',(0.,0.,1.));
#6268=DIRECTION('',(1.,0.,0.));
#6269=DIRECTION('',(0.,0.,1.));
#6270=DIRECTION('',(1.,0.,0.));
#6271=DIRECTION('',(0.,0.,1.));
#6272=DIRECTION('',(0.,0.,1.));
#6273=DIRECTION('',(1.,0.,0.));
#6274=DIRECTION('',(0.,-1.,0.));
#6275=DIRECTION('',(0.,0.,-1.));
#6276=DIRECTION('',(1.,0.,0.));
#6277=DIRECTION('',(0.,0.,1.));
#6278=DIRECTION('',(1.,0.,0.));
#6279=DIRECTION('',(0.,0.,1.));
#6280=DIRECTION('',(1.,0.,0.));
#6281=DIRECTION('',(0.,0.,1.));
#6282=DIRECTION('',(1.,0.,0.));
#6283=DIRECTION('',(0.,0.,1.));
#6284=DIRECTION('',(0.,0.,1.));
#6285=DIRECTION('',(1.,0.,0.));
#6286=DIRECTION('',(1.,0.,0.));
#6287=DIRECTION('',(0.,0.,-1.));
#6288=DIRECTION('',(0.,1.,0.));
#6289=DIRECTION('',(0.,0.,1.));
#6290=DIRECTION('',(0.,1.,0.));
#6291=DIRECTION('',(0.,0.,1.));
#6292=DIRECTION('',(1.,0.,0.));
#6293=DIRECTION('',(0.,0.,1.));
#6294=DIRECTION('',(1.,0.,0.));
#6295=DIRECTION('',(0.,0.,1.));
#6296=DIRECTION('',(0.,0.,1.));
#6297=DIRECTION('',(1.,0.,0.));
#6298=DIRECTION('',(0.,1.,0.));
#6299=DIRECTION('',(0.,0.,1.));
#6300=DIRECTION('',(-1.,0.,0.));
#6301=DIRECTION('',(0.,0.,1.));
#6302=DIRECTION('',(-1.,0.,0.));
#6303=DIRECTION('',(1.,0.,0.));
#6304=DIRECTION('',(0.,0.,-1.));
#6305=DIRECTION('',(0.,1.,0.));
#6306=DIRECTION('',(0.,0.,1.));
#6307=DIRECTION('',(0.,1.,0.));
#6308=DIRECTION('',(0.,0.,1.));
#6309=DIRECTION('',(0.,0.,1.));
#6310=DIRECTION('',(1.,0.,0.));
#6311=DIRECTION('',(0.,0.,1.));
#6312=DIRECTION('',(1.,0.,0.));
#6313=DIRECTION('',(0.,0.,1.));
#6314=DIRECTION('',(0.,0.,1.));
#6315=DIRECTION('',(1.,0.,0.));
#6316=DIRECTION('',(0.,1.,0.));
#6317=DIRECTION('',(0.,0.,1.));
#6318=DIRECTION('',(-1.,0.,0.));
#6319=DIRECTION('',(0.,0.,1.));
#6320=DIRECTION('',(-1.,0.,0.));
#6321=DIRECTION('',(0.,0.,1.));
#6322=DIRECTION('',(1.,0.,0.));
#6323=DIRECTION('',(0.,0.,1.));
#6324=DIRECTION('',(1.,0.,0.));
#6325=DIRECTION('',(0.,0.,1.));
#6326=DIRECTION('',(0.,0.,1.));
#6327=DIRECTION('',(1.,0.,0.));
#6328=DIRECTION('',(-1.,-3.58136459556502E-15,0.));
#6329=DIRECTION('',(3.58136459556502E-15,-1.,0.));
#6330=DIRECTION('',(3.58136459556502E-15,-1.,0.));
#6331=DIRECTION('',(0.,0.,1.));
#6332=DIRECTION('',(3.58136459556502E-15,-1.,0.));
#6333=DIRECTION('',(0.,0.,1.));
#6334=DIRECTION('',(1.,0.,0.));
#6335=DIRECTION('',(0.,0.,1.));
#6336=DIRECTION('',(1.,0.,0.));
#6337=DIRECTION('',(0.,0.,1.));
#6338=DIRECTION('',(0.,0.,1.));
#6339=DIRECTION('',(1.,0.,0.));
#6340=DIRECTION('',(0.,-1.,0.));
#6341=DIRECTION('',(0.,0.,-1.));
#6342=DIRECTION('',(1.,0.,0.));
#6343=DIRECTION('',(0.,0.,1.));
#6344=DIRECTION('',(1.,0.,0.));
#6345=DIRECTION('',(-1.,0.,0.));
#6346=DIRECTION('',(0.,0.,1.));
#6347=DIRECTION('',(0.,-1.,0.));
#6348=DIRECTION('',(0.,0.,1.));
#6349=DIRECTION('',(0.,-1.,0.));
#6350=DIRECTION('',(0.,0.,1.));
#6351=DIRECTION('',(0.,0.,1.));
#6352=DIRECTION('',(1.,0.,0.));
#6353=DIRECTION('',(0.,0.,1.));
#6354=DIRECTION('',(1.,0.,0.));
#6355=DIRECTION('',(0.,0.,1.));
#6356=DIRECTION('',(0.,0.,1.));
#6357=DIRECTION('',(1.,0.,0.));
#6358=DIRECTION('',(0.,-1.,0.));
#6359=DIRECTION('',(0.,0.,-1.));
#6360=DIRECTION('',(1.,0.,0.));
#6361=DIRECTION('',(0.,0.,1.));
#6362=DIRECTION('',(1.,0.,0.));
#6363=DIRECTION('',(0.,0.,1.));
#6364=DIRECTION('',(1.,0.,0.));
#6365=DIRECTION('',(0.,0.,1.));
#6366=DIRECTION('',(1.,0.,0.));
#6367=DIRECTION('',(0.,0.,1.));
#6368=DIRECTION('',(0.,0.,1.));
#6369=DIRECTION('',(1.,0.,0.));
#6370=DIRECTION('',(1.,0.,0.));
#6371=DIRECTION('',(0.,0.,-1.));
#6372=DIRECTION('',(0.,1.,0.));
#6373=DIRECTION('',(0.,0.,1.));
#6374=DIRECTION('',(0.,1.,0.));
#6375=DIRECTION('',(0.,0.,1.));
#6376=DIRECTION('',(1.,0.,0.));
#6377=DIRECTION('',(0.,0.,1.));
#6378=DIRECTION('',(1.,0.,0.));
#6379=DIRECTION('',(0.,0.,1.));
#6380=DIRECTION('',(0.,0.,1.));
#6381=DIRECTION('',(1.,0.,0.));
#6382=DIRECTION('',(0.,1.,0.));
#6383=DIRECTION('',(0.,0.,1.));
#6384=DIRECTION('',(-1.,0.,0.));
#6385=DIRECTION('',(0.,0.,1.));
#6386=DIRECTION('',(-1.,0.,0.));
#6387=DIRECTION('',(1.,0.,0.));
#6388=DIRECTION('',(0.,0.,-1.));
#6389=DIRECTION('',(0.,1.,0.));
#6390=DIRECTION('',(0.,0.,1.));
#6391=DIRECTION('',(0.,1.,0.));
#6392=DIRECTION('',(0.,0.,1.));
#6393=DIRECTION('',(0.,0.,1.));
#6394=DIRECTION('',(1.,0.,0.));
#6395=DIRECTION('',(0.,0.,1.));
#6396=DIRECTION('',(1.,0.,0.));
#6397=DIRECTION('',(0.,0.,1.));
#6398=DIRECTION('',(0.,0.,1.));
#6399=DIRECTION('',(1.,0.,0.));
#6400=DIRECTION('',(0.,1.,0.));
#6401=DIRECTION('',(0.,0.,1.));
#6402=DIRECTION('',(-1.,0.,0.));
#6403=DIRECTION('',(0.,0.,1.));
#6404=DIRECTION('',(-1.,0.,0.));
#6405=DIRECTION('',(0.,0.,1.));
#6406=DIRECTION('',(1.,0.,0.));
#6407=DIRECTION('',(0.,0.,1.));
#6408=DIRECTION('',(1.,0.,0.));
#6409=DIRECTION('',(0.,0.,1.));
#6410=DIRECTION('',(0.,0.,1.));
#6411=DIRECTION('',(1.,0.,0.));
#6412=DIRECTION('',(-1.,0.,0.));
#6413=DIRECTION('',(0.,0.,1.));
#6414=DIRECTION('',(0.,-1.,0.));
#6415=DIRECTION('',(0.,0.,1.));
#6416=DIRECTION('',(0.,-1.,0.));
#6417=DIRECTION('',(0.,0.,1.));
#6418=DIRECTION('',(1.,0.,0.));
#6419=DIRECTION('',(0.,0.,1.));
#6420=DIRECTION('',(1.,0.,0.));
#6421=DIRECTION('',(0.,0.,1.));
#6422=DIRECTION('',(0.,0.,1.));
#6423=DIRECTION('',(1.,0.,0.));
#6424=DIRECTION('',(0.,-1.,0.));
#6425=DIRECTION('',(0.,0.,-1.));
#6426=DIRECTION('',(1.,0.,0.));
#6427=DIRECTION('',(0.,0.,1.));
#6428=DIRECTION('',(1.,0.,0.));
#6429=DIRECTION('',(0.,1.,0.));
#6430=DIRECTION('',(0.,0.,1.));
#6431=DIRECTION('',(-1.,0.,0.));
#6432=DIRECTION('',(0.,0.,1.));
#6433=DIRECTION('',(-1.,0.,0.));
#6434=DIRECTION('',(0.,0.,1.));
#6435=DIRECTION('',(0.,0.,1.));
#6436=DIRECTION('',(1.,0.,0.));
#6437=DIRECTION('',(0.,0.,1.));
#6438=DIRECTION('',(1.,0.,0.));
#6439=DIRECTION('',(0.,0.,1.));
#6440=DIRECTION('',(0.,0.,1.));
#6441=DIRECTION('',(1.,0.,0.));
#6442=DIRECTION('',(-1.,-3.58136459556502E-15,0.));
#6443=DIRECTION('',(3.58136459556502E-15,-1.,0.));
#6444=DIRECTION('',(3.58136459556502E-15,-1.,0.));
#6445=DIRECTION('',(0.,0.,1.));
#6446=DIRECTION('',(3.58136459556502E-15,-1.,0.));
#6447=DIRECTION('',(0.,0.,1.));
#6448=DIRECTION('',(1.,0.,0.));
#6449=DIRECTION('',(0.,0.,1.));
#6450=DIRECTION('',(1.,0.,0.));
#6451=DIRECTION('',(0.,0.,1.));
#6452=DIRECTION('',(0.,0.,1.));
#6453=DIRECTION('',(1.,0.,0.));
#6454=DIRECTION('',(0.,-1.,0.));
#6455=DIRECTION('',(0.,0.,-1.));
#6456=DIRECTION('',(1.,0.,0.));
#6457=DIRECTION('',(0.,0.,1.));
#6458=DIRECTION('',(1.,0.,0.));
#6459=DIRECTION('',(0.,0.,1.));
#6460=DIRECTION('',(1.,0.,0.));
#6461=DIRECTION('',(0.,0.,1.));
#6462=DIRECTION('',(1.,0.,0.));
#6463=DIRECTION('',(0.,0.,1.));
#6464=DIRECTION('',(0.,0.,1.));
#6465=DIRECTION('',(1.,0.,0.));
#6466=DIRECTION('',(1.,0.,0.));
#6467=DIRECTION('',(0.,0.,-1.));
#6468=DIRECTION('',(0.,1.,0.));
#6469=DIRECTION('',(0.,0.,1.));
#6470=DIRECTION('',(0.,1.,0.));
#6471=DIRECTION('',(1.,0.,0.));
#6472=DIRECTION('',(0.,0.,-1.));
#6473=DIRECTION('',(0.,1.,0.));
#6474=DIRECTION('',(0.,0.,1.));
#6475=DIRECTION('',(0.,1.,0.));
#6476=DIRECTION('',(0.,0.,1.));
#6477=DIRECTION('',(0.,0.,1.));
#6478=DIRECTION('',(1.,0.,0.));
#6479=DIRECTION('',(0.,0.,1.));
#6480=DIRECTION('',(1.,0.,0.));
#6481=DIRECTION('',(0.,0.,1.));
#6482=DIRECTION('',(0.,0.,1.));
#6483=DIRECTION('',(1.,0.,0.));
#6484=DIRECTION('',(0.,1.,0.));
#6485=DIRECTION('',(0.,0.,1.));
#6486=DIRECTION('',(-1.,0.,0.));
#6487=DIRECTION('',(0.,0.,1.));
#6488=DIRECTION('',(-1.,0.,0.));
#6489=DIRECTION('',(0.,0.,1.));
#6490=DIRECTION('',(1.,0.,0.));
#6491=DIRECTION('',(0.,0.,1.));
#6492=DIRECTION('',(1.,0.,0.));
#6493=DIRECTION('',(0.,0.,1.));
#6494=DIRECTION('',(0.,0.,1.));
#6495=DIRECTION('',(1.,0.,0.));
#6496=DIRECTION('',(-1.,-3.58136459556502E-15,0.));
#6497=DIRECTION('',(3.58136459556502E-15,-1.,0.));
#6498=DIRECTION('',(3.58136459556502E-15,-1.,0.));
#6499=DIRECTION('',(0.,0.,1.));
#6500=DIRECTION('',(3.58136459556502E-15,-1.,0.));
#6501=DIRECTION('',(0.,0.,1.));
#6502=DIRECTION('',(1.,0.,0.));
#6503=DIRECTION('',(0.,0.,1.));
#6504=DIRECTION('',(1.,0.,0.));
#6505=DIRECTION('',(0.,0.,1.));
#6506=DIRECTION('',(0.,0.,1.));
#6507=DIRECTION('',(1.,0.,0.));
#6508=DIRECTION('',(0.,-1.,0.));
#6509=DIRECTION('',(0.,0.,-1.));
#6510=DIRECTION('',(1.,0.,0.));
#6511=DIRECTION('',(0.,0.,1.));
#6512=DIRECTION('',(1.,0.,0.));
#6513=DIRECTION('',(0.,1.,0.));
#6514=DIRECTION('',(0.,0.,1.));
#6515=DIRECTION('',(-1.,0.,0.));
#6516=DIRECTION('',(0.,0.,1.));
#6517=DIRECTION('',(-1.,0.,0.));
#6518=DIRECTION('',(0.,0.,1.));
#6519=DIRECTION('',(0.,0.,1.));
#6520=DIRECTION('',(1.,0.,0.));
#6521=DIRECTION('',(0.,0.,1.));
#6522=DIRECTION('',(1.,0.,0.));
#6523=DIRECTION('',(0.,0.,1.));
#6524=DIRECTION('',(0.,0.,1.));
#6525=DIRECTION('',(1.,0.,0.));
#6526=DIRECTION('',(-1.,-3.58136459556502E-15,0.));
#6527=DIRECTION('',(3.58136459556502E-15,-1.,0.));
#6528=DIRECTION('',(3.58136459556502E-15,-1.,0.));
#6529=DIRECTION('',(0.,0.,1.));
#6530=DIRECTION('',(3.58136459556502E-15,-1.,0.));
#6531=DIRECTION('',(0.,0.,1.));
#6532=DIRECTION('',(1.,0.,0.));
#6533=DIRECTION('',(0.,0.,1.));
#6534=DIRECTION('',(1.,0.,0.));
#6535=DIRECTION('',(0.,0.,1.));
#6536=DIRECTION('',(0.,0.,1.));
#6537=DIRECTION('',(1.,0.,0.));
#6538=DIRECTION('',(0.,-1.,0.));
#6539=DIRECTION('',(0.,0.,-1.));
#6540=DIRECTION('',(1.,0.,0.));
#6541=DIRECTION('',(0.,0.,1.));
#6542=DIRECTION('',(1.,0.,0.));
#6543=DIRECTION('',(0.,0.,1.));
#6544=DIRECTION('',(1.,0.,0.));
#6545=DIRECTION('',(0.,0.,1.));
#6546=DIRECTION('',(1.,0.,0.));
#6547=DIRECTION('',(0.,0.,1.));
#6548=DIRECTION('',(0.,0.,1.));
#6549=DIRECTION('',(1.,0.,0.));
#6550=DIRECTION('',(1.,0.,0.));
#6551=DIRECTION('',(0.,0.,-1.));
#6552=DIRECTION('',(0.,1.,0.));
#6553=DIRECTION('',(0.,0.,1.));
#6554=DIRECTION('',(0.,1.,0.));
#6555=DIRECTION('',(-1.,-1.79068229778251E-15,0.));
#6556=DIRECTION('',(1.79068229778251E-15,-1.,0.));
#6557=DIRECTION('',(1.79068229778251E-15,-1.,0.));
#6558=DIRECTION('',(0.,0.,1.));
#6559=DIRECTION('',(1.79068229778251E-15,-1.,0.));
#6560=DIRECTION('',(0.,0.,1.));
#6561=DIRECTION('',(0.,0.,1.));
#6562=DIRECTION('',(1.,0.,0.));
#6563=DIRECTION('',(0.,0.,1.));
#6564=DIRECTION('',(1.,0.,0.));
#6565=DIRECTION('',(0.,0.,1.));
#6566=DIRECTION('',(0.,0.,1.));
#6567=DIRECTION('',(1.,0.,0.));
#6568=DIRECTION('',(0.,-1.,0.));
#6569=DIRECTION('',(0.,0.,-1.));
#6570=DIRECTION('',(1.,0.,0.));
#6571=DIRECTION('',(0.,0.,1.));
#6572=DIRECTION('',(1.,0.,0.));
#6573=DIRECTION('',(0.,0.,1.));
#6574=DIRECTION('',(1.,0.,0.));
#6575=DIRECTION('',(0.,0.,1.));
#6576=DIRECTION('',(1.,0.,0.));
#6577=DIRECTION('',(0.,0.,1.));
#6578=DIRECTION('',(0.,0.,1.));
#6579=DIRECTION('',(1.,0.,0.));
#6580=DIRECTION('',(1.,0.,0.));
#6581=DIRECTION('',(0.,0.,-1.));
#6582=DIRECTION('',(0.,1.,0.));
#6583=DIRECTION('',(0.,0.,1.));
#6584=DIRECTION('',(0.,1.,0.));
#6585=DIRECTION('',(0.,0.,1.));
#6586=DIRECTION('',(1.,0.,0.));
#6587=DIRECTION('',(0.,0.,1.));
#6588=DIRECTION('',(1.,0.,0.));
#6589=DIRECTION('',(0.,0.,1.));
#6590=DIRECTION('',(0.,0.,1.));
#6591=DIRECTION('',(1.,0.,0.));
#6592=DIRECTION('',(0.,1.,0.));
#6593=DIRECTION('',(0.,0.,1.));
#6594=DIRECTION('',(-1.,0.,0.));
#6595=DIRECTION('',(0.,0.,1.));
#6596=DIRECTION('',(-1.,0.,0.));
#6597=DIRECTION('',(1.,0.,0.));
#6598=DIRECTION('',(0.,0.,-1.));
#6599=DIRECTION('',(0.,1.,0.));
#6600=DIRECTION('',(0.,0.,1.));
#6601=DIRECTION('',(0.,1.,0.));
#6602=DIRECTION('',(0.,0.,1.));
#6603=DIRECTION('',(0.,0.,1.));
#6604=DIRECTION('',(1.,0.,0.));
#6605=DIRECTION('',(0.,0.,1.));
#6606=DIRECTION('',(1.,0.,0.));
#6607=DIRECTION('',(0.,0.,1.));
#6608=DIRECTION('',(0.,0.,1.));
#6609=DIRECTION('',(1.,0.,0.));
#6610=DIRECTION('',(0.,1.,0.));
#6611=DIRECTION('',(0.,0.,1.));
#6612=DIRECTION('',(-1.,0.,0.));
#6613=DIRECTION('',(0.,0.,1.));
#6614=DIRECTION('',(-1.,0.,0.));
#6615=DIRECTION('',(0.,0.,1.));
#6616=DIRECTION('',(1.,0.,0.));
#6617=DIRECTION('',(0.,0.,1.));
#6618=DIRECTION('',(1.,0.,0.));
#6619=DIRECTION('',(0.,0.,1.));
#6620=DIRECTION('',(0.,0.,1.));
#6621=DIRECTION('',(1.,0.,0.));
#6622=DIRECTION('',(-1.,-1.79068229778251E-15,0.));
#6623=DIRECTION('',(1.79068229778251E-15,-1.,0.));
#6624=DIRECTION('',(1.79068229778251E-15,-1.,0.));
#6625=DIRECTION('',(0.,0.,1.));
#6626=DIRECTION('',(1.79068229778251E-15,-1.,0.));
#6627=DIRECTION('',(0.,0.,1.));
#6628=DIRECTION('',(1.,0.,0.));
#6629=DIRECTION('',(0.,0.,1.));
#6630=DIRECTION('',(1.,0.,0.));
#6631=DIRECTION('',(0.,0.,1.));
#6632=DIRECTION('',(0.,0.,1.));
#6633=DIRECTION('',(1.,0.,0.));
#6634=DIRECTION('',(0.,-1.,0.));
#6635=DIRECTION('',(0.,0.,-1.));
#6636=DIRECTION('',(1.,0.,0.));
#6637=DIRECTION('',(0.,0.,1.));
#6638=DIRECTION('',(1.,0.,0.));
#6639=DIRECTION('',(-1.,-1.79068229778251E-15,0.));
#6640=DIRECTION('',(1.79068229778251E-15,-1.,0.));
#6641=DIRECTION('',(1.79068229778251E-15,-1.,0.));
#6642=DIRECTION('',(0.,0.,1.));
#6643=DIRECTION('',(1.79068229778251E-15,-1.,0.));
#6644=DIRECTION('',(0.,0.,1.));
#6645=DIRECTION('',(0.,0.,1.));
#6646=DIRECTION('',(1.,0.,0.));
#6647=DIRECTION('',(0.,0.,1.));
#6648=DIRECTION('',(1.,0.,0.));
#6649=DIRECTION('',(0.,0.,1.));
#6650=DIRECTION('',(0.,0.,1.));
#6651=DIRECTION('',(1.,0.,0.));
#6652=DIRECTION('',(0.,-1.,0.));
#6653=DIRECTION('',(0.,0.,-1.));
#6654=DIRECTION('',(1.,0.,0.));
#6655=DIRECTION('',(0.,0.,1.));
#6656=DIRECTION('',(1.,0.,0.));
#6657=DIRECTION('',(0.,0.,1.));
#6658=DIRECTION('',(1.,0.,0.));
#6659=DIRECTION('',(0.,0.,1.));
#6660=DIRECTION('',(1.,0.,0.));
#6661=DIRECTION('',(0.,0.,1.));
#6662=DIRECTION('',(0.,0.,1.));
#6663=DIRECTION('',(1.,0.,0.));
#6664=DIRECTION('',(1.,0.,0.));
#6665=DIRECTION('',(0.,0.,-1.));
#6666=DIRECTION('',(0.,1.,0.));
#6667=DIRECTION('',(0.,0.,1.));
#6668=DIRECTION('',(0.,1.,0.));
#6669=DIRECTION('',(0.,0.,1.));
#6670=DIRECTION('',(1.,0.,0.));
#6671=DIRECTION('',(0.,0.,1.));
#6672=DIRECTION('',(1.,0.,0.));
#6673=DIRECTION('',(0.,0.,1.));
#6674=DIRECTION('',(0.,0.,1.));
#6675=DIRECTION('',(1.,0.,0.));
#6676=DIRECTION('',(0.,1.,0.));
#6677=DIRECTION('',(0.,0.,1.));
#6678=DIRECTION('',(-1.,0.,0.));
#6679=DIRECTION('',(0.,0.,1.));
#6680=DIRECTION('',(-1.,0.,0.));
#6681=DIRECTION('',(1.,0.,0.));
#6682=DIRECTION('',(0.,0.,-1.));
#6683=DIRECTION('',(0.,1.,0.));
#6684=DIRECTION('',(0.,0.,1.));
#6685=DIRECTION('',(0.,1.,0.));
#6686=DIRECTION('',(0.,0.,1.));
#6687=DIRECTION('',(0.,0.,1.));
#6688=DIRECTION('',(1.,0.,0.));
#6689=DIRECTION('',(0.,0.,1.));
#6690=DIRECTION('',(1.,0.,0.));
#6691=DIRECTION('',(0.,0.,1.));
#6692=DIRECTION('',(0.,0.,1.));
#6693=DIRECTION('',(1.,0.,0.));
#6694=DIRECTION('',(0.,1.,0.));
#6695=DIRECTION('',(0.,0.,1.));
#6696=DIRECTION('',(-1.,0.,0.));
#6697=DIRECTION('',(0.,0.,1.));
#6698=DIRECTION('',(-1.,0.,0.));
#6699=DIRECTION('',(0.,0.,1.));
#6700=DIRECTION('',(1.,0.,0.));
#6701=DIRECTION('',(0.,0.,1.));
#6702=DIRECTION('',(1.,0.,0.));
#6703=DIRECTION('',(0.,0.,1.));
#6704=DIRECTION('',(0.,0.,1.));
#6705=DIRECTION('',(1.,0.,0.));
#6706=DIRECTION('',(-1.,-1.79068229778251E-15,0.));
#6707=DIRECTION('',(1.79068229778251E-15,-1.,0.));
#6708=DIRECTION('',(1.79068229778251E-15,-1.,0.));
#6709=DIRECTION('',(0.,0.,1.));
#6710=DIRECTION('',(1.79068229778251E-15,-1.,0.));
#6711=DIRECTION('',(0.,0.,1.));
#6712=DIRECTION('',(1.,0.,0.));
#6713=DIRECTION('',(0.,0.,1.));
#6714=DIRECTION('',(1.,0.,0.));
#6715=DIRECTION('',(0.,0.,1.));
#6716=DIRECTION('',(0.,0.,1.));
#6717=DIRECTION('',(1.,0.,0.));
#6718=DIRECTION('',(0.,-1.,0.));
#6719=DIRECTION('',(0.,0.,-1.));
#6720=DIRECTION('',(1.,0.,0.));
#6721=DIRECTION('',(0.,0.,1.));
#6722=DIRECTION('',(1.,0.,0.));
#6723=DIRECTION('',(1.,0.,0.));
#6724=DIRECTION('',(0.,0.,-1.));
#6725=DIRECTION('',(0.,1.,0.));
#6726=DIRECTION('',(0.,0.,1.));
#6727=DIRECTION('',(0.,1.,0.));
#6728=DIRECTION('',(0.,0.,1.));
#6729=DIRECTION('',(0.,0.,1.));
#6730=DIRECTION('',(1.,0.,0.));
#6731=DIRECTION('',(0.,0.,1.));
#6732=DIRECTION('',(1.,0.,0.));
#6733=DIRECTION('',(0.,0.,1.));
#6734=DIRECTION('',(0.,0.,1.));
#6735=DIRECTION('',(1.,0.,0.));
#6736=DIRECTION('',(0.,1.,0.));
#6737=DIRECTION('',(0.,0.,1.));
#6738=DIRECTION('',(-1.,0.,0.));
#6739=DIRECTION('',(0.,0.,1.));
#6740=DIRECTION('',(-1.,0.,0.));
#6741=DIRECTION('',(0.,0.,1.));
#6742=DIRECTION('',(1.,0.,0.));
#6743=DIRECTION('',(0.,0.,1.));
#6744=DIRECTION('',(1.,0.,0.));
#6745=DIRECTION('',(0.,0.,1.));
#6746=DIRECTION('',(0.,0.,1.));
#6747=DIRECTION('',(1.,0.,0.));
#6748=DIRECTION('',(-1.,-1.79068229778251E-15,0.));
#6749=DIRECTION('',(1.79068229778251E-15,-1.,0.));
#6750=DIRECTION('',(1.79068229778251E-15,-1.,0.));
#6751=DIRECTION('',(0.,0.,1.));
#6752=DIRECTION('',(1.79068229778251E-15,-1.,0.));
#6753=DIRECTION('',(0.,0.,1.));
#6754=DIRECTION('',(1.,0.,0.));
#6755=DIRECTION('',(0.,0.,1.));
#6756=DIRECTION('',(1.,0.,0.));
#6757=DIRECTION('',(0.,0.,1.));
#6758=DIRECTION('',(0.,0.,1.));
#6759=DIRECTION('',(1.,0.,0.));
#6760=DIRECTION('',(0.,-1.,0.));
#6761=DIRECTION('',(0.,0.,-1.));
#6762=DIRECTION('',(1.,0.,0.));
#6763=DIRECTION('',(0.,0.,1.));
#6764=DIRECTION('',(1.,0.,0.));
#6765=DIRECTION('',(-1.,-1.79068229778251E-15,0.));
#6766=DIRECTION('',(1.79068229778251E-15,-1.,0.));
#6767=DIRECTION('',(1.79068229778251E-15,-1.,0.));
#6768=DIRECTION('',(0.,0.,1.));
#6769=DIRECTION('',(1.79068229778251E-15,-1.,0.));
#6770=DIRECTION('',(0.,0.,1.));
#6771=DIRECTION('',(0.,0.,1.));
#6772=DIRECTION('',(1.,0.,0.));
#6773=DIRECTION('',(0.,0.,1.));
#6774=DIRECTION('',(1.,0.,0.));
#6775=DIRECTION('',(0.,0.,1.));
#6776=DIRECTION('',(0.,0.,1.));
#6777=DIRECTION('',(1.,0.,0.));
#6778=DIRECTION('',(0.,-1.,0.));
#6779=DIRECTION('',(0.,0.,-1.));
#6780=DIRECTION('',(1.,0.,0.));
#6781=DIRECTION('',(0.,0.,1.));
#6782=DIRECTION('',(1.,0.,0.));
#6783=DIRECTION('',(0.,0.,1.));
#6784=DIRECTION('',(1.,0.,0.));
#6785=DIRECTION('',(0.,0.,1.));
#6786=DIRECTION('',(1.,0.,0.));
#6787=DIRECTION('',(0.,0.,1.));
#6788=DIRECTION('',(0.,0.,1.));
#6789=DIRECTION('',(1.,0.,0.));
#6790=DIRECTION('',(1.,0.,0.));
#6791=DIRECTION('',(0.,0.,-1.));
#6792=DIRECTION('',(0.,1.,0.));
#6793=DIRECTION('',(0.,0.,1.));
#6794=DIRECTION('',(0.,1.,0.));
#6795=DIRECTION('',(0.,0.,1.));
#6796=DIRECTION('',(1.,0.,0.));
#6797=DIRECTION('',(0.,0.,1.));
#6798=DIRECTION('',(1.,0.,0.));
#6799=DIRECTION('',(0.,0.,1.));
#6800=DIRECTION('',(0.,0.,1.));
#6801=DIRECTION('',(1.,0.,0.));
#6802=DIRECTION('',(0.,1.,0.));
#6803=DIRECTION('',(0.,0.,1.));
#6804=DIRECTION('',(-1.,0.,0.));
#6805=DIRECTION('',(0.,0.,1.));
#6806=DIRECTION('',(-1.,0.,0.));
#6807=DIRECTION('',(-1.,-1.79068229778251E-15,0.));
#6808=DIRECTION('',(1.79068229778251E-15,-1.,0.));
#6809=DIRECTION('',(1.79068229778251E-15,-1.,0.));
#6810=DIRECTION('',(0.,0.,1.));
#6811=DIRECTION('',(1.79068229778251E-15,-1.,0.));
#6812=DIRECTION('',(0.,0.,1.));
#6813=DIRECTION('',(0.,0.,1.));
#6814=DIRECTION('',(1.,0.,0.));
#6815=DIRECTION('',(0.,0.,1.));
#6816=DIRECTION('',(1.,0.,0.));
#6817=DIRECTION('',(0.,0.,1.));
#6818=DIRECTION('',(0.,0.,1.));
#6819=DIRECTION('',(1.,0.,0.));
#6820=DIRECTION('',(0.,-1.,0.));
#6821=DIRECTION('',(0.,0.,-1.));
#6822=DIRECTION('',(1.,0.,0.));
#6823=DIRECTION('',(0.,0.,1.));
#6824=DIRECTION('',(1.,0.,0.));
#6825=DIRECTION('',(0.,0.,1.));
#6826=DIRECTION('',(1.,0.,0.));
#6827=DIRECTION('',(0.,0.,1.));
#6828=DIRECTION('',(1.,0.,0.));
#6829=DIRECTION('',(0.,0.,1.));
#6830=DIRECTION('',(0.,0.,1.));
#6831=DIRECTION('',(1.,0.,0.));
#6832=DIRECTION('',(1.,0.,0.));
#6833=DIRECTION('',(0.,0.,-1.));
#6834=DIRECTION('',(0.,1.,0.));
#6835=DIRECTION('',(0.,0.,1.));
#6836=DIRECTION('',(0.,1.,0.));
#6837=DIRECTION('',(0.,0.,1.));
#6838=DIRECTION('',(1.,0.,0.));
#6839=DIRECTION('',(0.,0.,1.));
#6840=DIRECTION('',(1.,0.,0.));
#6841=DIRECTION('',(0.,0.,1.));
#6842=DIRECTION('',(0.,0.,1.));
#6843=DIRECTION('',(1.,0.,0.));
#6844=DIRECTION('',(0.,1.,0.));
#6845=DIRECTION('',(0.,0.,1.));
#6846=DIRECTION('',(-1.,0.,0.));
#6847=DIRECTION('',(0.,0.,1.));
#6848=DIRECTION('',(-1.,0.,0.));
#6849=DIRECTION('',(1.,0.,0.));
#6850=DIRECTION('',(0.,0.,-1.));
#6851=DIRECTION('',(0.,1.,0.));
#6852=DIRECTION('',(0.,0.,1.));
#6853=DIRECTION('',(0.,1.,0.));
#6854=DIRECTION('',(0.,0.,1.));
#6855=DIRECTION('',(0.,0.,1.));
#6856=DIRECTION('',(1.,0.,0.));
#6857=DIRECTION('',(0.,0.,1.));
#6858=DIRECTION('',(1.,0.,0.));
#6859=DIRECTION('',(0.,0.,1.));
#6860=DIRECTION('',(0.,0.,1.));
#6861=DIRECTION('',(1.,0.,0.));
#6862=DIRECTION('',(0.,1.,0.));
#6863=DIRECTION('',(0.,0.,1.));
#6864=DIRECTION('',(-1.,0.,0.));
#6865=DIRECTION('',(0.,0.,1.));
#6866=DIRECTION('',(-1.,0.,0.));
#6867=DIRECTION('',(0.,0.,1.));
#6868=DIRECTION('',(1.,0.,0.));
#6869=DIRECTION('',(0.,0.,1.));
#6870=DIRECTION('',(1.,0.,0.));
#6871=DIRECTION('',(0.,0.,1.));
#6872=DIRECTION('',(0.,0.,1.));
#6873=DIRECTION('',(1.,0.,0.));
#6874=DIRECTION('',(-1.,-1.79068229778251E-15,0.));
#6875=DIRECTION('',(1.79068229778251E-15,-1.,0.));
#6876=DIRECTION('',(1.79068229778251E-15,-1.,0.));
#6877=DIRECTION('',(0.,0.,1.));
#6878=DIRECTION('',(1.79068229778251E-15,-1.,0.));
#6879=DIRECTION('',(0.,0.,1.));
#6880=DIRECTION('',(1.,0.,0.));
#6881=DIRECTION('',(0.,0.,1.));
#6882=DIRECTION('',(1.,0.,0.));
#6883=DIRECTION('',(0.,0.,1.));
#6884=DIRECTION('',(0.,0.,1.));
#6885=DIRECTION('',(1.,0.,0.));
#6886=DIRECTION('',(0.,-1.,0.));
#6887=DIRECTION('',(0.,0.,-1.));
#6888=DIRECTION('',(1.,0.,0.));
#6889=DIRECTION('',(0.,0.,1.));
#6890=DIRECTION('',(1.,0.,0.));
#6891=DIRECTION('',(0.,0.,1.));
#6892=DIRECTION('',(1.,0.,0.));
#6893=DIRECTION('',(0.,0.,1.));
#6894=DIRECTION('',(1.,0.,0.));
#6895=DIRECTION('',(0.,0.,1.));
#6896=DIRECTION('',(1.,0.,0.));
#6897=DIRECTION('',(0.,0.,1.));
#6898=DIRECTION('',(1.,0.,0.));
#6899=DIRECTION('',(0.,0.,1.));
#6900=DIRECTION('',(1.,0.,0.));
#6901=DIRECTION('',(0.,0.,1.));
#6902=DIRECTION('',(1.,0.,0.));
#6903=DIRECTION('',(0.,0.,1.));
#6904=DIRECTION('',(1.,0.,0.));
#6905=DIRECTION('',(0.,0.,1.));
#6906=DIRECTION('',(1.,0.,0.));
#6907=DIRECTION('',(0.,0.,1.));
#6908=DIRECTION('',(1.,0.,0.));
#6909=DIRECTION('',(0.,0.,1.));
#6910=DIRECTION('',(1.,0.,0.));
#6911=DIRECTION('',(0.,0.,1.));
#6912=DIRECTION('',(1.,0.,0.));
#6913=DIRECTION('',(0.,0.,1.));
#6914=DIRECTION('',(1.,0.,0.));
#6915=DIRECTION('',(0.,0.,1.));
#6916=DIRECTION('',(1.,0.,0.));
#6917=DIRECTION('',(0.,0.,1.));
#6918=DIRECTION('',(1.,0.,0.));
#6919=DIRECTION('',(0.,0.,1.));
#6920=DIRECTION('',(1.,0.,0.));
#6921=DIRECTION('',(0.,0.,1.));
#6922=DIRECTION('',(1.,0.,0.));
#6923=DIRECTION('',(0.,0.,1.));
#6924=DIRECTION('',(1.,0.,0.));
#6925=DIRECTION('',(0.,0.,1.));
#6926=DIRECTION('',(1.,0.,0.));
#6927=DIRECTION('',(0.,0.,1.));
#6928=DIRECTION('',(1.,0.,0.));
#6929=DIRECTION('',(0.,0.,1.));
#6930=DIRECTION('',(1.,0.,0.));
#6931=DIRECTION('',(0.,0.,1.));
#6932=DIRECTION('',(1.,0.,0.));
#6933=DIRECTION('',(0.,0.,1.));
#6934=DIRECTION('',(1.,0.,0.));
#6935=DIRECTION('',(0.,0.,1.));
#6936=DIRECTION('',(1.,0.,0.));
#6937=DIRECTION('',(0.,0.,1.));
#6938=DIRECTION('',(1.,0.,0.));
#6939=DIRECTION('',(0.,0.,1.));
#6940=DIRECTION('',(1.,0.,0.));
#6941=DIRECTION('',(0.,0.,1.));
#6942=DIRECTION('',(1.,0.,0.));
#6943=DIRECTION('',(0.,0.,1.));
#6944=DIRECTION('',(1.,0.,0.));
#6945=DIRECTION('',(0.,0.,1.));
#6946=DIRECTION('',(1.,0.,0.));
#6947=DIRECTION('',(0.,0.,1.));
#6948=DIRECTION('',(1.,0.,0.));
#6949=DIRECTION('',(0.,0.,1.));
#6950=DIRECTION('',(1.,0.,0.));
#6951=DIRECTION('',(0.,0.,1.));
#6952=DIRECTION('',(1.,0.,0.));
#6953=DIRECTION('',(0.,0.,1.));
#6954=DIRECTION('',(1.,0.,0.));
#6955=DIRECTION('',(0.,0.,1.));
#6956=DIRECTION('',(1.,0.,0.));
#6957=DIRECTION('',(0.,0.,1.));
#6958=DIRECTION('',(1.,0.,0.));
#6959=DIRECTION('',(0.,0.,1.));
#6960=DIRECTION('',(1.,0.,0.));
#6961=DIRECTION('',(0.,0.,1.));
#6962=DIRECTION('',(1.,0.,0.));
#6963=DIRECTION('',(0.,0.,1.));
#6964=DIRECTION('',(1.,0.,0.));
#6965=DIRECTION('',(0.,0.,1.));
#6966=DIRECTION('',(1.,0.,0.));
#6967=DIRECTION('',(0.,0.,1.));
#6968=DIRECTION('',(1.,0.,0.));
#6969=DIRECTION('',(0.,0.,1.));
#6970=DIRECTION('',(1.,0.,0.));
#6971=DIRECTION('',(0.,0.,1.));
#6972=DIRECTION('',(1.,0.,0.));
#6973=DIRECTION('',(0.,0.,1.));
#6974=DIRECTION('',(1.,0.,0.));
#6975=DIRECTION('',(0.,0.,1.));
#6976=DIRECTION('',(1.,0.,0.));
#6977=DIRECTION('',(0.,0.,1.));
#6978=DIRECTION('',(1.,0.,0.));
#6979=DIRECTION('',(0.,0.,1.));
#6980=DIRECTION('',(1.,0.,0.));
#6981=DIRECTION('',(0.,0.,1.));
#6982=DIRECTION('',(1.,0.,0.));
#6983=DIRECTION('',(0.,0.,1.));
#6984=DIRECTION('',(1.,0.,0.));
#6985=DIRECTION('',(0.,0.,1.));
#6986=DIRECTION('',(1.,0.,0.));
#6987=DIRECTION('',(0.,0.,1.));
#6988=DIRECTION('',(1.,0.,0.));
#6989=DIRECTION('',(0.,0.,1.));
#6990=DIRECTION('',(1.,0.,0.));
#6991=DIRECTION('',(0.,0.,1.));
#6992=DIRECTION('',(1.,0.,0.));
#6993=DIRECTION('',(0.,0.,1.));
#6994=DIRECTION('',(1.,0.,0.));
#6995=DIRECTION('',(0.,0.,1.));
#6996=DIRECTION('',(1.,0.,0.));
#6997=DIRECTION('',(0.,0.,1.));
#6998=DIRECTION('',(1.,0.,0.));
#6999=DIRECTION('',(0.,0.,1.));
#7000=DIRECTION('',(1.,0.,0.));
#7001=DIRECTION('',(0.,0.,1.));
#7002=DIRECTION('',(1.,0.,0.));
#7003=DIRECTION('',(0.,0.,1.));
#7004=DIRECTION('',(1.,0.,0.));
#7005=DIRECTION('',(0.,0.,1.));
#7006=DIRECTION('',(1.,0.,0.));
#7007=DIRECTION('',(0.,0.,1.));
#7008=DIRECTION('',(1.,0.,0.));
#7009=DIRECTION('',(0.,0.,1.));
#7010=DIRECTION('',(1.,0.,0.));
#7011=DIRECTION('',(0.,0.,1.));
#7012=DIRECTION('',(1.,0.,0.));
#7013=DIRECTION('',(0.,0.,1.));
#7014=DIRECTION('',(1.,0.,0.));
#7015=DIRECTION('',(0.,0.,1.));
#7016=DIRECTION('',(1.,0.,0.));
#7017=DIRECTION('',(0.,0.,1.));
#7018=DIRECTION('',(1.,0.,0.));
#7019=DIRECTION('',(0.,0.,1.));
#7020=DIRECTION('',(1.,0.,0.));
#7021=DIRECTION('',(0.,0.,1.));
#7022=DIRECTION('',(1.,0.,0.));
#7023=DIRECTION('',(0.,0.,1.));
#7024=DIRECTION('',(1.,0.,0.));
#7025=DIRECTION('',(0.,0.,1.));
#7026=DIRECTION('',(1.,0.,0.));
#7027=DIRECTION('',(0.,0.,1.));
#7028=DIRECTION('',(1.,0.,0.));
#7029=DIRECTION('',(0.,0.,1.));
#7030=DIRECTION('',(1.,0.,0.));
#7031=DIRECTION('',(0.,0.,1.));
#7032=DIRECTION('',(1.,0.,0.));
#7033=DIRECTION('',(0.,0.,1.));
#7034=DIRECTION('',(1.,0.,0.));
#7035=DIRECTION('',(0.,0.,1.));
#7036=DIRECTION('',(1.,0.,0.));
#7037=DIRECTION('',(0.,0.,1.));
#7038=DIRECTION('',(1.,0.,0.));
#7039=DIRECTION('',(0.,0.,1.));
#7040=DIRECTION('',(1.,0.,0.));
#7041=DIRECTION('',(0.,0.,1.));
#7042=DIRECTION('',(1.,0.,0.));
#7043=DIRECTION('',(0.,0.,1.));
#7044=DIRECTION('',(1.,0.,0.));
#7045=DIRECTION('',(0.,0.,1.));
#7046=DIRECTION('',(1.,0.,0.));
#7047=DIRECTION('',(0.,0.,1.));
#7048=DIRECTION('',(1.,0.,0.));
#7049=DIRECTION('',(0.,0.,1.));
#7050=DIRECTION('',(1.,0.,0.));
#7051=DIRECTION('',(0.,0.,1.));
#7052=DIRECTION('',(1.,0.,0.));
#7053=DIRECTION('',(0.,0.,1.));
#7054=DIRECTION('',(1.,0.,0.));
#7055=DIRECTION('',(0.,0.,1.));
#7056=DIRECTION('',(1.,0.,0.));
#7057=DIRECTION('',(0.,0.,1.));
#7058=DIRECTION('',(1.,0.,0.));
#7059=DIRECTION('',(0.,0.,1.));
#7060=DIRECTION('',(1.,0.,0.));
#7061=DIRECTION('',(0.,0.,1.));
#7062=DIRECTION('',(1.,0.,0.));
#7063=DIRECTION('',(0.,0.,1.));
#7064=DIRECTION('',(1.,0.,0.));
#7065=DIRECTION('',(0.,0.,1.));
#7066=DIRECTION('',(1.,0.,0.));
#7067=DIRECTION('',(0.,0.,1.));
#7068=DIRECTION('',(1.,0.,0.));
#7069=DIRECTION('',(0.,0.,1.));
#7070=DIRECTION('',(1.,0.,0.));
#7071=DIRECTION('',(-1.,0.,0.));
#7072=DIRECTION('',(0.,0.,1.));
#7073=DIRECTION('',(0.,-1.,0.));
#7074=DIRECTION('',(0.,0.,1.));
#7075=DIRECTION('',(0.,-1.,0.));
#7076=DIRECTION('',(0.,0.,1.));
#7077=DIRECTION('',(0.,0.,1.));
#7078=DIRECTION('',(1.,0.,0.));
#7079=DIRECTION('',(0.,0.,1.));
#7080=DIRECTION('',(1.,0.,0.));
#7081=DIRECTION('',(0.,0.,1.));
#7082=DIRECTION('',(1.,0.,0.));
#7083=DIRECTION('',(0.,0.,1.));
#7084=DIRECTION('',(1.,0.,0.));
#7085=DIRECTION('',(0.,0.,1.));
#7086=DIRECTION('',(1.,0.,0.));
#7087=DIRECTION('',(0.,0.,1.));
#7088=DIRECTION('',(1.,0.,0.));
#7089=DIRECTION('',(0.,0.,1.));
#7090=DIRECTION('',(1.,0.,0.));
#7091=DIRECTION('',(0.,0.,1.));
#7092=DIRECTION('',(1.,0.,0.));
#7093=DIRECTION('',(0.,0.,1.));
#7094=DIRECTION('',(1.,0.,0.));
#7095=DIRECTION('',(0.,0.,1.));
#7096=DIRECTION('',(1.,0.,0.));
#7097=DIRECTION('',(0.,0.,-1.));
#7098=DIRECTION('',(-1.,0.,0.));
#7099=DIRECTION('',(0.,0.,-1.));
#7100=DIRECTION('',(-1.,0.,0.));
#7101=DIRECTION('',(0.,0.,1.));
#7102=DIRECTION('',(1.,0.,0.));
#7103=DIRECTION('',(0.,0.,1.));
#7104=DIRECTION('',(1.,0.,0.));
#7105=CARTESIAN_POINT('',(0.,0.,0.));
#7106=CARTESIAN_POINT('',(0.,0.053,-0.002));
#7107=CARTESIAN_POINT('',(0.,0.053,0.));
#7108=CARTESIAN_POINT('',(0.1745,0.053,0.));
#7109=CARTESIAN_POINT('',(0.08475,0.053,0.));
#7110=CARTESIAN_POINT('',(0.1745,0.053,-0.002));
#7111=CARTESIAN_POINT('',(0.1745,0.053,-0.002));
#7112=CARTESIAN_POINT('',(0.,0.053,-0.002));
#7113=CARTESIAN_POINT('',(0.08475,0.053,-0.002));
#7114=CARTESIAN_POINT('',(0.08475,0.053,-0.002));
#7115=CARTESIAN_POINT('',(0.1755,1.38777878078145E-17,-0.002));
#7116=CARTESIAN_POINT('',(0.1755,1.38777878078145E-17,0.));
#7117=CARTESIAN_POINT('',(0.1755,-0.052,0.));
#7118=CARTESIAN_POINT('',(0.1755,0.052,0.));
#7119=CARTESIAN_POINT('',(0.1755,-0.052,-0.002));
#7120=CARTESIAN_POINT('',(0.1755,-0.052,-0.002));
#7121=CARTESIAN_POINT('',(0.1755,1.38777878078145E-17,-0.002));
#7122=CARTESIAN_POINT('',(0.1755,0.052,-0.002));
#7123=CARTESIAN_POINT('',(0.1755,0.052,-0.002));
#7124=CARTESIAN_POINT('',(0.,-0.053,-0.002));
#7125=CARTESIAN_POINT('',(0.,-0.053,0.));
#7126=CARTESIAN_POINT('',(0.1745,-0.053,0.));
#7127=CARTESIAN_POINT('',(0.08475,-0.053,0.));
#7128=CARTESIAN_POINT('',(0.08475,-0.053,-0.002));
#7129=CARTESIAN_POINT('',(0.08475,-0.053,-0.002));
#7130=CARTESIAN_POINT('',(0.,-0.053,-0.002));
#7131=CARTESIAN_POINT('',(0.1745,-0.053,-0.002));
#7132=CARTESIAN_POINT('',(0.1745,-0.053,0.));
#7133=CARTESIAN_POINT('',(0.153825,-6.93889390390723E-18,-0.002));
#7134=CARTESIAN_POINT('',(0.153825,-6.93889390390723E-18,0.));
#7135=CARTESIAN_POINT('',(0.153825,0.00262499999999996,0.));
#7136=CARTESIAN_POINT('',(0.153825,0.014125,0.));
#7137=CARTESIAN_POINT('',(0.153825,0.00262499999999996,-0.002));
#7138=CARTESIAN_POINT('',(0.153825,0.00262499999999996,-0.002));
#7139=CARTESIAN_POINT('',(0.153825,-6.93889390390723E-18,-0.002));
#7140=CARTESIAN_POINT('',(0.153825,0.014125,-0.002));
#7141=CARTESIAN_POINT('',(0.153825,0.014125,-0.002));
#7142=CARTESIAN_POINT('',(0.156125,0.00262499999999996,-0.002));
#7143=CARTESIAN_POINT('',(0.156125,0.00262499999999996,0.));
#7144=CARTESIAN_POINT('',(0.156125,0.000324999999999959,0.));
#7145=CARTESIAN_POINT('',(0.156125,0.000324999999999959,-0.002));
#7146=CARTESIAN_POINT('',(0.156125,0.000324999999999959,-0.002));
#7147=CARTESIAN_POINT('',(0.156125,0.00262499999999996,-0.002));
#7148=CARTESIAN_POINT('',(0.,0.000324999999999959,-0.002));
#7149=CARTESIAN_POINT('',(0.,0.000324999999999959,0.));
#7150=CARTESIAN_POINT('',(0.167625,0.000324999999999959,0.));
#7151=CARTESIAN_POINT('',(0.167625,0.000324999999999959,-0.002));
#7152=CARTESIAN_POINT('',(0.167625,0.000324999999999959,-0.002));
#7153=CARTESIAN_POINT('',(0.,0.000324999999999959,-0.002));
#7154=CARTESIAN_POINT('',(0.167625,0.00262499999999996,-0.002));
#7155=CARTESIAN_POINT('',(0.167625,0.00262499999999996,0.));
#7156=CARTESIAN_POINT('',(0.169925,0.00262499999999996,0.));
#7157=CARTESIAN_POINT('',(0.169925,0.00262499999999996,-0.002));
#7158=CARTESIAN_POINT('',(0.169925,0.00262499999999996,-0.002));
#7159=CARTESIAN_POINT('',(0.167625,0.00262499999999996,-0.002));
#7160=CARTESIAN_POINT('',(0.169925,-6.93889390390723E-18,-0.002));
#7161=CARTESIAN_POINT('',(0.169925,-6.93889390390723E-18,0.));
#7162=CARTESIAN_POINT('',(0.169925,0.014125,0.));
#7163=CARTESIAN_POINT('',(0.169925,0.014125,-0.002));
#7164=CARTESIAN_POINT('',(0.169925,0.014125,-0.002));
#7165=CARTESIAN_POINT('',(0.169925,-6.93889390390723E-18,-0.002));
#7166=CARTESIAN_POINT('',(0.167625,0.014125,-0.002));
#7167=CARTESIAN_POINT('',(0.167625,0.014125,0.));
#7168=CARTESIAN_POINT('',(0.167625,0.016425,0.));
#7169=CARTESIAN_POINT('',(0.167625,0.016425,-0.002));
#7170=CARTESIAN_POINT('',(0.167625,0.016425,-0.002));
#7171=CARTESIAN_POINT('',(0.167625,0.014125,-0.002));
#7172=CARTESIAN_POINT('',(0.,0.016425,-0.002));
#7173=CARTESIAN_POINT('',(0.,0.016425,0.));
#7174=CARTESIAN_POINT('',(0.156125,0.016425,0.));
#7175=CARTESIAN_POINT('',(0.156125,0.016425,-0.002));
#7176=CARTESIAN_POINT('',(0.156125,0.016425,-0.002));
#7177=CARTESIAN_POINT('',(0.,0.016425,-0.002));
#7178=CARTESIAN_POINT('',(0.169925,-6.93889390390723E-18,-0.002));
#7179=CARTESIAN_POINT('',(0.169925,-6.93889390390723E-18,0.));
#7180=CARTESIAN_POINT('',(0.169925,-0.00262500000000004,0.));
#7181=CARTESIAN_POINT('',(0.169925,-0.014125,0.));
#7182=CARTESIAN_POINT('',(0.169925,-0.00262500000000004,-0.002));
#7183=CARTESIAN_POINT('',(0.169925,-0.00262500000000004,-0.002));
#7184=CARTESIAN_POINT('',(0.169925,-6.93889390390723E-18,-0.002));
#7185=CARTESIAN_POINT('',(0.169925,-0.014125,-0.002));
#7186=CARTESIAN_POINT('',(0.169925,-0.014125,-0.002));
#7187=CARTESIAN_POINT('',(0.167625,-0.00262500000000004,-0.002));
#7188=CARTESIAN_POINT('',(0.167625,-0.00262500000000004,0.));
#7189=CARTESIAN_POINT('',(0.167625,-0.000325000000000035,0.));
#7190=CARTESIAN_POINT('',(0.167625,-0.000325000000000035,-0.002));
#7191=CARTESIAN_POINT('',(0.167625,-0.000325000000000035,-0.002));
#7192=CARTESIAN_POINT('',(0.167625,-0.00262500000000004,-0.002));
#7193=CARTESIAN_POINT('',(0.,-0.000325000000000035,-0.002));
#7194=CARTESIAN_POINT('',(0.,-0.000325000000000035,0.));
#7195=CARTESIAN_POINT('',(0.156125,-0.000325000000000035,0.));
#7196=CARTESIAN_POINT('',(0.156125,-0.000325000000000035,-0.002));
#7197=CARTESIAN_POINT('',(0.156125,-0.000325000000000035,-0.002));
#7198=CARTESIAN_POINT('',(0.,-0.000325000000000035,-0.002));
#7199=CARTESIAN_POINT('',(0.156125,-0.00262500000000004,-0.002));
#7200=CARTESIAN_POINT('',(0.156125,-0.00262500000000004,0.));
#7201=CARTESIAN_POINT('',(0.153825,-0.00262500000000004,0.));
#7202=CARTESIAN_POINT('',(0.153825,-0.00262500000000004,-0.002));
#7203=CARTESIAN_POINT('',(0.153825,-0.00262500000000004,-0.002));
#7204=CARTESIAN_POINT('',(0.156125,-0.00262500000000004,-0.002));
#7205=CARTESIAN_POINT('',(0.153825,-6.93889390390723E-18,-0.002));
#7206=CARTESIAN_POINT('',(0.153825,-6.93889390390723E-18,0.));
#7207=CARTESIAN_POINT('',(0.153825,-0.014125,0.));
#7208=CARTESIAN_POINT('',(0.153825,-0.014125,-0.002));
#7209=CARTESIAN_POINT('',(0.153825,-0.014125,-0.002));
#7210=CARTESIAN_POINT('',(0.153825,-6.93889390390723E-18,-0.002));
#7211=CARTESIAN_POINT('',(0.156125,-0.014125,-0.002));
#7212=CARTESIAN_POINT('',(0.156125,-0.014125,0.));
#7213=CARTESIAN_POINT('',(0.156125,-0.016425,0.));
#7214=CARTESIAN_POINT('',(0.156125,-0.016425,-0.002));
#7215=CARTESIAN_POINT('',(0.156125,-0.016425,-0.002));
#7216=CARTESIAN_POINT('',(0.156125,-0.014125,-0.002));
#7217=CARTESIAN_POINT('',(0.,-0.016425,-0.002));
#7218=CARTESIAN_POINT('',(0.,-0.016425,0.));
#7219=CARTESIAN_POINT('',(0.167625,-0.016425,0.));
#7220=CARTESIAN_POINT('',(0.167625,-0.016425,-0.002));
#7221=CARTESIAN_POINT('',(0.167625,-0.016425,-0.002));
#7222=CARTESIAN_POINT('',(0.,-0.016425,-0.002));
#7223=CARTESIAN_POINT('',(0.153825,-6.93889390390723E-18,-0.002));
#7224=CARTESIAN_POINT('',(0.153825,-6.93889390390723E-18,0.));
#7225=CARTESIAN_POINT('',(0.153825,0.019375,0.));
#7226=CARTESIAN_POINT('',(0.153825,0.030875,0.));
#7227=CARTESIAN_POINT('',(0.153825,0.019375,-0.002));
#7228=CARTESIAN_POINT('',(0.153825,0.019375,-0.002));
#7229=CARTESIAN_POINT('',(0.153825,-6.93889390390723E-18,-0.002));
#7230=CARTESIAN_POINT('',(0.153825,0.030875,-0.002));
#7231=CARTESIAN_POINT('',(0.153825,0.030875,-0.002));
#7232=CARTESIAN_POINT('',(0.156125,0.019375,-0.002));
#7233=CARTESIAN_POINT('',(0.156125,0.019375,0.));
#7234=CARTESIAN_POINT('',(0.156125,0.017075,0.));
#7235=CARTESIAN_POINT('',(0.156125,0.017075,-0.002));
#7236=CARTESIAN_POINT('',(0.156125,0.017075,-0.002));
#7237=CARTESIAN_POINT('',(0.156125,0.019375,-0.002));
#7238=CARTESIAN_POINT('',(0.,0.017075,-0.002));
#7239=CARTESIAN_POINT('',(0.,0.017075,0.));
#7240=CARTESIAN_POINT('',(0.167625,0.017075,0.));
#7241=CARTESIAN_POINT('',(0.167625,0.017075,-0.002));
#7242=CARTESIAN_POINT('',(0.167625,0.017075,-0.002));
#7243=CARTESIAN_POINT('',(0.,0.017075,-0.002));
#7244=CARTESIAN_POINT('',(0.167625,0.019375,-0.002));
#7245=CARTESIAN_POINT('',(0.167625,0.019375,0.));
#7246=CARTESIAN_POINT('',(0.169925,0.019375,0.));
#7247=CARTESIAN_POINT('',(0.169925,0.019375,-0.002));
#7248=CARTESIAN_POINT('',(0.169925,0.019375,-0.002));
#7249=CARTESIAN_POINT('',(0.167625,0.019375,-0.002));
#7250=CARTESIAN_POINT('',(0.169925,-6.93889390390723E-18,-0.002));
#7251=CARTESIAN_POINT('',(0.169925,-6.93889390390723E-18,0.));
#7252=CARTESIAN_POINT('',(0.169925,0.030875,0.));
#7253=CARTESIAN_POINT('',(0.169925,0.030875,-0.002));
#7254=CARTESIAN_POINT('',(0.169925,0.030875,-0.002));
#7255=CARTESIAN_POINT('',(0.169925,-6.93889390390723E-18,-0.002));
#7256=CARTESIAN_POINT('',(0.167625,0.030875,-0.002));
#7257=CARTESIAN_POINT('',(0.167625,0.030875,0.));
#7258=CARTESIAN_POINT('',(0.167625,0.033175,0.));
#7259=CARTESIAN_POINT('',(0.167625,0.033175,-0.002));
#7260=CARTESIAN_POINT('',(0.167625,0.033175,-0.002));
#7261=CARTESIAN_POINT('',(0.167625,0.030875,-0.002));
#7262=CARTESIAN_POINT('',(0.,0.033175,-0.002));
#7263=CARTESIAN_POINT('',(0.,0.033175,0.));
#7264=CARTESIAN_POINT('',(0.156125,0.033175,0.));
#7265=CARTESIAN_POINT('',(0.156125,0.033175,-0.002));
#7266=CARTESIAN_POINT('',(0.156125,0.033175,-0.002));
#7267=CARTESIAN_POINT('',(0.,0.033175,-0.002));
#7268=CARTESIAN_POINT('',(0.119675,2.07361010083214E-16,-0.002));
#7269=CARTESIAN_POINT('',(0.119675,2.07361010083214E-16,0.));
#7270=CARTESIAN_POINT('',(0.119675,-0.019375,0.));
#7271=CARTESIAN_POINT('',(0.119675,-0.030875,0.));
#7272=CARTESIAN_POINT('',(0.119675,-0.019375,-0.002));
#7273=CARTESIAN_POINT('',(0.119675,-0.019375,-0.002));
#7274=CARTESIAN_POINT('',(0.119675,2.07361010083214E-16,-0.002));
#7275=CARTESIAN_POINT('',(0.119675,-0.030875,-0.002));
#7276=CARTESIAN_POINT('',(0.119675,-0.030875,-0.002));
#7277=CARTESIAN_POINT('',(0.117375,-0.019375,-0.002));
#7278=CARTESIAN_POINT('',(0.117375,-0.019375,0.));
#7279=CARTESIAN_POINT('',(0.117375,-0.017075,0.));
#7280=CARTESIAN_POINT('',(0.117375,-0.017075,-0.002));
#7281=CARTESIAN_POINT('',(0.117375,-0.017075,-0.002));
#7282=CARTESIAN_POINT('',(0.117375,-0.019375,-0.002));
#7283=CARTESIAN_POINT('',(0.,-0.017075,-0.002));
#7284=CARTESIAN_POINT('',(0.,-0.017075,0.));
#7285=CARTESIAN_POINT('',(0.105875,-0.017075,0.));
#7286=CARTESIAN_POINT('',(0.105875,-0.017075,-0.002));
#7287=CARTESIAN_POINT('',(0.105875,-0.017075,-0.002));
#7288=CARTESIAN_POINT('',(0.,-0.017075,-0.002));
#7289=CARTESIAN_POINT('',(0.105875,-0.019375,-0.002));
#7290=CARTESIAN_POINT('',(0.105875,-0.019375,0.));
#7291=CARTESIAN_POINT('',(0.103575,-0.019375,0.));
#7292=CARTESIAN_POINT('',(0.103575,-0.019375,-0.002));
#7293=CARTESIAN_POINT('',(0.103575,-0.019375,-0.002));
#7294=CARTESIAN_POINT('',(0.105875,-0.019375,-0.002));
#7295=CARTESIAN_POINT('',(0.103575,-6.93889390390723E-18,-0.002));
#7296=CARTESIAN_POINT('',(0.103575,-6.93889390390723E-18,0.));
#7297=CARTESIAN_POINT('',(0.103575,-0.030875,0.));
#7298=CARTESIAN_POINT('',(0.103575,-0.030875,-0.002));
#7299=CARTESIAN_POINT('',(0.103575,-0.030875,-0.002));
#7300=CARTESIAN_POINT('',(0.103575,-6.93889390390723E-18,-0.002));
#7301=CARTESIAN_POINT('',(0.105875,-0.030875,-0.002));
#7302=CARTESIAN_POINT('',(0.105875,-0.030875,0.));
#7303=CARTESIAN_POINT('',(0.105875,-0.033175,0.));
#7304=CARTESIAN_POINT('',(0.105875,-0.033175,-0.002));
#7305=CARTESIAN_POINT('',(0.105875,-0.033175,-0.002));
#7306=CARTESIAN_POINT('',(0.105875,-0.030875,-0.002));
#7307=CARTESIAN_POINT('',(0.,-0.033175,-0.002));
#7308=CARTESIAN_POINT('',(0.,-0.033175,0.));
#7309=CARTESIAN_POINT('',(0.117375,-0.033175,0.));
#7310=CARTESIAN_POINT('',(0.117375,-0.033175,-0.002));
#7311=CARTESIAN_POINT('',(0.117375,-0.033175,-0.002));
#7312=CARTESIAN_POINT('',(0.,-0.033175,-0.002));
#7313=CARTESIAN_POINT('',(0.103575,-6.93889390390723E-18,-0.002));
#7314=CARTESIAN_POINT('',(0.103575,-6.93889390390723E-18,0.));
#7315=CARTESIAN_POINT('',(0.103575,-0.014125,0.));
#7316=CARTESIAN_POINT('',(0.103575,-0.00262500000000004,0.));
#7317=CARTESIAN_POINT('',(0.103575,-0.014125,-0.002));
#7318=CARTESIAN_POINT('',(0.103575,-0.014125,-0.002));
#7319=CARTESIAN_POINT('',(0.103575,-6.93889390390723E-18,-0.002));
#7320=CARTESIAN_POINT('',(0.103575,-0.00262500000000004,-0.002));
#7321=CARTESIAN_POINT('',(0.103575,-0.00262500000000004,-0.002));
#7322=CARTESIAN_POINT('',(0.105875,-0.014125,-0.002));
#7323=CARTESIAN_POINT('',(0.105875,-0.014125,0.));
#7324=CARTESIAN_POINT('',(0.105875,-0.016425,0.));
#7325=CARTESIAN_POINT('',(0.105875,-0.016425,-0.002));
#7326=CARTESIAN_POINT('',(0.105875,-0.016425,-0.002));
#7327=CARTESIAN_POINT('',(0.105875,-0.014125,-0.002));
#7328=CARTESIAN_POINT('',(0.,-0.016425,-0.002));
#7329=CARTESIAN_POINT('',(0.,-0.016425,0.));
#7330=CARTESIAN_POINT('',(0.117375,-0.016425,0.));
#7331=CARTESIAN_POINT('',(0.117375,-0.016425,-0.002));
#7332=CARTESIAN_POINT('',(0.117375,-0.016425,-0.002));
#7333=CARTESIAN_POINT('',(0.,-0.016425,-0.002));
#7334=CARTESIAN_POINT('',(0.117375,-0.014125,-0.002));
#7335=CARTESIAN_POINT('',(0.117375,-0.014125,0.));
#7336=CARTESIAN_POINT('',(0.119675,-0.014125,0.));
#7337=CARTESIAN_POINT('',(0.119675,-0.014125,-0.002));
#7338=CARTESIAN_POINT('',(0.119675,-0.014125,-0.002));
#7339=CARTESIAN_POINT('',(0.117375,-0.014125,-0.002));
#7340=CARTESIAN_POINT('',(0.119675,2.07361010083214E-16,-0.002));
#7341=CARTESIAN_POINT('',(0.119675,2.07361010083214E-16,0.));
#7342=CARTESIAN_POINT('',(0.119675,-0.002625,0.));
#7343=CARTESIAN_POINT('',(0.119675,-0.002625,-0.002));
#7344=CARTESIAN_POINT('',(0.119675,-0.002625,-0.002));
#7345=CARTESIAN_POINT('',(0.119675,2.07361010083214E-16,-0.002));
#7346=CARTESIAN_POINT('',(0.117375,-0.00262500000000004,-0.002));
#7347=CARTESIAN_POINT('',(0.117375,-0.00262500000000004,0.));
#7348=CARTESIAN_POINT('',(0.117375,-0.000325000000000035,0.));
#7349=CARTESIAN_POINT('',(0.117375,-0.000325000000000035,-0.002));
#7350=CARTESIAN_POINT('',(0.117375,-0.000325000000000035,-0.002));
#7351=CARTESIAN_POINT('',(0.117375,-0.00262500000000004,-0.002));
#7352=CARTESIAN_POINT('',(0.,-0.000325000000000035,-0.002));
#7353=CARTESIAN_POINT('',(0.,-0.000325000000000035,0.));
#7354=CARTESIAN_POINT('',(0.105875,-0.000325000000000035,0.));
#7355=CARTESIAN_POINT('',(0.105875,-0.000325000000000035,-0.002));
#7356=CARTESIAN_POINT('',(0.105875,-0.000325000000000035,-0.002));
#7357=CARTESIAN_POINT('',(0.,-0.000325000000000035,-0.002));
#7358=CARTESIAN_POINT('',(0.119675,2.07361010083215E-16,-0.002));
#7359=CARTESIAN_POINT('',(0.119675,2.07361010083215E-16,0.));
#7360=CARTESIAN_POINT('',(0.119675,0.014125,0.));
#7361=CARTESIAN_POINT('',(0.119675,0.00262499999999997,0.));
#7362=CARTESIAN_POINT('',(0.119675,0.014125,-0.002));
#7363=CARTESIAN_POINT('',(0.119675,0.014125,-0.002));
#7364=CARTESIAN_POINT('',(0.119675,2.07361010083215E-16,-0.002));
#7365=CARTESIAN_POINT('',(0.119675,0.00262499999999997,-0.002));
#7366=CARTESIAN_POINT('',(0.119675,0.00262499999999997,-0.002));
#7367=CARTESIAN_POINT('',(0.117375,0.014125,-0.002));
#7368=CARTESIAN_POINT('',(0.117375,0.014125,0.));
#7369=CARTESIAN_POINT('',(0.117375,0.016425,0.));
#7370=CARTESIAN_POINT('',(0.117375,0.016425,-0.002));
#7371=CARTESIAN_POINT('',(0.117375,0.016425,-0.002));
#7372=CARTESIAN_POINT('',(0.117375,0.014125,-0.002));
#7373=CARTESIAN_POINT('',(0.,0.016425,-0.002));
#7374=CARTESIAN_POINT('',(0.,0.016425,0.));
#7375=CARTESIAN_POINT('',(0.105875,0.016425,0.));
#7376=CARTESIAN_POINT('',(0.105875,0.016425,-0.002));
#7377=CARTESIAN_POINT('',(0.105875,0.016425,-0.002));
#7378=CARTESIAN_POINT('',(0.,0.016425,-0.002));
#7379=CARTESIAN_POINT('',(0.105875,0.014125,-0.002));
#7380=CARTESIAN_POINT('',(0.105875,0.014125,0.));
#7381=CARTESIAN_POINT('',(0.103575,0.014125,0.));
#7382=CARTESIAN_POINT('',(0.103575,0.014125,-0.002));
#7383=CARTESIAN_POINT('',(0.103575,0.014125,-0.002));
#7384=CARTESIAN_POINT('',(0.105875,0.014125,-0.002));
#7385=CARTESIAN_POINT('',(0.103575,-6.93889390390723E-18,-0.002));
#7386=CARTESIAN_POINT('',(0.103575,-6.93889390390723E-18,0.));
#7387=CARTESIAN_POINT('',(0.103575,0.00262499999999996,0.));
#7388=CARTESIAN_POINT('',(0.103575,0.00262499999999996,-0.002));
#7389=CARTESIAN_POINT('',(0.103575,0.00262499999999996,-0.002));
#7390=CARTESIAN_POINT('',(0.103575,-6.93889390390723E-18,-0.002));
#7391=CARTESIAN_POINT('',(0.105875,0.00262499999999996,-0.002));
#7392=CARTESIAN_POINT('',(0.105875,0.00262499999999996,0.));
#7393=CARTESIAN_POINT('',(0.105875,0.000324999999999959,0.));
#7394=CARTESIAN_POINT('',(0.105875,0.000324999999999959,-0.002));
#7395=CARTESIAN_POINT('',(0.105875,0.000324999999999959,-0.002));
#7396=CARTESIAN_POINT('',(0.105875,0.00262499999999996,-0.002));
#7397=CARTESIAN_POINT('',(0.,0.000324999999999959,-0.002));
#7398=CARTESIAN_POINT('',(0.,0.000324999999999959,0.));
#7399=CARTESIAN_POINT('',(0.117375,0.000324999999999959,0.));
#7400=CARTESIAN_POINT('',(0.117375,0.000324999999999959,-0.002));
#7401=CARTESIAN_POINT('',(0.117375,0.000324999999999959,-0.002));
#7402=CARTESIAN_POINT('',(0.,0.000324999999999959,-0.002));
#7403=CARTESIAN_POINT('',(0.103575,-6.93889390390723E-18,-0.002));
#7404=CARTESIAN_POINT('',(0.103575,-6.93889390390723E-18,0.));
#7405=CARTESIAN_POINT('',(0.103575,0.019375,0.));
#7406=CARTESIAN_POINT('',(0.103575,0.030875,0.));
#7407=CARTESIAN_POINT('',(0.103575,0.019375,-0.002));
#7408=CARTESIAN_POINT('',(0.103575,0.019375,-0.002));
#7409=CARTESIAN_POINT('',(0.103575,-6.93889390390723E-18,-0.002));
#7410=CARTESIAN_POINT('',(0.103575,0.030875,-0.002));
#7411=CARTESIAN_POINT('',(0.103575,0.030875,-0.002));
#7412=CARTESIAN_POINT('',(0.105875,0.019375,-0.002));
#7413=CARTESIAN_POINT('',(0.105875,0.019375,0.));
#7414=CARTESIAN_POINT('',(0.105875,0.017075,0.));
#7415=CARTESIAN_POINT('',(0.105875,0.017075,-0.002));
#7416=CARTESIAN_POINT('',(0.105875,0.017075,-0.002));
#7417=CARTESIAN_POINT('',(0.105875,0.019375,-0.002));
#7418=CARTESIAN_POINT('',(0.,0.017075,-0.002));
#7419=CARTESIAN_POINT('',(0.,0.017075,0.));
#7420=CARTESIAN_POINT('',(0.117375,0.017075,0.));
#7421=CARTESIAN_POINT('',(0.117375,0.017075,-0.002));
#7422=CARTESIAN_POINT('',(0.117375,0.017075,-0.002));
#7423=CARTESIAN_POINT('',(0.,0.017075,-0.002));
#7424=CARTESIAN_POINT('',(0.117375,0.019375,-0.002));
#7425=CARTESIAN_POINT('',(0.117375,0.019375,0.));
#7426=CARTESIAN_POINT('',(0.119675,0.019375,0.));
#7427=CARTESIAN_POINT('',(0.119675,0.019375,-0.002));
#7428=CARTESIAN_POINT('',(0.119675,0.019375,-0.002));
#7429=CARTESIAN_POINT('',(0.117375,0.019375,-0.002));
#7430=CARTESIAN_POINT('',(0.119675,2.07361010083215E-16,-0.002));
#7431=CARTESIAN_POINT('',(0.119675,2.07361010083215E-16,0.));
#7432=CARTESIAN_POINT('',(0.119675,0.030875,0.));
#7433=CARTESIAN_POINT('',(0.119675,0.030875,-0.002));
#7434=CARTESIAN_POINT('',(0.119675,0.030875,-0.002));
#7435=CARTESIAN_POINT('',(0.119675,2.07361010083215E-16,-0.002));
#7436=CARTESIAN_POINT('',(0.117375,0.030875,-0.002));
#7437=CARTESIAN_POINT('',(0.117375,0.030875,0.));
#7438=CARTESIAN_POINT('',(0.117375,0.033175,0.));
#7439=CARTESIAN_POINT('',(0.117375,0.033175,-0.002));
#7440=CARTESIAN_POINT('',(0.117375,0.033175,-0.002));
#7441=CARTESIAN_POINT('',(0.117375,0.030875,-0.002));
#7442=CARTESIAN_POINT('',(0.,0.033175,-0.002));
#7443=CARTESIAN_POINT('',(0.,0.033175,0.));
#7444=CARTESIAN_POINT('',(0.105875,0.033175,0.));
#7445=CARTESIAN_POINT('',(0.105875,0.033175,-0.002));
#7446=CARTESIAN_POINT('',(0.105875,0.033175,-0.002));
#7447=CARTESIAN_POINT('',(0.,0.033175,-0.002));
#7448=CARTESIAN_POINT('',(0.136425,4.8164877104605E-16,-0.002));
#7449=CARTESIAN_POINT('',(0.136425,4.8164877104605E-16,0.));
#7450=CARTESIAN_POINT('',(0.136425,-0.036125,0.));
#7451=CARTESIAN_POINT('',(0.136425,-0.047625,0.));
#7452=CARTESIAN_POINT('',(0.136425,-0.036125,-0.002));
#7453=CARTESIAN_POINT('',(0.136425,-0.036125,-0.002));
#7454=CARTESIAN_POINT('',(0.136425,4.8164877104605E-16,-0.002));
#7455=CARTESIAN_POINT('',(0.136425,-0.047625,-0.002));
#7456=CARTESIAN_POINT('',(0.136425,-0.047625,-0.002));
#7457=CARTESIAN_POINT('',(0.134125,-0.036125,-0.002));
#7458=CARTESIAN_POINT('',(0.134125,-0.036125,0.));
#7459=CARTESIAN_POINT('',(0.134125,-0.033825,0.));
#7460=CARTESIAN_POINT('',(0.134125,-0.033825,-0.002));
#7461=CARTESIAN_POINT('',(0.134125,-0.033825,-0.002));
#7462=CARTESIAN_POINT('',(0.134125,-0.036125,-0.002));
#7463=CARTESIAN_POINT('',(0.,-0.033825,-0.002));
#7464=CARTESIAN_POINT('',(0.,-0.033825,0.));
#7465=CARTESIAN_POINT('',(0.122625,-0.033825,0.));
#7466=CARTESIAN_POINT('',(0.122625,-0.033825,-0.002));
#7467=CARTESIAN_POINT('',(0.122625,-0.033825,-0.002));
#7468=CARTESIAN_POINT('',(0.,-0.033825,-0.002));
#7469=CARTESIAN_POINT('',(0.122625,-0.036125,-0.002));
#7470=CARTESIAN_POINT('',(0.122625,-0.036125,0.));
#7471=CARTESIAN_POINT('',(0.120325,-0.036125,0.));
#7472=CARTESIAN_POINT('',(0.120325,-0.036125,-0.002));
#7473=CARTESIAN_POINT('',(0.120325,-0.036125,-0.002));
#7474=CARTESIAN_POINT('',(0.122625,-0.036125,-0.002));
#7475=CARTESIAN_POINT('',(0.120325,-6.93889390390723E-18,-0.002));
#7476=CARTESIAN_POINT('',(0.120325,-6.93889390390723E-18,0.));
#7477=CARTESIAN_POINT('',(0.120325,-0.047625,0.));
#7478=CARTESIAN_POINT('',(0.120325,-0.047625,-0.002));
#7479=CARTESIAN_POINT('',(0.120325,-0.047625,-0.002));
#7480=CARTESIAN_POINT('',(0.120325,-6.93889390390723E-18,-0.002));
#7481=CARTESIAN_POINT('',(0.122625,-0.047625,-0.002));
#7482=CARTESIAN_POINT('',(0.122625,-0.047625,0.));
#7483=CARTESIAN_POINT('',(0.122625,-0.049925,0.));
#7484=CARTESIAN_POINT('',(0.122625,-0.049925,-0.002));
#7485=CARTESIAN_POINT('',(0.122625,-0.049925,-0.002));
#7486=CARTESIAN_POINT('',(0.122625,-0.047625,-0.002));
#7487=CARTESIAN_POINT('',(0.,-0.049925,-0.002));
#7488=CARTESIAN_POINT('',(0.,-0.049925,0.));
#7489=CARTESIAN_POINT('',(0.134125,-0.049925,0.));
#7490=CARTESIAN_POINT('',(0.134125,-0.049925,-0.002));
#7491=CARTESIAN_POINT('',(0.134125,-0.049925,-0.002));
#7492=CARTESIAN_POINT('',(0.,-0.049925,-0.002));
#7493=CARTESIAN_POINT('',(0.120325,-6.93889390390723E-18,-0.002));
#7494=CARTESIAN_POINT('',(0.120325,-6.93889390390723E-18,0.));
#7495=CARTESIAN_POINT('',(0.120325,-0.030875,0.));
#7496=CARTESIAN_POINT('',(0.120325,-0.019375,0.));
#7497=CARTESIAN_POINT('',(0.120325,-0.030875,-0.002));
#7498=CARTESIAN_POINT('',(0.120325,-0.030875,-0.002));
#7499=CARTESIAN_POINT('',(0.120325,-6.93889390390723E-18,-0.002));
#7500=CARTESIAN_POINT('',(0.120325,-0.019375,-0.002));
#7501=CARTESIAN_POINT('',(0.120325,-0.019375,-0.002));
#7502=CARTESIAN_POINT('',(0.122625,-0.030875,-0.002));
#7503=CARTESIAN_POINT('',(0.122625,-0.030875,0.));
#7504=CARTESIAN_POINT('',(0.122625,-0.033175,0.));
#7505=CARTESIAN_POINT('',(0.122625,-0.033175,-0.002));
#7506=CARTESIAN_POINT('',(0.122625,-0.033175,-0.002));
#7507=CARTESIAN_POINT('',(0.122625,-0.030875,-0.002));
#7508=CARTESIAN_POINT('',(0.,-0.033175,-0.002));
#7509=CARTESIAN_POINT('',(0.,-0.033175,0.));
#7510=CARTESIAN_POINT('',(0.134125,-0.033175,0.));
#7511=CARTESIAN_POINT('',(0.134125,-0.033175,-0.002));
#7512=CARTESIAN_POINT('',(0.134125,-0.033175,-0.002));
#7513=CARTESIAN_POINT('',(0.,-0.033175,-0.002));
#7514=CARTESIAN_POINT('',(0.134125,-0.030875,-0.002));
#7515=CARTESIAN_POINT('',(0.134125,-0.030875,0.));
#7516=CARTESIAN_POINT('',(0.136425,-0.030875,0.));
#7517=CARTESIAN_POINT('',(0.136425,-0.030875,-0.002));
#7518=CARTESIAN_POINT('',(0.136425,-0.030875,-0.002));
#7519=CARTESIAN_POINT('',(0.134125,-0.030875,-0.002));
#7520=CARTESIAN_POINT('',(0.136425,-6.93889390390723E-18,-0.002));
#7521=CARTESIAN_POINT('',(0.136425,-6.93889390390723E-18,0.));
#7522=CARTESIAN_POINT('',(0.136425,-0.019375,0.));
#7523=CARTESIAN_POINT('',(0.136425,-0.019375,-0.002));
#7524=CARTESIAN_POINT('',(0.136425,-0.019375,-0.002));
#7525=CARTESIAN_POINT('',(0.136425,-6.93889390390723E-18,-0.002));
#7526=CARTESIAN_POINT('',(0.134125,-0.019375,-0.002));
#7527=CARTESIAN_POINT('',(0.134125,-0.019375,0.));
#7528=CARTESIAN_POINT('',(0.134125,-0.017075,0.));
#7529=CARTESIAN_POINT('',(0.134125,-0.017075,-0.002));
#7530=CARTESIAN_POINT('',(0.134125,-0.017075,-0.002));
#7531=CARTESIAN_POINT('',(0.134125,-0.019375,-0.002));
#7532=CARTESIAN_POINT('',(0.,-0.017075,-0.002));
#7533=CARTESIAN_POINT('',(0.,-0.017075,0.));
#7534=CARTESIAN_POINT('',(0.122625,-0.017075,0.));
#7535=CARTESIAN_POINT('',(0.122625,-0.017075,-0.002));
#7536=CARTESIAN_POINT('',(0.122625,-0.017075,-0.002));
#7537=CARTESIAN_POINT('',(0.,-0.017075,-0.002));
#7538=CARTESIAN_POINT('',(0.136425,-6.93889390390723E-18,-0.002));
#7539=CARTESIAN_POINT('',(0.136425,-6.93889390390723E-18,0.));
#7540=CARTESIAN_POINT('',(0.136425,-0.00262500000000004,0.));
#7541=CARTESIAN_POINT('',(0.136425,-0.014125,0.));
#7542=CARTESIAN_POINT('',(0.136425,-0.00262500000000004,-0.002));
#7543=CARTESIAN_POINT('',(0.136425,-0.00262500000000004,-0.002));
#7544=CARTESIAN_POINT('',(0.136425,-6.93889390390723E-18,-0.002));
#7545=CARTESIAN_POINT('',(0.136425,-0.014125,-0.002));
#7546=CARTESIAN_POINT('',(0.136425,-0.014125,-0.002));
#7547=CARTESIAN_POINT('',(0.134125,-0.00262500000000004,-0.002));
#7548=CARTESIAN_POINT('',(0.134125,-0.00262500000000004,0.));
#7549=CARTESIAN_POINT('',(0.134125,-0.000325000000000035,0.));
#7550=CARTESIAN_POINT('',(0.134125,-0.000325000000000035,-0.002));
#7551=CARTESIAN_POINT('',(0.134125,-0.000325000000000035,-0.002));
#7552=CARTESIAN_POINT('',(0.134125,-0.00262500000000004,-0.002));
#7553=CARTESIAN_POINT('',(0.,-0.000325000000000035,-0.002));
#7554=CARTESIAN_POINT('',(0.,-0.000325000000000035,0.));
#7555=CARTESIAN_POINT('',(0.122625,-0.000325000000000035,0.));
#7556=CARTESIAN_POINT('',(0.122625,-0.000325000000000035,-0.002));
#7557=CARTESIAN_POINT('',(0.122625,-0.000325000000000035,-0.002));
#7558=CARTESIAN_POINT('',(0.,-0.000325000000000035,-0.002));
#7559=CARTESIAN_POINT('',(0.122625,-0.00262500000000004,-0.002));
#7560=CARTESIAN_POINT('',(0.122625,-0.00262500000000004,0.));
#7561=CARTESIAN_POINT('',(0.120325,-0.00262500000000004,0.));
#7562=CARTESIAN_POINT('',(0.120325,-0.00262500000000004,-0.002));
#7563=CARTESIAN_POINT('',(0.120325,-0.00262500000000004,-0.002));
#7564=CARTESIAN_POINT('',(0.122625,-0.00262500000000004,-0.002));
#7565=CARTESIAN_POINT('',(0.120325,-6.93889390390723E-18,-0.002));
#7566=CARTESIAN_POINT('',(0.120325,-6.93889390390723E-18,0.));
#7567=CARTESIAN_POINT('',(0.120325,-0.014125,0.));
#7568=CARTESIAN_POINT('',(0.120325,-0.014125,-0.002));
#7569=CARTESIAN_POINT('',(0.120325,-0.014125,-0.002));
#7570=CARTESIAN_POINT('',(0.120325,-6.93889390390723E-18,-0.002));
#7571=CARTESIAN_POINT('',(0.122625,-0.014125,-0.002));
#7572=CARTESIAN_POINT('',(0.122625,-0.014125,0.));
#7573=CARTESIAN_POINT('',(0.122625,-0.016425,0.));
#7574=CARTESIAN_POINT('',(0.122625,-0.016425,-0.002));
#7575=CARTESIAN_POINT('',(0.122625,-0.016425,-0.002));
#7576=CARTESIAN_POINT('',(0.122625,-0.014125,-0.002));
#7577=CARTESIAN_POINT('',(0.,-0.016425,-0.002));
#7578=CARTESIAN_POINT('',(0.,-0.016425,0.));
#7579=CARTESIAN_POINT('',(0.134125,-0.016425,0.));
#7580=CARTESIAN_POINT('',(0.134125,-0.016425,-0.002));
#7581=CARTESIAN_POINT('',(0.134125,-0.016425,-0.002));
#7582=CARTESIAN_POINT('',(0.,-0.016425,-0.002));
#7583=CARTESIAN_POINT('',(0.120325,-6.93889390390723E-18,-0.002));
#7584=CARTESIAN_POINT('',(0.120325,-6.93889390390723E-18,0.));
#7585=CARTESIAN_POINT('',(0.120325,0.00262499999999996,0.));
#7586=CARTESIAN_POINT('',(0.120325,0.014125,0.));
#7587=CARTESIAN_POINT('',(0.120325,0.00262499999999996,-0.002));
#7588=CARTESIAN_POINT('',(0.120325,0.00262499999999996,-0.002));
#7589=CARTESIAN_POINT('',(0.120325,-6.93889390390723E-18,-0.002));
#7590=CARTESIAN_POINT('',(0.120325,0.014125,-0.002));
#7591=CARTESIAN_POINT('',(0.120325,0.014125,-0.002));
#7592=CARTESIAN_POINT('',(0.122625,0.00262499999999996,-0.002));
#7593=CARTESIAN_POINT('',(0.122625,0.00262499999999996,0.));
#7594=CARTESIAN_POINT('',(0.122625,0.000324999999999959,0.));
#7595=CARTESIAN_POINT('',(0.122625,0.000324999999999959,-0.002));
#7596=CARTESIAN_POINT('',(0.122625,0.000324999999999959,-0.002));
#7597=CARTESIAN_POINT('',(0.122625,0.00262499999999996,-0.002));
#7598=CARTESIAN_POINT('',(0.,0.000324999999999959,-0.002));
#7599=CARTESIAN_POINT('',(0.,0.000324999999999959,0.));
#7600=CARTESIAN_POINT('',(0.134125,0.000324999999999959,0.));
#7601=CARTESIAN_POINT('',(0.134125,0.000324999999999959,-0.002));
#7602=CARTESIAN_POINT('',(0.134125,0.000324999999999959,-0.002));
#7603=CARTESIAN_POINT('',(0.,0.000324999999999959,-0.002));
#7604=CARTESIAN_POINT('',(0.134125,0.00262499999999996,-0.002));
#7605=CARTESIAN_POINT('',(0.134125,0.00262499999999996,0.));
#7606=CARTESIAN_POINT('',(0.136425,0.00262499999999996,0.));
#7607=CARTESIAN_POINT('',(0.136425,0.00262499999999996,-0.002));
#7608=CARTESIAN_POINT('',(0.136425,0.00262499999999996,-0.002));
#7609=CARTESIAN_POINT('',(0.134125,0.00262499999999996,-0.002));
#7610=CARTESIAN_POINT('',(0.136425,-6.93889390390723E-18,-0.002));
#7611=CARTESIAN_POINT('',(0.136425,-6.93889390390723E-18,0.));
#7612=CARTESIAN_POINT('',(0.136425,0.014125,0.));
#7613=CARTESIAN_POINT('',(0.136425,0.014125,-0.002));
#7614=CARTESIAN_POINT('',(0.136425,0.014125,-0.002));
#7615=CARTESIAN_POINT('',(0.136425,-6.93889390390723E-18,-0.002));
#7616=CARTESIAN_POINT('',(0.134125,0.014125,-0.002));
#7617=CARTESIAN_POINT('',(0.134125,0.014125,0.));
#7618=CARTESIAN_POINT('',(0.134125,0.016425,0.));
#7619=CARTESIAN_POINT('',(0.134125,0.016425,-0.002));
#7620=CARTESIAN_POINT('',(0.134125,0.016425,-0.002));
#7621=CARTESIAN_POINT('',(0.134125,0.014125,-0.002));
#7622=CARTESIAN_POINT('',(0.,0.016425,-0.002));
#7623=CARTESIAN_POINT('',(0.,0.016425,0.));
#7624=CARTESIAN_POINT('',(0.122625,0.016425,0.));
#7625=CARTESIAN_POINT('',(0.122625,0.016425,-0.002));
#7626=CARTESIAN_POINT('',(0.122625,0.016425,-0.002));
#7627=CARTESIAN_POINT('',(0.,0.016425,-0.002));
#7628=CARTESIAN_POINT('',(0.153825,-6.93889390390723E-18,-0.002));
#7629=CARTESIAN_POINT('',(0.153825,-6.93889390390723E-18,0.));
#7630=CARTESIAN_POINT('',(0.153825,-0.030875,0.));
#7631=CARTESIAN_POINT('',(0.153825,-0.019375,0.));
#7632=CARTESIAN_POINT('',(0.153825,-0.030875,-0.002));
#7633=CARTESIAN_POINT('',(0.153825,-0.030875,-0.002));
#7634=CARTESIAN_POINT('',(0.153825,-6.93889390390723E-18,-0.002));
#7635=CARTESIAN_POINT('',(0.153825,-0.019375,-0.002));
#7636=CARTESIAN_POINT('',(0.153825,-0.019375,-0.002));
#7637=CARTESIAN_POINT('',(0.156125,-0.030875,-0.002));
#7638=CARTESIAN_POINT('',(0.156125,-0.030875,0.));
#7639=CARTESIAN_POINT('',(0.156125,-0.033175,0.));
#7640=CARTESIAN_POINT('',(0.156125,-0.033175,-0.002));
#7641=CARTESIAN_POINT('',(0.156125,-0.033175,-0.002));
#7642=CARTESIAN_POINT('',(0.156125,-0.030875,-0.002));
#7643=CARTESIAN_POINT('',(0.,-0.033175,-0.002));
#7644=CARTESIAN_POINT('',(0.,-0.033175,0.));
#7645=CARTESIAN_POINT('',(0.167625,-0.033175,0.));
#7646=CARTESIAN_POINT('',(0.167625,-0.033175,-0.002));
#7647=CARTESIAN_POINT('',(0.167625,-0.033175,-0.002));
#7648=CARTESIAN_POINT('',(0.,-0.033175,-0.002));
#7649=CARTESIAN_POINT('',(0.167625,-0.030875,-0.002));
#7650=CARTESIAN_POINT('',(0.167625,-0.030875,0.));
#7651=CARTESIAN_POINT('',(0.169925,-0.030875,0.));
#7652=CARTESIAN_POINT('',(0.169925,-0.030875,-0.002));
#7653=CARTESIAN_POINT('',(0.169925,-0.030875,-0.002));
#7654=CARTESIAN_POINT('',(0.167625,-0.030875,-0.002));
#7655=CARTESIAN_POINT('',(0.169925,-6.93889390390723E-18,-0.002));
#7656=CARTESIAN_POINT('',(0.169925,-6.93889390390723E-18,0.));
#7657=CARTESIAN_POINT('',(0.169925,-0.019375,0.));
#7658=CARTESIAN_POINT('',(0.169925,-0.019375,-0.002));
#7659=CARTESIAN_POINT('',(0.169925,-0.019375,-0.002));
#7660=CARTESIAN_POINT('',(0.169925,-6.93889390390723E-18,-0.002));
#7661=CARTESIAN_POINT('',(0.167625,-0.019375,-0.002));
#7662=CARTESIAN_POINT('',(0.167625,-0.019375,0.));
#7663=CARTESIAN_POINT('',(0.167625,-0.017075,0.));
#7664=CARTESIAN_POINT('',(0.167625,-0.017075,-0.002));
#7665=CARTESIAN_POINT('',(0.167625,-0.017075,-0.002));
#7666=CARTESIAN_POINT('',(0.167625,-0.019375,-0.002));
#7667=CARTESIAN_POINT('',(0.,-0.017075,-0.002));
#7668=CARTESIAN_POINT('',(0.,-0.017075,0.));
#7669=CARTESIAN_POINT('',(0.156125,-0.017075,0.));
#7670=CARTESIAN_POINT('',(0.156125,-0.017075,-0.002));
#7671=CARTESIAN_POINT('',(0.156125,-0.017075,-0.002));
#7672=CARTESIAN_POINT('',(0.,-0.017075,-0.002));
#7673=CARTESIAN_POINT('',(0.169925,6.01624484997478E-16,-0.002));
#7674=CARTESIAN_POINT('',(0.169925,6.01624484997478E-16,0.));
#7675=CARTESIAN_POINT('',(0.169925,-0.036125,0.));
#7676=CARTESIAN_POINT('',(0.169925,-0.047625,0.));
#7677=CARTESIAN_POINT('',(0.169925,-0.036125,-0.002));
#7678=CARTESIAN_POINT('',(0.169925,-0.036125,-0.002));
#7679=CARTESIAN_POINT('',(0.169925,6.01624484997478E-16,-0.002));
#7680=CARTESIAN_POINT('',(0.169925,-0.047625,-0.002));
#7681=CARTESIAN_POINT('',(0.169925,-0.047625,-0.002));
#7682=CARTESIAN_POINT('',(0.167625,-0.036125,-0.002));
#7683=CARTESIAN_POINT('',(0.167625,-0.036125,0.));
#7684=CARTESIAN_POINT('',(0.167625,-0.033825,0.));
#7685=CARTESIAN_POINT('',(0.167625,-0.033825,-0.002));
#7686=CARTESIAN_POINT('',(0.167625,-0.033825,-0.002));
#7687=CARTESIAN_POINT('',(0.167625,-0.036125,-0.002));
#7688=CARTESIAN_POINT('',(0.,-0.033825,-0.002));
#7689=CARTESIAN_POINT('',(0.,-0.033825,0.));
#7690=CARTESIAN_POINT('',(0.156125,-0.033825,0.));
#7691=CARTESIAN_POINT('',(0.156125,-0.033825,-0.002));
#7692=CARTESIAN_POINT('',(0.156125,-0.033825,-0.002));
#7693=CARTESIAN_POINT('',(0.,-0.033825,-0.002));
#7694=CARTESIAN_POINT('',(0.156125,-0.036125,-0.002));
#7695=CARTESIAN_POINT('',(0.156125,-0.036125,0.));
#7696=CARTESIAN_POINT('',(0.153825,-0.036125,0.));
#7697=CARTESIAN_POINT('',(0.153825,-0.036125,-0.002));
#7698=CARTESIAN_POINT('',(0.153825,-0.036125,-0.002));
#7699=CARTESIAN_POINT('',(0.156125,-0.036125,-0.002));
#7700=CARTESIAN_POINT('',(0.153825,-6.93889390390723E-18,-0.002));
#7701=CARTESIAN_POINT('',(0.153825,-6.93889390390723E-18,0.));
#7702=CARTESIAN_POINT('',(0.153825,-0.047625,0.));
#7703=CARTESIAN_POINT('',(0.153825,-0.047625,-0.002));
#7704=CARTESIAN_POINT('',(0.153825,-0.047625,-0.002));
#7705=CARTESIAN_POINT('',(0.153825,-6.93889390390723E-18,-0.002));
#7706=CARTESIAN_POINT('',(0.156125,-0.047625,-0.002));
#7707=CARTESIAN_POINT('',(0.156125,-0.047625,0.));
#7708=CARTESIAN_POINT('',(0.156125,-0.049925,0.));
#7709=CARTESIAN_POINT('',(0.156125,-0.049925,-0.002));
#7710=CARTESIAN_POINT('',(0.156125,-0.049925,-0.002));
#7711=CARTESIAN_POINT('',(0.156125,-0.047625,-0.002));
#7712=CARTESIAN_POINT('',(0.,-0.049925,-0.002));
#7713=CARTESIAN_POINT('',(0.,-0.049925,0.));
#7714=CARTESIAN_POINT('',(0.167625,-0.049925,0.));
#7715=CARTESIAN_POINT('',(0.167625,-0.049925,-0.002));
#7716=CARTESIAN_POINT('',(0.167625,-0.049925,-0.002));
#7717=CARTESIAN_POINT('',(0.,-0.049925,-0.002));
#7718=CARTESIAN_POINT('',(0.137075,-6.93889390390723E-18,-0.002));
#7719=CARTESIAN_POINT('',(0.137075,-6.93889390390723E-18,0.));
#7720=CARTESIAN_POINT('',(0.137075,0.019375,0.));
#7721=CARTESIAN_POINT('',(0.137075,0.030875,0.));
#7722=CARTESIAN_POINT('',(0.137075,0.019375,-0.002));
#7723=CARTESIAN_POINT('',(0.137075,0.019375,-0.002));
#7724=CARTESIAN_POINT('',(0.137075,-6.93889390390723E-18,-0.002));
#7725=CARTESIAN_POINT('',(0.137075,0.030875,-0.002));
#7726=CARTESIAN_POINT('',(0.137075,0.030875,-0.002));
#7727=CARTESIAN_POINT('',(0.139375,0.019375,-0.002));
#7728=CARTESIAN_POINT('',(0.139375,0.019375,0.));
#7729=CARTESIAN_POINT('',(0.139375,0.017075,0.));
#7730=CARTESIAN_POINT('',(0.139375,0.017075,-0.002));
#7731=CARTESIAN_POINT('',(0.139375,0.017075,-0.002));
#7732=CARTESIAN_POINT('',(0.139375,0.019375,-0.002));
#7733=CARTESIAN_POINT('',(0.,0.017075,-0.002));
#7734=CARTESIAN_POINT('',(0.,0.017075,0.));
#7735=CARTESIAN_POINT('',(0.150875,0.017075,0.));
#7736=CARTESIAN_POINT('',(0.150875,0.017075,-0.002));
#7737=CARTESIAN_POINT('',(0.150875,0.017075,-0.002));
#7738=CARTESIAN_POINT('',(0.,0.017075,-0.002));
#7739=CARTESIAN_POINT('',(0.150875,0.019375,-0.002));
#7740=CARTESIAN_POINT('',(0.150875,0.019375,0.));
#7741=CARTESIAN_POINT('',(0.153175,0.019375,0.));
#7742=CARTESIAN_POINT('',(0.153175,0.019375,-0.002));
#7743=CARTESIAN_POINT('',(0.153175,0.019375,-0.002));
#7744=CARTESIAN_POINT('',(0.150875,0.019375,-0.002));
#7745=CARTESIAN_POINT('',(0.153175,-6.93889390390723E-18,-0.002));
#7746=CARTESIAN_POINT('',(0.153175,-6.93889390390723E-18,0.));
#7747=CARTESIAN_POINT('',(0.153175,0.030875,0.));
#7748=CARTESIAN_POINT('',(0.153175,0.030875,-0.002));
#7749=CARTESIAN_POINT('',(0.153175,0.030875,-0.002));
#7750=CARTESIAN_POINT('',(0.153175,-6.93889390390723E-18,-0.002));
#7751=CARTESIAN_POINT('',(0.150875,0.030875,-0.002));
#7752=CARTESIAN_POINT('',(0.150875,0.030875,0.));
#7753=CARTESIAN_POINT('',(0.150875,0.033175,0.));
#7754=CARTESIAN_POINT('',(0.150875,0.033175,-0.002));
#7755=CARTESIAN_POINT('',(0.150875,0.033175,-0.002));
#7756=CARTESIAN_POINT('',(0.150875,0.030875,-0.002));
#7757=CARTESIAN_POINT('',(0.,0.033175,-0.002));
#7758=CARTESIAN_POINT('',(0.,0.033175,0.));
#7759=CARTESIAN_POINT('',(0.139375,0.033175,0.));
#7760=CARTESIAN_POINT('',(0.139375,0.033175,-0.002));
#7761=CARTESIAN_POINT('',(0.139375,0.033175,-0.002));
#7762=CARTESIAN_POINT('',(0.,0.033175,-0.002));
#7763=CARTESIAN_POINT('',(0.153175,-6.93889390390723E-18,-0.002));
#7764=CARTESIAN_POINT('',(0.153175,-6.93889390390723E-18,0.));
#7765=CARTESIAN_POINT('',(0.153175,0.014125,0.));
#7766=CARTESIAN_POINT('',(0.153175,0.00262499999999996,0.));
#7767=CARTESIAN_POINT('',(0.153175,0.014125,-0.002));
#7768=CARTESIAN_POINT('',(0.153175,0.014125,-0.002));
#7769=CARTESIAN_POINT('',(0.153175,-6.93889390390723E-18,-0.002));
#7770=CARTESIAN_POINT('',(0.153175,0.00262499999999996,-0.002));
#7771=CARTESIAN_POINT('',(0.153175,0.00262499999999996,-0.002));
#7772=CARTESIAN_POINT('',(0.150875,0.014125,-0.002));
#7773=CARTESIAN_POINT('',(0.150875,0.014125,0.));
#7774=CARTESIAN_POINT('',(0.150875,0.016425,0.));
#7775=CARTESIAN_POINT('',(0.150875,0.016425,-0.002));
#7776=CARTESIAN_POINT('',(0.150875,0.016425,-0.002));
#7777=CARTESIAN_POINT('',(0.150875,0.014125,-0.002));
#7778=CARTESIAN_POINT('',(0.,0.016425,-0.002));
#7779=CARTESIAN_POINT('',(0.,0.016425,0.));
#7780=CARTESIAN_POINT('',(0.139375,0.016425,0.));
#7781=CARTESIAN_POINT('',(0.139375,0.016425,-0.002));
#7782=CARTESIAN_POINT('',(0.139375,0.016425,-0.002));
#7783=CARTESIAN_POINT('',(0.,0.016425,-0.002));
#7784=CARTESIAN_POINT('',(0.139375,0.014125,-0.002));
#7785=CARTESIAN_POINT('',(0.139375,0.014125,0.));
#7786=CARTESIAN_POINT('',(0.137075,0.014125,0.));
#7787=CARTESIAN_POINT('',(0.137075,0.014125,-0.002));
#7788=CARTESIAN_POINT('',(0.137075,0.014125,-0.002));
#7789=CARTESIAN_POINT('',(0.139375,0.014125,-0.002));
#7790=CARTESIAN_POINT('',(0.137075,-6.93889390390723E-18,-0.002));
#7791=CARTESIAN_POINT('',(0.137075,-6.93889390390723E-18,0.));
#7792=CARTESIAN_POINT('',(0.137075,0.00262499999999996,0.));
#7793=CARTESIAN_POINT('',(0.137075,0.00262499999999996,-0.002));
#7794=CARTESIAN_POINT('',(0.137075,0.00262499999999996,-0.002));
#7795=CARTESIAN_POINT('',(0.137075,-6.93889390390723E-18,-0.002));
#7796=CARTESIAN_POINT('',(0.139375,0.00262499999999996,-0.002));
#7797=CARTESIAN_POINT('',(0.139375,0.00262499999999996,0.));
#7798=CARTESIAN_POINT('',(0.139375,0.000324999999999959,0.));
#7799=CARTESIAN_POINT('',(0.139375,0.000324999999999959,-0.002));
#7800=CARTESIAN_POINT('',(0.139375,0.000324999999999959,-0.002));
#7801=CARTESIAN_POINT('',(0.139375,0.00262499999999996,-0.002));
#7802=CARTESIAN_POINT('',(0.,0.000324999999999959,-0.002));
#7803=CARTESIAN_POINT('',(0.,0.000324999999999959,0.));
#7804=CARTESIAN_POINT('',(0.150875,0.000324999999999959,0.));
#7805=CARTESIAN_POINT('',(0.150875,0.000324999999999959,-0.002));
#7806=CARTESIAN_POINT('',(0.150875,0.000324999999999959,-0.002));
#7807=CARTESIAN_POINT('',(0.,0.000324999999999959,-0.002));
#7808=CARTESIAN_POINT('',(0.136425,-6.93889390390723E-18,-0.002));
#7809=CARTESIAN_POINT('',(0.136425,-6.93889390390723E-18,0.));
#7810=CARTESIAN_POINT('',(0.136425,0.030875,0.));
#7811=CARTESIAN_POINT('',(0.136425,0.019375,0.));
#7812=CARTESIAN_POINT('',(0.136425,0.030875,-0.002));
#7813=CARTESIAN_POINT('',(0.136425,0.030875,-0.002));
#7814=CARTESIAN_POINT('',(0.136425,-6.93889390390723E-18,-0.002));
#7815=CARTESIAN_POINT('',(0.136425,0.019375,-0.002));
#7816=CARTESIAN_POINT('',(0.136425,0.019375,-0.002));
#7817=CARTESIAN_POINT('',(0.134125,0.030875,-0.002));
#7818=CARTESIAN_POINT('',(0.134125,0.030875,0.));
#7819=CARTESIAN_POINT('',(0.134125,0.033175,0.));
#7820=CARTESIAN_POINT('',(0.134125,0.033175,-0.002));
#7821=CARTESIAN_POINT('',(0.134125,0.033175,-0.002));
#7822=CARTESIAN_POINT('',(0.134125,0.030875,-0.002));
#7823=CARTESIAN_POINT('',(0.,0.033175,-0.002));
#7824=CARTESIAN_POINT('',(0.,0.033175,0.));
#7825=CARTESIAN_POINT('',(0.122625,0.033175,0.));
#7826=CARTESIAN_POINT('',(0.122625,0.033175,-0.002));
#7827=CARTESIAN_POINT('',(0.122625,0.033175,-0.002));
#7828=CARTESIAN_POINT('',(0.,0.033175,-0.002));
#7829=CARTESIAN_POINT('',(0.122625,0.030875,-0.002));
#7830=CARTESIAN_POINT('',(0.122625,0.030875,0.));
#7831=CARTESIAN_POINT('',(0.120325,0.030875,0.));
#7832=CARTESIAN_POINT('',(0.120325,0.030875,-0.002));
#7833=CARTESIAN_POINT('',(0.120325,0.030875,-0.002));
#7834=CARTESIAN_POINT('',(0.122625,0.030875,-0.002));
#7835=CARTESIAN_POINT('',(0.120325,-6.93889390390723E-18,-0.002));
#7836=CARTESIAN_POINT('',(0.120325,-6.93889390390723E-18,0.));
#7837=CARTESIAN_POINT('',(0.120325,0.019375,0.));
#7838=CARTESIAN_POINT('',(0.120325,0.019375,-0.002));
#7839=CARTESIAN_POINT('',(0.120325,0.019375,-0.002));
#7840=CARTESIAN_POINT('',(0.120325,-6.93889390390723E-18,-0.002));
#7841=CARTESIAN_POINT('',(0.122625,0.019375,-0.002));
#7842=CARTESIAN_POINT('',(0.122625,0.019375,0.));
#7843=CARTESIAN_POINT('',(0.122625,0.017075,0.));
#7844=CARTESIAN_POINT('',(0.122625,0.017075,-0.002));
#7845=CARTESIAN_POINT('',(0.122625,0.017075,-0.002));
#7846=CARTESIAN_POINT('',(0.122625,0.019375,-0.002));
#7847=CARTESIAN_POINT('',(0.,0.017075,-0.002));
#7848=CARTESIAN_POINT('',(0.,0.017075,0.));
#7849=CARTESIAN_POINT('',(0.134125,0.017075,0.));
#7850=CARTESIAN_POINT('',(0.134125,0.017075,-0.002));
#7851=CARTESIAN_POINT('',(0.134125,0.017075,-0.002));
#7852=CARTESIAN_POINT('',(0.,0.017075,-0.002));
#7853=CARTESIAN_POINT('',(0.137075,-6.93889390390723E-18,-0.002));
#7854=CARTESIAN_POINT('',(0.137075,-6.93889390390723E-18,0.));
#7855=CARTESIAN_POINT('',(0.137075,-0.047625,0.));
#7856=CARTESIAN_POINT('',(0.137075,-0.036125,0.));
#7857=CARTESIAN_POINT('',(0.137075,-0.047625,-0.002));
#7858=CARTESIAN_POINT('',(0.137075,-0.047625,-0.002));
#7859=CARTESIAN_POINT('',(0.137075,-6.93889390390723E-18,-0.002));
#7860=CARTESIAN_POINT('',(0.137075,-0.036125,-0.002));
#7861=CARTESIAN_POINT('',(0.137075,-0.036125,-0.002));
#7862=CARTESIAN_POINT('',(0.139375,-0.047625,-0.002));
#7863=CARTESIAN_POINT('',(0.139375,-0.047625,0.));
#7864=CARTESIAN_POINT('',(0.139375,-0.049925,0.));
#7865=CARTESIAN_POINT('',(0.139375,-0.049925,-0.002));
#7866=CARTESIAN_POINT('',(0.139375,-0.049925,-0.002));
#7867=CARTESIAN_POINT('',(0.139375,-0.047625,-0.002));
#7868=CARTESIAN_POINT('',(0.,-0.049925,-0.002));
#7869=CARTESIAN_POINT('',(0.,-0.049925,0.));
#7870=CARTESIAN_POINT('',(0.150875,-0.049925,0.));
#7871=CARTESIAN_POINT('',(0.150875,-0.049925,-0.002));
#7872=CARTESIAN_POINT('',(0.150875,-0.049925,-0.002));
#7873=CARTESIAN_POINT('',(0.,-0.049925,-0.002));
#7874=CARTESIAN_POINT('',(0.150875,-0.047625,-0.002));
#7875=CARTESIAN_POINT('',(0.150875,-0.047625,0.));
#7876=CARTESIAN_POINT('',(0.153175,-0.047625,0.));
#7877=CARTESIAN_POINT('',(0.153175,-0.047625,-0.002));
#7878=CARTESIAN_POINT('',(0.153175,-0.047625,-0.002));
#7879=CARTESIAN_POINT('',(0.150875,-0.047625,-0.002));
#7880=CARTESIAN_POINT('',(0.153175,5.41636628021764E-16,-0.002));
#7881=CARTESIAN_POINT('',(0.153175,5.41636628021764E-16,0.));
#7882=CARTESIAN_POINT('',(0.153175,-0.036125,0.));
#7883=CARTESIAN_POINT('',(0.153175,-0.036125,-0.002));
#7884=CARTESIAN_POINT('',(0.153175,-0.036125,-0.002));
#7885=CARTESIAN_POINT('',(0.153175,5.41636628021764E-16,-0.002));
#7886=CARTESIAN_POINT('',(0.150875,-0.036125,-0.002));
#7887=CARTESIAN_POINT('',(0.150875,-0.036125,0.));
#7888=CARTESIAN_POINT('',(0.150875,-0.033825,0.));
#7889=CARTESIAN_POINT('',(0.150875,-0.033825,-0.002));
#7890=CARTESIAN_POINT('',(0.150875,-0.033825,-0.002));
#7891=CARTESIAN_POINT('',(0.150875,-0.036125,-0.002));
#7892=CARTESIAN_POINT('',(0.,-0.033825,-0.002));
#7893=CARTESIAN_POINT('',(0.,-0.033825,0.));
#7894=CARTESIAN_POINT('',(0.139375,-0.033825,0.));
#7895=CARTESIAN_POINT('',(0.139375,-0.033825,-0.002));
#7896=CARTESIAN_POINT('',(0.139375,-0.033825,-0.002));
#7897=CARTESIAN_POINT('',(0.,-0.033825,-0.002));
#7898=CARTESIAN_POINT('',(0.153175,-6.93889390390723E-18,-0.002));
#7899=CARTESIAN_POINT('',(0.153175,-6.93889390390723E-18,0.));
#7900=CARTESIAN_POINT('',(0.153175,-0.019375,0.));
#7901=CARTESIAN_POINT('',(0.153175,-0.030875,0.));
#7902=CARTESIAN_POINT('',(0.153175,-0.019375,-0.002));
#7903=CARTESIAN_POINT('',(0.153175,-0.019375,-0.002));
#7904=CARTESIAN_POINT('',(0.153175,-6.93889390390723E-18,-0.002));
#7905=CARTESIAN_POINT('',(0.153175,-0.030875,-0.002));
#7906=CARTESIAN_POINT('',(0.153175,-0.030875,-0.002));
#7907=CARTESIAN_POINT('',(0.150875,-0.019375,-0.002));
#7908=CARTESIAN_POINT('',(0.150875,-0.019375,0.));
#7909=CARTESIAN_POINT('',(0.150875,-0.017075,0.));
#7910=CARTESIAN_POINT('',(0.150875,-0.017075,-0.002));
#7911=CARTESIAN_POINT('',(0.150875,-0.017075,-0.002));
#7912=CARTESIAN_POINT('',(0.150875,-0.019375,-0.002));
#7913=CARTESIAN_POINT('',(0.,-0.017075,-0.002));
#7914=CARTESIAN_POINT('',(0.,-0.017075,0.));
#7915=CARTESIAN_POINT('',(0.139375,-0.017075,0.));
#7916=CARTESIAN_POINT('',(0.139375,-0.017075,-0.002));
#7917=CARTESIAN_POINT('',(0.139375,-0.017075,-0.002));
#7918=CARTESIAN_POINT('',(0.,-0.017075,-0.002));
#7919=CARTESIAN_POINT('',(0.139375,-0.019375,-0.002));
#7920=CARTESIAN_POINT('',(0.139375,-0.019375,0.));
#7921=CARTESIAN_POINT('',(0.137075,-0.019375,0.));
#7922=CARTESIAN_POINT('',(0.137075,-0.019375,-0.002));
#7923=CARTESIAN_POINT('',(0.137075,-0.019375,-0.002));
#7924=CARTESIAN_POINT('',(0.139375,-0.019375,-0.002));
#7925=CARTESIAN_POINT('',(0.137075,-6.93889390390723E-18,-0.002));
#7926=CARTESIAN_POINT('',(0.137075,-6.93889390390723E-18,0.));
#7927=CARTESIAN_POINT('',(0.137075,-0.030875,0.));
#7928=CARTESIAN_POINT('',(0.137075,-0.030875,-0.002));
#7929=CARTESIAN_POINT('',(0.137075,-0.030875,-0.002));
#7930=CARTESIAN_POINT('',(0.137075,-6.93889390390723E-18,-0.002));
#7931=CARTESIAN_POINT('',(0.139375,-0.030875,-0.002));
#7932=CARTESIAN_POINT('',(0.139375,-0.030875,0.));
#7933=CARTESIAN_POINT('',(0.139375,-0.033175,0.));
#7934=CARTESIAN_POINT('',(0.139375,-0.033175,-0.002));
#7935=CARTESIAN_POINT('',(0.139375,-0.033175,-0.002));
#7936=CARTESIAN_POINT('',(0.139375,-0.030875,-0.002));
#7937=CARTESIAN_POINT('',(0.,-0.033175,-0.002));
#7938=CARTESIAN_POINT('',(0.,-0.033175,0.));
#7939=CARTESIAN_POINT('',(0.150875,-0.033175,0.));
#7940=CARTESIAN_POINT('',(0.150875,-0.033175,-0.002));
#7941=CARTESIAN_POINT('',(0.150875,-0.033175,-0.002));
#7942=CARTESIAN_POINT('',(0.,-0.033175,-0.002));
#7943=CARTESIAN_POINT('',(0.137075,-6.93889390390723E-18,-0.002));
#7944=CARTESIAN_POINT('',(0.137075,-6.93889390390723E-18,0.));
#7945=CARTESIAN_POINT('',(0.137075,-0.014125,0.));
#7946=CARTESIAN_POINT('',(0.137075,-0.00262500000000004,0.));
#7947=CARTESIAN_POINT('',(0.137075,-0.014125,-0.002));
#7948=CARTESIAN_POINT('',(0.137075,-0.014125,-0.002));
#7949=CARTESIAN_POINT('',(0.137075,-6.93889390390723E-18,-0.002));
#7950=CARTESIAN_POINT('',(0.137075,-0.00262500000000004,-0.002));
#7951=CARTESIAN_POINT('',(0.137075,-0.00262500000000004,-0.002));
#7952=CARTESIAN_POINT('',(0.139375,-0.014125,-0.002));
#7953=CARTESIAN_POINT('',(0.139375,-0.014125,0.));
#7954=CARTESIAN_POINT('',(0.139375,-0.016425,0.));
#7955=CARTESIAN_POINT('',(0.139375,-0.016425,-0.002));
#7956=CARTESIAN_POINT('',(0.139375,-0.016425,-0.002));
#7957=CARTESIAN_POINT('',(0.139375,-0.014125,-0.002));
#7958=CARTESIAN_POINT('',(0.,-0.016425,-0.002));
#7959=CARTESIAN_POINT('',(0.,-0.016425,0.));
#7960=CARTESIAN_POINT('',(0.150875,-0.016425,0.));
#7961=CARTESIAN_POINT('',(0.150875,-0.016425,-0.002));
#7962=CARTESIAN_POINT('',(0.150875,-0.016425,-0.002));
#7963=CARTESIAN_POINT('',(0.,-0.016425,-0.002));
#7964=CARTESIAN_POINT('',(0.150875,-0.014125,-0.002));
#7965=CARTESIAN_POINT('',(0.150875,-0.014125,0.));
#7966=CARTESIAN_POINT('',(0.153175,-0.014125,0.));
#7967=CARTESIAN_POINT('',(0.153175,-0.014125,-0.002));
#7968=CARTESIAN_POINT('',(0.153175,-0.014125,-0.002));
#7969=CARTESIAN_POINT('',(0.150875,-0.014125,-0.002));
#7970=CARTESIAN_POINT('',(0.153175,-6.93889390390723E-18,-0.002));
#7971=CARTESIAN_POINT('',(0.153175,-6.93889390390723E-18,0.));
#7972=CARTESIAN_POINT('',(0.153175,-0.00262500000000004,0.));
#7973=CARTESIAN_POINT('',(0.153175,-0.00262500000000004,-0.002));
#7974=CARTESIAN_POINT('',(0.153175,-0.00262500000000004,-0.002));
#7975=CARTESIAN_POINT('',(0.153175,-6.93889390390723E-18,-0.002));
#7976=CARTESIAN_POINT('',(0.150875,-0.00262500000000004,-0.002));
#7977=CARTESIAN_POINT('',(0.150875,-0.00262500000000004,0.));
#7978=CARTESIAN_POINT('',(0.150875,-0.000325000000000035,0.));
#7979=CARTESIAN_POINT('',(0.150875,-0.000325000000000035,-0.002));
#7980=CARTESIAN_POINT('',(0.150875,-0.000325000000000035,-0.002));
#7981=CARTESIAN_POINT('',(0.150875,-0.00262500000000004,-0.002));
#7982=CARTESIAN_POINT('',(0.,-0.000325000000000035,-0.002));
#7983=CARTESIAN_POINT('',(0.,-0.000325000000000035,0.));
#7984=CARTESIAN_POINT('',(0.139375,-0.000325000000000035,0.));
#7985=CARTESIAN_POINT('',(0.139375,-0.000325000000000035,-0.002));
#7986=CARTESIAN_POINT('',(0.139375,-0.000325000000000035,-0.002));
#7987=CARTESIAN_POINT('',(0.,-0.000325000000000035,-0.002));
#7988=CARTESIAN_POINT('',(0.,0.033825,-0.002));
#7989=CARTESIAN_POINT('',(0.,0.033825,0.));
#7990=CARTESIAN_POINT('',(0.167625,0.033825,0.));
#7991=CARTESIAN_POINT('',(0.156125,0.033825,0.));
#7992=CARTESIAN_POINT('',(0.167625,0.033825,-0.002));
#7993=CARTESIAN_POINT('',(0.167625,0.033825,-0.002));
#7994=CARTESIAN_POINT('',(0.,0.033825,-0.002));
#7995=CARTESIAN_POINT('',(0.156125,0.033825,-0.002));
#7996=CARTESIAN_POINT('',(0.156125,0.033825,-0.002));
#7997=CARTESIAN_POINT('',(0.167625,0.036125,-0.002));
#7998=CARTESIAN_POINT('',(0.167625,0.036125,0.));
#7999=CARTESIAN_POINT('',(0.169925,0.036125,0.));
#8000=CARTESIAN_POINT('',(0.169925,0.036125,-0.002));
#8001=CARTESIAN_POINT('',(0.169925,0.036125,-0.002));
#8002=CARTESIAN_POINT('',(0.167625,0.036125,-0.002));
#8003=CARTESIAN_POINT('',(0.169925,6.01624484997479E-16,-0.002));
#8004=CARTESIAN_POINT('',(0.169925,6.01624484997479E-16,0.));
#8005=CARTESIAN_POINT('',(0.169925,0.047625,0.));
#8006=CARTESIAN_POINT('',(0.169925,0.047625,-0.002));
#8007=CARTESIAN_POINT('',(0.169925,0.047625,-0.002));
#8008=CARTESIAN_POINT('',(0.169925,6.01624484997479E-16,-0.002));
#8009=CARTESIAN_POINT('',(0.167625,0.047625,-0.002));
#8010=CARTESIAN_POINT('',(0.167625,0.047625,0.));
#8011=CARTESIAN_POINT('',(0.167625,0.049925,0.));
#8012=CARTESIAN_POINT('',(0.167625,0.049925,-0.002));
#8013=CARTESIAN_POINT('',(0.167625,0.049925,-0.002));
#8014=CARTESIAN_POINT('',(0.167625,0.047625,-0.002));
#8015=CARTESIAN_POINT('',(0.,0.049925,-0.002));
#8016=CARTESIAN_POINT('',(0.,0.049925,0.));
#8017=CARTESIAN_POINT('',(0.156125,0.049925,0.));
#8018=CARTESIAN_POINT('',(0.156125,0.049925,-0.002));
#8019=CARTESIAN_POINT('',(0.156125,0.049925,-0.002));
#8020=CARTESIAN_POINT('',(0.,0.049925,-0.002));
#8021=CARTESIAN_POINT('',(0.156125,0.047625,-0.002));
#8022=CARTESIAN_POINT('',(0.156125,0.047625,0.));
#8023=CARTESIAN_POINT('',(0.153825,0.047625,0.));
#8024=CARTESIAN_POINT('',(0.153825,0.047625,-0.002));
#8025=CARTESIAN_POINT('',(0.153825,0.047625,-0.002));
#8026=CARTESIAN_POINT('',(0.156125,0.047625,-0.002));
#8027=CARTESIAN_POINT('',(0.153825,-6.93889390390723E-18,-0.002));
#8028=CARTESIAN_POINT('',(0.153825,-6.93889390390723E-18,0.));
#8029=CARTESIAN_POINT('',(0.153825,0.036125,0.));
#8030=CARTESIAN_POINT('',(0.153825,0.036125,-0.002));
#8031=CARTESIAN_POINT('',(0.153825,0.036125,-0.002));
#8032=CARTESIAN_POINT('',(0.153825,-6.93889390390723E-18,-0.002));
#8033=CARTESIAN_POINT('',(0.137075,-6.93889390390723E-18,-0.002));
#8034=CARTESIAN_POINT('',(0.137075,-6.93889390390723E-18,0.));
#8035=CARTESIAN_POINT('',(0.137075,0.036125,0.));
#8036=CARTESIAN_POINT('',(0.137075,0.047625,0.));
#8037=CARTESIAN_POINT('',(0.137075,0.036125,-0.002));
#8038=CARTESIAN_POINT('',(0.137075,0.036125,-0.002));
#8039=CARTESIAN_POINT('',(0.137075,-6.93889390390723E-18,-0.002));
#8040=CARTESIAN_POINT('',(0.137075,0.047625,-0.002));
#8041=CARTESIAN_POINT('',(0.137075,0.047625,-0.002));
#8042=CARTESIAN_POINT('',(0.139375,0.036125,-0.002));
#8043=CARTESIAN_POINT('',(0.139375,0.036125,0.));
#8044=CARTESIAN_POINT('',(0.139375,0.033825,0.));
#8045=CARTESIAN_POINT('',(0.139375,0.033825,-0.002));
#8046=CARTESIAN_POINT('',(0.139375,0.033825,-0.002));
#8047=CARTESIAN_POINT('',(0.139375,0.036125,-0.002));
#8048=CARTESIAN_POINT('',(0.,0.033825,-0.002));
#8049=CARTESIAN_POINT('',(0.,0.033825,0.));
#8050=CARTESIAN_POINT('',(0.150875,0.033825,0.));
#8051=CARTESIAN_POINT('',(0.150875,0.033825,-0.002));
#8052=CARTESIAN_POINT('',(0.150875,0.033825,-0.002));
#8053=CARTESIAN_POINT('',(0.,0.033825,-0.002));
#8054=CARTESIAN_POINT('',(0.150875,0.036125,-0.002));
#8055=CARTESIAN_POINT('',(0.150875,0.036125,0.));
#8056=CARTESIAN_POINT('',(0.153175,0.036125,0.));
#8057=CARTESIAN_POINT('',(0.153175,0.036125,-0.002));
#8058=CARTESIAN_POINT('',(0.153175,0.036125,-0.002));
#8059=CARTESIAN_POINT('',(0.150875,0.036125,-0.002));
#8060=CARTESIAN_POINT('',(0.153175,5.41636628021765E-16,-0.002));
#8061=CARTESIAN_POINT('',(0.153175,5.41636628021765E-16,0.));
#8062=CARTESIAN_POINT('',(0.153175,0.047625,0.));
#8063=CARTESIAN_POINT('',(0.153175,0.047625,-0.002));
#8064=CARTESIAN_POINT('',(0.153175,0.047625,-0.002));
#8065=CARTESIAN_POINT('',(0.153175,5.41636628021765E-16,-0.002));
#8066=CARTESIAN_POINT('',(0.150875,0.047625,-0.002));
#8067=CARTESIAN_POINT('',(0.150875,0.047625,0.));
#8068=CARTESIAN_POINT('',(0.150875,0.049925,0.));
#8069=CARTESIAN_POINT('',(0.150875,0.049925,-0.002));
#8070=CARTESIAN_POINT('',(0.150875,0.049925,-0.002));
#8071=CARTESIAN_POINT('',(0.150875,0.047625,-0.002));
#8072=CARTESIAN_POINT('',(0.,0.049925,-0.002));
#8073=CARTESIAN_POINT('',(0.,0.049925,0.));
#8074=CARTESIAN_POINT('',(0.139375,0.049925,0.));
#8075=CARTESIAN_POINT('',(0.139375,0.049925,-0.002));
#8076=CARTESIAN_POINT('',(0.139375,0.049925,-0.002));
#8077=CARTESIAN_POINT('',(0.,0.049925,-0.002));
#8078=CARTESIAN_POINT('',(0.,0.033825,-0.002));
#8079=CARTESIAN_POINT('',(0.,0.033825,0.));
#8080=CARTESIAN_POINT('',(0.134125,0.033825,0.));
#8081=CARTESIAN_POINT('',(0.122625,0.033825,0.));
#8082=CARTESIAN_POINT('',(0.134125,0.033825,-0.002));
#8083=CARTESIAN_POINT('',(0.134125,0.033825,-0.002));
#8084=CARTESIAN_POINT('',(0.,0.033825,-0.002));
#8085=CARTESIAN_POINT('',(0.122625,0.033825,-0.002));
#8086=CARTESIAN_POINT('',(0.122625,0.033825,-0.002));
#8087=CARTESIAN_POINT('',(0.134125,0.036125,-0.002));
#8088=CARTESIAN_POINT('',(0.134125,0.036125,0.));
#8089=CARTESIAN_POINT('',(0.136425,0.036125,0.));
#8090=CARTESIAN_POINT('',(0.136425,0.036125,-0.002));
#8091=CARTESIAN_POINT('',(0.136425,0.036125,-0.002));
#8092=CARTESIAN_POINT('',(0.134125,0.036125,-0.002));
#8093=CARTESIAN_POINT('',(0.136425,4.81648771046051E-16,-0.002));
#8094=CARTESIAN_POINT('',(0.136425,4.81648771046051E-16,0.));
#8095=CARTESIAN_POINT('',(0.136425,0.047625,0.));
#8096=CARTESIAN_POINT('',(0.136425,0.047625,-0.002));
#8097=CARTESIAN_POINT('',(0.136425,0.047625,-0.002));
#8098=CARTESIAN_POINT('',(0.136425,4.81648771046051E-16,-0.002));
#8099=CARTESIAN_POINT('',(0.134125,0.047625,-0.002));
#8100=CARTESIAN_POINT('',(0.134125,0.047625,0.));
#8101=CARTESIAN_POINT('',(0.134125,0.049925,0.));
#8102=CARTESIAN_POINT('',(0.134125,0.049925,-0.002));
#8103=CARTESIAN_POINT('',(0.134125,0.049925,-0.002));
#8104=CARTESIAN_POINT('',(0.134125,0.047625,-0.002));
#8105=CARTESIAN_POINT('',(0.,0.049925,-0.002));
#8106=CARTESIAN_POINT('',(0.,0.049925,0.));
#8107=CARTESIAN_POINT('',(0.122625,0.049925,0.));
#8108=CARTESIAN_POINT('',(0.122625,0.049925,-0.002));
#8109=CARTESIAN_POINT('',(0.122625,0.049925,-0.002));
#8110=CARTESIAN_POINT('',(0.,0.049925,-0.002));
#8111=CARTESIAN_POINT('',(0.122625,0.047625,-0.002));
#8112=CARTESIAN_POINT('',(0.122625,0.047625,0.));
#8113=CARTESIAN_POINT('',(0.120325,0.047625,0.));
#8114=CARTESIAN_POINT('',(0.120325,0.047625,-0.002));
#8115=CARTESIAN_POINT('',(0.120325,0.047625,-0.002));
#8116=CARTESIAN_POINT('',(0.122625,0.047625,-0.002));
#8117=CARTESIAN_POINT('',(0.120325,-6.93889390390723E-18,-0.002));
#8118=CARTESIAN_POINT('',(0.120325,-6.93889390390723E-18,0.));
#8119=CARTESIAN_POINT('',(0.120325,0.036125,0.));
#8120=CARTESIAN_POINT('',(0.120325,0.036125,-0.002));
#8121=CARTESIAN_POINT('',(0.120325,0.036125,-0.002));
#8122=CARTESIAN_POINT('',(0.120325,-6.93889390390723E-18,-0.002));
#8123=CARTESIAN_POINT('',(0.102925,1.77367081595357E-16,-0.002));
#8124=CARTESIAN_POINT('',(0.102925,1.77367081595357E-16,0.));
#8125=CARTESIAN_POINT('',(0.102925,-0.002625,0.));
#8126=CARTESIAN_POINT('',(0.102925,-0.014125,0.));
#8127=CARTESIAN_POINT('',(0.102925,-0.002625,-0.002));
#8128=CARTESIAN_POINT('',(0.102925,-0.002625,-0.002));
#8129=CARTESIAN_POINT('',(0.102925,1.77367081595357E-16,-0.002));
#8130=CARTESIAN_POINT('',(0.102925,-0.014125,-0.002));
#8131=CARTESIAN_POINT('',(0.102925,-0.014125,-0.002));
#8132=CARTESIAN_POINT('',(0.100625,-0.00262500000000004,-0.002));
#8133=CARTESIAN_POINT('',(0.100625,-0.00262500000000004,0.));
#8134=CARTESIAN_POINT('',(0.100625,-0.000325000000000035,0.));
#8135=CARTESIAN_POINT('',(0.100625,-0.000325000000000035,-0.002));
#8136=CARTESIAN_POINT('',(0.100625,-0.000325000000000035,-0.002));
#8137=CARTESIAN_POINT('',(0.100625,-0.00262500000000004,-0.002));
#8138=CARTESIAN_POINT('',(0.,-0.000325000000000035,-0.002));
#8139=CARTESIAN_POINT('',(0.,-0.000325000000000035,0.));
#8140=CARTESIAN_POINT('',(0.089125,-0.000325000000000035,0.));
#8141=CARTESIAN_POINT('',(0.089125,-0.000325000000000035,-0.002));
#8142=CARTESIAN_POINT('',(0.089125,-0.000325000000000035,-0.002));
#8143=CARTESIAN_POINT('',(0.,-0.000325000000000035,-0.002));
#8144=CARTESIAN_POINT('',(0.089125,-0.00262500000000004,-0.002));
#8145=CARTESIAN_POINT('',(0.089125,-0.00262500000000004,0.));
#8146=CARTESIAN_POINT('',(0.086825,-0.00262500000000004,0.));
#8147=CARTESIAN_POINT('',(0.086825,-0.00262500000000004,-0.002));
#8148=CARTESIAN_POINT('',(0.086825,-0.00262500000000004,-0.002));
#8149=CARTESIAN_POINT('',(0.089125,-0.00262500000000004,-0.002));
#8150=CARTESIAN_POINT('',(0.086825,-6.93889390390723E-18,-0.002));
#8151=CARTESIAN_POINT('',(0.086825,-6.93889390390723E-18,0.));
#8152=CARTESIAN_POINT('',(0.086825,-0.014125,0.));
#8153=CARTESIAN_POINT('',(0.086825,-0.014125,-0.002));
#8154=CARTESIAN_POINT('',(0.086825,-0.014125,-0.002));
#8155=CARTESIAN_POINT('',(0.086825,-6.93889390390723E-18,-0.002));
#8156=CARTESIAN_POINT('',(0.089125,-0.014125,-0.002));
#8157=CARTESIAN_POINT('',(0.089125,-0.014125,0.));
#8158=CARTESIAN_POINT('',(0.089125,-0.016425,0.));
#8159=CARTESIAN_POINT('',(0.089125,-0.016425,-0.002));
#8160=CARTESIAN_POINT('',(0.089125,-0.016425,-0.002));
#8161=CARTESIAN_POINT('',(0.089125,-0.014125,-0.002));
#8162=CARTESIAN_POINT('',(0.,-0.016425,-0.002));
#8163=CARTESIAN_POINT('',(0.,-0.016425,0.));
#8164=CARTESIAN_POINT('',(0.100625,-0.016425,0.));
#8165=CARTESIAN_POINT('',(0.100625,-0.016425,-0.002));
#8166=CARTESIAN_POINT('',(0.100625,-0.016425,-0.002));
#8167=CARTESIAN_POINT('',(0.,-0.016425,-0.002));
#8168=CARTESIAN_POINT('',(0.086825,-6.93889390390723E-18,-0.002));
#8169=CARTESIAN_POINT('',(0.086825,-6.93889390390723E-18,0.));
#8170=CARTESIAN_POINT('',(0.086825,0.00262499999999996,0.));
#8171=CARTESIAN_POINT('',(0.086825,0.014125,0.));
#8172=CARTESIAN_POINT('',(0.086825,0.00262499999999996,-0.002));
#8173=CARTESIAN_POINT('',(0.086825,0.00262499999999996,-0.002));
#8174=CARTESIAN_POINT('',(0.086825,-6.93889390390723E-18,-0.002));
#8175=CARTESIAN_POINT('',(0.086825,0.014125,-0.002));
#8176=CARTESIAN_POINT('',(0.086825,0.014125,-0.002));
#8177=CARTESIAN_POINT('',(0.089125,0.00262499999999996,-0.002));
#8178=CARTESIAN_POINT('',(0.089125,0.00262499999999996,0.));
#8179=CARTESIAN_POINT('',(0.089125,0.000324999999999959,0.));
#8180=CARTESIAN_POINT('',(0.089125,0.000324999999999959,-0.002));
#8181=CARTESIAN_POINT('',(0.089125,0.000324999999999959,-0.002));
#8182=CARTESIAN_POINT('',(0.089125,0.00262499999999996,-0.002));
#8183=CARTESIAN_POINT('',(0.,0.000324999999999959,-0.002));
#8184=CARTESIAN_POINT('',(0.,0.000324999999999959,0.));
#8185=CARTESIAN_POINT('',(0.100625,0.000324999999999959,0.));
#8186=CARTESIAN_POINT('',(0.100625,0.000324999999999959,-0.002));
#8187=CARTESIAN_POINT('',(0.100625,0.000324999999999959,-0.002));
#8188=CARTESIAN_POINT('',(0.,0.000324999999999959,-0.002));
#8189=CARTESIAN_POINT('',(0.100625,0.00262499999999996,-0.002));
#8190=CARTESIAN_POINT('',(0.100625,0.00262499999999996,0.));
#8191=CARTESIAN_POINT('',(0.102925,0.00262499999999997,0.));
#8192=CARTESIAN_POINT('',(0.102925,0.00262499999999997,-0.002));
#8193=CARTESIAN_POINT('',(0.102925,0.00262499999999997,-0.002));
#8194=CARTESIAN_POINT('',(0.100625,0.00262499999999996,-0.002));
#8195=CARTESIAN_POINT('',(0.102925,1.77367081595358E-16,-0.002));
#8196=CARTESIAN_POINT('',(0.102925,1.77367081595358E-16,0.));
#8197=CARTESIAN_POINT('',(0.102925,0.014125,0.));
#8198=CARTESIAN_POINT('',(0.102925,0.014125,-0.002));
#8199=CARTESIAN_POINT('',(0.102925,0.014125,-0.002));
#8200=CARTESIAN_POINT('',(0.102925,1.77367081595358E-16,-0.002));
#8201=CARTESIAN_POINT('',(0.100625,0.014125,-0.002));
#8202=CARTESIAN_POINT('',(0.100625,0.014125,0.));
#8203=CARTESIAN_POINT('',(0.100625,0.016425,0.));
#8204=CARTESIAN_POINT('',(0.100625,0.016425,-0.002));
#8205=CARTESIAN_POINT('',(0.100625,0.016425,-0.002));
#8206=CARTESIAN_POINT('',(0.100625,0.014125,-0.002));
#8207=CARTESIAN_POINT('',(0.,0.016425,-0.002));
#8208=CARTESIAN_POINT('',(0.,0.016425,0.));
#8209=CARTESIAN_POINT('',(0.089125,0.016425,0.));
#8210=CARTESIAN_POINT('',(0.089125,0.016425,-0.002));
#8211=CARTESIAN_POINT('',(0.089125,0.016425,-0.002));
#8212=CARTESIAN_POINT('',(0.,0.016425,-0.002));
#8213=CARTESIAN_POINT('',(0.102925,1.77367081595358E-16,-0.002));
#8214=CARTESIAN_POINT('',(0.102925,1.77367081595358E-16,0.));
#8215=CARTESIAN_POINT('',(0.102925,0.030875,0.));
#8216=CARTESIAN_POINT('',(0.102925,0.019375,0.));
#8217=CARTESIAN_POINT('',(0.102925,0.030875,-0.002));
#8218=CARTESIAN_POINT('',(0.102925,0.030875,-0.002));
#8219=CARTESIAN_POINT('',(0.102925,1.77367081595358E-16,-0.002));
#8220=CARTESIAN_POINT('',(0.102925,0.019375,-0.002));
#8221=CARTESIAN_POINT('',(0.102925,0.019375,-0.002));
#8222=CARTESIAN_POINT('',(0.100625,0.030875,-0.002));
#8223=CARTESIAN_POINT('',(0.100625,0.030875,0.));
#8224=CARTESIAN_POINT('',(0.100625,0.033175,0.));
#8225=CARTESIAN_POINT('',(0.100625,0.033175,-0.002));
#8226=CARTESIAN_POINT('',(0.100625,0.033175,-0.002));
#8227=CARTESIAN_POINT('',(0.100625,0.030875,-0.002));
#8228=CARTESIAN_POINT('',(0.,0.033175,-0.002));
#8229=CARTESIAN_POINT('',(0.,0.033175,0.));
#8230=CARTESIAN_POINT('',(0.089125,0.033175,0.));
#8231=CARTESIAN_POINT('',(0.089125,0.033175,-0.002));
#8232=CARTESIAN_POINT('',(0.089125,0.033175,-0.002));
#8233=CARTESIAN_POINT('',(0.,0.033175,-0.002));
#8234=CARTESIAN_POINT('',(0.089125,0.030875,-0.002));
#8235=CARTESIAN_POINT('',(0.089125,0.030875,0.));
#8236=CARTESIAN_POINT('',(0.086825,0.030875,0.));
#8237=CARTESIAN_POINT('',(0.086825,0.030875,-0.002));
#8238=CARTESIAN_POINT('',(0.086825,0.030875,-0.002));
#8239=CARTESIAN_POINT('',(0.089125,0.030875,-0.002));
#8240=CARTESIAN_POINT('',(0.086825,-6.93889390390723E-18,-0.002));
#8241=CARTESIAN_POINT('',(0.086825,-6.93889390390723E-18,0.));
#8242=CARTESIAN_POINT('',(0.086825,0.019375,0.));
#8243=CARTESIAN_POINT('',(0.086825,0.019375,-0.002));
#8244=CARTESIAN_POINT('',(0.086825,0.019375,-0.002));
#8245=CARTESIAN_POINT('',(0.086825,-6.93889390390723E-18,-0.002));
#8246=CARTESIAN_POINT('',(0.089125,0.019375,-0.002));
#8247=CARTESIAN_POINT('',(0.089125,0.019375,0.));
#8248=CARTESIAN_POINT('',(0.089125,0.017075,0.));
#8249=CARTESIAN_POINT('',(0.089125,0.017075,-0.002));
#8250=CARTESIAN_POINT('',(0.089125,0.017075,-0.002));
#8251=CARTESIAN_POINT('',(0.089125,0.019375,-0.002));
#8252=CARTESIAN_POINT('',(0.,0.017075,-0.002));
#8253=CARTESIAN_POINT('',(0.,0.017075,0.));
#8254=CARTESIAN_POINT('',(0.100625,0.017075,0.));
#8255=CARTESIAN_POINT('',(0.100625,0.017075,-0.002));
#8256=CARTESIAN_POINT('',(0.100625,0.017075,-0.002));
#8257=CARTESIAN_POINT('',(0.,0.017075,-0.002));
#8258=CARTESIAN_POINT('',(0.103575,-6.93889390390723E-18,-0.002));
#8259=CARTESIAN_POINT('',(0.103575,-6.93889390390723E-18,0.));
#8260=CARTESIAN_POINT('',(0.103575,-0.047625,0.));
#8261=CARTESIAN_POINT('',(0.103575,-0.036125,0.));
#8262=CARTESIAN_POINT('',(0.103575,-0.047625,-0.002));
#8263=CARTESIAN_POINT('',(0.103575,-0.047625,-0.002));
#8264=CARTESIAN_POINT('',(0.103575,-6.93889390390723E-18,-0.002));
#8265=CARTESIAN_POINT('',(0.103575,-0.036125,-0.002));
#8266=CARTESIAN_POINT('',(0.103575,-0.036125,-0.002));
#8267=CARTESIAN_POINT('',(0.105875,-0.047625,-0.002));
#8268=CARTESIAN_POINT('',(0.105875,-0.047625,0.));
#8269=CARTESIAN_POINT('',(0.105875,-0.049925,0.));
#8270=CARTESIAN_POINT('',(0.105875,-0.049925,-0.002));
#8271=CARTESIAN_POINT('',(0.105875,-0.049925,-0.002));
#8272=CARTESIAN_POINT('',(0.105875,-0.047625,-0.002));
#8273=CARTESIAN_POINT('',(0.,-0.049925,-0.002));
#8274=CARTESIAN_POINT('',(0.,-0.049925,0.));
#8275=CARTESIAN_POINT('',(0.117375,-0.049925,0.));
#8276=CARTESIAN_POINT('',(0.117375,-0.049925,-0.002));
#8277=CARTESIAN_POINT('',(0.117375,-0.049925,-0.002));
#8278=CARTESIAN_POINT('',(0.,-0.049925,-0.002));
#8279=CARTESIAN_POINT('',(0.117375,-0.047625,-0.002));
#8280=CARTESIAN_POINT('',(0.117375,-0.047625,0.));
#8281=CARTESIAN_POINT('',(0.119675,-0.047625,0.));
#8282=CARTESIAN_POINT('',(0.119675,-0.047625,-0.002));
#8283=CARTESIAN_POINT('',(0.119675,-0.047625,-0.002));
#8284=CARTESIAN_POINT('',(0.117375,-0.047625,-0.002));
#8285=CARTESIAN_POINT('',(0.119675,2.07361010083214E-16,-0.002));
#8286=CARTESIAN_POINT('',(0.119675,2.07361010083214E-16,0.));
#8287=CARTESIAN_POINT('',(0.119675,-0.036125,0.));
#8288=CARTESIAN_POINT('',(0.119675,-0.036125,-0.002));
#8289=CARTESIAN_POINT('',(0.119675,-0.036125,-0.002));
#8290=CARTESIAN_POINT('',(0.119675,2.07361010083214E-16,-0.002));
#8291=CARTESIAN_POINT('',(0.117375,-0.036125,-0.002));
#8292=CARTESIAN_POINT('',(0.117375,-0.036125,0.));
#8293=CARTESIAN_POINT('',(0.117375,-0.033825,0.));
#8294=CARTESIAN_POINT('',(0.117375,-0.033825,-0.002));
#8295=CARTESIAN_POINT('',(0.117375,-0.033825,-0.002));
#8296=CARTESIAN_POINT('',(0.117375,-0.036125,-0.002));
#8297=CARTESIAN_POINT('',(0.,-0.033825,-0.002));
#8298=CARTESIAN_POINT('',(0.,-0.033825,0.));
#8299=CARTESIAN_POINT('',(0.105875,-0.033825,0.));
#8300=CARTESIAN_POINT('',(0.105875,-0.033825,-0.002));
#8301=CARTESIAN_POINT('',(0.105875,-0.033825,-0.002));
#8302=CARTESIAN_POINT('',(0.,-0.033825,-0.002));
#8303=CARTESIAN_POINT('',(0.086825,-6.93889390390723E-18,-0.002));
#8304=CARTESIAN_POINT('',(0.086825,-6.93889390390723E-18,0.));
#8305=CARTESIAN_POINT('',(0.086825,-0.030875,0.));
#8306=CARTESIAN_POINT('',(0.086825,-0.019375,0.));
#8307=CARTESIAN_POINT('',(0.086825,-0.030875,-0.002));
#8308=CARTESIAN_POINT('',(0.086825,-0.030875,-0.002));
#8309=CARTESIAN_POINT('',(0.086825,-6.93889390390723E-18,-0.002));
#8310=CARTESIAN_POINT('',(0.086825,-0.019375,-0.002));
#8311=CARTESIAN_POINT('',(0.086825,-0.019375,-0.002));
#8312=CARTESIAN_POINT('',(0.089125,-0.030875,-0.002));
#8313=CARTESIAN_POINT('',(0.089125,-0.030875,0.));
#8314=CARTESIAN_POINT('',(0.089125,-0.033175,0.));
#8315=CARTESIAN_POINT('',(0.089125,-0.033175,-0.002));
#8316=CARTESIAN_POINT('',(0.089125,-0.033175,-0.002));
#8317=CARTESIAN_POINT('',(0.089125,-0.030875,-0.002));
#8318=CARTESIAN_POINT('',(0.,-0.033175,-0.002));
#8319=CARTESIAN_POINT('',(0.,-0.033175,0.));
#8320=CARTESIAN_POINT('',(0.100625,-0.033175,0.));
#8321=CARTESIAN_POINT('',(0.100625,-0.033175,-0.002));
#8322=CARTESIAN_POINT('',(0.100625,-0.033175,-0.002));
#8323=CARTESIAN_POINT('',(0.,-0.033175,-0.002));
#8324=CARTESIAN_POINT('',(0.100625,-0.030875,-0.002));
#8325=CARTESIAN_POINT('',(0.100625,-0.030875,0.));
#8326=CARTESIAN_POINT('',(0.102925,-0.030875,0.));
#8327=CARTESIAN_POINT('',(0.102925,-0.030875,-0.002));
#8328=CARTESIAN_POINT('',(0.102925,-0.030875,-0.002));
#8329=CARTESIAN_POINT('',(0.100625,-0.030875,-0.002));
#8330=CARTESIAN_POINT('',(0.102925,1.77367081595357E-16,-0.002));
#8331=CARTESIAN_POINT('',(0.102925,1.77367081595357E-16,0.));
#8332=CARTESIAN_POINT('',(0.102925,-0.019375,0.));
#8333=CARTESIAN_POINT('',(0.102925,-0.019375,-0.002));
#8334=CARTESIAN_POINT('',(0.102925,-0.019375,-0.002));
#8335=CARTESIAN_POINT('',(0.102925,1.77367081595357E-16,-0.002));
#8336=CARTESIAN_POINT('',(0.100625,-0.019375,-0.002));
#8337=CARTESIAN_POINT('',(0.100625,-0.019375,0.));
#8338=CARTESIAN_POINT('',(0.100625,-0.017075,0.));
#8339=CARTESIAN_POINT('',(0.100625,-0.017075,-0.002));
#8340=CARTESIAN_POINT('',(0.100625,-0.017075,-0.002));
#8341=CARTESIAN_POINT('',(0.100625,-0.019375,-0.002));
#8342=CARTESIAN_POINT('',(0.,-0.017075,-0.002));
#8343=CARTESIAN_POINT('',(0.,-0.017075,0.));
#8344=CARTESIAN_POINT('',(0.089125,-0.017075,0.));
#8345=CARTESIAN_POINT('',(0.089125,-0.017075,-0.002));
#8346=CARTESIAN_POINT('',(0.089125,-0.017075,-0.002));
#8347=CARTESIAN_POINT('',(0.,-0.017075,-0.002));
#8348=CARTESIAN_POINT('',(0.102925,1.77367081595357E-16,-0.002));
#8349=CARTESIAN_POINT('',(0.102925,1.77367081595357E-16,0.));
#8350=CARTESIAN_POINT('',(0.102925,-0.036125,0.));
#8351=CARTESIAN_POINT('',(0.102925,-0.047625,0.));
#8352=CARTESIAN_POINT('',(0.102925,-0.036125,-0.002));
#8353=CARTESIAN_POINT('',(0.102925,-0.036125,-0.002));
#8354=CARTESIAN_POINT('',(0.102925,1.77367081595357E-16,-0.002));
#8355=CARTESIAN_POINT('',(0.102925,-0.047625,-0.002));
#8356=CARTESIAN_POINT('',(0.102925,-0.047625,-0.002));
#8357=CARTESIAN_POINT('',(0.100625,-0.036125,-0.002));
#8358=CARTESIAN_POINT('',(0.100625,-0.036125,0.));
#8359=CARTESIAN_POINT('',(0.100625,-0.033825,0.));
#8360=CARTESIAN_POINT('',(0.100625,-0.033825,-0.002));
#8361=CARTESIAN_POINT('',(0.100625,-0.033825,-0.002));
#8362=CARTESIAN_POINT('',(0.100625,-0.036125,-0.002));
#8363=CARTESIAN_POINT('',(0.,-0.033825,-0.002));
#8364=CARTESIAN_POINT('',(0.,-0.033825,0.));
#8365=CARTESIAN_POINT('',(0.089125,-0.033825,0.));
#8366=CARTESIAN_POINT('',(0.089125,-0.033825,-0.002));
#8367=CARTESIAN_POINT('',(0.089125,-0.033825,-0.002));
#8368=CARTESIAN_POINT('',(0.,-0.033825,-0.002));
#8369=CARTESIAN_POINT('',(0.089125,-0.036125,-0.002));
#8370=CARTESIAN_POINT('',(0.089125,-0.036125,0.));
#8371=CARTESIAN_POINT('',(0.086825,-0.036125,0.));
#8372=CARTESIAN_POINT('',(0.086825,-0.036125,-0.002));
#8373=CARTESIAN_POINT('',(0.086825,-0.036125,-0.002));
#8374=CARTESIAN_POINT('',(0.089125,-0.036125,-0.002));
#8375=CARTESIAN_POINT('',(0.086825,-6.93889390390723E-18,-0.002));
#8376=CARTESIAN_POINT('',(0.086825,-6.93889390390723E-18,0.));
#8377=CARTESIAN_POINT('',(0.086825,-0.047625,0.));
#8378=CARTESIAN_POINT('',(0.086825,-0.047625,-0.002));
#8379=CARTESIAN_POINT('',(0.086825,-0.047625,-0.002));
#8380=CARTESIAN_POINT('',(0.086825,-6.93889390390723E-18,-0.002));
#8381=CARTESIAN_POINT('',(0.089125,-0.047625,-0.002));
#8382=CARTESIAN_POINT('',(0.089125,-0.047625,0.));
#8383=CARTESIAN_POINT('',(0.089125,-0.049925,0.));
#8384=CARTESIAN_POINT('',(0.089125,-0.049925,-0.002));
#8385=CARTESIAN_POINT('',(0.089125,-0.049925,-0.002));
#8386=CARTESIAN_POINT('',(0.089125,-0.047625,-0.002));
#8387=CARTESIAN_POINT('',(0.,-0.049925,-0.002));
#8388=CARTESIAN_POINT('',(0.,-0.049925,0.));
#8389=CARTESIAN_POINT('',(0.100625,-0.049925,0.));
#8390=CARTESIAN_POINT('',(0.100625,-0.049925,-0.002));
#8391=CARTESIAN_POINT('',(0.100625,-0.049925,-0.002));
#8392=CARTESIAN_POINT('',(0.,-0.049925,-0.002));
#8393=CARTESIAN_POINT('',(0.102925,1.77367081595358E-16,-0.002));
#8394=CARTESIAN_POINT('',(0.102925,1.77367081595358E-16,0.));
#8395=CARTESIAN_POINT('',(0.102925,0.047625,0.));
#8396=CARTESIAN_POINT('',(0.102925,0.036125,0.));
#8397=CARTESIAN_POINT('',(0.102925,0.047625,-0.002));
#8398=CARTESIAN_POINT('',(0.102925,0.047625,-0.002));
#8399=CARTESIAN_POINT('',(0.102925,1.77367081595358E-16,-0.002));
#8400=CARTESIAN_POINT('',(0.102925,0.036125,-0.002));
#8401=CARTESIAN_POINT('',(0.102925,0.036125,-0.002));
#8402=CARTESIAN_POINT('',(0.100625,0.047625,-0.002));
#8403=CARTESIAN_POINT('',(0.100625,0.047625,0.));
#8404=CARTESIAN_POINT('',(0.100625,0.049925,0.));
#8405=CARTESIAN_POINT('',(0.100625,0.049925,-0.002));
#8406=CARTESIAN_POINT('',(0.100625,0.049925,-0.002));
#8407=CARTESIAN_POINT('',(0.100625,0.047625,-0.002));
#8408=CARTESIAN_POINT('',(0.,0.049925,-0.002));
#8409=CARTESIAN_POINT('',(0.,0.049925,0.));
#8410=CARTESIAN_POINT('',(0.089125,0.049925,0.));
#8411=CARTESIAN_POINT('',(0.089125,0.049925,-0.002));
#8412=CARTESIAN_POINT('',(0.089125,0.049925,-0.002));
#8413=CARTESIAN_POINT('',(0.,0.049925,-0.002));
#8414=CARTESIAN_POINT('',(0.089125,0.047625,-0.002));
#8415=CARTESIAN_POINT('',(0.089125,0.047625,0.));
#8416=CARTESIAN_POINT('',(0.086825,0.047625,0.));
#8417=CARTESIAN_POINT('',(0.086825,0.047625,-0.002));
#8418=CARTESIAN_POINT('',(0.086825,0.047625,-0.002));
#8419=CARTESIAN_POINT('',(0.089125,0.047625,-0.002));
#8420=CARTESIAN_POINT('',(0.086825,-6.93889390390723E-18,-0.002));
#8421=CARTESIAN_POINT('',(0.086825,-6.93889390390723E-18,0.));
#8422=CARTESIAN_POINT('',(0.086825,0.036125,0.));
#8423=CARTESIAN_POINT('',(0.086825,0.036125,-0.002));
#8424=CARTESIAN_POINT('',(0.086825,0.036125,-0.002));
#8425=CARTESIAN_POINT('',(0.086825,-6.93889390390723E-18,-0.002));
#8426=CARTESIAN_POINT('',(0.089125,0.036125,-0.002));
#8427=CARTESIAN_POINT('',(0.089125,0.036125,0.));
#8428=CARTESIAN_POINT('',(0.089125,0.033825,0.));
#8429=CARTESIAN_POINT('',(0.089125,0.033825,-0.002));
#8430=CARTESIAN_POINT('',(0.089125,0.033825,-0.002));
#8431=CARTESIAN_POINT('',(0.089125,0.036125,-0.002));
#8432=CARTESIAN_POINT('',(0.,0.033825,-0.002));
#8433=CARTESIAN_POINT('',(0.,0.033825,0.));
#8434=CARTESIAN_POINT('',(0.100625,0.033825,0.));
#8435=CARTESIAN_POINT('',(0.100625,0.033825,-0.002));
#8436=CARTESIAN_POINT('',(0.100625,0.033825,-0.002));
#8437=CARTESIAN_POINT('',(0.,0.033825,-0.002));
#8438=CARTESIAN_POINT('',(0.103575,-6.93889390390723E-18,-0.002));
#8439=CARTESIAN_POINT('',(0.103575,-6.93889390390723E-18,0.));
#8440=CARTESIAN_POINT('',(0.103575,0.036125,0.));
#8441=CARTESIAN_POINT('',(0.103575,0.047625,0.));
#8442=CARTESIAN_POINT('',(0.103575,0.036125,-0.002));
#8443=CARTESIAN_POINT('',(0.103575,0.036125,-0.002));
#8444=CARTESIAN_POINT('',(0.103575,-6.93889390390723E-18,-0.002));
#8445=CARTESIAN_POINT('',(0.103575,0.047625,-0.002));
#8446=CARTESIAN_POINT('',(0.103575,0.047625,-0.002));
#8447=CARTESIAN_POINT('',(0.105875,0.036125,-0.002));
#8448=CARTESIAN_POINT('',(0.105875,0.036125,0.));
#8449=CARTESIAN_POINT('',(0.105875,0.033825,0.));
#8450=CARTESIAN_POINT('',(0.105875,0.033825,-0.002));
#8451=CARTESIAN_POINT('',(0.105875,0.033825,-0.002));
#8452=CARTESIAN_POINT('',(0.105875,0.036125,-0.002));
#8453=CARTESIAN_POINT('',(0.,0.033825,-0.002));
#8454=CARTESIAN_POINT('',(0.,0.033825,0.));
#8455=CARTESIAN_POINT('',(0.117375,0.033825,0.));
#8456=CARTESIAN_POINT('',(0.117375,0.033825,-0.002));
#8457=CARTESIAN_POINT('',(0.117375,0.033825,-0.002));
#8458=CARTESIAN_POINT('',(0.,0.033825,-0.002));
#8459=CARTESIAN_POINT('',(0.117375,0.036125,-0.002));
#8460=CARTESIAN_POINT('',(0.117375,0.036125,0.));
#8461=CARTESIAN_POINT('',(0.119675,0.036125,0.));
#8462=CARTESIAN_POINT('',(0.119675,0.036125,-0.002));
#8463=CARTESIAN_POINT('',(0.119675,0.036125,-0.002));
#8464=CARTESIAN_POINT('',(0.117375,0.036125,-0.002));
#8465=CARTESIAN_POINT('',(0.119675,2.07361010083215E-16,-0.002));
#8466=CARTESIAN_POINT('',(0.119675,2.07361010083215E-16,0.));
#8467=CARTESIAN_POINT('',(0.119675,0.047625,0.));
#8468=CARTESIAN_POINT('',(0.119675,0.047625,-0.002));
#8469=CARTESIAN_POINT('',(0.119675,0.047625,-0.002));
#8470=CARTESIAN_POINT('',(0.119675,2.07361010083215E-16,-0.002));
#8471=CARTESIAN_POINT('',(0.117375,0.047625,-0.002));
#8472=CARTESIAN_POINT('',(0.117375,0.047625,0.));
#8473=CARTESIAN_POINT('',(0.117375,0.049925,0.));
#8474=CARTESIAN_POINT('',(0.117375,0.049925,-0.002));
#8475=CARTESIAN_POINT('',(0.117375,0.049925,-0.002));
#8476=CARTESIAN_POINT('',(0.117375,0.047625,-0.002));
#8477=CARTESIAN_POINT('',(0.,0.049925,-0.002));
#8478=CARTESIAN_POINT('',(0.,0.049925,0.));
#8479=CARTESIAN_POINT('',(0.105875,0.049925,0.));
#8480=CARTESIAN_POINT('',(0.105875,0.049925,-0.002));
#8481=CARTESIAN_POINT('',(0.105875,0.049925,-0.002));
#8482=CARTESIAN_POINT('',(0.,0.049925,-0.002));
#8483=CARTESIAN_POINT('',(0.156125,0.014125,-0.002));
#8484=CARTESIAN_POINT('',(0.156125,0.014125,0.));
#8485=CARTESIAN_POINT('',(0.156125,0.014125,-0.002));
#8486=CARTESIAN_POINT('',(0.167625,-0.014125,-0.002));
#8487=CARTESIAN_POINT('',(0.167625,-0.014125,0.));
#8488=CARTESIAN_POINT('',(0.167625,-0.014125,-0.002));
#8489=CARTESIAN_POINT('',(0.156125,0.030875,-0.002));
#8490=CARTESIAN_POINT('',(0.156125,0.030875,0.));
#8491=CARTESIAN_POINT('',(0.156125,0.030875,-0.002));
#8492=CARTESIAN_POINT('',(0.117375,-0.030875,-0.002));
#8493=CARTESIAN_POINT('',(0.117375,-0.030875,0.));
#8494=CARTESIAN_POINT('',(0.117375,-0.030875,-0.002));
#8495=CARTESIAN_POINT('',(0.105875,-0.00262500000000004,-0.002));
#8496=CARTESIAN_POINT('',(0.105875,-0.00262500000000004,0.));
#8497=CARTESIAN_POINT('',(0.105875,-0.00262500000000004,-0.002));
#8498=CARTESIAN_POINT('',(0.117375,0.00262499999999996,-0.002));
#8499=CARTESIAN_POINT('',(0.117375,0.00262499999999996,0.));
#8500=CARTESIAN_POINT('',(0.117375,0.00262499999999996,-0.002));
#8501=CARTESIAN_POINT('',(0.105875,0.030875,-0.002));
#8502=CARTESIAN_POINT('',(0.105875,0.030875,0.));
#8503=CARTESIAN_POINT('',(0.105875,0.030875,-0.002));
#8504=CARTESIAN_POINT('',(0.134125,-0.047625,-0.002));
#8505=CARTESIAN_POINT('',(0.134125,-0.047625,0.));
#8506=CARTESIAN_POINT('',(0.134125,-0.047625,-0.002));
#8507=CARTESIAN_POINT('',(0.122625,-0.019375,-0.002));
#8508=CARTESIAN_POINT('',(0.122625,-0.019375,0.));
#8509=CARTESIAN_POINT('',(0.122625,-0.019375,-0.002));
#8510=CARTESIAN_POINT('',(0.134125,-0.014125,-0.002));
#8511=CARTESIAN_POINT('',(0.134125,-0.014125,0.));
#8512=CARTESIAN_POINT('',(0.134125,-0.014125,-0.002));
#8513=CARTESIAN_POINT('',(0.122625,0.014125,-0.002));
#8514=CARTESIAN_POINT('',(0.122625,0.014125,0.));
#8515=CARTESIAN_POINT('',(0.122625,0.014125,-0.002));
#8516=CARTESIAN_POINT('',(0.156125,-0.019375,-0.002));
#8517=CARTESIAN_POINT('',(0.156125,-0.019375,0.));
#8518=CARTESIAN_POINT('',(0.156125,-0.019375,-0.002));
#8519=CARTESIAN_POINT('',(0.167625,-0.047625,-0.002));
#8520=CARTESIAN_POINT('',(0.167625,-0.047625,0.));
#8521=CARTESIAN_POINT('',(0.167625,-0.047625,-0.002));
#8522=CARTESIAN_POINT('',(0.139375,0.030875,-0.002));
#8523=CARTESIAN_POINT('',(0.139375,0.030875,0.));
#8524=CARTESIAN_POINT('',(0.139375,0.030875,-0.002));
#8525=CARTESIAN_POINT('',(0.150875,0.00262499999999996,-0.002));
#8526=CARTESIAN_POINT('',(0.150875,0.00262499999999996,0.));
#8527=CARTESIAN_POINT('',(0.150875,0.00262499999999996,-0.002));
#8528=CARTESIAN_POINT('',(0.134125,0.019375,-0.002));
#8529=CARTESIAN_POINT('',(0.134125,0.019375,0.));
#8530=CARTESIAN_POINT('',(0.134125,0.019375,-0.002));
#8531=CARTESIAN_POINT('',(0.139375,-0.036125,-0.002));
#8532=CARTESIAN_POINT('',(0.139375,-0.036125,0.));
#8533=CARTESIAN_POINT('',(0.139375,-0.036125,-0.002));
#8534=CARTESIAN_POINT('',(0.150875,-0.030875,-0.002));
#8535=CARTESIAN_POINT('',(0.150875,-0.030875,0.));
#8536=CARTESIAN_POINT('',(0.150875,-0.030875,-0.002));
#8537=CARTESIAN_POINT('',(0.139375,-0.00262500000000004,-0.002));
#8538=CARTESIAN_POINT('',(0.139375,-0.00262500000000004,0.));
#8539=CARTESIAN_POINT('',(0.139375,-0.00262500000000004,-0.002));
#8540=CARTESIAN_POINT('',(0.156125,0.036125,-0.002));
#8541=CARTESIAN_POINT('',(0.156125,0.036125,0.));
#8542=CARTESIAN_POINT('',(0.156125,0.036125,-0.002));
#8543=CARTESIAN_POINT('',(0.139375,0.047625,-0.002));
#8544=CARTESIAN_POINT('',(0.139375,0.047625,0.));
#8545=CARTESIAN_POINT('',(0.139375,0.047625,-0.002));
#8546=CARTESIAN_POINT('',(0.122625,0.036125,-0.002));
#8547=CARTESIAN_POINT('',(0.122625,0.036125,0.));
#8548=CARTESIAN_POINT('',(0.122625,0.036125,-0.002));
#8549=CARTESIAN_POINT('',(0.100625,-0.014125,-0.002));
#8550=CARTESIAN_POINT('',(0.100625,-0.014125,0.));
#8551=CARTESIAN_POINT('',(0.100625,-0.014125,-0.002));
#8552=CARTESIAN_POINT('',(0.089125,0.014125,-0.002));
#8553=CARTESIAN_POINT('',(0.089125,0.014125,0.));
#8554=CARTESIAN_POINT('',(0.089125,0.014125,-0.002));
#8555=CARTESIAN_POINT('',(0.100625,0.019375,-0.002));
#8556=CARTESIAN_POINT('',(0.100625,0.019375,0.));
#8557=CARTESIAN_POINT('',(0.100625,0.019375,-0.002));
#8558=CARTESIAN_POINT('',(0.105875,-0.036125,-0.002));
#8559=CARTESIAN_POINT('',(0.105875,-0.036125,0.));
#8560=CARTESIAN_POINT('',(0.105875,-0.036125,-0.002));
#8561=CARTESIAN_POINT('',(0.089125,-0.019375,-0.002));
#8562=CARTESIAN_POINT('',(0.089125,-0.019375,0.));
#8563=CARTESIAN_POINT('',(0.089125,-0.019375,-0.002));
#8564=CARTESIAN_POINT('',(0.100625,-0.047625,-0.002));
#8565=CARTESIAN_POINT('',(0.100625,-0.047625,0.));
#8566=CARTESIAN_POINT('',(0.100625,-0.047625,-0.002));
#8567=CARTESIAN_POINT('',(0.100625,0.036125,-0.002));
#8568=CARTESIAN_POINT('',(0.100625,0.036125,0.));
#8569=CARTESIAN_POINT('',(0.100625,0.036125,-0.002));
#8570=CARTESIAN_POINT('',(0.105875,0.047625,-0.002));
#8571=CARTESIAN_POINT('',(0.105875,0.047625,0.));
#8572=CARTESIAN_POINT('',(0.105875,0.047625,-0.002));
#8573=CARTESIAN_POINT('',(0.08375,1.38777878078145E-17,-0.002));
#8574=CARTESIAN_POINT('',(0.08375,1.38777878078145E-17,-0.002));
#8575=CARTESIAN_POINT('',(0.08375,0.052,-0.002));
#8576=CARTESIAN_POINT('',(0.08375,-0.052,-0.002));
#8577=CARTESIAN_POINT('',(0.08375,-0.052,0.));
#8578=CARTESIAN_POINT('',(0.08375,-0.052,0.));
#8579=CARTESIAN_POINT('',(0.08375,1.38777878078145E-17,0.));
#8580=CARTESIAN_POINT('',(0.08375,0.052,0.));
#8581=CARTESIAN_POINT('',(0.08375,0.052,-0.002));
#8582=CARTESIAN_POINT('',(0.,-6.93889390390723E-18,-0.002));
#8583=CARTESIAN_POINT('',(0.08475,-0.052,-0.002));
#8584=CARTESIAN_POINT('',(0.08475,0.052,-0.002));
#8585=CARTESIAN_POINT('',(0.1745,0.052,-0.002));
#8586=CARTESIAN_POINT('',(0.1745,-0.052,-0.002));
#8587=CARTESIAN_POINT('',(0.,-6.93889390390723E-18,0.));
#8588=CARTESIAN_POINT('',(0.08475,-0.052,0.));
#8589=CARTESIAN_POINT('',(0.1745,-0.052,0.));
#8590=CARTESIAN_POINT('',(0.1745,0.052,0.));
#8591=CARTESIAN_POINT('',(0.08475,0.052,0.));
#8592=CARTESIAN_POINT('',(0.08475,-0.052,-0.002));
#8593=CARTESIAN_POINT('',(0.1745,-0.052,-0.002));
#8594=CARTESIAN_POINT('',(0.1745,0.052,-0.002));
#8595=CARTESIAN_POINT('',(0.08475,0.052,-0.002));
#8596=MECHANICAL_DESIGN_GEOMETRIC_PRESENTATION_REPRESENTATION('',(#5101),
#8597);
#8597=(
GEOMETRIC_REPRESENTATION_CONTEXT(3)
GLOBAL_UNCERTAINTY_ASSIGNED_CONTEXT((#8598))
GLOBAL_UNIT_ASSIGNED_CONTEXT((#8601,#8600,#8599))
REPRESENTATION_CONTEXT('MacroMetalPlate','TOP_LEVEL_ASSEMBLY_PART')
);
#8598=UNCERTAINTY_MEASURE_WITH_UNIT(LENGTH_MEASURE(1.E-8),#8601,
'DISTANCE_ACCURACY_VALUE','Maximum Tolerance applied to model');
#8599=(
NAMED_UNIT(*)
SI_UNIT($,.STERADIAN.)
SOLID_ANGLE_UNIT()
);
#8600=(
NAMED_UNIT(*)
PLANE_ANGLE_UNIT()
SI_UNIT($,.RADIAN.)
);
#8601=(
LENGTH_UNIT()
NAMED_UNIT(*)
SI_UNIT($,.METRE.)
);
#8602=PRODUCT_DEFINITION_SHAPE('','',#8603);
#8603=PRODUCT_DEFINITION('','',#8605,#8604);
#8604=PRODUCT_DEFINITION_CONTEXT('',#8611,'design');
#8605=PRODUCT_DEFINITION_FORMATION_WITH_SPECIFIED_SOURCE('','',#8607,
 .NOT_KNOWN.);
#8606=PRODUCT_RELATED_PRODUCT_CATEGORY('','',(#8607));
#8607=PRODUCT('MacroMetalPlate','MacroMetalPlate','MacroMetalPlate',(#8609));
#8608=PRODUCT_CATEGORY('','');
#8609=PRODUCT_CONTEXT('',#8611,'mechanical');
#8610=APPLICATION_PROTOCOL_DEFINITION('international standard',
'ap242_managed_model_based_3d_engineering',2011,#8611);
#8611=APPLICATION_CONTEXT('managed model based 3d engineering');
ENDSEC;
END-ISO-10303-21;
